filename,file_size,file_attributes,region_count,region_id,region_shape_attributes,region_attributes
1.bmp,28311606,"{}",607,0,"{""name"":""polygon"",""all_points_x"":[558,567,559,551,550,572,574,582,589,602,602,597,590,582,578,576,563,540,555],""all_points_y"":[114,118,125,139,146,205,215,241,259,282,285,282,271,257,247,235,198,140,120]}","{}"
1.bmp,28311606,"{}",607,1,"{""name"":""polygon"",""all_points_x"":[679,675,673,673,673,678,702,720,735,743,766,778,793,801,804,801,788,777,765,747,729,719,708,691],""all_points_y"":[156,154,156,162,168,169,201,233,260,272,311,326,345,354,353,348,330,317,299,268,237,217,199,173]}","{}"
1.bmp,28311606,"{}",607,2,"{""name"":""polygon"",""all_points_x"":[626,619,607,596,585,574,572,574,583,588,592,595,602,615,620,624],""all_points_y"":[267,254,241,227,215,206,205,209,218,223,226,232,240,255,265,270]}","{}"
1.bmp,28311606,"{}",607,3,"{""name"":""polygon"",""all_points_x"":[726,721,724,731,741,747,759,770,781,790,800,801,798,795,788,780,767,757,748,739,730],""all_points_y"":[320,328,331,332,342,346,354,361,370,375,379,379,374,371,368,361,354,347,339,333,326]}","{}"
1.bmp,28311606,"{}",607,4,"{""name"":""polygon"",""all_points_x"":[590,588,597,609,621,628,638,655,667,679,692,703,711,724,733,735,724,713,697,678,669,656,653,633,621],""all_points_y"":[367,369,375,383,391,397,406,419,427,436,446,453,459,468,476,472,465,457,445,431,424,416,412,397,387]}","{}"
1.bmp,28311606,"{}",607,5,"{""name"":""polygon"",""all_points_x"":[582,582,596,611,631,648,663,674,683,697,698,686,670,650,637,618,602,588],""all_points_y"":[407,411,416,424,435,446,455,460,467,475,472,464,456,444,435,424,415,409]}","{}"
1.bmp,28311606,"{}",607,6,"{""name"":""polygon"",""all_points_x"":[418,416,429,448,471,492,524,535,552,575,591,606,615,615,594,571,547,533],""all_points_y"":[398,405,410,417,427,436,450,451,459,469,478,483,484,476,472,461,450,444]}","{}"
1.bmp,28311606,"{}",607,7,"{""name"":""polygon"",""all_points_x"":[436,438,442,449,455,465,468,490,503,508,508,497,486,474,465,458,451,442],""all_points_y"":[345,350,352,362,365,377,378,404,419,423,418,408,392,378,371,361,357,347]}","{}"
1.bmp,28311606,"{}",607,8,"{""name"":""polygon"",""all_points_x"":[580,580,586,601,626,636,652,660,664,680,688,687,680,665,659,639,632,584],""all_points_y"":[426,432,433,438,448,450,459,463,468,475,477,474,470,464,458,449,446,429]}","{}"
1.bmp,28311606,"{}",607,9,"{""name"":""polygon"",""all_points_x"":[676,674,666,658,657,651,645,637,628,598,593,596,606,622,636,648,660,667],""all_points_y"":[542,545,537,532,528,524,518,511,505,483,479,479,486,497,508,517,528,536]}","{}"
1.bmp,28311606,"{}",607,10,"{""name"":""polygon"",""all_points_x"":[443,448,445,441,435,431,428,423,416,418,428,434,436],""all_points_y"":[584,583,560,536,511,491,479,472,467,477,513,534,557]}","{}"
1.bmp,28311606,"{}",607,11,"{""name"":""polygon"",""all_points_x"":[678,679,705,725,755,761,758,744,726,703],""all_points_y"":[107,111,109,104,99,97,93,97,100,104]}","{}"
1.bmp,28311606,"{}",607,12,"{""name"":""polygon"",""all_points_x"":[781,781,792,817,836,861,882,893,909,924,935,942,946,930,920,894,883,856,835],""all_points_y"":[316,319,329,349,366,385,402,414,427,445,458,470,465,448,433,409,399,374,360]}","{}"
1.bmp,28311606,"{}",607,13,"{""name"":""polygon"",""all_points_x"":[701,699,724,740,753,767,773,776,766,748],""all_points_y"":[526,530,553,569,581,593,600,599,589,572]}","{}"
1.bmp,28311606,"{}",607,14,"{""name"":""polygon"",""all_points_x"":[508,508,520,535,553,582,597,615,634,648,660,665,669,656,653,625,605,588,586,559,536],""all_points_y"":[542,547,551,558,561,567,568,575,580,585,591,594,590,586,582,573,567,563,563,557,552]}","{}"
1.bmp,28311606,"{}",607,15,"{""name"":""polygon"",""all_points_x"":[644,642,656,677,689,707,726,739,746,724],""all_points_y"":[315,321,332,354,362,379,398,413,407,386]}","{}"
1.bmp,28311606,"{}",607,16,"{""name"":""polygon"",""all_points_x"":[623,625,636,646,670,718,750,773,778,812,835,846,831,800,775,744,706,670,642],""all_points_y"":[544,552,558,559,566,576,584,590,587,587,588,587,584,582,582,576,566,559,552]}","{}"
1.bmp,28311606,"{}",607,17,"{""name"":""polygon"",""all_points_x"":[578,578,589,609,627,653,678,716,728,741,762,773,782,766,734,719,681,663,646,626,614],""all_points_y"":[549,553,553,556,562,568,576,587,593,595,602,603,600,598,590,584,574,568,562,557,553]}","{}"
1.bmp,28311606,"{}",607,18,"{""name"":""polygon"",""all_points_x"":[536,534,551,568,577,583,590,599,606,614,625,633,644,646,632,619,605,592,584],""all_points_y"":[590,594,611,627,639,644,645,653,665,677,682,690,694,689,679,669,655,639,637]}","{}"
1.bmp,28311606,"{}",607,19,"{""name"":""polygon"",""all_points_x"":[539,540,555,573,591,607,611,638,654,667,682,691,692,686,681],""all_points_y"":[645,649,650,649,651,650,649,650,651,651,650,650,647,645,647]}","{}"
1.bmp,28311606,"{}",607,20,"{""name"":""polygon"",""all_points_x"":[632,629,647,658,666,667,661],""all_points_y"":[623,625,657,676,688,685,676]}","{}"
1.bmp,28311606,"{}",607,21,"{""name"":""polygon"",""all_points_x"":[611,608,622,634,642,643],""all_points_y"":[635,636,655,669,679,676]}","{}"
1.bmp,28311606,"{}",607,22,"{""name"":""polygon"",""all_points_x"":[503,508,506,492,492,475,473,470,473,476,489,491],""all_points_y"":[767,768,764,738,733,698,688,689,702,710,738,744]}","{}"
1.bmp,28311606,"{}",607,23,"{""name"":""polygon"",""all_points_x"":[544,547,543,550,562,576,580,578,568,560,552,545,540,540,541],""all_points_y"":[798,794,788,763,740,722,715,714,727,738,751,768,782,789,793]}","{}"
1.bmp,28311606,"{}",607,24,"{""name"":""polygon"",""all_points_x"":[454,453,450,452,460,480,492,500,515,537,565,588,609,635,639,620,603,571,551,526,504],""all_points_y"":[815,814,816,820,821,823,826,825,829,828,824,823,826,824,821,821,822,820,822,824,823]}","{}"
1.bmp,28311606,"{}",607,25,"{""name"":""polygon"",""all_points_x"":[610,613,618,623,631,640,636,629,621,614],""all_points_y"":[745,745,759,770,782,795,797,785,775,759]}","{}"
1.bmp,28311606,"{}",607,26,"{""name"":""polygon"",""all_points_x"":[897,901,897,896,896,897,899,899,897,895,893,892,893],""all_points_y"":[192,195,206,219,233,246,251,255,257,252,238,225,214]}","{}"
1.bmp,28311606,"{}",607,27,"{""name"":""polygon"",""all_points_x"":[880,879,894,904,915,917],""all_points_y"":[170,173,188,198,206,205]}","{}"
1.bmp,28311606,"{}",607,28,"{""name"":""polygon"",""all_points_x"":[980,985,987,989,996,999,998,995,993,987,983,981],""all_points_y"":[80,79,95,106,125,137,141,142,136,110,97,96]}","{}"
1.bmp,28311606,"{}",607,29,"{""name"":""polygon"",""all_points_x"":[821,817,823,832,836,841,847,850,856,859,870,881,892,903,916,927,937,951,967,976,983,987,989,987,977,967,937,912,869,863,862,851,846,840],""all_points_y"":[521,523,532,549,553,567,583,586,585,584,594,604,614,626,638,648,657,667,676,681,695,703,703,693,678,671,651,626,585,584,580,576,559,548]}","{}"
1.bmp,28311606,"{}",607,30,"{""name"":""polygon"",""all_points_x"":[749,749,755,756,765,775,788,798,806,808,812,807,797,768],""all_points_y"":[681,684,691,703,712,724,738,754,763,764,762,755,740,703]}","{}"
1.bmp,28311606,"{}",607,31,"{""name"":""polygon"",""all_points_x"":[731,730,737,753,770,784,806,806,772,757,745],""all_points_y"":[718,721,726,732,737,741,747,745,733,730,725]}","{}"
1.bmp,28311606,"{}",607,32,"{""name"":""polygon"",""all_points_x"":[784,782,792,804,817,828,836,839,824,804],""all_points_y"":[653,657,674,693,711,730,748,746,716,686]}","{}"
1.bmp,28311606,"{}",607,33,"{""name"":""polygon"",""all_points_x"":[734,733,739,744,756,773,789,804,826,837,852,862,861,853,829,807,806,788],""all_points_y"":[762,770,776,777,787,799,811,821,842,852,864,867,865,860,839,821,818,806]}","{}"
1.bmp,28311606,"{}",607,34,"{""name"":""polygon"",""all_points_x"":[691,694,697,699,699,699,697,697,699,700,711,711,706,704,696,696,693,694,697,697,695,695,692],""all_points_y"":[760,761,770,783,798,817,821,832,841,848,868,870,868,862,848,842,833,822,817,784,781,770,766]}","{}"
1.bmp,28311606,"{}",607,35,"{""name"":""polygon"",""all_points_x"":[590,590,590,595,615,632,637,653,657,667,682,700,723,738,747,747,722,700,671,664,657,650,641],""all_points_y"":[890,890,894,894,897,900,902,902,903,905,908,911,914,916,916,914,911,908,903,901,900,899,899]}","{}"
1.bmp,28311606,"{}",607,36,"{""name"":""polygon"",""all_points_x"":[581,580,575,567,568,570,570,578,582,584,580,578,573,574,571,570,573,578],""all_points_y"":[857,859,854,833,818,813,806,794,791,793,796,799,807,814,819,830,840,853]}","{}"
1.bmp,28311606,"{}",607,37,"{""name"":""polygon"",""all_points_x"":[676,684,692,703,717,733,749,764,781,796,811,822,826,824,799,770,757,733,711,699,694,679],""all_points_y"":[777,783,791,797,804,812,820,825,833,841,849,854,855,851,839,824,820,809,797,791,789,777]}","{}"
1.bmp,28311606,"{}",607,38,"{""name"":""polygon"",""all_points_x"":[723,733,741,750,758,767,772,777,778,769,759,749,742,732,725],""all_points_y"":[781,797,809,815,829,836,842,848,845,834,826,810,804,792,782]}","{}"
1.bmp,28311606,"{}",607,39,"{""name"":""polygon"",""all_points_x"":[738,735,737,745,761,774,787,792,809,820,830,835,843,857,867,871,872,856,836,832,791,785,749,743],""all_points_y"":[836,839,843,850,873,890,905,909,929,942,955,959,968,987,998,1002,999,979,953,951,901,894,850,840]}","{}"
1.bmp,28311606,"{}",607,40,"{""name"":""polygon"",""all_points_x"":[800,804,804,796,772,759,752,740,710,690,673,655,636,607,577,569,567,570,585,617,647,667,695,716,754],""all_points_y"":[974,976,980,977,981,982,985,985,985,987,990,993,996,997,997,993,991,989,990,990,987,984,981,980,977]}","{}"
1.bmp,28311606,"{}",607,41,"{""name"":""polygon"",""all_points_x"":[529,532,525,513,498,484,474,470,472],""all_points_y"":[925,926,937,952,971,989,1004,1001,998]}","{}"
1.bmp,28311606,"{}",607,42,"{""name"":""polygon"",""all_points_x"":[614,616,624,640,659,686,710,738,755,768,776,784,781,770,754,731,708,686,675,660,648],""all_points_y"":[1080,1084,1082,1075,1071,1068,1064,1058,1056,1053,1048,1038,1034,1047,1052,1053,1058,1063,1063,1066,1069]}","{}"
1.bmp,28311606,"{}",607,43,"{""name"":""polygon"",""all_points_x"":[569,564,569,577,589,596,604,613,620,628,636,642,645,643,638,618,611,596,584,575],""all_points_y"":[1029,1034,1040,1054,1069,1078,1108,1130,1146,1163,1179,1181,1178,1172,1166,1124,1104,1067,1052,1040]}","{}"
1.bmp,28311606,"{}",607,44,"{""name"":""polygon"",""all_points_x"":[697,705,715,723,726,721,714,706],""all_points_y"":[1054,1053,1075,1093,1102,1102,1086,1070]}","{}"
1.bmp,28311606,"{}",607,45,"{""name"":""polygon"",""all_points_x"":[624,623,629,640,653,665,687,707,729,743,762,763,761,753,733,709,684,660],""all_points_y"":[1186,1191,1190,1189,1186,1183,1180,1178,1174,1168,1163,1161,1158,1160,1166,1171,1175,1179]}","{}"
1.bmp,28311606,"{}",607,46,"{""name"":""polygon"",""all_points_x"":[535,536,546,564,580,595,601,615,628,641,646,644,636,612,597,583,570,552],""all_points_y"":[1242,1250,1246,1241,1242,1241,1240,1241,1239,1236,1233,1231,1234,1236,1236,1237,1236,1239]}","{}"
1.bmp,28311606,"{}",607,47,"{""name"":""polygon"",""all_points_x"":[598,600,608,624,635,645,640,626,612,602],""all_points_y"":[1295,1299,1297,1290,1284,1277,1277,1286,1291,1295]}","{}"
1.bmp,28311606,"{}",607,48,"{""name"":""polygon"",""all_points_x"":[657,661,674,699,712,733,747,764,783,792,802,811,823,832,832,823,811,795,777,752,742,710,685,667],""all_points_y"":[1259,1264,1259,1252,1247,1237,1233,1224,1216,1211,1206,1201,1195,1191,1188,1190,1198,1205,1213,1224,1231,1243,1253,1257]}","{}"
1.bmp,28311606,"{}",607,49,"{""name"":""polygon"",""all_points_x"":[814,813,805,807,819,829,859,877,892,907,925,945,962,964,962,944,920,896,884,866,841,827],""all_points_y"":[1248,1254,1258,1264,1260,1259,1261,1261,1262,1260,1259,1258,1258,1254,1252,1252,1254,1254,1255,1254,1253,1252]}","{}"
1.bmp,28311606,"{}",607,50,"{""name"":""polygon"",""all_points_x"":[667,665,672,687,704,721,741,752,770,790,801,821,834,846,869,889,901,911,911,900,889,867,839,822,784,765,761,736],""all_points_y"":[1310,1314,1315,1315,1315,1315,1315,1313,1316,1318,1318,1317,1318,1320,1320,1319,1318,1321,1318,1315,1313,1315,1315,1313,1313,1311,1310,1310]}","{}"
1.bmp,28311606,"{}",607,51,"{""name"":""polygon"",""all_points_x"":[664,663,667,678,706,731,759,786,813,836,858,874,888,897,897,886,855,826,800,781,755],""all_points_y"":[1343,1347,1354,1352,1355,1358,1361,1362,1366,1368,1370,1369,1369,1367,1362,1362,1364,1360,1357,1355,1353]}","{}"
1.bmp,28311606,"{}",607,52,"{""name"":""polygon"",""all_points_x"":[524,525,541,553,567,588,605,623,643,660,672,696,701,714,728,741,741,737,725,707,693,663,642,606,584],""all_points_y"":[1340,1343,1344,1344,1344,1346,1347,1348,1348,1349,1348,1348,1346,1344,1341,1336,1333,1334,1338,1341,1344,1346,1344,1342,1341]}","{}"
1.bmp,28311606,"{}",607,53,"{""name"":""polygon"",""all_points_x"":[483,481,482,489,499,519,537,559,574,587,611,622,634,649,660,666,663,646,629,607,586,573,568,560,541,521,504],""all_points_y"":[1384,1388,1389,1391,1391,1389,1386,1381,1375,1372,1368,1365,1363,1359,1356,1353,1349,1354,1358,1363,1367,1371,1374,1377,1380,1384,1385]}","{}"
1.bmp,28311606,"{}",607,54,"{""name"":""polygon"",""all_points_x"":[500,503,505,508,514,529,537,545,558,567,576,583,594,601,611,615,621,617,607,596,586,579,575,565,553,551,540,538,532,520,511,509],""all_points_y"":[1439,1445,1447,1442,1433,1421,1412,1399,1387,1371,1361,1349,1335,1327,1317,1311,1301,1301,1314,1325,1337,1346,1355,1367,1381,1386,1398,1403,1410,1421,1429,1433]}","{}"
1.bmp,28311606,"{}",607,55,"{""name"":""polygon"",""all_points_x"":[473,472,478,483,503,519,532,545,557,573,582,600,615,627,645,661,674,686,702,700,680,662,629,597,577,549,529,524,514],""all_points_y"":[1372,1376,1379,1383,1395,1405,1411,1418,1425,1432,1439,1450,1457,1465,1475,1484,1490,1494,1497,1494,1490,1480,1461,1442,1431,1415,1404,1403,1397]}","{}"
1.bmp,28311606,"{}",607,56,"{""name"":""polygon"",""all_points_x"":[679,679,682,690,712,739,764,787,809,835,835,848,866,876,886,901,916,922,923,918,903,882,868,848,837,831,809,781,752,746],""all_points_y"":[1470,1476,1477,1475,1474,1473,1469,1468,1467,1465,1463,1461,1460,1459,1460,1460,1460,1458,1453,1454,1456,1455,1454,1457,1458,1460,1461,1463,1465,1467]}","{}"
1.bmp,28311606,"{}",607,57,"{""name"":""polygon"",""all_points_x"":[774,777,790,821,835,850,868,882,894,901,910,919,919,901,890,876,858,837,824,802,792],""all_points_y"":[1459,1462,1458,1443,1436,1427,1418,1411,1405,1403,1399,1397,1394,1399,1403,1411,1419,1430,1437,1448,1453]}","{}"
1.bmp,28311606,"{}",607,58,"{""name"":""polygon"",""all_points_x"":[908,909,894,874,857,840,837,841,855,874,883],""all_points_y"":[1390,1392,1399,1409,1419,1428,1429,1425,1417,1407,1402]}","{}"
1.bmp,28311606,"{}",607,59,"{""name"":""polygon"",""all_points_x"":[846,843,844,851,865,874,887,897,904,913,921,916,904,887],""all_points_y"":[1431,1433,1434,1431,1425,1421,1417,1412,1411,1408,1407,1405,1408,1412]}","{}"
1.bmp,28311606,"{}",607,60,"{""name"":""polygon"",""all_points_x"":[718,723,734,746,772,791,794,812,823,831,840,852,860,866,877,891,892,886,873,863,860,838,828,822,807,782,770,750,737],""all_points_y"":[1481,1489,1492,1493,1495,1496,1492,1493,1494,1493,1491,1492,1490,1489,1486,1485,1484,1483,1484,1486,1488,1488,1488,1491,1489,1487,1487,1486,1485]}","{}"
1.bmp,28311606,"{}",607,61,"{""name"":""polygon"",""all_points_x"":[582,587,592,601,612,617,625,627,621,616,605,598,588],""all_points_y"":[1424,1424,1432,1443,1459,1467,1479,1485,1484,1478,1462,1449,1434]}","{}"
1.bmp,28311606,"{}",607,62,"{""name"":""polygon"",""all_points_x"":[544,544,546,553,557,571,586,601,615,624,629,643,654,665,699,705,711,707,703,689,661,647,634,620,603,587,578,559,549],""all_points_y"":[1672,1678,1680,1675,1670,1656,1641,1627,1611,1602,1596,1581,1570,1556,1517,1515,1507,1506,1509,1522,1555,1571,1584,1599,1616,1631,1642,1660,1670]}","{}"
1.bmp,28311606,"{}",607,63,"{""name"":""polygon"",""all_points_x"":[622,623,630,640,649,679,705,731,749,764,782,789,800,812,821,832,840,848,843,837,832,820,806,788,747,729,687,672,667],""all_points_y"":[1540,1543,1545,1545,1542,1536,1528,1523,1519,1516,1511,1508,1509,1507,1503,1501,1497,1496,1493,1494,1498,1501,1504,1506,1514,1519,1528,1531,1534]}","{}"
1.bmp,28311606,"{}",607,64,"{""name"":""polygon"",""all_points_x"":[903,902,895,882,859,843,832,819,794,750,721,693,676,663,652,645,646,666,689,720,743,773,790,798,816,831,840,851],""all_points_y"":[1527,1530,1531,1531,1534,1540,1540,1539,1540,1541,1540,1540,1540,1539,1542,1534,1532,1535,1535,1536,1536,1535,1536,1535,1536,1536,1534,1530]}","{}"
1.bmp,28311606,"{}",607,65,"{""name"":""polygon"",""all_points_x"":[701,698,687,673,662,659,664,677,687,700,713,723,733,743,747,736,726,710,704,692,688,683,676,669,664,668,676,681,689],""all_points_y"":[1638,1641,1624,1602,1588,1578,1572,1567,1560,1560,1556,1553,1551,1550,1553,1555,1557,1562,1563,1563,1565,1569,1573,1574,1578,1586,1596,1605,1620]}","{}"
1.bmp,28311606,"{}",607,66,"{""name"":""polygon"",""all_points_x"":[852,851,853,859,871,882,896,901,909,917,921,932,944,951,956,966,966,955,947,941,927,919,910,901,883],""all_points_y"":[1506,1511,1513,1513,1515,1518,1519,1519,1523,1529,1530,1534,1537,1541,1545,1545,1542,1541,1533,1530,1528,1525,1519,1513,1512]}","{}"
1.bmp,28311606,"{}",607,67,"{""name"":""polygon"",""all_points_x"":[886,883,882,889,895,904,913,918,924,931,936,936,925,918,909,900,894],""all_points_y"":[1473,1474,1477,1479,1488,1498,1506,1517,1524,1528,1528,1524,1517,1505,1493,1484,1477]}","{}"
1.bmp,28311606,"{}",607,68,"{""name"":""polygon"",""all_points_x"":[851,856,861,871,882,887,898,906,909,906,895,881,872,865],""all_points_y"":[1543,1545,1540,1535,1524,1520,1510,1506,1502,1501,1508,1520,1527,1532]}","{}"
1.bmp,28311606,"{}",607,69,"{""name"":""polygon"",""all_points_x"":[775,779,788,799,815,828,859,871,874,872,856,838,814],""all_points_y"":[1552,1556,1552,1549,1544,1541,1529,1526,1526,1522,1527,1534,1541]}","{}"
1.bmp,28311606,"{}",607,70,"{""name"":""polygon"",""all_points_x"":[837,834,840,848,858,866,873,884,888,891,896,898,893,889],""all_points_y"":[1468,1471,1477,1485,1494,1503,1511,1521,1527,1537,1551,1553,1535,1523]}","{}"
1.bmp,28311606,"{}",607,71,"{""name"":""polygon"",""all_points_x"":[766,763,772,785,808,831,854,874,886,891,886,878,852,838,826,799,780,773],""all_points_y"":[1476,1480,1480,1477,1476,1474,1471,1466,1462,1460,1460,1461,1467,1467,1470,1472,1475,1476]}","{}"
1.bmp,28311606,"{}",607,72,"{""name"":""polygon"",""all_points_x"":[558,555,557,561,565,575,586,602,624,637,652,671,690,704,709,721,735,749,769,783,797,807,822,829,834,836,830,818,809,797,789,779,764,744,728,715,704,698,689,651,608,581],""all_points_y"":[1690,1693,1696,1695,1695,1693,1692,1689,1684,1681,1677,1673,1669,1667,1664,1660,1657,1653,1646,1641,1636,1631,1624,1624,1621,1616,1617,1622,1627,1632,1635,1638,1643,1649,1654,1656,1661,1664,1665,1673,1682,1687]}","{}"
1.bmp,28311606,"{}",607,73,"{""name"":""polygon"",""all_points_x"":[630,629,633,643,662,680,704,725,744,758,771,782,788,801,815,825,823,809,792,777,767,754,740,721,701,682,673],""all_points_y"":[1683,1686,1688,1685,1681,1679,1674,1668,1663,1657,1652,1651,1647,1643,1636,1632,1630,1634,1642,1647,1649,1655,1660,1666,1670,1672,1673]}","{}"
1.bmp,28311606,"{}",607,74,"{""name"":""polygon"",""all_points_x"":[629,629,628,633,641,644,658,678,687,701,711,739,757,772,787,801,818,837,854,864,869,853,831,806,783,755,736],""all_points_y"":[1688,1687,1691,1694,1691,1689,1687,1685,1681,1680,1675,1669,1666,1663,1658,1655,1652,1649,1647,1640,1637,1642,1646,1650,1655,1661,1665]}","{}"
1.bmp,28311606,"{}",607,75,"{""name"":""polygon"",""all_points_x"":[604,603,606,611,627,641,654,678,696,709,718,728,743,757,767,780,794,809,823,823,794,764,743,730,720,714,702,675,652,628,614,607],""all_points_y"":[1702,1706,1709,1707,1705,1702,1700,1696,1692,1688,1684,1679,1676,1669,1667,1663,1660,1660,1660,1654,1657,1664,1670,1674,1677,1681,1685,1691,1696,1700,1703,1703]}","{}"
1.bmp,28311606,"{}",607,76,"{""name"":""polygon"",""all_points_x"":[714,718,722,728,735,739,736,730],""all_points_y"":[1542,1541,1548,1561,1572,1582,1582,1574]}","{}"
1.bmp,28311606,"{}",607,77,"{""name"":""polygon"",""all_points_x"":[726,731,735,741,747,752,753,747,745,741],""all_points_y"":[1549,1549,1560,1571,1586,1597,1601,1600,1592,1582]}","{}"
1.bmp,28311606,"{}",607,78,"{""name"":""polygon"",""all_points_x"":[661,656,661,668,678,685,703,728,747,760,771,790,805,809,821,831,846,853,865,878,874,857,839,826,823,806,779,765,763,754,731,711,683,670],""all_points_y"":[1731,1735,1739,1742,1744,1744,1746,1748,1750,1750,1753,1755,1757,1754,1754,1752,1751,1751,1750,1749,1745,1747,1748,1749,1750,1751,1750,1747,1746,1746,1744,1742,1739,1735]}","{}"
1.bmp,28311606,"{}",607,79,"{""name"":""polygon"",""all_points_x"":[691,688,692,703,726,758,784,799,811,827,839,856,868,884,895,908,921,930,930,918,890,868,858,848,827,790,778,767,728,708,697],""all_points_y"":[1719,1722,1727,1726,1728,1732,1733,1733,1734,1735,1737,1737,1740,1741,1742,1743,1744,1743,1741,1740,1738,1735,1733,1734,1732,1728,1728,1728,1723,1722,1721]}","{}"
1.bmp,28311606,"{}",607,80,"{""name"":""polygon"",""all_points_x"":[825,822,824,837,855,878,890,906,920,931,947,961,970,977,977,963,941,922,899,878,862,846,833],""all_points_y"":[1669,1675,1678,1684,1693,1705,1711,1718,1726,1732,1740,1745,1749,1753,1749,1743,1732,1721,1710,1700,1691,1682,1675]}","{}"
1.bmp,28311606,"{}",607,81,"{""name"":""polygon"",""all_points_x"":[788,792,802,817,833,847,860,872,882,894,903,915,921,937,944,956,961,962,949,936,921,908,898,893,873,858,856,843,827,815,800,792],""all_points_y"":[1704,1705,1703,1704,1705,1707,1708,1711,1711,1710,1707,1707,1705,1709,1711,1713,1714,1711,1709,1705,1703,1704,1705,1707,1707,1704,1703,1703,1699,1699,1698,1699]}","{}"
1.bmp,28311606,"{}",607,82,"{""name"":""polygon"",""all_points_x"":[830,834,840,850,868,888,901,915,930,944,960,979,995,1010,1020,1030,1027,1016,994,980,968,956,940,921,907,884,871,859,846,837],""all_points_y"":[1732,1732,1724,1718,1712,1707,1704,1700,1696,1694,1692,1691,1690,1690,1688,1686,1681,1685,1687,1686,1687,1687,1690,1694,1698,1702,1706,1710,1714,1719]}","{}"
1.bmp,28311606,"{}",607,83,"{""name"":""polygon"",""all_points_x"":[836,830,829,833,842,851,864,877,892,911,931,948,967,979,992,1007,1016,1023,1021,1006,987,975,951,909,896,870,852,845,840],""all_points_y"":[1782,1786,1792,1797,1799,1803,1800,1798,1798,1801,1803,1807,1809,1810,1811,1812,1813,1809,1807,1807,1803,1803,1800,1794,1793,1789,1786,1785,1785]}","{}"
1.bmp,28311606,"{}",607,84,"{""name"":""polygon"",""all_points_x"":[716,715,724,735,753,766,784,803,817,834,846,862,900,896,849,837,818,810,780,766],""all_points_y"":[1811,1815,1817,1817,1819,1822,1823,1825,1825,1828,1829,1830,1826,1822,1824,1825,1822,1821,1819,1818]}","{}"
1.bmp,28311606,"{}",607,85,"{""name"":""polygon"",""all_points_x"":[711,706,711,720,728,739,751,764,777,790,804,820,830,824,805,787,777,762,740,723],""all_points_y"":[1826,1827,1829,1829,1828,1829,1828,1830,1831,1831,1829,1829,1828,1825,1825,1826,1826,1824,1825,1825]}","{}"
1.bmp,28311606,"{}",607,86,"{""name"":""polygon"",""all_points_x"":[552,547,546,551,561,568,578,584,587,592,586,582,571,564,558],""all_points_y"":[1785,1788,1789,1795,1807,1818,1837,1848,1851,1850,1841,1831,1813,1800,1791]}","{}"
1.bmp,28311606,"{}",607,87,"{""name"":""polygon"",""all_points_x"":[568,567,568,570,577,589,600,615,623,630,644,656,669,680,690,702,710,721,730,739,736,728,708,688,664,646,621,611,591,571],""all_points_y"":[1900,1902,1905,1905,1902,1897,1893,1888,1887,1883,1881,1877,1872,1867,1865,1862,1859,1857,1855,1853,1848,1850,1855,1860,1869,1875,1882,1884,1892,1901]}","{}"
1.bmp,28311606,"{}",607,88,"{""name"":""polygon"",""all_points_x"":[539,541,530,518,512,500,496,486,483,483,486,491,495,510,514,519,524,531,535],""all_points_y"":[1931,1928,1905,1875,1856,1827,1816,1801,1795,1798,1808,1815,1825,1861,1872,1887,1899,1914,1922]}","{}"
1.bmp,28311606,"{}",607,89,"{""name"":""polygon"",""all_points_x"":[499,503,505,510,514,519,524,529,531,531,529,528,525,521,516,511,507,503,500,499],""all_points_y"":[1823,1824,1814,1798,1783,1770,1755,1736,1713,1702,1702,1706,1727,1749,1761,1777,1792,1807,1814,1820]}","{}"
1.bmp,28311606,"{}",607,90,"{""name"":""polygon"",""all_points_x"":[618,615,621,635,650,671,690,701,718,736,749,754,763,781,795,805,817,828,838,854,866,873,874,866,843,828,798,773,754,753,730,696,648,634,623],""all_points_y"":[1854,1859,1860,1863,1866,1871,1876,1877,1881,1886,1889,1892,1894,1899,1902,1905,1907,1909,1912,1916,1920,1922,1918,1916,1910,1905,1899,1893,1888,1885,1880,1872,1860,1858,1857]}","{}"
1.bmp,28311606,"{}",607,91,"{""name"":""polygon"",""all_points_x"":[697,700,711,727,742,763,779,794,812,829,837,844,853,863,871,877,875,869,860,830,815,815],""all_points_y"":[1878,1886,1889,1892,1896,1901,1906,1909,1915,1921,1923,1924,1928,1931,1932,1933,1928,1928,1926,1917,1913,1911]}","{}"
1.bmp,28311606,"{}",607,92,"{""name"":""polygon"",""all_points_x"":[717,714,715,718,722,734,753,776,798,813,836,852,868,880,893,903,906,913,929,943,954,953,936,922,905,901,874,848,815,795,771,744,721],""all_points_y"":[1866,1868,1872,1873,1872,1874,1875,1877,1879,1878,1879,1880,1882,1883,1884,1886,1889,1888,1889,1892,1893,1891,1888,1886,1883,1882,1879,1877,1875,1874,1873,1870,1867]}","{}"
1.bmp,28311606,"{}",607,93,"{""name"":""polygon"",""all_points_x"":[725,724,726,728,735,740,752,768,777,792,809,820,832,853,874,886,892,908,919,921,912,894,880,866,840,825,815,800,776,774,754,739,733],""all_points_y"":[1928,1930,1932,1931,1928,1923,1919,1913,1909,1902,1893,1889,1887,1884,1879,1875,1872,1870,1868,1864,1866,1868,1873,1877,1882,1884,1887,1892,1904,1906,1912,1920,1925]}","{}"
1.bmp,28311606,"{}",607,94,"{""name"":""polygon"",""all_points_x"":[793,792,803,812,830,844,856,869,882,879,856,835,821],""all_points_y"":[1893,1896,1898,1900,1903,1903,1905,1908,1908,1903,1901,1898,1898]}","{}"
1.bmp,28311606,"{}",607,95,"{""name"":""polygon"",""all_points_x"":[806,805,812,827,852,874,897,915,930,951,970,993,1008,1025,1033,1023,997,975,940,917,895,884,848,816,809],""all_points_y"":[1993,1997,1999,1998,1999,1998,1994,1994,1994,1995,1993,1994,1995,1992,1989,1989,1990,1990,1990,1990,1990,1993,1994,1994,1994]}","{}"
1.bmp,28311606,"{}",607,96,"{""name"":""polygon"",""all_points_x"":[771,768,769,775,779,789,793,800,810,825,839,849,854,857,866,879,876,864,854,843,829,819,806,800,793,787,781,775],""all_points_y"":[2037,2042,2043,2044,2041,2034,2031,2025,2017,2009,1999,1990,1988,1984,1978,1971,1969,1975,1982,1989,2000,2006,2014,2017,2024,2030,2034,2037]}","{}"
1.bmp,28311606,"{}",607,97,"{""name"":""polygon"",""all_points_x"":[615,613,618,627,639,652,665,681,696,709,728,754,769,801,801,781,756,726,711,696,669,655,643],""all_points_y"":[2012,2017,2018,2018,2021,2022,2023,2025,2028,2028,2029,2030,2030,2031,2028,2027,2026,2025,2023,2023,2020,2019,2017]}","{}"
1.bmp,28311606,"{}",607,98,"{""name"":""polygon"",""all_points_x"":[808,807,814,824,841,848,869,882,899,923,934,944,960,971,974,966,949,935,920,892,875,861,841,821],""all_points_y"":[2027,2033,2034,2034,2029,2026,2016,2010,2005,1998,1996,1988,1980,1976,1972,1974,1981,1988,1995,2003,2009,2016,2023,2027]}","{}"
1.bmp,28311606,"{}",607,99,"{""name"":""polygon"",""all_points_x"":[668,665,668,681,703,715,723,727,733,738,745,758,771,783,791,797,807,818,827,833,840,849,861,860,847,825,799,775,750,742,736,729,725,719],""all_points_y"":[2039,2043,2044,2043,2043,2043,2045,2047,2050,2051,2048,2047,2047,2046,2048,2048,2048,2049,2052,2050,2051,2049,2047,2043,2045,2047,2044,2043,2044,2044,2046,2044,2040,2039]}","{}"
1.bmp,28311606,"{}",607,100,"{""name"":""polygon"",""all_points_x"":[732,729,730,731,738,747,760,767,774,781,791,798,805,801,791,772,761,743,735],""all_points_y"":[2069,2073,2075,2075,2070,2064,2060,2054,2050,2047,2041,2037,2034,2032,2037,2048,2054,2063,2068]}","{}"
1.bmp,28311606,"{}",607,101,"{""name"":""polygon"",""all_points_x"":[861,864,858,847,828,816,800,791,787,792,797,808,819,841],""all_points_y"":[2054,2057,2059,2062,2067,2069,2075,2076,2076,2068,2070,2069,2066,2061]}","{}"
1.bmp,28311606,"{}",607,102,"{""name"":""polygon"",""all_points_x"":[994,979,962,941,933,934,941,950,955,967,982,996,1003,1007],""all_points_y"":[1995,1999,2002,2008,2009,2015,2018,2019,2014,2009,2006,2001,1998,1995]}","{}"
1.bmp,28311606,"{}",607,103,"{""name"":""polygon"",""all_points_x"":[960,961,971,988,996,1011,1019,1024,1017,999],""all_points_y"":[2032,2035,2034,2029,2027,2025,2027,2022,2021,2024]}","{}"
1.bmp,28311606,"{}",607,104,"{""name"":""polygon"",""all_points_x"":[741,732,728,731,739,750,763,778,793,807,819,825,829,830,825,819,810,791,773,759],""all_points_y"":[2114,2118,2122,2126,2122,2118,2118,2113,2109,2105,2101,2095,2087,2080,2088,2096,2100,2105,2110,2113]}","{}"
1.bmp,28311606,"{}",607,105,"{""name"":""polygon"",""all_points_x"":[742,729,729,734,744,759,774,793,812,829,846,860,880,891,906,913,917,914,901,891,869,831,804,782,756,749,746],""all_points_y"":[2216,2220,2223,2227,2226,2225,2219,2217,2213,2213,2210,2208,2207,2206,2204,2206,2201,2199,2197,2198,2201,2205,2208,2212,2215,2217,2217]}","{}"
1.bmp,28311606,"{}",607,106,"{""name"":""polygon"",""all_points_x"":[821,807,798,790,787,790,805,820,838,851,864,880,892,901,912,926,934,945,950,949,934,915,905,898,882],""all_points_y"":[2174,2177,2180,2182,2186,2187,2180,2178,2176,2174,2171,2169,2167,2165,2165,2164,2163,2163,2162,2160,2161,2162,2162,2162,2166]}","{}"
1.bmp,28311606,"{}",607,107,"{""name"":""polygon"",""all_points_x"":[599,595,594,595,605,613,624,636,646,654,665,673,677,674,662,653,637,628,617],""all_points_y"":[2259,2260,2261,2263,2262,2262,2262,2264,2264,2266,2268,2268,2268,2264,2263,2263,2261,2261,2260]}","{}"
1.bmp,28311606,"{}",607,108,"{""name"":""polygon"",""all_points_x"":[943,933,917,899,887,880,867,856,852,854,860,871,882,894,910,922,932,941,947,956,954],""all_points_y"":[2208,2212,2216,2220,2222,2223,2228,2232,2236,2238,2237,2233,2229,2227,2223,2221,2217,2215,2210,2209,2206]}","{}"
1.bmp,28311606,"{}",607,109,"{""name"":""polygon"",""all_points_x"":[1023,1025,1021,1013,1004,985,974,962,955,947,937,934,942,958,970,994,1004,1010],""all_points_y"":[2206,2208,2210,2216,2220,2228,2233,2240,2246,2249,2254,2250,2246,2237,2232,2220,2216,2214]}","{}"
1.bmp,28311606,"{}",607,110,"{""name"":""polygon"",""all_points_x"":[951,954,949,941,930,924,922,914,901,895,893,899,920,922,929,943,947],""all_points_y"":[2148,2149,2154,2158,2168,2173,2178,2186,2196,2199,2198,2193,2175,2171,2165,2153,2150]}","{}"
1.bmp,28311606,"{}",607,111,"{""name"":""polygon"",""all_points_x"":[900,901,895,886,875,864,852,845,843,847,860,872,885],""all_points_y"":[2144,2146,2150,2152,2157,2162,2165,2168,2165,2162,2159,2155,2149]}","{}"
1.bmp,28311606,"{}",607,112,"{""name"":""polygon"",""all_points_x"":[813,809,810,816,825,840,853,869,884,897,911,919,918,902,892,875,844,834,826,820,815],""all_points_y"":[2123,2126,2128,2126,2119,2109,2101,2092,2083,2074,2065,2062,2060,2067,2074,2085,2103,2109,2116,2119,2122]}","{}"
1.bmp,28311606,"{}",607,113,"{""name"":""polygon"",""all_points_x"":[846,850,848,850,851,850,851,850,849,844,848,847,848,847,846],""all_points_y"":[2259,2258,2267,2274,2287,2297,2314,2324,2330,2330,2318,2304,2284,2274,2268]}","{}"
1.bmp,28311606,"{}",607,114,"{""name"":""polygon"",""all_points_x"":[828,824,825,831,840,852,860,876,884,893,895,882,864,853,844,835,832],""all_points_y"":[2275,2278,2280,2279,2278,2276,2274,2272,2270,2270,2266,2268,2271,2272,2274,2275,2276]}","{}"
1.bmp,28311606,"{}",607,115,"{""name"":""polygon"",""all_points_x"":[835,825,825,831,841,863,879,894,913,937,953,967,980,979,962,945,913,887,869,863],""all_points_y"":[2329,2331,2334,2336,2334,2336,2339,2342,2344,2347,2346,2347,2349,2345,2343,2342,2338,2336,2334,2332]}","{}"
1.bmp,28311606,"{}",607,116,"{""name"":""polygon"",""all_points_x"":[741,729,713,701,684,670,658,648,640,634,635,640,650,664,676,688,700,715,734,743],""all_points_y"":[2382,2387,2393,2399,2407,2415,2420,2426,2430,2432,2435,2434,2428,2421,2417,2409,2403,2396,2387,2384]}","{}"
1.bmp,28311606,"{}",607,117,"{""name"":""polygon"",""all_points_x"":[909,914,911,904,892,882,875,868,863,856,842,829,825,824,833,846,855,868,880,900,908],""all_points_y"":[2422,2423,2427,2430,2436,2440,2445,2448,2451,2451,2456,2461,2461,2457,2453,2449,2447,2442,2436,2428,2424]}","{}"
1.bmp,28311606,"{}",607,118,"{""name"":""polygon"",""all_points_x"":[540,537,538,544,556,572,590,603,625,638,649,667,685,700,711,720,720,710,696,684,657,630,592,572],""all_points_y"":[2494,2495,2498,2498,2499,2501,2501,2501,2501,2502,2502,2502,2501,2501,2499,2497,2494,2497,2499,2499,2498,2497,2498,2497]}","{}"
1.bmp,28311606,"{}",607,119,"{""name"":""polygon"",""all_points_x"":[580,576,577,581,595,605,618,637,654,668,683,689,689,683,664,649,622,613,601,590,585],""all_points_y"":[2554,2556,2558,2559,2558,2555,2549,2543,2539,2535,2531,2531,2526,2528,2532,2536,2542,2547,2551,2554,2555]}","{}"
1.bmp,28311606,"{}",607,120,"{""name"":""polygon"",""all_points_x"":[889,872,849,820,791,749,735,735,737,748,760,784,806,828,846,856,871,882,893],""all_points_y"":[2535,2545,2554,2562,2573,2587,2592,2595,2597,2596,2591,2583,2574,2569,2561,2559,2553,2544,2538]}","{}"
1.bmp,28311606,"{}",607,121,"{""name"":""polygon"",""all_points_x"":[1018,997,980,963,946,931,922,908,888,876,877,884,894,907,922,937,952,970,985,998,1010,1018],""all_points_y"":[2536,2537,2538,2540,2545,2545,2545,2548,2549,2550,2551,2553,2555,2554,2551,2551,2548,2545,2542,2542,2542,2540]}","{}"
1.bmp,28311606,"{}",607,122,"{""name"":""polygon"",""all_points_x"":[495,500,501,504,506,509,511,513,516,520,520,515,513,510,503,502],""all_points_y"":[2354,2352,2371,2393,2409,2431,2447,2464,2483,2498,2522,2517,2495,2469,2414,2400]}","{}"
1.bmp,28311606,"{}",607,123,"{""name"":""polygon"",""all_points_x"":[437,441,436,432,430,427,431],""all_points_y"":[2238,2238,2252,2269,2282,2274,2257]}","{}"
1.bmp,28311606,"{}",607,124,"{""name"":""polygon"",""all_points_x"":[491,494,496,496,494,496,492,490,492],""all_points_y"":[2124,2125,2139,2154,2173,2183,2183,2169,2158]}","{}"
1.bmp,28311606,"{}",607,125,"{""name"":""polygon"",""all_points_x"":[497,499,502,502,503,505,501,499,499,498],""all_points_y"":[2140,2141,2146,2158,2172,2181,2181,2167,2159,2155]}","{}"
1.bmp,28311606,"{}",607,126,"{""name"":""polygon"",""all_points_x"":[475,480,482,490,493,491,484,479,478],""all_points_y"":[2053,2052,2062,2090,2100,2103,2083,2069,2061]}","{}"
1.bmp,28311606,"{}",607,127,"{""name"":""polygon"",""all_points_x"":[424,422,427,435,440,446,451,451,442,435],""all_points_y"":[1149,1153,1159,1169,1177,1184,1189,1185,1170,1160]}","{}"
1.bmp,28311606,"{}",607,128,"{""name"":""polygon"",""all_points_x"":[410,406,411,418,427,434,438,444,440,430,424,417],""all_points_y"":[911,915,920,932,944,954,962,964,956,942,930,921]}","{}"
1.bmp,28311606,"{}",607,129,"{""name"":""polygon"",""all_points_x"":[431,429,432,437,442,447,449,454,459,464,456,445,442,436],""all_points_y"":[955,957,962,969,976,984,989,994,1001,1003,991,975,969,962]}","{}"
1.bmp,28311606,"{}",607,130,"{""name"":""polygon"",""all_points_x"":[418,422,426,431,436,441,442,436,431,426],""all_points_y"":[730,732,749,761,777,799,807,798,775,757]}","{}"
1.bmp,28311606,"{}",607,131,"{""name"":""polygon"",""all_points_x"":[428,435,436,436,435,436,435,435,436,437,436,433,431,431,432,432,430,427,426,426,426,430,433,431,430,430],""all_points_y"":[258,260,273,289,305,315,324,334,348,367,384,395,401,421,434,447,461,461,450,419,397,386,362,333,311,292]}","{}"
1.bmp,28311606,"{}",607,132,"{""name"":""polygon"",""all_points_x"":[439,442,442,438,434,430,425,419,412,408,408,404,403,406,414,422,431,438],""all_points_y"":[323,324,334,339,354,362,378,391,410,423,438,445,436,418,394,372,349,333]}","{}"
1.bmp,28311606,"{}",607,133,"{""name"":""polygon"",""all_points_x"":[418,422,418,415,412,408,408,405,399,399,399,392,394,401,404,398,389,386,393,394,402,402,406,410,414],""all_points_y"":[408,409,420,437,456,466,490,507,517,531,548,560,573,592,599,597,581,559,547,510,493,461,445,439,424]}","{}"
1.bmp,28311606,"{}",607,134,"{""name"":""polygon"",""all_points_x"":[434,438,437,437,435,435,434,432,432,430,427,424,428,428,431],""all_points_y"":[136,136,144,152,163,170,177,191,199,215,218,213,199,184,165]}","{}"
1.bmp,28311606,"{}",607,135,"{""name"":""polygon"",""all_points_x"":[507,511,511,506,494,487,482,473,467,468,472,475,483,491,491,496,500],""all_points_y"":[243,248,252,247,234,225,210,197,190,186,189,196,207,220,224,230,234]}","{}"
1.bmp,28311606,"{}",607,136,"{""name"":""polygon"",""all_points_x"":[469,471,472,474,470,468,462,457,453,452,449,447,441,444,444,448,453],""all_points_y"":[138,140,150,154,162,180,197,214,227,243,260,268,258,246,234,225,198]}","{}"
1.bmp,28311606,"{}",607,137,"{""name"":""polygon"",""all_points_x"":[443,446,448,446,445,445,446,446,445,443,439,443,442,441],""all_points_y"":[184,184,193,204,218,229,244,265,277,284,283,261,226,217]}","{}"
1.bmp,28311606,"{}",607,138,"{""name"":""polygon"",""all_points_x"":[550,549,557,569,586,620,635,644,643,617,598,577,565],""all_points_y"":[234,238,245,252,261,275,282,286,281,270,262,250,245]}","{}"
1.bmp,28311606,"{}",607,139,"{""name"":""polygon"",""all_points_x"":[835,832,841,852,866,872,879,885,888,880,864,853,845],""all_points_y"":[411,415,422,436,453,463,470,474,470,461,442,429,420]}","{}"
1.bmp,28311606,"{}",607,140,"{""name"":""polygon"",""all_points_x"":[693,697,693,672,647,619,599,570,547,540,563,611,632,664,679],""all_points_y"":[1938,1940,1946,1946,1950,1954,1954,1959,1962,1957,1953,1949,1947,1943,1942]}","{}"
1.bmp,28311606,"{}",607,141,"{""name"":""polygon"",""all_points_x"":[657,659,649,623,610,587,572,565,564,574,591,607,621,644,651],""all_points_y"":[1937,1939,1945,1954,1958,1965,1970,1972,1969,1965,1960,1955,1950,1943,1940]}","{}"
1.bmp,28311606,"{}",607,142,"{""name"":""polygon"",""all_points_x"":[570,568,568,572,578,584,588,601,619,641,647,655,658,648,631,608,595],""all_points_y"":[1972,1973,1975,1976,1978,1981,1979,1982,1985,1988,1989,1990,1985,1987,1984,1980,1978]}","{}"
1.bmp,28311606,"{}",607,143,"{""name"":""polygon"",""all_points_x"":[1067,1054,1041,1031,1019,1001,980,964,953,943,944,950,964,986,1004,1024,1036,1046,1053,1066,1069],""all_points_y"":[2312,2316,2324,2336,2342,2352,2363,2371,2374,2378,2382,2380,2374,2367,2355,2344,2338,2326,2320,2315,2314]}","{}"
1.bmp,28311606,"{}",607,144,"{""name"":""polygon"",""all_points_x"":[1094,1095,1089,1081,1075,1066,1061,1047,1040,1037,1039,1045,1057,1068,1074,1079,1090],""all_points_y"":[2511,2516,2514,2511,2510,2504,2503,2497,2495,2491,2489,2492,2497,2502,2506,2507,2511]}","{}"
1.bmp,28311606,"{}",607,145,"{""name"":""polygon"",""all_points_x"":[1059,1056,1057,1062,1064,1067,1071,1074,1076,1074,1069,1064],""all_points_y"":[2443,2447,2455,2465,2474,2482,2490,2493,2493,2484,2471,2457]}","{}"
1.bmp,28311606,"{}",607,146,"{""name"":""polygon"",""all_points_x"":[1098,1104,1102,1096,1090,1082,1075,1070,1069,1063,1060,1057,1062,1067,1070,1082,1089],""all_points_y"":[2496,2499,2500,2499,2503,2508,2513,2517,2519,2523,2527,2525,2521,2517,2513,2504,2500]}","{}"
1.bmp,28311606,"{}",607,147,"{""name"":""polygon"",""all_points_x"":[1073,1074,1067,1061,1049,1015,985,960,937,933,929,927,919,920,932,961,984,1014,1042,1057],""all_points_y"":[2586,2588,2589,2591,2593,2600,2607,2611,2616,2619,2620,2618,2617,2614,2611,2606,2601,2595,2590,2590]}","{}"
1.bmp,28311606,"{}",607,148,"{""name"":""polygon"",""all_points_x"":[797,795,793,791,789,795,797,798,799],""all_points_y"":[2654,2665,2677,2691,2699,2687,2680,2670,2657]}","{}"
1.bmp,28311606,"{}",607,149,"{""name"":""polygon"",""all_points_x"":[655,644,632,619,615,613,618,630,643,654,656],""all_points_y"":[2563,2564,2566,2567,2571,2578,2570,2570,2569,2567,2566]}","{}"
1.bmp,28311606,"{}",607,150,"{""name"":""polygon"",""all_points_x"":[708,701,703,705,711,720,728,734,742,745,733,725,717,716,714],""all_points_y"":[2668,2675,2688,2696,2699,2703,2709,2717,2724,2724,2710,2701,2699,2689,2672]}","{}"
1.bmp,28311606,"{}",607,151,"{""name"":""polygon"",""all_points_x"":[723,720,719,728,743,756,783,807,830,854,873,889,908,918,933,951,966,968,953,937,923,891,870,842,814,783,755,739,727],""all_points_y"":[2774,2781,2784,2783,2785,2784,2784,2784,2784,2784,2783,2786,2786,2786,2784,2783,2785,2783,2778,2778,2781,2780,2777,2778,2778,2777,2777,2777,2776]}","{}"
1.bmp,28311606,"{}",607,152,"{""name"":""polygon"",""all_points_x"":[971,973,961,949,928,910,897,880,868,858,853,850,851,867,904,928,951,964],""all_points_y"":[2756,2761,2765,2769,2774,2778,2782,2789,2792,2800,2805,2790,2787,2783,2774,2768,2764,2759]}","{}"
1.bmp,28311606,"{}",607,153,"{""name"":""polygon"",""all_points_x"":[682,686,687,692,695,694,693,691,688,684,683],""all_points_y"":[2863,2860,2825,2813,2786,2773,2773,2790,2814,2823,2830]}","{}"
1.bmp,28311606,"{}",607,154,"{""name"":""polygon"",""all_points_x"":[696,689,686,685,683,684,687,688,690,698],""all_points_y"":[2754,2768,2775,2789,2801,2819,2816,2790,2775,2757]}","{}"
1.bmp,28311606,"{}",607,155,"{""name"":""polygon"",""all_points_x"":[689,689,697,714,727,739,749,762,763,739,721,712,701],""all_points_y"":[2881,2885,2888,2886,2882,2882,2888,2890,2886,2878,2879,2882,2884]}","{}"
1.bmp,28311606,"{}",607,156,"{""name"":""polygon"",""all_points_x"":[560,552,553,564,579,600,607,579],""all_points_y"":[2861,2861,2865,2868,2866,2871,2868,2863]}","{}"
1.bmp,28311606,"{}",607,157,"{""name"":""polygon"",""all_points_x"":[623,619,615,612,607,606,605,597,595,581,588,597,602,602,610,611,616,621,624,626],""all_points_y"":[2923,2938,2952,2970,2984,2992,3007,3021,3033,3071,3072,3043,3033,3022,3010,2989,2972,2947,2936,2924]}","{}"
1.bmp,28311606,"{}",607,158,"{""name"":""polygon"",""all_points_x"":[523,521,522,525,527,530,531,533,536,532,529,524,524,525],""all_points_y"":[2955,2975,2989,3005,3018,3027,3039,3044,3041,3021,3012,2987,2973,2957]}","{}"
1.bmp,28311606,"{}",607,159,"{""name"":""polygon"",""all_points_x"":[513,512,515,517,519,523,524,526,529,528,526,519,516],""all_points_y"":[3011,3017,3024,3036,3048,3060,3070,3071,3071,3062,3053,3033,3018]}","{}"
1.bmp,28311606,"{}",607,160,"{""name"":""polygon"",""all_points_x"":[544,548,548,550,548,550,548,544,543,544,546,545,544],""all_points_y"":[3033,3033,3013,2978,2961,2940,2931,2935,2948,2971,2981,2995,3008]}","{}"
1.bmp,28311606,"{}",607,161,"{""name"":""polygon"",""all_points_x"":[758,753,749,754,764,781,799,811,831,855,873,901,914,929,937,950,963,972,974,956,940,908,882,866,835,814,786],""all_points_y"":[2941,2943,2954,2954,2952,2950,2948,2946,2946,2945,2940,2939,2935,2931,2929,2927,2924,2921,2917,2921,2924,2931,2936,2934,2938,2940,2942]}","{}"
1.bmp,28311606,"{}",607,162,"{""name"":""polygon"",""all_points_x"":[919,922,915,903,895,897],""all_points_y"":[2893,2895,2910,2925,2931,2921]}","{}"
1.bmp,28311606,"{}",607,163,"{""name"":""polygon"",""all_points_x"":[840,844,830,818,807,801,790,786,781,789,802,820],""all_points_y"":[2952,2958,2970,2980,2991,3002,3009,3017,3013,3001,2986,2970]}","{}"
1.bmp,28311606,"{}",607,164,"{""name"":""polygon"",""all_points_x"":[989,983,992,1004,1017,1024,1035,1048,1061,1065,1062,1050,1035,1012,998],""all_points_y"":[2916,2920,2923,2924,2925,2926,2928,2928,2930,2928,2922,2924,2924,2920,2919]}","{}"
1.bmp,28311606,"{}",607,165,"{""name"":""polygon"",""all_points_x"":[855,859,857,854,849,845,845,851,855,853],""all_points_y"":[3027,3029,3040,3051,3064,3065,3060,3045,3037,3034]}","{}"
1.bmp,28311606,"{}",607,166,"{""name"":""polygon"",""all_points_x"":[794,802,814,827,839,848,855,849,836,816,808,797,785,783,782],""all_points_y"":[2949,2956,2960,2965,2970,2976,2981,2984,2975,2968,2967,2960,2955,2953,2951]}","{}"
1.bmp,28311606,"{}",607,167,"{""name"":""polygon"",""all_points_x"":[673,677,673,667,665,662,660,661,665,669,672],""all_points_y"":[2938,2939,2948,2964,2973,2988,2987,2976,2960,2951,2942]}","{}"
1.bmp,28311606,"{}",607,168,"{""name"":""polygon"",""all_points_x"":[580,584,584,586,587,588,587,585,582],""all_points_y"":[2985,2984,2997,3014,3035,3048,3053,3042,3012]}","{}"
1.bmp,28311606,"{}",607,169,"{""name"":""polygon"",""all_points_x"":[589,587,587,589,589,589,590,592,591,590,590,590],""all_points_y"":[2989,2996,3007,3015,3027,3041,3043,3040,3019,3006,3000,2990]}","{}"
1.bmp,28311606,"{}",607,170,"{""name"":""polygon"",""all_points_x"":[663,664,666,661,659,657,660,663,664,670,665],""all_points_y"":[2737,2749,2754,2765,2782,2790,2788,2770,2762,2752,2735]}","{}"
1.bmp,28311606,"{}",607,171,"{""name"":""polygon"",""all_points_x"":[971,968,966,963,960,957,955,950,945,941,938,936,934,938,942,943,947,952,959,962,965,972,972],""all_points_y"":[2964,2970,2981,2989,2998,3002,3011,3023,3040,3051,3061,3069,3071,3071,3065,3054,3043,3030,3009,3001,2997,2976,2967]}","{}"
1.bmp,28311606,"{}",607,172,"{""name"":""polygon"",""all_points_x"":[1124,1123,1119,1119,1126,1131,1136,1143,1149,1153,1157,1161,1163,1167,1170,1174,1173,1169,1166,1159,1156,1142,1136,1132,1129],""all_points_y"":[304,322,326,331,353,376,399,426,448,461,482,493,507,531,554,556,544,515,492,471,459,399,375,354,336]}","{}"
1.bmp,28311606,"{}",607,173,"{""name"":""polygon"",""all_points_x"":[1131,1127,1137,1146,1153,1163,1171,1175,1178,1181,1184,1183,1179,1176,1167,1149,1141],""all_points_y"":[420,423,439,454,468,489,501,510,521,529,530,523,514,503,487,453,438]}","{}"
1.bmp,28311606,"{}",607,174,"{""name"":""polygon"",""all_points_x"":[997,994,994,1000,1006,1013,1023,1032,1039,1043,1049,1055,1057,1060,1054,1047,1041,1031,1021,1014,1011,1006],""all_points_y"":[356,359,368,375,386,404,421,438,451,466,477,487,491,486,478,457,442,425,404,388,379,369]}","{}"
1.bmp,28311606,"{}",607,175,"{""name"":""polygon"",""all_points_x"":[918,921,930,940,944,951,959,966,966,961,955,940,925,918,915],""all_points_y"":[353,362,367,371,373,382,389,390,392,392,389,373,368,362,352]}","{}"
1.bmp,28311606,"{}",607,176,"{""name"":""polygon"",""all_points_x"":[946,948,952,955,958,961,963,965,966,963,960,954],""all_points_y"":[385,385,399,418,433,446,458,470,476,475,457,428]}","{}"
1.bmp,28311606,"{}",607,177,"{""name"":""polygon"",""all_points_x"":[873,873,885,899,908,928,936,957,974,987,1011,1025,1041,1059,1074,1074,1039,1008,979,959,938,910],""all_points_y"":[427,434,439,445,449,457,460,467,472,475,483,486,491,493,497,493,487,477,467,463,456,445]}","{}"
1.bmp,28311606,"{}",607,178,"{""name"":""polygon"",""all_points_x"":[1066,1063,1070,1075,1079,1083,1085,1086,1092,1086,1080,1076,1074],""all_points_y"":[433,435,449,461,476,486,493,494,493,484,467,452,446]}","{}"
1.bmp,28311606,"{}",607,179,"{""name"":""polygon"",""all_points_x"":[1039,1039,1049,1064,1078,1089,1075,1055],""all_points_y"":[491,494,501,512,521,525,515,500]}","{}"
1.bmp,28311606,"{}",607,180,"{""name"":""polygon"",""all_points_x"":[1329,1326,1329,1331,1335,1336,1337,1340,1340,1337,1335,1332],""all_points_y"":[231,232,239,251,266,283,289,285,276,262,246,238]}","{}"
1.bmp,28311606,"{}",607,181,"{""name"":""polygon"",""all_points_x"":[1307,1310,1310,1307,1305,1308,1302,1301,1302],""all_points_y"":[372,372,358,338,315,294,293,313,329]}","{}"
1.bmp,28311606,"{}",607,182,"{""name"":""polygon"",""all_points_x"":[1255,1251,1256,1264,1269,1275,1277,1280,1278,1269,1263],""all_points_y"":[303,304,311,322,332,348,354,351,341,322,313]}","{}"
1.bmp,28311606,"{}",607,183,"{""name"":""polygon"",""all_points_x"":[1186,1185,1191,1197,1202,1209,1215,1222,1228,1236,1241,1245,1247,1250,1247,1238,1225,1210,1202],""all_points_y"":[337,342,353,369,381,403,416,434,448,468,480,490,497,497,482,463,431,392,371]}","{}"
1.bmp,28311606,"{}",607,184,"{""name"":""polygon"",""all_points_x"":[1226,1225,1229,1237,1244,1250,1235,1229],""all_points_y"":[345,353,359,372,387,390,362,353]}","{}"
1.bmp,28311606,"{}",607,185,"{""name"":""polygon"",""all_points_x"":[1375,1371,1374,1379,1386,1389,1383,1380],""all_points_y"":[190,196,210,227,244,236,223,213]}","{}"
1.bmp,28311606,"{}",607,186,"{""name"":""polygon"",""all_points_x"":[1343,1346,1347,1344,1343,1339,1337,1335,1333,1330,1328,1323,1315,1310,1305,1303,1296,1293,1292,1288,1291,1301,1305,1312,1323,1327],""all_points_y"":[334,335,338,345,355,366,378,385,396,410,424,432,448,452,457,463,475,479,483,481,474,461,452,444,424,407]}","{}"
1.bmp,28311606,"{}",607,187,"{""name"":""polygon"",""all_points_x"":[1153,1147,1148,1152,1155,1164,1178,1186,1197,1210,1222,1232,1236,1250,1262,1261,1246,1224,1214,1199,1184,1167,1159,1154],""all_points_y"":[508,510,516,517,512,509,501,498,492,486,485,482,478,472,467,464,470,481,479,486,494,502,507,508]}","{}"
1.bmp,28311606,"{}",607,188,"{""name"":""polygon"",""all_points_x"":[1321,1326,1326,1325,1326,1326,1326,1326,1326,1326,1326,1327,1327,1328,1327,1330,1331,1332,1332,1333,1332,1331,1331,1328,1328,1329,1327,1323,1322],""all_points_y"":[460,461,469,483,508,519,534,540,564,572,585,597,617,622,635,647,659,667,680,695,707,718,727,726,718,694,651,642,537]}","{}"
1.bmp,28311606,"{}",607,189,"{""name"":""polygon"",""all_points_x"":[1358,1361,1363,1363,1362,1362,1361,1361,1361,1362,1359,1358,1359,1360],""all_points_y"":[503,503,512,523,540,552,562,571,583,595,593,558,544,516]}","{}"
1.bmp,28311606,"{}",607,190,"{""name"":""polygon"",""all_points_x"":[941,939,944,951,963,979,994,1008,1018,1026,1034,1047,1060,1069,1080,1076,1067,1057,1028,1008,998,971],""all_points_y"":[508,512,514,518,523,531,538,545,553,555,560,566,571,571,576,569,567,567,553,541,535,524]}","{}"
1.bmp,28311606,"{}",607,191,"{""name"":""polygon"",""all_points_x"":[922,920,925,936,952,968,987,1005,1023,1036,1043,1063,1078,1095,1106,1114,1109,1100,1077,1037,1022,1012,983,969],""all_points_y"":[507,511,514,519,526,533,544,554,566,569,571,580,588,597,604,606,601,594,582,564,558,552,538,529]}","{}"
1.bmp,28311606,"{}",607,192,"{""name"":""polygon"",""all_points_x"":[1367,1368,1363,1359,1352,1345,1339,1337,1335,1338,1344,1349,1355,1358],""all_points_y"":[344,347,355,364,371,382,393,398,396,388,377,368,362,357]}","{}"
1.bmp,28311606,"{}",607,193,"{""name"":""polygon"",""all_points_x"":[1355,1360,1358,1354,1352,1352,1353,1349,1348,1348,1351,1355],""all_points_y"":[339,339,348,359,367,378,387,387,375,363,353,345]}","{}"
1.bmp,28311606,"{}",607,194,"{""name"":""polygon"",""all_points_x"":[972,977,981,980,980,979,980,984,987,990,994,997,1001,1001,1000,997,991,986,978,975,974,974],""all_points_y"":[560,560,574,583,590,605,620,637,645,661,676,686,691,699,704,700,681,661,633,619,598,578]}","{}"
1.bmp,28311606,"{}",607,195,"{""name"":""polygon"",""all_points_x"":[1090,1085,1087,1089,1092,1095,1100,1103,1105,1110,1111,1112,1118,1120,1122,1124,1128,1134,1126,1122,1113,1106],""all_points_y"":[565,567,580,595,609,626,645,659,674,681,693,697,721,732,747,761,773,762,738,709,672,644]}","{}"
1.bmp,28311606,"{}",607,196,"{""name"":""polygon"",""all_points_x"":[1035,1032,1037,1052,1057,1065,1075,1083,1092,1101,1105,1106,1109,1113,1120,1122,1126,1121,1114,1109,1109,1094,1087,1076],""all_points_y"":[573,579,596,630,644,668,690,709,718,729,739,757,766,774,799,805,806,793,766,754,732,712,706,682]}","{}"
1.bmp,28311606,"{}",607,197,"{""name"":""polygon"",""all_points_x"":[1122,1121,1125,1131,1136,1143,1148,1151,1154,1143,1135,1131],""all_points_y"":[563,566,573,587,600,615,623,630,630,608,588,579]}","{}"
1.bmp,28311606,"{}",607,198,"{""name"":""polygon"",""all_points_x"":[1009,1013,1016,1020,1025,1031,1037,1037,1035,1032,1025,1019,1015],""all_points_y"":[681,682,669,654,636,621,602,595,592,596,618,637,653]}","{}"
1.bmp,28311606,"{}",607,199,"{""name"":""polygon"",""all_points_x"":[989,988,991,993,1001,1009,1023,1038,1055,1069,1078,1089,1102,1115,1126,1132,1135,1142,1149,1153,1156,1151,1136,1128,1126,1108,1093,1074,1062,1041],""all_points_y"":[646,650,657,663,663,667,676,685,695,702,706,713,722,726,726,723,722,722,726,728,725,722,717,719,723,718,711,696,691,679]}","{}"
1.bmp,28311606,"{}",607,200,"{""name"":""polygon"",""all_points_x"":[938,933,944,950,967,989,1008,1033,1054,1063,1085,1101,1114,1121,1116,1081,1053,1036,998,978],""all_points_y"":[744,750,760,767,771,774,779,791,794,797,803,806,809,809,805,795,789,784,770,764]}","{}"
1.bmp,28311606,"{}",607,201,"{""name"":""polygon"",""all_points_x"":[1185,1185,1188,1192,1198,1200,1207,1208,1199,1196,1191,1189],""all_points_y"":[533,535,539,544,559,568,582,576,555,546,539,535]}","{}"
1.bmp,28311606,"{}",607,202,"{""name"":""polygon"",""all_points_x"":[1127,1133,1139,1150,1154,1153,1156,1159,1162,1166,1170,1175,1182,1184,1181,1176,1179,1173,1161,1154,1144,1140,1133,1125],""all_points_y"":[643,644,653,668,671,677,690,703,719,737,752,764,780,786,796,794,786,773,734,707,682,668,661,646]}","{}"
1.bmp,28311606,"{}",607,203,"{""name"":""polygon"",""all_points_x"":[1196,1200,1200,1200,1200,1201,1200,1201,1203,1204,1205,1204,1205,1203,1198,1197,1197,1191,1193,1191,1196,1199,1199,1199,1197,1195,1197,1196],""all_points_y"":[616,617,629,647,665,673,679,701,714,737,755,770,784,795,803,816,831,823,815,808,798,791,766,748,701,679,657,647]}","{}"
1.bmp,28311606,"{}",607,204,"{""name"":""polygon"",""all_points_x"":[1286,1290,1278,1263,1246,1225,1207,1183,1165,1141,1134,1132,1149,1167,1186,1208,1232,1249,1269],""all_points_y"":[735,740,743,745,749,751,757,759,761,762,763,758,756,754,751,748,745,743,739]}","{}"
1.bmp,28311606,"{}",607,205,"{""name"":""polygon"",""all_points_x"":[1202,1198,1203,1207,1212,1217,1223,1225,1230,1235,1239,1242,1244,1248,1255,1260,1264,1266,1270,1260,1251,1246,1247,1235,1228,1228],""all_points_y"":[627,630,650,660,670,688,705,719,738,752,768,781,794,809,824,842,856,863,861,832,805,787,779,734,707,699]}","{}"
1.bmp,28311606,"{}",607,206,"{""name"":""polygon"",""all_points_x"":[1260,1263,1264,1261,1261,1261,1261,1259,1257,1256,1252,1251,1250,1249,1250,1251,1248,1246,1245,1249,1250,1254,1255,1258,1257],""all_points_y"":[650,650,659,672,687,702,720,748,770,782,807,821,829,836,844,851,851,839,827,815,794,775,752,686,679]}","{}"
1.bmp,28311606,"{}",607,207,"{""name"":""polygon"",""all_points_x"":[1207,1205,1209,1216,1223,1228,1232,1235,1242,1243,1237,1225,1218],""all_points_y"":[757,762,770,785,800,811,823,830,838,838,825,798,783]}","{}"
1.bmp,28311606,"{}",607,208,"{""name"":""polygon"",""all_points_x"":[1298,1302,1304,1301,1301,1299,1297,1297,1297,1297,1296,1295,1293,1292,1290,1291,1288,1289,1291,1293,1294,1294],""all_points_y"":[665,665,669,675,680,705,726,740,759,776,795,814,828,841,852,864,862,844,814,774,733,716]}","{}"
1.bmp,28311606,"{}",607,209,"{""name"":""polygon"",""all_points_x"":[1169,1166,1177,1194,1211,1225,1225,1207,1191],""all_points_y"":[700,707,715,728,741,749,743,731,719]}","{}"
1.bmp,28311606,"{}",607,210,"{""name"":""polygon"",""all_points_x"":[1133,1131,1135,1138,1142,1152,1149,1143,1142,1140],""all_points_y"":[564,569,578,591,603,607,596,588,581,575]}","{}"
1.bmp,28311606,"{}",607,211,"{""name"":""polygon"",""all_points_x"":[974,966,966,977,1000,1026,1046,1065,1080,1094,1096,1081,1069,1038,1015,996],""all_points_y"":[835,843,847,847,849,855,859,862,863,868,865,858,856,851,845,842]}","{}"
1.bmp,28311606,"{}",607,212,"{""name"":""polygon"",""all_points_x"":[934,927,933,954,970,988,1008,1028,1035,1032,1015,1004,975,957],""all_points_y"":[868,875,877,878,878,879,878,878,876,872,871,873,871,870]}","{}"
1.bmp,28311606,"{}",607,213,"{""name"":""polygon"",""all_points_x"":[811,817,838,866,896,924,949,977,1002,1022,1039,1049,1046,1032,1005,962,903,884,875],""all_points_y"":[924,931,932,931,931,933,933,934,932,930,928,927,920,923,926,926,925,923,923]}","{}"
1.bmp,28311606,"{}",607,214,"{""name"":""polygon"",""all_points_x"":[872,889,909,936,955,974,998,1024,1040,1055,1066,1069,1060,1041,1020,1001,976,949,917,901,877,872],""all_points_y"":[933,939,944,948,952,954,958,960,963,965,962,964,968,968,965,963,961,957,950,948,944,937]}","{}"
1.bmp,28311606,"{}",607,215,"{""name"":""polygon"",""all_points_x"":[936,936,944,959,978,994,1007,1018,1013,994,968,956,940],""all_points_y"":[938,942,943,942,940,938,938,936,933,935,937,939,939]}","{}"
1.bmp,28311606,"{}",607,216,"{""name"":""polygon"",""all_points_x"":[849,846,848,858,874,890,923,952,985,1011,1027,1043,1063,1071,1070,1061,1033,1013,999,990,958,928,886,871,855],""all_points_y"":[1004,1011,1013,1012,1009,1004,1003,1000,996,990,988,989,989,993,988,985,982,982,985,989,991,993,996,1001,1004]}","{}"
1.bmp,28311606,"{}",607,217,"{""name"":""polygon"",""all_points_x"":[1266,1262,1266,1273,1281,1287,1296,1305,1312,1319,1325,1328,1331,1339,1343,1354,1360,1367,1369,1353,1339,1329,1312,1302],""all_points_y"":[762,765,773,790,807,820,840,860,875,887,900,906,909,926,932,957,969,985,982,948,917,902,869,844]}","{}"
1.bmp,28311606,"{}",607,218,"{""name"":""polygon"",""all_points_x"":[1259,1263,1264,1267,1272,1275,1277,1280,1285,1292,1296,1302,1307,1318,1322,1329,1334,1339,1346,1352,1353,1350,1344,1336,1328,1318,1310,1302,1285,1273,1272,1271,1261],""all_points_y"":[768,768,776,787,802,816,827,838,852,867,881,895,910,932,941,961,971,986,1001,1017,1020,1020,1007,986,969,941,921,907,863,830,819,812,781]}","{}"
1.bmp,28311606,"{}",607,219,"{""name"":""polygon"",""all_points_x"":[1280,1278,1284,1292,1299,1306,1314,1319,1327,1333,1338,1344,1349,1356,1360,1350,1335,1324,1313,1302],""all_points_y"":[825,828,842,856,873,889,905,920,940,959,970,984,1002,1017,1015,991,954,923,893,872]}","{}"
1.bmp,28311606,"{}",607,220,"{""name"":""polygon"",""all_points_x"":[1208,1208,1213,1220,1226,1236,1245,1251,1259,1278,1279,1258,1241,1235,1224],""all_points_y"":[843,851,863,880,890,905,919,932,948,986,982,938,907,897,879]}","{}"
1.bmp,28311606,"{}",607,221,"{""name"":""polygon"",""all_points_x"":[1300,1301,1312,1334,1341,1357,1380,1391,1422,1421,1385,1354,1331,1315,1309],""all_points_y"":[884,890,888,884,880,879,873,870,862,860,868,874,879,883,885]}","{}"
1.bmp,28311606,"{}",607,222,"{""name"":""polygon"",""all_points_x"":[1361,1363,1365,1364,1363,1362,1362,1360,1358,1360,1361],""all_points_y"":[599,599,610,619,626,636,650,653,647,618,616]}","{}"
1.bmp,28311606,"{}",607,223,"{""name"":""polygon"",""all_points_x"":[1367,1369,1369,1368,1368,1366,1364,1362,1365,1365],""all_points_y"":[595,597,604,616,624,634,648,636,625,614]}","{}"
1.bmp,28311606,"{}",607,224,"{""name"":""polygon"",""all_points_x"":[1260,1259,1264,1273,1282,1291,1301,1305,1290,1273],""all_points_y"":[881,889,905,916,932,946,964,958,935,908]}","{}"
1.bmp,28311606,"{}",607,225,"{""name"":""polygon"",""all_points_x"":[1157,1150,1158,1166,1176,1186,1198,1212,1228,1236,1232,1212,1188,1178],""all_points_y"":[941,943,957,973,992,1010,1035,1056,1079,1082,1073,1047,1001,983]}","{}"
1.bmp,28311606,"{}",607,226,"{""name"":""polygon"",""all_points_x"":[929,931,952,971,996,1019,1054,1073,1093,1105,1126,1142,1151,1147,1137,1126,1106,1100,1086,1070,1051],""all_points_y"":[1072,1080,1080,1077,1074,1072,1069,1063,1064,1058,1057,1052,1047,1042,1049,1052,1052,1053,1057,1057,1061]}","{}"
1.bmp,28311606,"{}",607,227,"{""name"":""polygon"",""all_points_x"":[906,905,913,929,952,970,992,1023,1048,1068,1080,1091,1109,1110,1096,1075,1052,1011,971,947,928,917],""all_points_y"":[1129,1137,1140,1141,1142,1140,1142,1144,1141,1137,1133,1131,1128,1125,1126,1130,1137,1137,1133,1133,1132,1132]}","{}"
1.bmp,28311606,"{}",607,228,"{""name"":""polygon"",""all_points_x"":[1208,1213,1209,1201,1189,1178,1163,1151,1141,1120,1112,1124,1154,1182],""all_points_y"":[1100,1102,1107,1110,1114,1120,1126,1132,1137,1145,1134,1131,1121,1111]}","{}"
1.bmp,28311606,"{}",607,229,"{""name"":""polygon"",""all_points_x"":[1200,1205,1199,1188,1181,1169,1157,1143,1130,1111,1101,1083,1072,1060,1056,1068,1090,1112,1133,1159,1181],""all_points_y"":[1223,1227,1230,1232,1236,1241,1245,1250,1253,1259,1262,1267,1271,1274,1268,1265,1259,1252,1246,1238,1230]}","{}"
1.bmp,28311606,"{}",607,230,"{""name"":""polygon"",""all_points_x"":[1085,1084,1100,1120,1145,1171,1190,1207,1205,1183,1158,1131,1113,1089],""all_points_y"":[1236,1240,1244,1248,1251,1254,1257,1261,1256,1253,1249,1245,1244,1237]}","{}"
1.bmp,28311606,"{}",607,231,"{""name"":""polygon"",""all_points_x"":[1008,977,962,959,972,991,1017,1030,1028],""all_points_y"":[1289,1299,1306,1310,1307,1302,1294,1288,1285]}","{}"
1.bmp,28311606,"{}",607,232,"{""name"":""polygon"",""all_points_x"":[1166,1162,1166,1177,1182,1196,1206,1207,1193],""all_points_y"":[1308,1316,1321,1323,1332,1337,1348,1338,1329]}","{}"
1.bmp,28311606,"{}",607,233,"{""name"":""polygon"",""all_points_x"":[897,900,907,930,948,973,992,1004,1027,1051,1063,1070,1075,1096,1101,1097,1090,1075,1062,1042,1023,1007,994,963,934,910],""all_points_y"":[1449,1453,1453,1451,1448,1445,1441,1437,1430,1422,1418,1417,1415,1407,1406,1402,1405,1412,1416,1421,1427,1433,1436,1442,1446,1449]}","{}"
1.bmp,28311606,"{}",607,234,"{""name"":""polygon"",""all_points_x"":[852,838,822,825,838,854,872,897,921,946,967,986,1004,1026,1042,1054,1073,1086,1103,1114,1114,1099,1065,1027,991,962,934,916],""all_points_y"":[1581,1585,1590,1592,1590,1585,1580,1573,1566,1560,1557,1555,1550,1545,1543,1541,1535,1534,1530,1526,1522,1526,1531,1538,1547,1555,1558,1564]}","{}"
1.bmp,28311606,"{}",607,235,"{""name"":""polygon"",""all_points_x"":[1078,1074,1084,1103,1114,1135,1176,1198,1210,1231,1257,1275,1294,1310,1320,1319,1294,1258,1214,1180,1121],""all_points_y"":[1433,1437,1441,1447,1451,1458,1470,1476,1480,1486,1494,1499,1503,1506,1509,1505,1499,1489,1476,1466,1448]}","{}"
1.bmp,28311606,"{}",607,236,"{""name"":""polygon"",""all_points_x"":[1388,1391,1382,1373,1356,1342,1332,1315,1297,1282,1264,1249,1240,1237,1258,1274,1305,1339],""all_points_y"":[1385,1388,1394,1397,1405,1415,1420,1429,1437,1445,1455,1463,1467,1461,1451,1443,1427,1410]}","{}"
1.bmp,28311606,"{}",607,237,"{""name"":""polygon"",""all_points_x"":[1228,1230,1253,1276,1303,1298,1287,1262],""all_points_y"":[1304,1309,1313,1314,1314,1309,1309,1309]}","{}"
1.bmp,28311606,"{}",607,238,"{""name"":""polygon"",""all_points_x"":[911,901,898,904,919,952,974,994,1020,1035,1031,1013,958,929],""all_points_y"":[1588,1592,1596,1595,1590,1580,1570,1562,1551,1547,1545,1551,1573,1584]}","{}"
1.bmp,28311606,"{}",607,239,"{""name"":""polygon"",""all_points_x"":[848,837,834,837,846,865,898,931,967,993,1025,1049,1064,1077,1082,1060,1036,988,955],""all_points_y"":[1631,1636,1640,1643,1637,1631,1622,1613,1602,1593,1587,1581,1575,1570,1564,1571,1579,1589,1600]}","{}"
1.bmp,28311606,"{}",607,240,"{""name"":""polygon"",""all_points_x"":[944,938,949,975,994,1018,1030,1028,1013,984,963,953],""all_points_y"":[1480,1489,1484,1467,1460,1454,1446,1441,1450,1461,1470,1476]}","{}"
1.bmp,28311606,"{}",607,241,"{""name"":""polygon"",""all_points_x"":[1309,1307,1310,1314,1314,1321,1330,1339,1349,1356,1359,1350,1336,1327,1319,1318],""all_points_y"":[1548,1551,1561,1573,1586,1598,1613,1630,1648,1660,1659,1640,1615,1598,1583,1571]}","{}"
1.bmp,28311606,"{}",607,242,"{""name"":""polygon"",""all_points_x"":[1237,1236,1236,1243,1258,1277,1294,1315,1338,1363,1377,1380,1376,1361,1342,1322,1304,1291,1276,1251],""all_points_y"":[1599,1603,1604,1601,1596,1590,1584,1582,1582,1583,1584,1580,1577,1578,1577,1578,1579,1581,1586,1595]}","{}"
1.bmp,28311606,"{}",607,243,"{""name"":""polygon"",""all_points_x"":[1366,1367,1361,1351,1341,1329,1317,1310,1301,1296,1292,1295,1309,1324,1345,1361],""all_points_y"":[1591,1596,1601,1606,1611,1619,1627,1631,1638,1646,1644,1639,1626,1618,1605,1596]}","{}"
1.bmp,28311606,"{}",607,244,"{""name"":""polygon"",""all_points_x"":[1030,1032,1041,1052,1074,1092,1100,1109,1122,1140,1145,1156,1157,1151,1137,1115,1094,1087],""all_points_y"":[1694,1698,1694,1692,1689,1683,1680,1679,1675,1670,1665,1661,1655,1658,1665,1673,1677,1680]}","{}"
1.bmp,28311606,"{}",607,245,"{""name"":""polygon"",""all_points_x"":[1050,1050,1058,1075,1090,1097,1112,1125,1135,1149,1153,1147,1127,1112,1095,1086,1073],""all_points_y"":[1679,1686,1685,1679,1673,1668,1661,1656,1651,1647,1644,1644,1648,1656,1664,1670,1675]}","{}"
1.bmp,28311606,"{}",607,246,"{""name"":""polygon"",""all_points_x"":[1232,1234,1223,1194,1179,1160,1143,1129,1132,1147,1187],""all_points_y"":[1612,1614,1620,1635,1642,1650,1661,1667,1663,1654,1634]}","{}"
1.bmp,28311606,"{}",607,247,"{""name"":""polygon"",""all_points_x"":[1217,1216,1220,1231,1238,1244,1258,1268,1279,1289,1298,1304,1310,1319,1329,1334,1333,1325,1311,1300,1280,1265,1250,1237],""all_points_y"":[1654,1657,1660,1669,1674,1675,1679,1686,1692,1697,1700,1705,1704,1709,1712,1711,1708,1708,1701,1699,1689,1680,1674,1669]}","{}"
1.bmp,28311606,"{}",607,248,"{""name"":""polygon"",""all_points_x"":[1153,1146,1134,1122,1118,1120,1131,1148,1160,1185,1212,1240,1257,1272,1266,1255,1234,1208,1191],""all_points_y"":[1727,1731,1738,1744,1746,1748,1743,1733,1729,1721,1715,1710,1704,1704,1701,1701,1708,1711,1715]}","{}"
1.bmp,28311606,"{}",607,249,"{""name"":""polygon"",""all_points_x"":[804,798,807,824,840,860,884,908,925,938,957,971,985,1003,1019,1035,1055,1068,1065,1050,1025,1007,970,948,917,907,873,845,825,816],""all_points_y"":[1886,1890,1892,1894,1895,1897,1897,1900,1903,1905,1908,1912,1914,1917,1919,1920,1920,1920,1919,1917,1915,1914,1907,1903,1897,1895,1893,1891,1890,1889]}","{}"
1.bmp,28311606,"{}",607,250,"{""name"":""polygon"",""all_points_x"":[1093,1079,1059,1025,1008,1002,1002,1004,1021,1042,1063,1082,1095],""all_points_y"":[1850,1854,1860,1872,1877,1882,1887,1890,1882,1873,1865,1859,1855]}","{}"
1.bmp,28311606,"{}",607,251,"{""name"":""polygon"",""all_points_x"":[1032,1026,1038,1054,1086,1114,1140,1167,1182,1208,1228,1237,1237,1221,1182,1117,1072],""all_points_y"":[1769,1774,1779,1789,1807,1821,1834,1844,1852,1865,1876,1880,1875,1867,1847,1815,1793]}","{}"
1.bmp,28311606,"{}",607,252,"{""name"":""polygon"",""all_points_x"":[1230,1222,1204,1181,1159,1141,1127,1123,1130,1139,1161,1185,1203,1219,1231],""all_points_y"":[1839,1842,1851,1865,1876,1886,1893,1899,1898,1891,1880,1867,1857,1848,1842]}","{}"
1.bmp,28311606,"{}",607,253,"{""name"":""polygon"",""all_points_x"":[1147,1152,1144,1137,1137,1109,1074,1044,1045,1093,1131],""all_points_y"":[1927,1931,1937,1950,1956,1966,1977,1986,1978,1965,1951]}","{}"
1.bmp,28311606,"{}",607,254,"{""name"":""polygon"",""all_points_x"":[1125,1123,1125,1139,1161,1185,1209,1227,1244,1244,1198,1172,1148,1134,1128],""all_points_y"":[1798,1803,1805,1801,1797,1793,1788,1785,1782,1778,1785,1791,1795,1798,1799]}","{}"
1.bmp,28311606,"{}",607,255,"{""name"":""polygon"",""all_points_x"":[1179,1179,1188,1204,1228,1250,1270,1280,1303,1324,1337,1360,1375,1371,1345,1326,1310,1298,1279,1269,1246,1228,1214,1189],""all_points_y"":[1763,1770,1772,1770,1769,1766,1764,1758,1761,1765,1771,1778,1782,1774,1769,1761,1760,1755,1753,1759,1762,1763,1765,1765]}","{}"
1.bmp,28311606,"{}",607,256,"{""name"":""polygon"",""all_points_x"":[1224,1226,1238,1250,1267,1285,1300,1314,1319,1306,1276,1256,1248],""all_points_y"":[1721,1727,1732,1738,1744,1749,1756,1760,1760,1754,1743,1736,1731]}","{}"
1.bmp,28311606,"{}",607,257,"{""name"":""polygon"",""all_points_x"":[1259,1256,1264,1280,1295,1308,1324,1338,1347,1361,1380,1385,1364,1352,1339,1312,1303,1285,1274],""all_points_y"":[1728,1732,1736,1742,1748,1754,1758,1763,1767,1765,1763,1761,1761,1762,1761,1751,1748,1741,1737]}","{}"
1.bmp,28311606,"{}",607,258,"{""name"":""polygon"",""all_points_x"":[1309,1311,1307,1297,1279,1270,1257,1240,1229,1221,1207,1186,1177,1179,1196,1208,1225,1236,1256,1271],""all_points_y"":[1733,1735,1737,1741,1750,1754,1758,1769,1776,1783,1793,1803,1806,1802,1795,1787,1776,1767,1754,1751]}","{}"
1.bmp,28311606,"{}",607,259,"{""name"":""polygon"",""all_points_x"":[1254,1255,1272,1290,1315,1342,1355,1357,1341,1305,1288,1269],""all_points_y"":[1691,1696,1693,1689,1685,1685,1684,1680,1680,1684,1686,1690]}","{}"
1.bmp,28311606,"{}",607,260,"{""name"":""polygon"",""all_points_x"":[1228,1238,1255,1272,1285,1304,1337,1349,1367,1380,1380,1363,1352,1340,1323,1291,1280,1271,1247,1235],""all_points_y"":[1807,1814,1815,1813,1812,1813,1813,1814,1819,1821,1817,1814,1809,1809,1810,1807,1807,1809,1809,1808]}","{}"
1.bmp,28311606,"{}",607,261,"{""name"":""polygon"",""all_points_x"":[1331,1319,1304,1289,1276,1274,1276,1280,1295,1309,1323,1333,1333],""all_points_y"":[1935,1940,1947,1956,1963,1966,1969,1965,1957,1949,1943,1939,1937]}","{}"
1.bmp,28311606,"{}",607,262,"{""name"":""polygon"",""all_points_x"":[1035,1055,1068,1089,1110,1127,1145,1164,1181,1197,1217,1234,1250,1263,1279,1291,1302,1300,1277,1250,1216,1181,1156,1132,1106],""all_points_y"":[2030,2046,2047,2053,2058,2063,2067,2069,2071,2074,2075,2075,2077,2079,2083,2083,2083,2079,2078,2073,2067,2065,2063,2060,2052]}","{}"
1.bmp,28311606,"{}",607,263,"{""name"":""polygon"",""all_points_x"":[981,978,981,986,1007,1040,1071,1090,1103,1114,1131,1148,1177,1187,1179,1168,1124,1106,1080,1049,1023],""all_points_y"":[2098,2102,2106,2103,2100,2094,2090,2086,2086,2083,2083,2080,2076,2073,2070,2073,2079,2080,2084,2088,2093]}","{}"
1.bmp,28311606,"{}",607,264,"{""name"":""polygon"",""all_points_x"":[1365,1366,1358,1344,1330,1312,1290,1275,1279,1301,1322,1340],""all_points_y"":[1979,1982,1990,2001,2010,2021,2033,2040,2034,2022,2011,1999]}","{}"
1.bmp,28311606,"{}",607,265,"{""name"":""polygon"",""all_points_x"":[1078,1086,1105,1130,1157,1184,1208,1231,1248,1273,1271,1236,1181,1152,1121],""all_points_y"":[2106,2110,2105,2100,2095,2087,2082,2078,2076,2067,2061,2070,2080,2088,2095]}","{}"
1.bmp,28311606,"{}",607,266,"{""name"":""polygon"",""all_points_x"":[877,882,901,923,945,966,993,999,1020,1019,994,983,948,924,895],""all_points_y"":[2110,2112,2110,2105,2101,2096,2087,2083,2069,2064,2081,2087,2096,2102,2108]}","{}"
1.bmp,28311606,"{}",607,267,"{""name"":""polygon"",""all_points_x"":[861,857,860,873,899,934,944,947,961,986,1003,1025,1038,1058,1071,1069,1045,1021,1006,964,945,942],""all_points_y"":[2119,2120,2122,2122,2120,2114,2114,2116,2113,2110,2107,2103,2099,2097,2095,2092,2095,2100,2104,2109,2110,2109]}","{}"
1.bmp,28311606,"{}",607,268,"{""name"":""polygon"",""all_points_x"":[1265,1266,1262,1252,1240,1226,1214,1204,1190,1168,1138,1119,1104,1104,1115,1134,1160,1183,1200],""all_points_y"":[2090,2092,2094,2096,2101,2105,2110,2111,2114,2117,2120,2122,2125,2117,2117,2115,2114,2111,2109]}","{}"
1.bmp,28311606,"{}",607,269,"{""name"":""polygon"",""all_points_x"":[1101,1095,1088,1072,1058,1045,1026,1000,973,957,941,931,933,942,955,968,988,1006,1014,1032,1049,1066,1078,1089,1096,1101],""all_points_y"":[2120,2122,2124,2125,2125,2126,2130,2136,2142,2143,2148,2152,2154,2152,2148,2146,2142,2138,2135,2131,2127,2127,2127,2126,2125,2122]}","{}"
1.bmp,28311606,"{}",607,270,"{""name"":""polygon"",""all_points_x"":[1125,1124,1131,1142,1152,1166,1174,1185,1193,1194,1182,1169,1154,1144,1133],""all_points_y"":[1993,1997,2000,2005,2009,2014,2017,2021,2024,2020,2017,2012,2006,2003,1998]}","{}"
1.bmp,28311606,"{}",607,271,"{""name"":""polygon"",""all_points_x"":[1136,1122,1105,1095,1091,1092,1099,1112,1126,1141,1156,1169,1183,1183,1169,1157],""all_points_y"":[2194,2198,2203,2208,2213,2215,2211,2206,2202,2199,2195,2192,2192,2188,2190,2191]}","{}"
1.bmp,28311606,"{}",607,272,"{""name"":""polygon"",""all_points_x"":[1058,1056,1060,1080,1096,1111,1128,1142,1155,1153,1146,1122,1092,1080],""all_points_y"":[2353,2358,2360,2360,2355,2348,2345,2342,2343,2337,2336,2341,2348,2354]}","{}"
1.bmp,28311606,"{}",607,273,"{""name"":""polygon"",""all_points_x"":[1182,1174,1171,1173,1180,1192,1209,1236,1261,1282,1306,1324,1344,1359,1366,1383,1392,1404,1412,1411,1399,1388,1374,1363,1354,1338,1318,1302,1286,1278,1257,1231,1198,1182],""all_points_y"":[2142,2143,2147,2151,2147,2145,2140,2129,2121,2117,2110,2109,2109,2106,2102,2100,2096,2094,2093,2091,2090,2095,2100,2100,2104,2106,2105,2106,2110,2115,2117,2126,2137,2142]}","{}"
1.bmp,28311606,"{}",607,274,"{""name"":""polygon"",""all_points_x"":[1412,1401,1385,1369,1359,1349,1336,1321,1312,1305,1296,1279,1251,1226,1223,1225,1228,1231,1245,1262,1282,1295,1307,1312,1316,1332,1352,1362,1384,1400,1414],""all_points_y"":[2118,2120,2124,2127,2128,2134,2139,2143,2145,2145,2145,2147,2151,2155,2157,2161,2163,2159,2156,2153,2151,2150,2151,2151,2148,2144,2137,2131,2129,2125,2122]}","{}"
1.bmp,28311606,"{}",607,275,"{""name"":""polygon"",""all_points_x"":[1158,1155,1160,1173,1204,1218,1251,1272,1278,1286,1297,1323,1335,1352,1371,1364,1347,1335,1318,1287,1280,1268,1244,1202,1182,1166],""all_points_y"":[2171,2175,2178,2179,2180,2179,2180,2178,2175,2174,2173,2168,2165,2166,2163,2159,2161,2161,2165,2169,2169,2174,2175,2174,2174,2173]}","{}"
1.bmp,28311606,"{}",607,276,"{""name"":""polygon"",""all_points_x"":[1157,1151,1152,1162,1181,1196,1215,1232,1250,1257,1244,1215,1186],""all_points_y"":[2213,2215,2217,2216,2215,2212,2209,2205,2200,2196,2199,2206,2211]}","{}"
1.bmp,28311606,"{}",607,277,"{""name"":""polygon"",""all_points_x"":[1175,1158,1140,1127,1127,1137,1152,1166,1176],""all_points_y"":[2196,2198,2203,2207,2209,2208,2204,2200,2199]}","{}"
1.bmp,28311606,"{}",607,278,"{""name"":""polygon"",""all_points_x"":[1408,1397,1382,1357,1339,1316,1300,1292,1279,1259,1243,1242,1244,1253,1270,1280,1293,1303,1314,1335,1354,1374,1393,1403,1409],""all_points_y"":[2158,2161,2164,2169,2173,2175,2175,2179,2182,2184,2188,2189,2192,2190,2186,2185,2183,2179,2179,2177,2175,2172,2165,2163,2160]}","{}"
1.bmp,28311606,"{}",607,279,"{""name"":""polygon"",""all_points_x"":[1245,1243,1250,1266,1275,1288,1298,1309,1324,1341,1347,1343,1324,1309,1303,1293,1277,1268],""all_points_y"":[2193,2198,2197,2192,2190,2188,2187,2190,2189,2190,2185,2183,2185,2182,2181,2184,2186,2188]}","{}"
1.bmp,28311606,"{}",607,280,"{""name"":""polygon"",""all_points_x"":[1350,1343,1335,1325,1317,1303,1287,1275,1264,1256,1249,1251,1253,1257,1274,1291,1310,1323,1332,1343,1351],""all_points_y"":[2188,2190,2192,2196,2200,2205,2214,2221,2226,2233,2239,2242,2242,2236,2226,2216,2207,2203,2199,2192,2191]}","{}"
1.bmp,28311606,"{}",607,281,"{""name"":""polygon"",""all_points_x"":[1367,1356,1335,1312,1290,1261,1242,1227,1222,1227,1250,1252,1267,1280,1308,1339,1359,1369],""all_points_y"":[2222,2228,2235,2240,2250,2265,2276,2282,2285,2298,2287,2283,2272,2264,2250,2239,2234,2232]}","{}"
1.bmp,28311606,"{}",607,282,"{""name"":""polygon"",""all_points_x"":[1297,1283,1269,1258,1267,1285,1307,1331,1330],""all_points_y"":[2298,2306,2316,2326,2326,2311,2297,2282,2276]}","{}"
1.bmp,28311606,"{}",607,283,"{""name"":""polygon"",""all_points_x"":[1412,1396,1373,1352,1335,1310,1272,1241,1237,1250,1267,1301,1329,1345,1360,1386,1405,1414],""all_points_y"":[2265,2275,2288,2303,2310,2315,2326,2332,2334,2335,2331,2322,2314,2310,2303,2285,2275,2267]}","{}"
1.bmp,28311606,"{}",607,284,"{""name"":""polygon"",""all_points_x"":[1390,1379,1361,1341,1326,1325,1327,1342,1365,1378,1394],""all_points_y"":[2318,2323,2329,2336,2340,2344,2346,2341,2333,2329,2321]}","{}"
1.bmp,28311606,"{}",607,285,"{""name"":""polygon"",""all_points_x"":[1315,1300,1284,1259,1233,1211,1182,1149,1130,1123,1124,1135,1159,1185,1207,1236,1260,1297,1319],""all_points_y"":[2356,2361,2366,2374,2382,2391,2397,2403,2406,2405,2415,2415,2408,2405,2399,2388,2380,2367,2363]}","{}"
1.bmp,28311606,"{}",607,286,"{""name"":""polygon"",""all_points_x"":[1349,1340,1327,1312,1296,1283,1266,1237,1216,1197,1164,1161,1174,1193,1217,1245,1277,1294,1307,1320,1346,1353],""all_points_y"":[2383,2390,2393,2397,2409,2417,2423,2433,2441,2451,2467,2471,2467,2458,2445,2435,2425,2416,2406,2398,2393,2385]}","{}"
1.bmp,28311606,"{}",607,287,"{""name"":""polygon"",""all_points_x"":[1177,1151,1133,1131,1134,1158,1179],""all_points_y"":[2381,2385,2385,2390,2392,2390,2385]}","{}"
1.bmp,28311606,"{}",607,288,"{""name"":""polygon"",""all_points_x"":[1135,1132,1132,1133,1129,1128,1129,1134,1134,1138,1136,1135,1139],""all_points_y"":[2609,2623,2637,2648,2665,2677,2690,2690,2670,2649,2634,2623,2611]}","{}"
1.bmp,28311606,"{}",607,289,"{""name"":""polygon"",""all_points_x"":[1530,1516,1498,1475,1445,1422,1405,1377,1355,1336,1314,1292,1266,1242,1206,1171,1153,1155,1166,1186,1230,1260,1271,1309,1353,1401,1424,1450,1479,1513,1534],""all_points_y"":[2459,2464,2466,2469,2478,2483,2484,2491,2498,2500,2505,2512,2516,2524,2528,2533,2536,2545,2543,2540,2534,2526,2523,2516,2505,2492,2488,2482,2473,2470,2463]}","{}"
1.bmp,28311606,"{}",607,290,"{""name"":""polygon"",""all_points_x"":[1390,1388,1393,1399,1401,1401,1402,1407,1410,1412,1415,1414,1405,1405,1397],""all_points_y"":[2369,2372,2382,2391,2400,2413,2423,2437,2449,2455,2454,2445,2413,2399,2380]}","{}"
1.bmp,28311606,"{}",607,291,"{""name"":""polygon"",""all_points_x"":[1280,1275,1262,1239,1226,1219,1220,1232,1241,1257,1273,1280,1282],""all_points_y"":[2266,2274,2283,2295,2305,2315,2318,2305,2299,2289,2282,2275,2267]}","{}"
1.bmp,28311606,"{}",607,292,"{""name"":""polygon"",""all_points_x"":[1471,1463,1435,1417,1393,1372,1337,1320,1305,1303,1311,1329,1348,1381,1404,1426,1451,1464,1470,1473],""all_points_y"":[2152,2162,2173,2177,2187,2193,2203,2209,2217,2221,2220,2211,2205,2195,2188,2180,2172,2168,2161,2154]}","{}"
1.bmp,28311606,"{}",607,293,"{""name"":""polygon"",""all_points_x"":[1157,1145,1129,1104,1076,1045,1018,968,928,892,891,902,952,976,1002,1030,1050,1061,1094,1123,1144,1158],""all_points_y"":[2799,2800,2807,2809,2813,2816,2814,2815,2817,2817,2825,2825,2824,2823,2821,2822,2824,2820,2817,2813,2807,2803]}","{}"
1.bmp,28311606,"{}",607,294,"{""name"":""polygon"",""all_points_x"":[1381,1374,1366,1359,1349,1334,1342,1347,1356,1368,1371,1379,1385],""all_points_y"":[2456,2459,2461,2474,2489,2512,2513,2509,2489,2468,2464,2461,2458]}","{}"
1.bmp,28311606,"{}",607,295,"{""name"":""polygon"",""all_points_x"":[1137,1123,1102,1077,1053,1046,1046,1047,1055,1073,1085,1104,1125,1140],""all_points_y"":[2819,2823,2829,2833,2837,2839,2842,2843,2840,2837,2837,2832,2827,2822]}","{}"
1.bmp,28311606,"{}",607,296,"{""name"":""polygon"",""all_points_x"":[1240,1230,1220,1210,1184,1173,1155,1128,1102,1087,1089,1091,1100,1118,1144,1165,1183,1198,1216,1234,1240],""all_points_y"":[2848,2850,2852,2854,2855,2858,2859,2862,2867,2869,2872,2875,2872,2869,2864,2861,2858,2858,2857,2852,2850]}","{}"
1.bmp,28311606,"{}",607,297,"{""name"":""polygon"",""all_points_x"":[1124,1129,1125,1122,1116,1110,1100,1095,1103,1111,1119],""all_points_y"":[2921,2932,2947,2965,2978,2994,3009,3003,2987,2968,2939]}","{}"
1.bmp,28311606,"{}",607,298,"{""name"":""polygon"",""all_points_x"":[1278,1260,1255,1248,1230,1211,1193,1186,1189,1205,1218,1239,1258,1267,1279],""all_points_y"":[2926,2934,2939,2941,2949,2960,2971,2977,2978,2966,2960,2948,2941,2935,2928]}","{}"
1.bmp,28311606,"{}",607,299,"{""name"":""polygon"",""all_points_x"":[1287,1288,1287,1280,1272,1266,1255,1239,1240,1252,1266,1280,1285,1285],""all_points_y"":[2932,2935,2941,2949,2957,2963,2968,2978,2970,2965,2959,2943,2938,2934]}","{}"
1.bmp,28311606,"{}",607,300,"{""name"":""polygon"",""all_points_x"":[1218,1215,1221,1220,1220,1223,1222,1226,1227,1224,1226,1223,1219,1220],""all_points_y"":[2991,3001,3028,3045,3057,3063,3071,3071,3058,3053,3029,3014,3002,2995]}","{}"
1.bmp,28311606,"{}",607,301,"{""name"":""polygon"",""all_points_x"":[1142,1125,1113,1099,1102,1116,1136,1143],""all_points_y"":[2837,2848,2856,2864,2866,2859,2845,2838]}","{}"
1.bmp,28311606,"{}",607,302,"{""name"":""polygon"",""all_points_x"":[1437,1420,1393,1374,1346,1322,1292,1274,1269,1273,1290,1313,1355,1384,1407,1440],""all_points_y"":[1926,1930,1936,1943,1955,1966,1977,1986,1990,1993,1984,1975,1956,1945,1938,1929]}","{}"
1.bmp,28311606,"{}",607,303,"{""name"":""polygon"",""all_points_x"":[1419,1414,1421,1433,1442,1448,1454,1444,1433,1427],""all_points_y"":[1846,1850,1863,1880,1893,1897,1896,1881,1866,1860]}","{}"
1.bmp,28311606,"{}",607,304,"{""name"":""polygon"",""all_points_x"":[1353,1365,1380,1397,1419,1433,1432,1419,1393,1375,1358,1350],""all_points_y"":[1657,1663,1669,1676,1684,1689,1694,1688,1679,1671,1664,1659]}","{}"
1.bmp,28311606,"{}",607,305,"{""name"":""polygon"",""all_points_x"":[1283,1265,1246,1237,1242,1259,1281,1295,1290],""all_points_y"":[1522,1528,1530,1538,1544,1541,1530,1527,1521]}","{}"
1.bmp,28311606,"{}",607,306,"{""name"":""polygon"",""all_points_x"":[1358,1355,1366,1390,1407,1421,1443,1458,1456,1432,1404,1382,1365],""all_points_y"":[1280,1287,1294,1309,1318,1330,1346,1356,1350,1332,1313,1299,1287]}","{}"
1.bmp,28311606,"{}",607,307,"{""name"":""polygon"",""all_points_x"":[1399,1379,1357,1332,1308,1306,1316,1339,1366,1391,1403],""all_points_y"":[1190,1188,1186,1188,1194,1200,1197,1194,1194,1194,1194]}","{}"
1.bmp,28311606,"{}",607,308,"{""name"":""polygon"",""all_points_x"":[1408,1390,1368,1351,1334,1320,1315,1321,1335,1354,1369,1388,1413],""all_points_y"":[1207,1214,1221,1227,1234,1240,1244,1246,1239,1234,1227,1222,1212]}","{}"
1.bmp,28311606,"{}",607,309,"{""name"":""polygon"",""all_points_x"":[1194,1193,1205,1225,1240,1253,1251,1234,1219,1205],""all_points_y"":[944,946,952,965,976,983,975,966,956,948]}","{}"
1.bmp,28311606,"{}",607,310,"{""name"":""polygon"",""all_points_x"":[1317,1313,1320,1328,1339,1350,1361,1374,1383,1392,1396,1399,1395,1382,1360,1339,1328],""all_points_y"":[792,796,807,828,856,882,908,941,968,988,1010,1010,989,952,895,847,817]}","{}"
1.bmp,28311606,"{}",607,311,"{""name"":""polygon"",""all_points_x"":[1348,1342,1343,1348,1359,1368,1379,1387,1396,1403,1411,1412,1399,1379,1363],""all_points_y"":[838,837,844,849,875,898,923,940,961,978,990,984,961,914,875]}","{}"
1.bmp,28311606,"{}",607,312,"{""name"":""polygon"",""all_points_x"":[1367,1372,1372,1372,1373,1373,1375,1377,1381,1385,1389,1395,1400,1403,1400,1399,1399,1388,1377,1369],""all_points_y"":[735,735,749,774,790,816,841,865,890,914,937,967,984,1000,1007,1002,996,949,894,822]}","{}"
1.bmp,28311606,"{}",607,313,"{""name"":""polygon"",""all_points_x"":[1375,1372,1382,1392,1403,1407,1411,1417,1420,1405,1395,1386],""all_points_y"":[817,826,844,870,902,916,924,943,942,899,868,844]}","{}"
1.bmp,28311606,"{}",607,314,"{""name"":""polygon"",""all_points_x"":[1414,1418,1421,1422,1424,1424,1426,1428,1429,1431,1432,1435,1432,1425,1420,1418],""all_points_y"":[675,676,695,719,744,764,785,811,834,862,879,896,895,830,765,705]}","{}"
1.bmp,28311606,"{}",607,315,"{""name"":""polygon"",""all_points_x"":[1495,1502,1504,1508,1509,1511,1506],""all_points_y"":[63,64,92,116,134,148,147]}","{}"
1.bmp,28311606,"{}",607,316,"{""name"":""polygon"",""all_points_x"":[1442,1449,1448,1445,1444,1440,1441,1443],""all_points_y"":[149,151,170,195,212,209,186,175]}","{}"
1.bmp,28311606,"{}",607,317,"{""name"":""polygon"",""all_points_x"":[1393,1391,1398,1411,1429,1437,1452,1462,1475,1485,1498,1507,1497,1479,1475,1453,1427],""all_points_y"":[158,159,165,177,194,199,213,221,231,243,253,258,248,232,225,209,187]}","{}"
1.bmp,28311606,"{}",607,318,"{""name"":""polygon"",""all_points_x"":[1651,1651,1650,1654,1653,1654,1657,1657,1653,1655],""all_points_y"":[109,116,125,137,152,158,157,135,123,108]}","{}"
1.bmp,28311606,"{}",607,319,"{""name"":""polygon"",""all_points_x"":[1656,1651,1660,1668,1687,1693,1695,1681,1668],""all_points_y"":[93,100,107,120,144,151,147,131,112]}","{}"
1.bmp,28311606,"{}",607,320,"{""name"":""polygon"",""all_points_x"":[1418,1416,1414,1416,1416,1418,1421,1426,1426,1432,1424,1420,1420,1418,1422],""all_points_y"":[112,126,137,151,165,172,182,199,204,198,178,165,154,135,112]}","{}"
1.bmp,28311606,"{}",607,321,"{""name"":""polygon"",""all_points_x"":[1537,1541,1544,1545,1549,1548,1546,1550,1551,1545,1541,1541,1540],""all_points_y"":[240,240,258,272,295,314,326,346,354,353,330,303,274]}","{}"
1.bmp,28311606,"{}",607,322,"{""name"":""polygon"",""all_points_x"":[1583,1589,1588,1587,1588,1591,1594,1588,1584,1585,1585],""all_points_y"":[269,268,283,298,313,328,337,336,312,289,275]}","{}"
1.bmp,28311606,"{}",607,323,"{""name"":""polygon"",""all_points_x"":[1592,1590,1590,1596,1613,1630,1643,1657,1671,1679,1684,1686,1679,1675,1655,1632],""all_points_y"":[292,291,294,300,316,328,339,350,359,368,370,367,364,356,343,326]}","{}"
1.bmp,28311606,"{}",607,324,"{""name"":""polygon"",""all_points_x"":[1448,1452,1449,1444,1441,1441,1442,1444,1440,1438,1437,1444,1447],""all_points_y"":[265,266,278,287,294,310,324,331,330,319,294,278,272]}","{}"
1.bmp,28311606,"{}",607,325,"{""name"":""polygon"",""all_points_x"":[1414,1420,1420,1422,1424,1420],""all_points_y"":[288,285,296,308,318,318]}","{}"
1.bmp,28311606,"{}",607,326,"{""name"":""polygon"",""all_points_x"":[1426,1431,1434,1434,1435,1437,1435,1437,1439,1442,1444,1440,1437,1434,1432,1433],""all_points_y"":[373,374,390,402,410,419,426,434,444,454,468,467,451,434,427,419]}","{}"
1.bmp,28311606,"{}",607,327,"{""name"":""polygon"",""all_points_x"":[1437,1435,1438,1439,1439,1441,1442,1444,1446,1449,1452,1448,1445,1442,1441],""all_points_y"":[400,403,413,421,427,438,448,459,470,477,475,462,441,425,413]}","{}"
1.bmp,28311606,"{}",607,328,"{""name"":""polygon"",""all_points_x"":[1301,1299,1302,1310,1321,1334,1359,1380,1395,1410,1425,1437,1435,1420,1398,1376,1346,1324,1311,1304],""all_points_y"":[403,408,414,415,418,423,430,435,437,439,443,445,442,438,433,428,419,414,409,406]}","{}"
1.bmp,28311606,"{}",607,329,"{""name"":""polygon"",""all_points_x"":[1472,1460,1449,1434,1426,1421,1421,1422,1432,1445,1457,1471,1480,1480],""all_points_y"":[444,442,441,438,435,433,436,438,441,445,446,448,451,448]}","{}"
1.bmp,28311606,"{}",607,330,"{""name"":""polygon"",""all_points_x"":[1511,1516,1519,1518,1519,1521,1523,1526,1524,1519,1516,1514],""all_points_y"":[434,433,438,449,464,475,484,493,499,495,479,460]}","{}"
1.bmp,28311606,"{}",607,331,"{""name"":""polygon"",""all_points_x"":[1372,1374,1377,1380,1380,1389,1394,1394,1399,1407,1410,1411,1415,1417,1413,1409,1403,1394,1387,1378,1376,1375,1369],""all_points_y"":[452,454,461,467,476,485,498,505,518,533,542,549,558,562,563,554,537,521,503,489,472,464,454]}","{}"
1.bmp,28311606,"{}",607,332,"{""name"":""polygon"",""all_points_x"":[1411,1413,1414,1415,1417,1420,1425,1429,1435,1437,1436,1440,1439,1436,1432,1427,1424,1416,1412],""all_points_y"":[433,433,441,452,463,474,484,490,501,510,517,526,529,527,511,496,487,475,454]}","{}"
1.bmp,28311606,"{}",607,333,"{""name"":""polygon"",""all_points_x"":[1623,1627,1625,1623,1622,1622,1621,1623,1624,1621,1620,1618,1620],""all_points_y"":[442,443,450,457,464,473,478,483,496,496,488,478,458]}","{}"
1.bmp,28311606,"{}",607,334,"{""name"":""polygon"",""all_points_x"":[1586,1590,1588,1588,1589,1590,1592,1595,1600,1600,1601,1597,1596,1592,1588,1584,1584],""all_points_y"":[453,453,465,475,487,503,516,534,550,564,574,573,561,538,521,498,469]}","{}"
1.bmp,28311606,"{}",607,335,"{""name"":""polygon"",""all_points_x"":[1549,1552,1552,1553,1550,1550,1551,1551,1551,1548,1547,1546,1546,1549],""all_points_y"":[503,503,508,512,514,522,542,549,555,554,545,529,511,510]}","{}"
1.bmp,28311606,"{}",607,336,"{""name"":""polygon"",""all_points_x"":[1478,1476,1483,1494,1508,1523,1545,1556,1565,1574,1580,1586,1593,1599,1604,1606,1601,1590,1583,1579,1566,1554,1541],""all_points_y"":[516,521,524,533,546,559,577,592,607,620,631,641,651,662,671,668,656,640,630,618,598,580,565]}","{}"
1.bmp,28311606,"{}",607,337,"{""name"":""polygon"",""all_points_x"":[1369,1366,1365,1371,1378,1392,1413,1435,1451,1471,1484,1491,1490,1482,1461,1426,1393,1384],""all_points_y"":[571,573,575,579,580,585,593,600,606,615,619,621,617,615,608,594,581,579]}","{}"
1.bmp,28311606,"{}",607,338,"{""name"":""polygon"",""all_points_x"":[1688,1679,1672,1667,1662,1657,1655,1655,1659,1660,1662,1668,1678,1691],""all_points_y"":[498,508,521,530,539,545,554,558,558,552,546,538,521,501]}","{}"
1.bmp,28311606,"{}",607,339,"{""name"":""polygon"",""all_points_x"":[1765,1767,1767,1766,1766,1767,1765,1762,1763],""all_points_y"":[328,328,343,356,367,377,379,368,344]}","{}"
1.bmp,28311606,"{}",607,340,"{""name"":""polygon"",""all_points_x"":[1622,1620,1624,1630,1632,1637,1637,1642,1640,1637,1632],""all_points_y"":[554,557,566,578,590,607,622,620,604,587,571]}","{}"
1.bmp,28311606,"{}",607,341,"{""name"":""polygon"",""all_points_x"":[1623,1630,1629,1618,1605,1592,1575,1569,1574,1586,1596,1607,1618],""all_points_y"":[626,628,631,629,620,614,610,602,603,608,611,618,624]}","{}"
1.bmp,28311606,"{}",607,342,"{""name"":""polygon"",""all_points_x"":[1567,1562,1553,1543,1535,1526,1517,1507,1505,1509,1514,1521,1531,1539,1550,1559,1571],""all_points_y"":[694,705,720,732,744,757,771,782,787,790,784,777,762,750,733,720,696]}","{}"
1.bmp,28311606,"{}",607,343,"{""name"":""polygon"",""all_points_x"":[1482,1478,1480,1484,1489,1495,1501,1504,1504,1497,1487,1484,1481,1485],""all_points_y"":[761,766,777,791,804,820,831,834,830,815,794,779,767,762]}","{}"
1.bmp,28311606,"{}",607,344,"{""name"":""polygon"",""all_points_x"":[1527,1531,1532,1534,1538,1544,1551,1556,1546,1537,1534,1531],""all_points_y"":[645,653,662,669,670,681,695,697,679,664,664,645]}","{}"
1.bmp,28311606,"{}",607,345,"{""name"":""polygon"",""all_points_x"":[1602,1611,1610,1597,1583,1572,1554,1542,1546,1557,1576,1591],""all_points_y"":[648,651,655,651,647,645,640,638,635,637,642,646]}","{}"
1.bmp,28311606,"{}",607,346,"{""name"":""polygon"",""all_points_x"":[1713,1719,1719,1719,1719,1718,1719,1719,1714,1713,1714],""all_points_y"":[617,618,633,649,661,668,681,686,682,665,645]}","{}"
1.bmp,28311606,"{}",607,347,"{""name"":""polygon"",""all_points_x"":[1757,1760,1761,1758,1756,1756,1753,1751,1751,1748,1746,1746,1746,1743,1741,1745,1747,1748,1751,1754],""all_points_y"":[663,663,666,670,678,683,689,697,705,713,723,731,736,736,725,711,703,688,684,671]}","{}"
1.bmp,28311606,"{}",607,348,"{""name"":""polygon"",""all_points_x"":[1582,1574,1577,1584,1599,1618,1639,1651,1673,1687,1706,1717,1727,1726,1710,1689,1669,1647,1624,1604],""all_points_y"":[741,745,750,746,742,739,738,737,739,741,741,740,741,738,735,734,733,733,734,735]}","{}"
1.bmp,28311606,"{}",607,349,"{""name"":""polygon"",""all_points_x"":[1549,1559,1571,1592,1608,1623,1641,1657,1664,1680,1702,1711,1722,1739,1753,1759,1770,1770,1767,1757,1749,1731,1719,1700,1676,1658,1638,1616,1588,1566,1545],""all_points_y"":[738,746,751,762,769,777,786,793,798,805,814,818,823,828,833,834,839,841,841,836,836,828,825,817,809,800,790,778,764,754,742]}","{}"
1.bmp,28311606,"{}",607,350,"{""name"":""polygon"",""all_points_x"":[1527,1523,1530,1538,1552,1567,1580,1599,1611,1627,1636,1646,1659,1672,1677,1666,1647,1635,1620],""all_points_y"":[769,774,775,778,784,788,792,800,804,810,812,814,817,824,825,817,811,808,803]}","{}"
1.bmp,28311606,"{}",607,351,"{""name"":""polygon"",""all_points_x"":[1649,1648,1660,1681,1702,1727,1747,1765,1782,1794,1802,1803,1794,1777,1740,1712,1681,1655],""all_points_y"":[771,775,778,782,786,790,793,797,799,801,805,803,798,795,789,785,778,773]}","{}"
1.bmp,28311606,"{}",607,352,"{""name"":""polygon"",""all_points_x"":[1791,1779,1762,1735,1713,1701,1701,1714,1733,1764,1782,1797,1816,1818],""all_points_y"":[802,801,798,796,795,794,797,799,800,801,804,809,813,810]}","{}"
1.bmp,28311606,"{}",607,353,"{""name"":""polygon"",""all_points_x"":[1684,1687,1689,1690,1691,1693,1695,1694,1689,1686],""all_points_y"":[711,709,715,723,732,744,756,759,754,728]}","{}"
1.bmp,28311606,"{}",607,354,"{""name"":""polygon"",""all_points_x"":[1845,1841,1843,1847,1853,1859,1863,1866],""all_points_y"":[761,762,771,779,793,805,812,811]}","{}"
1.bmp,28311606,"{}",607,355,"{""name"":""polygon"",""all_points_x"":[1458,1454,1460,1476,1486,1490,1494],""all_points_y"":[544,549,558,582,598,603,596]}","{}"
1.bmp,28311606,"{}",607,356,"{""name"":""polygon"",""all_points_x"":[1630,1627,1633,1641,1648,1655,1663,1669,1676,1682,1687,1674,1663,1654],""all_points_y"":[792,795,804,820,836,850,867,885,903,909,911,886,863,840]}","{}"
1.bmp,28311606,"{}",607,357,"{""name"":""polygon"",""all_points_x"":[1555,1556,1569,1597,1619,1638,1651,1660,1666,1683,1700,1711,1726,1730,1712,1694,1682,1660,1635,1601,1574],""all_points_y"":[838,841,845,849,851,850,851,851,854,856,857,856,857,854,853,853,853,848,847,844,842]}","{}"
1.bmp,28311606,"{}",607,358,"{""name"":""polygon"",""all_points_x"":[1631,1624,1617,1627,1635,1643,1652,1663,1672,1681,1691,1700,1711,1720,1731,1739,1742,1729,1712,1689,1680,1668,1653,1646],""all_points_y"":[842,840,842,847,855,869,884,902,918,937,957,973,993,1007,1025,1033,1032,1015,985,942,921,900,876,861]}","{}"
1.bmp,28311606,"{}",607,359,"{""name"":""polygon"",""all_points_x"":[1627,1619,1633,1644,1663,1692,1715,1735,1751,1770,1767,1738,1716,1684,1646,1633],""all_points_y"":[888,889,891,896,897,900,901,902,906,909,905,900,895,894,888,887]}","{}"
1.bmp,28311606,"{}",607,360,"{""name"":""polygon"",""all_points_x"":[1579,1574,1573,1575,1584,1599,1615,1633,1651,1675,1700,1720,1742,1757,1779,1796,1809,1810,1792,1761,1749,1720,1697,1645,1614,1593],""all_points_y"":[898,900,906,908,906,907,908,909,913,916,921,923,926,931,937,942,943,939,937,927,920,916,914,905,901,900]}","{}"
1.bmp,28311606,"{}",607,361,"{""name"":""polygon"",""all_points_x"":[1841,1837,1838,1844,1846,1848,1850,1855,1855,1860,1861,1867,1870,1874,1880,1882,1878,1874,1870,1865,1862,1856,1852,1845],""all_points_y"":[897,898,901,910,921,927,937,945,952,959,969,980,988,994,1002,1001,994,989,980,967,955,941,930,906]}","{}"
1.bmp,28311606,"{}",607,362,"{""name"":""polygon"",""all_points_x"":[1583,1574,1579,1589,1604,1628,1649,1674,1698,1724,1743,1766,1790,1810,1822,1843,1847,1816,1778,1743,1717,1668,1617,1599],""all_points_y"":[924,927,931,933,941,952,963,976,985,997,1007,1018,1029,1038,1043,1052,1049,1036,1017,1000,989,966,941,933]}","{}"
1.bmp,28311606,"{}",607,363,"{""name"":""polygon"",""all_points_x"":[1423,1425,1426,1426,1426,1426,1427,1429,1429,1431,1429,1427,1424,1423],""all_points_y"":[863,863,870,879,888,899,917,930,937,948,951,938,924,907]}","{}"
1.bmp,28311606,"{}",607,364,"{""name"":""polygon"",""all_points_x"":[1442,1437,1441,1446,1452,1463,1469,1477,1480,1486,1495,1500,1505,1507,1513,1511,1503,1490,1478,1455],""all_points_y"":[912,914,921,934,949,969,984,1005,1018,1033,1051,1063,1076,1084,1085,1078,1054,1028,994,946]}","{}"
1.bmp,28311606,"{}",607,365,"{""name"":""polygon"",""all_points_x"":[1470,1465,1468,1472,1478,1485,1492,1496,1495],""all_points_y"":[953,954,962,976,993,1012,1032,1038,1030]}","{}"
1.bmp,28311606,"{}",607,366,"{""name"":""polygon"",""all_points_x"":[1473,1471,1476,1480,1485,1490,1497,1500,1507,1511,1516,1520,1529,1534,1540,1542,1531,1515,1510],""all_points_y"":[953,956,966,975,986,998,1008,1016,1028,1035,1052,1061,1078,1089,1096,1092,1076,1037,1023]}","{}"
1.bmp,28311606,"{}",607,367,"{""name"":""polygon"",""all_points_x"":[1494,1491,1495,1498,1501,1505,1508,1511,1511,1516,1519,1524,1527,1530,1533,1527,1522,1518],""all_points_y"":[896,899,915,930,940,955,970,985,992,1008,1027,1040,1054,1063,1060,1039,1021,997]}","{}"
1.bmp,28311606,"{}",607,368,"{""name"":""polygon"",""all_points_x"":[1525,1527,1537,1550,1577,1595,1619,1643,1664,1683,1700,1717,1730,1730,1696,1667,1646,1617,1585,1562,1540],""all_points_y"":[1005,1014,1019,1024,1034,1038,1046,1056,1066,1072,1078,1083,1086,1082,1072,1062,1051,1041,1029,1023,1014]}","{}"
1.bmp,28311606,"{}",607,369,"{""name"":""polygon"",""all_points_x"":[1636,1636,1646,1663,1680,1695,1711,1721,1734,1742,1742,1730,1709,1682,1661],""all_points_y"":[1029,1032,1037,1046,1053,1059,1065,1068,1075,1080,1076,1069,1061,1049,1042]}","{}"
1.bmp,28311606,"{}",607,370,"{""name"":""polygon"",""all_points_x"":[1634,1618,1587,1582,1579,1582,1586,1594,1616,1636],""all_points_y"":[975,974,981,987,997,997,988,982,978,979]}","{}"
1.bmp,28311606,"{}",607,371,"{""name"":""polygon"",""all_points_x"":[1686,1672,1665,1655,1636,1622,1614,1602,1584,1574,1571,1571,1578,1583,1593,1603,1614,1625,1636,1652,1664,1673,1685],""all_points_y"":[1121,1119,1119,1118,1118,1120,1121,1120,1123,1128,1132,1134,1130,1127,1126,1124,1125,1123,1122,1121,1122,1123,1125]}","{}"
1.bmp,28311606,"{}",607,372,"{""name"":""polygon"",""all_points_x"":[1496,1493,1502,1516,1532,1543,1550,1560,1578,1598,1609,1624,1640,1658,1664,1651,1618,1595,1564],""all_points_y"":[1110,1116,1121,1129,1142,1153,1155,1164,1181,1196,1205,1217,1230,1249,1247,1235,1204,1187,1161]}","{}"
1.bmp,28311606,"{}",607,373,"{""name"":""polygon"",""all_points_x"":[1497,1497,1504,1513,1522,1533,1539,1541,1520],""all_points_y"":[1168,1177,1186,1199,1210,1222,1230,1225,1200]}","{}"
1.bmp,28311606,"{}",607,374,"{""name"":""polygon"",""all_points_x"":[1537,1535,1542,1549,1558,1565,1579,1582,1585],""all_points_y"":[1152,1155,1167,1182,1198,1211,1238,1244,1240]}","{}"
1.bmp,28311606,"{}",607,375,"{""name"":""polygon"",""all_points_x"":[1435,1434,1438,1441,1442,1443,1444,1446,1445,1443,1442,1442,1444,1447,1449,1449,1444,1444],""all_points_y"":[1084,1092,1104,1120,1134,1150,1168,1177,1187,1207,1220,1223,1221,1201,1180,1171,1131,1120]}","{}"
1.bmp,28311606,"{}",607,376,"{""name"":""polygon"",""all_points_x"":[1490,1489,1494,1500,1507,1515,1522,1531,1535,1533,1522],""all_points_y"":[1139,1142,1150,1160,1172,1187,1198,1209,1213,1206,1192]}","{}"
1.bmp,28311606,"{}",607,377,"{""name"":""polygon"",""all_points_x"":[1655,1651,1655,1661,1667,1671,1677,1683,1685,1690,1695,1702,1711,1714,1718,1724,1733,1738,1734,1725,1717,1715,1706,1698,1687,1681,1674],""all_points_y"":[1078,1080,1093,1110,1125,1139,1153,1164,1172,1185,1194,1206,1211,1221,1232,1244,1256,1259,1253,1238,1221,1210,1205,1194,1165,1152,1135]}","{}"
1.bmp,28311606,"{}",607,378,"{""name"":""polygon"",""all_points_x"":[1598,1610,1622,1637,1647,1664,1681,1677,1663,1654,1639,1624,1597],""all_points_y"":[1157,1165,1172,1181,1187,1194,1198,1201,1197,1194,1186,1176,1160]}","{}"
1.bmp,28311606,"{}",607,379,"{""name"":""polygon"",""all_points_x"":[1604,1604,1615,1638,1650,1672,1689,1709,1728,1750,1766,1783,1781,1767,1757,1735,1716,1675,1653,1628],""all_points_y"":[1170,1174,1176,1180,1181,1186,1190,1193,1197,1199,1200,1200,1198,1197,1197,1195,1191,1183,1179,1175]}","{}"
1.bmp,28311606,"{}",607,380,"{""name"":""polygon"",""all_points_x"":[1491,1486,1488,1509,1525,1540,1548,1545,1527,1511,1499],""all_points_y"":[1202,1207,1215,1226,1236,1245,1249,1242,1230,1221,1213]}","{}"
1.bmp,28311606,"{}",607,381,"{""name"":""polygon"",""all_points_x"":[1616,1615,1621,1631,1643,1658,1666,1667,1652,1639,1628],""all_points_y"":[1292,1296,1307,1324,1341,1358,1368,1366,1344,1329,1310]}","{}"
1.bmp,28311606,"{}",607,382,"{""name"":""polygon"",""all_points_x"":[1624,1624,1638,1650,1670,1685,1700,1712,1711,1679,1654,1639],""all_points_y"":[1385,1390,1397,1404,1416,1426,1436,1445,1439,1417,1403,1395]}","{}"
1.bmp,28311606,"{}",607,383,"{""name"":""polygon"",""all_points_x"":[1732,1730,1739,1750,1760,1771,1781,1793,1798,1806,1816,1833,1843,1857,1872,1882,1891,1901,1898,1883,1848,1827,1815,1799,1779,1756],""all_points_y"":[1099,1102,1112,1120,1130,1139,1147,1156,1160,1170,1175,1192,1203,1215,1228,1239,1247,1254,1248,1235,1204,1182,1170,1155,1139,1121]}","{}"
1.bmp,28311606,"{}",607,384,"{""name"":""polygon"",""all_points_x"":[1725,1719,1720,1726,1736,1746,1759,1773,1784,1788,1795,1805,1812,1825,1834,1838,1838,1819,1810,1796,1785,1778,1741,1731,1729],""all_points_y"":[1104,1103,1107,1110,1120,1127,1138,1150,1157,1162,1167,1175,1181,1188,1198,1201,1199,1179,1174,1164,1153,1148,1119,1112,1110]}","{}"
1.bmp,28311606,"{}",607,385,"{""name"":""polygon"",""all_points_x"":[1718,1712,1711,1718,1735,1760,1788,1803,1833,1848,1857,1870,1888,1903,1903,1891,1864,1851,1833,1795],""all_points_y"":[1148,1147,1151,1153,1157,1163,1170,1175,1182,1187,1189,1193,1197,1202,1199,1195,1188,1183,1177,1168]}","{}"
1.bmp,28311606,"{}",607,386,"{""name"":""polygon"",""all_points_x"":[1794,1791,1792,1798,1812,1828,1843,1858,1869,1883,1899,1908,1907,1894,1873,1858,1849,1828,1808],""all_points_y"":[1145,1147,1150,1151,1159,1165,1169,1175,1180,1188,1196,1199,1197,1189,1179,1171,1168,1161,1153]}","{}"
1.bmp,28311606,"{}",607,387,"{""name"":""polygon"",""all_points_x"":[1861,1858,1866,1874,1882,1892,1896,1880,1873],""all_points_y"":[1136,1140,1151,1163,1173,1185,1184,1159,1151]}","{}"
1.bmp,28311606,"{}",607,388,"{""name"":""polygon"",""all_points_x"":[1857,1852,1856,1862,1868,1876,1883,1891,1898,1904,1895,1883,1871],""all_points_y"":[1140,1142,1151,1164,1175,1189,1201,1215,1229,1225,1213,1187,1169]}","{}"
1.bmp,28311606,"{}",607,389,"{""name"":""polygon"",""all_points_x"":[1895,1894,1881,1867,1850,1827,1811,1792,1778,1760,1760,1781,1794,1818,1838,1856,1873],""all_points_y"":[1205,1208,1205,1201,1200,1205,1206,1210,1219,1226,1220,1210,1203,1200,1198,1194,1198]}","{}"
1.bmp,28311606,"{}",607,390,"{""name"":""polygon"",""all_points_x"":[1607,1612,1612,1614,1615,1622,1636,1638,1641,1645,1654,1663,1670,1677,1686,1682,1670,1665,1647,1637,1624,1616,1610,1610],""all_points_y"":[1205,1209,1217,1232,1241,1257,1279,1283,1291,1305,1323,1336,1351,1362,1376,1377,1363,1352,1322,1302,1271,1254,1235,1230]}","{}"
1.bmp,28311606,"{}",607,391,"{""name"":""polygon"",""all_points_x"":[1663,1644,1632,1618,1611,1614,1620,1629,1640,1659,1665],""all_points_y"":[1265,1266,1267,1272,1283,1285,1279,1274,1272,1270,1270]}","{}"
1.bmp,28311606,"{}",607,392,"{""name"":""polygon"",""all_points_x"":[1757,1756,1762,1767,1772,1779,1783,1788,1797,1805,1808,1804,1789,1783,1779,1774],""all_points_y"":[1223,1228,1236,1246,1259,1272,1282,1295,1312,1325,1325,1315,1286,1267,1256,1249]}","{}"
1.bmp,28311606,"{}",607,393,"{""name"":""polygon"",""all_points_x"":[1745,1740,1740,1749,1757,1767,1783,1797,1811,1826,1841,1859,1873,1884,1885,1866,1847,1824,1798,1781,1767,1759],""all_points_y"":[1274,1274,1278,1282,1289,1300,1318,1336,1352,1368,1382,1400,1415,1424,1418,1400,1381,1358,1328,1309,1293,1284]}","{}"
1.bmp,28311606,"{}",607,394,"{""name"":""polygon"",""all_points_x"":[1815,1812,1807,1802,1800,1795,1787,1784,1778,1777,1777,1782,1784,1789,1794,1799,1805,1806,1812,1816,1817],""all_points_y"":[1389,1400,1409,1421,1432,1441,1449,1458,1477,1485,1488,1487,1469,1453,1446,1443,1429,1424,1406,1403,1390]}","{}"
1.bmp,28311606,"{}",607,395,"{""name"":""polygon"",""all_points_x"":[1687,1685,1691,1708,1729,1736,1757,1782,1799,1810,1809,1791,1766,1755,1738,1724,1702,1692],""all_points_y"":[1463,1469,1472,1478,1484,1491,1495,1498,1498,1500,1495,1492,1488,1487,1483,1479,1471,1467]}","{}"
1.bmp,28311606,"{}",607,396,"{""name"":""polygon"",""all_points_x"":[1773,1762,1752,1740,1724,1708,1684,1666,1649,1651,1657,1675,1693,1708,1718,1729,1744,1751,1767,1776],""all_points_y"":[1498,1502,1506,1513,1515,1522,1530,1532,1533,1540,1537,1536,1532,1526,1523,1518,1515,1510,1504,1500]}","{}"
1.bmp,28311606,"{}",607,397,"{""name"":""polygon"",""all_points_x"":[1783,1778,1783,1789,1795,1805,1813,1819,1825,1828,1818,1808],""all_points_y"":[1502,1507,1509,1511,1521,1527,1533,1536,1534,1532,1530,1524]}","{}"
1.bmp,28311606,"{}",607,398,"{""name"":""polygon"",""all_points_x"":[1557,1555,1557,1563,1574,1594,1615,1633,1651,1669,1681,1680,1670,1636,1619,1587],""all_points_y"":[1561,1563,1565,1565,1565,1565,1563,1563,1561,1559,1557,1554,1556,1558,1560,1561]}","{}"
1.bmp,28311606,"{}",607,399,"{""name"":""polygon"",""all_points_x"":[1702,1700,1704,1711,1717,1723,1734,1739,1742,1734,1721],""all_points_y"":[1404,1407,1416,1428,1438,1453,1471,1483,1483,1467,1442]}","{}"
1.bmp,28311606,"{}",607,400,"{""name"":""polygon"",""all_points_x"":[1844,1841,1847,1855,1866,1870,1875,1882,1889,1894,1901,1911,1918,1919,1911,1903,1893,1883,1874,1868,1857],""all_points_y"":[832,836,843,853,864,870,873,884,897,907,918,926,934,932,922,914,897,876,867,862,850]}","{}"
1.bmp,28311606,"{}",607,401,"{""name"":""polygon"",""all_points_x"":[1621,1620,1624,1639,1652,1663,1673,1671,1656,1641],""all_points_y"":[1394,1397,1402,1409,1416,1426,1434,1428,1416,1408]}","{}"
1.bmp,28311606,"{}",607,402,"{""name"":""polygon"",""all_points_x"":[1838,1826,1809,1791,1778,1778,1786,1799,1817,1828,1841],""all_points_y"":[1578,1582,1587,1590,1592,1598,1597,1594,1590,1587,1581]}","{}"
1.bmp,28311606,"{}",607,403,"{""name"":""polygon"",""all_points_x"":[1854,1840,1826,1809,1793,1783,1778,1777,1783,1794,1804,1819,1831,1849,1854],""all_points_y"":[1683,1681,1678,1674,1671,1667,1667,1673,1674,1674,1677,1681,1684,1687,1687]}","{}"
1.bmp,28311606,"{}",607,404,"{""name"":""polygon"",""all_points_x"":[1655,1659,1668,1685,1704,1720,1738,1751,1765,1788,1795,1795,1776,1755,1724,1699,1685,1671,1657],""all_points_y"":[1644,1651,1658,1666,1675,1685,1694,1701,1707,1718,1721,1717,1710,1699,1683,1669,1663,1657,1645]}","{}"
1.bmp,28311606,"{}",607,405,"{""name"":""polygon"",""all_points_x"":[1433,1424,1414,1403,1392,1383,1386,1391,1402,1414,1425,1434],""all_points_y"":[1704,1709,1713,1719,1724,1727,1729,1728,1724,1716,1711,1706]}","{}"
1.bmp,28311606,"{}",607,406,"{""name"":""polygon"",""all_points_x"":[1455,1464,1468,1475,1482,1492,1499,1506,1512,1518,1525,1525,1517,1510,1493,1480,1466,1455],""all_points_y"":[1722,1727,1731,1738,1745,1754,1760,1766,1771,1776,1778,1781,1779,1774,1758,1747,1733,1725]}","{}"
1.bmp,28311606,"{}",607,407,"{""name"":""polygon"",""all_points_x"":[1636,1623,1599,1581,1558,1551,1554,1564,1576,1590,1604,1616,1632,1637],""all_points_y"":[1714,1713,1713,1713,1715,1717,1719,1718,1717,1716,1716,1716,1716,1716]}","{}"
1.bmp,28311606,"{}",607,408,"{""name"":""polygon"",""all_points_x"":[1835,1828,1821,1813,1810,1807,1806,1808,1811,1809,1812,1817,1824,1837],""all_points_y"":[1569,1577,1587,1596,1606,1617,1628,1632,1632,1623,1611,1598,1589,1572]}","{}"
1.bmp,28311606,"{}",607,409,"{""name"":""polygon"",""all_points_x"":[1828,1819,1804,1791,1781,1783,1793,1808,1821,1829],""all_points_y"":[1574,1576,1581,1586,1589,1590,1589,1584,1580,1576]}","{}"
1.bmp,28311606,"{}",607,410,"{""name"":""polygon"",""all_points_x"":[1746,1749,1750,1753,1756,1756,1759,1763,1767,1763,1759,1755,1753,1749],""all_points_y"":[1586,1586,1592,1603,1610,1619,1630,1639,1649,1649,1640,1628,1614,1603]}","{}"
1.bmp,28311606,"{}",607,411,"{""name"":""polygon"",""all_points_x"":[1496,1479,1456,1431,1411,1390,1376,1362,1355,1356,1361,1371,1388,1397,1417,1434,1455,1478,1500],""all_points_y"":[1791,1793,1795,1797,1801,1808,1811,1816,1822,1824,1821,1816,1812,1810,1803,1801,1798,1797,1795]}","{}"
1.bmp,28311606,"{}",607,412,"{""name"":""polygon"",""all_points_x"":[1625,1617,1609,1596,1580,1570,1560,1565,1574,1583,1596,1606,1615,1626],""all_points_y"":[1732,1736,1744,1753,1765,1775,1784,1786,1776,1768,1759,1752,1744,1735]}","{}"
1.bmp,28311606,"{}",607,413,"{""name"":""polygon"",""all_points_x"":[1629,1619,1605,1593,1578,1570,1556,1556,1566,1576,1586,1596,1610,1625,1631],""all_points_y"":[1752,1756,1761,1764,1764,1766,1770,1772,1770,1767,1769,1767,1762,1757,1755]}","{}"
1.bmp,28311606,"{}",607,414,"{""name"":""polygon"",""all_points_x"":[1712,1707,1693,1674,1657,1639,1617,1600,1589,1587,1589,1600,1610,1623,1640,1657,1674,1690,1705,1713],""all_points_y"":[1803,1805,1804,1802,1801,1799,1796,1794,1791,1796,1798,1798,1800,1802,1803,1806,1807,1807,1808,1809]}","{}"
1.bmp,28311606,"{}",607,415,"{""name"":""polygon"",""all_points_x"":[1648,1638,1622,1607,1594,1577,1566,1551,1522,1519,1516,1522,1534,1554,1571,1589,1604,1618,1633,1644,1652],""all_points_y"":[1805,1808,1810,1815,1819,1820,1819,1823,1820,1827,1832,1832,1829,1827,1827,1824,1823,1818,1813,1811,1807]}","{}"
1.bmp,28311606,"{}",607,416,"{""name"":""polygon"",""all_points_x"":[1715,1702,1690,1660,1657,1650,1649,1657,1665,1693,1704,1713],""all_points_y"":[1834,1831,1826,1809,1805,1808,1811,1813,1819,1832,1835,1838]}","{}"
1.bmp,28311606,"{}",607,417,"{""name"":""polygon"",""all_points_x"":[1825,1815,1802,1780,1764,1747,1731,1724,1728,1741,1751,1762,1783,1798,1810,1819,1824],""all_points_y"":[1755,1760,1764,1768,1771,1775,1778,1782,1783,1779,1777,1775,1771,1768,1766,1763,1760]}","{}"
1.bmp,28311606,"{}",607,418,"{""name"":""polygon"",""all_points_x"":[1850,1840,1827,1815,1800,1789,1781,1772,1763,1751,1753,1760,1771,1779,1785,1801,1814,1823,1838,1853],""all_points_y"":[1733,1738,1744,1751,1758,1764,1770,1778,1785,1792,1794,1794,1785,1778,1772,1763,1756,1752,1744,1738]}","{}"
1.bmp,28311606,"{}",607,419,"{""name"":""polygon"",""all_points_x"":[1832,1820,1810,1799,1789,1778,1769,1759,1750,1747,1751,1757,1765,1782,1787,1802,1812,1824,1835],""all_points_y"":[1718,1729,1736,1746,1750,1759,1768,1776,1783,1788,1788,1784,1778,1761,1755,1749,1742,1732,1721]}","{}"
1.bmp,28311606,"{}",607,420,"{""name"":""polygon"",""all_points_x"":[1816,1809,1800,1791,1782,1772,1773,1777,1789,1796,1806,1815],""all_points_y"":[1712,1717,1723,1731,1740,1749,1752,1749,1738,1730,1722,1715]}","{}"
1.bmp,28311606,"{}",607,421,"{""name"":""polygon"",""all_points_x"":[1847,1840,1830,1816,1792,1787,1790,1799,1811,1820,1831,1846],""all_points_y"":[1691,1694,1699,1704,1723,1731,1731,1722,1712,1706,1702,1693]}","{}"
1.bmp,28311606,"{}",607,422,"{""name"":""polygon"",""all_points_x"":[1896,1902,1896,1889,1870,1854,1844,1833,1820,1808,1806,1809,1817,1827,1840,1847,1855,1870,1885,1892],""all_points_y"":[1767,1765,1749,1743,1731,1719,1715,1705,1695,1691,1692,1695,1700,1708,1720,1722,1729,1741,1751,1758]}","{}"
1.bmp,28311606,"{}",607,423,"{""name"":""polygon"",""all_points_x"":[1785,1798,1817,1837,1848,1848,1841,1829,1817,1800,1786],""all_points_y"":[1817,1819,1826,1831,1834,1838,1838,1834,1829,1826,1822]}","{}"
1.bmp,28311606,"{}",607,424,"{""name"":""polygon"",""all_points_x"":[1555,1552,1554,1564,1580,1597,1616,1641,1658,1670,1685,1702,1716,1724,1730,1725,1714,1688,1678,1657,1632,1622,1609,1586,1572,1563],""all_points_y"":[1838,1842,1846,1849,1854,1860,1864,1872,1875,1878,1881,1883,1887,1889,1890,1886,1883,1877,1877,1871,1864,1862,1859,1852,1847,1843]}","{}"
1.bmp,28311606,"{}",607,425,"{""name"":""polygon"",""all_points_x"":[1421,1411,1406,1408,1417,1428,1443,1461,1476,1489,1502,1516,1532,1546,1558,1576,1569,1554,1535,1521,1507,1490,1475,1460,1448,1429],""all_points_y"":[1911,1910,1911,1914,1913,1913,1915,1917,1919,1922,1923,1924,1925,1926,1928,1929,1925,1925,1922,1922,1921,1919,1916,1915,1913,1911]}","{}"
1.bmp,28311606,"{}",607,426,"{""name"":""polygon"",""all_points_x"":[1576,1569,1576,1586,1606,1619,1633,1652,1663,1667,1683,1700,1714,1724,1738,1752,1750,1738,1723,1715,1704,1683,1666,1659,1650,1632,1605,1584],""all_points_y"":[1924,1924,1929,1927,1925,1925,1928,1928,1925,1921,1922,1922,1920,1916,1912,1909,1905,1908,1913,1917,1918,1918,1916,1921,1923,1923,1920,1923]}","{}"
1.bmp,28311606,"{}",607,427,"{""name"":""polygon"",""all_points_x"":[1400,1401,1408,1419,1429,1436,1444,1450,1459,1466,1473,1482,1489,1501,1508,1504,1494,1480,1469,1464,1456,1451,1440,1429,1408],""all_points_y"":[1965,1969,1968,1967,1968,1963,1957,1953,1951,1948,1944,1939,1936,1933,1930,1928,1932,1937,1941,1944,1948,1949,1957,1963,1965]}","{}"
1.bmp,28311606,"{}",607,428,"{""name"":""polygon"",""all_points_x"":[1540,1530,1521,1526,1535,1545,1562,1578,1594,1607,1626,1648,1668,1691,1690,1671,1635,1617,1597,1583],""all_points_y"":[1909,1915,1919,1921,1915,1910,1903,1895,1888,1881,1879,1876,1872,1864,1861,1866,1875,1875,1881,1889]}","{}"
1.bmp,28311606,"{}",607,429,"{""name"":""polygon"",""all_points_x"":[1676,1682,1687,1705,1724,1754,1782,1797,1816,1818,1809,1791,1781,1752,1728,1712,1698,1683,1673],""all_points_y"":[1775,1784,1787,1790,1792,1795,1798,1796,1791,1796,1796,1800,1802,1801,1798,1795,1794,1791,1785]}","{}"
1.bmp,28311606,"{}",607,430,"{""name"":""polygon"",""all_points_x"":[1609,1613,1625,1643,1656,1677,1694,1712,1734,1744,1766,1781,1782,1769,1745,1726,1706,1681,1662],""all_points_y"":[1891,1896,1895,1893,1892,1888,1886,1882,1877,1874,1875,1872,1866,1870,1870,1874,1878,1883,1887]}","{}"
1.bmp,28311606,"{}",607,431,"{""name"":""polygon"",""all_points_x"":[1663,1655,1653,1656,1659,1666,1681,1711,1737,1755,1773,1793,1814,1816,1790,1775,1739,1715,1688],""all_points_y"":[1891,1895,1896,1900,1902,1894,1889,1880,1874,1863,1859,1853,1855,1852,1848,1852,1865,1875,1882]}","{}"
1.bmp,28311606,"{}",607,432,"{""name"":""polygon"",""all_points_x"":[1693,1684,1676,1680,1684,1697,1710,1725,1742,1753,1774,1791,1808,1821,1823,1842,1858,1859,1839,1817,1801,1780,1751,1738,1719,1706],""all_points_y"":[1893,1899,1905,1907,1904,1895,1887,1882,1880,1878,1875,1871,1870,1871,1868,1868,1868,1865,1864,1867,1868,1868,1873,1877,1881,1885]}","{}"
1.bmp,28311606,"{}",607,433,"{""name"":""polygon"",""all_points_x"":[1729,1721,1713,1700,1692,1685,1689,1703,1718,1729],""all_points_y"":[1821,1831,1840,1853,1864,1874,1875,1856,1839,1824]}","{}"
1.bmp,28311606,"{}",607,434,"{""name"":""polygon"",""all_points_x"":[1602,1586,1571,1558,1553,1559,1570,1592,1606],""all_points_y"":[1870,1876,1884,1894,1899,1899,1890,1878,1871]}","{}"
1.bmp,28311606,"{}",607,435,"{""name"":""polygon"",""all_points_x"":[1513,1505,1505,1515,1528,1543,1559,1574,1586,1597,1611,1624,1645,1659,1675,1692,1706,1723,1732,1746,1746,1729,1717,1701,1682,1667,1630,1607,1572,1538],""all_points_y"":[1937,1939,1943,1941,1944,1947,1947,1947,1949,1948,1949,1948,1950,1951,1950,1949,1946,1943,1940,1940,1936,1937,1939,1944,1945,1946,1944,1944,1942,1940]}","{}"
1.bmp,28311606,"{}",607,436,"{""name"":""polygon"",""all_points_x"":[1697,1688,1671,1652,1633,1619,1603,1578,1560,1548,1559,1571,1594,1614,1633,1647,1660,1675,1688,1702],""all_points_y"":[1948,1952,1954,1959,1962,1964,1967,1971,1974,1976,1977,1975,1972,1970,1968,1964,1962,1958,1955,1950]}","{}"
1.bmp,28311606,"{}",607,437,"{""name"":""polygon"",""all_points_x"":[1608,1599,1590,1575,1554,1545,1533,1520,1505,1492,1486,1490,1500,1517,1528,1543,1555,1563,1583,1591,1611],""all_points_y"":[1951,1956,1960,1965,1971,1975,1981,1986,1994,2000,2004,2005,2001,1991,1986,1981,1975,1972,1966,1962,1953]}","{}"
1.bmp,28311606,"{}",607,438,"{""name"":""polygon"",""all_points_x"":[1581,1571,1560,1546,1542,1549,1557,1570,1586],""all_points_y"":[1949,1951,1956,1967,1974,1971,1962,1956,1950]}","{}"
1.bmp,28311606,"{}",607,439,"{""name"":""polygon"",""all_points_x"":[1706,1692,1670,1653,1634,1602,1586,1559,1545,1518,1503,1504,1511,1529,1548,1570,1594,1615,1638,1655,1706],""all_points_y"":[1973,1974,1977,1977,1977,1977,1980,1982,1980,1978,1977,1973,1972,1974,1976,1976,1975,1973,1972,1971,1971]}","{}"
1.bmp,28311606,"{}",607,440,"{""name"":""polygon"",""all_points_x"":[1533,1537,1538,1529,1514,1496,1476,1454,1441,1429,1418,1387,1384,1409,1428,1437,1467,1481,1504],""all_points_y"":[2002,2002,2005,2005,2008,2009,2010,2015,2017,2023,2027,2037,2033,2026,2018,2013,2009,2005,2004]}","{}"
1.bmp,28311606,"{}",607,441,"{""name"":""polygon"",""all_points_x"":[1867,1852,1834,1819,1821,1833,1848,1869],""all_points_y"":[1924,1931,1940,1950,1952,1945,1938,1927]}","{}"
1.bmp,28311606,"{}",607,442,"{""name"":""polygon"",""all_points_x"":[1881,1859,1844,1830,1821,1822,1833,1847,1859,1883],""all_points_y"":[1936,1941,1943,1948,1951,1953,1950,1947,1944,1939]}","{}"
1.bmp,28311606,"{}",607,443,"{""name"":""polygon"",""all_points_x"":[1884,1870,1852,1836,1820,1809,1809,1814,1829,1846,1870,1886],""all_points_y"":[1944,1948,1952,1957,1962,1967,1969,1968,1963,1958,1952,1948]}","{}"
1.bmp,28311606,"{}",607,444,"{""name"":""polygon"",""all_points_x"":[1891,1879,1873,1849,1842,1843,1849,1854,1870,1880,1882,1895],""all_points_y"":[1972,1978,1982,1990,1995,1999,1995,1992,1986,1984,1980,1975]}","{}"
1.bmp,28311606,"{}",607,445,"{""name"":""polygon"",""all_points_x"":[1773,1765,1748,1740,1729,1712,1701,1693,1679,1661,1642,1626,1626,1633,1650,1664,1682,1696,1711,1725,1746,1753,1775],""all_points_y"":[1969,1974,1981,1985,1988,1993,1997,1998,2003,2007,2011,2017,2018,2018,2013,2010,2004,2001,1997,1992,1987,1982,1973]}","{}"
1.bmp,28311606,"{}",607,446,"{""name"":""polygon"",""all_points_x"":[1669,1652,1639,1622,1612,1616,1625,1638,1653,1673,1689,1701,1712,1716,1707,1687],""all_points_y"":[1995,2002,2007,2014,2021,2023,2017,2011,2004,1997,1994,1992,1993,1990,1988,1991]}","{}"
1.bmp,28311606,"{}",607,447,"{""name"":""polygon"",""all_points_x"":[1538,1524,1515,1500,1485,1478,1482,1495,1511,1523,1542],""all_points_y"":[2006,2013,2017,2023,2028,2032,2035,2028,2021,2016,2008]}","{}"
1.bmp,28311606,"{}",607,448,"{""name"":""polygon"",""all_points_x"":[1692,1686,1675,1662,1652,1653,1658,1668,1684,1702],""all_points_y"":[2003,2005,2009,2012,2017,2020,2021,2016,2011,2001]}","{}"
1.bmp,28311606,"{}",607,449,"{""name"":""polygon"",""all_points_x"":[1793,1783,1774,1761,1749,1741,1730,1721,1721,1731,1741,1751,1762,1773,1780,1793],""all_points_y"":[1965,1974,1980,1988,1996,2000,2006,2014,2016,2010,2003,1998,1991,1985,1982,1970]}","{}"
1.bmp,28311606,"{}",607,450,"{""name"":""polygon"",""all_points_x"":[1768,1753,1738,1729,1713,1679,1653,1644,1646,1656,1672,1693,1707,1722,1742,1764,1775],""all_points_y"":[2013,2018,2023,2028,2034,2043,2050,2053,2056,2054,2050,2045,2042,2037,2025,2018,2017]}","{}"
1.bmp,28311606,"{}",607,451,"{""name"":""polygon"",""all_points_x"":[1643,1646,1640,1636,1629,1626,1621,1616,1609,1605,1597,1592,1591,1601,1607,1620,1627,1638],""all_points_y"":[2055,2057,2066,2078,2093,2102,2110,2119,2132,2142,2162,2171,2168,2143,2127,2104,2092,2065]}","{}"
1.bmp,28311606,"{}",607,452,"{""name"":""polygon"",""all_points_x"":[1708,1692,1678,1669,1659,1642,1620,1612,1610,1613,1615,1625,1638,1665,1680,1713],""all_points_y"":[2064,2074,2081,2088,2097,2112,2133,2141,2148,2148,2143,2132,2120,2096,2083,2066]}","{}"
1.bmp,28311606,"{}",607,453,"{""name"":""polygon"",""all_points_x"":[1451,1454,1463,1482,1503,1524,1555,1579,1596,1617,1623,1609,1591,1565,1548,1524,1500,1460],""all_points_y"":[2151,2155,2153,2148,2143,2137,2125,2115,2108,2102,2097,2100,2106,2115,2123,2131,2140,2150]}","{}"
1.bmp,28311606,"{}",607,454,"{""name"":""polygon"",""all_points_x"":[1789,1782,1768,1752,1737,1726,1716,1708,1700,1691,1682,1681,1684,1689,1701,1712,1717,1728,1736,1748,1760,1778,1791],""all_points_y"":[2047,2053,2060,2067,2071,2076,2081,2088,2095,2102,2107,2112,2111,2106,2098,2088,2085,2080,2075,2072,2067,2058,2049]}","{}"
1.bmp,28311606,"{}",607,455,"{""name"":""polygon"",""all_points_x"":[1816,1810,1803,1796,1785,1773,1757,1747,1741,1732,1719,1704,1693,1677,1667,1669,1673,1685,1701,1711,1722,1735,1742,1749,1765,1782,1797,1814,1819],""all_points_y"":[2062,2068,2071,2075,2079,2084,2090,2093,2095,2096,2100,2108,2113,2117,2119,2122,2122,2118,2113,2107,2102,2099,2099,2095,2092,2083,2077,2068,2064]}","{}"
1.bmp,28311606,"{}",607,456,"{""name"":""polygon"",""all_points_x"":[1786,1772,1760,1748,1738,1730,1727,1733,1740,1752,1765,1790],""all_points_y"":[2060,2065,2070,2077,2083,2092,2096,2095,2086,2079,2072,2060]}","{}"
1.bmp,28311606,"{}",607,457,"{""name"":""polygon"",""all_points_x"":[1778,1769,1761,1751,1744,1745,1752,1762,1780],""all_points_y"":[2067,2071,2076,2084,2091,2093,2088,2080,2067]}","{}"
1.bmp,28311606,"{}",607,458,"{""name"":""polygon"",""all_points_x"":[1730,1723,1712,1706,1708,1717,1730,1736,1748,1758,1771,1780,1793,1805,1804,1790,1777,1768,1751],""all_points_y"":[2125,2129,2138,2144,2146,2138,2128,2124,2115,2107,2097,2088,2082,2076,2075,2080,2086,2095,2110]}","{}"
1.bmp,28311606,"{}",607,459,"{""name"":""polygon"",""all_points_x"":[1817,1811,1808,1797,1788,1781,1773,1768,1760,1756,1754,1747,1738,1729,1721,1713,1709,1709,1711,1718,1726,1741,1757,1758,1773,1789,1814,1822],""all_points_y"":[2071,2076,2078,2083,2086,2092,2097,2101,2107,2112,2115,2120,2125,2133,2140,2148,2153,2157,2156,2148,2141,2127,2115,2113,2100,2089,2078,2071]}","{}"
1.bmp,28311606,"{}",607,460,"{""name"":""polygon"",""all_points_x"":[1867,1862,1852,1842,1830,1818,1818,1823,1836,1850,1857,1866,1868],""all_points_y"":[2074,2080,2087,2095,2105,2114,2118,2116,2107,2094,2088,2082,2075]}","{}"
1.bmp,28311606,"{}",607,461,"{""name"":""polygon"",""all_points_x"":[1703,1695,1679,1656,1620,1606,1594,1578,1573,1575,1587,1610,1628,1648,1672,1689,1713],""all_points_y"":[2156,2160,2165,2171,2179,2182,2186,2190,2193,2193,2191,2185,2181,2179,2172,2166,2159]}","{}"
1.bmp,28311606,"{}",607,462,"{""name"":""polygon"",""all_points_x"":[1375,1363,1351,1353,1366,1380,1405,1427,1455,1480,1506,1532,1549,1563,1557,1542,1528,1446,1423],""all_points_y"":[2231,2235,2237,2242,2240,2238,2236,2233,2230,2226,2223,2221,2216,2209,2207,2213,2216,2224,2228]}","{}"
1.bmp,28311606,"{}",607,463,"{""name"":""polygon"",""all_points_x"":[1450,1440,1424,1412,1392,1382,1383,1394,1409,1427,1436,1451,1454],""all_points_y"":[2189,2196,2201,2209,2222,2226,2230,2226,2217,2206,2202,2196,2191]}","{}"
1.bmp,28311606,"{}",607,464,"{""name"":""polygon"",""all_points_x"":[1526,1510,1497,1484,1472,1454,1445,1435,1433,1435,1446,1455,1472,1493,1505,1531],""all_points_y"":[2258,2264,2268,2275,2279,2287,2291,2296,2299,2300,2296,2290,2283,2275,2270,2262]}","{}"
1.bmp,28311606,"{}",607,465,"{""name"":""polygon"",""all_points_x"":[1862,1852,1840,1827,1813,1804,1796,1783,1773,1761,1745,1733,1721,1707,1694,1685,1673,1671,1672,1679,1693,1715,1730,1749,1772,1791,1813,1837,1850,1864],""all_points_y"":[2131,2135,2138,2140,2145,2148,2150,2154,2159,2165,2170,2176,2182,2189,2195,2197,2203,2207,2208,2205,2199,2190,2183,2174,2164,2155,2149,2141,2138,2134]}","{}"
1.bmp,28311606,"{}",607,466,"{""name"":""polygon"",""all_points_x"":[1735,1722,1712,1705,1695,1697,1712,1725,1739],""all_points_y"":[2165,2172,2175,2183,2191,2192,2183,2177,2167]}","{}"
1.bmp,28311606,"{}",607,467,"{""name"":""polygon"",""all_points_x"":[1817,1807,1796,1787,1784,1787,1793,1806,1817],""all_points_y"":[2089,2095,2106,2114,2118,2118,2113,2102,2091]}","{}"
1.bmp,28311606,"{}",607,468,"{""name"":""polygon"",""all_points_x"":[1861,1847,1839,1829,1816,1803,1790,1774,1759,1743,1728,1724,1725,1728,1735,1750,1765,1781,1801,1822,1841,1860],""all_points_y"":[2143,2150,2153,2161,2169,2177,2186,2198,2212,2222,2228,2231,2239,2239,2231,2223,2214,2199,2182,2171,2159,2146]}","{}"
1.bmp,28311606,"{}",607,469,"{""name"":""polygon"",""all_points_x"":[1891,1881,1872,1866,1859,1849,1843,1841,1844,1846,1857,1868,1874,1889],""all_points_y"":[2136,2148,2158,2169,2177,2188,2194,2202,2204,2198,2185,2174,2162,2146]}","{}"
1.bmp,28311606,"{}",607,470,"{""name"":""polygon"",""all_points_x"":[1899,1896,1896,1898,1900,1905,1904,1907,1908,1910,1908,1908,1908,1904,1900],""all_points_y"":[2136,2137,2144,2153,2167,2176,2191,2208,2213,2211,2190,2181,2171,2166,2141]}","{}"
1.bmp,28311606,"{}",607,471,"{""name"":""polygon"",""all_points_x"":[1559,1552,1541,1524,1511,1498,1495,1497,1504,1516,1529,1542,1553,1563],""all_points_y"":[2287,2294,2302,2314,2325,2334,2338,2340,2335,2326,2315,2306,2297,2288]}","{}"
1.bmp,28311606,"{}",607,472,"{""name"":""polygon"",""all_points_x"":[1575,1562,1551,1543,1525,1507,1500,1493,1483,1467,1444,1436,1431,1427,1431,1434,1437,1446,1462,1477,1492,1500,1503,1513,1525,1545,1553,1568,1574],""all_points_y"":[2326,2331,2333,2338,2340,2343,2343,2348,2351,2356,2358,2358,2356,2358,2363,2363,2361,2361,2360,2357,2352,2349,2346,2346,2343,2341,2337,2333,2330]}","{}"
1.bmp,28311606,"{}",607,473,"{""name"":""polygon"",""all_points_x"":[1362,1356,1359,1364,1376,1386,1394,1406,1414,1425,1439,1450,1462,1466,1476,1490,1496,1506,1517,1523,1531,1541,1554,1565,1577,1574,1564,1558,1542,1524,1515,1512,1494,1489,1466,1460,1458,1433,1418,1400,1386],""all_points_y"":[2448,2452,2456,2452,2449,2446,2441,2437,2434,2432,2429,2427,2422,2416,2409,2404,2401,2392,2383,2378,2375,2370,2363,2359,2345,2342,2351,2358,2365,2372,2376,2381,2393,2398,2406,2412,2418,2425,2426,2433,2438]}","{}"
1.bmp,28311606,"{}",607,474,"{""name"":""polygon"",""all_points_x"":[1627,1634,1633,1627,1620,1607,1595,1578,1564,1547,1529,1514,1507,1506,1507,1533,1554,1578,1604,1626],""all_points_y"":[2345,2346,2354,2357,2360,2364,2371,2379,2386,2392,2398,2404,2404,2400,2397,2388,2379,2369,2356,2347]}","{}"
1.bmp,28311606,"{}",607,475,"{""name"":""polygon"",""all_points_x"":[1908,1893,1875,1851,1827,1814,1796,1782,1783,1788,1795,1808,1832,1851,1870,1893,1910],""all_points_y"":[2339,2339,2341,2340,2339,2340,2341,2343,2348,2350,2346,2344,2344,2344,2344,2343,2342]}","{}"
1.bmp,28311606,"{}",607,476,"{""name"":""polygon"",""all_points_x"":[1644,1634,1623,1614,1596,1583,1575,1561,1546,1536,1534,1538,1549,1560,1575,1588,1591,1607,1622,1627,1649],""all_points_y"":[2404,2408,2413,2419,2426,2433,2440,2447,2454,2461,2467,2468,2459,2453,2446,2437,2433,2427,2420,2416,2408]}","{}"
1.bmp,28311606,"{}",607,477,"{""name"":""polygon"",""all_points_x"":[1876,1864,1853,1831,1813,1797,1779,1755,1741,1734,1732,1737,1755,1773,1797,1813,1829,1847,1865,1880],""all_points_y"":[2432,2433,2434,2434,2435,2437,2440,2443,2443,2442,2449,2449,2448,2446,2442,2442,2440,2440,2437,2434]}","{}"
1.bmp,28311606,"{}",607,478,"{""name"":""polygon"",""all_points_x"":[1641,1630,1618,1591,1577,1564,1542,1531,1512,1485,1480,1492,1506,1522,1533,1552,1570,1591,1605,1619,1636,1644],""all_points_y"":[2487,2496,2500,2504,2508,2511,2512,2511,2513,2513,2517,2519,2518,2518,2517,2517,2514,2510,2506,2503,2500,2492]}","{}"
1.bmp,28311606,"{}",607,479,"{""name"":""polygon"",""all_points_x"":[1384,1381,1393,1423,1446,1474,1500,1529,1549,1568,1580,1592,1607,1621,1619,1598,1586,1573,1558,1528,1498,1453,1431,1419],""all_points_y"":[2518,2522,2523,2524,2526,2528,2532,2536,2537,2537,2533,2528,2526,2524,2521,2523,2526,2531,2532,2530,2526,2521,2518,2520]}","{}"
1.bmp,28311606,"{}",607,480,"{""name"":""polygon"",""all_points_x"":[1526,1522,1513,1502,1479,1460,1439,1418,1401,1388,1378,1381,1387,1398,1410,1428,1445,1464,1484,1506,1519,1529],""all_points_y"":[2483,2489,2494,2499,2507,2512,2515,2518,2525,2530,2534,2538,2538,2532,2528,2523,2518,2516,2510,2503,2496,2488]}","{}"
1.bmp,28311606,"{}",607,481,"{""name"":""polygon"",""all_points_x"":[1512,1520,1528,1552,1575,1593,1611,1644,1671,1698,1730,1758,1785,1779,1758,1730,1675,1637,1617,1595,1582,1566],""all_points_y"":[2522,2526,2524,2523,2520,2520,2524,2531,2537,2542,2549,2558,2561,2557,2552,2545,2531,2523,2520,2515,2513,2517]}","{}"
1.bmp,28311606,"{}",607,482,"{""name"":""polygon"",""all_points_x"":[1809,1799,1781,1766,1732,1714,1691,1663,1648,1625,1608,1595,1595,1600,1614,1628,1649,1671,1697,1715,1740,1765,1782,1791,1808],""all_points_y"":[2515,2516,2516,2516,2514,2514,2511,2510,2508,2506,2507,2509,2512,2512,2510,2512,2514,2516,2516,2517,2517,2520,2520,2520,2521]}","{}"
1.bmp,28311606,"{}",607,483,"{""name"":""polygon"",""all_points_x"":[1690,1684,1679,1674,1676,1677,1682,1682,1683,1684,1690,1697],""all_points_y"":[2457,2468,2480,2496,2506,2524,2525,2509,2497,2486,2472,2460]}","{}"
1.bmp,28311606,"{}",607,484,"{""name"":""polygon"",""all_points_x"":[1806,1795,1788,1776,1765,1755,1746,1742,1735,1731,1729,1733,1737,1742,1752,1761,1768,1783,1794,1801,1809],""all_points_y"":[2460,2472,2484,2494,2502,2514,2525,2534,2545,2557,2564,2564,2555,2543,2531,2517,2507,2496,2485,2472,2463]}","{}"
1.bmp,28311606,"{}",607,485,"{""name"":""polygon"",""all_points_x"":[1656,1644,1623,1600,1598,1605,1610,1632,1648,1658],""all_points_y"":[2433,2434,2439,2442,2444,2447,2444,2440,2438,2437]}","{}"
1.bmp,28311606,"{}",607,486,"{""name"":""polygon"",""all_points_x"":[1466,1455,1442,1430,1417,1409,1410,1420,1436,1443,1452,1460,1469],""all_points_y"":[2498,2498,2504,2509,2514,2516,2519,2516,2511,2507,2503,2501,2502]}","{}"
1.bmp,28311606,"{}",607,487,"{""name"":""polygon"",""all_points_x"":[1804,1792,1781,1763,1747,1732,1719,1714,1718,1727,1740,1751,1771,1779,1792,1803],""all_points_y"":[2490,2496,2500,2506,2514,2521,2525,2530,2531,2526,2522,2516,2507,2503,2501,2496]}","{}"
1.bmp,28311606,"{}",607,488,"{""name"":""polygon"",""all_points_x"":[1628,1620,1612,1599,1592,1587,1589,1594,1601,1617,1628,1633],""all_points_y"":[2553,2557,2559,2564,2566,2570,2572,2572,2568,2563,2559,2557]}","{}"
1.bmp,28311606,"{}",607,489,"{""name"":""polygon"",""all_points_x"":[1637,1624,1610,1598,1574,1567,1570,1579,1590,1604,1619,1629,1640],""all_points_y"":[2588,2588,2587,2585,2585,2585,2588,2590,2589,2591,2592,2591,2592]}","{}"
1.bmp,28311606,"{}",607,490,"{""name"":""polygon"",""all_points_x"":[1504,1500,1498,1493,1489,1483,1486,1488,1497,1501,1505,1507],""all_points_y"":[2582,2590,2599,2607,2614,2621,2629,2622,2615,2605,2601,2587]}","{}"
1.bmp,28311606,"{}",607,491,"{""name"":""polygon"",""all_points_x"":[1830,1823,1823,1822,1823,1824,1827,1827,1826,1829,1828,1834],""all_points_y"":[2396,2409,2420,2437,2460,2469,2468,2457,2438,2427,2414,2399]}","{}"
1.bmp,28311606,"{}",607,492,"{""name"":""polygon"",""all_points_x"":[1566,1556,1541,1537,1541,1555,1571,1572],""all_points_y"":[2508,2506,2499,2504,2510,2512,2512,2509]}","{}"
1.bmp,28311606,"{}",607,493,"{""name"":""polygon"",""all_points_x"":[1347,1345,1339,1336,1335,1323,1327,1334,1340,1339,1341,1348,1351],""all_points_y"":[2557,2572,2586,2596,2617,2640,2642,2638,2621,2610,2596,2577,2560]}","{}"
1.bmp,28311606,"{}",607,494,"{""name"":""polygon"",""all_points_x"":[1569,1555,1536,1520,1506,1473,1458,1434,1413,1399,1402,1419,1437,1454,1471,1499,1523,1534,1551,1568,1578],""all_points_y"":[2638,2646,2653,2658,2663,2672,2677,2684,2689,2694,2700,2696,2690,2683,2679,2669,2662,2658,2655,2646,2638]}","{}"
1.bmp,28311606,"{}",607,495,"{""name"":""polygon"",""all_points_x"":[1505,1492,1489,1499,1513,1529,1549,1564,1579,1598,1602,1584,1555,1527,1513],""all_points_y"":[2652,2654,2660,2658,2656,2657,2655,2653,2654,2655,2651,2651,2650,2652,2653]}","{}"
1.bmp,28311606,"{}",607,496,"{""name"":""polygon"",""all_points_x"":[1599,1594,1588,1579,1573,1563,1559,1560,1570,1579,1587,1596,1602],""all_points_y"":[2662,2670,2675,2681,2686,2688,2692,2695,2691,2689,2682,2673,2665]}","{}"
1.bmp,28311606,"{}",607,497,"{""name"":""polygon"",""all_points_x"":[1560,1543,1526,1503,1484,1474,1477,1488,1509,1522,1540,1555,1563],""all_points_y"":[2633,2636,2636,2637,2639,2639,2643,2642,2641,2639,2638,2637,2637]}","{}"
1.bmp,28311606,"{}",607,498,"{""name"":""polygon"",""all_points_x"":[1680,1684,1684,1683,1682,1684,1691,1701,1701,1694,1688,1684,1680,1677],""all_points_y"":[2627,2627,2637,2652,2669,2683,2696,2701,2704,2703,2701,2695,2683,2668]}","{}"
1.bmp,28311606,"{}",607,499,"{""name"":""polygon"",""all_points_x"":[1722,1720,1718,1719,1718,1721,1724,1724,1724,1729,1728,1726,1723,1722,1721,1727,1725],""all_points_y"":[2630,2642,2655,2664,2679,2687,2693,2705,2715,2714,2700,2686,2677,2663,2654,2644,2631]}","{}"
1.bmp,28311606,"{}",607,500,"{""name"":""polygon"",""all_points_x"":[1892,1882,1877,1869,1860,1847,1840,1832,1825,1819,1816,1811,1809,1807,1809,1812,1813,1817,1823,1833,1847,1860,1873,1879,1888,1896],""all_points_y"":[2603,2614,2625,2633,2637,2648,2654,2665,2675,2681,2690,2704,2711,2716,2722,2720,2713,2699,2682,2671,2654,2643,2636,2633,2612,2602]}","{}"
1.bmp,28311606,"{}",607,501,"{""name"":""polygon"",""all_points_x"":[1803,1794,1784,1775,1770,1766,1770,1773,1778,1779,1790,1801,1805],""all_points_y"":[2588,2594,2597,2604,2613,2619,2619,2616,2610,2605,2599,2596,2590]}","{}"
1.bmp,28311606,"{}",607,502,"{""name"":""polygon"",""all_points_x"":[1787,1777,1763,1748,1740,1742,1746,1759,1772,1782,1790],""all_points_y"":[2590,2593,2592,2590,2589,2594,2595,2595,2597,2596,2592]}","{}"
1.bmp,28311606,"{}",607,503,"{""name"":""polygon"",""all_points_x"":[1807,1812,1810,1814,1812,1810,1805,1804,1807,1806,1804],""all_points_y"":[2597,2599,2608,2619,2630,2643,2644,2638,2629,2619,2609]}","{}"
1.bmp,28311606,"{}",607,504,"{""name"":""polygon"",""all_points_x"":[1850,1835,1816,1811,1815,1824,1841,1857,1868,1881,1887,1881,1857],""all_points_y"":[2745,2747,2748,2751,2755,2753,2752,2750,2751,2751,2748,2746,2746]}","{}"
1.bmp,28311606,"{}",607,505,"{""name"":""polygon"",""all_points_x"":[1660,1655,1650,1645,1648,1651,1654,1653,1658,1665],""all_points_y"":[2873,2888,2903,2913,2922,2925,2919,2910,2894,2877]}","{}"
1.bmp,28311606,"{}",607,506,"{""name"":""polygon"",""all_points_x"":[1672,1675,1679,1684,1688,1691,1688,1683],""all_points_y"":[2790,2790,2795,2808,2818,2831,2833,2821]}","{}"
1.bmp,28311606,"{}",607,507,"{""name"":""polygon"",""all_points_x"":[1504,1489,1480,1467,1457,1444,1432,1433,1439,1453,1464,1474,1491,1501,1508],""all_points_y"":[2989,3001,3011,3018,3023,3030,3036,3040,3038,3034,3026,3018,3009,3000,2991]}","{}"
1.bmp,28311606,"{}",607,508,"{""name"":""polygon"",""all_points_x"":[1643,1628,1610,1596,1571,1551,1546,1548,1550,1555,1574,1605,1632,1644],""all_points_y"":[3002,3004,3008,3008,3011,3013,3013,3022,3024,3019,3016,3011,3008,3007]}","{}"
1.bmp,28311606,"{}",607,509,"{""name"":""polygon"",""all_points_x"":[1641,1621,1612,1602,1598,1590,1582,1579,1585,1599,1603,1607,1642],""all_points_y"":[2991,3003,3009,3015,3022,3027,3036,3040,3037,3026,3021,3016,2994]}","{}"
1.bmp,28311606,"{}",607,510,"{""name"":""polygon"",""all_points_x"":[1641,1631,1616,1596,1578,1562,1549,1541,1543,1549,1562,1588,1597,1615,1641],""all_points_y"":[3014,3016,3022,3031,3040,3047,3054,3062,3065,3057,3052,3041,3033,3026,3017]}","{}"
1.bmp,28311606,"{}",607,511,"{""name"":""polygon"",""all_points_x"":[1744,1744,1745,1751,1751,1749,1752,1750],""all_points_y"":[3034,3052,3070,3070,3057,3038,3024,3019]}","{}"
1.bmp,28311606,"{}",607,512,"{""name"":""polygon"",""all_points_x"":[1884,1871,1856,1844,1846,1854,1867,1886],""all_points_y"":[2916,2926,2938,2947,2949,2947,2938,2920]}","{}"
1.bmp,28311606,"{}",607,513,"{""name"":""polygon"",""all_points_x"":[1298,1285,1275,1269,1269,1274,1281,1297,1302],""all_points_y"":[3022,3030,3040,3050,3054,3053,3042,3031,3028]}","{}"
1.bmp,28311606,"{}",607,514,"{""name"":""polygon"",""all_points_x"":[1888,1873,1855,1849,1863,1876,1892,1914,1912],""all_points_y"":[3062,3065,3069,3071,3071,3069,3065,3058,3055]}","{}"
1.bmp,28311606,"{}",607,515,"{""name"":""polygon"",""all_points_x"":[1917,1906,1892,1879,1873,1882,1897,1912,1921],""all_points_y"":[3060,3065,3068,3070,3071,3071,3070,3068,3063]}","{}"
1.bmp,28311606,"{}",607,516,"{""name"":""polygon"",""all_points_x"":[1898,1890,1889,1887,1894,1895,1902,1902],""all_points_y"":[3044,3053,3062,3071,3071,3057,3048,3045]}","{}"
1.bmp,28311606,"{}",607,517,"{""name"":""polygon"",""all_points_x"":[2048,2041,2027,2013,2004,1990,1976,1965,1955,1946,1945,1951,1958,1976,1990,2007,2015,2030,2047,2053],""all_points_y"":[2956,2957,2962,2966,2972,2976,2982,2985,2987,2992,2996,2994,2989,2986,2983,2976,2969,2965,2959,2956]}","{}"
1.bmp,28311606,"{}",607,518,"{""name"":""polygon"",""all_points_x"":[1983,1963,1951,1943,1944,1957,1972,1988],""all_points_y"":[2909,2915,2919,2921,2925,2922,2917,2914]}","{}"
1.bmp,28311606,"{}",607,519,"{""name"":""polygon"",""all_points_x"":[2008,1997,1980,1967,1944,1931,1930,1941,1956,1973,1986,1994,2009],""all_points_y"":[2745,2745,2749,2748,2745,2742,2747,2749,2752,2752,2752,2749,2748]}","{}"
1.bmp,28311606,"{}",607,520,"{""name"":""polygon"",""all_points_x"":[1937,1936,1929,1923,1923,1925,1929,1927,1928,1935,1941,1941],""all_points_y"":[527,535,547,558,570,577,576,565,557,546,533,528]}","{}"
1.bmp,28311606,"{}",607,521,"{""name"":""polygon"",""all_points_x"":[1906,1911,1910,1908,1908,1906,1903,1903],""all_points_y"":[390,391,400,416,432,438,433,415]}","{}"
1.bmp,28311606,"{}",607,522,"{""name"":""polygon"",""all_points_x"":[1956,1960,1960,1958,1959,1957,1956,1954,1954,1954,1951,1949,1951,1952,1953],""all_points_y"":[605,605,616,629,645,655,665,673,687,692,692,684,669,661,650]}","{}"
1.bmp,28311606,"{}",607,523,"{""name"":""polygon"",""all_points_x"":[2044,2045,2040,2031,2021,2014,2010,2008,2008,2004,2002,2010,2016,2023,2036],""all_points_y"":[570,575,586,593,603,614,629,646,651,649,643,615,600,591,580]}","{}"
1.bmp,28311606,"{}",607,524,"{""name"":""polygon"",""all_points_x"":[1946,1943,1951,1964,1979,1999,2016,2026,2038,2054,2064,2079,2096,2109,2107,2085,2053,2038,2023,2001],""all_points_y"":[713,719,721,725,729,732,736,738,745,751,751,755,760,763,757,751,744,739,731,728]}","{}"
1.bmp,28311606,"{}",607,525,"{""name"":""polygon"",""all_points_x"":[2065,2054,2035,2024,2009,2001,1988,1980,1972,1970,1972,1978,1987,1994,2002,2012,2026,2041,2053,2066],""all_points_y"":[682,690,704,712,723,728,733,741,752,758,758,750,739,736,735,727,715,705,696,686]}","{}"
1.bmp,28311606,"{}",607,526,"{""name"":""polygon"",""all_points_x"":[1986,1975,1950,1935,1923,1921,1923,1930,1942,1961,1979,1989,2001,2010,2011],""all_points_y"":[818,818,821,821,824,828,830,826,825,823,823,823,826,830,825]}","{}"
1.bmp,28311606,"{}",607,527,"{""name"":""polygon"",""all_points_x"":[1926,1909,1892,1876,1862,1854,1854,1861,1868,1889,1908,1929],""all_points_y"":[979,981,981,981,980,978,992,992,989,987,986,983]}","{}"
1.bmp,28311606,"{}",607,528,"{""name"":""polygon"",""all_points_x"":[1961,1958,1955,1949,1945,1943,1944,1944,1944,1947,1948,1948,1948,1949,1958,1962],""all_points_y"":[1008,1022,1030,1040,1050,1062,1078,1093,1107,1106,1098,1084,1067,1053,1036,1027]}","{}"
1.bmp,28311606,"{}",607,529,"{""name"":""polygon"",""all_points_x"":[2064,2060,2060,2067,2076,2091,2108,2122,2135,2149,2161,2173,2179,2180,2176,2166,2156,2146,2136,2129,2112,2091,2073],""all_points_y"":[1043,1046,1052,1055,1060,1068,1075,1079,1083,1085,1090,1097,1101,1096,1094,1088,1083,1080,1079,1078,1071,1062,1052]}","{}"
1.bmp,28311606,"{}",607,530,"{""name"":""polygon"",""all_points_x"":[2214,2199,2188,2165,2145,2123,2102,2083,2069,2073,2075,2083,2086,2113,2129,2166,2189,2206,2217],""all_points_y"":[1115,1117,1119,1119,1118,1117,1119,1122,1124,1134,1137,1133,1129,1124,1123,1123,1123,1121,1117]}","{}"
1.bmp,28311606,"{}",607,531,"{""name"":""polygon"",""all_points_x"":[2005,2011,2010,2011,2007,2007,2008,2009,2004,2002,2001,2005],""all_points_y"":[1139,1137,1147,1158,1168,1180,1190,1197,1198,1190,1177,1160]}","{}"
1.bmp,28311606,"{}",607,532,"{""name"":""polygon"",""all_points_x"":[2058,2056,2057,2065,2086,2101,2111,2118,2136,2159,2176,2188,2203,2203,2188,2176,2164,2144,2123,2113],""all_points_y"":[1145,1148,1151,1152,1153,1155,1157,1155,1155,1156,1156,1153,1153,1150,1148,1150,1152,1150,1149,1150]}","{}"
1.bmp,28311606,"{}",607,533,"{""name"":""polygon"",""all_points_x"":[2202,2195,2192,2184,2179,2178,2180,2173,2168,2161,2157,2157,2160,2163,2167,2177,2182,2186,2184,2190,2196,2196,2203],""all_points_y"":[1220,1228,1237,1244,1249,1255,1256,1263,1274,1286,1293,1298,1298,1292,1284,1267,1258,1253,1250,1245,1239,1233,1223]}","{}"
1.bmp,28311606,"{}",607,534,"{""name"":""polygon"",""all_points_x"":[2277,2272,2266,2264,2262,2260,2260,2261,2263,2263,2268,2268,2266,2266,2270,2272,2281],""all_points_y"":[1217,1229,1245,1256,1262,1280,1290,1306,1320,1325,1324,1312,1296,1283,1253,1241,1221]}","{}"
1.bmp,28311606,"{}",607,535,"{""name"":""polygon"",""all_points_x"":[2022,2020,2023,2032,2045,2065,2083,2101,2114,2133,2153,2177,2197,2220,2243,2240,2215,2178,2154,2128,2105,2071,2053],""all_points_y"":[1274,1280,1287,1292,1301,1316,1328,1340,1350,1365,1375,1387,1395,1402,1407,1404,1397,1384,1371,1355,1335,1312,1300]}","{}"
1.bmp,28311606,"{}",607,536,"{""name"":""polygon"",""all_points_x"":[2236,2229,2226,2219,2218,2218,2221,2212,2211,2220,2228,2229,2229,2234,2235,2233,2230,2225,2224,2232,2233,2241],""all_points_y"":[1315,1327,1339,1348,1359,1376,1387,1377,1381,1393,1408,1426,1429,1426,1420,1407,1394,1376,1349,1336,1330,1316]}","{}"
1.bmp,28311606,"{}",607,537,"{""name"":""polygon"",""all_points_x"":[2095,2094,2099,2119,2141,2163,2181,2195,2222,2230,2225,2201,2173,2146,2126],""all_points_y"":[1343,1346,1353,1368,1384,1397,1409,1419,1441,1444,1435,1418,1400,1381,1367]}","{}"
1.bmp,28311606,"{}",607,538,"{""name"":""polygon"",""all_points_x"":[2098,2084,2065,2056,2056,2067,2085,2097,2111,2126,2135,2131,2110,2100],""all_points_y"":[1377,1370,1362,1357,1362,1367,1375,1381,1388,1394,1396,1390,1382,1378]}","{}"
1.bmp,28311606,"{}",607,539,"{""name"":""polygon"",""all_points_x"":[1946,1952,1952,1958,1971,1982,1983,1979,1971,1961,1951,1945],""all_points_y"":[1298,1306,1314,1325,1337,1343,1349,1352,1345,1335,1322,1301]}","{}"
1.bmp,28311606,"{}",607,540,"{""name"":""polygon"",""all_points_x"":[1947,1943,1949,1959,1969,1976,1982,1978,1957,1949],""all_points_y"":[1284,1288,1298,1310,1317,1326,1333,1322,1303,1290]}","{}"
1.bmp,28311606,"{}",607,541,"{""name"":""polygon"",""all_points_x"":[1951,1949,1955,1964,1974,1989,2001,2001,1978,1965,1958],""all_points_y"":[1286,1288,1297,1306,1315,1320,1328,1324,1310,1302,1296]}","{}"
1.bmp,28311606,"{}",607,542,"{""name"":""polygon"",""all_points_x"":[1830,1828,1825,1826,1827,1830,1834,1843,1849,1850,1845,1837,1833,1832,1830,1829,1834,1833],""all_points_y"":[1286,1301,1313,1324,1337,1346,1359,1376,1383,1380,1371,1356,1344,1331,1316,1311,1294,1285]}","{}"
1.bmp,28311606,"{}",607,543,"{""name"":""polygon"",""all_points_x"":[2135,2136,2146,2161,2178,2192,2203,2215,2224,2224,2217,2204,2192,2186,2176],""all_points_y"":[1417,1423,1427,1435,1442,1449,1456,1462,1468,1464,1458,1452,1445,1441,1438]}","{}"
1.bmp,28311606,"{}",607,544,"{""name"":""polygon"",""all_points_x"":[2004,1996,2001,2017,2028,2050,2063,2079,2093,2106,2120,2114,2094,2078,2058,2037,2027],""all_points_y"":[1340,1347,1352,1358,1368,1384,1392,1401,1411,1419,1426,1418,1405,1394,1381,1367,1360]}","{}"
1.bmp,28311606,"{}",607,545,"{""name"":""polygon"",""all_points_x"":[2075,2073,2079,2089,2100,2111,2120,2131,2143,2155,2165,2175,2184,2185,2175,2151,2132,2114,2100,2090],""all_points_y"":[1400,1403,1408,1419,1431,1442,1453,1464,1477,1490,1501,1512,1519,1516,1507,1480,1459,1440,1424,1413]}","{}"
1.bmp,28311606,"{}",607,546,"{""name"":""polygon"",""all_points_x"":[2036,2029,2019,2004,1987,1976,1965,1963,1966,1974,1985,1994,2010,2021,2031,2044,2043],""all_points_y"":[1487,1489,1491,1493,1496,1500,1506,1508,1507,1504,1501,1499,1495,1493,1490,1490,1486]}","{}"
1.bmp,28311606,"{}",607,547,"{""name"":""polygon"",""all_points_x"":[2089,2087,2098,2112,2134,2151,2175,2194,2213,2224,2232,2232,2225,2213,2197,2183,2166,2143,2124],""all_points_y"":[1491,1494,1499,1502,1509,1511,1514,1513,1512,1511,1511,1507,1506,1507,1507,1508,1508,1505,1502]}","{}"
1.bmp,28311606,"{}",607,548,"{""name"":""polygon"",""all_points_x"":[2049,2039,2024,2001,1989,1977,1972,1981,1989,2007,2021,2033,2042,2050],""all_points_y"":[1563,1563,1562,1561,1560,1560,1563,1565,1565,1565,1566,1566,1566,1566]}","{}"
1.bmp,28311606,"{}",607,549,"{""name"":""polygon"",""all_points_x"":[1974,1970,1968,1971,1977,1987,1999,2006,2013,2011],""all_points_y"":[1540,1539,1542,1543,1543,1545,1547,1550,1554,1546]}","{}"
1.bmp,28311606,"{}",607,550,"{""name"":""polygon"",""all_points_x"":[2061,2058,2052,2049,2044,2040,2034,2031,2028,2027,2022,2019,2013,2007,1999,1993,1994,2001,2004,2005,2012,2021,2029,2037,2041,2052,2062,2064],""all_points_y"":[1547,1557,1570,1589,1604,1619,1633,1644,1653,1664,1676,1687,1702,1721,1739,1752,1755,1757,1751,1746,1724,1701,1680,1654,1634,1602,1584,1548]}","{}"
1.bmp,28311606,"{}",607,551,"{""name"":""polygon"",""all_points_x"":[2114,2109,2118,2137,2158,2175,2196,2210,2221,2221,2212,2183,2164,2146],""all_points_y"":[1571,1575,1581,1593,1607,1619,1632,1641,1648,1641,1635,1617,1601,1591]}","{}"
1.bmp,28311606,"{}",607,552,"{""name"":""polygon"",""all_points_x"":[1990,1985,1988,1996,2017,2036,2058,2075,2096,2111,2117,2129,2146,2167,2183,2197,2197,2188,2170,2150,2134,2124,2101,2080,2057,2039,2015],""all_points_y"":[1651,1654,1661,1662,1670,1677,1683,1691,1701,1704,1709,1711,1715,1720,1721,1727,1723,1718,1715,1707,1703,1703,1695,1686,1676,1672,1663]}","{}"
1.bmp,28311606,"{}",607,553,"{""name"":""polygon"",""all_points_x"":[2214,2209,2209,2207,2205,2203,2202,2200,2199,2196,2198,2203,2207,2209,2208,2212,2213,2216,2217],""all_points_y"":[1593,1611,1622,1634,1646,1654,1668,1682,1693,1699,1703,1700,1689,1668,1661,1647,1632,1612,1595]}","{}"
1.bmp,28311606,"{}",607,554,"{""name"":""polygon"",""all_points_x"":[2101,2090,2089,2097,2110,2122,2139,2153,2171,2190,2207,2223,2231,2230,2195,2163,2144,2117],""all_points_y"":[1599,1596,1599,1603,1609,1611,1615,1619,1624,1629,1633,1636,1636,1632,1624,1616,1611,1605]}","{}"
1.bmp,28311606,"{}",607,555,"{""name"":""polygon"",""all_points_x"":[2131,2116,2095,2077,2071,2073,2083,2100,2116,2133,2139,2137],""all_points_y"":[1326,1322,1316,1312,1310,1313,1315,1321,1327,1332,1333,1329]}","{}"
1.bmp,28311606,"{}",607,556,"{""name"":""polygon"",""all_points_x"":[1959,1945,1927,1916,1901,1886,1882,1884,1891,1903,1921,1936,1961],""all_points_y"":[1765,1770,1778,1783,1789,1796,1800,1801,1798,1792,1785,1779,1768]}","{}"
1.bmp,28311606,"{}",607,557,"{""name"":""polygon"",""all_points_x"":[2019,2007,1990,1974,1957,1941,1929,1922,1924,1932,1948,1962,1981,1994,2009,2024],""all_points_y"":[1867,1873,1883,1891,1901,1911,1920,1924,1926,1922,1912,1904,1892,1886,1879,1870]}","{}"
1.bmp,28311606,"{}",607,558,"{""name"":""polygon"",""all_points_x"":[1993,1986,1970,1957,1948,1937,1939,1946,1958,1968,1980,1990,1997],""all_points_y"":[1840,1846,1854,1860,1870,1880,1883,1876,1865,1860,1852,1847,1841]}","{}"
1.bmp,28311606,"{}",607,559,"{""name"":""polygon"",""all_points_x"":[2040,2030,2026,2017,2007,1996,1986,1976,1962,1965,1968,1981,1993,2004,2016,2023,2031,2043],""all_points_y"":[1918,1927,1929,1932,1939,1947,1955,1962,1970,1974,1969,1962,1955,1945,1938,1932,1932,1919]}","{}"
1.bmp,28311606,"{}",607,560,"{""name"":""polygon"",""all_points_x"":[1940,1934,1926,1914,1903,1896,1900,1907,1918,1927,1936,1940,1944],""all_points_y"":[1966,1981,1995,2008,2022,2030,2032,2024,2012,1998,1987,1977,1964]}","{}"
1.bmp,28311606,"{}",607,561,"{""name"":""polygon"",""all_points_x"":[2039,2029,2020,2011,2000,1987,1976,1970,1970,1979,1986,1998,2006,2015,2026,2031,2042,2045],""all_points_y"":[1947,1957,1968,1979,1992,2006,2016,2018,2023,2021,2014,2001,1991,1980,1968,1961,1950,1947]}","{}"
1.bmp,28311606,"{}",607,562,"{""name"":""polygon"",""all_points_x"":[2215,2202,2190,2174,2156,2141,2132,2133,2139,2151,2167,2181,2197,2209,2215],""all_points_y"":[1848,1853,1854,1855,1858,1861,1863,1867,1865,1863,1860,1859,1857,1855,1853]}","{}"
1.bmp,28311606,"{}",607,563,"{""name"":""polygon"",""all_points_x"":[2234,2226,2222,2214,2207,2196,2186,2173,2174,2188,2197,2207,2216,2223,2233,2230,2236],""all_points_y"":[1673,1689,1702,1712,1718,1727,1729,1734,1736,1740,1732,1725,1718,1709,1701,1691,1677]}","{}"
1.bmp,28311606,"{}",607,564,"{""name"":""polygon"",""all_points_x"":[2125,2113,2103,2089,2079,2061,2049,2034,2023,2010,1997,1997,2004,2015,2023,2035,2051,2070,2087,2102,2114],""all_points_y"":[1950,1956,1965,1978,1986,1994,2001,2012,2020,2025,2031,2035,2033,2028,2025,2015,2003,1993,1985,1973,1961]}","{}"
1.bmp,28311606,"{}",607,565,"{""name"":""polygon"",""all_points_x"":[2035,2025,2012,1996,1983,1985,1995,2004,2018,2034,2045,2064,2065],""all_points_y"":[2033,2037,2041,2046,2053,2056,2053,2049,2042,2038,2038,2037,2033]}","{}"
1.bmp,28311606,"{}",607,566,"{""name"":""polygon"",""all_points_x"":[2095,2092,2092,2100,2113,2121,2131,2133],""all_points_y"":[1808,1810,1813,1818,1828,1837,1844,1840]}","{}"
1.bmp,28311606,"{}",607,567,"{""name"":""polygon"",""all_points_x"":[2220,2226,2228,2229,2230,2232,2228],""all_points_y"":[1794,1795,1805,1822,1836,1856,1857]}","{}"
1.bmp,28311606,"{}",607,568,"{""name"":""polygon"",""all_points_x"":[2174,2157,2134,2112,2092,2083,2115,2136,2157,2173],""all_points_y"":[1955,1962,1969,1977,1984,1993,1979,1970,1964,1959]}","{}"
1.bmp,28311606,"{}",607,569,"{""name"":""polygon"",""all_points_x"":[1809,1808,1809,1820,1835,1850,1874,1896,1912,1921,1935,1953,1977,1992,1990,1972,1950,1923,1909,1878,1852],""all_points_y"":[2243,2252,2253,2249,2242,2239,2232,2223,2218,2213,2206,2197,2189,2181,2179,2187,2196,2206,2214,2225,2233]}","{}"
1.bmp,28311606,"{}",607,570,"{""name"":""polygon"",""all_points_x"":[1924,1926,1921,1912,1906,1895,1881,1880,1877,1879],""all_points_y"":[2212,2213,2220,2232,2242,2255,2273,2281,2275,2270]}","{}"
1.bmp,28311606,"{}",607,571,"{""name"":""polygon"",""all_points_x"":[2007,1990,1972,1947,1931,1920,1915,1916,1921,1937,1951,1968,1982,2010],""all_points_y"":[2198,2205,2209,2217,2223,2228,2229,2235,2231,2225,2220,2215,2211,2200]}","{}"
1.bmp,28311606,"{}",607,572,"{""name"":""polygon"",""all_points_x"":[2004,1998,1986,1971,1962,1957,1946,1943,1926,1911,1900,1896,1898,1903,1916,1933,1947,1961,1973,2004],""all_points_y"":[2213,2217,2224,2231,2239,2247,2254,2259,2270,2280,2289,2295,2297,2292,2282,2270,2260,2249,2235,2217]}","{}"
1.bmp,28311606,"{}",607,573,"{""name"":""polygon"",""all_points_x"":[2021,2012,2001,1988,1974,1968,1961,1948,1935,1926,1921,1923,1935,1946,1958,1970,1974,1993,2015,2025],""all_points_y"":[2222,2227,2232,2237,2247,2252,2259,2269,2278,2287,2293,2295,2283,2274,2265,2256,2251,2240,2229,2225]}","{}"
1.bmp,28311606,"{}",607,574,"{""name"":""polygon"",""all_points_x"":[2018,2009,2000,1992,1970,1959,1946,1935,1938,1962,1973,1985,2003,2014],""all_points_y"":[2231,2233,2237,2243,2257,2266,2275,2284,2284,2266,2258,2252,2238,2234]}","{}"
1.bmp,28311606,"{}",607,575,"{""name"":""polygon"",""all_points_x"":[1840,1841,1851,1866,1892,1912,1930,1954,1970,1981,1982,1970,1951,1911],""all_points_y"":[2314,2318,2317,2312,2307,2303,2301,2299,2297,2294,2288,2292,2295,2298]}","{}"
1.bmp,28311606,"{}",607,576,"{""name"":""polygon"",""all_points_x"":[2082,2077,2073,2069,2061,2057,2055,2060,2061,2065,2067,2074,2078,2080,2086],""all_points_y"":[2269,2280,2290,2299,2312,2325,2333,2333,2326,2318,2312,2297,2287,2279,2271]}","{}"
1.bmp,28311606,"{}",607,577,"{""name"":""polygon"",""all_points_x"":[1855,1863,1872,1889,1906,1930,1953,1970,1982,1982,1968,1949,1927,1904,1889,1873],""all_points_y"":[2360,2366,2365,2365,2360,2360,2358,2356,2354,2350,2352,2355,2356,2356,2360,2361]}","{}"
1.bmp,28311606,"{}",607,578,"{""name"":""polygon"",""all_points_x"":[2045,2041,2022,1990,1974,1953,1953,1970,1985,1996,2019,2035,2046],""all_points_y"":[2337,2338,2337,2338,2342,2343,2347,2346,2343,2342,2343,2342,2342]}","{}"
1.bmp,28311606,"{}",607,579,"{""name"":""polygon"",""all_points_x"":[2239,2228,2217,2207,2196,2185,2172,2160,2150,2134,2127,2112,2101,2098,2101,2107,2121,2140,2153,2161,2179,2205,2214,2228,2242],""all_points_y"":[2331,2339,2345,2352,2362,2366,2375,2383,2391,2398,2402,2410,2416,2420,2423,2419,2414,2403,2396,2390,2377,2360,2352,2343,2333]}","{}"
1.bmp,28311606,"{}",607,580,"{""name"":""polygon"",""all_points_x"":[2054,2057,2057,2057,2055,2053,2053,2049],""all_points_y"":[2372,2372,2383,2397,2411,2428,2436,2435]}","{}"
1.bmp,28311606,"{}",607,581,"{""name"":""polygon"",""all_points_x"":[2001,1998,2011,2027,2066,2084,2088,2084,2068],""all_points_y"":[2398,2404,2413,2426,2457,2467,2469,2460,2451]}","{}"
1.bmp,28311606,"{}",607,582,"{""name"":""polygon"",""all_points_x"":[1878,1878,1889,1922,1959,1987,2022,2046,2067,2080,2075,2050,2028,1990,1969,1947,1908,1897,1886],""all_points_y"":[2446,2453,2458,2465,2471,2475,2478,2480,2482,2483,2479,2476,2475,2470,2467,2465,2456,2455,2451]}","{}"
1.bmp,28311606,"{}",607,583,"{""name"":""polygon"",""all_points_x"":[1862,1857,1857,1859,1864,1870,1877,1884,1892,1905,1916,1926,1943,1958,1960,1960,1953,1939,1924,1911,1900,1893,1878,1874],""all_points_y"":[2570,2576,2579,2579,2574,2570,2563,2557,2546,2533,2528,2523,2513,2506,2506,2500,2503,2510,2519,2526,2531,2540,2557,2563]}","{}"
1.bmp,28311606,"{}",607,584,"{""name"":""polygon"",""all_points_x"":[1898,1888,1878,1866,1856,1846,1837,1829,1819,1808,1804,1803,1804,1809,1818,1826,1831,1845,1853,1869,1883,1899],""all_points_y"":[2445,2454,2463,2470,2482,2491,2500,2514,2529,2542,2555,2559,2560,2552,2539,2527,2519,2498,2490,2474,2465,2450]}","{}"
1.bmp,28311606,"{}",607,585,"{""name"":""polygon"",""all_points_x"":[2126,2110,2097,2082,2067,2056,2043,2029,2017,2004,1995,1977,1959,1949,1949,1961,1983,2006,2025,2050,2068,2077,2101,2127],""all_points_y"":[2562,2564,2564,2567,2570,2573,2579,2582,2584,2585,2588,2596,2600,2605,2608,2605,2598,2589,2587,2582,2574,2572,2570,2565]}","{}"
1.bmp,28311606,"{}",607,586,"{""name"":""polygon"",""all_points_x"":[1961,1947,1937,1941,1946,1955,1970,1998,2017,2041,2053,2061,2073,2082,2102,2112,2112,2100,2083,2074,2058,2049],""all_points_y"":[2623,2627,2632,2635,2638,2630,2625,2619,2614,2607,2603,2599,2596,2588,2585,2581,2577,2581,2584,2589,2595,2602]}","{}"
1.bmp,28311606,"{}",607,587,"{""name"":""polygon"",""all_points_x"":[2207,2178,2166,2146,2128,2104,2089,2078,2061,2060,2063,2068,2083,2097,2119,2148,2167,2181,2201,2210],""all_points_y"":[2579,2589,2596,2601,2608,2618,2626,2630,2637,2640,2643,2641,2634,2627,2619,2607,2600,2593,2585,2583]}","{}"
1.bmp,28311606,"{}",607,588,"{""name"":""polygon"",""all_points_x"":[2209,2198,2185,2172,2164,2155,2148,2144,2145,2149,2149,2155,2168,2177,2187,2198,2208,2214],""all_points_y"":[2130,2142,2152,2165,2182,2194,2206,2214,2224,2223,2214,2203,2187,2172,2160,2150,2139,2133]}","{}"
1.bmp,28311606,"{}",607,589,"{""name"":""polygon"",""all_points_x"":[2318,2313,2304,2301,2298,2290,2284,2283,2286,2289,2297,2302,2308,2316,2319],""all_points_y"":[1224,1236,1246,1254,1265,1272,1284,1288,1289,1282,1271,1265,1250,1239,1232]}","{}"
1.bmp,28311606,"{}",607,590,"{""name"":""polygon"",""all_points_x"":[2277,2264,2251,2255,2266,2282,2296,2316,2334,2358,2383,2392,2410,2422,2431,2441,2460,2476,2493,2508,2507,2491,2460,2445,2427,2424,2404,2376,2357,2325,2299],""all_points_y"":[1347,1351,1355,1358,1356,1351,1348,1345,1345,1346,1346,1346,1348,1349,1353,1352,1356,1358,1360,1361,1356,1357,1352,1349,1348,1344,1343,1340,1342,1339,1343]}","{}"
1.bmp,28311606,"{}",607,591,"{""name"":""polygon"",""all_points_x"":[2283,2274,2272,2280,2293,2313,2330,2350,2366,2393,2405,2419,2437,2451,2465,2477,2489,2486,2468,2444,2419,2378],""all_points_y"":[1351,1354,1357,1358,1356,1353,1351,1348,1348,1343,1341,1339,1335,1332,1331,1329,1327,1321,1325,1330,1333,1340]}","{}"
1.bmp,28311606,"{}",607,592,"{""name"":""polygon"",""all_points_x"":[2453,2437,2416,2396,2377,2354,2331,2313,2296,2279,2276,2278,2291,2311,2326,2336,2360,2379,2400,2417,2435,2446,2453],""all_points_y"":[1381,1385,1387,1387,1388,1390,1391,1396,1399,1401,1403,1405,1406,1403,1400,1398,1395,1393,1391,1391,1391,1388,1386]}","{}"
1.bmp,28311606,"{}",607,593,"{""name"":""polygon"",""all_points_x"":[2469,2462,2452,2442,2433,2419,2407,2392,2376,2362,2342,2316,2298,2300,2307,2321,2333,2354,2382,2397,2416,2443,2466,2477],""all_points_y"":[1401,1403,1406,1408,1410,1410,1410,1409,1409,1412,1413,1415,1416,1420,1420,1420,1420,1418,1415,1415,1416,1412,1407,1403]}","{}"
1.bmp,28311606,"{}",607,594,"{""name"":""polygon"",""all_points_x"":[2251,2267,2295,2319,2347,2359,2394,2401,2412,2433,2456,2475,2484,2485,2475,2461,2446,2425,2411,2398,2373,2343,2322,2293,2268,2250],""all_points_y"":[1443,1448,1456,1463,1471,1474,1484,1488,1490,1494,1499,1504,1506,1511,1509,1506,1501,1497,1495,1493,1486,1477,1471,1461,1454,1448]}","{}"
1.bmp,28311606,"{}",607,595,"{""name"":""polygon"",""all_points_x"":[2433,2415,2394,2392,2401,2416,2434],""all_points_y"":[1595,1597,1597,1600,1601,1599,1599]}","{}"
1.bmp,28311606,"{}",607,596,"{""name"":""polygon"",""all_points_x"":[2266,2269,2274,2285,2296,2306,2320,2330,2345,2353,2366,2380,2379,2361,2348,2336,2321,2309,2299,2285,2275],""all_points_y"":[1720,1723,1717,1703,1691,1680,1669,1660,1649,1640,1632,1625,1623,1630,1640,1650,1660,1671,1679,1695,1706]}","{}"
1.bmp,28311606,"{}",607,597,"{""name"":""polygon"",""all_points_x"":[2223,2249,2266,2296,2315,2336,2353,2394,2408,2425,2449,2451,2442,2391,2370,2339,2308,2280,2251,2230,2221],""all_points_y"":[1746,1757,1765,1777,1786,1794,1804,1821,1828,1834,1845,1849,1847,1827,1818,1804,1787,1778,1766,1757,1752]}","{}"
1.bmp,28311606,"{}",607,598,"{""name"":""polygon"",""all_points_x"":[2239,2244,2247,2260,2281,2298,2312,2326,2333,2343,2354,2367,2374,2380,2389,2398,2407,2404,2393,2381,2372,2366,2351,2337,2330,2321,2304,2286,2268,2256,2246,2240],""all_points_y"":[1839,1840,1835,1825,1811,1800,1792,1782,1775,1772,1766,1756,1747,1738,1730,1722,1718,1716,1722,1732,1741,1749,1761,1771,1770,1779,1791,1801,1813,1822,1829,1836]}","{}"
1.bmp,28311606,"{}",607,599,"{""name"":""polygon"",""all_points_x"":[2248,2240,2240,2247,2262,2278,2294,2315,2331,2350,2370,2390,2406,2432,2451,2451,2436,2421,2395,2362,2346,2325,2283,2253],""all_points_y"":[1838,1844,1850,1848,1850,1855,1856,1860,1863,1866,1865,1867,1870,1875,1880,1877,1872,1868,1864,1860,1859,1857,1848,1841]}","{}"
1.bmp,28311606,"{}",607,600,"{""name"":""polygon"",""all_points_x"":[2220,2214,2212,2219,2225,2237,2245,2255,2264,2274,2287,2304,2317,2332,2344,2342,2322,2305,2292,2271,2248,2229,2219],""all_points_y"":[1757,1758,1768,1776,1787,1806,1821,1837,1856,1872,1890,1913,1927,1943,1954,1948,1926,1909,1888,1858,1814,1781,1765]}","{}"
1.bmp,28311606,"{}",607,601,"{""name"":""polygon"",""all_points_x"":[2184,2184,2196,2211,2235,2253,2272,2283,2304,2331,2352,2350,2327,2294,2273,2258,2238],""all_points_y"":[1871,1878,1878,1879,1879,1882,1887,1888,1890,1895,1898,1894,1890,1884,1882,1878,1875]}","{}"
1.bmp,28311606,"{}",607,602,"{""name"":""polygon"",""all_points_x"":[2203,2199,2201,2216,2259,2283,2304,2330,2349,2363,2367,2357,2322,2270,2235,2217],""all_points_y"":[1864,1873,1879,1879,1895,1901,1907,1914,1920,1924,1919,1917,1906,1893,1883,1875]}","{}"
1.bmp,28311606,"{}",607,603,"{""name"":""polygon"",""all_points_x"":[2447,2444,2450,2470,2491,2512,2528,2526,2507,2492,2468,2460],""all_points_y"":[1917,1921,1922,1926,1928,1929,1931,1927,1925,1924,1921,1920]}","{}"
1.bmp,28311606,"{}",607,604,"{""name"":""polygon"",""all_points_x"":[2203,2207,2215,2230,2251,2268,2284,2305,2319,2331,2340,2331,2311,2299,2286,2271,2251,2235,2228],""all_points_y"":[1934,1938,1935,1929,1919,1911,1901,1892,1882,1878,1874,1873,1881,1889,1895,1904,1913,1921,1925]}","{}"
1.bmp,28311606,"{}",607,605,"{""name"":""polygon"",""all_points_x"":[2198,2199,2209,2224,2240,2252,2278,2295,2294,2276,2252,2236,2212],""all_points_y"":[1925,1929,1930,1930,1934,1933,1934,1936,1932,1931,1930,1930,1927]}","{}"
1.bmp,28311606,"{}",607,606,"{""name"":""polygon"",""all_points_x"":[2187,2190,2197,2211,2230,2246,2266,2284,2301,2314,2330,2335,2334,2323,2300,2288,2277,2254,2234,2215,2207,2196],""all_points_y"":[1968,1977,1975,1977,1977,1978,1979,1979,1977,1976,1980,1980,1977,1973,1972,1973,1974,1974,1970,1970,1970,1970]}","{}"