filename,file_size,file_attributes,region_count,region_id,region_shape_attributes,region_attributes
2.png,75497526,{},1134,0,"{""name"":""polygon"",""all_points_x"":[1102,1109,1142,1195,1227,1258,1269,1273,1273,1251,1192,1153,1125,1101],""all_points_y"":[1868,1867,1863,1855,1849,1842,1839,1841,1844,1850,1862,1868,1872,1876]}",{}
2.png,75497526,{},1134,1,"{""name"":""polygon"",""all_points_x"":[1135,1139,1121,1104,1074,1071,1129],""all_points_y"":[1879,1882,1930,1963,2034,2032,1896]}",{}
2.png,75497526,{},1134,2,"{""name"":""polygon"",""all_points_x"":[1254,1268,1291,1330,1328,1293,1256],""all_points_y"":[1887,1885,1885,1881,1877,1879,1882]}",{}
2.png,75497526,{},1134,3,"{""name"":""polygon"",""all_points_x"":[1189,1205,1226,1253,1275,1273,1228,1199,1192],""all_points_y"":[1944,1939,1932,1924,1918,1922,1936,1946,1949]}",{}
2.png,75497526,{},1134,4,"{""name"":""polygon"",""all_points_x"":[1076,1089,1077,1056,1016,970,924,924,968,1013,1053,1072],""all_points_y"":[1927,1937,1947,1965,1999,2039,2078,2073,2036,1993,1958,1936]}",{}
2.png,75497526,{},1134,5,"{""name"":""polygon"",""all_points_x"":[1218,1201,1176,1179,1222],""all_points_y"":[1811,1819,1830,1835,1814]}",{}
2.png,75497526,{},1134,6,"{""name"":""polygon"",""all_points_x"":[1179,1180,1192,1268,1265,1250],""all_points_y"":[1752,1761,1761,1775,1768,1767]}",{}
2.png,75497526,{},1134,7,"{""name"":""polygon"",""all_points_x"":[1250,1251,1305,1369,1430,1427],""all_points_y"":[1831,1838,1837,1837,1837,1831]}",{}
2.png,75497526,{},1134,8,"{""name"":""polygon"",""all_points_x"":[1250,1246,1286,1342,1409,1464,1466,1407,1341,1285],""all_points_y"":[1693,1700,1713,1729,1747,1764,1759,1740,1720,1704]}",{}
2.png,75497526,{},1134,9,"{""name"":""polygon"",""all_points_x"":[1490,1486,1420,1358,1362,1388,1442],""all_points_y"":[1551,1561,1526,1487,1482,1498,1528]}",{}
2.png,75497526,{},1134,10,"{""name"":""polygon"",""all_points_x"":[1023,1019,1038,1088,1152,1196,1229,1228,1179],""all_points_y"":[2325,2334,2342,2364,2390,2408,2419,2413,2395]}",{}
2.png,75497526,{},1134,11,"{""name"":""polygon"",""all_points_x"":[1157,1155,1173,1214,1272,1298,1297,1228,1185],""all_points_y"":[2424,2432,2437,2448,2464,2473,2468,2446,2433]}",{}
2.png,75497526,{},1134,12,"{""name"":""polygon"",""all_points_x"":[1390,1394,1442,1498,1564,1627,1620,1582],""all_points_y"":[1466,1472,1458,1435,1412,1388,1380,1396]}",{}
2.png,75497526,{},1134,13,"{""name"":""polygon"",""all_points_x"":[1378,1386,1447,1525,1525],""all_points_y"":[1426,1434,1429,1416,1409]}",{}
2.png,75497526,{},1134,14,"{""name"":""polygon"",""all_points_x"":[1613,1563,1496,1456,1460,1491,1558,1602,1622],""all_points_y"":[1581,1561,1532,1513,1509,1520,1547,1567,1570]}",{}
2.png,75497526,{},1134,15,"{""name"":""polygon"",""all_points_x"":[1253,1253,1304,1361,1438,1502,1521,1520,1438],""all_points_y"":[1595,1603,1611,1621,1633,1643,1645,1640,1628]}",{}
2.png,75497526,{},1134,16,"{""name"":""polygon"",""all_points_x"":[1306,1299,1318,1342,1362,1355,1325],""all_points_y"":[1589,1596,1603,1608,1611,1603,1596]}",{}
2.png,75497526,{},1134,17,"{""name"":""polygon"",""all_points_x"":[1426,1427,1458,1506,1550,1550,1514,1469,1439],""all_points_y"":[1604,1614,1621,1627,1633,1628,1622,1614,1609]}",{}
2.png,75497526,{},1134,18,"{""name"":""polygon"",""all_points_x"":[1418,1447,1476,1506,1507,1485,1457,1444,1416],""all_points_y"":[1663,1671,1678,1686,1694,1687,1679,1676,1670]}",{}
2.png,75497526,{},1134,19,"{""name"":""polygon"",""all_points_x"":[1162,1167,1194,1216,1243,1239],""all_points_y"":[1642,1646,1611,1578,1545,1543]}",{}
2.png,75497526,{},1134,20,"{""name"":""polygon"",""all_points_x"":[1289,1313,1355,1396,1443,1489,1518,1518,1484,1441,1378,1337,1291,1282],""all_points_y"":[1729,1741,1754,1769,1785,1799,1808,1811,1803,1789,1770,1756,1742,1737]}",{}
2.png,75497526,{},1134,21,"{""name"":""polygon"",""all_points_x"":[1347,1376,1418,1461,1502,1535,1536,1455,1391,1364,1343],""all_points_y"":[1811,1816,1826,1833,1846,1856,1859,1838,1826,1822,1817]}",{}
2.png,75497526,{},1134,22,"{""name"":""polygon"",""all_points_x"":[1470,1471,1507,1525,1545,1588,1586],""all_points_y"":[1802,1806,1813,1817,1821,1829,1825]}",{}
2.png,75497526,{},1134,23,"{""name"":""polygon"",""all_points_x"":[1463,1463,1499,1535,1537],""all_points_y"":[1804,1810,1820,1832,1827]}",{}
2.png,75497526,{},1134,24,"{""name"":""polygon"",""all_points_x"":[1536,1544,1538,1536,1528],""all_points_y"":[1624,1626,1650,1673,1671]}",{}
2.png,75497526,{},1134,25,"{""name"":""polygon"",""all_points_x"":[1301,1341,1374,1416,1453,1466,1465,1414,1370,1322,1295],""all_points_y"":[1796,1801,1806,1807,1812,1815,1822,1814,1811,1804,1798]}",{}
2.png,75497526,{},1134,26,"{""name"":""polygon"",""all_points_x"":[811,820,825,830,836,839,835,821,805],""all_points_y"":[2204,2169,2146,2123,2095,2080,2080,2135,2199]}",{}
2.png,75497526,{},1134,27,"{""name"":""polygon"",""all_points_x"":[916,933,959,984,1012,1034,1024,967,938,918],""all_points_y"":[2299,2297,2290,2284,2278,2271,2279,2291,2299,2304]}",{}
2.png,75497526,{},1134,28,"{""name"":""polygon"",""all_points_x"":[1443,1419,1403,1378,1341,1310,1286,1269,1238,1238,1259,1290,1330,1362,1393,1447],""all_points_y"":[2325,2326,2325,2321,2317,2316,2313,2313,2316,2320,2318,2318,2321,2324,2327,2329]}",{}
2.png,75497526,{},1134,29,"{""name"":""polygon"",""all_points_x"":[869,883,915,953,989,1040,1079,1096,1096,1068,1006,948,895,868],""all_points_y"":[2530,2536,2551,2570,2589,2615,2640,2649,2660,2642,2609,2576,2546,2534]}",{}
2.png,75497526,{},1134,30,"{""name"":""polygon"",""all_points_x"":[1159,1164,1154,1147,1139,1127,1125,1130,1138,1150],""all_points_y"":[2759,2755,2716,2682,2648,2594,2594,2634,2668,2723]}",{}
2.png,75497526,{},1134,31,"{""name"":""polygon"",""all_points_x"":[1533,1533,1556,1631,1690,1743,1791,1848,1838,1612,1553],""all_points_y"":[1795,1804,1805,1812,1816,1821,1826,1833,1828,1803,1798]}",{}
2.png,75497526,{},1134,32,"{""name"":""polygon"",""all_points_x"":[1774,1780,1771,1761,1751,1740,1725,1716],""all_points_y"":[1671,1674,1710,1746,1782,1830,1879,1876]}",{}
2.png,75497526,{},1134,33,"{""name"":""polygon"",""all_points_x"":[1715,1743,1763,1768,1768,1724,1713],""all_points_y"":[1706,1718,1730,1732,1741,1716,1711]}",{}
2.png,75497526,{},1134,34,"{""name"":""polygon"",""all_points_x"":[1760,1773,1793,1812,1831,1852,1853,1826,1810,1781,1758],""all_points_y"":[1756,1757,1759,1760,1765,1769,1780,1773,1768,1767,1762]}",{}
2.png,75497526,{},1134,35,"{""name"":""polygon"",""all_points_x"":[1857,1821,1783,1756,1712,1710,1748,1777,1816,1851,1863,1875,1871],""all_points_y"":[1785,1782,1777,1774,1769,1776,1782,1785,1789,1793,1794,1790,1782]}",{}
2.png,75497526,{},1134,36,"{""name"":""polygon"",""all_points_x"":[1608,1639,1674,1732,1769,1788,1789,1751,1715,1658,1632,1596],""all_points_y"":[1889,1900,1905,1907,1911,1912,1926,1922,1918,1915,1912,1898]}",{}
2.png,75497526,{},1134,37,"{""name"":""polygon"",""all_points_x"":[1773,1796,1816,1846,1877,1903,1947,1945,1899,1872,1829,1796,1772],""all_points_y"":[1870,1874,1878,1888,1895,1902,1909,1914,1907,1903,1888,1881,1879]}",{}
2.png,75497526,{},1134,38,"{""name"":""polygon"",""all_points_x"":[1755,1777,1801,1824,1852,1884,1894,1887,1849,1829,1782,1753],""all_points_y"":[1595,1602,1610,1618,1628,1639,1642,1646,1634,1627,1612,1602]}",{}
2.png,75497526,{},1134,39,"{""name"":""polygon"",""all_points_x"":[1584,1603,1634,1661,1693,1731,1731,1697,1680,1646,1613,1587,1582],""all_points_y"":[1288,1291,1295,1299,1302,1302,1307,1305,1305,1302,1299,1296,1295]}",{}
2.png,75497526,{},1134,40,"{""name"":""polygon"",""all_points_x"":[1705,1727,1759,1795,1818,1813,1776,1739,1718,1703],""all_points_y"":[1121,1127,1137,1145,1150,1158,1147,1140,1136,1131]}",{}
2.png,75497526,{},1134,41,"{""name"":""polygon"",""all_points_x"":[1842,1867,1890,1914,1926,1923,1888,1862,1839],""all_points_y"":[1144,1155,1164,1175,1180,1184,1168,1158,1149]}",{}
2.png,75497526,{},1134,42,"{""name"":""polygon"",""all_points_x"":[1822,1839,1858,1871,1866,1833,1819],""all_points_y"":[1203,1208,1216,1221,1226,1212,1208]}",{}
2.png,75497526,{},1134,43,"{""name"":""polygon"",""all_points_x"":[1523,1546,1567,1582,1581,1555,1534,1522],""all_points_y"":[1345,1348,1353,1356,1361,1356,1352,1349]}",{}
2.png,75497526,{},1134,44,"{""name"":""polygon"",""all_points_x"":[1925,1932,1925,1920,1918,1911],""all_points_y"":[1661,1663,1677,1703,1723,1719]}",{}
2.png,75497526,{},1134,45,"{""name"":""polygon"",""all_points_x"":[1856,1864,1869,1874,1883,1898,1922,1918,1907,1891,1879,1865,1861,1851],""all_points_y"":[1628,1613,1601,1593,1585,1578,1559,1556,1566,1577,1581,1597,1608,1627]}",{}
2.png,75497526,{},1134,46,"{""name"":""polygon"",""all_points_x"":[1714,1715,1718,1724,1726,1726,1739,1740,1736,1732,1726],""all_points_y"":[2343,2387,2427,2500,2549,2594,2594,2534,2488,2418,2342]}",{}
2.png,75497526,{},1134,47,"{""name"":""polygon"",""all_points_x"":[1780,1793,1800,1811,1792,1782,1762,1735,1735,1758],""all_points_y"":[2546,2586,2600,2596,2540,2523,2499,2459,2476,2515]}",{}
2.png,75497526,{},1134,48,"{""name"":""polygon"",""all_points_x"":[1443,1464,1492,1533,1569,1578,1577,1539,1502,1474,1442],""all_points_y"":[2362,2370,2379,2393,2407,2410,2413,2400,2388,2378,2366]}",{}
2.png,75497526,{},1134,49,"{""name"":""polygon"",""all_points_x"":[1565,1576,1569,1548,1530,1512,1506,1497,1481,1476,1472,1484,1494,1502,1528,1557],""all_points_y"":[2780,2778,2758,2710,2664,2611,2594,2563,2526,2519,2521,2548,2577,2602,2679,2753]}",{}
2.png,75497526,{},1134,50,"{""name"":""polygon"",""all_points_x"":[1822,1829,1839,1849,1856,1867,1882,1886,1890,1899,1887,1871,1858,1849,1839,1828],""all_points_y"":[2495,2521,2554,2590,2621,2659,2702,2715,2725,2721,2690,2634,2591,2556,2522,2489]}",{}
2.png,75497526,{},1134,51,"{""name"":""polygon"",""all_points_x"":[1738,1764,1781,1810,1824,1832,1810,1774,1752,1742],""all_points_y"":[2717,2743,2760,2788,2800,2792,2773,2740,2716,2708]}",{}
2.png,75497526,{},1134,52,"{""name"":""polygon"",""all_points_x"":[1274,1282,1290,1299,1312,1320,1308,1290],""all_points_y"":[2531,2529,2554,2594,2626,2653,2655,2593]}",{}
2.png,75497526,{},1134,53,"{""name"":""polygon"",""all_points_x"":[1196,1208,1230,1256,1270,1277,1273,1254,1224,1194],""all_points_y"":[2674,2676,2680,2685,2687,2686,2694,2692,2686,2681]}",{}
2.png,75497526,{},1134,54,"{""name"":""polygon"",""all_points_x"":[1234,1249,1283,1318,1342,1376,1390,1390,1376,1346,1309,1269,1234],""all_points_y"":[2777,2778,2779,2781,2782,2779,2777,2783,2786,2786,2786,2784,2782]}",{}
2.png,75497526,{},1134,55,"{""name"":""polygon"",""all_points_x"":[1617,1631,1651,1685,1720,1756,1785,1819,1819,1782,1739,1669,1629,1607],""all_points_y"":[2904,2926,2944,2978,3015,3051,3079,3114,3130,3090,3049,2980,2937,2909]}",{}
2.png,75497526,{},1134,56,"{""name"":""polygon"",""all_points_x"":[1770,1782,1811,1835,1867,1893,1924,1924,1894,1850,1824,1792,1772],""all_points_y"":[2581,2577,2563,2553,2539,2527,2513,2517,2529,2551,2561,2575,2583]}",{}
2.png,75497526,{},1134,57,"{""name"":""polygon"",""all_points_x"":[1119,1146,1195,1227,1270,1315,1333,1332,1235,1166,1119],""all_points_y"":[2944,2944,2946,2951,2953,2959,2960,2965,2956,2951,2952]}",{}
2.png,75497526,{},1134,58,"{""name"":""polygon"",""all_points_x"":[883,882,882,880,878,879,883,887,889,897,889,883,886,886],""all_points_y"":[2798,2815,2843,2864,2883,2904,2943,2977,2995,2991,2948,2879,2843,2800]}",{}
2.png,75497526,{},1134,59,"{""name"":""polygon"",""all_points_x"":[823,817,805,789,786,790,793,809,822,829],""all_points_y"":[2955,2969,2990,3017,3032,3032,3022,2993,2970,2956]}",{}
2.png,75497526,{},1134,60,"{""name"":""polygon"",""all_points_x"":[808,817,829,847,852,858,849,842,817,811,802],""all_points_y"":[3116,3136,3146,3164,3172,3190,3190,3171,3146,3137,3120]}",{}
2.png,75497526,{},1134,61,"{""name"":""polygon"",""all_points_x"":[915,906,919,935,960,986,1007,1030,1036],""all_points_y"":[3017,3021,3026,3030,3037,3044,3052,3061,3057]}",{}
2.png,75497526,{},1134,62,"{""name"":""polygon"",""all_points_x"":[834,823,806,791,769,754,755,772,794,834],""all_points_y"":[2985,2990,2996,3001,3006,3010,3013,3011,3006,2988]}",{}
2.png,75497526,{},1134,63,"{""name"":""polygon"",""all_points_x"":[1358,1358,1358,1361,1362,1359,1358,1358,1357,1366,1366,1367,1371,1370,1368,1365,1364,1363],""all_points_y"":[2980,3002,3044,3076,3140,3182,3213,3242,3253,3252,3219,3181,3140,3101,3072,3058,3026,2978]}",{}
2.png,75497526,{},1134,64,"{""name"":""polygon"",""all_points_x"":[1455,1473,1505,1541,1569,1595,1581,1540,1516,1479,1458],""all_points_y"":[3096,3092,3088,3079,3072,3072,3078,3084,3090,3097,3098]}",{}
2.png,75497526,{},1134,65,"{""name"":""polygon"",""all_points_x"":[1222,1241,1255,1270,1297,1329,1348,1374,1396,1401,1397,1375,1325,1254,1221],""all_points_y"":[3212,3226,3238,3251,3274,3302,3319,3339,3358,3362,3366,3349,3307,3242,3214]}",{}
2.png,75497526,{},1134,66,"{""name"":""polygon"",""all_points_x"":[1536,1544,1524,1492,1466,1447,1419,1412],""all_points_y"":[3320,3316,3292,3249,3209,3184,3145,3151]}",{}
2.png,75497526,{},1134,67,"{""name"":""polygon"",""all_points_x"":[1563,1569,1578,1590,1608,1624,1633,1646,1650,1647,1640,1608],""all_points_y"":[3081,3081,3102,3136,3174,3216,3240,3266,3276,3288,3280,3201]}",{}
2.png,75497526,{},1134,68,"{""name"":""polygon"",""all_points_x"":[1109,1128,1150,1170,1167,1129,1106],""all_points_y"":[2452,2456,2461,2464,2469,2464,2459]}",{}
2.png,75497526,{},1134,69,"{""name"":""polygon"",""all_points_x"":[1000,1008,1023,1045,1050,1038,1015,1004],""all_points_y"":[2452,2447,2438,2421,2423,2432,2447,2456]}",{}
2.png,75497526,{},1134,70,"{""name"":""polygon"",""all_points_x"":[1353,1318,1269,1233,1207,1200,1168,1155,1156,1176,1199,1221,1245,1279,1315,1363],""all_points_y"":[2282,2284,2291,2296,2297,2301,2305,2305,2309,2310,2308,2303,2301,2296,2290,2282]}",{}
2.png,75497526,{},1134,71,"{""name"":""polygon"",""all_points_x"":[1279,1298,1322,1355,1385,1383,1352,1319,1276],""all_points_y"":[2230,2240,2249,2263,2275,2277,2266,2255,2237]}",{}
2.png,75497526,{},1134,72,"{""name"":""polygon"",""all_points_x"":[1831,1816,1770,1744,1727,1728,1747,1772,1799,1819,1840],""all_points_y"":[2091,2094,2104,2109,2112,2117,2116,2110,2104,2102,2101]}",{}
2.png,75497526,{},1134,73,"{""name"":""polygon"",""all_points_x"":[1671,1656,1629,1597,1560,1523,1503,1488,1492,1520,1560,1601,1637,1662,1669],""all_points_y"":[2081,2086,2087,2090,2095,2099,2100,2101,2106,2108,2104,2100,2094,2093,2091]}",{}
2.png,75497526,{},1134,74,"{""name"":""polygon"",""all_points_x"":[1446,1474,1513,1550,1578,1595,1583,1521,1470,1446],""all_points_y"":[1894,1898,1906,1915,1920,1924,1929,1915,1903,1898]}",{}
2.png,75497526,{},1134,75,"{""name"":""polygon"",""all_points_x"":[1565,1562,1582,1612,1642,1667,1689,1722,1748,1762,1762,1745,1691,1665,1648],""all_points_y"":[1899,1904,1913,1921,1932,1941,1951,1964,1980,1988,1974,1962,1940,1931,1925]}",{}
2.png,75497526,{},1134,76,"{""name"":""polygon"",""all_points_x"":[824,833,832,833,834,836,836,839,840,838,838,839,839,831,830],""all_points_y"":[3398,3399,3409,3431,3462,3491,3517,3539,3557,3569,3590,3613,3624,3623,3569]}",{}
2.png,75497526,{},1134,77,"{""name"":""polygon"",""all_points_x"":[726,721,730,742,753,763,772,777,748,736],""all_points_y"":[3508,3515,3535,3555,3576,3596,3616,3609,3555,3536]}",{}
2.png,75497526,{},1134,78,"{""name"":""polygon"",""all_points_x"":[787,784,789,793,797,799,801,802,804,797,795],""all_points_y"":[3598,3620,3622,3595,3559,3507,3472,3447,3391,3394,3466]}",{}
2.png,75497526,{},1134,79,"{""name"":""polygon"",""all_points_x"":[949,962,974,994,1009,1022,1028,1001,969,954],""all_points_y"":[3530,3548,3569,3599,3618,3634,3619,3585,3540,3529]}",{}
2.png,75497526,{},1134,80,"{""name"":""polygon"",""all_points_x"":[1774,1764,1759,1749,1739,1730,1714,1718,1730,1739,1764,1783],""all_points_y"":[3143,3166,3181,3206,3229,3257,3291,3292,3284,3251,3188,3142]}",{}
2.png,75497526,{},1134,81,"{""name"":""polygon"",""all_points_x"":[1620,1634,1648,1672,1697,1717,1744,1765,1790,1815,1829,1842,1836,1822,1790,1739,1696,1649,1619],""all_points_y"":[3431,3445,3462,3489,3522,3547,3574,3598,3626,3651,3667,3680,3683,3680,3641,3583,3534,3474,3435]}",{}
2.png,75497526,{},1134,82,"{""name"":""polygon"",""all_points_x"":[1059,1061,1066,1071,1078,1082,1084,1089,1095,1084,1078,1070,1065],""all_points_y"":[3593,3605,3635,3674,3720,3745,3768,3793,3793,3726,3676,3634,3596]}",{}
2.png,75497526,{},1134,83,"{""name"":""polygon"",""all_points_x"":[1175,1182,1184,1184,1182,1180,1180,1181,1179,1180,1174,1176,1178],""all_points_y"":[3221,3222,3235,3250,3270,3286,3308,3324,3348,3361,3353,3265,3257]}",{}
2.png,75497526,{},1134,84,"{""name"":""polygon"",""all_points_x"":[1069,1086,1116,1149,1167,1186,1185,1152,1131,1079,1063],""all_points_y"":[3381,3395,3421,3452,3467,3482,3487,3466,3446,3395,3383]}",{}
2.png,75497526,{},1134,85,"{""name"":""polygon"",""all_points_x"":[1358,1376,1408,1449,1484,1497,1516,1516,1483,1448,1405,1357],""all_points_y"":[1696,1696,1694,1692,1688,1690,1687,1694,1696,1698,1702,1700]}",{}
2.png,75497526,{},1134,86,"{""name"":""polygon"",""all_points_x"":[1654,1669,1693,1714,1736,1737,1715,1685,1664,1652],""all_points_y"":[2832,2837,2851,2865,2881,2890,2877,2856,2842,2838]}",{}
2.png,75497526,{},1134,87,"{""name"":""polygon"",""all_points_x"":[1720,1753,1770,1788,1795,1782,1769,1740,1715],""all_points_y"":[3044,3074,3092,3114,3124,3126,3114,3076,3048]}",{}
2.png,75497526,{},1134,88,"{""name"":""polygon"",""all_points_x"":[1712,1732,1754,1768,1784,1798,1810,1804,1766,1741,1707],""all_points_y"":[3023,3046,3066,3080,3095,3112,3126,3129,3086,3060,3025]}",{}
2.png,75497526,{},1134,89,"{""name"":""polygon"",""all_points_x"":[1129,1132,1138,1140,1144,1148,1155,1149,1144,1140,1135],""all_points_y"":[3671,3694,3733,3758,3792,3817,3815,3769,3731,3703,3671]}",{}
2.png,75497526,{},1134,90,"{""name"":""polygon"",""all_points_x"":[1544,1556,1546,1528,1515,1510,1504,1498,1494,1490,1490,1485,1484,1488,1499,1506],""all_points_y"":[4024,4020,3967,3885,3814,3780,3741,3702,3670,3658,3637,3637,3667,3682,3766,3811]}",{}
2.png,75497526,{},1134,91,"{""name"":""polygon"",""all_points_x"":[1503,1519,1531,1543,1565,1577,1593,1568,1537,1517,1511],""all_points_y"":[3722,3748,3769,3791,3826,3843,3839,3807,3757,3726,3716]}",{}
2.png,75497526,{},1134,92,"{""name"":""polygon"",""all_points_x"":[685,699,708,715,727,729,740,749,759,751,736,722,702],""all_points_y"":[4028,4029,3991,3959,3905,3883,3844,3796,3756,3756,3824,3879,3959]}",{}
2.png,75497526,{},1134,93,"{""name"":""polygon"",""all_points_x"":[1418,1438,1462,1484,1507,1533,1563,1581,1600,1608,1616,1563,1516,1488,1451,1424],""all_points_y"":[3692,3716,3748,3777,3806,3831,3864,3885,3907,3917,3908,3851,3803,3766,3719,3687]}",{}
2.png,75497526,{},1134,94,"{""name"":""polygon"",""all_points_x"":[1606,1623,1634,1637,1604,1575,1584],""all_points_y"":[3888,3899,3904,3895,3878,3861,3874]}",{}
2.png,75497526,{},1134,95,"{""name"":""polygon"",""all_points_x"":[1506,1515,1524,1531,1542,1531,1516,1511],""all_points_y"":[3518,3553,3584,3609,3608,3575,3531,3516]}",{}
2.png,75497526,{},1134,96,"{""name"":""polygon"",""all_points_x"":[1216,1236,1266,1286,1323,1343,1353,1360,1330,1291,1269,1241,1223],""all_points_y"":[4030,4050,4079,4099,4135,4154,4162,4152,4128,4091,4066,4043,4023]}",{}
2.png,75497526,{},1134,97,"{""name"":""polygon"",""all_points_x"":[1203,1212,1212,1218,1231,1247,1263,1273,1271,1258,1246,1227,1218,1208],""all_points_y"":[4022,4026,4007,3980,3945,3912,3882,3859,3850,3878,3902,3938,3961,3993]}",{}
2.png,75497526,{},1134,98,"{""name"":""polygon"",""all_points_x"":[1313,1331,1345,1361,1379,1400,1422,1442,1460,1465,1427,1399,1371,1361,1339,1318],""all_points_y"":[3933,3956,3977,4003,4031,4064,4090,4114,4129,4119,4081,4042,4002,3981,3950,3925]}",{}
2.png,75497526,{},1134,99,"{""name"":""polygon"",""all_points_x"":[1862,1871,1854,1824,1797,1770,1752,1735,1718,1691,1688,1703,1719,1732,1753,1773,1808,1851],""all_points_y"":[3602,3599,3583,3550,3514,3482,3455,3440,3408,3376,3379,3399,3424,3444,3466,3495,3538,3591]}",{}
2.png,75497526,{},1134,100,"{""name"":""polygon"",""all_points_x"":[1921,1912,1897,1883,1869,1866,1870,1885,1901,1929],""all_points_y"":[3228,3248,3277,3306,3341,3348,3356,3324,3291,3231]}",{}
2.png,75497526,{},1134,101,"{""name"":""polygon"",""all_points_x"":[1896,1903,1908,1917,1928,1919],""all_points_y"":[3348,3348,3337,3292,3246,3254]}",{}
2.png,75497526,{},1134,102,"{""name"":""polygon"",""all_points_x"":[1852,1866,1870,1879,1889,1918,1941,1961,1985,2002,2008,2005,1995,1947,1911,1880,1867],""all_points_y"":[3450,3452,3440,3416,3402,3363,3332,3304,3274,3252,3242,3238,3246,3313,3359,3401,3421]}",{}
2.png,75497526,{},1134,103,"{""name"":""polygon"",""all_points_x"":[1570,1578,1566,1556,1549,1543,1539,1544,1550,1561],""all_points_y"":[3319,3315,3271,3225,3188,3156,3159,3189,3225,3280]}",{}
2.png,75497526,{},1134,104,"{""name"":""polygon"",""all_points_x"":[756,762,762,758,753,749,752,753,755],""all_points_y"":[3996,3994,3938,3867,3812,3814,3853,3887,3939]}",{}
2.png,75497526,{},1134,105,"{""name"":""polygon"",""all_points_x"":[671,678,693,708,725,734,750,747,725,716,702],""all_points_y"":[3858,3859,3835,3806,3785,3767,3754,3747,3770,3787,3806]}",{}
2.png,75497526,{},1134,106,"{""name"":""polygon"",""all_points_x"":[1025,1001,970,947,929,931,959,979,1007,1026],""all_points_y"":[3754,3750,3746,3743,3740,3745,3750,3753,3757,3760]}",{}
2.png,75497526,{},1134,107,"{""name"":""polygon"",""all_points_x"":[983,995,1015,1047,1084,1116,1117,1088,1056,1024,1008,987],""all_points_y"":[3979,3972,3967,3965,3962,3960,3963,3966,3968,3971,3973,3982]}",{}
2.png,75497526,{},1134,108,"{""name"":""polygon"",""all_points_x"":[991,1006,1003,1012,1016,1023,1031,1041,1036,1027,1017,1007,998],""all_points_y"":[4183,4173,4161,4117,4072,4041,3999,3956,3956,3993,4040,4095,4150]}",{}
2.png,75497526,{},1134,109,"{""name"":""polygon"",""all_points_x"":[989,1020,1050,1077,1115,1145,1145,1121,1087,1054,1027,988],""all_points_y"":[4146,4136,4125,4118,4110,4104,4111,4114,4123,4131,4140,4157]}",{}
2.png,75497526,{},1134,110,"{""name"":""polygon"",""all_points_x"":[964,987,1029,1065,1084,1110,1135,1140,1120,1089,1059,1024,989,963],""all_points_y"":[4121,4119,4113,4107,4104,4100,4095,4101,4106,4111,4116,4123,4128,4132]}",{}
2.png,75497526,{},1134,111,"{""name"":""polygon"",""all_points_x"":[1109,1134,1152,1169,1187,1191,1208,1215,1191,1170,1154,1128,1118],""all_points_y"":[4084,4106,4123,4138,4157,4161,4180,4175,4150,4128,4111,4086,4078]}",{}
2.png,75497526,{},1134,112,"{""name"":""polygon"",""all_points_x"":[1388,1408,1425,1441,1450,1457,1431,1413,1399],""all_points_y"":[3794,3821,3843,3866,3877,3872,3836,3814,3790]}",{}
2.png,75497526,{},1134,113,"{""name"":""polygon"",""all_points_x"":[1470,1488,1507,1518,1524,1533,1547,1565,1583,1592,1597,1596,1555,1522,1498,1479,1475],""all_points_y"":[4044,4077,4111,4139,4155,4167,4193,4231,4267,4287,4282,4271,4190,4128,4082,4044,4041]}",{}
2.png,75497526,{},1134,114,"{""name"":""polygon"",""all_points_x"":[1660,1670,1656,1633,1599,1570,1539,1519,1500,1474,1461,1454,1470,1496,1518,1540,1570,1598,1624],""all_points_y"":[4249,4242,4222,4192,4149,4116,4071,4043,4017,3980,3952,3954,3988,4026,4058,4089,4128,4168,4200]}",{}
2.png,75497526,{},1134,115,"{""name"":""polygon"",""all_points_x"":[1441,1461,1485,1504,1519,1523,1511,1487,1463,1451],""all_points_y"":[3915,3930,3956,3978,3992,3984,3967,3947,3920,3909]}",{}
2.png,75497526,{},1134,116,"{""name"":""polygon"",""all_points_x"":[1440,1450,1465,1478,1494,1507,1527,1542,1558,1569,1574,1553,1532,1502,1484,1463,1442],""all_points_y"":[3782,3792,3810,3828,3851,3867,3890,3904,3927,3944,3939,3909,3884,3851,3826,3800,3778]}",{}
2.png,75497526,{},1134,117,"{""name"":""polygon"",""all_points_x"":[1576,1587,1610,1632,1640,1602,1580],""all_points_y"":[3936,3957,3980,4004,3996,3957,3932]}",{}
2.png,75497526,{},1134,118,"{""name"":""polygon"",""all_points_x"":[984,971,954,929,913,896,876,864,866,876,892,930,942,965,990],""all_points_y"":[4094,4105,4124,4145,4164,4187,4209,4223,4229,4218,4202,4153,4142,4120,4095]}",{}
2.png,75497526,{},1134,119,"{""name"":""polygon"",""all_points_x"":[689,718,767,812,838,843,819,792,746,704,693],""all_points_y"":[4216,4206,4184,4165,4156,4163,4170,4181,4203,4226,4231]}",{}
2.png,75497526,{},1134,120,"{""name"":""polygon"",""all_points_x"":[791,797,812,837,865,890,909,928,940,934,906],""all_points_y"":[4298,4305,4294,4280,4264,4249,4239,4228,4219,4216,4232]}",{}
2.png,75497526,{},1134,121,"{""name"":""polygon"",""all_points_x"":[900,908,924,947,967,975,961],""all_points_y"":[4300,4305,4282,4251,4225,4215,4215]}",{}
2.png,75497526,{},1134,122,"{""name"":""polygon"",""all_points_x"":[1068,1078,1084,1095,1104,1108,1099,1092],""all_points_y"":[4202,4203,4183,4156,4132,4121,4121,4145]}",{}
2.png,75497526,{},1134,123,"{""name"":""polygon"",""all_points_x"":[654,659,676,683,694,705,716,739,734],""all_points_y"":[4143,4146,4126,4115,4102,4089,4075,4043,4041]}",{}
2.png,75497526,{},1134,124,"{""name"":""polygon"",""all_points_x"":[646,653,674,692,699,708,726,715],""all_points_y"":[4137,4141,4115,4091,4080,4071,4050,4052]}",{}
2.png,75497526,{},1134,125,"{""name"":""polygon"",""all_points_x"":[828,840,840,844,852,858,865,852],""all_points_y"":[4134,4138,4105,4077,4034,3975,3933,3931]}",{}
2.png,75497526,{},1134,126,"{""name"":""polygon"",""all_points_x"":[1430,1446,1462,1482,1493,1500,1476,1447,1433],""all_points_y"":[3928,3955,3985,4023,4039,4039,3998,3946,3922]}",{}
2.png,75497526,{},1134,127,"{""name"":""polygon"",""all_points_x"":[1741,1754,1771,1790,1807,1819,1823,1788,1771,1752],""all_points_y"":[4021,4043,4075,4113,4141,4158,4146,4089,4057,4017]}",{}
2.png,75497526,{},1134,128,"{""name"":""polygon"",""all_points_x"":[1750,1765,1785,1800,1817,1829,1810,1783,1760],""all_points_y"":[3946,3974,4007,4035,4059,4048,4022,3983,3946]}",{}
2.png,75497526,{},1134,129,"{""name"":""polygon"",""all_points_x"":[1724,1733,1752,1763,1783,1795,1808,1812,1787,1763,1748,1732],""all_points_y"":[3866,3873,3890,3906,3925,3939,3954,3949,3922,3896,3877,3864]}",{}
2.png,75497526,{},1134,130,"{""name"":""polygon"",""all_points_x"":[1654,1682,1707,1740,1779,1808,1806,1782,1740,1697,1664,1650],""all_points_y"":[4154,4175,4190,4212,4241,4261,4275,4253,4225,4193,4172,4161]}",{}
2.png,75497526,{},1134,131,"{""name"":""polygon"",""all_points_x"":[1220,1240,1255,1281,1296,1299,1272,1245,1223],""all_points_y"":[3998,4013,4027,4052,4064,4060,4035,4013,3996]}",{}
2.png,75497526,{},1134,132,"{""name"":""polygon"",""all_points_x"":[1165,1171,1184,1197,1214,1228,1242,1260,1279,1293,1289,1256],""all_points_y"":[4421,4424,4411,4388,4364,4348,4327,4303,4280,4261,4258,4299]}",{}
2.png,75497526,{},1134,133,"{""name"":""polygon"",""all_points_x"":[966,971,986,1002,1017,1044,1040],""all_points_y"":[4328,4332,4311,4286,4265,4232,4231]}",{}
2.png,75497526,{},1134,134,"{""name"":""polygon"",""all_points_x"":[1039,1043,1031,1009,996,994],""all_points_y"":[4214,4216,4236,4269,4288,4287]}",{}
2.png,75497526,{},1134,135,"{""name"":""polygon"",""all_points_x"":[950,959,970,981,988,984,971],""all_points_y"":[4300,4302,4257,4220,4206,4205,4232]}",{}
2.png,75497526,{},1134,136,"{""name"":""polygon"",""all_points_x"":[980,990,996,1010,1030,1056,1074,1104,1098,1047,1020,997],""all_points_y"":[4397,4402,4385,4360,4321,4285,4253,4206,4203,4284,4327,4365]}",{}
2.png,75497526,{},1134,137,"{""name"":""polygon"",""all_points_x"":[1104,1117,1128,1137,1145,1164,1169,1151,1145,1126,1108],""all_points_y"":[4213,4238,4264,4275,4300,4343,4339,4294,4277,4243,4209]}",{}
2.png,75497526,{},1134,138,"{""name"":""polygon"",""all_points_x"":[1098,1105,1124,1149,1162,1180,1186,1183,1174,1175,1155,1131,1114],""all_points_y"":[4424,4431,4411,4382,4362,4333,4325,4303,4302,4330,4357,4386,4407]}",{}
2.png,75497526,{},1134,139,"{""name"":""polygon"",""all_points_x"":[1115,1126,1135,1150,1164,1177,1198,1201,1175,1166,1140,1129,1119],""all_points_y"":[4122,4133,4145,4166,4183,4205,4234,4226,4188,4175,4144,4127,4118]}",{}
2.png,75497526,{},1134,140,"{""name"":""polygon"",""all_points_x"":[1067,1073,1078,1082,1086,1098,1091,1082,1075],""all_points_y"":[4333,4334,4308,4282,4266,4237,4236,4264,4289]}",{}
2.png,75497526,{},1134,141,"{""name"":""polygon"",""all_points_x"":[1181,1192,1203,1219,1236,1254,1269,1286,1279,1255,1221],""all_points_y"":[4477,4483,4467,4445,4422,4398,4381,4361,4356,4380,4424]}",{}
2.png,75497526,{},1134,142,"{""name"":""polygon"",""all_points_x"":[1179,1194,1212,1227,1246,1255,1230,1205,1189],""all_points_y"":[4337,4352,4378,4399,4416,4406,4387,4354,4333]}",{}
2.png,75497526,{},1134,143,"{""name"":""polygon"",""all_points_x"":[1189,1204,1216,1229,1242,1220,1195],""all_points_y"":[4376,4397,4416,4436,4431,4409,4376]}",{}
2.png,75497526,{},1134,144,"{""name"":""polygon"",""all_points_x"":[1229,1253,1284,1312,1335,1332,1296,1267,1250,1225],""all_points_y"":[4314,4324,4331,4338,4346,4349,4341,4334,4330,4315]}",{}
2.png,75497526,{},1134,145,"{""name"":""polygon"",""all_points_x"":[1212,1223,1233,1248,1266,1280,1300,1315,1328,1342,1352,1364,1358,1338,1310,1279,1255,1238],""all_points_y"":[4552,4555,4534,4510,4472,4442,4401,4371,4350,4322,4303,4284,4281,4315,4365,4424,4471,4504]}",{}
2.png,75497526,{},1134,146,"{""name"":""polygon"",""all_points_x"":[1342,1349,1358,1371,1382,1396,1410,1405,1390],""all_points_y"":[4355,4359,4340,4303,4277,4245,4200,4200,4237]}",{}
2.png,75497526,{},1134,147,"{""name"":""polygon"",""all_points_x"":[1380,1396,1419,1442,1471,1491,1487,1483,1432,1404,1377],""all_points_y"":[4287,4306,4326,4347,4370,4384,4389,4390,4351,4323,4297]}",{}
2.png,75497526,{},1134,148,"{""name"":""polygon"",""all_points_x"":[1408,1412,1433,1453,1471,1461],""all_points_y"":[4193,4196,4172,4148,4123,4127]}",{}
2.png,75497526,{},1134,149,"{""name"":""polygon"",""all_points_x"":[1052,1068,1084,1100,1115,1132,1145,1151,1141,1115,1095,1064,1046],""all_points_y"":[4414,4446,4474,4504,4534,4574,4601,4618,4619,4554,4509,4448,4418]}",{}
2.png,75497526,{},1134,150,"{""name"":""polygon"",""all_points_x"":[1136,1148,1178,1192,1195,1181,1144,1125,1123],""all_points_y"":[4576,4597,4639,4658,4652,4633,4580,4551,4550]}",{}
2.png,75497526,{},1134,151,"{""name"":""polygon"",""all_points_x"":[1225,1236,1244,1256,1262,1274,1283,1272,1261,1246,1234],""all_points_y"":[4518,4544,4575,4610,4643,4683,4680,4644,4598,4554,4512]}",{}
2.png,75497526,{},1134,152,"{""name"":""polygon"",""all_points_x"":[1242,1253,1266,1282,1287,1261,1248],""all_points_y"":[4534,4558,4583,4613,4610,4558,4539]}",{}
2.png,75497526,{},1134,153,"{""name"":""polygon"",""all_points_x"":[1297,1304,1322,1355,1393,1419,1452,1491,1484,1452,1365],""all_points_y"":[4711,4722,4708,4686,4659,4640,4619,4596,4588,4611,4668]}",{}
2.png,75497526,{},1134,154,"{""name"":""polygon"",""all_points_x"":[1309,1314,1328,1346,1363,1395,1415,1409,1385,1347],""all_points_y"":[4582,4587,4570,4546,4523,4482,4446,4446,4486,4532]}",{}
2.png,75497526,{},1134,155,"{""name"":""polygon"",""all_points_x"":[1258,1265,1280,1313,1347,1370,1395,1431,1465,1456,1358],""all_points_y"":[4715,4721,4707,4683,4655,4632,4613,4579,4551,4549,4633]}",{}
2.png,75497526,{},1134,156,"{""name"":""polygon"",""all_points_x"":[733,742,746,753,759,766,772,774,767,758],""all_points_y"":[4568,4568,4538,4489,4450,4402,4360,4352,4353,4411]}",{}
2.png,75497526,{},1134,157,"{""name"":""polygon"",""all_points_x"":[689,693,705,718,737,752,746,735,713],""all_points_y"":[4496,4503,4479,4441,4393,4356,4355,4376,4436]}",{}
2.png,75497526,{},1134,158,"{""name"":""polygon"",""all_points_x"":[859,872,888,902,914,917,928,940,966,971,940,929,929,912,885,872,866],""all_points_y"":[4302,4319,4337,4356,4374,4385,4402,4418,4442,4435,4409,4389,4378,4356,4327,4308,4302]}",{}
2.png,75497526,{},1134,159,"{""name"":""polygon"",""all_points_x"":[786,801,815,826,831,838,820,797,791],""all_points_y"":[4371,4395,4421,4442,4449,4442,4417,4378,4367]}",{}
2.png,75497526,{},1134,160,"{""name"":""polygon"",""all_points_x"":[883,876,865,845,833,816,807,816,825,844,861,877,887,890],""all_points_y"":[4316,4335,4361,4391,4420,4454,4472,4475,4456,4413,4379,4352,4335,4320]}",{}
2.png,75497526,{},1134,161,"{""name"":""polygon"",""all_points_x"":[1805,1779,1753,1725,1716,1718,1742,1775,1803,1816,1813],""all_points_y"":[3591,3599,3603,3609,3611,3617,3613,3605,3598,3595,3590]}",{}
2.png,75497526,{},1134,162,"{""name"":""polygon"",""all_points_x"":[987,1007,1038,1088,1115,1133,1128,1102,1049,1018,982],""all_points_y"":[3814,3817,3822,3832,3836,3836,3845,3842,3830,3826,3819]}",{}
2.png,75497526,{},1134,163,"{""name"":""polygon"",""all_points_x"":[1737,1759,1779,1794,1802,1791,1779,1764,1734],""all_points_y"":[4128,4139,4156,4179,4199,4199,4174,4156,4136]}",{}
2.png,75497526,{},1134,164,"{""name"":""polygon"",""all_points_x"":[553,562,567,572,581,591,584,571,555],""all_points_y"":[4419,4423,4392,4361,4327,4291,4291,4334,4418]}",{}
2.png,75497526,{},1134,165,"{""name"":""polygon"",""all_points_x"":[485,511,530,547,581,608,632,662,656,605,550,501,483],""all_points_y"":[4384,4396,4405,4414,4430,4443,4452,4466,4475,4450,4422,4398,4387]}",{}
2.png,75497526,{},1134,166,"{""name"":""polygon"",""all_points_x"":[503,512,536,559,593,618,607,558,519],""all_points_y"":[4487,4494,4482,4467,4446,4430,4429,4458,4479]}",{}
2.png,75497526,{},1134,167,"{""name"":""polygon"",""all_points_x"":[547,555,559,573,599,626,620,592,569],""all_points_y"":[4505,4509,4494,4470,4427,4387,4384,4425,4464]}",{}
2.png,75497526,{},1134,168,"{""name"":""polygon"",""all_points_x"":[1290,1306,1325,1335,1339,1350,1338,1318,1295],""all_points_y"":[3999,4023,4057,4075,4094,4081,4062,4030,3994]}",{}
2.png,75497526,{},1134,169,"{""name"":""polygon"",""all_points_x"":[911,910,909,910,913,917,916,915,920],""all_points_y"":[3844,3862,3889,3922,3941,3941,3910,3865,3842]}",{}
2.png,75497526,{},1134,170,"{""name"":""polygon"",""all_points_x"":[725,734,737,743,751,761,773,766,744,736,730],""all_points_y"":[3923,3918,3891,3869,3852,3822,3791,3790,3840,3865,3888]}",{}
2.png,75497526,{},1134,171,"{""name"":""polygon"",""all_points_x"":[502,509,520,532,544,560,554,528],""all_points_y"":[4668,4671,4639,4608,4574,4542,4539,4595]}",{}
2.png,75497526,{},1134,172,"{""name"":""polygon"",""all_points_x"":[401,404,410,418,422,429,419,411,407],""all_points_y"":[4598,4622,4650,4676,4687,4680,4654,4618,4595]}",{}
2.png,75497526,{},1134,173,"{""name"":""polygon"",""all_points_x"":[399,404,403,405,406,407,401,401,399],""all_points_y"":[4719,4719,4741,4775,4805,4848,4847,4801,4729]}",{}
2.png,75497526,{},1134,174,"{""name"":""polygon"",""all_points_x"":[378,392,398,409,427,448,460,460,440,420,403,390,377],""all_points_y"":[4848,4842,4829,4818,4809,4805,4804,4801,4802,4807,4816,4829,4846]}",{}
2.png,75497526,{},1134,175,"{""name"":""polygon"",""all_points_x"":[636,644,662,676,694,712,706],""all_points_y"":[4840,4845,4825,4810,4793,4775,4773]}",{}
2.png,75497526,{},1134,176,"{""name"":""polygon"",""all_points_x"":[810,823,846,872,902,915,912,894,852,815,799,796],""all_points_y"":[4882,4883,4886,4889,4891,4894,4903,4898,4895,4888,4885,4882]}",{}
2.png,75497526,{},1134,177,"{""name"":""polygon"",""all_points_x"":[924,944,970,996,1018,1049,1058,1030,999,970,946,928],""all_points_y"":[4743,4772,4809,4842,4876,4914,4908,4872,4831,4791,4760,4737]}",{}
2.png,75497526,{},1134,178,"{""name"":""polygon"",""all_points_x"":[949,965,987,1011,1038,1052,1061,1072,1053,1026,1000,980,952],""all_points_y"":[4646,4674,4706,4743,4783,4807,4822,4817,4791,4750,4713,4683,4640]}",{}
2.png,75497526,{},1134,179,"{""name"":""polygon"",""all_points_x"":[959,974,999,1020,1031,1037,996,960],""all_points_y"":[4648,4660,4681,4698,4709,4700,4671,4643]}",{}
2.png,75497526,{},1134,180,"{""name"":""polygon"",""all_points_x"":[954,977,995,1014,1136,1149,1163,1140,1041,990,982,977,961],""all_points_y"":[4600,4631,4648,4669,4797,4810,4805,4786,4685,4633,4619,4613,4602]}",{}
2.png,75497526,{},1134,181,"{""name"":""polygon"",""all_points_x"":[997,1033,1056,1077,1082,1048,1017,1002],""all_points_y"":[4618,4655,4682,4701,4692,4663,4628,4616]}",{}
2.png,75497526,{},1134,182,"{""name"":""polygon"",""all_points_x"":[980,999,1023,1043,1077,1096,1118,1139,1150,1157,1139,1112,1077,1038,1010,992,982],""all_points_y"":[4554,4572,4602,4626,4662,4684,4708,4732,4748,4744,4723,4692,4652,4610,4577,4556,4550]}",{}
2.png,75497526,{},1134,183,"{""name"":""polygon"",""all_points_x"":[736,767,798,822,818,796,762,736],""all_points_y"":[4608,4626,4644,4656,4662,4650,4631,4614]}",{}
2.png,75497526,{},1134,184,"{""name"":""polygon"",""all_points_x"":[793,773,755,738,734,740,748,768,788,801],""all_points_y"":[4507,4538,4564,4592,4602,4603,4591,4562,4530,4506]}",{}
2.png,75497526,{},1134,185,"{""name"":""polygon"",""all_points_x"":[780,796,820,847,860,863,823,805,786],""all_points_y"":[4498,4521,4547,4572,4585,4573,4535,4517,4495]}",{}
2.png,75497526,{},1134,186,"{""name"":""polygon"",""all_points_x"":[430,439,469,515,569,572,559,530,463],""all_points_y"":[4752,4762,4742,4713,4674,4663,4670,4690,4732]}",{}
2.png,75497526,{},1134,187,"{""name"":""polygon"",""all_points_x"":[571,567,561,559,569,577,581],""all_points_y"":[4571,4608,4659,4669,4664,4602,4570]}",{}
2.png,75497526,{},1134,188,"{""name"":""polygon"",""all_points_x"":[609,623,641,657,649,636,601],""all_points_y"":[4581,4563,4545,4524,4522,4538,4575]}",{}
2.png,75497526,{},1134,189,"{""name"":""polygon"",""all_points_x"":[513,530,546,574,605,633,664,675,678,663,618,595,570,543,520],""all_points_y"":[5068,5048,5028,5000,4963,4934,4903,4891,4892,4911,4960,4989,5017,5043,5072]}",{}
2.png,75497526,{},1134,190,"{""name"":""polygon"",""all_points_x"":[323,343,369,391,410,419,383,352,328],""all_points_y"":[4944,4955,4969,4984,4998,4989,4969,4952,4941]}",{}
2.png,75497526,{},1134,191,"{""name"":""polygon"",""all_points_x"":[314,333,360,403,437,436,412,379,355,313],""all_points_y"":[5114,5115,5116,5114,5117,5124,5124,5125,5124,5119]}",{}
2.png,75497526,{},1134,192,"{""name"":""polygon"",""all_points_x"":[790,811,838,866,891,885,864,824,787],""all_points_y"":[4967,4985,5005,5024,5044,5046,5032,5002,4974]}",{}
2.png,75497526,{},1134,193,"{""name"":""polygon"",""all_points_x"":[781,781,784,787,794,785,785],""all_points_y"":[4899,4921,4954,4977,4976,4917,4900]}",{}
2.png,75497526,{},1134,194,"{""name"":""polygon"",""all_points_x"":[611,617,609,598,594,585,577,564,557,576,589,596],""all_points_y"":[4603,4606,4628,4653,4677,4706,4731,4762,4753,4714,4670,4639]}",{}
2.png,75497526,{},1134,195,"{""name"":""polygon"",""all_points_x"":[561,600,646,709,767,824,858,855,822,783,682,618,569,558],""all_points_y"":[5076,5095,5112,5137,5161,5180,5189,5206,5194,5176,5135,5112,5091,5083]}",{}
2.png,75497526,{},1134,196,"{""name"":""polygon"",""all_points_x"":[685,669,652,626,609,587,574,587,600,624,649,677,690],""all_points_y"":[5028,5053,5077,5108,5129,5152,5165,5171,5153,5122,5088,5057,5035]}",{}
2.png,75497526,{},1134,197,"{""name"":""polygon"",""all_points_x"":[665,646,630,625,622,628,629,637,670],""all_points_y"":[5078,5096,5114,5137,5148,5147,5134,5120,5082]}",{}
2.png,75497526,{},1134,198,"{""name"":""polygon"",""all_points_x"":[1027,1019,1006,993,982,968,954,940,920,930,940,956,983,1005,1023,1040],""all_points_y"":[5001,5035,5076,5110,5146,5194,5239,5290,5354,5355,5324,5273,5175,5098,5047,5004]}",{}
2.png,75497526,{},1134,199,"{""name"":""polygon"",""all_points_x"":[592,600,622,641,660,676,687,680,659,640],""all_points_y"":[5104,5109,5086,5062,5039,5033,5020,5013,5031,5048]}",{}
2.png,75497526,{},1134,200,"{""name"":""polygon"",""all_points_x"":[836,821,806,791,782,765,768,782,793,809,840],""all_points_y"":[4824,4830,4840,4848,4854,4865,4865,4862,4852,4846,4827]}",{}
2.png,75497526,{},1134,201,"{""name"":""polygon"",""all_points_x"":[666,665,664,664,661,660,666,666,668,669,670,671],""all_points_y"":[4286,4311,4341,4366,4396,4426,4426,4403,4363,4332,4311,4287]}",{}
2.png,75497526,{},1134,202,"{""name"":""polygon"",""all_points_x"":[1417,1422,1417,1403,1384,1347,1321,1296,1277,1247,1219,1205,1180,1167,1143,1141,1175,1213,1273,1317,1366,1401,1414],""all_points_y"":[4865,4870,4878,4891,4902,4920,4934,4948,4957,4973,4988,4995,5006,5013,5025,5016,4998,4979,4946,4928,4903,4884,4869]}",{}
2.png,75497526,{},1134,203,"{""name"":""polygon"",""all_points_x"":[1246,1250,1245,1236,1227,1214,1202,1199,1212,1226,1240],""all_points_y"":[4804,4805,4820,4838,4857,4878,4891,4886,4870,4849,4820]}",{}
2.png,75497526,{},1134,204,"{""name"":""polygon"",""all_points_x"":[1208,1216,1239,1260,1292,1320,1341,1382,1371,1335,1286,1231],""all_points_y"":[5157,5163,5150,5133,5113,5091,5079,5063,5048,5072,5106,5145]}",{}
2.png,75497526,{},1134,205,"{""name"":""polygon"",""all_points_x"":[738,762,802,848,880,928,959,966,943,924,894,851,814,787,748],""all_points_y"":[5367,5349,5311,5266,5237,5195,5165,5174,5188,5209,5236,5274,5311,5337,5371]}",{}
2.png,75497526,{},1134,206,"{""name"":""polygon"",""all_points_x"":[886,893,915,953,999,1042,1060,1135,1131,1037,978,940,913],""all_points_y"":[5265,5270,5260,5231,5191,5150,5133,5070,5068,5142,5193,5226,5247]}",{}
2.png,75497526,{},1134,207,"{""name"":""polygon"",""all_points_x"":[518,522,529,541,544,552,548,538,529,521],""all_points_y"":[5256,5277,5308,5354,5379,5377,5365,5322,5289,5255]}",{}
2.png,75497526,{},1134,208,"{""name"":""polygon"",""all_points_x"":[1070,1051,1026,998,974,945,930,910,890,897,919,938,973,1003,1027,1060,1080],""all_points_y"":[5146,5166,5191,5218,5242,5272,5288,5309,5330,5334,5313,5293,5256,5225,5200,5171,5154]}",{}
2.png,75497526,{},1134,209,"{""name"":""polygon"",""all_points_x"":[954,985,1023,1050,1080,1099,1121,1150,1153,1141,1120,1105,1084,1055,1028,1000,970,954],""all_points_y"":[5132,5130,5126,5124,5126,5126,5113,5090,5095,5104,5121,5130,5130,5129,5131,5134,5138,5141]}",{}
2.png,75497526,{},1134,210,"{""name"":""polygon"",""all_points_x"":[865,875,890,907,918,925,931,936,932,923,920,908,887,870,866,869,860,861],""all_points_y"":[5234,5221,5205,5189,5178,5159,5149,5150,5157,5172,5186,5196,5215,5236,5251,5257,5256,5240]}",{}
2.png,75497526,{},1134,211,"{""name"":""polygon"",""all_points_x"":[804,814,829,845,860,863,852,836,823,813],""all_points_y"":[5392,5376,5354,5334,5312,5312,5333,5356,5374,5392]}",{}
2.png,75497526,{},1134,212,"{""name"":""polygon"",""all_points_x"":[949,955,981,1008,1035,1068,1098,1089,983],""all_points_y"":[5310,5316,5296,5275,5249,5221,5192,5191,5284]}",{}
2.png,75497526,{},1134,213,"{""name"":""polygon"",""all_points_x"":[975,1024,1093,1172,1238,1277,1281,1235,1180,1126,1071,1029,982],""all_points_y"":[5468,5455,5438,5418,5399,5391,5398,5411,5427,5442,5456,5469,5484]}",{}
2.png,75497526,{},1134,214,"{""name"":""polygon"",""all_points_x"":[1347,1319,1293,1280,1286,1310,1339,1356],""all_points_y"":[5000,5028,5053,5070,5075,5051,5022,5005]}",{}
2.png,75497526,{},1134,215,"{""name"":""polygon"",""all_points_x"":[581,596,615,638,646,653,622,600,583],""all_points_y"":[4778,4794,4806,4822,4828,4821,4803,4791,4775]}",{}
2.png,75497526,{},1134,216,"{""name"":""polygon"",""all_points_x"":[1187,1192,1208,1230,1268,1301,1309,1301,1264,1239],""all_points_y"":[5235,5240,5225,5204,5173,5140,5129,5128,5165,5189]}",{}
2.png,75497526,{},1134,217,"{""name"":""polygon"",""all_points_x"":[1221,1225,1242,1269,1297,1307,1302,1278],""all_points_y"":[5242,5244,5224,5191,5158,5148,5147,5173]}",{}
2.png,75497526,{},1134,218,"{""name"":""polygon"",""all_points_x"":[1230,1235,1252,1275,1294,1311,1342,1337,1306,1281],""all_points_y"":[5251,5253,5241,5220,5204,5187,5156,5154,5183,5206]}",{}
2.png,75497526,{},1134,219,"{""name"":""polygon"",""all_points_x"":[1287,1290,1299,1313,1329,1338,1324,1312,1294,1290],""all_points_y"":[5242,5260,5281,5306,5331,5328,5316,5291,5252,5240]}",{}
2.png,75497526,{},1134,220,"{""name"":""polygon"",""all_points_x"":[1097,1083,1071,1052,1040,1045,1059,1076,1098],""all_points_y"":[5336,5350,5368,5395,5415,5416,5398,5370,5339]}",{}
2.png,75497526,{},1134,221,"{""name"":""polygon"",""all_points_x"":[1115,1097,1071,1044,1031,1042,1061,1080,1107,1119],""all_points_y"":[5048,5065,5090,5108,5120,5123,5106,5092,5069,5053]}",{}
2.png,75497526,{},1134,222,"{""name"":""polygon"",""all_points_x"":[1351,1345,1339,1332,1322,1325,1330,1341,1354],""all_points_y"":[3190,3204,3223,3242,3267,3269,3262,3232,3195]}",{}
2.png,75497526,{},1134,223,"{""name"":""polygon"",""all_points_x"":[925,924,944,975,1007,1036,1038,1012],""all_points_y"":[2972,2979,2989,3002,3018,3031,3028,3015]}",{}
2.png,75497526,{},1134,224,"{""name"":""polygon"",""all_points_x"":[552,539,524,512,516,532,554],""all_points_y"":[4769,4783,4807,4828,4830,4803,4771]}",{}
2.png,75497526,{},1134,225,"{""name"":""polygon"",""all_points_x"":[520,523,537,549,543,530],""all_points_y"":[4828,4831,4809,4788,4789,4808]}",{}
2.png,75497526,{},1134,226,"{""name"":""polygon"",""all_points_x"":[512,496,484,489,512,522],""all_points_y"":[4721,4742,4758,4763,4735,4722]}",{}
2.png,75497526,{},1134,227,"{""name"":""polygon"",""all_points_x"":[550,527,506,484,487,502,529,553],""all_points_y"":[4604,4617,4628,4637,4643,4636,4623,4608]}",{}
2.png,75497526,{},1134,228,"{""name"":""polygon"",""all_points_x"":[313,313,314,316,319,324,323,320,318],""all_points_y"":[5423,5439,5470,5494,5529,5527,5508,5474,5423]}",{}
2.png,75497526,{},1134,229,"{""name"":""polygon"",""all_points_x"":[651,644,628,616,606,592,595,605,619,635,652],""all_points_y"":[5221,5231,5253,5270,5284,5298,5302,5293,5277,5254,5227]}",{}
2.png,75497526,{},1134,230,"{""name"":""polygon"",""all_points_x"":[742,727,708,690,673,677,689,711,729,748],""all_points_y"":[5250,5262,5278,5295,5310,5312,5302,5283,5267,5252]}",{}
2.png,75497526,{},1134,231,"{""name"":""polygon"",""all_points_x"":[1047,1030,1019,1002,966,968,983,1012,1028,1057],""all_points_y"":[5546,5554,5557,5561,5573,5578,5573,5565,5559,5550]}",{}
2.png,75497526,{},1134,232,"{""name"":""polygon"",""all_points_x"":[961,974,993,1019,1030,1047,1058,1083,1088,1076,1051,1038,1027,1008,993,981,961],""all_points_y"":[5582,5577,5572,5566,5564,5565,5561,5556,5559,5562,5568,5570,5570,5574,5576,5582,5586]}",{}
2.png,75497526,{},1134,233,"{""name"":""polygon"",""all_points_x"":[1049,1060,1072,1087,1100,1111,1125,1135,1140,1128,1109,1105,1077,1064,1052],""all_points_y"":[5472,5484,5499,5519,5534,5552,5572,5585,5581,5566,5538,5527,5497,5477,5469]}",{}
2.png,75497526,{},1134,234,"{""name"":""polygon"",""all_points_x"":[1305,1313,1322,1342,1358,1370,1388,1404,1418,1424,1419,1400,1387,1368,1346,1328,1314],""all_points_y"":[5537,5540,5533,5511,5489,5466,5440,5414,5389,5370,5371,5409,5428,5457,5491,5516,5531]}",{}
2.png,75497526,{},1134,235,"{""name"":""polygon"",""all_points_x"":[1175,1190,1217,1237,1266,1281,1278,1268,1243,1220,1198,1178,1172],""all_points_y"":[5456,5470,5485,5497,5511,5519,5522,5518,5505,5491,5480,5467,5456]}",{}
2.png,75497526,{},1134,236,"{""name"":""polygon"",""all_points_x"":[1186,1199,1217,1238,1254,1273,1274,1257,1232,1215,1202,1186],""all_points_y"":[5440,5446,5458,5477,5490,5504,5501,5486,5467,5452,5442,5437]}",{}
2.png,75497526,{},1134,237,"{""name"":""polygon"",""all_points_x"":[930,929,929,928,933,934,935,934,933],""all_points_y"":[5617,5633,5652,5678,5678,5666,5650,5631,5617]}",{}
2.png,75497526,{},1134,238,"{""name"":""polygon"",""all_points_x"":[939,938,935,933,935,941,947,944],""all_points_y"":[5632,5655,5668,5679,5680,5668,5653,5632]}",{}
2.png,75497526,{},1134,239,"{""name"":""polygon"",""all_points_x"":[752,729,704,671,652,654,667,690,711,733,754],""all_points_y"":[5440,5455,5471,5491,5504,5509,5501,5487,5474,5460,5446]}",{}
2.png,75497526,{},1134,240,"{""name"":""polygon"",""all_points_x"":[1293,1295,1295,1293,1291,1289,1294,1296,1298,1301,1303,1301],""all_points_y"":[5643,5664,5685,5714,5752,5777,5775,5752,5729,5697,5672,5643]}",{}
2.png,75497526,{},1134,241,"{""name"":""polygon"",""all_points_x"":[1311,1339,1357,1381,1399,1405,1383,1362,1343,1315],""all_points_y"":[5786,5764,5749,5726,5709,5714,5734,5752,5767,5789]}",{}
2.png,75497526,{},1134,242,"{""name"":""polygon"",""all_points_x"":[603,607,617,631,644,655,678,673,649,630,616,606],""all_points_y"":[6142,6142,6129,6114,6098,6091,6076,6072,6084,6099,6117,6131]}",{}
2.png,75497526,{},1134,243,"{""name"":""polygon"",""all_points_x"":[886,885,884,887,892,897,892,892,895],""all_points_y"":[6058,6084,6103,6117,6130,6125,6110,6091,6059]}",{}
2.png,75497526,{},1134,244,"{""name"":""polygon"",""all_points_x"":[1024,1030,1035,1039,1042,1045,1051,1059,1065,1071,1064,1054,1050,1050,1043,1039,1033],""all_points_y"":[5919,5945,5963,5987,6002,6027,6055,6087,6108,6105,6076,6032,6019,6000,5975,5952,5922]}",{}
2.png,75497526,{},1134,245,"{""name"":""polygon"",""all_points_x"":[1099,1091,1081,1074,1067,1067,1075,1078,1088,1088,1098,1106],""all_points_y"":[5956,5975,6004,6030,6058,6065,6060,6047,6034,6014,5984,5959]}",{}
2.png,75497526,{},1134,246,"{""name"":""polygon"",""all_points_x"":[887,877,859,843,822,807,791,791,793,803,816,832,853,873,884],""all_points_y"":[5890,5893,5898,5902,5906,5910,5912,5915,5916,5916,5913,5909,5903,5898,5894]}",{}
2.png,75497526,{},1134,247,"{""name"":""polygon"",""all_points_x"":[847,855,854,856,859,864,865,861,857],""all_points_y"":[5936,5936,5927,5911,5887,5857,5845,5846,5864]}",{}
2.png,75497526,{},1134,248,"{""name"":""polygon"",""all_points_x"":[1258,1264,1267,1269,1271,1272,1274,1278,1280,1281,1274],""all_points_y"":[5980,5981,5999,6018,6029,6042,6062,6081,6097,6115,6123]}",{}
2.png,75497526,{},1134,249,"{""name"":""polygon"",""all_points_x"":[562,572,602,636,664,691,710,710,693,670,643,610,585,561],""all_points_y"":[5905,5906,5911,5914,5917,5920,5920,5924,5924,5923,5919,5916,5914,5910]}",{}
2.png,75497526,{},1134,250,"{""name"":""polygon"",""all_points_x"":[133,124,95,66,32,14,2,3,26,54,77,94,117,135],""all_points_y"":[6067,6070,6078,6087,6094,6098,6099,6102,6099,6093,6087,6082,6077,6071]}",{}
2.png,75497526,{},1134,251,"{""name"":""polygon"",""all_points_x"":[1184,1192,1204,1210,1217,1223,1228,1221,1217,1209,1194,1186],""all_points_y"":[5981,5993,6011,6027,6051,6061,6059,6043,6029,6010,5986,5979]}",{}
2.png,75497526,{},1134,252,"{""name"":""polygon"",""all_points_x"":[846,842,835,819,802,785,771,761,763,772,784,802,815,827,850],""all_points_y"":[5804,5810,5818,5835,5851,5865,5876,5885,5888,5883,5872,5859,5845,5833,5809]}",{}
2.png,75497526,{},1134,253,"{""name"":""polygon"",""all_points_x"":[726,729,736,749,761,771,777,772,760,743,732],""all_points_y"":[5707,5708,5700,5683,5663,5648,5633,5632,5652,5682,5699]}",{}
2.png,75497526,{},1134,254,"{""name"":""polygon"",""all_points_x"":[1347,1344,1342,1338,1334,1338,1342,1341,1346,1350],""all_points_y"":[6046,6071,6085,6114,6143,6143,6134,6123,6089,6048]}",{}
2.png,75497526,{},1134,255,"{""name"":""polygon"",""all_points_x"":[427,443,475,493,517,517,498,465,447,430],""all_points_y"":[5742,5739,5740,5740,5741,5745,5746,5746,5746,5745]}",{}
2.png,75497526,{},1134,256,"{""name"":""polygon"",""all_points_x"":[330,336,346,365,377,391,382,373,357],""all_points_y"":[5597,5603,5596,5581,5569,5549,5548,5564,5578]}",{}
2.png,75497526,{},1134,257,"{""name"":""polygon"",""all_points_x"":[497,503,513,528,543,555,546,522],""all_points_y"":[5061,5068,5050,5028,5008,4993,4992,5023]}",{}
2.png,75497526,{},1134,258,"{""name"":""polygon"",""all_points_x"":[530,525,513,495,482,471,478,484,498,519,533],""all_points_y"":[4852,4858,4870,4887,4899,4912,4911,4906,4892,4872,4858]}",{}
2.png,75497526,{},1134,259,"{""name"":""polygon"",""all_points_x"":[921,905,888,875,876,879,881,883,894,920,926],""all_points_y"":[4321,4340,4357,4374,4383,4387,4384,4376,4362,4332,4325]}",{}
2.png,75497526,{},1134,260,"{""name"":""polygon"",""all_points_x"":[734,724,707,690,672,676,683,702,719,733],""all_points_y"":[4244,4254,4265,4281,4297,4301,4295,4278,4263,4251]}",{}
2.png,75497526,{},1134,261,"{""name"":""polygon"",""all_points_x"":[590,601,618,644,653,653,642,623,606,592],""all_points_y"":[4364,4360,4351,4339,4337,4340,4344,4354,4363,4370]}",{}
2.png,75497526,{},1134,262,"{""name"":""polygon"",""all_points_x"":[734,740,745,751,759,769,780,787,781,765,759,749,743,738],""all_points_y"":[4211,4223,4233,4246,4257,4273,4294,4291,4285,4260,4248,4231,4218,4210]}",{}
2.png,75497526,{},1134,263,"{""name"":""polygon"",""all_points_x"":[1360,1369,1389,1415,1446,1471,1489,1488,1469,1447,1436,1414,1393,1373,1356],""all_points_y"":[5144,5153,5163,5176,5185,5194,5206,5209,5200,5189,5186,5180,5172,5162,5148]}",{}
2.png,75497526,{},1134,264,"{""name"":""polygon"",""all_points_x"":[1404,1413,1429,1445,1459,1470,1475,1462,1444,1427,1414,1410],""all_points_y"":[5211,5197,5178,5156,5137,5117,5120,5142,5163,5188,5206,5212]}",{}
2.png,75497526,{},1134,265,"{""name"":""polygon"",""all_points_x"":[1395,1400,1407,1413,1429,1440,1450,1464,1459],""all_points_y"":[5206,5209,5196,5187,5163,5146,5129,5110,5109]}",{}
2.png,75497526,{},1134,266,"{""name"":""polygon"",""all_points_x"":[1350,1353,1364,1385,1402,1406,1401],""all_points_y"":[5176,5178,5168,5147,5128,5122,5122]}",{}
2.png,75497526,{},1134,267,"{""name"":""polygon"",""all_points_x"":[1514,1522,1530,1544,1556,1559,1554,1542,1532,1522],""all_points_y"":[5168,5190,5207,5229,5246,5245,5230,5212,5188,5165]}",{}
2.png,75497526,{},1134,268,"{""name"":""polygon"",""all_points_x"":[842,854,879,906,940,961,976,975,954,914,860,839],""all_points_y"":[4937,4945,4965,4987,5013,5028,5040,5044,5028,4999,4955,4940]}",{}
2.png,75497526,{},1134,269,"{""name"":""polygon"",""all_points_x"":[1390,1394,1405,1410,1415,1423,1427,1432,1436,1433,1420,1415,1410,1406,1405],""all_points_y"":[5766,5768,5748,5736,5715,5679,5656,5627,5605,5605,5658,5684,5713,5727,5734]}",{}
2.png,75497526,{},1134,270,"{""name"":""polygon"",""all_points_x"":[1498,1493,1489,1484,1479,1483,1489,1492,1496,1498,1504],""all_points_y"":[5537,5563,5584,5609,5634,5636,5617,5599,5584,5565,5548]}",{}
2.png,75497526,{},1134,271,"{""name"":""polygon"",""all_points_x"":[1441,1446,1454,1464,1482,1501,1511,1524,1553,1550,1531,1514,1497,1469,1448],""all_points_y"":[5841,5847,5836,5825,5807,5788,5779,5767,5749,5747,5757,5767,5783,5810,5832]}",{}
2.png,75497526,{},1134,272,"{""name"":""polygon"",""all_points_x"":[1519,1517,1516,1518,1517,1518,1523,1524,1522,1522,1522,1522],""all_points_y"":[5689,5716,5750,5778,5810,5828,5829,5811,5760,5740,5709,5695]}",{}
2.png,75497526,{},1134,273,"{""name"":""polygon"",""all_points_x"":[1563,1551,1540,1525,1515,1517,1527,1538,1553,1567],""all_points_y"":[5684,5703,5727,5751,5766,5777,5763,5744,5713,5687]}",{}
2.png,75497526,{},1134,274,"{""name"":""polygon"",""all_points_x"":[1485,1491,1498,1505,1513,1519,1506,1492],""all_points_y"":[5700,5724,5743,5763,5786,5783,5746,5709]}",{}
2.png,75497526,{},1134,275,"{""name"":""polygon"",""all_points_x"":[1488,1496,1503,1509,1503,1497,1493],""all_points_y"":[5721,5759,5795,5794,5772,5747,5730]}",{}
2.png,75497526,{},1134,276,"{""name"":""polygon"",""all_points_x"":[1085,1096,1109,1117,1120,1109,1101,1092],""all_points_y"":[5297,5326,5352,5357,5347,5334,5315,5291]}",{}
2.png,75497526,{},1134,277,"{""name"":""polygon"",""all_points_x"":[796,803,815,827,840,853,865,867,858,836,818,803,800],""all_points_y"":[5900,5893,5876,5862,5843,5828,5814,5816,5830,5855,5879,5899,5903]}",{}
2.png,75497526,{},1134,278,"{""name"":""polygon"",""all_points_x"":[1401,1392,1371,1335,1313,1278,1262,1264,1274,1295,1323,1350,1384,1402],""all_points_y"":[5898,5899,5896,5894,5890,5883,5881,5884,5888,5891,5897,5900,5903,5903]}",{}
2.png,75497526,{},1134,279,"{""name"":""polygon"",""all_points_x"":[1493,1487,1476,1469,1460,1443,1430,1419,1410,1402,1409,1416,1425,1442,1460,1470,1495],""all_points_y"":[6038,6046,6060,6074,6084,6100,6116,6128,6134,6143,6143,6137,6128,6110,6091,6080,6042]}",{}
2.png,75497526,{},1134,280,"{""name"":""polygon"",""all_points_x"":[1197,1205,1216,1224,1232,1241,1245,1233,1225,1212,1201],""all_points_y"":[5676,5706,5742,5763,5784,5804,5802,5774,5749,5711,5679]}",{}
2.png,75497526,{},1134,281,"{""name"":""polygon"",""all_points_x"":[816,851,882,911,949,964,960,938,899,874,826,811],""all_points_y"":[5095,5113,5130,5145,5159,5163,5166,5159,5145,5132,5106,5096]}",{}
2.png,75497526,{},1134,282,"{""name"":""polygon"",""all_points_x"":[1445,1410,1391,1381,1392,1407,1426,1464],""all_points_y"":[4700,4725,4743,4755,4758,4747,4728,4708]}",{}
2.png,75497526,{},1134,283,"{""name"":""polygon"",""all_points_x"":[1993,2003,1991,1975,1951,1929,1907,1880,1858,1844,1847,1881,1904,1926,1958],""all_points_y"":[4245,4239,4212,4188,4146,4116,4083,4045,4012,4001,4010,4059,4093,4120,4172]}",{}
2.png,75497526,{},1134,284,"{""name"":""polygon"",""all_points_x"":[2047,2060,2055,2049,2039,2031,2019,2009,2004,1998,1994,2000,2007,2031],""all_points_y"":[4279,4278,4251,4221,4175,4141,4083,4040,4015,3982,3984,4036,4072,4190]}",{}
2.png,75497526,{},1134,285,"{""name"":""polygon"",""all_points_x"":[1816,1838,1854,1871,1885,1891,1874,1830,1820],""all_points_y"":[3830,3851,3872,3898,3916,3904,3879,3831,3823]}",{}
2.png,75497526,{},1134,286,"{""name"":""polygon"",""all_points_x"":[1711,1728,1737,1800,1796,1742,1723,1706],""all_points_y"":[1102,1112,1113,1132,1137,1123,1119,1107]}",{}
2.png,75497526,{},1134,287,"{""name"":""polygon"",""all_points_x"":[1604,1628,1669,1700,1699,1676,1634,1602],""all_points_y"":[1551,1558,1571,1582,1588,1581,1566,1555]}",{}
2.png,75497526,{},1134,288,"{""name"":""polygon"",""all_points_x"":[1900,1895,1922,1972,2025,2073,2097,2130,2135,2102,2060,2006,1932],""all_points_y"":[1287,1300,1311,1328,1344,1365,1376,1393,1387,1369,1348,1328,1300]}",{}
2.png,75497526,{},1134,289,"{""name"":""polygon"",""all_points_x"":[1927,1925,1937,1971,1994,2017,2066,2070],""all_points_y"":[1258,1263,1267,1278,1285,1291,1307,1299]}",{}
2.png,75497526,{},1134,290,"{""name"":""polygon"",""all_points_x"":[2037,2043,2060,2090,2122,2148,2183,2194,2190,2155,2115],""all_points_y"":[1196,1205,1196,1183,1171,1161,1151,1148,1145,1154,1167]}",{}
2.png,75497526,{},1134,291,"{""name"":""polygon"",""all_points_x"":[2075,2077,2107,2147,2189,2233,2272,2272,2183],""all_points_y"":[1149,1156,1154,1152,1149,1149,1149,1144,1145]}",{}
2.png,75497526,{},1134,292,"{""name"":""polygon"",""all_points_x"":[2076,2079,2072,2058,2039,2035,2056],""all_points_y"":[1213,1216,1226,1248,1280,1278,1242]}",{}
2.png,75497526,{},1134,293,"{""name"":""polygon"",""all_points_x"":[1958,1976,2000,2027,2059,2103,2100,2064,2024,2000,1990,1958],""all_points_y"":[1227,1229,1234,1244,1257,1275,1270,1254,1239,1230,1226,1222]}",{}
2.png,75497526,{},1134,294,"{""name"":""polygon"",""all_points_x"":[2287,2298,2314,2334,2336,2319,2300,2290],""all_points_y"":[1109,1114,1120,1131,1124,1117,1108,1104]}",{}
2.png,75497526,{},1134,295,"{""name"":""polygon"",""all_points_x"":[2149,2155,2183,2203,2259,2304,2344,2370,2369,2325,2288,2228,2192,2151],""all_points_y"":[1902,1891,1893,1896,1904,1912,1918,1920,1931,1929,1927,1918,1915,1913]}",{}
2.png,75497526,{},1134,296,"{""name"":""polygon"",""all_points_x"":[1902,1935,1985,2036,2066,2114,2109,2051,2011,1960,1928,1895],""all_points_y"":[1960,1965,1972,1982,1987,1992,1999,1990,1984,1975,1971,1968]}",{}
2.png,75497526,{},1134,297,"{""name"":""polygon"",""all_points_x"":[2210,2194,2167,2167,2171,2182,2199,2214],""all_points_y"":[1608,1624,1647,1654,1655,1643,1629,1616]}",{}
2.png,75497526,{},1134,298,"{""name"":""polygon"",""all_points_x"":[2278,2291,2303,2308,2319,2323,2325,2329,2327,2323,2318,2311,2303,2288,2275],""all_points_y"":[1529,1524,1513,1493,1474,1458,1441,1441,1459,1479,1489,1515,1526,1535,1537]}",{}
2.png,75497526,{},1134,299,"{""name"":""polygon"",""all_points_x"":[2409,2407,2423,2449,2478,2499,2504],""all_points_y"":[1370,1377,1391,1413,1436,1456,1448]}",{}
2.png,75497526,{},1134,300,"{""name"":""polygon"",""all_points_x"":[2344,2359,2375,2386,2394,2413,2421,2393,2372,2349],""all_points_y"":[1478,1505,1531,1552,1567,1596,1590,1545,1512,1476]}",{}
2.png,75497526,{},1134,301,"{""name"":""polygon"",""all_points_x"":[2396,2400,2405,2415,2421,2425,2424,2427,2430,2429,2424,2417,2408,2400],""all_points_y"":[1980,1998,2024,2052,2083,2114,2143,2143,2126,2100,2066,2040,2007,1981]}",{}
2.png,75497526,{},1134,302,"{""name"":""polygon"",""all_points_x"":[2518,2522,2503,2479,2454,2449,2458],""all_points_y"":[2050,2053,2071,2095,2121,2119,2108]}",{}
2.png,75497526,{},1134,303,"{""name"":""polygon"",""all_points_x"":[2236,2256,2280,2307,2309,2291,2284,2269,2237],""all_points_y"":[1834,1827,1817,1791,1798,1815,1821,1829,1842]}",{}
2.png,75497526,{},1134,304,"{""name"":""polygon"",""all_points_x"":[2215,2220,2228,2243,2251,2285,2282,2254,2240],""all_points_y"":[1823,1825,1814,1792,1786,1764,1760,1775,1787]}",{}
2.png,75497526,{},1134,305,"{""name"":""polygon"",""all_points_x"":[2132,2148,2175,2203,2219,2219,2196,2167,2132],""all_points_y"":[1839,1835,1826,1815,1808,1814,1823,1833,1846]}",{}
2.png,75497526,{},1134,306,"{""name"":""polygon"",""all_points_x"":[2050,2068,2087,2115,2137,2162,2178,2201,2203,2179,2154,2055],""all_points_y"":[2122,2114,2100,2083,2069,2052,2040,2026,2030,2046,2063,2128]}",{}
2.png,75497526,{},1134,307,"{""name"":""polygon"",""all_points_x"":[2037,2041,2061,2090,2119,2170,2216,2253,2249,2202],""all_points_y"":[2443,2453,2448,2443,2436,2429,2419,2412,2403,2414]}",{}
2.png,75497526,{},1134,308,"{""name"":""polygon"",""all_points_x"":[1991,2009,2025,2042,2061,2077,2119,2120,2096,2075,2058,2033,1992],""all_points_y"":[2567,2561,2555,2550,2546,2542,2520,2524,2538,2548,2555,2561,2575]}",{}
2.png,75497526,{},1134,309,"{""name"":""polygon"",""all_points_x"":[1780,1783,1800,1819,1838,1866,1903,1913,1901],""all_points_y"":[2292,2299,2293,2284,2273,2262,2248,2246,2235]}",{}
2.png,75497526,{},1134,310,"{""name"":""polygon"",""all_points_x"":[1687,1687,1722,1758,1804,1855,1917,1916,1861,1739],""all_points_y"":[2241,2247,2248,2250,2251,2253,2254,2241,2244,2243]}",{}
2.png,75497526,{},1134,311,"{""name"":""polygon"",""all_points_x"":[1930,1936,1937,1937,1938,1931],""all_points_y"":[2126,2125,2146,2181,2206,2204]}",{}
2.png,75497526,{},1134,312,"{""name"":""polygon"",""all_points_x"":[2088,2094,2109,2123,2146,2171,2200,2188],""all_points_y"":[2589,2586,2609,2633,2668,2704,2742,2750]}",{}
2.png,75497526,{},1134,313,"{""name"":""polygon"",""all_points_x"":[2129,2133,2128,2124,2122,2119,2107,2104,2113,2123],""all_points_y"":[2659,2663,2673,2692,2702,2713,2763,2760,2720,2670]}",{}
2.png,75497526,{},1134,314,"{""name"":""polygon"",""all_points_x"":[2312,2317,2329,2346,2355,2392,2422,2415,2400,2387],""all_points_y"":[2625,2632,2626,2620,2616,2602,2566,2564,2583,2596]}",{}
2.png,75497526,{},1134,315,"{""name"":""polygon"",""all_points_x"":[2349,2351,2365,2384,2402,2426,2452,2487,2515,2509,2458,2434,2400,2376,2351],""all_points_y"":[2622,2625,2622,2619,2619,2614,2610,2606,2603,2594,2601,2608,2612,2615,2621]}",{}
2.png,75497526,{},1134,316,"{""name"":""polygon"",""all_points_x"":[2326,2349,2382,2399,2449,2450,2417,2390,2344,2317],""all_points_y"":[2629,2630,2632,2633,2624,2627,2636,2639,2636,2634]}",{}
2.png,75497526,{},1134,317,"{""name"":""polygon"",""all_points_x"":[2300,2307,2315,2326,2338,2348,2378,2377,2356,2344,2329],""all_points_y"":[2725,2726,2714,2696,2682,2668,2645,2640,2656,2665,2682]}",{}
2.png,75497526,{},1134,318,"{""name"":""polygon"",""all_points_x"":[1910,1916,1925,1938,1953,1970,1984,2011,2005,1981,1948,1928],""all_points_y"":[3165,3167,3140,3099,3055,3001,2957,2876,2877,2948,3047,3104]}",{}
2.png,75497526,{},1134,319,"{""name"":""polygon"",""all_points_x"":[2069,2077,2091,2110,2132,2148,2155,2140,2118,2094,2072],""all_points_y"":[2815,2834,2866,2908,2951,2983,2979,2947,2906,2859,2815]}",{}
2.png,75497526,{},1134,320,"{""name"":""polygon"",""all_points_x"":[1869,1873,1884,1893,1906,1915,1927,1919,1913],""all_points_y"":[2750,2748,2769,2790,2814,2831,2860,2861,2838]}",{}
2.png,75497526,{},1134,321,"{""name"":""polygon"",""all_points_x"":[2026,2033,2034,2048,2071,2078,2064,2055,2040,2039,2032],""all_points_y"":[3029,3044,3058,3099,3145,3142,3117,3092,3056,3043,3027]}",{}
2.png,75497526,{},1134,322,"{""name"":""polygon"",""all_points_x"":[2002,2020,2042,2062,2055,2029,1999],""all_points_y"":[3060,3076,3100,3117,3124,3099,3065]}",{}
2.png,75497526,{},1134,323,"{""name"":""polygon"",""all_points_x"":[1996,2000,2020,2043,2054,2070,2080,2077,2051,2035],""all_points_y"":[3070,3067,3090,3115,3131,3149,3155,3160,3139,3120]}",{}
2.png,75497526,{},1134,324,"{""name"":""polygon"",""all_points_x"":[1999,2017,2034,2042,2046,2024,2006],""all_points_y"":[3099,3121,3141,3146,3141,3119,3097]}",{}
2.png,75497526,{},1134,325,"{""name"":""polygon"",""all_points_x"":[2085,2090,2071,2041,2026,2012,2009,2028,2065],""all_points_y"":[3179,3174,3157,3128,3111,3095,3099,3123,3162]}",{}
2.png,75497526,{},1134,326,"{""name"":""polygon"",""all_points_x"":[1993,1985,1973,1963,1954,1959,1969,1977,1989,2001],""all_points_y"":[3002,3027,3066,3093,3120,3120,3099,3080,3033,3002]}",{}
2.png,75497526,{},1134,327,"{""name"":""polygon"",""all_points_x"":[2005,2014,2022,2044,2074,2095,2139,2128,2100,2059,2023],""all_points_y"":[3260,3256,3267,3295,3331,3358,3406,3415,3383,3331,3287]}",{}
2.png,75497526,{},1134,328,"{""name"":""polygon"",""all_points_x"":[2160,2170,2161,2153,2140,2121,2117,2125,2139],""all_points_y"":[3335,3334,3290,3251,3211,3124,3125,3167,3236]}",{}
2.png,75497526,{},1134,329,"{""name"":""polygon"",""all_points_x"":[2219,2228,2230,2230,2230,2232,2234,2233,2235,2236,2239,2233,2230,2227,2224],""all_points_y"":[3885,3887,3856,3792,3718,3695,3670,3647,3586,3552,3514,3514,3572,3630,3694]}",{}
2.png,75497526,{},1134,330,"{""name"":""polygon"",""all_points_x"":[2032,2055,2076,2107,2148,2188,2220,2244,2269,2263,2223,2174,2130,2079,2044,2029],""all_points_y"":[3699,3724,3748,3790,3840,3887,3923,3955,3980,3989,3948,3887,3834,3766,3719,3701]}",{}
2.png,75497526,{},1134,331,"{""name"":""polygon"",""all_points_x"":[1995,2000,2002,2001,2003,2003,1998,1998,1994,1994,1997],""all_points_y"":[3642,3644,3628,3612,3590,3563,3548,3535,3535,3554,3563]}",{}
2.png,75497526,{},1134,332,"{""name"":""polygon"",""all_points_x"":[2257,2263,2242,2221,2198,2192,2191,2186,2188,2200,2215],""all_points_y"":[3683,3679,3636,3591,3530,3509,3484,3483,3515,3554,3598]}",{}
2.png,75497526,{},1134,333,"{""name"":""polygon"",""all_points_x"":[2215,2209,2207,2190,2185,2199,2202,2206],""all_points_y"":[3594,3566,3529,3494,3502,3534,3577,3592]}",{}
2.png,75497526,{},1134,334,"{""name"":""polygon"",""all_points_x"":[2341,2349,2332,2315,2293,2273,2250,2236,2231,2250,2272,2298],""all_points_y"":[3961,3952,3907,3869,3822,3782,3739,3713,3717,3760,3803,3860]}",{}
2.png,75497526,{},1134,335,"{""name"":""polygon"",""all_points_x"":[2300,2308,2320,2341,2366,2393,2419,2437,2430,2408,2376],""all_points_y"":[4029,4036,4020,3982,3938,3891,3837,3815,3811,3845,3902]}",{}
2.png,75497526,{},1134,336,"{""name"":""polygon"",""all_points_x"":[2373,2375,2378,2382,2388,2385,2384,2383],""all_points_y"":[3965,3991,4024,4053,4053,4028,4005,3962]}",{}
2.png,75497526,{},1134,337,"{""name"":""polygon"",""all_points_x"":[2309,2331,2370,2417,2456,2492,2516,2516,2483,2413,2372,2337,2309],""all_points_y"":[4114,4108,4093,4077,4068,4057,4052,4059,4068,4087,4100,4113,4121]}",{}
2.png,75497526,{},1134,338,"{""name"":""polygon"",""all_points_x"":[2068,2086,2099,2120,2133,2151,2186,2189,2180,2160,2137,2121,2112,2098,2069],""all_points_y"":[4175,4172,4168,4155,4144,4136,4119,4120,4127,4136,4148,4160,4168,4175,4182]}",{}
2.png,75497526,{},1134,339,"{""name"":""polygon"",""all_points_x"":[2481,2492,2490,2485,2480,2475,2470,2476,2480],""all_points_y"":[3978,3983,3960,3919,3888,3874,3878,3912,3960]}",{}
2.png,75497526,{},1134,340,"{""name"":""polygon"",""all_points_x"":[1924,1930,1933,1938,1945,1940,1937],""all_points_y"":[3622,3621,3644,3673,3721,3721,3704]}",{}
2.png,75497526,{},1134,341,"{""name"":""polygon"",""all_points_x"":[2454,2447,2436,2419,2395,2408,2419,2435,2464],""all_points_y"":[3420,3443,3467,3505,3564,3567,3537,3498,3423]}",{}
2.png,75497526,{},1134,342,"{""name"":""polygon"",""all_points_x"":[2051,2075,2054,2028,2001,1951,1939,1987,2017],""all_points_y"":[3737,3730,3691,3637,3582,3482,3488,3591,3649]}",{}
2.png,75497526,{},1134,343,"{""name"":""polygon"",""all_points_x"":[2336,2376,2431,2482,2527,2570,2631,2629,2611,2559,2503,2401,2333],""all_points_y"":[3558,3564,3573,3580,3586,3594,3599,3611,3609,3602,3592,3577,3566]}",{}
2.png,75497526,{},1134,344,"{""name"":""polygon"",""all_points_x"":[2403,2411,2420,2440,2465,2456,2431,2417],""all_points_y"":[3423,3425,3408,3367,3322,3318,3360,3388]}",{}
2.png,75497526,{},1134,345,"{""name"":""polygon"",""all_points_x"":[2446,2432,2421,2412,2389,2396,2415,2425,2448],""all_points_y"":[2718,2733,2741,2756,2774,2776,2760,2745,2724]}",{}
2.png,75497526,{},1134,346,"{""name"":""polygon"",""all_points_x"":[2315,2326,2346,2357,2361,2343,2326,2320],""all_points_y"":[3196,3221,3262,3284,3276,3240,3205,3190]}",{}
2.png,75497526,{},1134,347,"{""name"":""polygon"",""all_points_x"":[1598,1601,1584,1572,1559,1558,1569,1585],""all_points_y"":[3273,3266,3246,3228,3208,3214,3235,3257]}",{}
2.png,75497526,{},1134,348,"{""name"":""polygon"",""all_points_x"":[2671,2664,2639,2622,2569,2518,2462,2427,2385,2364,2376,2431,2481,2550],""all_points_y"":[3553,3568,3548,3537,3513,3487,3459,3441,3421,3409,3405,3432,3459,3492]}",{}
2.png,75497526,{},1134,349,"{""name"":""polygon"",""all_points_x"":[2198,2204,2220,2247,2268,2274,2297,2314,2328,2353,2383,2376,2365,2342,2314,2299,2276,2257,2219],""all_points_y"":[4515,4524,4514,4492,4472,4467,4440,4423,4409,4374,4327,4325,4343,4378,4411,4423,4450,4473,4503]}",{}
2.png,75497526,{},1134,350,"{""name"":""polygon"",""all_points_x"":[1880,1914,1950,1990,2019,2017,1982,1947,1918,1875],""all_points_y"":[4462,4477,4492,4507,4517,4520,4510,4498,4484,4465]}",{}
2.png,75497526,{},1134,351,"{""name"":""polygon"",""all_points_x"":[2091,2100,2105,2117,2133,2157,2154,2129,2115],""all_points_y"":[4596,4598,4576,4539,4496,4437,4429,4487,4520]}",{}
2.png,75497526,{},1134,352,"{""name"":""polygon"",""all_points_x"":[1745,1749,1769,1782,1809,1814,1821,1845,1863,1855,1825,1810,1806],""all_points_y"":[4701,4709,4690,4675,4643,4629,4619,4595,4578,4578,4605,4622,4633]}",{}
2.png,75497526,{},1134,353,"{""name"":""polygon"",""all_points_x"":[1555,1575,1621,1624,1591,1558],""all_points_y"":[4602,4624,4667,4661,4630,4599]}",{}
2.png,75497526,{},1134,354,"{""name"":""polygon"",""all_points_x"":[1642,1669,1695,1703,1695,1659,1644],""all_points_y"":[4611,4634,4658,4653,4647,4618,4608]}",{}
2.png,75497526,{},1134,355,"{""name"":""polygon"",""all_points_x"":[1723,1737,1765,1799,1791,1770,1739,1718],""all_points_y"":[4533,4542,4559,4582,4589,4570,4549,4536]}",{}
2.png,75497526,{},1134,356,"{""name"":""polygon"",""all_points_x"":[1594,1626,1642,1643,1617,1597],""all_points_y"":[4494,4517,4529,4518,4502,4486]}",{}
2.png,75497526,{},1134,357,"{""name"":""polygon"",""all_points_x"":[1712,1718,1729,1745,1768,1794,1816,1829,1822,1770,1753],""all_points_y"":[4653,4658,4650,4637,4616,4597,4576,4565,4563,4605,4620]}",{}
2.png,75497526,{},1134,358,"{""name"":""polygon"",""all_points_x"":[1756,1762,1771,1791,1816,1835,1841,1837,1820,1800,1771],""all_points_y"":[4729,4733,4724,4700,4673,4644,4632,4631,4655,4680,4715]}",{}
2.png,75497526,{},1134,359,"{""name"":""polygon"",""all_points_x"":[1800,1809,1818,1834,1846,1839,1820,1809],""all_points_y"":[4733,4739,4721,4689,4671,4669,4703,4725]}",{}
2.png,75497526,{},1134,360,"{""name"":""polygon"",""all_points_x"":[1894,1913,1927,1946,1962,1978,1993,1998,1979,1964,1939,1916,1897],""all_points_y"":[4709,4695,4681,4661,4644,4628,4609,4612,4633,4648,4673,4698,4713]}",{}
2.png,75497526,{},1134,361,"{""name"":""polygon"",""all_points_x"":[1927,1953,1985,2018,2043,2066,2066,2035,1994,1977,1947,1929],""all_points_y"":[4639,4628,4611,4591,4579,4567,4573,4589,4612,4621,4637,4646]}",{}
2.png,75497526,{},1134,362,"{""name"":""polygon"",""all_points_x"":[2277,2281,2280,2278,2279,2281,2284,2288,2285,2285,2285,2283,2280],""all_points_y"":[3929,3950,3984,4005,4025,4062,4087,4081,4048,4003,3965,3939,3929]}",{}
2.png,75497526,{},1134,363,"{""name"":""polygon"",""all_points_x"":[1844,1857,1874,1903,1917,1935,1959,1963,1966,1951,1932,1914,1889,1847],""all_points_y"":[4766,4754,4742,4721,4711,4694,4672,4669,4672,4684,4703,4718,4735,4769]}",{}
2.png,75497526,{},1134,364,"{""name"":""polygon"",""all_points_x"":[1873,1890,1910,1932,1949,1966,1979,2002,1996,1957,1924,1869],""all_points_y"":[4695,4711,4731,4752,4768,4785,4800,4825,4827,4786,4752,4697]}",{}
2.png,75497526,{},1134,365,"{""name"":""polygon"",""all_points_x"":[1934,1936,1943,1950,1963,1979,1974,1960],""all_points_y"":[4795,4800,4786,4774,4747,4714,4714,4740]}",{}
2.png,75497526,{},1134,366,"{""name"":""polygon"",""all_points_x"":[1955,1961,1969,1976,1984,1999,1995,1984],""all_points_y"":[4806,4808,4786,4764,4741,4701,4701,4729]}",{}
2.png,75497526,{},1134,367,"{""name"":""polygon"",""all_points_x"":[2030,2037,2046,2067,2086,2099,2119,2114,2088],""all_points_y"":[4756,4758,4748,4729,4709,4694,4675,4671,4695]}",{}
2.png,75497526,{},1134,368,"{""name"":""polygon"",""all_points_x"":[2082,2068,2054,2043,2049,2058,2073,2087],""all_points_y"":[4589,4613,4643,4662,4665,4652,4623,4592]}",{}
2.png,75497526,{},1134,369,"{""name"":""polygon"",""all_points_x"":[2094,2102,2114,2129,2144,2158,2179,2193,2187,2169,2153,2117,2108],""all_points_y"":[4826,4830,4811,4772,4740,4711,4657,4618,4619,4665,4706,4783,4807]}",{}
2.png,75497526,{},1134,370,"{""name"":""polygon"",""all_points_x"":[2177,2184,2192,2204,2220,2237,2250,2261,2257,2240,2211,2190],""all_points_y"":[4744,4751,4736,4712,4683,4650,4627,4603,4602,4630,4686,4725]}",{}
2.png,75497526,{},1134,371,"{""name"":""polygon"",""all_points_x"":[2101,2112,2144,2180,2215,2245,2266,2289,2303,2304,2281,2250,2219,2198,2177,2148,2131,2119,2107,2100],""all_points_y"":[4892,4888,4869,4850,4833,4815,4802,4788,4782,4786,4799,4816,4837,4848,4859,4876,4885,4893,4898,4898]}",{}
2.png,75497526,{},1134,372,"{""name"":""polygon"",""all_points_x"":[2197,2202,2213,2225,2238,2249,2243],""all_points_y"":[4805,4807,4785,4752,4717,4686,4684]}",{}
2.png,75497526,{},1134,373,"{""name"":""polygon"",""all_points_x"":[2329,2337,2345,2351,2359,2372,2383,2387,2401,2408,2418,2425,2416,2408,2399,2391,2373,2359],""all_points_y"":[4732,4733,4710,4680,4648,4611,4581,4562,4520,4503,4479,4452,4453,4485,4508,4528,4581,4624]}",{}
2.png,75497526,{},1134,374,"{""name"":""polygon"",""all_points_x"":[1761,1792,1809,1854,1890,1936,1978,2006,2005,1959,1902,1836,1789,1758],""all_points_y"":[4860,4869,4874,4886,4897,4912,4928,4938,4945,4929,4910,4891,4875,4864]}",{}
2.png,75497526,{},1134,375,"{""name"":""polygon"",""all_points_x"":[2052,2057,2066,2081,2087,2064,2058],""all_points_y"":[4801,4776,4763,4739,4742,4778,4811]}",{}
2.png,75497526,{},1134,376,"{""name"":""polygon"",""all_points_x"":[2141,2143,2153,2164,2167,2161,2155],""all_points_y"":[4642,4651,4634,4618,4596,4598,4622]}",{}
2.png,75497526,{},1134,377,"{""name"":""polygon"",""all_points_x"":[2226,2232,2249,2262,2276,2286,2300,2305,2301,2287,2273,2254,2247],""all_points_y"":[5008,5013,4997,4977,4957,4939,4901,4882,4881,4918,4948,4975,4990]}",{}
2.png,75497526,{},1134,378,"{""name"":""polygon"",""all_points_x"":[2176,2184,2194,2210,2212,2200,2191,2184],""all_points_y"":[4907,4927,4961,5003,4996,4960,4931,4907]}",{}
2.png,75497526,{},1134,379,"{""name"":""polygon"",""all_points_x"":[2114,2131,2149,2175,2196,2223,2260,2257,2216,2187,2154,2132,2109],""all_points_y"":[5023,5025,5034,5053,5069,5092,5122,5126,5094,5071,5048,5033,5026]}",{}
2.png,75497526,{},1134,380,"{""name"":""polygon"",""all_points_x"":[1955,1964,1973,1984,1998,2012,2023,2030,2020,2012,1993],""all_points_y"":[5225,5227,5198,5169,5122,5090,5059,5043,5043,5065,5114]}",{}
2.png,75497526,{},1134,381,"{""name"":""polygon"",""all_points_x"":[1851,1859,1863,1864,1874,1878,1885,1890,1883,1874,1861],""all_points_y"":[4974,4976,4950,4931,4897,4866,4827,4811,4811,4854,4922]}",{}
2.png,75497526,{},1134,382,"{""name"":""polygon"",""all_points_x"":[1891,1906,1927,1951,1971,1973,1926,1895],""all_points_y"":[4875,4888,4902,4918,4928,4922,4893,4873]}",{}
2.png,75497526,{},1134,383,"{""name"":""polygon"",""all_points_x"":[1850,1855,1850,1843,1833,1829,1813,1807,1815,1829],""all_points_y"":[4988,4990,5014,5043,5071,5096,5150,5144,5125,5074]}",{}
2.png,75497526,{},1134,384,"{""name"":""polygon"",""all_points_x"":[2241,2252,2264,2286,2308,2338,2367,2375,2367,2314,2269],""all_points_y"":[5055,5064,5045,5010,4982,4947,4911,4902,4899,4964,5022]}",{}
2.png,75497526,{},1134,385,"{""name"":""polygon"",""all_points_x"":[2284,2292,2308,2323,2345,2337,2312,2299],""all_points_y"":[4854,4859,4848,4820,4791,4791,4826,4843]}",{}
2.png,75497526,{},1134,386,"{""name"":""polygon"",""all_points_x"":[2163,2177,2197,2219,2242,2253,2270,2263,2237,2214],""all_points_y"":[5437,5441,5392,5346,5296,5266,5229,5229,5279,5331]}",{}
2.png,75497526,{},1134,387,"{""name"":""polygon"",""all_points_x"":[1673,1685,1690,1703,1715,1725,1732,1737,1729,1721,1710,1688],""all_points_y"":[5790,5794,5771,5736,5703,5669,5642,5604,5612,5658,5693,5747]}",{}
2.png,75497526,{},1134,388,"{""name"":""polygon"",""all_points_x"":[1404,1427,1449,1483,1514,1542,1572,1598,1608,1607,1573,1539,1516,1496,1441,1401],""all_points_y"":[5762,5769,5775,5787,5796,5802,5806,5811,5813,5817,5813,5807,5805,5800,5778,5767]}",{}
2.png,75497526,{},1134,389,"{""name"":""polygon"",""all_points_x"":[1671,1679,1663,1642,1621,1602,1585,1576,1574,1589,1600,1651],""all_points_y"":[5777,5770,5742,5701,5658,5622,5575,5558,5562,5607,5630,5736]}",{}
2.png,75497526,{},1134,390,"{""name"":""polygon"",""all_points_x"":[1610,1621,1635,1645,1656,1669,1679,1683,1669,1646,1634,1612],""all_points_y"":[5618,5636,5660,5677,5706,5736,5754,5751,5721,5670,5645,5614]}",{}
2.png,75497526,{},1134,391,"{""name"":""polygon"",""all_points_x"":[1583,1601,1618,1618,1599,1583],""all_points_y"":[5734,5763,5788,5780,5751,5726]}",{}
2.png,75497526,{},1134,392,"{""name"":""polygon"",""all_points_x"":[1628,1632,1623,1617,1610,1603,1608,1613,1622],""all_points_y"":[5809,5808,5786,5757,5717,5720,5746,5768,5800]}",{}
2.png,75497526,{},1134,393,"{""name"":""polygon"",""all_points_x"":[1843,1849,1860,1876,1901,1931,1925,1896],""all_points_y"":[5906,5907,5896,5880,5855,5820,5820,5853]}",{}
2.png,75497526,{},1134,394,"{""name"":""polygon"",""all_points_x"":[2169,2172,2188,2212,2235,2249,2245,2218],""all_points_y"":[5673,5675,5666,5647,5630,5614,5613,5636]}",{}
2.png,75497526,{},1134,395,"{""name"":""polygon"",""all_points_x"":[1823,1832,1840,1850,1873,1866,1853],""all_points_y"":[6142,6143,6127,6104,6059,6059,6087]}",{}
2.png,75497526,{},1134,396,"{""name"":""polygon"",""all_points_x"":[1934,1940,1945,1952,1965,1960,1949,1946],""all_points_y"":[6098,6098,6080,6054,5994,5994,6036,6056]}",{}
2.png,75497526,{},1134,397,"{""name"":""polygon"",""all_points_x"":[1712,1716,1716,1716,1719,1713,1712],""all_points_y"":[5714,5707,5721,5741,5792,5793,5749]}",{}
2.png,75497526,{},1134,398,"{""name"":""polygon"",""all_points_x"":[1437,1453,1475,1486,1475,1454,1429],""all_points_y"":[6096,6113,6129,6140,6143,6126,6104]}",{}
2.png,75497526,{},1134,399,"{""name"":""polygon"",""all_points_x"":[2128,2139,2163,2172,2157,2136],""all_points_y"":[6064,6091,6140,6139,6110,6066]}",{}
2.png,75497526,{},1134,400,"{""name"":""polygon"",""all_points_x"":[2120,2131,2133,2132,2126,2123],""all_points_y"":[5817,5821,5776,5740,5744,5785]}",{}
2.png,75497526,{},1134,401,"{""name"":""polygon"",""all_points_x"":[1768,1782,1794,1817,1836,1838,1820,1799,1770,1766],""all_points_y"":[5869,5861,5852,5834,5816,5819,5838,5855,5874,5872]}",{}
2.png,75497526,{},1134,402,"{""name"":""polygon"",""all_points_x"":[1771,1777,1767,1755,1752,1760],""all_points_y"":[5656,5659,5687,5720,5717,5693]}",{}
2.png,75497526,{},1134,403,"{""name"":""polygon"",""all_points_x"":[1788,1792,1803,1816,1831,1861,1856,1830,1814],""all_points_y"":[5303,5307,5299,5285,5268,5230,5230,5261,5278]}",{}
2.png,75497526,{},1134,404,"{""name"":""polygon"",""all_points_x"":[1568,1595,1625,1649,1675,1711,1725,1723,1687,1662,1645,1617,1581,1566],""all_points_y"":[5117,5114,5115,5118,5128,5134,5137,5130,5128,5118,5112,5107,5108,5111]}",{}
2.png,75497526,{},1134,405,"{""name"":""polygon"",""all_points_x"":[1569,1595,1616,1643,1667,1668,1638,1623,1605,1573],""all_points_y"":[5122,5105,5091,5070,5050,5053,5079,5092,5105,5125]}",{}
2.png,75497526,{},1134,406,"{""name"":""polygon"",""all_points_x"":[1596,1604,1620,1643,1661,1651],""all_points_y"":[5158,5164,5151,5132,5119,5115]}",{}
2.png,75497526,{},1134,407,"{""name"":""polygon"",""all_points_x"":[1707,1730,1741,1760,1777,1781,1770,1754,1740,1708],""all_points_y"":[5089,5073,5061,5037,5011,5015,5034,5055,5073,5094]}",{}
2.png,75497526,{},1134,408,"{""name"":""polygon"",""all_points_x"":[1724,1763,1778,1793,1796,1770,1748,1727],""all_points_y"":[5023,4985,4965,4950,4956,4986,5008,5027]}",{}
2.png,75497526,{},1134,409,"{""name"":""polygon"",""all_points_x"":[1766,1774,1782,1802,1815,1810],""all_points_y"":[5137,5140,5123,5085,5055,5055]}",{}
2.png,75497526,{},1134,410,"{""name"":""polygon"",""all_points_x"":[1642,1648,1648,1648,1644,1643],""all_points_y"":[5008,5007,4972,4938,4939,4939]}",{}
2.png,75497526,{},1134,411,"{""name"":""polygon"",""all_points_x"":[1876,1884,1887,1886,1896,1894,1888,1884],""all_points_y"":[5901,5940,5982,6003,5994,5960,5921,5894]}",{}
2.png,75497526,{},1134,412,"{""name"":""polygon"",""all_points_x"":[1645,1654,1677,1680,1662,1650],""all_points_y"":[5838,5856,5886,5882,5856,5836]}",{}
2.png,75497526,{},1134,413,"{""name"":""polygon"",""all_points_x"":[2513,2528,2551,2588,2628,2654,2687,2709,2716,2684,2636,2556,2517],""all_points_y"":[751,769,793,828,865,888,918,946,941,907,863,788,749]}",{}
2.png,75497526,{},1134,414,"{""name"":""polygon"",""all_points_x"":[2499,2506,2536,2586,2629,2651,2643,2615],""all_points_y"":[889,884,906,941,973,988,988,972]}",{}
2.png,75497526,{},1134,415,"{""name"":""polygon"",""all_points_x"":[2531,2551,2578,2619,2614,2594,2545,2528],""all_points_y"":[934,946,962,985,990,978,947,937]}",{}
2.png,75497526,{},1134,416,"{""name"":""polygon"",""all_points_x"":[2441,2466,2513,2543,2571,2571,2530,2484,2439],""all_points_y"":[973,977,984,987,989,1000,992,986,978]}",{}
2.png,75497526,{},1134,417,"{""name"":""polygon"",""all_points_x"":[2320,2313,2305,2295,2299,2306,2325],""all_points_y"":[934,952,972,1003,1003,979,932]}",{}
2.png,75497526,{},1134,418,"{""name"":""polygon"",""all_points_x"":[2393,2420,2443,2473,2472,2445,2418,2392],""all_points_y"":[1060,1049,1044,1037,1044,1049,1057,1068]}",{}
2.png,75497526,{},1134,419,"{""name"":""polygon"",""all_points_x"":[2722,2759,2786,2830,2874,2874,2829,2800,2756,2720],""all_points_y"":[1013,1012,1014,1020,1027,1031,1023,1020,1018,1019]}",{}
2.png,75497526,{},1134,420,"{""name"":""polygon"",""all_points_x"":[2582,2603,2632,2664,2663,2623,2578],""all_points_y"":[1083,1082,1081,1080,1084,1085,1087]}",{}
2.png,75497526,{},1134,421,"{""name"":""polygon"",""all_points_x"":[2546,2554,2576,2599,2595,2580,2562],""all_points_y"":[1049,1048,1072,1107,1111,1088,1066]}",{}
2.png,75497526,{},1134,422,"{""name"":""polygon"",""all_points_x"":[2533,2553,2575,2597,2606,2608,2582,2553,2540],""all_points_y"":[1062,1082,1106,1124,1130,1126,1106,1076,1062]}",{}
2.png,75497526,{},1134,423,"{""name"":""polygon"",""all_points_x"":[2099,2122,2155,2152,2118,2092],""all_points_y"":[1218,1223,1232,1239,1228,1220]}",{}
2.png,75497526,{},1134,424,"{""name"":""polygon"",""all_points_x"":[2934,2922,2904,2885,2869,2885,2903,2940],""all_points_y"":[802,819,840,864,878,877,859,808]}",{}
2.png,75497526,{},1134,425,"{""name"":""polygon"",""all_points_x"":[2860,2880,2901,2907,2938,2964,2986,2979,2951,2901,2883,2856],""all_points_y"":[951,962,977,985,1017,1041,1070,1075,1040,989,973,955]}",{}
2.png,75497526,{},1134,426,"{""name"":""polygon"",""all_points_x"":[2839,2848,2859,2874,2890,2908,2925,2944,2961,2954,2918,2881,2857],""all_points_y"":[973,969,986,1010,1037,1067,1094,1120,1143,1145,1093,1033,995]}",{}
2.png,75497526,{},1134,427,"{""name"":""polygon"",""all_points_x"":[2930,2966,2992,3029,3065,3069,3012,2960,2938],""all_points_y"":[1119,1156,1181,1223,1258,1242,1188,1129,1109]}",{}
2.png,75497526,{},1134,428,"{""name"":""polygon"",""all_points_x"":[3004,3015,3038,3063,3081,3091,3095,3078,3037,3006],""all_points_y"":[830,838,859,881,897,905,897,884,853,826]}",{}
2.png,75497526,{},1134,429,"{""name"":""polygon"",""all_points_x"":[2946,2969,3001,3020,3041,3063,3077,3104,3115,3110,3059,3003,2959,2947],""all_points_y"":[826,846,870,885,901,918,930,952,962,966,923,877,842,833]}",{}
2.png,75497526,{},1134,430,"{""name"":""polygon"",""all_points_x"":[3130,3139,3154,3176,3183,3188,3154,3138],""all_points_y"":[968,987,1017,1060,1071,1068,1002,968]}",{}
2.png,75497526,{},1134,431,"{""name"":""polygon"",""all_points_x"":[2502,2501,2529,2561,2609,2662,2697,2740,2778,2778,2704,2642,2565],""all_points_y"":[1302,1310,1325,1336,1354,1374,1384,1402,1413,1401,1379,1357,1329]}",{}
2.png,75497526,{},1134,432,"{""name"":""polygon"",""all_points_x"":[2625,2649,2680,2717,2739,2768,2770,2708,2655,2633],""all_points_y"":[1520,1542,1573,1602,1618,1634,1624,1583,1536,1515]}",{}
2.png,75497526,{},1134,433,"{""name"":""polygon"",""all_points_x"":[2705,2739,2785,2811,2841,2898,2905,2866,2801,2750,2708],""all_points_y"":[1425,1437,1456,1470,1483,1510,1490,1481,1454,1430,1418]}",{}
2.png,75497526,{},1134,434,"{""name"":""polygon"",""all_points_x"":[2922,2924,2946,2988,3034,3076,3129,3166,3183,3175,3145,3043,2981],""all_points_y"":[1639,1648,1646,1639,1632,1627,1621,1616,1612,1604,1610,1622,1632]}",{}
2.png,75497526,{},1134,435,"{""name"":""polygon"",""all_points_x"":[2983,2988,2994,3001,3008,3006,3001,3001,2994],""all_points_y"":[1661,1661,1650,1628,1599,1585,1586,1604,1629]}",{}
2.png,75497526,{},1134,436,"{""name"":""polygon"",""all_points_x"":[3176,3182,3202,3255,3303,3298,3274],""all_points_y"":[1601,1607,1602,1585,1571,1561,1572]}",{}
2.png,75497526,{},1134,437,"{""name"":""polygon"",""all_points_x"":[3074,3077,3062,3035,2999,2980,2979,3005,3036],""all_points_y"":[1463,1469,1476,1489,1508,1520,1514,1500,1484]}",{}
2.png,75497526,{},1134,438,"{""name"":""polygon"",""all_points_x"":[3151,3150,3126,3077,3035,3014,3015],""all_points_y"":[1529,1536,1534,1535,1533,1534,1529]}",{}
2.png,75497526,{},1134,439,"{""name"":""polygon"",""all_points_x"":[3240,3213,3161,3147,3153,3174,3213,3244],""all_points_y"":[1499,1506,1518,1520,1529,1522,1512,1505]}",{}
2.png,75497526,{},1134,440,"{""name"":""polygon"",""all_points_x"":[2435,2472,2537,2575,2615,2672,2729,2784,2846,2909,2919,2894,2825,2751,2712,2659,2577,2491,2462,2429],""all_points_y"":[1447,1456,1468,1476,1486,1497,1504,1511,1521,1529,1547,1543,1535,1526,1518,1510,1494,1473,1465,1452]}",{}
2.png,75497526,{},1134,441,"{""name"":""polygon"",""all_points_x"":[2638,2663,2701,2723,2709,2696,2679,2654,2631],""all_points_y"":[1895,1881,1853,1814,1810,1833,1852,1871,1884]}",{}
2.png,75497526,{},1134,442,"{""name"":""polygon"",""all_points_x"":[2631,2640,2658,2686,2709,2747,2760,2749,2736,2691,2655],""all_points_y"":[1782,1790,1780,1771,1765,1756,1739,1736,1746,1759,1772]}",{}
2.png,75497526,{},1134,443,"{""name"":""polygon"",""all_points_x"":[2475,2481,2489,2495,2503,2507,2521,2515,2506,2500,2493,2492,2488],""all_points_y"":[1894,1895,1873,1849,1797,1765,1710,1710,1744,1777,1814,1837,1861]}",{}
2.png,75497526,{},1134,444,"{""name"":""polygon"",""all_points_x"":[2716,2735,2746,2763,2795,2822,2857,2894,2926,2946,2997,3001,2971,2932,2908,2871,2844,2796,2758,2716],""all_points_y"":[1809,1810,1811,1814,1812,1813,1814,1819,1827,1832,1832,1836,1839,1836,1829,1821,1821,1818,1818,1813]}",{}
2.png,75497526,{},1134,445,"{""name"":""polygon"",""all_points_x"":[2822,2805,2771,2751,2727,2739,2756,2791,2825],""all_points_y"":[1778,1785,1796,1801,1808,1810,1805,1796,1781]}",{}
2.png,75497526,{},1134,446,"{""name"":""polygon"",""all_points_x"":[3198,3206,3224,3250,3272,3290,3310,3319,3310,3299,3275,3246],""all_points_y"":[1776,1779,1763,1738,1717,1696,1670,1651,1655,1674,1702,1733]}",{}
2.png,75497526,{},1134,447,"{""name"":""polygon"",""all_points_x"":[2989,2978,2957,2917,2885,2847,2792,2793,2824,2852,2885,2926,2954,2995],""all_points_y"":[2074,2082,2092,2112,2125,2142,2165,2168,2157,2145,2131,2115,2102,2084]}",{}
2.png,75497526,{},1134,448,"{""name"":""polygon"",""all_points_x"":[2788,2809,2840,2871,2897,2925,2966,3007,3036,3071,3106,3118,3118,3095,3038,2967,2912,2870,2790],""all_points_y"":[2183,2173,2160,2147,2137,2128,2116,2105,2098,2086,2075,2074,2084,2088,2105,2123,2137,2152,2187]}",{}
2.png,75497526,{},1134,449,"{""name"":""polygon"",""all_points_x"":[2876,2882,2895,2927,2959,2981,3010,3044,3101,3141,3167,3165,3123,3037,2986,2927,2884],""all_points_y"":[2152,2154,2149,2140,2132,2130,2123,2116,2107,2103,2103,2099,2098,2111,2123,2137,2149]}",{}
2.png,75497526,{},1134,450,"{""name"":""polygon"",""all_points_x"":[2830,2827,2811,2769,2733,2705,2641,2640,2684,2718],""all_points_y"":[2287,2298,2295,2296,2296,2297,2306,2300,2294,2288]}",{}
2.png,75497526,{},1134,451,"{""name"":""polygon"",""all_points_x"":[2639,2679,2740,2798,2856,2904,2966,2993,2999,2874,2819,2760,2719,2657,2641],""all_points_y"":[2085,2089,2094,2094,2098,2100,2100,2098,2091,2089,2085,2085,2081,2074,2073]}",{}
2.png,75497526,{},1134,452,"{""name"":""polygon"",""all_points_x"":[2557,2567,2591,2619,2639,2674,2715,2766,2811,2811,2735,2689,2661,2620,2585,2563],""all_points_y"":[2136,2126,2116,2104,2098,2091,2085,2084,2081,2086,2088,2094,2098,2109,2124,2136]}",{}
2.png,75497526,{},1134,453,"{""name"":""polygon"",""all_points_x"":[3341,3344,3343,3311,3264,3212,3150,3150],""all_points_y"":[1703,1706,1708,1706,1703,1699,1695,1690]}",{}
2.png,75497526,{},1134,454,"{""name"":""polygon"",""all_points_x"":[3046,3049,3068,3100,3147,3177,3175,3169],""all_points_y"":[1610,1615,1610,1603,1594,1589,1585,1584]}",{}
2.png,75497526,{},1134,455,"{""name"":""polygon"",""all_points_x"":[3307,3306,3289,3263,3239,3213,3197,3194],""all_points_y"":[1650,1654,1660,1669,1677,1683,1687,1686]}",{}
2.png,75497526,{},1134,456,"{""name"":""polygon"",""all_points_x"":[3147,3200,3245,3285,3296,3292,3247,3199,3164,3143],""all_points_y"":[1641,1657,1668,1677,1678,1681,1672,1662,1653,1648]}",{}
2.png,75497526,{},1134,457,"{""name"":""polygon"",""all_points_x"":[3255,3241,3218,3186,3161,3166,3186,3222,3253,3261,3259],""all_points_y"":[1708,1716,1728,1746,1760,1762,1752,1733,1714,1709,1706]}",{}
2.png,75497526,{},1134,458,"{""name"":""polygon"",""all_points_x"":[3088,3087,3106,3133,3172,3211,3240,3261,3260,3244,3224,3193,3169,3130,3100],""all_points_y"":[1857,1862,1864,1865,1864,1859,1857,1851,1846,1852,1854,1857,1861,1860,1859]}",{}
2.png,75497526,{},1134,459,"{""name"":""polygon"",""all_points_x"":[3090,3108,3129,3136,3167,3205,3213,3255,3255,3243,3215,3199,3184,3157,3137,3131,3110,3096],""all_points_y"":[1822,1818,1813,1808,1808,1814,1817,1827,1831,1828,1821,1819,1816,1813,1814,1819,1823,1827]}",{}
2.png,75497526,{},1134,460,"{""name"":""polygon"",""all_points_x"":[3243,3262,3291,3311,3334,3354,3373,3387,3389,3366,3351,3327,3319,3285,3263,3245],""all_points_y"":[1681,1678,1674,1669,1656,1644,1631,1622,1625,1640,1652,1668,1675,1682,1685,1685]}",{}
2.png,75497526,{},1134,461,"{""name"":""polygon"",""all_points_x"":[3040,3044,3056,3078,3093,3090],""all_points_y"":[1584,1589,1576,1555,1537,1535]}",{}
2.png,75497526,{},1134,462,"{""name"":""polygon"",""all_points_x"":[3277,3309,3334,3369,3392,3397,3371,3312,3280],""all_points_y"":[1123,1160,1187,1219,1239,1234,1212,1155,1120]}",{}
2.png,75497526,{},1134,463,"{""name"":""polygon"",""all_points_x"":[3216,3219,3226,3241,3249,3261,3275,3290,3302,3310,3305,3282,3257,3243],""all_points_y"":[941,939,949,977,988,1014,1047,1079,1104,1122,1124,1074,1019,988]}",{}
2.png,75497526,{},1134,464,"{""name"":""polygon"",""all_points_x"":[3153,3153,3193,3227,3254,3254],""all_points_y"":[1310,1314,1318,1322,1324,1321]}",{}
2.png,75497526,{},1134,465,"{""name"":""polygon"",""all_points_x"":[2832,2852,2878,2902,2905,2885,2869,2855,2831],""all_points_y"":[2023,2016,2009,2002,2012,2016,2020,2024,2033]}",{}
2.png,75497526,{},1134,466,"{""name"":""polygon"",""all_points_x"":[2864,2878,2900,2914,2918,2901,2882,2867],""all_points_y"":[1939,1933,1925,1917,1922,1930,1936,1943]}",{}
2.png,75497526,{},1134,467,"{""name"":""polygon"",""all_points_x"":[3250,3283,3317,3350,3384,3424,3440,3440,3410,3350,3273,3248],""all_points_y"":[2065,2079,2089,2099,2109,2118,2122,2128,2122,2105,2082,2071]}",{}
2.png,75497526,{},1134,468,"{""name"":""polygon"",""all_points_x"":[3360,3369,3382,3402,3420,3442,3459,3469,3458,3446,3423],""all_points_y"":[2222,2225,2218,2203,2191,2174,2165,2159,2152,2164,2181]}",{}
2.png,75497526,{},1134,469,"{""name"":""polygon"",""all_points_x"":[3070,3076,3087,3103,3129,3151,3181,3207,3242,3270,3264,3220,3183,3126,3101],""all_points_y"":[2334,2342,2334,2325,2319,2310,2298,2289,2278,2269,2266,2280,2292,2313,2321]}",{}
2.png,75497526,{},1134,470,"{""name"":""polygon"",""all_points_x"":[2412,2413,2436,2461,2483,2500,2504,2493,2472,2460,2439],""all_points_y"":[1959,1965,1969,1979,1997,2009,2009,1999,1982,1973,1966]}",{}
2.png,75497526,{},1134,471,"{""name"":""polygon"",""all_points_x"":[2524,2555,2575,2589,2592,2582,2557,2523],""all_points_y"":[1626,1631,1634,1640,1644,1642,1636,1629]}",{}
2.png,75497526,{},1134,472,"{""name"":""polygon"",""all_points_x"":[2514,2518,2533,2563,2586,2609,2628,2637,2632,2619,2602,2584,2554,2543],""all_points_y"":[1577,1581,1575,1555,1542,1530,1514,1506,1505,1514,1528,1539,1553,1561]}",{}
2.png,75497526,{},1134,473,"{""name"":""polygon"",""all_points_x"":[2546,2567,2590,2608,2640,2656,2670,2671,2647,2621,2592,2567,2547],""all_points_y"":[2306,2307,2306,2307,2306,2305,2303,2309,2310,2312,2314,2312,2310]}",{}
2.png,75497526,{},1134,474,"{""name"":""polygon"",""all_points_x"":[2516,2534,2556,2583,2614,2649,2672,2673,2653,2596,2565,2541,2513],""all_points_y"":[2385,2386,2386,2382,2381,2382,2383,2390,2390,2389,2391,2394,2391]}",{}
2.png,75497526,{},1134,475,"{""name"":""polygon"",""all_points_x"":[2704,2720,2752,2780,2803,2796,2753,2703],""all_points_y"":[2424,2419,2425,2429,2433,2441,2435,2429]}",{}
2.png,75497526,{},1134,476,"{""name"":""polygon"",""all_points_x"":[2713,2735,2755,2779,2798,2829,2829,2809,2779,2750,2714],""all_points_y"":[2378,2385,2393,2401,2409,2422,2427,2420,2407,2396,2380]}",{}
2.png,75497526,{},1134,477,"{""name"":""polygon"",""all_points_x"":[2795,2800,2799,2792,2741,2720,2718,2730,2759,2785],""all_points_y"":[2428,2427,2423,2421,2393,2382,2383,2392,2410,2424]}",{}
2.png,75497526,{},1134,478,"{""name"":""polygon"",""all_points_x"":[2834,2854,2875,2899,2915,2948,2960,2962,2929,2901,2885,2867,2837],""all_points_y"":[2339,2337,2332,2324,2319,2312,2310,2314,2322,2329,2335,2341,2344]}",{}
2.png,75497526,{},1134,479,"{""name"":""polygon"",""all_points_x"":[2435,2457,2497,2534,2586,2628,2654,2667,2672,2652,2625,2602,2553,2512,2468,2434],""all_points_y"":[2510,2514,2518,2519,2521,2516,2507,2501,2507,2518,2528,2535,2535,2531,2526,2520]}",{}
2.png,75497526,{},1134,480,"{""name"":""polygon"",""all_points_x"":[2512,2524,2552,2585,2618,2645,2697,2694,2641,2609,2571,2531,2511],""all_points_y"":[2536,2537,2538,2541,2540,2537,2531,2540,2544,2547,2547,2546,2543]}",{}
2.png,75497526,{},1134,481,"{""name"":""polygon"",""all_points_x"":[2688,2692,2703,2717,2734,2749,2770,2777,2773,2750,2731,2711],""all_points_y"":[2554,2560,2550,2533,2515,2498,2475,2467,2466,2488,2508,2531]}",{}
2.png,75497526,{},1134,482,"{""name"":""polygon"",""all_points_x"":[2514,2534,2565,2595,2627,2648,2647,2625,2603,2567,2536,2512],""all_points_y"":[2801,2800,2792,2788,2781,2774,2779,2788,2793,2800,2805,2808]}",{}
2.png,75497526,{},1134,483,"{""name"":""polygon"",""all_points_x"":[3319,3323,3356,3385,3426,3466,3502,3540,3574,3601,3611,3606,3572,3526,3483,3452,3420,3389,3367],""all_points_y"":[2458,2463,2455,2446,2436,2431,2423,2410,2400,2394,2392,2384,2394,2407,2418,2423,2430,2437,2442]}",{}
2.png,75497526,{},1134,484,"{""name"":""polygon"",""all_points_x"":[3422,3421,3439,3461,3482,3518,3545,3573,3585,3587,3556,3523,3483],""all_points_y"":[2462,2466,2474,2482,2490,2501,2510,2517,2522,2518,2505,2496,2485]}",{}
2.png,75497526,{},1134,485,"{""name"":""polygon"",""all_points_x"":[3347,3351,3367,3393,3412,3425,3441,3435],""all_points_y"":[2508,2512,2501,2481,2467,2457,2444,2441]}",{}
2.png,75497526,{},1134,486,"{""name"":""polygon"",""all_points_x"":[3349,3353,3370,3395,3416,3413,3411,3364],""all_points_y"":[2518,2521,2512,2488,2469,2469,2469,2507]}",{}
2.png,75497526,{},1134,487,"{""name"":""polygon"",""all_points_x"":[3410,3414,3414,3415,3416,3414,3411],""all_points_y"":[2499,2499,2510,2535,2553,2584,2584]}",{}
2.png,75497526,{},1134,488,"{""name"":""polygon"",""all_points_x"":[3424,3424,3441,3460,3473,3502,3502,3484,3474,3461],""all_points_y"":[2486,2492,2497,2504,2506,2518,2513,2507,2501,2499]}",{}
2.png,75497526,{},1134,489,"{""name"":""polygon"",""all_points_x"":[3277,3283,3285,3288,3291,3292,3288],""all_points_y"":[2475,2474,2489,2517,2536,2543,2543]}",{}
2.png,75497526,{},1134,490,"{""name"":""polygon"",""all_points_x"":[3291,3295,3297,3297,3292],""all_points_y"":[2546,2546,2522,2492,2489]}",{}
2.png,75497526,{},1134,491,"{""name"":""polygon"",""all_points_x"":[3303,3307,3321,3339,3360,3390,3413,3448,3445,3399],""all_points_y"":[2444,2447,2441,2433,2422,2406,2393,2376,2373,2396]}",{}
2.png,75497526,{},1134,492,"{""name"":""polygon"",""all_points_x"":[3341,3337,3351,3378,3395,3395],""all_points_y"":[2432,2435,2436,2435,2436,2431]}",{}
2.png,75497526,{},1134,493,"{""name"":""polygon"",""all_points_x"":[3512,3518,3524,3533,3540,3544,3551,3547,3543,3540,3529,3518],""all_points_y"":[2446,2470,2491,2522,2556,2576,2572,2547,2535,2522,2487,2447]}",{}
2.png,75497526,{},1134,494,"{""name"":""polygon"",""all_points_x"":[3496,3511,3527,3544,3557,3551,3539,3533,3512,3502],""all_points_y"":[2630,2642,2664,2689,2693,2685,2669,2657,2631,2623]}",{}
2.png,75497526,{},1134,495,"{""name"":""polygon"",""all_points_x"":[3513,3543,3573,3612,3679,3682,3655,3591,3561,3543,3524],""all_points_y"":[2584,2602,2617,2640,2672,2667,2654,2622,2605,2594,2583]}",{}
2.png,75497526,{},1134,496,"{""name"":""polygon"",""all_points_x"":[3472,3485,3507,3536,3542,3532,3510,3498,3484,3476],""all_points_y"":[2543,2548,2565,2591,2592,2580,2562,2551,2543,2537]}",{}
2.png,75497526,{},1134,497,"{""name"":""polygon"",""all_points_x"":[3095,3100,3121,3140,3167,3188,3209,3201,3171],""all_points_y"":[2347,2353,2347,2341,2335,2331,2325,2320,2329]}",{}
2.png,75497526,{},1134,498,"{""name"":""polygon"",""all_points_x"":[3567,3574,3586,3598,3616,3635,3631,3610,3592,3586,3580,3578],""all_points_y"":[2359,2362,2352,2341,2321,2304,2298,2319,2337,2345,2350,2350]}",{}
2.png,75497526,{},1134,499,"{""name"":""polygon"",""all_points_x"":[3660,3667,3669,3674,3679,3683,3688,3693,3685,3681,3677,3674,3670],""all_points_y"":[2263,2263,2236,2192,2165,2140,2120,2096,2096,2119,2134,2153,2171]}",{}
2.png,75497526,{},1134,500,"{""name"":""polygon"",""all_points_x"":[3544,3552,3538,3525,3517,3508,3503,3507,3512,3516,3517,3519],""all_points_y"":[1880,1876,1832,1784,1737,1686,1687,1718,1741,1769,1781,1787]}",{}
2.png,75497526,{},1134,501,"{""name"":""polygon"",""all_points_x"":[3438,3445,3467,3501,3536,3553,3576,3599,3626,3645,3632,3572,3549,3521,3470],""all_points_y"":[1629,1635,1630,1622,1612,1606,1602,1598,1594,1594,1590,1596,1601,1611,1623]}",{}
2.png,75497526,{},1134,502,"{""name"":""polygon"",""all_points_x"":[3143,3164,3196,3232,3261,3292,3313,3312,3248,3209,3168,3145],""all_points_y"":[2795,2791,2789,2786,2783,2780,2779,2782,2788,2793,2796,2800]}",{}
2.png,75497526,{},1134,503,"{""name"":""polygon"",""all_points_x"":[3136,3140,3155,3170,3190,3208,3249,3244,3200],""all_points_y"":[2821,2823,2813,2802,2783,2768,2732,2730,2765]}",{}
2.png,75497526,{},1134,504,"{""name"":""polygon"",""all_points_x"":[2746,2745,2772,2807,2847,2878,2927,2924,2852,2798,2790],""all_points_y"":[2503,2512,2515,2517,2522,2525,2527,2522,2516,2512,2507]}",{}
2.png,75497526,{},1134,505,"{""name"":""polygon"",""all_points_x"":[2793,2793,2799,2816,2860,2904,2897,2844],""all_points_y"":[2507,2508,2511,2513,2515,2520,2516,2510]}",{}
2.png,75497526,{},1134,506,"{""name"":""polygon"",""all_points_x"":[2893,2896,2852,2802,2794,2792,2862],""all_points_y"":[2505,2510,2509,2507,2507,2505,2504]}",{}
2.png,75497526,{},1134,507,"{""name"":""polygon"",""all_points_x"":[3460,3417,3365,3349,3350,3395,3440,3465],""all_points_y"":[2236,2236,2235,2236,2241,2243,2242,2243]}",{}
2.png,75497526,{},1134,508,"{""name"":""polygon"",""all_points_x"":[2929,2937,2964,2993,3047,3042,2995,2969],""all_points_y"":[2644,2648,2636,2621,2594,2592,2614,2626]}",{}
2.png,75497526,{},1134,509,"{""name"":""polygon"",""all_points_x"":[2585,2589,2615,2650,2713,2760,2792,2784,2755,2693],""all_points_y"":[2612,2617,2612,2605,2592,2583,2579,2575,2579,2591]}",{}
2.png,75497526,{},1134,510,"{""name"":""polygon"",""all_points_x"":[3073,3095,3129,3156,3157,3134,3103,3068],""all_points_y"":[1774,1784,1788,1787,1792,1795,1795,1784]}",{}
2.png,75497526,{},1134,511,"{""name"":""polygon"",""all_points_x"":[3417,3425,3458,3500,3530,3576,3575,3540],""all_points_y"":[1513,1518,1522,1526,1528,1533,1527,1523]}",{}
2.png,75497526,{},1134,512,"{""name"":""polygon"",""all_points_x"":[3196,3201,3219,3238,3254,3248,3230],""all_points_y"":[2712,2716,2698,2678,2662,2659,2679]}",{}
2.png,75497526,{},1134,513,"{""name"":""polygon"",""all_points_x"":[2944,2949,2968,3010,3006],""all_points_y"":[2751,2754,2747,2729,2724]}",{}
2.png,75497526,{},1134,514,"{""name"":""polygon"",""all_points_x"":[2944,2947,2972,2998,3025,3023,2988],""all_points_y"":[2757,2762,2755,2750,2747,2741,2746]}",{}
2.png,75497526,{},1134,515,"{""name"":""polygon"",""all_points_x"":[3118,3122,3141,3159,3172,3194,3188,3170,3143],""all_points_y"":[2716,2719,2707,2693,2685,2668,2665,2680,2699]}",{}
2.png,75497526,{},1134,516,"{""name"":""polygon"",""all_points_x"":[3094,3099,3137,3184,3179,3148],""all_points_y"":[2630,2633,2632,2624,2619,2625]}",{}
2.png,75497526,{},1134,517,"{""name"":""polygon"",""all_points_x"":[3129,3150,3174,3203,3205,3188,3155,3134],""all_points_y"":[2526,2543,2561,2584,2580,2564,2540,2525]}",{}
2.png,75497526,{},1134,518,"{""name"":""polygon"",""all_points_x"":[2541,2560,2592,2622,2647,2674,2707,2707,2678,2637,2603,2581,2551,2538],""all_points_y"":[2662,2660,2659,2656,2655,2651,2649,2653,2657,2661,2664,2667,2668,2668]}",{}
2.png,75497526,{},1134,519,"{""name"":""polygon"",""all_points_x"":[2515,2525,2531,2541,2552,2569,2581,2601,2595,2572,2559,2547],""all_points_y"":[3297,3299,3267,3226,3172,3105,3051,2980,2980,3063,3112,3160]}",{}
2.png,75497526,{},1134,520,"{""name"":""polygon"",""all_points_x"":[2604,2618,2633,2644,2657,2646,2638,2629,2619],""all_points_y"":[3207,3213,3180,3113,3031,3032,3092,3133,3171]}",{}
2.png,75497526,{},1134,521,"{""name"":""polygon"",""all_points_x"":[2535,2519,2484,2451,2447,2473,2506,2535],""all_points_y"":[2918,2921,2925,2925,2931,2932,2929,2926]}",{}
2.png,75497526,{},1134,522,"{""name"":""polygon"",""all_points_x"":[2872,2888,2892,2896,2901,2906,2908,2903,2894,2889],""all_points_y"":[3390,3391,3357,3318,3236,3163,3101,3102,3173,3242]}",{}
2.png,75497526,{},1134,523,"{""name"":""polygon"",""all_points_x"":[2918,2929,2941,2958,2963,2976,2977,2971,2965,2953,2948,2945,2933],""all_points_y"":[3350,3354,3331,3282,3238,3169,3134,3134,3166,3238,3270,3291,3321]}",{}
2.png,75497526,{},1134,524,"{""name"":""polygon"",""all_points_x"":[3085,3110,3146,3165,3167,3143,3106,3085],""all_points_y"":[2968,2965,2961,2957,2965,2966,2971,2971]}",{}
2.png,75497526,{},1134,525,"{""name"":""polygon"",""all_points_x"":[3086,3090,3116,3152,3171,3167],""all_points_y"":[2993,2998,2990,2981,2975,2973]}",{}
2.png,75497526,{},1134,526,"{""name"":""polygon"",""all_points_x"":[2432,2438,2450,2460,2470,2474,2492,2487,2473,2465,2461,2458],""all_points_y"":[3184,3187,3164,3145,3117,3104,3068,3068,3096,3114,3125,3133]}",{}
2.png,75497526,{},1134,527,"{""name"":""polygon"",""all_points_x"":[3220,3228,3248,3270,3278,3304,3326,3320,3300,3270,3258],""all_points_y"":[3359,3364,3339,3310,3300,3271,3247,3235,3267,3300,3311]}",{}
2.png,75497526,{},1134,528,"{""name"":""polygon"",""all_points_x"":[3158,3169,3181,3199,3211,3226,3236,3231,3220,3207,3186,3174],""all_points_y"":[3439,3442,3416,3356,3308,3244,3191,3191,3234,3281,3359,3400]}",{}
2.png,75497526,{},1134,529,"{""name"":""polygon"",""all_points_x"":[3332,3334,3345,3369,3393,3435,3447,3443,3422,3403],""all_points_y"":[3155,3160,3152,3131,3111,3071,3061,3060,3075,3094]}",{}
2.png,75497526,{},1134,530,"{""name"":""polygon"",""all_points_x"":[3386,3388,3416,3446,3481,3473,3436,3416],""all_points_y"":[3132,3139,3131,3115,3100,3098,3113,3122]}",{}
2.png,75497526,{},1134,531,"{""name"":""polygon"",""all_points_x"":[3398,3404,3414,3431,3449,3460,3455,3442,3420],""all_points_y"":[3125,3127,3117,3103,3087,3085,3082,3085,3104]}",{}
2.png,75497526,{},1134,532,"{""name"":""polygon"",""all_points_x"":[3401,3409,3419,3422,3427,3432,3425,3420,3415,3413],""all_points_y"":[3070,3073,3038,3019,2974,2942,2942,2979,3014,3034]}",{}
2.png,75497526,{},1134,533,"{""name"":""polygon"",""all_points_x"":[3335,3340,3345,3348,3352,3357,3352,3345],""all_points_y"":[3266,3265,3292,3323,3354,3408,3406,3360]}",{}
2.png,75497526,{},1134,534,"{""name"":""polygon"",""all_points_x"":[3323,3331,3336,3345,3343,3339,3336],""all_points_y"":[3275,3274,3304,3363,3366,3359,3352]}",{}
2.png,75497526,{},1134,535,"{""name"":""polygon"",""all_points_x"":[3079,3096,3124,3142,3166,3189,3186,3164,3146,3117,3090,3079],""all_points_y"":[3328,3319,3302,3288,3281,3287,3291,3288,3292,3315,3330,3337]}",{}
2.png,75497526,{},1134,536,"{""name"":""polygon"",""all_points_x"":[3204,3187,3157,3126,3130,3145,3208],""all_points_y"":[3134,3146,3167,3190,3194,3184,3138]}",{}
2.png,75497526,{},1134,537,"{""name"":""polygon"",""all_points_x"":[3174,3205,3250,3264,3267,3231,3197,3183],""all_points_y"":[3064,3089,3133,3147,3138,3107,3075,3058]}",{}
2.png,75497526,{},1134,538,"{""name"":""polygon"",""all_points_x"":[3413,3444,3476,3508,3512,3480,3446,3412],""all_points_y"":[3162,3163,3157,3149,3154,3165,3170,3166]}",{}
2.png,75497526,{},1134,539,"{""name"":""polygon"",""all_points_x"":[2641,2657,2641,2619,2610,2615,2638],""all_points_y"":[3716,3711,3667,3610,3610,3630,3689]}",{}
2.png,75497526,{},1134,540,"{""name"":""polygon"",""all_points_x"":[2474,2483,2511,2559,2601,2614,2601,2537],""all_points_y"":[3683,3700,3702,3711,3718,3714,3708,3699]}",{}
2.png,75497526,{},1134,541,"{""name"":""polygon"",""all_points_x"":[2670,2671,2704,2757,2805,2881,2930,2962,2959,2926,2864,2788,2725],""all_points_y"":[3671,3678,3677,3678,3678,3681,3678,3676,3669,3672,3674,3672,3671]}",{}
2.png,75497526,{},1134,542,"{""name"":""polygon"",""all_points_x"":[2599,2609,2628,2643,2670,2689,2697,2691,2678,2666,2652,2621],""all_points_y"":[4045,4050,4006,3954,3873,3796,3764,3763,3809,3855,3897,3993]}",{}
2.png,75497526,{},1134,543,"{""name"":""polygon"",""all_points_x"":[3187,3196,3197,3199,3201,3203,3205,3201,3197,3194,3196],""all_points_y"":[3987,3989,3953,3899,3863,3818,3781,3765,3768,3800,3828]}",{}
2.png,75497526,{},1134,544,"{""name"":""polygon"",""all_points_x"":[2972,2978,2981,2979,2991,2985,2977,2973,2972,2974],""all_points_y"":[3980,3982,3928,3916,3829,3829,3876,3915,3927,3933]}",{}
2.png,75497526,{},1134,545,"{""name"":""polygon"",""all_points_x"":[2976,2983,2985,2989,2993,2992,2995,2988,2984,2983],""all_points_y"":[4009,4010,3977,3935,3912,3903,3875,3876,3910,3924]}",{}
2.png,75497526,{},1134,546,"{""name"":""polygon"",""all_points_x"":[2991,2997,2995,2992,2987,2986,2988],""all_points_y"":[4004,4004,3974,3941,3944,3965,3979]}",{}
2.png,75497526,{},1134,547,"{""name"":""polygon"",""all_points_x"":[3477,3483,3466,3432,3399,3395,3414,3435,3457,3475],""all_points_y"":[4044,4035,4020,3973,3930,3933,3960,3990,4019,4043]}",{}
2.png,75497526,{},1134,548,"{""name"":""polygon"",""all_points_x"":[3265,3271,3249,3237,3232,3216,3215,3223,3232,3247],""all_points_y"":[3829,3821,3803,3789,3774,3751,3757,3771,3790,3809]}",{}
2.png,75497526,{},1134,549,"{""name"":""polygon"",""all_points_x"":[3383,3390,3374,3360,3350,3343,3339,3334,3334,3324,3331,3334,3338,3342,3353,3369,3379],""all_points_y"":[4294,4289,4263,4227,4190,4161,4125,4084,4046,4047,4114,4142,4166,4190,4227,4265,4286]}",{}
2.png,75497526,{},1134,550,"{""name"":""polygon"",""all_points_x"":[3410,3418,3410,3393,3378,3375,3376,3389],""all_points_y"":[4296,4294,4272,4223,4182,4182,4191,4229]}",{}
2.png,75497526,{},1134,551,"{""name"":""polygon"",""all_points_x"":[3229,3235,3251,3273,3295,3327,3322,3304],""all_points_y"":[4404,4407,4379,4337,4297,4234,4232,4270]}",{}
2.png,75497526,{},1134,552,"{""name"":""polygon"",""all_points_x"":[3354,3364,3340,3309,3282,3263,3247,3240,3250,3266],""all_points_y"":[4475,4468,4414,4338,4271,4234,4198,4199,4218,4256]}",{}
2.png,75497526,{},1134,553,"{""name"":""polygon"",""all_points_x"":[3358,3368,3336,3312,3307,3321,3337],""all_points_y"":[4425,4422,4358,4311,4313,4344,4375]}",{}
2.png,75497526,{},1134,554,"{""name"":""polygon"",""all_points_x"":[3211,3231,3244,3264,3274,3274,3249,3215,3207],""all_points_y"":[4199,4221,4241,4264,4271,4278,4258,4211,4205]}",{}
2.png,75497526,{},1134,555,"{""name"":""polygon"",""all_points_x"":[3068,3083,3105,3124,3142,3152,3130,3103,3073],""all_points_y"":[4202,4190,4172,4155,4138,4154,4167,4187,4207]}",{}
2.png,75497526,{},1134,556,"{""name"":""polygon"",""all_points_x"":[3061,3067,3086,3097,3115,3122,3116,3103],""all_points_y"":[4198,4200,4182,4167,4146,4134,4130,4148]}",{}
2.png,75497526,{},1134,557,"{""name"":""polygon"",""all_points_x"":[3285,3290,3312,3318,3332,3354,3348,3331],""all_points_y"":[4011,4013,3979,3965,3937,3895,3893,3929]}",{}
2.png,75497526,{},1134,558,"{""name"":""polygon"",""all_points_x"":[3374,3386,3391,3402,3411,3421,3432,3449,3438,3437],""all_points_y"":[3949,3946,3970,4006,4031,4058,4090,4160,4166,4149]}",{}
2.png,75497526,{},1134,559,"{""name"":""polygon"",""all_points_x"":[2684,2693,2711,2739,2764,2782,2775,2754,2733,2713],""all_points_y"":[4392,4398,4381,4353,4320,4292,4288,4318,4345,4367]}",{}
2.png,75497526,{},1134,560,"{""name"":""polygon"",""all_points_x"":[2888,2893,2909,2928,2948,2965,2955,2933],""all_points_y"":[4461,4466,4452,4419,4393,4365,4363,4400]}",{}
2.png,75497526,{},1134,561,"{""name"":""polygon"",""all_points_x"":[2636,2643,2659,2702,2691,2672],""all_points_y"":[4507,4510,4481,4412,4413,4442]}",{}
2.png,75497526,{},1134,562,"{""name"":""polygon"",""all_points_x"":[2430,2452,2463,2477,2493,2501,2512,2522,2553,2562,2534,2514,2505,2495,2480,2460,2432],""all_points_y"":[4683,4662,4647,4644,4627,4622,4601,4591,4548,4554,4587,4610,4630,4635,4653,4663,4691]}",{}
2.png,75497526,{},1134,563,"{""name"":""polygon"",""all_points_x"":[2804,2821,2853,2872,2867,2839,2811,2798],""all_points_y"":[4519,4528,4536,4543,4551,4542,4533,4526]}",{}
2.png,75497526,{},1134,564,"{""name"":""polygon"",""all_points_x"":[3204,3215,3222,3230,3235,3246,3237,3231,3216,3211],""all_points_y"":[4449,4472,4494,4528,4553,4557,4526,4500,4457,4446]}",{}
2.png,75497526,{},1134,565,"{""name"":""polygon"",""all_points_x"":[3484,3490,3471,3455,3436,3431,3443,3454,3463,3469],""all_points_y"":[4246,4243,4197,4147,4092,4094,4141,4173,4199,4216]}",{}
2.png,75497526,{},1134,566,"{""name"":""polygon"",""all_points_x"":[3107,3112,3119,3131,3153,3173,3166,3153,3136,3120,3112,3110],""all_points_y"":[3929,3929,3955,3981,4022,4052,4056,4033,4003,3970,3947,3940]}",{}
2.png,75497526,{},1134,567,"{""name"":""polygon"",""all_points_x"":[3033,3041,3062,3068,3047,3039],""all_points_y"":[3746,3760,3804,3800,3757,3741]}",{}
2.png,75497526,{},1134,568,"{""name"":""polygon"",""all_points_x"":[2551,2567,2596,2603,2608,2571,2558],""all_points_y"":[3865,3885,3918,3925,3912,3875,3859]}",{}
2.png,75497526,{},1134,569,"{""name"":""polygon"",""all_points_x"":[3291,3319,3356,3425,3476,3524,3564,3566,3535,3463,3401,3324,3287],""all_points_y"":[1888,1895,1905,1925,1939,1951,1959,1969,1962,1942,1924,1902,1892]}",{}
2.png,75497526,{},1134,570,"{""name"":""polygon"",""all_points_x"":[3378,3395,3428,3451,3468,3475,3449,3428,3391,3382],""all_points_y"":[2276,2290,2318,2337,2354,2352,2326,2308,2280,2274]}",{}
2.png,75497526,{},1134,571,"{""name"":""polygon"",""all_points_x"":[2513,2497,2482,2469,2452,2460,2471,2488,2518],""all_points_y"":[3338,3360,3382,3407,3439,3442,3427,3391,3343]}",{}
2.png,75497526,{},1134,572,"{""name"":""polygon"",""all_points_x"":[2914,2920,2940,2955,2960,2967,2959,2948],""all_points_y"":[3576,3578,3551,3528,3518,3507,3505,3524]}",{}
2.png,75497526,{},1134,573,"{""name"":""polygon"",""all_points_x"":[2920,2926,2934,2951,2946,2931,2925],""all_points_y"":[3552,3553,3530,3490,3489,3519,3532]}",{}
2.png,75497526,{},1134,574,"{""name"":""polygon"",""all_points_x"":[3038,3046,3064,3087,3114,3133,3149,3165,3158,3137,3123,3114,3094,3085],""all_points_y"":[4621,4627,4608,4580,4543,4513,4483,4450,4449,4489,4515,4532,4558,4570]}",{}
2.png,75497526,{},1134,575,"{""name"":""polygon"",""all_points_x"":[2946,2957,2968,2984,2988,2969,2953],""all_points_y"":[4537,4558,4581,4614,4608,4573,4538]}",{}
2.png,75497526,{},1134,576,"{""name"":""polygon"",""all_points_x"":[2983,2987,2992,3000,3002,3014,3026,3023,3017,2996,2995],""all_points_y"":[4542,4539,4552,4572,4589,4612,4638,4645,4643,4589,4576]}",{}
2.png,75497526,{},1134,577,"{""name"":""polygon"",""all_points_x"":[3017,3038,3056,3083,3081,3055,3023,3018],""all_points_y"":[4576,4586,4595,4609,4614,4604,4584,4581]}",{}
2.png,75497526,{},1134,578,"{""name"":""polygon"",""all_points_x"":[3138,3143,3156,3171,3185,3204,3226,3216,3205,3172],""all_points_y"":[4615,4612,4640,4676,4712,4758,4807,4809,4784,4697]}",{}
2.png,75497526,{},1134,579,"{""name"":""polygon"",""all_points_x"":[3226,3234,3255,3265,3259,3252],""all_points_y"":[4727,4732,4670,4653,4652,4663]}",{}
2.png,75497526,{},1134,580,"{""name"":""polygon"",""all_points_x"":[2614,2622,2642,2661,2689,2705,2704,2718,2709,2703,2696,2689,2677,2662,2646,2633,2626],""all_points_y"":[4947,4955,4939,4901,4825,4780,4777,4732,4731,4749,4780,4808,4839,4873,4907,4932,4940]}",{}
2.png,75497526,{},1134,581,"{""name"":""polygon"",""all_points_x"":[2730,2748,2774,2805,2835,2824,2807,2784,2768,2749,2743],""all_points_y"":[4868,4876,4802,4724,4653,4650,4685,4745,4782,4831,4844]}",{}
2.png,75497526,{},1134,582,"{""name"":""polygon"",""all_points_x"":[2648,2662,2687,2721,2735,2725,2701,2679,2645,2641],""all_points_y"":[4822,4835,4851,4868,4872,4879,4868,4855,4832,4826]}",{}
2.png,75497526,{},1134,583,"{""name"":""polygon"",""all_points_x"":[2716,2727,2754,2802,2839,2879,2922,2952,2974,2964,2927,2877,2844,2800,2766,2751],""all_points_y"":[4934,4942,4926,4886,4851,4816,4776,4749,4733,4729,4758,4804,4833,4871,4899,4913]}",{}
2.png,75497526,{},1134,584,"{""name"":""polygon"",""all_points_x"":[2670,2683,2703,2729,2770,2802,2795,2777,2757,2739,2715,2690],""all_points_y"":[5069,5077,5063,5039,4994,4949,4948,4975,4997,5016,5041,5061]}",{}
2.png,75497526,{},1134,585,"{""name"":""polygon"",""all_points_x"":[2863,2856,2885,2936,2999,3060,3095,3092,3051,3007,2956],""all_points_y"":[4833,4841,4847,4862,4879,4881,4877,4873,4874,4870,4857]}",{}
2.png,75497526,{},1134,586,"{""name"":""polygon"",""all_points_x"":[2855,2862,2879,2902,2941,2961,2991,3026,3051,3044,3010,2988,2950,2934,2895,2872],""all_points_y"":[4956,4964,4962,4952,4934,4915,4899,4879,4863,4858,4879,4895,4915,4929,4947,4956]}",{}
2.png,75497526,{},1134,587,"{""name"":""polygon"",""all_points_x"":[3045,3053,3055,3055,3046,3045,3040,3042,3048,3049,3049,3049],""all_points_y"":[4854,4853,4816,4766,4716,4695,4703,4728,4752,4783,4805,4820]}",{}
2.png,75497526,{},1134,588,"{""name"":""polygon"",""all_points_x"":[2370,2376,2389,2416,2453,2488,2521,2513,2501,2462,2429,2387,2376],""all_points_y"":[4930,4937,4924,4901,4866,4833,4801,4796,4809,4847,4877,4916,4926]}",{}
2.png,75497526,{},1134,589,"{""name"":""polygon"",""all_points_x"":[2419,2425,2423,2420,2416,2409,2418],""all_points_y"":[4760,4760,4789,4829,4891,4895,4767]}",{}
2.png,75497526,{},1134,590,"{""name"":""polygon"",""all_points_x"":[2461,2478,2495,2492,2470,2455],""all_points_y"":[4876,4898,4922,4931,4904,4887]}",{}
2.png,75497526,{},1134,591,"{""name"":""polygon"",""all_points_x"":[2457,2465,2477,2488,2498,2504,2512,2519,2513,2512,2504,2499,2494,2489,2487,2480,2476,2472],""all_points_y"":[4987,4992,4969,4932,4889,4846,4816,4751,4749,4776,4814,4836,4854,4886,4897,4929,4946,4960]}",{}
2.png,75497526,{},1134,592,"{""name"":""polygon"",""all_points_x"":[2463,2472,2491,2497,2512,2539,2564,2555,2531,2520,2505,2504],""all_points_y"":[5107,5111,5077,5055,5023,4956,4905,4904,4954,4984,5017,5025]}",{}
2.png,75497526,{},1134,593,"{""name"":""polygon"",""all_points_x"":[2557,2568,2577,2604,2638,2630,2603,2586],""all_points_y"":[4987,4991,4964,4912,4836,4835,4898,4932]}",{}
2.png,75497526,{},1134,594,"{""name"":""polygon"",""all_points_x"":[2678,2681,2699,2723,2770,2809,2833,2824,2804,2764,2740,2715,2693],""all_points_y"":[5113,5120,5121,5111,5091,5068,5053,5050,5062,5086,5097,5107,5115]}",{}
2.png,75497526,{},1134,595,"{""name"":""polygon"",""all_points_x"":[3026,3036,3045,3077,3115,3149,3158,3162,3153,3134,3103,3043],""all_points_y"":[5190,5194,5177,5127,5068,5013,4998,4991,4991,5023,5071,5165]}",{}
2.png,75497526,{},1134,596,"{""name"":""polygon"",""all_points_x"":[2699,2704,2720,2745,2772,2775,2794,2790,2764,2754,2730,2717],""all_points_y"":[5185,5192,5186,5173,5154,5149,5137,5133,5149,5159,5171,5180]}",{}
2.png,75497526,{},1134,597,"{""name"":""polygon"",""all_points_x"":[2937,2956,2960,2965,2969,2960,2952,2953,2952,2948,2944],""all_points_y"":[5891,5891,5823,5739,5693,5697,5734,5756,5773,5828,5867]}",{}
2.png,75497526,{},1134,598,"{""name"":""polygon"",""all_points_x"":[2932,2939,2947,2952,2962,2956,2946,2941],""all_points_y"":[5803,5804,5764,5736,5671,5669,5720,5750]}",{}
2.png,75497526,{},1134,599,"{""name"":""polygon"",""all_points_x"":[2460,2475,2495,2523,2531,2515,2502,2483,2463],""all_points_y"":[6123,6113,6097,6065,6069,6087,6101,6113,6127]}",{}
2.png,75497526,{},1134,600,"{""name"":""polygon"",""all_points_x"":[2456,2463,2456,2451,2443,2437,2429,2436,2441,2445],""all_points_y"":[5991,5990,5946,5914,5890,5835,5839,5885,5913,5923]}",{}
2.png,75497526,{},1134,601,"{""name"":""polygon"",""all_points_x"":[2566,2578,2599,2615,2620,2609,2586,2575],""all_points_y"":[5953,5969,6005,6022,6019,6004,5971,5953]}",{}
2.png,75497526,{},1134,602,"{""name"":""polygon"",""all_points_x"":[2454,2478,2507,2533,2522,2502,2466,2450],""all_points_y"":[5923,5931,5940,5955,5957,5946,5935,5928]}",{}
2.png,75497526,{},1134,603,"{""name"":""polygon"",""all_points_x"":[2747,2753,2744,2732,2724,2718,2722,2731],""all_points_y"":[5929,5927,5894,5851,5825,5826,5846,5879]}",{}
2.png,75497526,{},1134,604,"{""name"":""polygon"",""all_points_x"":[2824,2831,2829,2824,2824,2831,2825,2822,2819,2817,2818],""all_points_y"":[5866,5865,5848,5827,5797,5729,5729,5753,5780,5807,5824]}",{}
2.png,75497526,{},1134,605,"{""name"":""polygon"",""all_points_x"":[3290,3296,3316,3352,3373,3362,3339],""all_points_y"":[941,947,934,911,899,899,913]}",{}
2.png,75497526,{},1134,606,"{""name"":""polygon"",""all_points_x"":[3284,3287,3302,3327,3360,3358,3339],""all_points_y"":[962,966,959,945,931,917,935]}",{}
2.png,75497526,{},1134,607,"{""name"":""polygon"",""all_points_x"":[3500,3498,3519,3546,3582,3621,3628,3576,3535,3518],""all_points_y"":[828,834,843,862,884,911,906,875,849,839]}",{}
2.png,75497526,{},1134,608,"{""name"":""polygon"",""all_points_x"":[3442,3447,3448,3447,3449,3446,3442],""all_points_y"":[862,862,837,817,778,779,812]}",{}
2.png,75497526,{},1134,609,"{""name"":""polygon"",""all_points_x"":[3474,3476,3496,3514,3544,3570,3594,3639,3637,3607,3573,3524],""all_points_y"":[1471,1473,1466,1456,1435,1419,1405,1383,1382,1391,1411,1442]}",{}
2.png,75497526,{},1134,610,"{""name"":""polygon"",""all_points_x"":[3433,3437,3450,3466,3486,3500,3495,3480,3461],""all_points_y"":[1355,1358,1351,1337,1322,1318,1316,1321,1336]}",{}
2.png,75497526,{},1134,611,"{""name"":""polygon"",""all_points_x"":[3623,3623,3647,3684,3725,3756,3753],""all_points_y"":[1344,1348,1349,1348,1348,1351,1344]}",{}
2.png,75497526,{},1134,612,"{""name"":""polygon"",""all_points_x"":[3626,3627,3651,3676,3694,3768,3764,3716,3672,3647],""all_points_y"":[1348,1353,1355,1353,1350,1335,1331,1340,1350,1350]}",{}
2.png,75497526,{},1134,613,"{""name"":""polygon"",""all_points_x"":[3554,3562,3573,3583,3592,3595,3599,3598,3591,3577,3561],""all_points_y"":[1172,1188,1211,1232,1248,1271,1271,1247,1233,1208,1173]}",{}
2.png,75497526,{},1134,614,"{""name"":""polygon"",""all_points_x"":[3872,3877,3884,3897,3905,3918,3913,3898,3890],""all_points_y"":[1502,1502,1516,1536,1554,1584,1586,1558,1536]}",{}
2.png,75497526,{},1134,615,"{""name"":""polygon"",""all_points_x"":[3764,3769,3773,3777,3781,3787,3782,3774,3770],""all_points_y"":[1681,1683,1663,1630,1581,1543,1542,1585,1624]}",{}
2.png,75497526,{},1134,616,"{""name"":""polygon"",""all_points_x"":[3081,3084,3106,3134,3163,3205,3199,3178,3138],""all_points_y"":[2012,2018,2007,1993,1978,1954,1945,1959,1984]}",{}
2.png,75497526,{},1134,617,"{""name"":""polygon"",""all_points_x"":[2849,2829,2815,2796,2771,2776,2790,2832,2854],""all_points_y"":[1786,1801,1814,1833,1859,1860,1847,1809,1791]}",{}
2.png,75497526,{},1134,618,"{""name"":""polygon"",""all_points_x"":[3599,3628,3681,3710,3749,3768,3769,3742,3639,3596],""all_points_y"":[1936,1955,1989,2005,2026,2039,2043,2029,1970,1939]}",{}
2.png,75497526,{},1134,619,"{""name"":""polygon"",""all_points_x"":[3636,3661,3691,3745,3768,3770,3745,3707,3666,3643],""all_points_y"":[1943,1955,1974,2008,2024,2020,2001,1977,1954,1940]}",{}
2.png,75497526,{},1134,620,"{""name"":""polygon"",""all_points_x"":[3697,3723,3744,3767,3802,3822,3825,3803,3768,3743,3719,3701],""all_points_y"":[2316,2333,2348,2370,2402,2419,2415,2394,2360,2337,2323,2307]}",{}
2.png,75497526,{},1134,621,"{""name"":""polygon"",""all_points_x"":[3655,3673,3716,3759,3787,3789,3750,3712,3666,3650],""all_points_y"":[2123,2132,2149,2166,2174,2181,2168,2155,2138,2126]}",{}
2.png,75497526,{},1134,622,"{""name"":""polygon"",""all_points_x"":[3719,3723,3744,3775,3792,3829,3851,3893,3886,3825,3789],""all_points_y"":[2167,2172,2164,2152,2143,2132,2123,2109,2105,2127,2139]}",{}
2.png,75497526,{},1134,623,"{""name"":""polygon"",""all_points_x"":[3688,3707,3717,3748,3769,3771,3750,3729,3716,3705,3693],""all_points_y"":[2857,2850,2847,2832,2818,2824,2838,2849,2853,2856,2858]}",{}
2.png,75497526,{},1134,624,"{""name"":""polygon"",""all_points_x"":[3616,3631,3647,3670,3677,3680,3661,3636,3620],""all_points_y"":[2626,2638,2647,2661,2663,2661,2650,2633,2621]}",{}
2.png,75497526,{},1134,625,"{""name"":""polygon"",""all_points_x"":[3085,3099,3124,3143,3164,3167,3151,3132,3118,3085],""all_points_y"":[2549,2545,2541,2534,2526,2528,2537,2542,2547,2553]}",{}
2.png,75497526,{},1134,626,"{""name"":""polygon"",""all_points_x"":[3496,3508,3523,3542,3547,3528,3508,3499],""all_points_y"":[2857,2849,2840,2833,2839,2845,2853,2859]}",{}
2.png,75497526,{},1134,627,"{""name"":""polygon"",""all_points_x"":[3662,3667,3691,3733,3772,3823,3823,3797,3759,3718],""all_points_y"":[3124,3129,3120,3106,3091,3069,3065,3074,3088,3101]}",{}
2.png,75497526,{},1134,628,"{""name"":""polygon"",""all_points_x"":[3667,3672,3691,3719,3752,3773,3800,3795,3762],""all_points_y"":[3291,3296,3282,3259,3231,3215,3193,3191,3215]}",{}
2.png,75497526,{},1134,629,"{""name"":""polygon"",""all_points_x"":[3583,3588,3605,3637,3661,3655,3628,3600],""all_points_y"":[3212,3217,3204,3189,3173,3168,3182,3196]}",{}
2.png,75497526,{},1134,630,"{""name"":""polygon"",""all_points_x"":[3515,3512,3521,3538,3557,3583,3614,3619,3597,3556,3533],""all_points_y"":[3182,3185,3197,3215,3232,3258,3289,3285,3262,3222,3200]}",{}
2.png,75497526,{},1134,631,"{""name"":""polygon"",""all_points_x"":[3676,3686,3689,3691,3694,3696,3704,3708,3699,3685],""all_points_y"":[1747,1744,1795,1802,1839,1864,1914,1945,1945,1822]}",{}
2.png,75497526,{},1134,632,"{""name"":""polygon"",""all_points_x"":[3271,3247,3221,3177,3143,3089,3091,3124,3152,3198,3260,3274],""all_points_y"":[2013,2017,2019,2025,2034,2040,2046,2045,2039,2031,2024,2023]}",{}
2.png,75497526,{},1134,633,"{""name"":""polygon"",""all_points_x"":[3721,3739,3761,3776,3806,3816,3822,3813,3757,3727],""all_points_y"":[1951,1973,1998,2012,2048,2057,2056,2043,1982,1941]}",{}
2.png,75497526,{},1134,634,"{""name"":""polygon"",""all_points_x"":[3822,3828,3823,3814,3808,3804,3808,3812],""all_points_y"":[1818,1818,1773,1711,1688,1689,1709,1740]}",{}
2.png,75497526,{},1134,635,"{""name"":""polygon"",""all_points_x"":[3375,3389,3410,3427,3453,3481,3489,3493,3487,3473,3459,3442,3426,3410,3393,3374],""all_points_y"":[1695,1691,1680,1666,1640,1604,1589,1591,1604,1624,1643,1659,1675,1685,1695,1703]}",{}
2.png,75497526,{},1134,636,"{""name"":""polygon"",""all_points_x"":[3364,3381,3415,3453,3499,3536,3573,3573,3520,3477,3439,3376,3357],""all_points_y"":[2046,2051,2058,2066,2073,2078,2082,2087,2082,2076,2068,2056,2050]}",{}
2.png,75497526,{},1134,637,"{""name"":""polygon"",""all_points_x"":[3391,3390,3409,3439,3482,3526,3566,3566,3501],""all_points_y"":[2078,2083,2086,2089,2093,2096,2099,2093,2090]}",{}
2.png,75497526,{},1134,638,"{""name"":""polygon"",""all_points_x"":[3950,3952,3921,3864,3825,3760,3762,3793,3865],""all_points_y"":[2349,2358,2346,2327,2308,2284,2278,2290,2319]}",{}
2.png,75497526,{},1134,639,"{""name"":""polygon"",""all_points_x"":[2722,2728,2732,2732,2741,2740,2735,2728],""all_points_y"":[3203,3238,3283,3299,3297,3261,3223,3190]}",{}
2.png,75497526,{},1134,640,"{""name"":""polygon"",""all_points_x"":[3501,3514,3535,3546,3563,3576,3588,3598,3617,3637,3644,3653,3635,3602,3591,3579,3556,3519,3505],""all_points_y"":[3370,3396,3432,3454,3481,3517,3565,3595,3637,3681,3697,3690,3649,3579,3534,3490,3455,3391,3365]}",{}
2.png,75497526,{},1134,641,"{""name"":""polygon"",""all_points_x"":[3639,3650,3626,3593,3570,3549,3564,3589,3600,3622],""all_points_y"":[3721,3705,3676,3617,3581,3569,3597,3633,3656,3693]}",{}
2.png,75497526,{},1134,642,"{""name"":""polygon"",""all_points_x"":[3468,3479,3488,3503,3524,3538,3540,3534,3525],""all_points_y"":[4563,4567,4550,4510,4463,4432,4420,4418,4434]}",{}
2.png,75497526,{},1134,643,"{""name"":""polygon"",""all_points_x"":[3386,3412,3438,3465,3489,3496,3487,3453,3433,3409,3394],""all_points_y"":[4537,4497,4460,4426,4392,4395,4408,4451,4481,4516,4543]}",{}
2.png,75497526,{},1134,644,"{""name"":""polygon"",""all_points_x"":[2662,2666,2678,2700,2722,2739,2730,2705],""all_points_y"":[3951,3955,3944,3928,3905,3890,3890,3912]}",{}
2.png,75497526,{},1134,645,"{""name"":""polygon"",""all_points_x"":[2477,2512,2548,2584,2609,2604,2576,2532,2472],""all_points_y"":[3422,3428,3436,3442,3451,3460,3450,3442,3428]}",{}
2.png,75497526,{},1134,646,"{""name"":""polygon"",""all_points_x"":[3306,3312,3324,3334,3351,3362,3380,3373,3351,3343,3340],""all_points_y"":[4921,4924,4907,4892,4870,4857,4835,4835,4859,4869,4874]}",{}
2.png,75497526,{},1134,647,"{""name"":""polygon"",""all_points_x"":[3313,3321,3335,3346,3366,3400,3394,3364,3341],""all_points_y"":[4985,4991,4981,4968,4952,4928,4925,4944,4960]}",{}
2.png,75497526,{},1134,648,"{""name"":""polygon"",""all_points_x"":[3181,3182,3160,3133,3117,3115,3119,3139,3165],""all_points_y"":[5151,5137,5110,5080,5058,5063,5073,5096,5131]}",{}
2.png,75497526,{},1134,649,"{""name"":""polygon"",""all_points_x"":[3130,3138,3127,3117,3107,3102,3107,3115],""all_points_y"":[5241,5239,5177,5119,5060,5062,5097,5146]}",{}
2.png,75497526,{},1134,650,"{""name"":""polygon"",""all_points_x"":[2969,2973,2956,2943,2929,2922,2917,2926,2939,2956],""all_points_y"":[5182,5178,5143,5109,5073,5049,5051,5082,5115,5155]}",{}
2.png,75497526,{},1134,651,"{""name"":""polygon"",""all_points_x"":[3304,3324,3343,3364,3386,3421,3419,3362,3325,3303],""all_points_y"":[1212,1227,1242,1256,1271,1294,1296,1260,1232,1215]}",{}
2.png,75497526,{},1134,652,"{""name"":""polygon"",""all_points_x"":[3519,3538,3562,3600,3600,3579,3519],""all_points_y"":[1326,1325,1323,1320,1324,1325,1332]}",{}
2.png,75497526,{},1134,653,"{""name"":""polygon"",""all_points_x"":[3310,3332,3357,3385,3406,3419,3418,3368,3339,3312],""all_points_y"":[1318,1316,1317,1321,1324,1325,1328,1323,1321,1322]}",{}
2.png,75497526,{},1134,654,"{""name"":""polygon"",""all_points_x"":[4054,4059,4025,3970,3941,3940,3975],""all_points_y"":[1531,1526,1486,1423,1388,1393,1437]}",{}
2.png,75497526,{},1134,655,"{""name"":""polygon"",""all_points_x"":[3082,3081,3104,3132,3163,3193,3215,3212,3203,3186,3130,3094],""all_points_y"":[1561,1565,1564,1560,1556,1551,1548,1543,1546,1549,1556,1560]}",{}
2.png,75497526,{},1134,656,"{""name"":""polygon"",""all_points_x"":[3257,3292,3320,3360,3392,3409,3411,3331,3291,3259],""all_points_y"":[1367,1386,1401,1421,1438,1446,1442,1401,1380,1365]}",{}
2.png,75497526,{},1134,657,"{""name"":""polygon"",""all_points_x"":[3179,3200,3220,3246,3264,3269,3265,3237,3198,3179],""all_points_y"":[1359,1361,1364,1368,1371,1376,1376,1372,1365,1361]}",{}
2.png,75497526,{},1134,658,"{""name"":""polygon"",""all_points_x"":[3693,3698,3704,3710,3720,3711,3701],""all_points_y"":[1799,1801,1773,1742,1715,1714,1745]}",{}
2.png,75497526,{},1134,659,"{""name"":""polygon"",""all_points_x"":[3072,3058,3033,3009,3002,2979,2965,2939,2940,2955,2978,2995,3024,3045,3070,3078],""all_points_y"":[1814,1825,1844,1859,1864,1878,1888,1896,1900,1896,1887,1875,1855,1841,1823,1816]}",{}
2.png,75497526,{},1134,660,"{""name"":""polygon"",""all_points_x"":[3826,3832,3844,3857,3863,3885,3912,3905,3886,3870,3857,3853],""all_points_y"":[1831,1837,1828,1818,1809,1790,1760,1759,1779,1797,1808,1816]}",{}
2.png,75497526,{},1134,661,"{""name"":""polygon"",""all_points_x"":[3875,3869,3861,3854,3848,3831,3836,3845,3854,3860,3870,3879,3879],""all_points_y"":[1676,1700,1727,1749,1785,1823,1825,1807,1784,1752,1715,1686,1674]}",{}
2.png,75497526,{},1134,662,"{""name"":""polygon"",""all_points_x"":[3877,3881,3894,3911,3930,3961,3958,3939,3913,3892],""all_points_y"":[1856,1859,1844,1820,1792,1747,1746,1769,1807,1838]}",{}
2.png,75497526,{},1134,663,"{""name"":""polygon"",""all_points_x"":[3977,3982,3972,3955,3943,3928,3913,3908,3916,3926,3945],""all_points_y"":[1849,1844,1834,1818,1801,1773,1736,1738,1760,1784,1816]}",{}
2.png,75497526,{},1134,664,"{""name"":""polygon"",""all_points_x"":[3658,3664,3665,3665,3668,3669,3672,3674,3670,3666,3663,3660,3660],""all_points_y"":[1908,1908,1881,1842,1803,1771,1732,1706,1707,1755,1777,1848,1851]}",{}
2.png,75497526,{},1134,665,"{""name"":""polygon"",""all_points_x"":[3586,3591,3602,3618,3629,3647,3660,3652,3640],""all_points_y"":[1854,1855,1836,1801,1776,1739,1711,1711,1739]}",{}
2.png,75497526,{},1134,666,"{""name"":""polygon"",""all_points_x"":[3849,3873,3891,3916,3955,3956,3937,3913,3888,3848],""all_points_y"":[2001,2002,2002,2001,1998,2002,2006,2007,2007,2007]}",{}
2.png,75497526,{},1134,667,"{""name"":""polygon"",""all_points_x"":[3769,3772,3799,3821,3862,3897,3929,3978,3986,3982,3926,3872,3821,3794],""all_points_y"":[2133,2138,2133,2127,2122,2121,2119,2116,2115,2112,2112,2118,2123,2127]}",{}
2.png,75497526,{},1134,668,"{""name"":""polygon"",""all_points_x"":[3749,3769,3793,3821,3849,3895,3911,3985,3996,3994,3965,3923,3872,3828,3812,3776,3742],""all_points_y"":[2181,2188,2201,2220,2232,2245,2251,2271,2273,2279,2271,2259,2242,2231,2223,2199,2185]}",{}
2.png,75497526,{},1134,669,"{""name"":""polygon"",""all_points_x"":[3566,3566,3592,3635,3674,3696,3698,3677,3634],""all_points_y"":[2072,2079,2089,2104,2116,2121,2114,2110,2097]}",{}
2.png,75497526,{},1134,670,"{""name"":""polygon"",""all_points_x"":[3688,3686,3706,3741,3772,3790,3796,3774,3750,3719],""all_points_y"":[2157,2162,2177,2200,2219,2229,2227,2213,2200,2180]}",{}
2.png,75497526,{},1134,671,"{""name"":""polygon"",""all_points_x"":[3738,3746,3728,3699,3661,3638,3614,3595,3573,3555,3534,3527,3541,3584,3617,3652,3695],""all_points_y"":[2417,2410,2393,2369,2334,2315,2290,2271,2246,2230,2206,2213,2228,2269,2304,2336,2374]}",{}
2.png,75497526,{},1134,672,"{""name"":""polygon"",""all_points_x"":[4082,4083,4055,4018,3988,3957,3931,3918,3924,3951,3985,4024,4049],""all_points_y"":[2170,2177,2173,2166,2160,2153,2148,2144,2139,2147,2154,2162,2167]}",{}
2.png,75497526,{},1134,673,"{""name"":""polygon"",""all_points_x"":[3964,3965,3991,4018,4048,4074,4093,4093,4068,4038,4012],""all_points_y"":[2186,2190,2193,2195,2200,2205,2211,2206,2198,2192,2190]}",{}
2.png,75497526,{},1134,674,"{""name"":""polygon"",""all_points_x"":[4002,4006,4020,4047,4079,4092,4093,4078,4055,4040,4018,4001],""all_points_y"":[2128,2124,2131,2142,2149,2152,2159,2155,2151,2146,2137,2130]}",{}
2.png,75497526,{},1134,675,"{""name"":""polygon"",""all_points_x"":[3834,3845,3857,3882,3904,3922,3944,3952,3950,3935,3919,3902],""all_points_y"":[2139,2140,2151,2171,2189,2201,2213,2217,2219,2212,2203,2194]}",{}
2.png,75497526,{},1134,676,"{""name"":""polygon"",""all_points_x"":[4008,4012,4034,4048,4061,4067,4079,4096,4096,4085,4071,4059,4053],""all_points_y"":[2011,2015,1996,1984,1972,1968,1955,1940,1931,1938,1952,1965,1971]}",{}
2.png,75497526,{},1134,677,"{""name"":""polygon"",""all_points_x"":[4052,4059,4068,4082,4096,4096,4076],""all_points_y"":[1960,1964,1953,1939,1929,1920,1937]}",{}
2.png,75497526,{},1134,678,"{""name"":""polygon"",""all_points_x"":[4054,4065,4068,4057,4043,4021,4016,4012],""all_points_y"":[2060,2080,2078,2054,2025,1982,1971,1973]}",{}
2.png,75497526,{},1134,679,"{""name"":""polygon"",""all_points_x"":[4080,4085,4075,4064,4059,4049,4046,4045],""all_points_y"":[2056,2054,2035,2016,2001,1983,1987,1988]}",{}
2.png,75497526,{},1134,680,"{""name"":""polygon"",""all_points_x"":[3950,3956,3955,3927,3889,3873,3857,3846,3823,3803,3797,3793,3816,3853,3877],""all_points_y"":[2981,2979,2974,2957,2933,2923,2910,2898,2882,2865,2860,2864,2884,2914,2932]}",{}
2.png,75497526,{},1134,681,"{""name"":""polygon"",""all_points_x"":[3812,3826,3839,3855,3868,3875,3889,3904,3907,3883,3872,3860,3840,3816],""all_points_y"":[2936,2951,2966,2992,3012,3018,3036,3046,3043,3018,3007,2988,2959,2934]}",{}
2.png,75497526,{},1134,682,"{""name"":""polygon"",""all_points_x"":[3497,3509,3520,3536,3526],""all_points_y"":[3251,3246,3274,3310,3311]}",{}
2.png,75497526,{},1134,683,"{""name"":""polygon"",""all_points_x"":[3739,3745,3751,3737,3729,3714,3704,3690,3674,3660,3660,3649,3641,3630,3625,3646,3684,3698,3710,3726],""all_points_y"":[3617,3631,3625,3593,3572,3542,3526,3505,3478,3450,3440,3415,3411,3394,3399,3437,3508,3530,3552,3585]}",{}
2.png,75497526,{},1134,684,"{""name"":""polygon"",""all_points_x"":[3696,3708,3725,3747,3750,3755,3748,3737,3721,3709,3700],""all_points_y"":[3474,3505,3537,3579,3585,3584,3564,3541,3511,3490,3471]}",{}
2.png,75497526,{},1134,685,"{""name"":""polygon"",""all_points_x"":[3766,3773,3763,3751,3751,3733,3718,3715,3708,3718,3731,3745,3748],""all_points_y"":[3596,3592,3565,3528,3522,3479,3445,3437,3442,3464,3493,3527,3546]}",{}
2.png,75497526,{},1134,686,"{""name"":""polygon"",""all_points_x"":[3700,3699,3700,3706,3709,3720,3747,3744,3732,3715,3711,3705,3707],""all_points_y"":[3407,3425,3440,3457,3472,3493,3540,3528,3502,3474,3450,3437,3408]}",{}
2.png,75497526,{},1134,687,"{""name"":""polygon"",""all_points_x"":[2971,2987,3007,3029,3053,3060,3041,3015,2985,2970],""all_points_y"":[3427,3419,3407,3394,3376,3383,3396,3411,3427,3431]}",{}
2.png,75497526,{},1134,688,"{""name"":""polygon"",""all_points_x"":[3422,3427,3432,3441,3451,3460,3473,3466,3453,3440,3431],""all_points_y"":[3725,3723,3741,3767,3792,3815,3832,3835,3811,3783,3762]}",{}
2.png,75497526,{},1134,689,"{""name"":""polygon"",""all_points_x"":[3396,3403,3411,3411,3415,3419,3420,3416,3411,3407,3403],""all_points_y"":[3776,3780,3764,3749,3734,3726,3687,3687,3722,3740,3764]}",{}
2.png,75497526,{},1134,690,"{""name"":""polygon"",""all_points_x"":[3284,3289,3303,3315,3328,3323,3311],""all_points_y"":[3885,3888,3868,3845,3821,3813,3839]}",{}
2.png,75497526,{},1134,691,"{""name"":""polygon"",""all_points_x"":[4096,4096,4084,4071,4063,4052,4038,4024,4005,3993,4000,4032,4044,4054],""all_points_y"":[3742,3751,3733,3707,3690,3664,3628,3601,3563,3537,3535,3602,3629,3653]}",{}
2.png,75497526,{},1134,692,"{""name"":""polygon"",""all_points_x"":[3879,3887,3895,3911,3926,3948,3960,3956,3943,3927,3904,3891],""all_points_y"":[3802,3806,3787,3759,3727,3687,3666,3665,3683,3716,3761,3783]}",{}
2.png,75497526,{},1134,693,"{""name"":""polygon"",""all_points_x"":[3763,3775,3780,3779,3778,3779,3781,3783,3776,3774,3770,3769,3770,3769],""all_points_y"":[4250,4252,4217,4178,4137,4116,4086,4042,4042,4074,4115,4158,4185,4224]}",{}
2.png,75497526,{},1134,694,"{""name"":""polygon"",""all_points_x"":[3863,3856,3871,3895,3932,3966,3971,3920],""all_points_y"":[4224,4229,4243,4268,4305,4340,4334,4283]}",{}
2.png,75497526,{},1134,695,"{""name"":""polygon"",""all_points_x"":[3959,3967,3964,3958,3953,3947,3940,3940,3948,3951],""all_points_y"":[4238,4240,4257,4285,4305,4341,4338,4321,4295,4276]}",{}
2.png,75497526,{},1134,696,"{""name"":""polygon"",""all_points_x"":[4054,4066,4066,4066,4064,4064,4063,4060,4062,4064,4061,4057,4049,4048,4039,4041,4042,4047,4050,4055,4052,4051,4052,4055],""all_points_y"":[4578,4578,4544,4503,4469,4431,4386,4349,4303,4278,4264,4251,4231,4202,4200,4220,4237,4246,4268,4281,4310,4342,4439,4506]}",{}
2.png,75497526,{},1134,697,"{""name"":""polygon"",""all_points_x"":[3668,3677,3672,3666,3662,3650,3644,3636,3624,3619,3610,3619,3629,3642,3655,3660],""all_points_y"":[4232,4234,4250,4267,4292,4345,4362,4396,4433,4457,4450,4420,4382,4337,4278,4256]}",{}
2.png,75497526,{},1134,698,"{""name"":""polygon"",""all_points_x"":[3882,3897,3902,3880,3847,3818,3796,3769,3737,3735,3765,3799,3823],""all_points_y"":[4584,4596,4592,4572,4546,4521,4502,4488,4467,4472,4492,4516,4533]}",{}
2.png,75497526,{},1134,699,"{""name"":""polygon"",""all_points_x"":[3420,3427,3423,3422,3420,3418,3417,3412,3413,3413],""all_points_y"":[5311,5311,5276,5242,5216,5178,5151,5153,5192,5224]}",{}
2.png,75497526,{},1134,700,"{""name"":""polygon"",""all_points_x"":[3402,3408,3407,3402,3399,3397,3397,3391,3391,3394,3396],""all_points_y"":[5335,5335,5308,5283,5244,5204,5187,5191,5220,5256,5279]}",{}
2.png,75497526,{},1134,701,"{""name"":""polygon"",""all_points_x"":[3822,3834,3829,3824,3818,3812,3808,3803,3803,3797,3796,3799,3807,3814,3820],""all_points_y"":[5421,5417,5383,5350,5309,5288,5259,5222,5213,5215,5229,5249,5304,5338,5382]}",{}
2.png,75497526,{},1134,702,"{""name"":""polygon"",""all_points_x"":[3289,3293,3306,3322,3333,3346,3359,3371,3377,3371,3356],""all_points_y"":[5153,5156,5141,5123,5108,5093,5074,5061,5052,5052,5070]}",{}
2.png,75497526,{},1134,703,"{""name"":""polygon"",""all_points_x"":[3472,3476,3489,3514,3540,3569,3589,3587,3569,3511],""all_points_y"":[4977,4974,4987,5008,5032,5058,5076,5080,5067,5014]}",{}
2.png,75497526,{},1134,704,"{""name"":""polygon"",""all_points_x"":[3551,3554,3570,3581,3599,3606,3599,3586],""all_points_y"":[4954,4949,4970,4988,5013,5024,5024,5006]}",{}
2.png,75497526,{},1134,705,"{""name"":""polygon"",""all_points_x"":[3608,3623,3632,3622,3604,3592,3574,3562,3558],""all_points_y"":[5000,5016,5017,5003,4981,4965,4945,4931,4935]}",{}
2.png,75497526,{},1134,706,"{""name"":""polygon"",""all_points_x"":[3201,3205,3213,3222,3234,3246,3250,3246,3235],""all_points_y"":[5285,5286,5273,5256,5232,5208,5199,5199,5218]}",{}
2.png,75497526,{},1134,707,"{""name"":""polygon"",""all_points_x"":[3136,3142,3142,3143,3142,3141,3135],""all_points_y"":[4974,4974,4957,4928,4905,4889,4891]}",{}
2.png,75497526,{},1134,708,"{""name"":""polygon"",""all_points_x"":[3319,3325,3323,3319,3314,3313,3310,3309,3305,3298,3300,3304,3305,3306],""all_points_y"":[5570,5568,5543,5508,5472,5453,5432,5400,5359,5360,5392,5436,5468,5478]}",{}
2.png,75497526,{},1134,709,"{""name"":""polygon"",""all_points_x"":[3326,3333,3329,3325,3320,3320,3316,3308,3312,3315],""all_points_y"":[5554,5551,5527,5490,5453,5424,5376,5380,5431,5464]}",{}
2.png,75497526,{},1134,710,"{""name"":""polygon"",""all_points_x"":[3298,3304,3294,3289,3280,3275,3279,3284,3290],""all_points_y"":[5598,5595,5569,5560,5517,5520,5543,5564,5575]}",{}
2.png,75497526,{},1134,711,"{""name"":""polygon"",""all_points_x"":[3213,3219,3216,3210,3204,3196,3195,3197,3205],""all_points_y"":[5701,5699,5667,5637,5593,5595,5598,5611,5649]}",{}
2.png,75497526,{},1134,712,"{""name"":""polygon"",""all_points_x"":[3138,3144,3153,3169,3187,3201,3226,3221,3212],""all_points_y"":[5824,5826,5815,5796,5774,5756,5733,5725,5735]}",{}
2.png,75497526,{},1134,713,"{""name"":""polygon"",""all_points_x"":[3306,3313,3319,3332,3342,3352,3366,3362,3347],""all_points_y"":[5799,5800,5786,5755,5732,5712,5685,5682,5707]}",{}
2.png,75497526,{},1134,714,"{""name"":""polygon"",""all_points_x"":[3363,3370,3372,3372,3369,3365,3364,3360,3358],""all_points_y"":[5869,5871,5870,5842,5822,5791,5745,5745,5765]}",{}
2.png,75497526,{},1134,715,"{""name"":""polygon"",""all_points_x"":[3308,3316,3325,3337,3347,3353,3349,3342,3337,3336],""all_points_y"":[5622,5619,5636,5659,5683,5697,5701,5685,5675,5671]}",{}
2.png,75497526,{},1134,716,"{""name"":""polygon"",""all_points_x"":[3351,3360,3358,3354,3343,3338,3336,3327,3329,3333,3335,3344,3348],""all_points_y"":[5511,5509,5487,5466,5425,5393,5388,5390,5400,5409,5429,5461,5478]}",{}
2.png,75497526,{},1134,717,"{""name"":""polygon"",""all_points_x"":[3335,3340,3344,3346,3348,3352,3343,3343,3339],""all_points_y"":[5440,5440,5460,5479,5488,5516,5518,5493,5478]}",{}
2.png,75497526,{},1134,718,"{""name"":""polygon"",""all_points_x"":[3473,3478,3488,3495,3503,3511,3517,3544,3540,3524,3510,3502],""all_points_y"":[5217,5216,5239,5255,5275,5294,5309,5344,5348,5327,5310,5287]}",{}
2.png,75497526,{},1134,719,"{""name"":""polygon"",""all_points_x"":[3398,3402,3401,3397,3393,3388,3386,3388,3387,3381,3381,3381,3381,3383,3386],""all_points_y"":[5595,5594,5581,5567,5548,5507,5473,5437,5404,5405,5437,5472,5497,5518,5545]}",{}
2.png,75497526,{},1134,720,"{""name"":""polygon"",""all_points_x"":[3463,3470,3465,3460,3455,3453,3449,3444,3438,3443,3445,3451,3453,3453],""all_points_y"":[5522,5521,5474,5431,5399,5371,5344,5320,5322,5350,5362,5423,5440,5459]}",{}
2.png,75497526,{},1134,721,"{""name"":""polygon"",""all_points_x"":[3727,3733,3731,3729,3729,3727,3724,3724,3722,3721,3717,3716,3716,3717,3717],""all_points_y"":[5610,5609,5592,5563,5553,5536,5519,5490,5455,5427,5425,5447,5479,5491,5503]}",{}
2.png,75497526,{},1134,722,"{""name"":""polygon"",""all_points_x"":[3739,3748,3751,3753,3756,3762,3764,3759,3753,3750,3741],""all_points_y"":[5601,5603,5588,5572,5541,5511,5497,5498,5516,5540,5599]}",{}
2.png,75497526,{},1134,723,"{""name"":""polygon"",""all_points_x"":[3922,3931,3933,3932,3930,3927,3923,3918,3909,3898,3897,3903,3909,3916,3920,3923,3924,3925],""all_points_y"":[5461,5461,5441,5411,5383,5359,5325,5299,5273,5253,5256,5272,5298,5331,5367,5389,5424,5442]}",{}
2.png,75497526,{},1134,724,"{""name"":""polygon"",""all_points_x"":[3893,3900,3901,3905,3908,3918,3918,3907,3902,3900,3897],""all_points_y"":[5301,5301,5287,5258,5242,5223,5216,5228,5238,5242,5260]}",{}
2.png,75497526,{},1134,725,"{""name"":""polygon"",""all_points_x"":[3817,3822,3819,3815,3811,3807,3803,3799,3797,3801,3794,3791,3792,3797,3800,3805],""all_points_y"":[5237,5236,5214,5191,5171,5145,5123,5092,5062,5042,5044,5066,5085,5117,5145,5174]}",{}
2.png,75497526,{},1134,726,"{""name"":""polygon"",""all_points_x"":[2913,2934,2950,2973,2980,2997,2995,2973,2947,2926,2909],""all_points_y"":[5039,5048,5056,5061,5065,5077,5079,5067,5061,5052,5044]}",{}
2.png,75497526,{},1134,727,"{""name"":""polygon"",""all_points_x"":[4096,4096,4068,4025,4001,3998,4015,4039,4067],""all_points_y"":[5231,5237,5265,5311,5338,5334,5315,5288,5259]}",{}
2.png,75497526,{},1134,728,"{""name"":""polygon"",""all_points_x"":[3872,3919,3938,3959,3989,4018,4042,4047,4059,4032,3996,3967,3944,3925,3881],""all_points_y"":[4906,4922,4941,4980,5014,5042,5070,5077,5070,5043,4999,4963,4932,4908,4891]}",{}
2.png,75497526,{},1134,729,"{""name"":""polygon"",""all_points_x"":[3933,3962,3993,4024,4044,4070,4091,4096,4096,4080,4063,4038,4025,3996,3959,3939],""all_points_y"":[4854,4858,4869,4880,4898,4923,4944,4947,4940,4922,4906,4885,4874,4862,4848,4846]}",{}
2.png,75497526,{},1134,730,"{""name"":""polygon"",""all_points_x"":[3686,3693,3698,3703,3711,3720,3728,3720,3713,3697],""all_points_y"":[5217,5217,5237,5257,5279,5309,5326,5329,5309,5254]}",{}
2.png,75497526,{},1134,731,"{""name"":""polygon"",""all_points_x"":[3865,3871,3871,3872,3873,3871,3872,3865,3866],""all_points_y"":[5342,5345,5361,5391,5417,5434,5460,5460,5442]}",{}
2.png,75497526,{},1134,732,"{""name"":""polygon"",""all_points_x"":[4007,4014,4017,4022,4026,4028,4032,4037,4031,4027,4021,4017],""all_points_y"":[5356,5356,5381,5421,5440,5458,5484,5505,5505,5483,5449,5425]}",{}
2.png,75497526,{},1134,733,"{""name"":""polygon"",""all_points_x"":[3735,3741,3745,3750,3758,3762,3757,3751,3746,3741],""all_points_y"":[5352,5352,5380,5399,5428,5433,5435,5421,5408,5387]}",{}
2.png,75497526,{},1134,734,"{""name"":""polygon"",""all_points_x"":[3506,3511,3524,3534,3545,3557,3548],""all_points_y"":[5100,5097,5123,5146,5164,5186,5188]}",{}
2.png,75497526,{},1134,735,"{""name"":""polygon"",""all_points_x"":[3178,3185,3171,3156,3144,3132,3119,3117,3125,3132,3150],""all_points_y"":[5239,5236,5211,5186,5159,5130,5105,5110,5130,5147,5186]}",{}
2.png,75497526,{},1134,736,"{""name"":""polygon"",""all_points_x"":[2963,2989,3017,3038,3036,3003,2992,2962],""all_points_y"":[4995,5003,5014,5023,5027,5016,5011,5002]}",{}
2.png,75497526,{},1134,737,"{""name"":""polygon"",""all_points_x"":[2955,2972,2993,3007,3011,3031,3049,3063,3059,3039,3024,3004,2999,2967,2953],""all_points_y"":[4951,4957,4967,4973,4978,4986,4996,4999,5002,4996,4988,4980,4975,4961,4956]}",{}
2.png,75497526,{},1134,738,"{""name"":""polygon"",""all_points_x"":[2980,2985,2979,2974,2969,2965,2964,2962,2962,2956,2956,2959,2959,2964,2968],""all_points_y"":[5077,5075,5047,5009,4977,4940,4915,4888,4862,4863,4882,4908,4934,4977,5015]}",{}
2.png,75497526,{},1134,739,"{""name"":""polygon"",""all_points_x"":[3655,3675,3705,3726,3762,3780,3776,3757,3722,3679,3658],""all_points_y"":[1745,1745,1745,1748,1749,1747,1757,1756,1754,1750,1755]}",{}
2.png,75497526,{},1134,740,"{""name"":""polygon"",""all_points_x"":[3980,3985,3993,4001,4013,4026,4018,4007,3991],""all_points_y"":[1641,1644,1663,1687,1719,1755,1752,1720,1675]}",{}
2.png,75497526,{},1134,741,"{""name"":""polygon"",""all_points_x"":[4025,4021,4028,4037,4048,4066,4076,4094,4095,4079,4067,4054,4042],""all_points_y"":[1699,1702,1712,1728,1746,1772,1780,1812,1800,1775,1762,1746,1721]}",{}
2.png,75497526,{},1134,742,"{""name"":""polygon"",""all_points_x"":[3956,3960,3974,3998,4021,4057,4054,4023,4001],""all_points_y"":[1633,1637,1636,1633,1629,1623,1619,1625,1628]}",{}
2.png,75497526,{},1134,743,"{""name"":""polygon"",""all_points_x"":[3958,3963,3976,4004,4031,4058,4056,4029,4002,3977],""all_points_y"":[1641,1646,1645,1639,1634,1627,1624,1630,1635,1639]}",{}
2.png,75497526,{},1134,744,"{""name"":""polygon"",""all_points_x"":[3909,3931,3957,3993,4016,4042,4047,4045,4011,3950,3902],""all_points_y"":[1491,1504,1517,1537,1548,1561,1564,1569,1550,1518,1494]}",{}
2.png,75497526,{},1134,745,"{""name"":""polygon"",""all_points_x"":[3725,3725,3739,3759,3784,3810,3821,3817,3798],""all_points_y"":[1471,1477,1480,1488,1499,1507,1510,1503,1498]}",{}
2.png,75497526,{},1134,746,"{""name"":""polygon"",""all_points_x"":[3642,3643,3666,3691,3710,3707],""all_points_y"":[1075,1078,1078,1079,1077,1073]}",{}
2.png,75497526,{},1134,747,"{""name"":""polygon"",""all_points_x"":[3667,3671,3678,3685,3711,3707,3693],""all_points_y"":[1020,1023,1018,1012,993,990,998]}",{}
2.png,75497526,{},1134,748,"{""name"":""polygon"",""all_points_x"":[3647,3651,3660,3678,3693,3692,3687],""all_points_y"":[986,991,982,969,956,950,953]}",{}
2.png,75497526,{},1134,749,"{""name"":""polygon"",""all_points_x"":[3322,3321,3328,3349,3366,3382,3384,3360],""all_points_y"":[1035,1039,1046,1062,1076,1086,1083,1064]}",{}
2.png,75497526,{},1134,750,"{""name"":""polygon"",""all_points_x"":[3352,3353,3370,3389,3408,3424,3457,3457,3432,3407,3397,3375],""all_points_y"":[1015,1021,1022,1024,1027,1030,1037,1032,1027,1022,1020,1018]}",{}
2.png,75497526,{},1134,751,"{""name"":""polygon"",""all_points_x"":[3356,3373,3387,3410,3425,3422,3398,3377,3360,3354],""all_points_y"":[1026,1033,1038,1047,1053,1055,1047,1039,1033,1030]}",{}
2.png,75497526,{},1134,752,"{""name"":""polygon"",""all_points_x"":[3617,3623,3629,3632,3634,3640,3646,3638,3629,3627],""all_points_y"":[1110,1111,1133,1160,1174,1201,1220,1222,1191,1165]}",{}
2.png,75497526,{},1134,753,"{""name"":""polygon"",""all_points_x"":[2840,2876,2907,2940,2991,3037,3076,3107,3130,3121,3068,2987,2932,2884,2836],""all_points_y"":[2242,2245,2250,2265,2281,2294,2304,2312,2318,2327,2312,2289,2271,2257,2250]}",{}
2.png,75497526,{},1134,754,"{""name"":""polygon"",""all_points_x"":[2639,2637,2664,2687,2711,2719],""all_points_y"":[2270,2276,2283,2288,2292,2286]}",{}
2.png,75497526,{},1134,755,"{""name"":""polygon"",""all_points_x"":[2734,2740,2762,2788,2823,2859,2884,2879,2846,2798,2764],""all_points_y"":[1918,1913,1930,1952,1971,1995,2006,2010,1997,1967,1942]}",{}
2.png,75497526,{},1134,756,"{""name"":""polygon"",""all_points_x"":[2722,2728,2742,2757,2771,2798,2814,2809,2782,2762,2752],""all_points_y"":[2667,2671,2662,2655,2642,2614,2598,2596,2622,2640,2650]}",{}
2.png,75497526,{},1134,757,"{""name"":""polygon"",""all_points_x"":[2392,2396,2403,2409,2419,2426,2431,2441,2437,2431,2426,2414,2405,2403],""all_points_y"":[4683,4684,4662,4637,4599,4563,4533,4496,4493,4508,4532,4579,4627,4639]}",{}
2.png,75497526,{},1134,758,"{""name"":""polygon"",""all_points_x"":[2520,2534,2539,2547,2528,2521,2507,2496,2486,2483,2476,2482,2496,2506],""all_points_y"":[5138,5166,5172,5163,5132,5111,5077,5055,5041,5020,5024,5047,5074,5097]}",{}
2.png,75497526,{},1134,759,"{""name"":""polygon"",""all_points_x"":[2553,2563,2572,2586,2591,2632,2631,2604,2583,2576],""all_points_y"":[5154,5149,5165,5188,5195,5214,5218,5209,5199,5191]}",{}
2.png,75497526,{},1134,760,"{""name"":""polygon"",""all_points_x"":[2394,2401,2412,2425,2436,2452,2457,2476,2469,2448,2446,2433,2418,2406,2399],""all_points_y"":[5425,5429,5408,5381,5360,5344,5327,5301,5299,5331,5340,5354,5380,5407,5420]}",{}
2.png,75497526,{},1134,761,"{""name"":""polygon"",""all_points_x"":[2606,2615,2613,2616,2621,2628,2640,2649,2639,2627,2618,2613,2607],""all_points_y"":[5299,5301,5315,5333,5361,5387,5410,5434,5436,5405,5382,5363,5336]}",{}
2.png,75497526,{},1134,762,"{""name"":""polygon"",""all_points_x"":[2660,2664,2657,2653,2649,2643,2640,2642,2647,2650,2654],""all_points_y"":[5396,5393,5370,5349,5317,5281,5282,5309,5339,5363,5381]}",{}
2.png,75497526,{},1134,763,"{""name"":""polygon"",""all_points_x"":[2382,2390,2403,2418,2436,2447,2439,2419,2407],""all_points_y"":[5714,5719,5702,5681,5652,5637,5636,5666,5685]}",{}
2.png,75497526,{},1134,764,"{""name"":""polygon"",""all_points_x"":[2580,2586,2578,2568,2562,2559],""all_points_y"":[5651,5649,5626,5601,5585,5588]}",{}
2.png,75497526,{},1134,765,"{""name"":""polygon"",""all_points_x"":[2658,2663,2671,2680,2690,2696,2693],""all_points_y"":[5647,5649,5632,5610,5582,5566,5565]}",{}
2.png,75497526,{},1134,766,"{""name"":""polygon"",""all_points_x"":[2474,2476,2489,2508,2523,2517,2500],""all_points_y"":[5490,5494,5485,5467,5446,5446,5466]}",{}
2.png,75497526,{},1134,767,"{""name"":""polygon"",""all_points_x"":[2790,2800,2797,2790,2779,2774,2770,2767,2761,2762,2766,2773,2781,2787],""all_points_y"":[5979,5978,5948,5910,5851,5812,5785,5752,5751,5768,5795,5855,5903,5933]}",{}
2.png,75497526,{},1134,768,"{""name"":""polygon"",""all_points_x"":[2974,2986,2991,2995,3000,3008,3014,3012,3023,3031,3035,3023,3012,3005,3002,2992,2987,2980],""all_points_y"":[6113,6113,6077,6046,6004,5971,5936,5919,5894,5866,5858,5856,5890,5921,5946,5982,6002,6040]}",{}
2.png,75497526,{},1134,769,"{""name"":""polygon"",""all_points_x"":[2993,2998,3004,3003,3002,3000,3003,2997,2989,2987,2992,2994,2997],""all_points_y"":[5790,5789,5798,5823,5852,5897,5929,5968,5948,5924,5888,5821,5801]}",{}
2.png,75497526,{},1134,770,"{""name"":""polygon"",""all_points_x"":[3145,3153,3154,3156,3159,3164,3159,3155,3150],""all_points_y"":[5662,5661,5643,5619,5588,5560,5560,5584,5605]}",{}
2.png,75497526,{},1134,771,"{""name"":""polygon"",""all_points_x"":[3418,3424,3430,3443,3456,3463,3457,3447],""all_points_y"":[5770,5778,5758,5725,5696,5673,5675,5697]}",{}
2.png,75497526,{},1134,772,"{""name"":""polygon"",""all_points_x"":[3083,3087,3101,3116,3136,3158,3155,3132,3115,3102,3096],""all_points_y"":[6015,6019,6010,5996,5978,5958,5956,5974,5990,6001,6007]}",{}
2.png,75497526,{},1134,773,"{""name"":""polygon"",""all_points_x"":[3145,3149,3152,3159,3170,3180,3189,3186,3170,3155,3151],""all_points_y"":[5992,5992,6006,6030,6053,6069,6080,6084,6063,6036,6026]}",{}
2.png,75497526,{},1134,774,"{""name"":""polygon"",""all_points_x"":[3422,3428,3426,3430,3429,3437,3446,3452,3454,3464,3459,3446,3442,3428,3422,3420],""all_points_y"":[5895,5891,5879,5855,5847,5817,5782,5758,5748,5737,5735,5750,5771,5823,5844,5872]}",{}
2.png,75497526,{},1134,775,"{""name"":""polygon"",""all_points_x"":[3458,3461,3473,3489,3506,3518,3545,3539,3525,3520,3492,3474],""all_points_y"":[5913,5916,5907,5893,5875,5860,5833,5830,5840,5851,5882,5895]}",{}
2.png,75497526,{},1134,776,"{""name"":""polygon"",""all_points_x"":[2973,2981,2993,2987,2980],""all_points_y"":[5881,5879,5920,5925,5905]}",{}
2.png,75497526,{},1134,777,"{""name"":""polygon"",""all_points_x"":[3775,3763,3766,3776,3791,3803,3855,3847,3815,3790],""all_points_y"":[5407,5423,5426,5416,5400,5388,5350,5347,5371,5391]}",{}
2.png,75497526,{},1134,778,"{""name"":""polygon"",""all_points_x"":[3743,3752,3750,3745,3738,3739],""all_points_y"":[4622,4626,4652,4698,4693,4666]}",{}
2.png,75497526,{},1134,779,"{""name"":""polygon"",""all_points_x"":[3755,3786,3820,3844,3860,3853,3827,3785,3756],""all_points_y"":[4598,4626,4650,4667,4678,4682,4664,4636,4612]}",{}
2.png,75497526,{},1134,780,"{""name"":""polygon"",""all_points_x"":[3960,3986,4019,4055,4083,4096,4096,4067,4016,3982,3953],""all_points_y"":[3132,3155,3178,3201,3222,3231,3236,3220,3187,3165,3137]}",{}
2.png,75497526,{},1134,781,"{""name"":""polygon"",""all_points_x"":[3990,3994,4013,4027,4051,4067,4080,4072,4055,4020],""all_points_y"":[2774,2773,2796,2821,2856,2881,2896,2898,2875,2820]}",{}
2.png,75497526,{},1134,782,"{""name"":""polygon"",""all_points_x"":[3759,3782,3803,3819,3850,3875,3868,3832,3816,3793,3763],""all_points_y"":[2926,2958,2982,3001,3021,3031,3019,3002,2987,2955,2918]}",{}
2.png,75497526,{},1134,783,"{""name"":""polygon"",""all_points_x"":[3371,3373,3381,3375,3374,3377,3384,3385,3382,3388,3381,3380],""all_points_y"":[5601,5628,5645,5675,5704,5756,5758,5706,5679,5642,5624,5596]}",{}
2.png,75497526,{},1134,784,"{""name"":""polygon"",""all_points_x"":[3462,3465,3470,3462,3456,3451,3453,3451,3447,3442,3436,3433,3436,3438,3443,3446,3444,3446,3447,3447],""all_points_y"":[5733,5736,5733,5712,5693,5660,5643,5628,5606,5540,5522,5526,5542,5574,5607,5638,5655,5668,5677,5682]}",{}
2.png,75497526,{},1134,785,"{""name"":""polygon"",""all_points_x"":[3807,3809,3801,3786,3795,3802,3811,3816,3816,3812],""all_points_y"":[4869,4888,4916,4956,4961,4937,4916,4896,4886,4869]}",{}
2.png,75497526,{},1134,786,"{""name"":""polygon"",""all_points_x"":[3724,3735,3744,3749,3752,3759,3756,3751,3744,3731],""all_points_y"":[4465,4502,4531,4555,4574,4572,4549,4525,4500,4466]}",{}
2.png,75497526,{},1134,787,"{""name"":""polygon"",""all_points_x"":[3761,3769,3772,3773,3772,3775,3776,3767,3768,3765,3764,3766],""all_points_y"":[4578,4578,4562,4539,4520,4503,4496,4493,4505,4519,4529,4541]}",{}
2.png,75497526,{},1134,788,"{""name"":""polygon"",""all_points_x"":[3808,3824,3849,3866,3862,3821,3775,3749,3760,3788],""all_points_y"":[3325,3334,3349,3360,3363,3338,3315,3302,3294,3313]}",{}
2.png,75497526,{},1134,789,"{""name"":""polygon"",""all_points_x"":[3752,3769,3801,3820,3835,3838,3822,3790,3756],""all_points_y"":[3287,3297,3316,3329,3339,3337,3323,3304,3282]}",{}
2.png,75497526,{},1134,790,"{""name"":""polygon"",""all_points_x"":[3765,3782,3799,3817,3831,3831,3813,3796,3780,3776],""all_points_y"":[3286,3297,3307,3317,3326,3318,3308,3298,3287,3282]}",{}
2.png,75497526,{},1134,791,"{""name"":""polygon"",""all_points_x"":[3415,3427,3446,3469,3486,3484,3464,3440,3430,3415],""all_points_y"":[3203,3205,3208,3209,3209,3219,3217,3213,3213,3206]}",{}
2.png,75497526,{},1134,792,"{""name"":""polygon"",""all_points_x"":[3919,3934,3947,3967,3974,3976,3954,3938,3922],""all_points_y"":[5501,5521,5542,5571,5583,5573,5542,5520,5495]}",{}
2.png,75497526,{},1134,793,"{""name"":""polygon"",""all_points_x"":[4028,4032,4044,4049,4053,4046,4042,4041],""all_points_y"":[1898,1895,1924,1940,1965,1965,1940,1934]}",{}
2.png,75497526,{},1134,794,"{""name"":""polygon"",""all_points_x"":[4096,4096,4073,4043,4008,3999,4007,4023],""all_points_y"":[2539,2546,2532,2512,2481,2474,2469,2485]}",{}
2.png,75497526,{},1134,795,"{""name"":""polygon"",""all_points_x"":[3937,3956,3984,4008,4032,4032,4008,3983,3939],""all_points_y"":[3471,3467,3459,3452,3445,3452,3459,3465,3479]}",{}
2.png,75497526,{},1134,796,"{""name"":""polygon"",""all_points_x"":[3451,3465,3484,3502,3508,3491,3464,3456],""all_points_y"":[3515,3535,3560,3580,3578,3559,3526,3514]}",{}
2.png,75497526,{},1134,797,"{""name"":""polygon"",""all_points_x"":[3441,3444,3458,3471,3489,3486,3465],""all_points_y"":[3538,3534,3548,3562,3579,3582,3564]}",{}
2.png,75497526,{},1134,798,"{""name"":""polygon"",""all_points_x"":[3422,3427,3442,3455,3468,3460,3443],""all_points_y"":[3534,3533,3553,3570,3586,3589,3562]}",{}
2.png,75497526,{},1134,799,"{""name"":""polygon"",""all_points_x"":[3497,3502,3502,3501,3493,3486,3482,3489,3494,3497],""all_points_y"":[3528,3528,3515,3505,3476,3455,3456,3477,3501,3517]}",{}
2.png,75497526,{},1134,800,"{""name"":""polygon"",""all_points_x"":[3562,3559,3558,3555,3552,3557,3560,3564,3566,3567],""all_points_y"":[3347,3373,3399,3431,3449,3455,3435,3421,3385,3348]}",{}
2.png,75497526,{},1134,801,"{""name"":""polygon"",""all_points_x"":[3458,3468,3484,3501,3513,3507,3501,3491,3490,3476],""all_points_y"":[3838,3846,3835,3817,3803,3798,3810,3818,3823,3833]}",{}
2.png,75497526,{},1134,802,"{""name"":""polygon"",""all_points_x"":[3640,3646,3661,3686,3706,3725,3741,3736,3710,3686,3653],""all_points_y"":[3786,3782,3795,3819,3843,3859,3877,3881,3853,3829,3797]}",{}
2.png,75497526,{},1134,803,"{""name"":""polygon"",""all_points_x"":[3537,3546,3556,3569,3588,3601,3616,3633,3645,3655,3668,3659,3647,3628,3591,3583],""all_points_y"":[4247,4251,4234,4209,4171,4145,4106,4069,4046,4028,4009,4003,4025,4062,4141,4161]}",{}
2.png,75497526,{},1134,804,"{""name"":""polygon"",""all_points_x"":[2983,2991,3001,3011,3020,3029,3036,3031,3021,3004,2994],""all_points_y"":[4439,4440,4403,4359,4326,4293,4275,4275,4301,4354,4401]}",{}
2.png,75497526,{},1134,805,"{""name"":""polygon"",""all_points_x"":[3795,3809,3813,3822,3823,3820,3811,3812],""all_points_y"":[4623,4618,4602,4581,4563,4556,4559,4575]}",{}
2.png,75497526,{},1134,806,"{""name"":""polygon"",""all_points_x"":[3815,3807,3791,3776,3772,3774,3788,3803,3816,3821],""all_points_y"":[4455,4469,4494,4516,4531,4538,4514,4496,4468,4454]}",{}
2.png,75497526,{},1134,807,"{""name"":""polygon"",""all_points_x"":[3685,3691,3691,3694,3697,3702,3704,3699,3695,3689,3686],""all_points_y"":[4594,4595,4585,4569,4559,4536,4521,4520,4542,4568,4576]}",{}
2.png,75497526,{},1134,808,"{""name"":""polygon"",""all_points_x"":[3972,3979,3989,3998,4006,4001,3989],""all_points_y"":[5421,5418,5452,5482,5504,5507,5473]}",{}
2.png,75497526,{},1134,809,"{""name"":""polygon"",""all_points_x"":[3890,3896,3893,3888,3883,3877,3882,3883],""all_points_y"":[5739,5739,5722,5699,5670,5673,5698,5706]}",{}
2.png,75497526,{},1134,810,"{""name"":""polygon"",""all_points_x"":[3640,3646,3637,3623,3610,3604,3600,3605,3609,3616,3632],""all_points_y"":[5767,5764,5745,5708,5669,5651,5655,5671,5685,5706,5750]}",{}
2.png,75497526,{},1134,811,"{""name"":""polygon"",""all_points_x"":[3584,3592,3591,3592,3595,3588,3587,3585],""all_points_y"":[5723,5725,5695,5660,5638,5638,5659,5681]}",{}
2.png,75497526,{},1134,812,"{""name"":""polygon"",""all_points_x"":[3406,3411,3405,3400,3396,3396,3390,3390,3395,3399],""all_points_y"":[5765,5762,5744,5722,5702,5686,5686,5700,5724,5741]}",{}
2.png,75497526,{},1134,813,"{""name"":""polygon"",""all_points_x"":[3210,3216,3219,3222,3226,3227,3221,3218],""all_points_y"":[5886,5887,5863,5829,5790,5770,5771,5809]}",{}
2.png,75497526,{},1134,814,"{""name"":""polygon"",""all_points_x"":[3902,3913,3929,3942,3952,3958,3940,3920,3907],""all_points_y"":[4664,4683,4709,4733,4747,4739,4716,4682,4663]}",{}
2.png,75497526,{},1134,815,"{""name"":""polygon"",""all_points_x"":[3833,3849,3861,3881,3897,3918,3918,3891,3871,3857,3831],""all_points_y"":[4327,4330,4334,4341,4351,4357,4362,4354,4345,4338,4331]}",{}
2.png,75497526,{},1134,816,"{""name"":""polygon"",""all_points_x"":[4024,4045,4068,4083,4089,4064,4031],""all_points_y"":[4182,4197,4213,4223,4214,4199,4175]}",{}
2.png,75497526,{},1134,817,"{""name"":""polygon"",""all_points_x"":[3422,3427,3436,3441,3456,3475,3486,3487,3481,3469,3455,3438],""all_points_y"":[5899,5901,5878,5862,5834,5803,5776,5771,5772,5792,5821,5853]}",{}
2.png,75497526,{},1134,818,"{""name"":""polygon"",""all_points_x"":[2914,2926,2931,2935,2942,2948,2941,2930,2926,2909],""all_points_y"":[6029,6047,6057,6076,6101,6123,6124,6079,6056,6031]}",{}
2.png,75497526,{},1134,819,"{""name"":""polygon"",""all_points_x"":[1788,1792,1797,1821,1833,1851,1868,1859,1845,1824,1812],""all_points_y"":[5934,5937,5930,5900,5883,5859,5836,5836,5857,5885,5903]}",{}
2.png,75497526,{},1134,820,"{""name"":""polyline"",""all_points_x"":[2683,2735],""all_points_y"":[981,975]}",{}
2.png,75497526,{},1134,821,"{""name"":""polyline"",""all_points_x"":[2188,2262],""all_points_y"":[1271,1305]}",{}
2.png,75497526,{},1134,822,"{""name"":""polyline"",""all_points_x"":[2495,2533,2575],""all_points_y"":[1055,1111,1181]}",{}
2.png,75497526,{},1134,823,"{""name"":""polyline"",""all_points_x"":[2530,2518],""all_points_y"":[983,1014]}",{}
2.png,75497526,{},1134,824,"{""name"":""polyline"",""all_points_x"":[1642,1693],""all_points_y"":[1448,1433]}",{}
2.png,75497526,{},1134,825,"{""name"":""polyline"",""all_points_x"":[2033,2042],""all_points_y"":[1690,1755]}",{}
2.png,75497526,{},1134,826,"{""name"":""polyline"",""all_points_x"":[2051,2084,2108],""all_points_y"":[1688,1758,1834]}",{}
2.png,75497526,{},1134,827,"{""name"":""polyline"",""all_points_x"":[2056,2105],""all_points_y"":[1689,1771]}",{}
2.png,75497526,{},1134,828,"{""name"":""polyline"",""all_points_x"":[1966,2005],""all_points_y"":[1745,1693]}",{}
2.png,75497526,{},1134,829,"{""name"":""polyline"",""all_points_x"":[1904,1939],""all_points_y"":[1628,1580]}",{}
2.png,75497526,{},1134,830,"{""name"":""polyline"",""all_points_x"":[1706,1777],""all_points_y"":[1663,1616]}",{}
2.png,75497526,{},1134,831,"{""name"":""polyline"",""all_points_x"":[2255,2311],""all_points_y"":[1902,1884]}",{}
2.png,75497526,{},1134,832,"{""name"":""polyline"",""all_points_x"":[2243,2334],""all_points_y"":[1864,1843]}",{}
2.png,75497526,{},1134,833,"{""name"":""polyline"",""all_points_x"":[2299,2402],""all_points_y"":[1811,1789]}",{}
2.png,75497526,{},1134,834,"{""name"":""polyline"",""all_points_x"":[1659,1680],""all_points_y"":[1711,1769]}",{}
2.png,75497526,{},1134,835,"{""name"":""polyline"",""all_points_x"":[1501,1564,1665],""all_points_y"":[1925,1950,2000]}",{}
2.png,75497526,{},1134,836,"{""name"":""polyline"",""all_points_x"":[1718,1843,1924],""all_points_y"":[2058,2047,2042]}",{}
2.png,75497526,{},1134,837,"{""name"":""polyline"",""all_points_x"":[2046,2144],""all_points_y"":[1918,1947]}",{}
2.png,75497526,{},1134,838,"{""name"":""polyline"",""all_points_x"":[2115,2161],""all_points_y"":[1952,2018]}",{}
2.png,75497526,{},1134,839,"{""name"":""polyline"",""all_points_x"":[2158,2194],""all_points_y"":[2033,1970]}",{}
2.png,75497526,{},1134,840,"{""name"":""polyline"",""all_points_x"":[2180,2217],""all_points_y"":[1977,2031]}",{}
2.png,75497526,{},1134,841,"{""name"":""polyline"",""all_points_x"":[2247,2358],""all_points_y"":[1956,1938]}",{}
2.png,75497526,{},1134,842,"{""name"":""polyline"",""all_points_x"":[1957,2111],""all_points_y"":[2037,2081]}",{}
2.png,75497526,{},1134,843,"{""name"":""polyline"",""all_points_x"":[2317,2402],""all_points_y"":[2009,2097]}",{}
2.png,75497526,{},1134,844,"{""name"":""polyline"",""all_points_x"":[2471,2427,2389],""all_points_y"":[2185,2154,2101]}",{}
2.png,75497526,{},1134,845,"{""name"":""polyline"",""all_points_x"":[2172,2154],""all_points_y"":[2128,2179]}",{}
2.png,75497526,{},1134,846,"{""name"":""polyline"",""all_points_x"":[2362,2420],""all_points_y"":[2202,2292]}",{}
2.png,75497526,{},1134,847,"{""name"":""polyline"",""all_points_x"":[2405,2441],""all_points_y"":[2172,2133]}",{}
2.png,75497526,{},1134,848,"{""name"":""polyline"",""all_points_x"":[1987,2066],""all_points_y"":[1170,1162]}",{}
2.png,75497526,{},1134,849,"{""name"":""polyline"",""all_points_x"":[2639,2692,2764],""all_points_y"":[1029,1031,1025]}",{}
2.png,75497526,{},1134,850,"{""name"":""polyline"",""all_points_x"":[2466,2479,2482,2498],""all_points_y"":[1254,1276,1297,1335]}",{}
2.png,75497526,{},1134,851,"{""name"":""polyline"",""all_points_x"":[1545,1464],""all_points_y"":[1466,1491]}",{}
2.png,75497526,{},1134,852,"{""name"":""polyline"",""all_points_x"":[1706,1754],""all_points_y"":[1174,1177]}",{}
2.png,75497526,{},1134,853,"{""name"":""polyline"",""all_points_x"":[3376,3507],""all_points_y"":[1283,1300]}",{}
2.png,75497526,{},1134,854,"{""name"":""polyline"",""all_points_x"":[3367,3437],""all_points_y"":[1129,1210]}",{}
2.png,75497526,{},1134,855,"{""name"":""polyline"",""all_points_x"":[3087,3122],""all_points_y"":[1000,1098]}",{}
2.png,75497526,{},1134,856,"{""name"":""polyline"",""all_points_x"":[3420,3497],""all_points_y"":[982,1026]}",{}
2.png,75497526,{},1134,857,"{""name"":""polyline"",""all_points_x"":[2918,2994],""all_points_y"":[1417,1450]}",{}
2.png,75497526,{},1134,858,"{""name"":""polyline"",""all_points_x"":[2584,2664],""all_points_y"":[1812,1686]}",{}
2.png,75497526,{},1134,859,"{""name"":""polyline"",""all_points_x"":[1664,1769],""all_points_y"":[2166,2204]}",{}
2.png,75497526,{},1134,860,"{""name"":""polyline"",""all_points_x"":[1639,1787],""all_points_y"":[2210,2233]}",{}
2.png,75497526,{},1134,861,"{""name"":""polyline"",""all_points_x"":[1345,1416],""all_points_y"":[2058,2026]}",{}
2.png,75497526,{},1134,862,"{""name"":""polyline"",""all_points_x"":[1467,1552],""all_points_y"":[1913,1959]}",{}
2.png,75497526,{},1134,863,"{""name"":""polyline"",""all_points_x"":[1445,1503],""all_points_y"":[1931,1959]}",{}
2.png,75497526,{},1134,864,"{""name"":""polyline"",""all_points_x"":[1458,1501],""all_points_y"":[1944,1963]}",{}
2.png,75497526,{},1134,865,"{""name"":""polyline"",""all_points_x"":[1448,1513,1629],""all_points_y"":[1945,1975,2051]}",{}
2.png,75497526,{},1134,866,"{""name"":""polyline"",""all_points_x"":[1417,1499],""all_points_y"":[1947,1995]}",{}
2.png,75497526,{},1134,867,"{""name"":""polyline"",""all_points_x"":[1403,1472],""all_points_y"":[1955,1989]}",{}
2.png,75497526,{},1134,868,"{""name"":""polyline"",""all_points_x"":[1322,1432],""all_points_y"":[2114,2114]}",{}
2.png,75497526,{},1134,869,"{""name"":""polyline"",""all_points_x"":[1485,1604],""all_points_y"":[2136,2163]}",{}
2.png,75497526,{},1134,870,"{""name"":""polyline"",""all_points_x"":[1512,1536,1594],""all_points_y"":[2112,2120,2132]}",{}
2.png,75497526,{},1134,871,"{""name"":""polyline"",""all_points_x"":[1199,1236,1294],""all_points_y"":[1949,1947,1954]}",{}
2.png,75497526,{},1134,872,"{""name"":""polyline"",""all_points_x"":[1193,1219,1259],""all_points_y"":[1962,1960,1962]}",{}
2.png,75497526,{},1134,873,"{""name"":""polyline"",""all_points_x"":[1431,1532],""all_points_y"":[2175,2193]}",{}
2.png,75497526,{},1134,874,"{""name"":""polyline"",""all_points_x"":[1537,1594],""all_points_y"":[2217,2264]}",{}
2.png,75497526,{},1134,875,"{""name"":""polyline"",""all_points_x"":[1539,1606],""all_points_y"":[2199,2264]}",{}
2.png,75497526,{},1134,876,"{""name"":""polyline"",""all_points_x"":[1862,1903],""all_points_y"":[2144,2180]}",{}
2.png,75497526,{},1134,877,"{""name"":""polyline"",""all_points_x"":[1683,1739],""all_points_y"":[1996,2038]}",{}
2.png,75497526,{},1134,878,"{""name"":""polyline"",""all_points_x"":[1330,1232],""all_points_y"":[1573,1514]}",{}
2.png,75497526,{},1134,879,"{""name"":""polyline"",""all_points_x"":[1843,1932],""all_points_y"":[1319,1348]}",{}
2.png,75497526,{},1134,880,"{""name"":""polyline"",""all_points_x"":[2235,2319],""all_points_y"":[1228,1212]}",{}
2.png,75497526,{},1134,881,"{""name"":""polyline"",""all_points_x"":[2279,2384],""all_points_y"":[1231,1231]}",{}
2.png,75497526,{},1134,882,"{""name"":""polyline"",""all_points_x"":[2322,2368],""all_points_y"":[1115,1091]}",{}
2.png,75497526,{},1134,883,"{""name"":""polyline"",""all_points_x"":[2326,2387],""all_points_y"":[1333,1390]}",{}
2.png,75497526,{},1134,884,"{""name"":""polyline"",""all_points_x"":[2317,2409],""all_points_y"":[1362,1408]}",{}
2.png,75497526,{},1134,885,"{""name"":""polygon"",""all_points_x"":[2459,2519,2587,2632,2634,2595,2547,2488,2446],""all_points_y"":[1966,1977,1985,1986,2006,2002,1996,1985,1977]}",{}
2.png,75497526,{},1134,886,"{""name"":""polygon"",""all_points_x"":[3304,3366,3427,3479,3481,3411,3352,3298],""all_points_y"":[1518,1532,1545,1557,1577,1555,1541,1529]}",{}
2.png,75497526,{},1134,887,"{""name"":""polyline"",""all_points_x"":[1947,1999],""all_points_y"":[1713,1651]}",{}
2.png,75497526,{},1134,888,"{""name"":""polyline"",""all_points_x"":[2465,2460,2441],""all_points_y"":[1658,1702,1735]}",{}
2.png,75497526,{},1134,889,"{""name"":""polyline"",""all_points_x"":[2106,2159],""all_points_y"":[1900,1868]}",{}
2.png,75497526,{},1134,890,"{""name"":""polyline"",""all_points_x"":[2009,2214],""all_points_y"":[2139,2172]}",{}
2.png,75497526,{},1134,891,"{""name"":""polyline"",""all_points_x"":[2115,2182],""all_points_y"":[2564,2561]}",{}
2.png,75497526,{},1134,892,"{""name"":""polyline"",""all_points_x"":[2364,2447],""all_points_y"":[2706,2731]}",{}
2.png,75497526,{},1134,893,"{""name"":""polyline"",""all_points_x"":[2452,2643],""all_points_y"":[2772,2726]}",{}
2.png,75497526,{},1134,894,"{""name"":""polyline"",""all_points_x"":[2287,2355],""all_points_y"":[3339,3228]}",{}
2.png,75497526,{},1134,895,"{""name"":""polyline"",""all_points_x"":[1822,1889],""all_points_y"":[3473,3544]}",{}
2.png,75497526,{},1134,896,"{""name"":""polyline"",""all_points_x"":[1741,1785],""all_points_y"":[3255,3324]}",{}
2.png,75497526,{},1134,897,"{""name"":""polyline"",""all_points_x"":[1491,1610],""all_points_y"":[3557,3530]}",{}
2.png,75497526,{},1134,898,"{""name"":""polyline"",""all_points_x"":[1774,1785],""all_points_y"":[3575,3667]}",{}
2.png,75497526,{},1134,899,"{""name"":""polyline"",""all_points_x"":[1652,1659,1657,1660],""all_points_y"":[3834,3907,3920,3958]}",{}
2.png,75497526,{},1134,900,"{""name"":""polyline"",""all_points_x"":[1563,1600],""all_points_y"":[3961,4063]}",{}
2.png,75497526,{},1134,901,"{""name"":""polyline"",""all_points_x"":[1601,1657],""all_points_y"":[4211,4269]}",{}
2.png,75497526,{},1134,902,"{""name"":""polyline"",""all_points_x"":[2220,2247],""all_points_y"":[3958,4073]}",{}
2.png,75497526,{},1134,903,"{""name"":""polyline"",""all_points_x"":[1649,1671,1710],""all_points_y"":[3574,3589,3622]}",{}
2.png,75497526,{},1134,904,"{""name"":""polyline"",""all_points_x"":[1443,1521],""all_points_y"":[3233,3326]}",{}
2.png,75497526,{},1134,905,"{""name"":""polyline"",""all_points_x"":[1478,1529],""all_points_y"":[2825,2909]}",{}
2.png,75497526,{},1134,906,"{""name"":""polyline"",""all_points_x"":[1595,1644],""all_points_y"":[2870,2831]}",{}
2.png,75497526,{},1134,907,"{""name"":""polyline"",""all_points_x"":[1507,1543],""all_points_y"":[2131,2181]}",{}
2.png,75497526,{},1134,908,"{""name"":""polyline"",""all_points_x"":[1429,1481,1511],""all_points_y"":[2162,2153,2151]}",{}
2.png,75497526,{},1134,909,"{""name"":""polyline"",""all_points_x"":[1349,1371],""all_points_y"":[2539,2619]}",{}
2.png,75497526,{},1134,910,"{""name"":""polyline"",""all_points_x"":[1475,1535],""all_points_y"":[3002,2967]}",{}
2.png,75497526,{},1134,911,"{""name"":""polyline"",""all_points_x"":[1533,1564,1599],""all_points_y"":[3613,3610,3603]}",{}
2.png,75497526,{},1134,912,"{""name"":""polyline"",""all_points_x"":[2270,2278],""all_points_y"":[4681,4777]}",{}
2.png,75497526,{},1134,913,"{""name"":""polyline"",""all_points_x"":[2160,2198,2225],""all_points_y"":[4709,4659,4610]}",{}
2.png,75497526,{},1134,914,"{""name"":""polyline"",""all_points_x"":[1899,1946,1977],""all_points_y"":[5238,5161,5104]}",{}
2.png,75497526,{},1134,915,"{""name"":""polyline"",""all_points_x"":[1859,1917,1969],""all_points_y"":[5439,5479,5507]}",{}
2.png,75497526,{},1134,916,"{""name"":""polyline"",""all_points_x"":[389,448],""all_points_y"":[6096,6079]}",{}
2.png,75497526,{},1134,917,"{""name"":""polyline"",""all_points_x"":[312,363],""all_points_y"":[6017,5992]}",{}
2.png,75497526,{},1134,918,"{""name"":""polyline"",""all_points_x"":[473,578],""all_points_y"":[5675,5678]}",{}
2.png,75497526,{},1134,919,"{""name"":""polyline"",""all_points_x"":[526,566],""all_points_y"":[5595,5562]}",{}
2.png,75497526,{},1134,920,"{""name"":""polyline"",""all_points_x"":[620,679],""all_points_y"":[5599,5578]}",{}
2.png,75497526,{},1134,921,"{""name"":""polyline"",""all_points_x"":[857,909],""all_points_y"":[3298,3265]}",{}
2.png,75497526,{},1134,922,"{""name"":""polyline"",""all_points_x"":[873,913],""all_points_y"":[3366,3279]}",{}
2.png,75497526,{},1134,923,"{""name"":""polyline"",""all_points_x"":[939,931],""all_points_y"":[3339,3269]}",{}
2.png,75497526,{},1134,924,"{""name"":""polyline"",""all_points_x"":[910,926],""all_points_y"":[3325,3271]}",{}
2.png,75497526,{},1134,925,"{""name"":""polyline"",""all_points_x"":[821,852],""all_points_y"":[3290,3356]}",{}
2.png,75497526,{},1134,926,"{""name"":""polyline"",""all_points_x"":[1302,1375],""all_points_y"":[3015,2989]}",{}
2.png,75497526,{},1134,927,"{""name"":""polyline"",""all_points_x"":[3272,3394],""all_points_y"":[1414,1449]}",{}
2.png,75497526,{},1134,928,"{""name"":""polyline"",""all_points_x"":[2972,3090],""all_points_y"":[910,972]}",{}
2.png,75497526,{},1134,929,"{""name"":""polyline"",""all_points_x"":[3475,3564],""all_points_y"":[1659,1692]}",{}
2.png,75497526,{},1134,930,"{""name"":""polyline"",""all_points_x"":[3517,3586],""all_points_y"":[2266,2282]}",{}
2.png,75497526,{},1134,931,"{""name"":""polyline"",""all_points_x"":[3533,3592],""all_points_y"":[2717,2771]}",{}
2.png,75497526,{},1134,932,"{""name"":""polyline"",""all_points_x"":[3673,3750],""all_points_y"":[2681,2730]}",{}
2.png,75497526,{},1134,933,"{""name"":""polyline"",""all_points_x"":[3712,3763],""all_points_y"":[2681,2728]}",{}
2.png,75497526,{},1134,934,"{""name"":""polyline"",""all_points_x"":[3731,3763],""all_points_y"":[2738,2710]}",{}
2.png,75497526,{},1134,935,"{""name"":""polyline"",""all_points_x"":[3375,3395],""all_points_y"":[2993,3086]}",{}
2.png,75497526,{},1134,936,"{""name"":""polyline"",""all_points_x"":[3369,3378],""all_points_y"":[3013,3067]}",{}
2.png,75497526,{},1134,937,"{""name"":""polyline"",""all_points_x"":[3356,3354],""all_points_y"":[2977,3041]}",{}
2.png,75497526,{},1134,938,"{""name"":""polyline"",""all_points_x"":[3413,3462],""all_points_y"":[3317,3354]}",{}
2.png,75497526,{},1134,939,"{""name"":""polyline"",""all_points_x"":[2905,2996],""all_points_y"":[3625,3521]}",{}
2.png,75497526,{},1134,940,"{""name"":""polyline"",""all_points_x"":[3470,3512],""all_points_y"":[3744,3833]}",{}
2.png,75497526,{},1134,941,"{""name"":""polyline"",""all_points_x"":[2875,2935],""all_points_y"":[3550,3469]}",{}
2.png,75497526,{},1134,942,"{""name"":""polyline"",""all_points_x"":[2853,2839],""all_points_y"":[3444,3513]}",{}
2.png,75497526,{},1134,943,"{""name"":""polyline"",""all_points_x"":[2740,2726],""all_points_y"":[3497,3567]}",{}
2.png,75497526,{},1134,944,"{""name"":""polyline"",""all_points_x"":[2858,2941],""all_points_y"":[3375,3429]}",{}
2.png,75497526,{},1134,945,"{""name"":""polyline"",""all_points_x"":[2794,2860],""all_points_y"":[3049,3042]}",{}
2.png,75497526,{},1134,946,"{""name"":""polyline"",""all_points_x"":[2852,2950],""all_points_y"":[2971,2932]}",{}
2.png,75497526,{},1134,947,"{""name"":""polyline"",""all_points_x"":[2821,2888],""all_points_y"":[2976,2948]}",{}
2.png,75497526,{},1134,948,"{""name"":""polyline"",""all_points_x"":[2790,2837],""all_points_y"":[2952,2943]}",{}
2.png,75497526,{},1134,949,"{""name"":""polyline"",""all_points_x"":[2795,2890],""all_points_y"":[2934,2912]}",{}
2.png,75497526,{},1134,950,"{""name"":""polyline"",""all_points_x"":[2812,2875],""all_points_y"":[2913,2897]}",{}
2.png,75497526,{},1134,951,"{""name"":""polyline"",""all_points_x"":[2886,2928,3012],""all_points_y"":[2888,2874,2823]}",{}
2.png,75497526,{},1134,952,"{""name"":""polyline"",""all_points_x"":[2580,2652],""all_points_y"":[2920,2900]}",{}
2.png,75497526,{},1134,953,"{""name"":""polyline"",""all_points_x"":[2425,2506],""all_points_y"":[2803,2829]}",{}
2.png,75497526,{},1134,954,"{""name"":""polyline"",""all_points_x"":[2317,2378],""all_points_y"":[2819,2830]}",{}
2.png,75497526,{},1134,955,"{""name"":""polyline"",""all_points_x"":[2757,2783],""all_points_y"":[2665,2727]}",{}
2.png,75497526,{},1134,956,"{""name"":""polyline"",""all_points_x"":[2771,2787,2797],""all_points_y"":[2673,2708,2740]}",{}
2.png,75497526,{},1134,957,"{""name"":""polyline"",""all_points_x"":[2695,2695,2688,2688],""all_points_y"":[2824,2869,2886,2903]}",{}
2.png,75497526,{},1134,958,"{""name"":""polyline"",""all_points_x"":[2523,2552],""all_points_y"":[2795,2758]}",{}
2.png,75497526,{},1134,959,"{""name"":""polyline"",""all_points_x"":[2170,2263],""all_points_y"":[2762,2743]}",{}
2.png,75497526,{},1134,960,"{""name"":""polyline"",""all_points_x"":[2513,2614],""all_points_y"":[3406,3433]}",{}
2.png,75497526,{},1134,961,"{""name"":""polyline"",""all_points_x"":[2664,2727],""all_points_y"":[4199,4149]}",{}
2.png,75497526,{},1134,962,"{""name"":""polyline"",""all_points_x"":[2641,2734],""all_points_y"":[4196,4114]}",{}
2.png,75497526,{},1134,963,"{""name"":""polyline"",""all_points_x"":[2937,2943],""all_points_y"":[4144,4206]}",{}
2.png,75497526,{},1134,964,"{""name"":""polyline"",""all_points_x"":[2963,2975],""all_points_y"":[4158,4226]}",{}
2.png,75497526,{},1134,965,"{""name"":""polyline"",""all_points_x"":[2804,2787],""all_points_y"":[4212,4260]}",{}
2.png,75497526,{},1134,966,"{""name"":""polyline"",""all_points_x"":[2811,2843],""all_points_y"":[4275,4244]}",{}
2.png,75497526,{},1134,967,"{""name"":""polyline"",""all_points_x"":[3133,3077],""all_points_y"":[4827,4886]}",{}
2.png,75497526,{},1134,968,"{""name"":""polyline"",""all_points_x"":[2328,2413],""all_points_y"":[5060,5146]}",{}
2.png,75497526,{},1134,969,"{""name"":""polyline"",""all_points_x"":[2710,2806],""all_points_y"":[5292,5218]}",{}
2.png,75497526,{},1134,970,"{""name"":""polyline"",""all_points_x"":[3035,3081],""all_points_y"":[5134,5209]}",{}
2.png,75497526,{},1134,971,"{""name"":""polyline"",""all_points_x"":[3088,3090,3111],""all_points_y"":[5139,5169,5238]}",{}
2.png,75497526,{},1134,972,"{""name"":""polyline"",""all_points_x"":[3164,3164],""all_points_y"":[5745,5634]}",{}
2.png,75497526,{},1134,973,"{""name"":""polyline"",""all_points_x"":[2906,2876],""all_points_y"":[5581,5429]}",{}
2.png,75497526,{},1134,974,"{""name"":""polyline"",""all_points_x"":[2917,2886],""all_points_y"":[5947,5878]}",{}
2.png,75497526,{},1134,975,"{""name"":""polyline"",""all_points_x"":[2709,2752],""all_points_y"":[5903,5991]}",{}
2.png,75497526,{},1134,976,"{""name"":""polyline"",""all_points_x"":[2986,3030],""all_points_y"":[3197,3133]}",{}
2.png,75497526,{},1134,977,"{""name"":""polyline"",""all_points_x"":[3067,3064],""all_points_y"":[3161,3094]}",{}
2.png,75497526,{},1134,978,"{""name"":""polyline"",""all_points_x"":[2985,3008,3016],""all_points_y"":[3177,3124,3095]}",{}
2.png,75497526,{},1134,979,"{""name"":""polyline"",""all_points_x"":[2776,2696],""all_points_y"":[2316,2368]}",{}
2.png,75497526,{},1134,980,"{""name"":""polyline"",""all_points_x"":[2461,2535],""all_points_y"":[1846,1796]}",{}
2.png,75497526,{},1134,981,"{""name"":""polygon"",""all_points_x"":[2577,2552,2511,2480,2475,2482,2493,2505,2543,2569,2587],""all_points_y"":[1652,1670,1702,1729,1736,1743,1729,1716,1688,1668,1655]}",{}
2.png,75497526,{},1134,982,"{""name"":""polyline"",""all_points_x"":[1274,1238],""all_points_y"":[3240,3154]}",{}
2.png,75497526,{},1134,983,"{""name"":""polyline"",""all_points_x"":[1318,1326],""all_points_y"":[3499,3411]}",{}
2.png,75497526,{},1134,984,"{""name"":""polyline"",""all_points_x"":[967,1059],""all_points_y"":[4820,4715]}",{}
2.png,75497526,{},1134,985,"{""name"":""polyline"",""all_points_x"":[1043,1115],""all_points_y"":[4593,4600]}",{}
2.png,75497526,{},1134,986,"{""name"":""polyline"",""all_points_x"":[1142,1097],""all_points_y"":[4676,4594]}",{}
2.png,75497526,{},1134,987,"{""name"":""polyline"",""all_points_x"":[1488,1526],""all_points_y"":[5141,5074]}",{}
2.png,75497526,{},1134,988,"{""name"":""polyline"",""all_points_x"":[1409,1433,1465],""all_points_y"":[5133,5111,5075]}",{}
2.png,75497526,{},1134,989,"{""name"":""polyline"",""all_points_x"":[1072,1104],""all_points_y"":[5257,5196]}",{}
2.png,75497526,{},1134,990,"{""name"":""polyline"",""all_points_x"":[1115,1167],""all_points_y"":[5231,5213]}",{}
2.png,75497526,{},1134,991,"{""name"":""polyline"",""all_points_x"":[1587,1614,1624,1635],""all_points_y"":[5407,5358,5349,5328]}",{}
2.png,75497526,{},1134,992,"{""name"":""polyline"",""all_points_x"":[1669,1714],""all_points_y"":[5362,5322]}",{}
2.png,75497526,{},1134,993,"{""name"":""polyline"",""all_points_x"":[943,987],""all_points_y"":[5828,5776]}",{}
2.png,75497526,{},1134,994,"{""name"":""polyline"",""all_points_x"":[1540,1587],""all_points_y"":[5850,5899]}",{}
2.png,75497526,{},1134,995,"{""name"":""polyline"",""all_points_x"":[1587,1552],""all_points_y"":[5818,5846]}",{}
2.png,75497526,{},1134,996,"{""name"":""polyline"",""all_points_x"":[1674,1647],""all_points_y"":[5913,5974]}",{}
2.png,75497526,{},1134,997,"{""name"":""polyline"",""all_points_x"":[1668,1666,1669,1665],""all_points_y"":[6036,6053,6067,6077]}",{}
2.png,75497526,{},1134,998,"{""name"":""polyline"",""all_points_x"":[1522,1542],""all_points_y"":[6022,6071]}",{}
2.png,75497526,{},1134,999,"{""name"":""polyline"",""all_points_x"":[1951,1979],""all_points_y"":[6108,6068]}",{}
2.png,75497526,{},1134,1000,"{""name"":""polyline"",""all_points_x"":[2860,2814],""all_points_y"":[6031,6112]}",{}
2.png,75497526,{},1134,1001,"{""name"":""polyline"",""all_points_x"":[2964,2975],""all_points_y"":[6141,6110]}",{}
2.png,75497526,{},1134,1002,"{""name"":""polyline"",""all_points_x"":[2903,2937],""all_points_y"":[5643,5703]}",{}
2.png,75497526,{},1134,1003,"{""name"":""polyline"",""all_points_x"":[2912,2935],""all_points_y"":[5217,5268]}",{}
2.png,75497526,{},1134,1004,"{""name"":""polyline"",""all_points_x"":[2833,2791],""all_points_y"":[3824,3854]}",{}
2.png,75497526,{},1134,1005,"{""name"":""polyline"",""all_points_x"":[2615,2652],""all_points_y"":[3259,3193]}",{}
2.png,75497526,{},1134,1006,"{""name"":""polyline"",""all_points_x"":[2471,2537],""all_points_y"":[2974,2975]}",{}
2.png,75497526,{},1134,1007,"{""name"":""polyline"",""all_points_x"":[3387,3456],""all_points_y"":[1467,1463]}",{}
2.png,75497526,{},1134,1008,"{""name"":""polyline"",""all_points_x"":[3359,3332],""all_points_y"":[1661,1666]}",{}
2.png,75497526,{},1134,1009,"{""name"":""polyline"",""all_points_x"":[3898,3931,3977],""all_points_y"":[2537,2552,2582]}",{}
2.png,75497526,{},1134,1010,"{""name"":""polyline"",""all_points_x"":[3879,3942],""all_points_y"":[2502,2552]}",{}
2.png,75497526,{},1134,1011,"{""name"":""polyline"",""all_points_x"":[3831,3886,3897],""all_points_y"":[2486,2523,2534]}",{}
2.png,75497526,{},1134,1012,"{""name"":""polyline"",""all_points_x"":[3958,3846],""all_points_y"":[2430,2341]}",{}
2.png,75497526,{},1134,1013,"{""name"":""polyline"",""all_points_x"":[3846,3984],""all_points_y"":[2328,2422]}",{}
2.png,75497526,{},1134,1014,"{""name"":""polyline"",""all_points_x"":[3267,3145],""all_points_y"":[2114,2117]}",{}
2.png,75497526,{},1134,1015,"{""name"":""polyline"",""all_points_x"":[4005,3903],""all_points_y"":[1659,1660]}",{}
2.png,75497526,{},1134,1016,"{""name"":""polyline"",""all_points_x"":[3632,3687],""all_points_y"":[3855,3952]}",{}
2.png,75497526,{},1134,1017,"{""name"":""polyline"",""all_points_x"":[3118,3140,3174],""all_points_y"":[4555,4525,4454]}",{}
2.png,75497526,{},1134,1018,"{""name"":""polyline"",""all_points_x"":[3184,3231],""all_points_y"":[4597,4540]}",{}
2.png,75497526,{},1134,1019,"{""name"":""polyline"",""all_points_x"":[3623,3596],""all_points_y"":[4658,4586]}",{}
2.png,75497526,{},1134,1020,"{""name"":""polyline"",""all_points_x"":[3530,3555],""all_points_y"":[6134,6074]}",{}
2.png,75497526,{},1134,1021,"{""name"":""polyline"",""all_points_x"":[3505,3515,3542],""all_points_y"":[6088,6079,6028]}",{}
2.png,75497526,{},1134,1022,"{""name"":""polyline"",""all_points_x"":[3211,3209,3215],""all_points_y"":[5968,6003,6038]}",{}
2.png,75497526,{},1134,1023,"{""name"":""polyline"",""all_points_x"":[3266,3314],""all_points_y"":[5900,5813]}",{}
2.png,75497526,{},1134,1024,"{""name"":""polyline"",""all_points_x"":[3837,3888],""all_points_y"":[6038,6000]}",{}
2.png,75497526,{},1134,1025,"{""name"":""polyline"",""all_points_x"":[3904,3918],""all_points_y"":[5528,5599]}",{}
2.png,75497526,{},1134,1026,"{""name"":""polyline"",""all_points_x"":[3943,3930],""all_points_y"":[5987,6020]}",{}
2.png,75497526,{},1134,1027,"{""name"":""polyline"",""all_points_x"":[3498,3460],""all_points_y"":[5838,5875]}",{}
2.png,75497526,{},1134,1028,"{""name"":""polyline"",""all_points_x"":[3488,3463],""all_points_y"":[5858,5931]}",{}
2.png,75497526,{},1134,1029,"{""name"":""polyline"",""all_points_x"":[3039,3028],""all_points_y"":[6047,6143]}",{}
2.png,75497526,{},1134,1030,"{""name"":""polyline"",""all_points_x"":[3406,3453],""all_points_y"":[5916,6015]}",{}
2.png,75497526,{},1134,1031,"{""name"":""polyline"",""all_points_x"":[3684,3625],""all_points_y"":[5331,5297]}",{}
2.png,75497526,{},1134,1032,"{""name"":""polyline"",""all_points_x"":[3642,3682],""all_points_y"":[5210,5315]}",{}
2.png,75497526,{},1134,1033,"{""name"":""polyline"",""all_points_x"":[3161,3121],""all_points_y"":[5427,5328]}",{}
2.png,75497526,{},1134,1034,"{""name"":""polyline"",""all_points_x"":[3095,3125],""all_points_y"":[5387,5348]}",{}
2.png,75497526,{},1134,1035,"{""name"":""polyline"",""all_points_x"":[3124,3081,3055],""all_points_y"":[5402,5348,5308]}",{}
2.png,75497526,{},1134,1036,"{""name"":""polyline"",""all_points_x"":[2897,2929,2957],""all_points_y"":[5067,5036,4993]}",{}
2.png,75497526,{},1134,1037,"{""name"":""polyline"",""all_points_x"":[3354,3393],""all_points_y"":[2377,2291]}",{}
2.png,75497526,{},1134,1038,"{""name"":""polyline"",""all_points_x"":[3829,3950],""all_points_y"":[1955,1986]}",{}
2.png,75497526,{},1134,1039,"{""name"":""polyline"",""all_points_x"":[3782,3957],""all_points_y"":[1916,1979]}",{}
2.png,75497526,{},1134,1040,"{""name"":""polyline"",""all_points_x"":[3955,3830],""all_points_y"":[1964,1926]}",{}
2.png,75497526,{},1134,1041,"{""name"":""polyline"",""all_points_x"":[3838,3932],""all_points_y"":[1924,1948]}",{}
2.png,75497526,{},1134,1042,"{""name"":""polyline"",""all_points_x"":[3745,3818],""all_points_y"":[1860,1893]}",{}
2.png,75497526,{},1134,1043,"{""name"":""polyline"",""all_points_x"":[3754,3822],""all_points_y"":[1858,1878]}",{}
2.png,75497526,{},1134,1044,"{""name"":""polyline"",""all_points_x"":[3748,3832],""all_points_y"":[1843,1870]}",{}
2.png,75497526,{},1134,1045,"{""name"":""polyline"",""all_points_x"":[3511,3566],""all_points_y"":[1070,1169]}",{}
2.png,75497526,{},1134,1046,"{""name"":""polyline"",""all_points_x"":[1957,2031],""all_points_y"":[2238,2211]}",{}
2.png,75497526,{},1134,1047,"{""name"":""polyline"",""all_points_x"":[2216,2257],""all_points_y"":[3137,3121]}",{}
2.png,75497526,{},1134,1048,"{""name"":""polyline"",""all_points_x"":[2146,2195],""all_points_y"":[3167,3149]}",{}
2.png,75497526,{},1134,1049,"{""name"":""polyline"",""all_points_x"":[2242,2315],""all_points_y"":[3096,3080]}",{}
2.png,75497526,{},1134,1050,"{""name"":""polyline"",""all_points_x"":[1859,1896],""all_points_y"":[3641,3568]}",{}
2.png,75497526,{},1134,1051,"{""name"":""polyline"",""all_points_x"":[1852,1873],""all_points_y"":[3644,3601]}",{}
2.png,75497526,{},1134,1052,"{""name"":""polyline"",""all_points_x"":[1904,1950],""all_points_y"":[3626,3550]}",{}
2.png,75497526,{},1134,1053,"{""name"":""polyline"",""all_points_x"":[2694,2709],""all_points_y"":[4504,4451]}",{}
2.png,75497526,{},1134,1054,"{""name"":""polyline"",""all_points_x"":[1821,1848,1914],""all_points_y"":[4722,4697,4645]}",{}
2.png,75497526,{},1134,1055,"{""name"":""polyline"",""all_points_x"":[2557,2583],""all_points_y"":[4901,4822]}",{}
2.png,75497526,{},1134,1056,"{""name"":""polyline"",""all_points_x"":[1825,1907],""all_points_y"":[5129,5147]}",{}
2.png,75497526,{},1134,1057,"{""name"":""polyline"",""all_points_x"":[2048,2070],""all_points_y"":[5492,5423]}",{}
2.png,75497526,{},1134,1058,"{""name"":""polyline"",""all_points_x"":[2803,2819],""all_points_y"":[5349,5293]}",{}
2.png,75497526,{},1134,1059,"{""name"":""polyline"",""all_points_x"":[1982,2007,2037],""all_points_y"":[5500,5526,5570]}",{}
2.png,75497526,{},1134,1060,"{""name"":""polyline"",""all_points_x"":[1798,1790],""all_points_y"":[5663,5722]}",{}
2.png,75497526,{},1134,1061,"{""name"":""polyline"",""all_points_x"":[2492,2541,2561],""all_points_y"":[5933,5884,5852]}",{}
2.png,75497526,{},1134,1062,"{""name"":""polyline"",""all_points_x"":[2488,2497,2506,2510],""all_points_y"":[5930,5910,5871,5862]}",{}
2.png,75497526,{},1134,1063,"{""name"":""polyline"",""all_points_x"":[2464,2473,2483],""all_points_y"":[5876,5908,5930]}",{}
2.png,75497526,{},1134,1064,"{""name"":""polyline"",""all_points_x"":[2510,2545,2563],""all_points_y"":[5938,5907,5897]}",{}
2.png,75497526,{},1134,1065,"{""name"":""polyline"",""all_points_x"":[1876,1946],""all_points_y"":[5836,5799]}",{}
2.png,75497526,{},1134,1066,"{""name"":""polyline"",""all_points_x"":[3240,3203],""all_points_y"":[5437,5336]}",{}
2.png,75497526,{},1134,1067,"{""name"":""polyline"",""all_points_x"":[3190,3217],""all_points_y"":[5491,5424]}",{}
2.png,75497526,{},1134,1068,"{""name"":""polyline"",""all_points_x"":[3205,3188],""all_points_y"":[5445,5355]}",{}
2.png,75497526,{},1134,1069,"{""name"":""polyline"",""all_points_x"":[3004,2946],""all_points_y"":[5264,5157]}",{}
2.png,75497526,{},1134,1070,"{""name"":""polyline"",""all_points_x"":[3216,3230],""all_points_y"":[4982,4898]}",{}
2.png,75497526,{},1134,1071,"{""name"":""polyline"",""all_points_x"":[3785,3741],""all_points_y"":[3378,3308]}",{}
2.png,75497526,{},1134,1072,"{""name"":""polyline"",""all_points_x"":[3618,3633],""all_points_y"":[3207,3254]}",{}
2.png,75497526,{},1134,1073,"{""name"":""polyline"",""all_points_x"":[3107,3165],""all_points_y"":[2697,2673]}",{}
2.png,75497526,{},1134,1074,"{""name"":""polyline"",""all_points_x"":[657,670],""all_points_y"":[4683,4635]}",{}
2.png,75497526,{},1134,1075,"{""name"":""polyline"",""all_points_x"":[650,690],""all_points_y"":[4570,4510]}",{}
2.png,75497526,{},1134,1076,"{""name"":""polyline"",""all_points_x"":[597,672],""all_points_y"":[4163,4149]}",{}
2.png,75497526,{},1134,1077,"{""name"":""polyline"",""all_points_x"":[888,930],""all_points_y"":[3769,3698]}",{}
2.png,75497526,{},1134,1078,"{""name"":""polyline"",""all_points_x"":[953,1038],""all_points_y"":[3682,3737]}",{}
2.png,75497526,{},1134,1079,"{""name"":""polyline"",""all_points_x"":[896,948],""all_points_y"":[2860,2846]}",{}
2.png,75497526,{},1134,1080,"{""name"":""polyline"",""all_points_x"":[3467,3547],""all_points_y"":[1992,2028]}",{}
2.png,75497526,{},1134,1081,"{""name"":""polyline"",""all_points_x"":[3484,3562],""all_points_y"":[1987,2017]}",{}
2.png,75497526,{},1134,1082,"{""name"":""polyline"",""all_points_x"":[3537,3602],""all_points_y"":[2015,2032]}",{}
2.png,75497526,{},1134,1083,"{""name"":""polyline"",""all_points_x"":[3621,3668],""all_points_y"":[2031,2048]}",{}
2.png,75497526,{},1134,1084,"{""name"":""polyline"",""all_points_x"":[3709,3788],""all_points_y"":[2080,2119]}",{}
2.png,75497526,{},1134,1085,"{""name"":""polyline"",""all_points_x"":[3787,3829],""all_points_y"":[1963,2046]}",{}
2.png,75497526,{},1134,1086,"{""name"":""polyline"",""all_points_x"":[3773,3817],""all_points_y"":[1970,2007]}",{}
2.png,75497526,{},1134,1087,"{""name"":""polyline"",""all_points_x"":[3964,3919],""all_points_y"":[1871,1905]}",{}
2.png,75497526,{},1134,1088,"{""name"":""polyline"",""all_points_x"":[3833,3930],""all_points_y"":[2699,2740]}",{}
2.png,75497526,{},1134,1089,"{""name"":""polyline"",""all_points_x"":[3907,4003],""all_points_y"":[2710,2805]}",{}
2.png,75497526,{},1134,1090,"{""name"":""polyline"",""all_points_x"":[4006,3923,3875],""all_points_y"":[2832,2787,2756]}",{}
2.png,75497526,{},1134,1091,"{""name"":""polyline"",""all_points_x"":[4063,4095],""all_points_y"":[2670,2731]}",{}
2.png,75497526,{},1134,1092,"{""name"":""polyline"",""all_points_x"":[3516,3457],""all_points_y"":[2755,2757]}",{}
2.png,75497526,{},1134,1093,"{""name"":""polyline"",""all_points_x"":[3253,3273],""all_points_y"":[4108,4064]}",{}
2.png,75497526,{},1134,1094,"{""name"":""polyline"",""all_points_x"":[3076,3137],""all_points_y"":[4293,4313]}",{}
2.png,75497526,{},1134,1095,"{""name"":""polyline"",""all_points_x"":[3515,3542],""all_points_y"":[5809,5729]}",{}
2.png,75497526,{},1134,1096,"{""name"":""polyline"",""all_points_x"":[4065,4077],""all_points_y"":[6142,6075]}",{}
2.png,75497526,{},1134,1097,"{""name"":""polyline"",""all_points_x"":[2698,2731],""all_points_y"":[6065,6143]}",{}
2.png,75497526,{},1134,1098,"{""name"":""polyline"",""all_points_x"":[609,676],""all_points_y"":[5725,5683]}",{}
2.png,75497526,{},1134,1099,"{""name"":""polyline"",""all_points_x"":[369,408,473,551],""all_points_y"":[5695,5702,5703,5697]}",{}
2.png,75497526,{},1134,1100,"{""name"":""polyline"",""all_points_x"":[781,760],""all_points_y"":[4059,4138]}",{}
2.png,75497526,{},1134,1101,"{""name"":""polyline"",""all_points_x"":[848,889,950,980],""all_points_y"":[3886,3850,3803,3784]}",{}
2.png,75497526,{},1134,1102,"{""name"":""polyline"",""all_points_x"":[2202,2164],""all_points_y"":[1760,1790]}",{}
2.png,75497526,{},1134,1103,"{""name"":""polyline"",""all_points_x"":[3394,3472],""all_points_y"":[1145,1147]}",{}
2.png,75497526,{},1134,1104,"{""name"":""polyline"",""all_points_x"":[3980,4066],""all_points_y"":[1136,1137]}",{}
2.png,75497526,{},1134,1105,"{""name"":""polyline"",""all_points_x"":[3925,3860],""all_points_y"":[1361,1492]}",{}
2.png,75497526,{},1134,1106,"{""name"":""polyline"",""all_points_x"":[3851,3872,3889,3911],""all_points_y"":[1508,1489,1468,1432]}",{}
2.png,75497526,{},1134,1107,"{""name"":""polyline"",""all_points_x"":[3816,3702],""all_points_y"":[1512,1532]}",{}
2.png,75497526,{},1134,1108,"{""name"":""polyline"",""all_points_x"":[4058,4078],""all_points_y"":[1708,1769]}",{}
2.png,75497526,{},1134,1109,"{""name"":""polyline"",""all_points_x"":[3929,3959,3984],""all_points_y"":[2297,2375,2419]}",{}
2.png,75497526,{},1134,1110,"{""name"":""polyline"",""all_points_x"":[3247,3335],""all_points_y"":[2364,2317]}",{}
2.png,75497526,{},1134,1111,"{""name"":""polyline"",""all_points_x"":[3837,3777],""all_points_y"":[3761,3697]}",{}
2.png,75497526,{},1134,1112,"{""name"":""polyline"",""all_points_x"":[3801,3683],""all_points_y"":[3586,3749]}",{}
2.png,75497526,{},1134,1113,"{""name"":""polyline"",""all_points_x"":[2112,2065],""all_points_y"":[4709,4804]}",{}
2.png,75497526,{},1134,1114,"{""name"":""polyline"",""all_points_x"":[2611,2565],""all_points_y"":[4363,4454]}",{}
2.png,75497526,{},1134,1115,"{""name"":""polyline"",""all_points_x"":[955,1003],""all_points_y"":[6142,6084]}",{}
2.png,75497526,{},1134,1116,"{""name"":""polyline"",""all_points_x"":[505,589],""all_points_y"":[5655,5646]}",{}
2.png,75497526,{},1134,1117,"{""name"":""polyline"",""all_points_x"":[1690,1723],""all_points_y"":[2812,2871]}",{}
2.png,75497526,{},1134,1118,"{""name"":""polyline"",""all_points_x"":[2778,2805],""all_points_y"":[5746,5826]}",{}
2.png,75497526,{},1134,1119,"{""name"":""polyline"",""all_points_x"":[2687,2705],""all_points_y"":[5700,5773]}",{}
2.png,75497526,{},1134,1120,"{""name"":""polyline"",""all_points_x"":[2459,2485],""all_points_y"":[5585,5644]}",{}
2.png,75497526,{},1134,1121,"{""name"":""polyline"",""all_points_x"":[2489,2464],""all_points_y"":[5638,5578]}",{}
2.png,75497526,{},1134,1122,"{""name"":""polyline"",""all_points_x"":[1809,1819],""all_points_y"":[5116,5178]}",{}
2.png,75497526,{},1134,1123,"{""name"":""polyline"",""all_points_x"":[2472,2392],""all_points_y"":[2271,2237]}",{}
2.png,75497526,{},1134,1124,"{""name"":""polyline"",""all_points_x"":[2465,2581],""all_points_y"":[2761,2775]}",{}
2.png,75497526,{},1134,1125,"{""name"":""polyline"",""all_points_x"":[2183,2282],""all_points_y"":[2785,2837]}",{}
2.png,75497526,{},1134,1126,"{""name"":""polyline"",""all_points_x"":[2919,2855],""all_points_y"":[3780,3855]}",{}
2.png,75497526,{},1134,1127,"{""name"":""polyline"",""all_points_x"":[2728,2705],""all_points_y"":[5082,5181]}",{}
2.png,75497526,{},1134,1128,"{""name"":""polyline"",""all_points_x"":[2641,2632],""all_points_y"":[4150,4224]}",{}
2.png,75497526,{},1134,1129,"{""name"":""polyline"",""all_points_x"":[2607,2706],""all_points_y"":[2022,2082]}",{}
2.png,75497526,{},1134,1130,"{""name"":""polyline"",""all_points_x"":[1980,2046],""all_points_y"":[3904,3883]}",{}
2.png,75497526,{},1134,1131,"{""name"":""polyline"",""all_points_x"":[1967,1999],""all_points_y"":[3936,3842]}",{}
2.png,75497526,{},1134,1132,"{""name"":""polyline"",""all_points_x"":[3826,3949],""all_points_y"":[2207,2259]}",{}
2.png,75497526,{},1134,1133,"{""name"":""polyline"",""all_points_x"":[1432,1482,1530],""all_points_y"":[2305,2299,2306]}",{}
