filename,file_size,file_attributes,region_count,region_id,region_shape_attributes,region_attributes
3.png,14155830,{},1071,0,"{""name"":""polygon"",""all_points_x"":[192,197,202,210,214,211,204,202],""all_points_y"":[810,811,798,772,747,747,773,782]}",{}
3.png,14155830,{},1071,1,"{""name"":""polygon"",""all_points_x"":[324,334,349,366,375,374,365,348,340,326],""all_points_y"":[326,322,310,295,289,293,301,316,324,331]}",{}
3.png,14155830,{},1071,2,"{""name"":""polygon"",""all_points_x"":[53,65,82,104,120,125,125,109,92,69,58],""all_points_y"":[853,848,840,829,821,818,823,831,840,850,857]}",{}
3.png,14155830,{},1071,3,"{""name"":""polygon"",""all_points_x"":[253,269,281,306,329,329,303,280,265,252],""all_points_y"":[841,836,832,823,814,817,827,837,842,844]}",{}
3.png,14155830,{},1071,4,"{""name"":""polygon"",""all_points_x"":[458,468,482,493,508,510,504,495,483,468,460],""all_points_y"":[807,799,788,777,755,757,767,782,795,807,812]}",{}
3.png,14155830,{},1071,5,"{""name"":""polygon"",""all_points_x"":[0,0,9,18,36,45,64,86,112,111,87,59],""all_points_y"":[947,951,950,946,941,939,932,925,916,913,921,931]}",{}
3.png,14155830,{},1071,6,"{""name"":""polygon"",""all_points_x"":[0,0,7,21,31,46,41,28],""all_points_y"":[984,988,984,977,970,961,959,968]}",{}
3.png,14155830,{},1071,7,"{""name"":""polygon"",""all_points_x"":[13,16,24,34,45,55,52],""all_points_y"":[992,994,989,981,971,965,961]}",{}
3.png,14155830,{},1071,8,"{""name"":""polygon"",""all_points_x"":[11,13,24,36,53,61,59,49],""all_points_y"":[1000,1003,996,989,980,975,972,977]}",{}
3.png,14155830,{},1071,9,"{""name"":""polygon"",""all_points_x"":[0,0,6,20,34,40,36],""all_points_y"":[1033,1036,1034,1026,1020,1017,1014]}",{}
3.png,14155830,{},1071,10,"{""name"":""polygon"",""all_points_x"":[0,0,8,18,39,64,83,99,127,139,157,179,195,190,166,140,124],""all_points_y"":[1063,1070,1065,1056,1038,1017,1001,987,964,952,938,920,909,907,926,945,959]}",{}
3.png,14155830,{},1071,11,"{""name"":""polygon"",""all_points_x"":[57,61,69,75,93,107,118,134,141,137,127,111,102,88],""all_points_y"":[1070,1072,1063,1050,1023,1004,986,969,958,957,971,988,1003,1022]}",{}
3.png,14155830,{},1071,12,"{""name"":""polygon"",""all_points_x"":[205,219,244,263,264,242,218,204],""all_points_y"":[932,931,931,930,934,935,937,936]}",{}
3.png,14155830,{},1071,13,"{""name"":""polygon"",""all_points_x"":[89,99,122,142,167,185,206,228,225,204,172,132,117,94,86],""all_points_y"":[997,994,985,978,971,965,959,955,958,963,973,985,991,999,1002]}",{}
3.png,14155830,{},1071,14,"{""name"":""polygon"",""all_points_x"":[84,95,107,122,139,155,168,171,159,150,125,107,91],""all_points_y"":[1043,1032,1020,1006,992,979,964,965,981,989,1010,1027,1043]}",{}
3.png,14155830,{},1071,15,"{""name"":""polygon"",""all_points_x"":[71,84,97,112,134,136,120,101,86,77],""all_points_y"":[1027,1021,1014,1003,988,992,1002,1016,1026,1030]}",{}
3.png,14155830,{},1071,16,"{""name"":""polygon"",""all_points_x"":[124,136,150,166,178,193,212,218,219,214,197,170,152,132,128],""all_points_y"":[1041,1032,1021,1010,1001,990,976,972,974,979,993,1013,1027,1041,1043]}",{}
3.png,14155830,{},1071,17,"{""name"":""polygon"",""all_points_x"":[126,129,138,154,166,181,194,191,172,162],""all_points_y"":[1044,1047,1041,1031,1022,1012,1004,1001,1014,1022]}",{}
3.png,14155830,{},1071,18,"{""name"":""polygon"",""all_points_x"":[278,289,309,322,339,340,332,314,301,291,281],""all_points_y"":[977,973,965,961,955,957,961,967,972,976,979]}",{}
3.png,14155830,{},1071,19,"{""name"":""polygon"",""all_points_x"":[421,414,403,391,397,403,415,426],""all_points_y"":[906,915,930,947,953,944,927,912]}",{}
3.png,14155830,{},1071,20,"{""name"":""polygon"",""all_points_x"":[0,10,25,46,65,87,105,115,114,101,74,55,38,19,0],""all_points_y"":[1085,1084,1084,1084,1084,1083,1084,1086,1088,1087,1088,1087,1088,1089,1089]}",{}
3.png,14155830,{},1071,21,"{""name"":""polygon"",""all_points_x"":[517,517,530,548,573,586,583,566,543,528],""all_points_y"":[910,916,916,913,909,906,902,906,909,910]}",{}
3.png,14155830,{},1071,22,"{""name"":""polygon"",""all_points_x"":[524,535,557,557,546,535,527],""all_points_y"":[905,901,892,896,902,906,908]}",{}
3.png,14155830,{},1071,23,"{""name"":""polygon"",""all_points_x"":[558,567,583,595,608,622,624,610,584,576,560],""all_points_y"":[796,804,819,829,840,849,844,835,815,806,794]}",{}
3.png,14155830,{},1071,24,"{""name"":""polygon"",""all_points_x"":[0,10,26,31,31,18,5,0],""all_points_y"":[1117,1115,1112,1110,1114,1117,1120,1121]}",{}
3.png,14155830,{},1071,25,"{""name"":""polygon"",""all_points_x"":[119,129,143,156,169,176,192,204,205,199,185,173,163,151,140,124],""all_points_y"":[1180,1172,1161,1150,1140,1134,1121,1112,1113,1119,1131,1141,1149,1159,1169,1183]}",{}
3.png,14155830,{},1071,26,"{""name"":""polygon"",""all_points_x"":[261,270,282,300,318,318,308,296,282,263],""all_points_y"":[1054,1051,1046,1038,1033,1036,1041,1046,1052,1060]}",{}
3.png,14155830,{},1071,27,"{""name"":""polygon"",""all_points_x"":[125,130,137,151,162,176,187,203,209,205,187],""all_points_y"":[1239,1241,1231,1211,1191,1169,1151,1125,1115,1114,1140]}",{}
3.png,14155830,{},1071,28,"{""name"":""polygon"",""all_points_x"":[494,504,520,543,560,581,601,609,610,596,570,552,528,512,496],""all_points_y"":[975,968,960,946,938,925,915,909,914,923,936,947,960,968,981]}",{}
3.png,14155830,{},1071,29,"{""name"":""polygon"",""all_points_x"":[502,504,516,535,558,575,593,610,618,611,590,564,535],""all_points_y"":[977,979,973,963,950,941,931,922,917,917,928,942,959]}",{}
3.png,14155830,{},1071,30,"{""name"":""polygon"",""all_points_x"":[507,515,525,548,566,584,603,614,605,590],""all_points_y"":[979,979,975,965,956,947,935,928,926,935]}",{}
3.png,14155830,{},1071,31,"{""name"":""polygon"",""all_points_x"":[320,327,335,342,344,333,322],""all_points_y"":[1015,1008,998,990,992,1004,1018]}",{}
3.png,14155830,{},1071,32,"{""name"":""polygon"",""all_points_x"":[320,329,335,336,326,322],""all_points_y"":[1010,998,989,992,1007,1013]}",{}
3.png,14155830,{},1071,33,"{""name"":""polygon"",""all_points_x"":[414,416,436,457,490,525,552,577,609,644,671,693,719,736,761,777,774,746,685,642,589,538,463],""all_points_y"":[1120,1131,1124,1116,1104,1091,1082,1074,1063,1054,1046,1038,1030,1025,1016,1012,1009,1016,1035,1047,1064,1079,1105]}",{}
3.png,14155830,{},1071,34,"{""name"":""polygon"",""all_points_x"":[128,136,150,168,185,198,213,233,235,225,214,200,187,164,147,131],""all_points_y"":[1246,1238,1226,1209,1194,1180,1165,1142,1146,1159,1170,1186,1197,1219,1234,1249]}",{}
3.png,14155830,{},1071,35,"{""name"":""polygon"",""all_points_x"":[28,43,59,90,111,130,153,178,201,226,226,204,183,142,110,73,50,34,27],""all_points_y"":[1252,1253,1253,1254,1254,1254,1254,1255,1254,1253,1256,1257,1257,1258,1257,1257,1257,1257,1256]}",{}
3.png,14155830,{},1071,36,"{""name"":""polygon"",""all_points_x"":[0,0,5,7,11,17,23,31,28,18,13],""all_points_y"":[1315,1321,1322,1315,1296,1273,1255,1239,1236,1251,1268]}",{}
3.png,14155830,{},1071,37,"{""name"":""polygon"",""all_points_x"":[181,194,210,220,222,213,201,184],""all_points_y"":[1181,1165,1144,1129,1131,1146,1163,1185]}",{}
3.png,14155830,{},1071,38,"{""name"":""polygon"",""all_points_x"":[279,289,302,319,357,375,395,409,411,386,362,322,306,288,282],""all_points_y"":[1170,1158,1141,1118,1077,1056,1035,1017,1020,1050,1076,1123,1142,1165,1173]}",{}
3.png,14155830,{},1071,39,"{""name"":""polygon"",""all_points_x"":[280,288,299,314,317,319,309,295,283],""all_points_y"":[1177,1168,1151,1134,1131,1132,1144,1164,1179]}",{}
3.png,14155830,{},1071,40,"{""name"":""polygon"",""all_points_x"":[218,228,240,253,274,276,262,250,236,224,219],""all_points_y"":[1229,1220,1208,1195,1175,1176,1191,1202,1215,1227,1232]}",{}
3.png,14155830,{},1071,41,"{""name"":""polygon"",""all_points_x"":[263,272,285,299,307,309,297,285,270,263],""all_points_y"":[1235,1228,1218,1207,1202,1204,1214,1223,1233,1238]}",{}
3.png,14155830,{},1071,42,"{""name"":""polygon"",""all_points_x"":[275,280,291,308,329,346,361,380,395,408,421,437,436,417,370,324,307],""all_points_y"":[1254,1261,1254,1241,1227,1213,1202,1187,1175,1164,1155,1143,1139,1153,1188,1221,1234]}",{}
3.png,14155830,{},1071,43,"{""name"":""polygon"",""all_points_x"":[0,0,5,15,33,65,61,45],""all_points_y"":[1327,1332,1328,1317,1297,1262,1260,1279]}",{}
3.png,14155830,{},1071,44,"{""name"":""polygon"",""all_points_x"":[1,10,27,65,88,99,103,84,66,39,22,0],""all_points_y"":[1218,1217,1214,1207,1203,1201,1203,1207,1210,1215,1219,1222]}",{}
3.png,14155830,{},1071,45,"{""name"":""polygon"",""all_points_x"":[0,13,21,34,50,52,39,26,15,1],""all_points_y"":[1161,1156,1153,1148,1142,1144,1150,1155,1159,1164]}",{}
3.png,14155830,{},1071,46,"{""name"":""polygon"",""all_points_x"":[407,413,419,427,435,451,454,449,441,431,422,410],""all_points_y"":[1101,1092,1083,1070,1059,1032,1034,1042,1055,1073,1086,1104]}",{}
3.png,14155830,{},1071,47,"{""name"":""polygon"",""all_points_x"":[429,436,438,445,450,457,459,451,444,439,437,430],""all_points_y"":[1022,1001,991,977,970,962,962,976,987,1004,1020,1024]}",{}
3.png,14155830,{},1071,48,"{""name"":""polygon"",""all_points_x"":[470,479,491,505,518,531,543,557,559,546,530,515,504,491,477],""all_points_y"":[1102,1093,1078,1064,1050,1036,1021,1007,1010,1024,1042,1057,1071,1085,1102]}",{}
3.png,14155830,{},1071,49,"{""name"":""polygon"",""all_points_x"":[500,511,524,534,549,558,568,569,560,541,521,513,510],""all_points_y"":[1091,1075,1058,1046,1029,1018,1008,1011,1023,1045,1069,1081,1088]}",{}
3.png,14155830,{},1071,50,"{""name"":""polygon"",""all_points_x"":[93,85,75,75,79,80,97],""all_points_y"":[1155,1171,1194,1202,1203,1190,1157]}",{}
3.png,14155830,{},1071,51,"{""name"":""polygon"",""all_points_x"":[193,197,205,213,225,241,269,266,250,232,213],""all_points_y"":[1303,1305,1299,1287,1276,1264,1247,1243,1252,1264,1278]}",{}
3.png,14155830,{},1071,52,"{""name"":""polygon"",""all_points_x"":[281,284,292,301,317,327,343,339,325,306],""all_points_y"":[1269,1272,1266,1259,1249,1242,1231,1229,1237,1251]}",{}
3.png,14155830,{},1071,53,"{""name"":""polygon"",""all_points_x"":[100,93,81,62,52,33,24,15,17,31,42,55,71,87,106],""all_points_y"":[1312,1322,1331,1345,1354,1370,1379,1387,1391,1381,1371,1358,1346,1333,1318]}",{}
3.png,14155830,{},1071,54,"{""name"":""polygon"",""all_points_x"":[18,27,36,42,49,58,72,74,59,51,43,38,20],""all_points_y"":[1373,1367,1357,1345,1332,1321,1307,1308,1324,1338,1353,1363,1379]}",{}
3.png,14155830,{},1071,55,"{""name"":""polygon"",""all_points_x"":[575,583,593,607,617,619,614,602,591,580],""all_points_y"":[1111,1101,1089,1068,1056,1058,1069,1083,1099,1112]}",{}
3.png,14155830,{},1071,56,"{""name"":""polygon"",""all_points_x"":[544,556,574,586,587,579,564,544],""all_points_y"":[1105,1098,1087,1079,1082,1090,1100,1110]}",{}
3.png,14155830,{},1071,57,"{""name"":""polygon"",""all_points_x"":[558,577,600,628,646,673,700,719,720,697,667,640,616,596,585,561],""all_points_y"":[1124,1114,1100,1083,1073,1061,1049,1039,1042,1053,1068,1082,1096,1109,1115,1128]}",{}
3.png,14155830,{},1071,58,"{""name"":""polygon"",""all_points_x"":[57,68,82,99,113,127,151,161,161,122,98,71,60],""all_points_y"":[1373,1366,1355,1343,1332,1323,1305,1298,1300,1330,1348,1367,1375]}",{}
3.png,14155830,{},1071,59,"{""name"":""polygon"",""all_points_x"":[149,160,182,185,181,163,153],""all_points_y"":[1298,1287,1265,1266,1274,1289,1302]}",{}
3.png,14155830,{},1071,60,"{""name"":""polygon"",""all_points_x"":[45,58,67,82,113,114,100,84,68,54,46],""all_points_y"":[1320,1325,1328,1338,1357,1353,1344,1335,1324,1320,1315]}",{}
3.png,14155830,{},1071,61,"{""name"":""polygon"",""all_points_x"":[14,18,29,44,61,75,96,124,133,130,81,55],""all_points_y"":[1425,1428,1421,1409,1395,1383,1365,1340,1333,1330,1372,1394]}",{}
3.png,14155830,{},1071,62,"{""name"":""polygon"",""all_points_x"":[26,38,46,59,84,100,116,119,101,79,69,57,45,37,27],""all_points_y"":[1426,1421,1417,1408,1387,1373,1361,1367,1379,1398,1407,1418,1427,1430,1430]}",{}
3.png,14155830,{},1071,63,"{""name"":""polygon"",""all_points_x"":[71,92,96,82,74],""all_points_y"":[1396,1366,1369,1388,1395]}",{}
3.png,14155830,{},1071,64,"{""name"":""polygon"",""all_points_x"":[108,114,109,103,99],""all_points_y"":[1306,1307,1320,1342,1342]}",{}
3.png,14155830,{},1071,65,"{""name"":""polygon"",""all_points_x"":[68,67,66,66,66,70,70,71],""all_points_y"":[1230,1241,1261,1284,1299,1299,1272,1229]}",{}
3.png,14155830,{},1071,66,"{""name"":""polygon"",""all_points_x"":[91,84,70,57,60,70,82,95],""all_points_y"":[1193,1201,1218,1233,1235,1224,1211,1195]}",{}
3.png,14155830,{},1071,67,"{""name"":""polygon"",""all_points_x"":[164,174,196,216,238,260,259,243,213,197,180,166],""all_points_y"":[1401,1397,1385,1375,1363,1354,1357,1366,1381,1390,1399,1406]}",{}
3.png,14155830,{},1071,68,"{""name"":""polygon"",""all_points_x"":[245,259,276,296,314,327,342,363,365,347,321,302,286,269,251],""all_points_y"":[1344,1334,1320,1305,1290,1280,1269,1254,1257,1269,1288,1304,1318,1332,1347]}",{}
3.png,14155830,{},1071,69,"{""name"":""polygon"",""all_points_x"":[262,272,285,306,320,322,308,296,276,265],""all_points_y"":[1340,1332,1322,1305,1292,1294,1307,1318,1333,1343]}",{}
3.png,14155830,{},1071,70,"{""name"":""polygon"",""all_points_x"":[227,247,279,311,339,361,383,405,406,362,320,292,263,240,231],""all_points_y"":[1480,1466,1443,1419,1398,1383,1368,1353,1356,1387,1418,1439,1461,1478,1486]}",{}
3.png,14155830,{},1071,71,"{""name"":""polygon"",""all_points_x"":[216,227,248,267,268,249,232,220],""all_points_y"":[1419,1412,1396,1381,1383,1400,1413,1421]}",{}
3.png,14155830,{},1071,72,"{""name"":""polygon"",""all_points_x"":[0,1,6,17,27,48,44,23],""all_points_y"":[1499,1503,1499,1489,1480,1461,1460,1479]}",{}
3.png,14155830,{},1071,73,"{""name"":""polygon"",""all_points_x"":[0,8,20,35,37,21,13,0],""all_points_y"":[1534,1527,1515,1500,1505,1520,1528,1541]}",{}
3.png,14155830,{},1071,74,"{""name"":""polygon"",""all_points_x"":[0,7,18,30,44,59,65,66,50,36,21,13,1],""all_points_y"":[1569,1557,1541,1522,1503,1484,1476,1480,1501,1519,1541,1554,1574]}",{}
3.png,14155830,{},1071,75,"{""name"":""polygon"",""all_points_x"":[241,254,280,301,312,311,292,274,252,242],""all_points_y"":[1412,1406,1393,1384,1382,1385,1395,1404,1414,1419]}",{}
3.png,14155830,{},1071,76,"{""name"":""polygon"",""all_points_x"":[377,390,402,424,447,459,474,475,454,401,383],""all_points_y"":[1261,1250,1239,1217,1196,1185,1172,1174,1194,1245,1264]}",{}
3.png,14155830,{},1071,77,"{""name"":""polygon"",""all_points_x"":[362,375,392,415,431,432,411,388,374,365],""all_points_y"":[1259,1253,1241,1219,1205,1208,1229,1250,1260,1265]}",{}
3.png,14155830,{},1071,78,"{""name"":""polygon"",""all_points_x"":[400,385,361,350,355,374,392,403],""all_points_y"":[1202,1222,1247,1260,1260,1244,1224,1208]}",{}
3.png,14155830,{},1071,79,"{""name"":""polygon"",""all_points_x"":[465,481,501,517,540,542,528,508,487,474],""all_points_y"":[1197,1185,1169,1157,1141,1143,1154,1169,1187,1198]}",{}
3.png,14155830,{},1071,80,"{""name"":""polygon"",""all_points_x"":[471,486,506,544,544,538,513,490,476,473],""all_points_y"":[1200,1193,1187,1174,1176,1180,1189,1197,1203,1203]}",{}
3.png,14155830,{},1071,81,"{""name"":""polygon"",""all_points_x"":[501,504,508,510,509,515,513,516,520,522,524,518,519,516,511,509,510,506,505,505],""all_points_y"":[1180,1179,1188,1198,1212,1239,1250,1265,1280,1298,1315,1316,1304,1282,1262,1249,1242,1218,1204,1194]}",{}
3.png,14155830,{},1071,82,"{""name"":""polygon"",""all_points_x"":[533,539,549,558,568,571,587,588,573,568,556,546,538],""all_points_y"":[1226,1218,1204,1191,1178,1174,1163,1165,1177,1184,1200,1213,1227]}",{}
3.png,14155830,{},1071,83,"{""name"":""polygon"",""all_points_x"":[535,540,553,563,574,576,566,556,547,536],""all_points_y"":[1258,1250,1238,1228,1217,1220,1230,1240,1250,1260]}",{}
3.png,14155830,{},1071,84,"{""name"":""polygon"",""all_points_x"":[157,160,166,176,190,187,172,165],""all_points_y"":[1299,1306,1300,1291,1278,1275,1288,1295]}",{}
3.png,14155830,{},1071,85,"{""name"":""polygon"",""all_points_x"":[86,94,103,119,115,106,98],""all_points_y"":[1495,1496,1478,1448,1442,1454,1472]}",{}
3.png,14155830,{},1071,86,"{""name"":""polygon"",""all_points_x"":[45,48,43,38,27,25,21,23,29,39],""all_points_y"":[1511,1512,1520,1530,1553,1567,1566,1554,1541,1522]}",{}
3.png,14155830,{},1071,87,"{""name"":""polygon"",""all_points_x"":[112,115,122,135,137,139,136,129,122,116],""all_points_y"":[1503,1493,1473,1435,1427,1428,1445,1465,1484,1500]}",{}
3.png,14155830,{},1071,88,"{""name"":""polygon"",""all_points_x"":[203,193,175,157,129,107,75,65,67,79,95,121,142,173,187,207],""all_points_y"":[1460,1468,1480,1491,1508,1525,1545,1552,1553,1549,1538,1519,1505,1485,1476,1462]}",{}
3.png,14155830,{},1071,89,"{""name"":""polygon"",""all_points_x"":[114,109,103,99,104,109,118],""all_points_y"":[1529,1543,1563,1573,1574,1558,1530]}",{}
3.png,14155830,{},1071,90,"{""name"":""polygon"",""all_points_x"":[238,249,257,273,298,319,332,324,306,292],""all_points_y"":[1536,1540,1528,1507,1474,1450,1432,1428,1452,1470]}",{}
3.png,14155830,{},1071,91,"{""name"":""polygon"",""all_points_x"":[458,462,472,492,512,528,545,565,577,574,554,534,504,488],""all_points_y"":[1402,1406,1391,1367,1345,1326,1307,1286,1273,1271,1291,1313,1347,1365]}",{}
3.png,14155830,{},1071,92,"{""name"":""polygon"",""all_points_x"":[389,396,406,419,434,445,451,447,436,425,414],""all_points_y"":[1446,1450,1435,1418,1397,1380,1371,1366,1383,1399,1416]}",{}
3.png,14155830,{},1071,93,"{""name"":""polygon"",""all_points_x"":[438,442,454,472,495,519,528,520],""all_points_y"":[1451,1457,1445,1423,1399,1372,1363,1364]}",{}
3.png,14155830,{},1071,94,"{""name"":""polygon"",""all_points_x"":[469,482,499,527,540,560,583,602,619,645,658,655,629,599,528,501,477,464],""all_points_y"":[1414,1402,1385,1362,1350,1330,1310,1293,1277,1252,1239,1237,1261,1289,1354,1378,1399,1411]}",{}
3.png,14155830,{},1071,95,"{""name"":""polygon"",""all_points_x"":[328,333,336,342,344,344,340,336,333,331],""all_points_y"":[1568,1542,1519,1493,1493,1500,1522,1545,1559,1564]}",{}
3.png,14155830,{},1071,96,"{""name"":""polygon"",""all_points_x"":[326,331,335,343,352,355,361,371,370,362,347],""all_points_y"":[1575,1576,1566,1548,1531,1525,1508,1491,1485,1499,1529]}",{}
3.png,14155830,{},1071,97,"{""name"":""polygon"",""all_points_x"":[385,391,397,402,407,414,421,429,443,440,424,412,406],""all_points_y"":[1602,1603,1578,1553,1534,1510,1481,1455,1404,1404,1456,1499,1519]}",{}
3.png,14155830,{},1071,98,"{""name"":""polygon"",""all_points_x"":[402,410,413,414,412,409,406,405],""all_points_y"":[1558,1559,1529,1514,1505,1508,1538,1547]}",{}
3.png,14155830,{},1071,99,"{""name"":""polygon"",""all_points_x"":[439,442,435,432,429,426,425,422,415,414,418,420,427,430],""all_points_y"":[1431,1432,1465,1481,1496,1513,1525,1541,1551,1543,1535,1522,1486,1466]}",{}
3.png,14155830,{},1071,100,"{""name"":""polygon"",""all_points_x"":[579,587,598,611,615,617,606,589,582],""all_points_y"":[1346,1336,1321,1304,1299,1301,1317,1339,1348]}",{}
3.png,14155830,{},1071,101,"{""name"":""polygon"",""all_points_x"":[599,594,591,589,586,590,597,601,603],""all_points_y"":[1341,1362,1380,1391,1414,1414,1377,1353,1341]}",{}
3.png,14155830,{},1071,102,"{""name"":""polygon"",""all_points_x"":[592,596,592,588,585,578,575,578,579],""all_points_y"":[1488,1488,1470,1441,1422,1371,1372,1398,1406]}",{}
3.png,14155830,{},1071,103,"{""name"":""polygon"",""all_points_x"":[556,560,563,567,560],""all_points_y"":[1386,1406,1422,1419,1383]}",{}
3.png,14155830,{},1071,104,"{""name"":""polygon"",""all_points_x"":[0,5,16,31,45,58,81,100,118,140,155,157,145,127,98,77,46,28,11,0],""all_points_y"":[1717,1712,1705,1693,1683,1674,1658,1643,1632,1614,1604,1605,1617,1630,1651,1667,1688,1703,1716,1724]}",{}
3.png,14155830,{},1071,105,"{""name"":""polygon"",""all_points_x"":[154,160,170,184,203,219,231,246,264,278,275,254,232,218,197,180],""all_points_y"":[1714,1716,1705,1690,1674,1659,1649,1638,1626,1616,1614,1628,1643,1654,1673,1688]}",{}
3.png,14155830,{},1071,106,"{""name"":""polygon"",""all_points_x"":[215,219,221,226,232,240,248,245,239,230,225],""all_points_y"":[1667,1667,1657,1644,1629,1612,1592,1592,1603,1624,1635]}",{}
3.png,14155830,{},1071,107,"{""name"":""polygon"",""all_points_x"":[0,9,26,44,57,75,92,109,152,156,108,85,68,57,37,18,4,1],""all_points_y"":[1745,1739,1729,1718,1709,1698,1687,1674,1645,1646,1680,1695,1708,1714,1727,1738,1747,1749]}",{}
3.png,14155830,{},1071,108,"{""name"":""polygon"",""all_points_x"":[61,72,85,99,119,122,115,105,91,79,71,62],""all_points_y"":[1704,1694,1680,1664,1645,1647,1656,1667,1680,1692,1700,1705]}",{}
3.png,14155830,{},1071,109,"{""name"":""polygon"",""all_points_x"":[176,180,178,176,172,167,163,159,161],""all_points_y"":[1516,1514,1505,1496,1486,1458,1444,1446,1456]}",{}
3.png,14155830,{},1071,110,"{""name"":""polygon"",""all_points_x"":[503,514,531,546,565,580,588,594,598,599,591,581,568,547,535,525,522,513,504],""all_points_y"":[1567,1562,1549,1538,1525,1516,1510,1498,1498,1501,1512,1522,1531,1544,1553,1560,1565,1570,1571]}",{}
3.png,14155830,{},1071,111,"{""name"":""polygon"",""all_points_x"":[505,518,526,537,546,558,569,579,582,561,549,542,534,524,521,511,507],""all_points_y"":[1561,1550,1536,1522,1509,1496,1486,1480,1483,1497,1513,1521,1534,1546,1555,1563,1565]}",{}
3.png,14155830,{},1071,112,"{""name"":""polygon"",""all_points_x"":[126,134,143,158,163,162,153,137,131],""all_points_y"":[1641,1629,1619,1603,1604,1608,1617,1635,1644]}",{}
3.png,14155830,{},1071,113,"{""name"":""polygon"",""all_points_x"":[179,191,200,210,213,205,203,193,181],""all_points_y"":[1576,1556,1539,1523,1525,1541,1548,1563,1580]}",{}
3.png,14155830,{},1071,114,"{""name"":""polygon"",""all_points_x"":[179,181,192,209,236,263,287,297,295,279,250,232,207],""all_points_y"":[1618,1621,1610,1595,1572,1549,1532,1526,1523,1534,1556,1571,1592]}",{}
3.png,14155830,{},1071,115,"{""name"":""polygon"",""all_points_x"":[352,355,352,349,346,349],""all_points_y"":[1625,1625,1590,1575,1577,1593]}",{}
3.png,14155830,{},1071,116,"{""name"":""polygon"",""all_points_x"":[357,360,359,357,357,355,351,354,353,355],""all_points_y"":[1622,1622,1612,1596,1581,1570,1571,1583,1590,1606]}",{}
3.png,14155830,{},1071,117,"{""name"":""polygon"",""all_points_x"":[385,388,409,448,461,487,495,506,515,514,498,478,427,407,399],""all_points_y"":[1679,1681,1655,1605,1590,1561,1552,1541,1531,1529,1544,1565,1624,1649,1660]}",{}
3.png,14155830,{},1071,118,"{""name"":""polygon"",""all_points_x"":[31,33,47,72,101,125,124,80,60],""all_points_y"":[1602,1606,1602,1596,1586,1579,1576,1589,1595]}",{}
3.png,14155830,{},1071,119,"{""name"":""polygon"",""all_points_x"":[507,508,530,561,585,596,594,555],""all_points_y"":[1610,1614,1606,1596,1588,1584,1582,1595]}",{}
3.png,14155830,{},1071,120,"{""name"":""polygon"",""all_points_x"":[502,505,523,549,563,562,546,529,514],""all_points_y"":[1599,1602,1593,1578,1568,1565,1576,1586,1593]}",{}
3.png,14155830,{},1071,121,"{""name"":""polygon"",""all_points_x"":[533,536,535,533,531,531,528,528,528,529],""all_points_y"":[1623,1622,1593,1558,1524,1466,1467,1492,1524,1547]}",{}
3.png,14155830,{},1071,122,"{""name"":""polygon"",""all_points_x"":[526,530,544,562,576,589,585,572,553,543],""all_points_y"":[1661,1664,1635,1599,1570,1546,1545,1569,1605,1625]}",{}
3.png,14155830,{},1071,123,"{""name"":""polygon"",""all_points_x"":[580,581,571,544,526,519,516,526,560,577],""all_points_y"":[1539,1541,1551,1572,1586,1595,1591,1582,1555,1541]}",{}
3.png,14155830,{},1071,124,"{""name"":""polygon"",""all_points_x"":[501,505,501,499,498,498,486,485,492,494,493,495,497,498],""all_points_y"":[1686,1684,1678,1657,1646,1628,1612,1614,1629,1638,1652,1663,1677,1683]}",{}
3.png,14155830,{},1071,125,"{""name"":""polygon"",""all_points_x"":[470,476,476,479,482,486,489,490,487,485,481,476],""all_points_y"":[1651,1651,1629,1603,1573,1537,1516,1495,1495,1514,1545,1592]}",{}
3.png,14155830,{},1071,126,"{""name"":""polygon"",""all_points_x"":[442,449,448,447,451,452,455,458,463,460,455,452,449,448,444,442,442,441],""all_points_y"":[1743,1743,1729,1685,1630,1589,1549,1523,1495,1495,1518,1546,1582,1604,1661,1685,1703,1730]}",{}
3.png,14155830,{},1071,127,"{""name"":""polygon"",""all_points_x"":[417,421,425,430,436,434,427,424],""all_points_y"":[1713,1714,1691,1675,1658,1657,1676,1685]}",{}
3.png,14155830,{},1071,128,"{""name"":""polygon"",""all_points_x"":[428,431,438,451,465,471,472,474,472],""all_points_y"":[1704,1706,1691,1661,1632,1617,1616,1608,1607]}",{}
3.png,14155830,{},1071,129,"{""name"":""polygon"",""all_points_x"":[384,387,394,409,436,433,394],""all_points_y"":[1688,1690,1682,1661,1624,1624,1676]}",{}
3.png,14155830,{},1071,130,"{""name"":""polygon"",""all_points_x"":[256,262,261,260,259,259,255,254,255,255],""all_points_y"":[1817,1817,1782,1756,1711,1656,1657,1670,1740,1766]}",{}
3.png,14155830,{},1071,131,"{""name"":""polygon"",""all_points_x"":[346,348,343,336,325,315,296,285,271,264,261,274,301,323,337],""all_points_y"":[1676,1678,1688,1695,1709,1724,1750,1764,1782,1792,1788,1772,1736,1704,1689]}",{}
3.png,14155830,{},1071,132,"{""name"":""polygon"",""all_points_x"":[269,274,278,286,289,300,312,309,297,286,282],""all_points_y"":[1860,1861,1843,1796,1786,1733,1677,1677,1731,1779,1796]}",{}
3.png,14155830,{},1071,133,"{""name"":""polygon"",""all_points_x"":[210,211,219,225,234,239,243,238,233,223,214],""all_points_y"":[1758,1776,1747,1723,1689,1671,1655,1656,1672,1705,1737]}",{}
3.png,14155830,{},1071,134,"{""name"":""polygon"",""all_points_x"":[208,211,211,209,208,207,204,207,207],""all_points_y"":[1850,1849,1780,1725,1697,1678,1679,1771,1810]}",{}
3.png,14155830,{},1071,135,"{""name"":""polygon"",""all_points_x"":[221,224,217,215,206,196,190,188,202,211,211,214],""all_points_y"":[1880,1878,1847,1836,1787,1741,1716,1719,1783,1833,1842,1855]}",{}
3.png,14155830,{},1071,136,"{""name"":""polygon"",""all_points_x"":[67,72,74,75,77,80,83,86,85,80,79,77,74,72,69,68,68],""all_points_y"":[1919,1919,1886,1850,1818,1794,1767,1756,1747,1749,1771,1783,1796,1816,1860,1890,1906]}",{}
3.png,14155830,{},1071,137,"{""name"":""polygon"",""all_points_x"":[93,98,97,95,93,88,90,90,90,92],""all_points_y"":[1906,1905,1852,1810,1782,1785,1801,1830,1856,1894]}",{}
3.png,14155830,{},1071,138,"{""name"":""polygon"",""all_points_x"":[111,115,115,109,104,99,97,100,109,110],""all_points_y"":[1912,1912,1901,1881,1863,1835,1837,1857,1898,1904]}",{}
3.png,14155830,{},1071,139,"{""name"":""polygon"",""all_points_x"":[188,193,188,178,170,165,163,160,163,168,171,174,178],""all_points_y"":[1892,1891,1861,1820,1769,1733,1712,1716,1742,1780,1800,1822,1840]}",{}
3.png,14155830,{},1071,140,"{""name"":""polygon"",""all_points_x"":[0,0,5,31,53,85,116,140,150,145,122,64],""all_points_y"":[1751,1755,1752,1736,1720,1700,1679,1664,1658,1656,1671,1710]}",{}
3.png,14155830,{},1071,141,"{""name"":""polygon"",""all_points_x"":[0,0,6,24,21,8],""all_points_y"":[1676,1682,1678,1658,1655,1667]}",{}
3.png,14155830,{},1071,142,"{""name"":""polygon"",""all_points_x"":[5,7,13,18,22,47,75,71,46,40,20,14],""all_points_y"":[1660,1663,1657,1655,1653,1633,1613,1611,1628,1631,1649,1652]}",{}
3.png,14155830,{},1071,143,"{""name"":""polygon"",""all_points_x"":[61,67,65,65,65,65,62,57,59,60,60],""all_points_y"":[1796,1796,1777,1734,1709,1688,1680,1683,1687,1739,1764]}",{}
3.png,14155830,{},1071,144,"{""name"":""polygon"",""all_points_x"":[63,67,67,62,55,51,46,45,43,39,41,42,44,47,49,51,53,59],""all_points_y"":[1883,1884,1871,1853,1819,1784,1741,1728,1705,1706,1715,1737,1756,1778,1796,1818,1830,1857]}",{}
3.png,14155830,{},1071,145,"{""name"":""polygon"",""all_points_x"":[48,50,47,36,26,24,27,33,37,41],""all_points_y"":[1820,1815,1808,1776,1748,1750,1762,1779,1793,1805]}",{}
3.png,14155830,{},1071,146,"{""name"":""polygon"",""all_points_x"":[9,11,17,24,31,29,20],""all_points_y"":[1789,1788,1796,1811,1826,1828,1813]}",{}
3.png,14155830,{},1071,147,"{""name"":""polygon"",""all_points_x"":[0,4,6,8,10,7,4,2],""all_points_y"":[1784,1784,1792,1805,1817,1818,1807,1798]}",{}
3.png,14155830,{},1071,148,"{""name"":""polygon"",""all_points_x"":[0,3,7,4,0],""all_points_y"":[1796,1811,1832,1832,1816]}",{}
3.png,14155830,{},1071,149,"{""name"":""polygon"",""all_points_x"":[125,127,130,133,137,141,136,132,128,126],""all_points_y"":[1822,1822,1834,1841,1859,1877,1876,1856,1839,1833]}",{}
3.png,14155830,{},1071,150,"{""name"":""polygon"",""all_points_x"":[121,126,132,140,144,148,148,141,134],""all_points_y"":[1769,1767,1779,1795,1805,1815,1820,1808,1791]}",{}
3.png,14155830,{},1071,151,"{""name"":""polygon"",""all_points_x"":[224,227,229,230,231,228,227,226,225],""all_points_y"":[1815,1815,1795,1753,1717,1718,1736,1768,1797]}",{}
3.png,14155830,{},1071,152,"{""name"":""polygon"",""all_points_x"":[146,151,153,151,150,145,147],""all_points_y"":[1823,1823,1806,1780,1772,1774,1797]}",{}
3.png,14155830,{},1071,153,"{""name"":""polygon"",""all_points_x"":[341,344,348,352,358,365,370,367,362],""all_points_y"":[1849,1850,1835,1815,1784,1749,1722,1722,1745]}",{}
3.png,14155830,{},1071,154,"{""name"":""polygon"",""all_points_x"":[330,334,339,343,348,343],""all_points_y"":[1795,1796,1765,1749,1726,1727]}",{}
3.png,14155830,{},1071,155,"{""name"":""polygon"",""all_points_x"":[348,349,347,347,346,346,351,348,345,342,342,343,343,345],""all_points_y"":[1813,1806,1792,1770,1754,1734,1706,1705,1721,1742,1759,1771,1792,1802]}",{}
3.png,14155830,{},1071,156,"{""name"":""polygon"",""all_points_x"":[238,240,244,248,253,256,254,249],""all_points_y"":[1727,1731,1721,1706,1688,1674,1674,1686]}",{}
3.png,14155830,{},1071,157,"{""name"":""polygon"",""all_points_x"":[554,561,562,562,565,560,558,557],""all_points_y"":[1768,1769,1741,1708,1676,1677,1701,1725]}",{}
3.png,14155830,{},1071,158,"{""name"":""polygon"",""all_points_x"":[564,568,571,573,575,577,573,572,570,570],""all_points_y"":[1768,1768,1747,1718,1692,1639,1641,1667,1692,1708]}",{}
3.png,14155830,{},1071,159,"{""name"":""polygon"",""all_points_x"":[573,569,571,574,576,579,581,581,580,580,579],""all_points_y"":[1768,1768,1755,1726,1702,1657,1657,1668,1694,1700,1709]}",{}
3.png,14155830,{},1071,160,"{""name"":""polygon"",""all_points_x"":[424,430,438,444,450,454,463,475,471,465,455,446,441,436,433],""all_points_y"":[1829,1830,1803,1786,1775,1758,1733,1708,1706,1720,1741,1769,1778,1790,1796]}",{}
3.png,14155830,{},1071,161,"{""name"":""polygon"",""all_points_x"":[386,389,397,408,420,435,446,449,459,469,466,453,441,434],""all_points_y"":[1816,1818,1811,1795,1780,1760,1747,1739,1723,1711,1709,1724,1744,1752]}",{}
3.png,14155830,{},1071,162,"{""name"":""polygon"",""all_points_x"":[381,385,403,423,447,465,463,443],""all_points_y"":[1806,1811,1800,1783,1762,1747,1743,1756]}",{}
3.png,14155830,{},1071,163,"{""name"":""polygon"",""all_points_x"":[442,434,434,441,449,462,474,493,515,532,529,500,481],""all_points_y"":[1802,1812,1819,1811,1801,1784,1769,1745,1718,1697,1695,1730,1754]}",{}
3.png,14155830,{},1071,164,"{""name"":""polygon"",""all_points_x"":[444,450,460,471,482,516,507,480,466],""all_points_y"":[1859,1861,1842,1822,1795,1718,1729,1789,1816]}",{}
3.png,14155830,{},1071,165,"{""name"":""polygon"",""all_points_x"":[458,456,454,460,460,464,461],""all_points_y"":[1804,1825,1838,1828,1813,1792,1793]}",{}
3.png,14155830,{},1071,166,"{""name"":""polygon"",""all_points_x"":[291,297,300,305,309,311,306,303,299,296],""all_points_y"":[1929,1926,1908,1876,1845,1829,1830,1849,1877,1896]}",{}
3.png,14155830,{},1071,167,"{""name"":""polygon"",""all_points_x"":[287,290,293,294,295,296,292,291,288],""all_points_y"":[1930,1928,1905,1874,1853,1837,1839,1855,1896]}",{}
3.png,14155830,{},1071,168,"{""name"":""polygon"",""all_points_x"":[278,282,284,286,288,288,286,283,284,284],""all_points_y"":[1932,1931,1915,1893,1869,1850,1837,1839,1855,1867]}",{}
3.png,14155830,{},1071,169,"{""name"":""polygon"",""all_points_x"":[118,129,142,159,166,167,157,140,131,120],""all_points_y"":[1754,1764,1773,1784,1789,1786,1779,1767,1760,1753]}",{}
3.png,14155830,{},1071,170,"{""name"":""polygon"",""all_points_x"":[91,93,82,68,50,27,12,11,20,34,51,68,79,91],""all_points_y"":[1946,1943,1935,1923,1908,1888,1874,1876,1886,1898,1914,1927,1937,1946]}",{}
3.png,14155830,{},1071,171,"{""name"":""polygon"",""all_points_x"":[62,59,69,82,86,96,99,91,80],""all_points_y"":[1935,1939,1950,1966,1973,1984,1979,1970,1955]}",{}
3.png,14155830,{},1071,172,"{""name"":""polygon"",""all_points_x"":[15,20,14,7,4,2,4,7,8],""all_points_y"":[1981,1980,1954,1925,1913,1916,1931,1947,1955]}",{}
3.png,14155830,{},1071,173,"{""name"":""polygon"",""all_points_x"":[494,498,496,495,495,491,492],""all_points_y"":[1873,1872,1847,1815,1801,1803,1820]}",{}
3.png,14155830,{},1071,174,"{""name"":""polygon"",""all_points_x"":[484,488,488,487,486,483,484],""all_points_y"":[1883,1883,1863,1841,1828,1828,1848]}",{}
3.png,14155830,{},1071,175,"{""name"":""polygon"",""all_points_x"":[352,356,356,357,357,353,353,351],""all_points_y"":[1870,1870,1858,1849,1833,1833,1848,1852]}",{}
3.png,14155830,{},1071,176,"{""name"":""polygon"",""all_points_x"":[364,360,358,358,362,362,368],""all_points_y"":[1806,1818,1830,1839,1835,1827,1808]}",{}
3.png,14155830,{},1071,177,"{""name"":""polygon"",""all_points_x"":[23,28,29,32,33,34,35,32,30,29],""all_points_y"":[2068,2069,2046,2013,1989,1959,1945,1946,1973,1996]}",{}
3.png,14155830,{},1071,178,"{""name"":""polygon"",""all_points_x"":[6,10,8,3,0,1,1],""all_points_y"":[2028,2026,2014,1997,1994,2003,2009]}",{}
3.png,14155830,{},1071,179,"{""name"":""polygon"",""all_points_x"":[69,75,82,95,105,116,128,140,152,171,168,132,110,97,88],""all_points_y"":[2161,2165,2147,2112,2082,2049,2015,1982,1943,1882,1882,1988,2049,2089,2113]}",{}
3.png,14155830,{},1071,180,"{""name"":""polygon"",""all_points_x"":[1,5,12,23,33,46,42,31,17],""all_points_y"":[2189,2190,2174,2140,2110,2071,2070,2106,2148]}",{}
3.png,14155830,{},1071,181,"{""name"":""polygon"",""all_points_x"":[45,49,51,54,56,56,53,51,48,46],""all_points_y"":[2192,2192,2171,2140,2104,2093,2095,2123,2156,2172]}",{}
3.png,14155830,{},1071,182,"{""name"":""polygon"",""all_points_x"":[549,553,560,569,584,593,590,583,574,565,551],""all_points_y"":[2041,2042,2021,1990,1939,1907,1906,1928,1958,1989,2034]}",{}
3.png,14155830,{},1071,183,"{""name"":""polyline"",""all_points_x"":[600,567],""all_points_y"":[974,1022]}",{}
3.png,14155830,{},1071,184,"{""name"":""polyline"",""all_points_x"":[321,227],""all_points_y"":[1065,1193]}",{}
3.png,14155830,{},1071,185,"{""name"":""polyline"",""all_points_x"":[220,188],""all_points_y"":[1237,1275]}",{}
3.png,14155830,{},1071,186,"{""name"":""polyline"",""all_points_x"":[336,273],""all_points_y"":[1267,1322]}",{}
3.png,14155830,{},1071,187,"{""name"":""polyline"",""all_points_x"":[186,162],""all_points_y"":[1209,1230]}",{}
3.png,14155830,{},1071,188,"{""name"":""polyline"",""all_points_x"":[437,445],""all_points_y"":[1087,1126]}",{}
3.png,14155830,{},1071,189,"{""name"":""polyline"",""all_points_x"":[529,492,442],""all_points_y"":[1281,1291,1313]}",{}
3.png,14155830,{},1071,190,"{""name"":""polyline"",""all_points_x"":[76,111],""all_points_y"":[1533,1498]}",{}
3.png,14155830,{},1071,191,"{""name"":""polyline"",""all_points_x"":[69,106],""all_points_y"":[1536,1495]}",{}
3.png,14155830,{},1071,192,"{""name"":""polyline"",""all_points_x"":[21,6,2],""all_points_y"":[1579,1604,1637]}",{}
3.png,14155830,{},1071,193,"{""name"":""polygon"",""all_points_x"":[17,22,37,56,66,72,91,107,110,128,145,152,148,130,119,99,74,60,52,39],""all_points_y"":[1595,1598,1582,1558,1547,1545,1529,1517,1512,1496,1479,1473,1471,1486,1496,1515,1537,1546,1554,1568]}",{}
3.png,14155830,{},1071,194,"{""name"":""polyline"",""all_points_x"":[496,526],""all_points_y"":[1552,1580]}",{}
3.png,14155830,{},1071,195,"{""name"":""polyline"",""all_points_x"":[100,69,45],""all_points_y"":[1598,1633,1668]}",{}
3.png,14155830,{},1071,196,"{""name"":""polyline"",""all_points_x"":[178,194],""all_points_y"":[1519,1442]}",{}
3.png,14155830,{},1071,197,"{""name"":""polyline"",""all_points_x"":[41,0],""all_points_y"":[1333,1351]}",{}
3.png,14155830,{},1071,198,"{""name"":""polyline"",""all_points_x"":[0,49],""all_points_y"":[1128,1118]}",{}
3.png,14155830,{},1071,199,"{""name"":""polyline"",""all_points_x"":[248,255],""all_points_y"":[1833,1789]}",{}
3.png,14155830,{},1071,200,"{""name"":""polyline"",""all_points_x"":[274,262],""all_points_y"":[1696,1747]}",{}
3.png,14155830,{},1071,201,"{""name"":""polyline"",""all_points_x"":[272,277],""all_points_y"":[1811,1723]}",{}
3.png,14155830,{},1071,202,"{""name"":""polyline"",""all_points_x"":[419,385],""all_points_y"":[1864,1924]}",{}
3.png,14155830,{},1071,203,"{""name"":""polyline"",""all_points_x"":[450,394],""all_points_y"":[1878,1979]}",{}
3.png,14155830,{},1071,204,"{""name"":""polyline"",""all_points_x"":[530,527],""all_points_y"":[1783,1835]}",{}
3.png,14155830,{},1071,205,"{""name"":""polyline"",""all_points_x"":[517,506],""all_points_y"":[1829,1771]}",{}
3.png,14155830,{},1071,206,"{""name"":""polyline"",""all_points_x"":[515,510],""all_points_y"":[1848,1801]}",{}
3.png,14155830,{},1071,207,"{""name"":""polyline"",""all_points_x"":[411,381],""all_points_y"":[1743,1788]}",{}
3.png,14155830,{},1071,208,"{""name"":""polyline"",""all_points_x"":[225,212],""all_points_y"":[1754,1807]}",{}
3.png,14155830,{},1071,209,"{""name"":""polygon"",""all_points_x"":[197,200,210,219,236,241,238],""all_points_y"":[1976,1976,1953,1931,1889,1875,1875]}",{}
3.png,14155830,{},1071,210,"{""name"":""polygon"",""all_points_x"":[500,502,518,538,556,566,570,568],""all_points_y"":[2038,2040,2028,2010,1994,1985,1981,1979]}",{}
3.png,14155830,{},1071,211,"{""name"":""polygon"",""all_points_x"":[520,523,531,556,574,593,591,562],""all_points_y"":[2002,2005,1999,1979,1965,1949,1948,1969]}",{}
3.png,14155830,{},1071,212,"{""name"":""polygon"",""all_points_x"":[551,556,562,571,568,564],""all_points_y"":[1992,1989,1964,1935,1934,1943]}",{}
3.png,14155830,{},1071,213,"{""name"":""polygon"",""all_points_x"":[406,398,407,421,444,477,468,443,417],""all_points_y"":[1970,1977,1980,1964,1942,1910,1909,1932,1958]}",{}
3.png,14155830,{},1071,214,"{""name"":""polygon"",""all_points_x"":[384,387,393,409,430,452,464,455,441],""all_points_y"":[2024,2028,2020,2000,1972,1950,1937,1935,1951]}",{}
3.png,14155830,{},1071,215,"{""name"":""polyline"",""all_points_x"":[322,260],""all_points_y"":[1998,1952]}",{}
3.png,14155830,{},1071,216,"{""name"":""polygon"",""all_points_x"":[233,236,245,255,266,260,251,245],""all_points_y"":[2017,2020,2010,1994,1975,1974,1991,2002]}",{}
3.png,14155830,{},1071,217,"{""name"":""polygon"",""all_points_x"":[385,388,399,421,442,457,471,490,488,472,416],""all_points_y"":[2083,2086,2075,2051,2027,2010,1993,1972,1969,1987,2051]}",{}
3.png,14155830,{},1071,218,"{""name"":""polygon"",""all_points_x"":[395,398,407,420,435,451,465,477,488,485],""all_points_y"":[2068,2071,2060,2042,2018,1995,1975,1957,1942,1939]}",{}
3.png,14155830,{},1071,219,"{""name"":""polyline"",""all_points_x"":[564,527,523,513],""all_points_y"":[1866,1910,1911,1923]}",{}
3.png,14155830,{},1071,220,"{""name"":""polyline"",""all_points_x"":[163,163],""all_points_y"":[1946,2027]}",{}
3.png,14155830,{},1071,221,"{""name"":""polyline"",""all_points_x"":[167,193],""all_points_y"":[1948,2018]}",{}
3.png,14155830,{},1071,222,"{""name"":""polyline"",""all_points_x"":[167,189],""all_points_y"":[1973,2042]}",{}
3.png,14155830,{},1071,223,"{""name"":""polyline"",""all_points_x"":[91,121],""all_points_y"":[2174,2079]}",{}
3.png,14155830,{},1071,224,"{""name"":""polygon"",""all_points_x"":[389,397,405,421,440,457,473,470,449,398],""all_points_y"":[2156,2157,2141,2114,2085,2055,2033,2030,2059,2144]}",{}
3.png,14155830,{},1071,225,"{""name"":""polygon"",""all_points_x"":[373,376,389,409,424,450,458,471,470,451,438,423,397],""all_points_y"":[2164,2169,2157,2137,2122,2098,2093,2088,2083,2091,2101,2117,2141]}",{}
3.png,14155830,{},1071,226,"{""name"":""polygon"",""all_points_x"":[391,394,406,420,435,441,436,427],""all_points_y"":[2135,2138,2122,2104,2082,2072,2071,2087]}",{}
3.png,14155830,{},1071,227,"{""name"":""polygon"",""all_points_x"":[312,318,324,331,341,355,359,361,358],""all_points_y"":[2152,2152,2131,2107,2075,2036,2020,2013,2014]}",{}
3.png,14155830,{},1071,228,"{""name"":""polygon"",""all_points_x"":[333,338,338,330,323,321,320,325,333],""all_points_y"":[2064,2065,2071,2096,2120,2126,2115,2098,2071]}",{}
3.png,14155830,{},1071,229,"{""name"":""polygon"",""all_points_x"":[373,376,373,368,364,365,359,352,345,341,341,329,331,337,338,343,353,360,361],""all_points_y"":[2014,2015,2024,2034,2040,2045,2058,2070,2083,2096,2100,2116,2108,2098,2088,2075,2061,2045,2040]}",{}
3.png,14155830,{},1071,230,"{""name"":""polygon"",""all_points_x"":[70,74,70,70,63,59,57,60],""all_points_y"":[2177,2175,2164,2155,2117,2104,2108,2119]}",{}
3.png,14155830,{},1071,231,"{""name"":""polygon"",""all_points_x"":[87,93,96,107,115,120,114,105,95,92],""all_points_y"":[2208,2207,2191,2166,2144,2130,2130,2156,2182,2192]}",{}
3.png,14155830,{},1071,232,"{""name"":""polygon"",""all_points_x"":[68,75,84,97,106,118,128,140,140,149,144,139,108,80,74],""all_points_y"":[2330,2333,2307,2271,2240,2207,2175,2140,2135,2106,2104,2127,2218,2299,2317]}",{}
3.png,14155830,{},1071,233,"{""name"":""polygon"",""all_points_x"":[119,124,128,139,163,159,152],""all_points_y"":[2225,2230,2225,2197,2149,2149,2163]}",{}
3.png,14155830,{},1071,234,"{""name"":""polygon"",""all_points_x"":[148,152,158,159,177,194,193,190,187,162],""all_points_y"":[2225,2228,2223,2218,2185,2153,2151,2150,2157,2204]}",{}
3.png,14155830,{},1071,235,"{""name"":""polygon"",""all_points_x"":[174,179,181,189,197,201,198,191,182],""all_points_y"":[2165,2165,2155,2130,2108,2092,2090,2109,2138]}",{}
3.png,14155830,{},1071,236,"{""name"":""polygon"",""all_points_x"":[141,145,145,143,140,136,132,128,125,123,135],""all_points_y"":[2221,2221,2225,2233,2254,2268,2295,2312,2315,2313,2257]}",{}
3.png,14155830,{},1071,237,"{""name"":""polyline"",""all_points_x"":[6,26],""all_points_y"":[1907,1974]}",{}
3.png,14155830,{},1071,238,"{""name"":""polyline"",""all_points_x"":[87,145],""all_points_y"":[1907,2028]}",{}
3.png,14155830,{},1071,239,"{""name"":""polyline"",""all_points_x"":[105,117,129],""all_points_y"":[1859,1881,1897]}",{}
3.png,14155830,{},1071,240,"{""name"":""polyline"",""all_points_x"":[58,105],""all_points_y"":[1797,1818]}",{}
3.png,14155830,{},1071,241,"{""name"":""polyline"",""all_points_x"":[85,44],""all_points_y"":[2250,2255]}",{}
3.png,14155830,{},1071,242,"{""name"":""polyline"",""all_points_x"":[11,61],""all_points_y"":[2210,2217]}",{}
3.png,14155830,{},1071,243,"{""name"":""polyline"",""all_points_x"":[170,170],""all_points_y"":[2214,2259]}",{}
3.png,14155830,{},1071,244,"{""name"":""polyline"",""all_points_x"":[293,294],""all_points_y"":[1992,2033]}",{}
3.png,14155830,{},1071,245,"{""name"":""polyline"",""all_points_x"":[32,0],""all_points_y"":[1489,1516]}",{}
3.png,14155830,{},1071,246,"{""name"":""polygon"",""all_points_x"":[0,4,15,23,37,56,51],""all_points_y"":[2433,2436,2427,2413,2393,2370,2364]}",{}
3.png,14155830,{},1071,247,"{""name"":""polygon"",""all_points_x"":[75,82,86,90,106,121,130,149,144,127,111],""all_points_y"":[2334,2337,2334,2326,2306,2285,2272,2246,2243,2267,2290]}",{}
3.png,14155830,{},1071,248,"{""name"":""polygon"",""all_points_x"":[95,99,100,100,96,95],""all_points_y"":[2322,2321,2307,2280,2280,2305]}",{}
3.png,14155830,{},1071,249,"{""name"":""polygon"",""all_points_x"":[57,61,72,84,93,107,122,137,151,155,151,138,123],""all_points_y"":[2372,2375,2363,2346,2335,2318,2296,2275,2257,2251,2250,2265,2287]}",{}
3.png,14155830,{},1071,250,"{""name"":""polyline"",""all_points_x"":[110,154],""all_points_y"":[2374,2276]}",{}
3.png,14155830,{},1071,251,"{""name"":""polyline"",""all_points_x"":[157,176,195],""all_points_y"":[2321,2278,2217]}",{}
3.png,14155830,{},1071,252,"{""name"":""polyline"",""all_points_x"":[169,190],""all_points_y"":[2262,2295]}",{}
3.png,14155830,{},1071,253,"{""name"":""polygon"",""all_points_x"":[170,176,183,189,194,199,204,199,196,186,176,172],""all_points_y"":[2536,2519,2445,2395,2343,2303,2233,2234,2278,2374,2462,2508]}",{}
3.png,14155830,{},1071,254,"{""name"":""polygon"",""all_points_x"":[0,1,8,18,34,44,62,86,89,88,82,25,8],""all_points_y"":[2483,2491,2484,2472,2455,2441,2416,2388,2384,2379,2385,2453,2473]}",{}
3.png,14155830,{},1071,255,"{""name"":""polygon"",""all_points_x"":[31,34,41,51,64,76,90,96,93,76,64,54],""all_points_y"":[2555,2556,2543,2516,2486,2460,2429,2417,2416,2451,2477,2501]}",{}
3.png,14155830,{},1071,256,"{""name"":""polygon"",""all_points_x"":[125,131,140,156,173,192,198,212,229,240,252,263,272,285,288,287,274,268,242,231,204,182,156,138],""all_points_y"":[2598,2603,2587,2554,2520,2483,2468,2439,2406,2385,2357,2332,2312,2298,2296,2293,2304,2311,2366,2390,2442,2485,2540,2576]}",{}
3.png,14155830,{},1071,257,"{""name"":""polygon"",""all_points_x"":[298,304,304,294,272,262,259,264],""all_points_y"":[2479,2480,2476,2463,2431,2417,2419,2429]}",{}
3.png,14155830,{},1071,258,"{""name"":""polygon"",""all_points_x"":[0,3,9,11,11,7,6,2,1],""all_points_y"":[2690,2683,2657,2649,2641,2644,2653,2669,2675]}",{}
3.png,14155830,{},1071,259,"{""name"":""polygon"",""all_points_x"":[7,13,21,36,47,55,64,71,68,50,28,19,12],""all_points_y"":[2668,2659,2638,2602,2573,2553,2530,2512,2511,2553,2610,2632,2648]}",{}
3.png,14155830,{},1071,260,"{""name"":""polyline"",""all_points_x"":[20,21],""all_points_y"":[2589,2516]}",{}
3.png,14155830,{},1071,261,"{""name"":""polyline"",""all_points_x"":[134,140,144],""all_points_y"":[2658,2576,2531]}",{}
3.png,14155830,{},1071,262,"{""name"":""polyline"",""all_points_x"":[71,112,160,223],""all_points_y"":[2632,2622,2612,2602]}",{}
3.png,14155830,{},1071,263,"{""name"":""polyline"",""all_points_x"":[94,116],""all_points_y"":[2636,2581]}",{}
3.png,14155830,{},1071,264,"{""name"":""polyline"",""all_points_x"":[282,256],""all_points_y"":[2364,2425]}",{}
3.png,14155830,{},1071,265,"{""name"":""polyline"",""all_points_x"":[268,287],""all_points_y"":[2420,2366]}",{}
3.png,14155830,{},1071,266,"{""name"":""polyline"",""all_points_x"":[223,205],""all_points_y"":[2442,2478]}",{}
3.png,14155830,{},1071,267,"{""name"":""polygon"",""all_points_x"":[486,492,481,469,465,458,455,448,445,441,445,448,451,456,461,468,472],""all_points_y"":[2415,2410,2375,2333,2315,2285,2269,2225,2204,2204,2232,2249,2272,2296,2321,2348,2364]}",{}
3.png,14155830,{},1071,268,"{""name"":""polygon"",""all_points_x"":[367,369,378,386,401,411,416,421,426,423,413,398,381],""all_points_y"":[2313,2314,2301,2283,2252,2232,2221,2209,2202,2201,2217,2249,2281]}",{}
3.png,14155830,{},1071,269,"{""name"":""polygon"",""all_points_x"":[299,303,309,313,316,320,321,322,319,316,310,306,302,300],""all_points_y"":[2536,2530,2482,2450,2422,2391,2374,2357,2358,2386,2427,2466,2498,2518]}",{}
3.png,14155830,{},1071,270,"{""name"":""polygon"",""all_points_x"":[233,241,244,252,254,257,260,265,258,258,255,251,247,248,245],""all_points_y"":[2619,2619,2606,2590,2567,2562,2547,2528,2526,2536,2546,2557,2570,2583,2594]}",{}
3.png,14155830,{},1071,271,"{""name"":""polyline"",""all_points_x"":[292,263],""all_points_y"":[2417,2526]}",{}
3.png,14155830,{},1071,272,"{""name"":""polygon"",""all_points_x"":[346,347,336,314,296,269,251,230,229,239,267,299],""all_points_y"":[2128,2132,2136,2145,2152,2161,2167,2174,2169,2167,2157,2145]}",{}
3.png,14155830,{},1071,273,"{""name"":""polygon"",""all_points_x"":[212,216,225,236,245,259,269,279,290,296,305,302,294,290,282,272,266,256,242],""all_points_y"":[2360,2360,2332,2291,2261,2221,2191,2166,2142,2122,2097,2094,2117,2125,2146,2172,2185,2217,2256]}",{}
3.png,14155830,{},1071,274,"{""name"":""polygon"",""all_points_x"":[234,229,228,231,242,253,263,279,279,291,304,305,301,291,282,271,247],""all_points_y"":[2302,2319,2329,2329,2304,2274,2242,2196,2191,2158,2125,2117,2117,2143,2165,2198,2272]}",{}
3.png,14155830,{},1071,275,"{""name"":""polygon"",""all_points_x"":[259,263,269,279,293,305,319,315,290,278],""all_points_y"":[2282,2283,2271,2250,2215,2187,2156,2154,2210,2241]}",{}
3.png,14155830,{},1071,276,"{""name"":""polygon"",""all_points_x"":[257,261,278,280,303,320,324,340,353,356,353,310,287],""all_points_y"":[2614,2617,2586,2580,2538,2505,2495,2466,2440,2433,2432,2516,2560]}",{}
3.png,14155830,{},1071,277,"{""name"":""polyline"",""all_points_x"":[596,535],""all_points_y"":[1800,1856]}",{}
3.png,14155830,{},1071,278,"{""name"":""polygon"",""all_points_x"":[338,343,350,360,372,381,384,380,371,357,350],""all_points_y"":[2296,2296,2265,2221,2170,2135,2123,2125,2155,2214,2247]}",{}
3.png,14155830,{},1071,279,"{""name"":""polygon"",""all_points_x"":[306,321,337,349,367,371,386,390,383,370,351,336,323,308],""all_points_y"":[2246,2223,2196,2174,2145,2141,2117,2122,2132,2153,2181,2203,2226,2249]}",{}
3.png,14155830,{},1071,280,"{""name"":""polygon"",""all_points_x"":[363,364,366,361,356,352,345,341,335,327,336],""all_points_y"":[2124,2124,2125,2136,2149,2160,2174,2183,2201,2212,2188]}",{}
3.png,14155830,{},1071,281,"{""name"":""polygon"",""all_points_x"":[222,229,233,241,246,254,247,237,231,226],""all_points_y"":[2295,2295,2269,2244,2230,2216,2216,2237,2258,2275]}",{}
3.png,14155830,{},1071,282,"{""name"":""polygon"",""all_points_x"":[311,315,317,324,332,342,347,351,349,338,333,321,317],""all_points_y"":[2302,2301,2294,2273,2245,2215,2201,2186,2185,2218,2231,2270,2285]}",{}
3.png,14155830,{},1071,283,"{""name"":""polygon"",""all_points_x"":[405,408,425,450,470,487,509,526,537,534,501],""all_points_y"":[2181,2183,2173,2156,2143,2132,2118,2107,2099,2098,2119]}",{}
3.png,14155830,{},1071,284,"{""name"":""polygon"",""all_points_x"":[456,438,415,400,394,396,403,414,437,458],""all_points_y"":[2200,2220,2251,2270,2279,2281,2274,2260,2230,2203]}",{}
3.png,14155830,{},1071,285,"{""name"":""polygon"",""all_points_x"":[455,459,467,476,482,484,488,484,479,478],""all_points_y"":[2258,2260,2244,2230,2217,2205,2195,2194,2207,2216]}",{}
3.png,14155830,{},1071,286,"{""name"":""polygon"",""all_points_x"":[457,460,467,468,482,486,490,503,499,484,483,471],""all_points_y"":[2264,2266,2257,2254,2238,2233,2224,2209,2208,2225,2232,2245]}",{}
3.png,14155830,{},1071,287,"{""name"":""polyline"",""all_points_x"":[384,470],""all_points_y"":[2417,2285]}",{}
3.png,14155830,{},1071,288,"{""name"":""polyline"",""all_points_x"":[580,573],""all_points_y"":[2315,2430]}",{}
3.png,14155830,{},1071,289,"{""name"":""polyline"",""all_points_x"":[537,473,428],""all_points_y"":[2402,2440,2469]}",{}
3.png,14155830,{},1071,290,"{""name"":""polyline"",""all_points_x"":[391,454,472],""all_points_y"":[2504,2458,2444]}",{}
3.png,14155830,{},1071,291,"{""name"":""polyline"",""all_points_x"":[310,291],""all_points_y"":[2278,2354]}",{}
3.png,14155830,{},1071,292,"{""name"":""polygon"",""all_points_x"":[304,308,315,325,336,350,350,361,371,372,360,350,324,312],""all_points_y"":[2314,2317,2309,2299,2292,2284,2282,2276,2275,2273,2273,2278,2295,2303]}",{}
3.png,14155830,{},1071,293,"{""name"":""polygon"",""all_points_x"":[153,157,165,172,178,176,171],""all_points_y"":[2478,2479,2463,2449,2433,2431,2440]}",{}
3.png,14155830,{},1071,294,"{""name"":""polygon"",""all_points_x"":[591,596,608,625,640,637,615,605],""all_points_y"":[2295,2298,2269,2228,2189,2189,2244,2266]}",{}
3.png,14155830,{},1071,295,"{""name"":""polygon"",""all_points_x"":[618,622,625,629,635,639,635,630,624],""all_points_y"":[2299,2299,2288,2268,2249,2238,2237,2254,2271]}",{}
3.png,14155830,{},1071,296,"{""name"":""polygon"",""all_points_x"":[439,444,452,465,475,474,465],""all_points_y"":[2414,2418,2406,2389,2374,2369,2380]}",{}
3.png,14155830,{},1071,297,"{""name"":""polygon"",""all_points_x"":[499,503,503,502,498,494,491,495,497],""all_points_y"":[2280,2281,2302,2326,2334,2371,2370,2332,2324]}",{}
3.png,14155830,{},1071,298,"{""name"":""polyline"",""all_points_x"":[493,506],""all_points_y"":[2283,2372]}",{}
3.png,14155830,{},1071,299,"{""name"":""polyline"",""all_points_x"":[513,502],""all_points_y"":[2285,2350]}",{}
3.png,14155830,{},1071,300,"{""name"":""polyline"",""all_points_x"":[501,500],""all_points_y"":[2330,2369]}",{}
3.png,14155830,{},1071,301,"{""name"":""polyline"",""all_points_x"":[526,505],""all_points_y"":[2255,2356]}",{}
3.png,14155830,{},1071,302,"{""name"":""polyline"",""all_points_x"":[559,558],""all_points_y"":[2262,2329]}",{}
3.png,14155830,{},1071,303,"{""name"":""polygon"",""all_points_x"":[514,520,520,520,518,513,512,512],""all_points_y"":[2392,2392,2346,2327,2318,2320,2341,2363]}",{}
3.png,14155830,{},1071,304,"{""name"":""polygon"",""all_points_x"":[294,316,334,339,324,310,295],""all_points_y"":[2347,2338,2328,2334,2342,2348,2353]}",{}
3.png,14155830,{},1071,305,"{""name"":""polyline"",""all_points_x"":[207,192],""all_points_y"":[2350,2401]}",{}
3.png,14155830,{},1071,306,"{""name"":""polyline"",""all_points_x"":[259,226],""all_points_y"":[2292,2363]}",{}
3.png,14155830,{},1071,307,"{""name"":""polyline"",""all_points_x"":[250,228],""all_points_y"":[2299,2347]}",{}
3.png,14155830,{},1071,308,"{""name"":""polyline"",""all_points_x"":[424,304],""all_points_y"":[2485,2588]}",{}
3.png,14155830,{},1071,309,"{""name"":""polyline"",""all_points_x"":[57,38],""all_points_y"":[2601,2637]}",{}
3.png,14155830,{},1071,310,"{""name"":""polyline"",""all_points_x"":[30,8],""all_points_y"":[2648,2704]}",{}
3.png,14155830,{},1071,311,"{""name"":""polyline"",""all_points_x"":[168,307],""all_points_y"":[2719,2628]}",{}
3.png,14155830,{},1071,312,"{""name"":""polygon"",""all_points_x"":[487,502,524,541,560,570,581,578,554,518,493,487],""all_points_y"":[2564,2572,2587,2598,2612,2619,2626,2628,2613,2588,2571,2566]}",{}
3.png,14155830,{},1071,313,"{""name"":""polygon"",""all_points_x"":[490,496,498,502,504,501,496,494],""all_points_y"":[2591,2591,2562,2531,2513,2513,2541,2562]}",{}
3.png,14155830,{},1071,314,"{""name"":""polygon"",""all_points_x"":[489,493,495,499,502,500,495,493],""all_points_y"":[2564,2565,2545,2521,2507,2506,2517,2530]}",{}
3.png,14155830,{},1071,315,"{""name"":""polygon"",""all_points_x"":[425,428,444,460,477,491,488,468],""all_points_y"":[2541,2543,2529,2516,2499,2487,2486,2502]}",{}
3.png,14155830,{},1071,316,"{""name"":""polygon"",""all_points_x"":[326,329,340,358,376,385,387,387,378,376,360,343,331],""all_points_y"":[2523,2530,2520,2507,2490,2481,2474,2469,2479,2484,2500,2509,2521]}",{}
3.png,14155830,{},1071,317,"{""name"":""polygon"",""all_points_x"":[316,322,324,327,324,323],""all_points_y"":[2572,2569,2534,2503,2500,2506]}",{}
3.png,14155830,{},1071,318,"{""name"":""polygon"",""all_points_x"":[323,323,322,321,327,327,328],""all_points_y"":[2423,2440,2465,2489,2482,2454,2422]}",{}
3.png,14155830,{},1071,319,"{""name"":""polyline"",""all_points_x"":[178,135],""all_points_y"":[2531,2605]}",{}
3.png,14155830,{},1071,320,"{""name"":""polygon"",""all_points_x"":[162,167,169,173,173,170,167,163],""all_points_y"":[2596,2595,2568,2551,2541,2548,2560,2581]}",{}
3.png,14155830,{},1071,321,"{""name"":""polygon"",""all_points_x"":[159,163,158,151,144,140],""all_points_y"":[2413,2416,2438,2468,2497,2493]}",{}
3.png,14155830,{},1071,322,"{""name"":""polygon"",""all_points_x"":[551,539,524,511,513,530,547,551],""all_points_y"":[2458,2459,2461,2463,2467,2464,2462,2463]}",{}
3.png,14155830,{},1071,323,"{""name"":""polygon"",""all_points_x"":[482,490,494,497,493,486],""all_points_y"":[2374,2396,2410,2409,2393,2372]}",{}
3.png,14155830,{},1071,324,"{""name"":""polygon"",""all_points_x"":[160,163,168,175,184,181,175],""all_points_y"":[1633,1633,1615,1583,1554,1552,1569]}",{}
3.png,14155830,{},1071,325,"{""name"":""polygon"",""all_points_x"":[509,506,526,543,555,559,547],""all_points_y"":[2587,2591,2605,2618,2628,2626,2617]}",{}
3.png,14155830,{},1071,326,"{""name"":""polygon"",""all_points_x"":[303,305,318,339,365,391,429,449,480,501,517,516,498,459,436,378,344,319],""all_points_y"":[2688,2693,2692,2690,2686,2685,2682,2682,2682,2681,2681,2677,2678,2678,2679,2681,2685,2687]}",{}
3.png,14155830,{},1071,327,"{""name"":""polygon"",""all_points_x"":[210,214,217,221,222,226,223,218,214],""all_points_y"":[2671,2671,2658,2640,2631,2615,2615,2636,2656]}",{}
3.png,14155830,{},1071,328,"{""name"":""polygon"",""all_points_x"":[24,30,39,60,77,90,90,86],""all_points_y"":[2491,2495,2481,2448,2424,2404,2399,2401]}",{}
3.png,14155830,{},1071,329,"{""name"":""polygon"",""all_points_x"":[151,156,151,142,132,128,133,142],""all_points_y"":[2856,2854,2830,2799,2757,2759,2779,2815]}",{}
3.png,14155830,{},1071,330,"{""name"":""polygon"",""all_points_x"":[126,130,142,159,187,221,252,277,309,333,358,371,369,335,306,285,253],""all_points_y"":[2883,2890,2877,2859,2832,2799,2770,2747,2719,2699,2678,2666,2665,2693,2716,2735,2763]}",{}
3.png,14155830,{},1071,331,"{""name"":""polygon"",""all_points_x"":[153,156,163,166,170,177,188,196,203,201,195,179,169,160],""all_points_y"":[2807,2805,2815,2825,2844,2869,2905,2926,2941,2943,2933,2889,2851,2818]}",{}
3.png,14155830,{},1071,332,"{""name"":""polygon"",""all_points_x"":[418,423,426,434,437,434,428,424],""all_points_y"":[2837,2838,2808,2766,2744,2744,2774,2799]}",{}
3.png,14155830,{},1071,333,"{""name"":""polygon"",""all_points_x"":[195,202,214,228,239,240,230,221,207,199,196],""all_points_y"":[2922,2919,2914,2909,2905,2907,2912,2916,2920,2923,2925]}",{}
3.png,14155830,{},1071,334,"{""name"":""polygon"",""all_points_x"":[210,212,214,216,219,219,215],""all_points_y"":[2885,2885,2892,2905,2917,2924,2924]}",{}
3.png,14155830,{},1071,335,"{""name"":""polygon"",""all_points_x"":[171,144,129,119,127,142,159,169,183,197,193],""all_points_y"":[2870,2895,2910,2923,2931,2912,2891,2880,2867,2848,2843]}",{}
3.png,14155830,{},1071,336,"{""name"":""polygon"",""all_points_x"":[0,0,7,15,23,31,34,46,54,61,58,51,38,18,10],""all_points_y"":[3023,3040,3026,3013,2998,2978,2968,2944,2927,2910,2907,2924,2951,2990,3008]}",{}
3.png,14155830,{},1071,337,"{""name"":""polygon"",""all_points_x"":[70,64,50,40,35,37,44,53,66,74],""all_points_y"":[2736,2743,2759,2769,2775,2778,2774,2765,2749,2738]}",{}
3.png,14155830,{},1071,338,"{""name"":""polyline"",""all_points_x"":[74,56],""all_points_y"":[2684,2723]}",{}
3.png,14155830,{},1071,339,"{""name"":""polyline"",""all_points_x"":[56,37],""all_points_y"":[2743,2769]}",{}
3.png,14155830,{},1071,340,"{""name"":""polyline"",""all_points_x"":[48,27],""all_points_y"":[2741,2784]}",{}
3.png,14155830,{},1071,341,"{""name"":""polyline"",""all_points_x"":[174,158],""all_points_y"":[2615,2645]}",{}
3.png,14155830,{},1071,342,"{""name"":""polyline"",""all_points_x"":[176,160],""all_points_y"":[2620,2655]}",{}
3.png,14155830,{},1071,343,"{""name"":""polyline"",""all_points_x"":[430,367],""all_points_y"":[2640,2680]}",{}
3.png,14155830,{},1071,344,"{""name"":""polyline"",""all_points_x"":[438,409],""all_points_y"":[2595,2632]}",{}
3.png,14155830,{},1071,345,"{""name"":""polyline"",""all_points_x"":[487,460],""all_points_y"":[2472,2491]}",{}
3.png,14155830,{},1071,346,"{""name"":""polyline"",""all_points_x"":[491,463],""all_points_y"":[2478,2495]}",{}
3.png,14155830,{},1071,347,"{""name"":""polyline"",""all_points_x"":[481,543,610],""all_points_y"":[2544,2514,2486]}",{}
3.png,14155830,{},1071,348,"{""name"":""polyline"",""all_points_x"":[591,597],""all_points_y"":[2419,2520]}",{}
3.png,14155830,{},1071,349,"{""name"":""polyline"",""all_points_x"":[110,96,76,53],""all_points_y"":[2909,2944,2979,3014]}",{}
3.png,14155830,{},1071,350,"{""name"":""polyline"",""all_points_x"":[104,78],""all_points_y"":[2888,2965]}",{}
3.png,14155830,{},1071,351,"{""name"":""polyline"",""all_points_x"":[82,109],""all_points_y"":[2909,2842]}",{}
3.png,14155830,{},1071,352,"{""name"":""polyline"",""all_points_x"":[137,157],""all_points_y"":[2850,2917]}",{}
3.png,14155830,{},1071,353,"{""name"":""polyline"",""all_points_x"":[295,247],""all_points_y"":[2948,2971]}",{}
3.png,14155830,{},1071,354,"{""name"":""polygon"",""all_points_x"":[339,342,356,374,401,432,459,473,469,446,426,395],""all_points_y"":[3046,3050,3043,3036,3027,3016,3003,2996,2992,3005,3014,3024]}",{}
3.png,14155830,{},1071,355,"{""name"":""polygon"",""all_points_x"":[375,358,339,320,326,334,357,370,377],""all_points_y"":[3038,3048,3059,3070,3071,3066,3053,3044,3039]}",{}
3.png,14155830,{},1071,356,"{""name"":""polygon"",""all_points_x"":[350,353,365,375,391,404,403,386,372],""all_points_y"":[3009,3013,3006,3000,2993,2989,2986,2992,2997]}",{}
3.png,14155830,{},1071,357,"{""name"":""polygon"",""all_points_x"":[47,66,88,102,115,132,140,143,127,104,82,69,55],""all_points_y"":[3071,3054,3029,3014,3000,2978,2969,2971,2992,3016,3042,3055,3072]}",{}
3.png,14155830,{},1071,358,"{""name"":""polygon"",""all_points_x"":[566,572,581,592,586],""all_points_y"":[2996,2998,2967,2935,2935]}",{}
3.png,14155830,{},1071,359,"{""name"":""polyline"",""all_points_x"":[538,550],""all_points_y"":[3003,3049]}",{}
3.png,14155830,{},1071,360,"{""name"":""polyline"",""all_points_x"":[515,521],""all_points_y"":[3008,3070]}",{}
3.png,14155830,{},1071,361,"{""name"":""polyline"",""all_points_x"":[96,85,81],""all_points_y"":[2979,3013,3032]}",{}
3.png,14155830,{},1071,362,"{""name"":""polyline"",""all_points_x"":[62,61,56,52],""all_points_y"":[3010,3031,3054,3065]}",{}
3.png,14155830,{},1071,363,"{""name"":""polyline"",""all_points_x"":[199,191],""all_points_y"":[2877,2904]}",{}
3.png,14155830,{},1071,364,"{""name"":""polyline"",""all_points_x"":[443,402],""all_points_y"":[2512,2549]}",{}
3.png,14155830,{},1071,365,"{""name"":""polyline"",""all_points_x"":[339,331],""all_points_y"":[2372,2436]}",{}
3.png,14155830,{},1071,366,"{""name"":""polyline"",""all_points_x"":[223,203],""all_points_y"":[2318,2344]}",{}
3.png,14155830,{},1071,367,"{""name"":""polyline"",""all_points_x"":[543,545],""all_points_y"":[2375,2339]}",{}
3.png,14155830,{},1071,368,"{""name"":""polyline"",""all_points_x"":[544,542],""all_points_y"":[2259,2287]}",{}
3.png,14155830,{},1071,369,"{""name"":""polyline"",""all_points_x"":[422,402],""all_points_y"":[2336,2366]}",{}
3.png,14155830,{},1071,370,"{""name"":""polyline"",""all_points_x"":[441,425],""all_points_y"":[2295,2320]}",{}
3.png,14155830,{},1071,371,"{""name"":""polygon"",""all_points_x"":[646,650,651,648,644,641,637,635,638,641,644,646],""all_points_y"":[1731,1729,1709,1669,1637,1607,1578,1579,1613,1646,1673,1707]}",{}
3.png,14155830,{},1071,372,"{""name"":""polygon"",""all_points_x"":[654,657,654,650,646,651],""all_points_y"":[1578,1579,1598,1625,1623,1598]}",{}
3.png,14155830,{},1071,373,"{""name"":""polygon"",""all_points_x"":[619,627,631,625,621],""all_points_y"":[1559,1593,1591,1567,1558]}",{}
3.png,14155830,{},1071,374,"{""name"":""polygon"",""all_points_x"":[613,607,603,608,611,614,616],""all_points_y"":[1561,1595,1623,1622,1600,1578,1563]}",{}
3.png,14155830,{},1071,375,"{""name"":""polygon"",""all_points_x"":[621,628,621,615,611,615,618],""all_points_y"":[1645,1642,1615,1585,1587,1606,1622]}",{}
3.png,14155830,{},1071,376,"{""name"":""polyline"",""all_points_x"":[633,624],""all_points_y"":[1582,1610]}",{}
3.png,14155830,{},1071,377,"{""name"":""polyline"",""all_points_x"":[407,373],""all_points_y"":[1262,1288]}",{}
3.png,14155830,{},1071,378,"{""name"":""polyline"",""all_points_x"":[409,387],""all_points_y"":[1499,1525]}",{}
3.png,14155830,{},1071,379,"{""name"":""polygon"",""all_points_x"":[246,250,253,260,269,272,269,260,250,248],""all_points_y"":[1742,1742,1720,1702,1672,1661,1660,1689,1719,1724]}",{}
3.png,14155830,{},1071,380,"{""name"":""polygon"",""all_points_x"":[539,541,528,511,499,498,511,532],""all_points_y"":[2615,2619,2625,2632,2636,2632,2627,2619]}",{}
3.png,14155830,{},1071,381,"{""name"":""polygon"",""all_points_x"":[274,277,287,303,296],""all_points_y"":[2715,2713,2743,2779,2781]}",{}
3.png,14155830,{},1071,382,"{""name"":""polygon"",""all_points_x"":[484,513,512,484],""all_points_y"":[2700,2705,2709,2704]}",{}
3.png,14155830,{},1071,383,"{""name"":""polygon"",""all_points_x"":[55,59,67,73,67,63],""all_points_y"":[2864,2866,2851,2830,2830,2850]}",{}
3.png,14155830,{},1071,384,"{""name"":""polyline"",""all_points_x"":[5,52],""all_points_y"":[3068,3013]}",{}
3.png,14155830,{},1071,385,"{""name"":""polyline"",""all_points_x"":[70,34],""all_points_y"":[3000,3044]}",{}
3.png,14155830,{},1071,386,"{""name"":""polyline"",""all_points_x"":[163,130],""all_points_y"":[2937,2920]}",{}
3.png,14155830,{},1071,387,"{""name"":""polyline"",""all_points_x"":[93,67],""all_points_y"":[2829,2852]}",{}
3.png,14155830,{},1071,388,"{""name"":""polyline"",""all_points_x"":[23,22],""all_points_y"":[2934,3003]}",{}
3.png,14155830,{},1071,389,"{""name"":""polyline"",""all_points_x"":[444,446],""all_points_y"":[2878,2928]}",{}
3.png,14155830,{},1071,390,"{""name"":""polygon"",""all_points_x"":[349,354,355,359,359,355,354],""all_points_y"":[2734,2736,2731,2705,2690,2691,2705]}",{}
3.png,14155830,{},1071,391,"{""name"":""polyline"",""all_points_x"":[525,500],""all_points_y"":[2533,2557]}",{}
3.png,14155830,{},1071,392,"{""name"":""polyline"",""all_points_x"":[560,537],""all_points_y"":[2566,2593]}",{}
3.png,14155830,{},1071,393,"{""name"":""polyline"",""all_points_x"":[361,336],""all_points_y"":[2569,2584]}",{}
3.png,14155830,{},1071,394,"{""name"":""polyline"",""all_points_x"":[139,114],""all_points_y"":[2535,2578]}",{}
3.png,14155830,{},1071,395,"{""name"":""polyline"",""all_points_x"":[135,132],""all_points_y"":[2549,2580]}",{}
3.png,14155830,{},1071,396,"{""name"":""polyline"",""all_points_x"":[248,269],""all_points_y"":[2441,2407]}",{}
3.png,14155830,{},1071,397,"{""name"":""polyline"",""all_points_x"":[172,175],""all_points_y"":[2296,2361]}",{}
3.png,14155830,{},1071,398,"{""name"":""polyline"",""all_points_x"":[49,79],""all_points_y"":[2078,2104]}",{}
3.png,14155830,{},1071,399,"{""name"":""polyline"",""all_points_x"":[115,155],""all_points_y"":[1807,1829]}",{}
3.png,14155830,{},1071,400,"{""name"":""polyline"",""all_points_x"":[550,534],""all_points_y"":[1648,1676]}",{}
3.png,14155830,{},1071,401,"{""name"":""polyline"",""all_points_x"":[382,397,430,453],""all_points_y"":[1411,1415,1410,1411]}",{}
3.png,14155830,{},1071,402,"{""name"":""polyline"",""all_points_x"":[546,515],""all_points_y"":[1323,1356]}",{}
3.png,14155830,{},1071,403,"{""name"":""polyline"",""all_points_x"":[528,502],""all_points_y"":[1316,1337]}",{}
3.png,14155830,{},1071,404,"{""name"":""polyline"",""all_points_x"":[216,177],""all_points_y"":[786,797]}",{}
3.png,14155830,{},1071,405,"{""name"":""polyline"",""all_points_x"":[213,259],""all_points_y"":[815,821]}",{}
3.png,14155830,{},1071,406,"{""name"":""polyline"",""all_points_x"":[488,481],""all_points_y"":[2327,2370]}",{}
3.png,14155830,{},1071,407,"{""name"":""polyline"",""all_points_x"":[463,452],""all_points_y"":[2335,2372]}",{}
3.png,14155830,{},1071,408,"{""name"":""polyline"",""all_points_x"":[303,313],""all_points_y"":[2861,2902]}",{}
3.png,14155830,{},1071,409,"{""name"":""polyline"",""all_points_x"":[301,288],""all_points_y"":[2867,2911]}",{}
3.png,14155830,{},1071,410,"{""name"":""polyline"",""all_points_x"":[94,70],""all_points_y"":[2906,2943]}",{}
3.png,14155830,{},1071,411,"{""name"":""polyline"",""all_points_x"":[249,319],""all_points_y"":[2955,2889]}",{}
3.png,14155830,{},1071,412,"{""name"":""polyline"",""all_points_x"":[232,251,274],""all_points_y"":[3054,3036,3026]}",{}
3.png,14155830,{},1071,413,"{""name"":""polygon"",""all_points_x"":[483,492,506,518,517,506,486,482],""all_points_y"":[618,620,627,636,639,631,622,620]}",{}
3.png,14155830,{},1071,414,"{""name"":""polygon"",""all_points_x"":[198,216,231,232,230,212,196],""all_points_y"":[195,200,205,207,211,204,199]}",{}
3.png,14155830,{},1071,415,"{""name"":""polygon"",""all_points_x"":[999,990,977,967,960,967,975,984,994,1002],""all_points_y"":[459,467,477,493,506,508,492,478,471,460]}",{}
3.png,14155830,{},1071,416,"{""name"":""polygon"",""all_points_x"":[851,857,857,863,868,868,863,862,859,859],""all_points_y"":[409,407,415,436,440,456,455,445,440,435]}",{}
3.png,14155830,{},1071,417,"{""name"":""polygon"",""all_points_x"":[858,862,856,852,848,855],""all_points_y"":[454,450,431,416,419,443]}",{}
3.png,14155830,{},1071,418,"{""name"":""polygon"",""all_points_x"":[906,921,932,930,916,904],""all_points_y"":[374,382,388,391,385,376]}",{}
3.png,14155830,{},1071,419,"{""name"":""polygon"",""all_points_x"":[942,947,941,931,919,913,910,918,932],""all_points_y"":[581,586,594,603,616,623,616,608,593]}",{}
3.png,14155830,{},1071,420,"{""name"":""polygon"",""all_points_x"":[960,971,984,1005,1018,1015,993,975,966,957],""all_points_y"":[601,608,612,619,625,629,621,614,611,602]}",{}
3.png,14155830,{},1071,421,"{""name"":""polygon"",""all_points_x"":[979,983,989,996,1000,1002,999,995,993,988],""all_points_y"":[634,636,625,606,588,576,576,593,603,614]}",{}
3.png,14155830,{},1071,422,"{""name"":""polygon"",""all_points_x"":[670,673,666,656,648,642,649,654,663],""all_points_y"":[799,802,806,815,823,822,814,809,803]}",{}
3.png,14155830,{},1071,423,"{""name"":""polygon"",""all_points_x"":[637,640,644,653,668,665,657,647],""all_points_y"":[815,819,816,809,798,795,800,808]}",{}
3.png,14155830,{},1071,424,"{""name"":""polygon"",""all_points_x"":[763,766,755,738,718,708,704,711,726,745,759],""all_points_y"":[783,789,797,809,821,829,827,820,811,799,789]}",{}
3.png,14155830,{},1071,425,"{""name"":""polygon"",""all_points_x"":[751,751,760,774,788,811,808,790,772],""all_points_y"":[803,808,804,797,790,776,772,783,794]}",{}
3.png,14155830,{},1071,426,"{""name"":""polygon"",""all_points_x"":[598,602,605,612,619,615,610,602],""all_points_y"":[867,869,863,851,841,841,847,857]}",{}
3.png,14155830,{},1071,427,"{""name"":""polygon"",""all_points_x"":[761,743,746,757,766,780,789,803,830,857,883,913,941,973,982,980,958,938,922,900,869,835,809,789],""all_points_y"":[887,897,900,895,892,891,892,888,882,874,866,857,849,837,833,832,839,846,851,857,866,875,882,886]}",{}
3.png,14155830,{},1071,428,"{""name"":""polygon"",""all_points_x"":[645,648,658,675,696,693,680],""all_points_y"":[988,991,983,967,946,945,955]}",{}
3.png,14155830,{},1071,429,"{""name"":""polygon"",""all_points_x"":[619,622,632,648,665,662,644,632],""all_points_y"":[985,988,980,966,950,949,965,976]}",{}
3.png,14155830,{},1071,430,"{""name"":""polygon"",""all_points_x"":[797,810,815,816,804,796,787,777,769,761,745,733,729,724,720,729,730,757,776,787],""all_points_y"":[828,816,812,815,828,836,841,850,859,867,880,892,892,898,896,889,889,864,846,837]}",{}
3.png,14155830,{},1071,431,"{""name"":""polygon"",""all_points_x"":[787,789,779,765,749,730,725,718,716,725,753,778],""all_points_y"":[802,805,812,821,830,842,843,848,843,840,823,808]}",{}
3.png,14155830,{},1071,432,"{""name"":""polygon"",""all_points_x"":[698,704,712,728,727,724,721],""all_points_y"":[1027,1027,1014,991,988,988,990]}",{}
3.png,14155830,{},1071,433,"{""name"":""polygon"",""all_points_x"":[707,709,726,748,769,802,840,860,879,908,909,906,865,828,807,775,743],""all_points_y"":[1006,1011,1004,994,984,969,950,941,932,920,917,917,934,951,962,976,991]}",{}
3.png,14155830,{},1071,434,"{""name"":""polygon"",""all_points_x"":[899,894,900,909,930,968,993,1024,1044,1048,1049,1037,1016,955,933],""all_points_y"":[934,946,945,939,931,917,907,897,890,890,885,888,895,916,924]}",{}
3.png,14155830,{},1071,435,"{""name"":""polygon"",""all_points_x"":[853,853,865,884,907,931,945,962,985,1007,1023,1023,1014,985,958,941,912],""all_points_y"":[801,806,803,797,792,785,779,774,764,756,749,746,750,761,771,776,785]}",{}
3.png,14155830,{},1071,436,"{""name"":""polygon"",""all_points_x"":[905,906,916,935,954,976,993,1017,1040,1056,1054,1039,1017,1003,990,966,946,920,909],""all_points_y"":[726,730,731,732,733,731,729,725,719,714,712,716,721,724,726,729,730,728,727]}",{}
3.png,14155830,{},1071,437,"{""name"":""polygon"",""all_points_x"":[846,849,843,837,829,823,819,809,799,798,812,815],""all_points_y"":[827,830,837,843,854,861,865,872,881,877,865,863]}",{}
3.png,14155830,{},1071,438,"{""name"":""polyline"",""all_points_x"":[746,720],""all_points_y"":[773,798]}",{}
3.png,14155830,{},1071,439,"{""name"":""polyline"",""all_points_x"":[742,796],""all_points_y"":[925,867]}",{}
3.png,14155830,{},1071,440,"{""name"":""polyline"",""all_points_x"":[963,916],""all_points_y"":[869,901]}",{}
3.png,14155830,{},1071,441,"{""name"":""polyline"",""all_points_x"":[934,984],""all_points_y"":[819,767]}",{}
3.png,14155830,{},1071,442,"{""name"":""polyline"",""all_points_x"":[993,980,970],""all_points_y"":[678,701,713]}",{}
3.png,14155830,{},1071,443,"{""name"":""polyline"",""all_points_x"":[955,998],""all_points_y"":[692,671]}",{}
3.png,14155830,{},1071,444,"{""name"":""polyline"",""all_points_x"":[633,689],""all_points_y"":[906,880]}",{}
3.png,14155830,{},1071,445,"{""name"":""polyline"",""all_points_x"":[675,648],""all_points_y"":[972,1015]}",{}
3.png,14155830,{},1071,446,"{""name"":""polyline"",""all_points_x"":[598,622],""all_points_y"":[1003,1019]}",{}
3.png,14155830,{},1071,447,"{""name"":""polyline"",""all_points_x"":[697,649],""all_points_y"":[971,1028]}",{}
3.png,14155830,{},1071,448,"{""name"":""polygon"",""all_points_x"":[653,655,665,674,689,705,713,718,714,699,677],""all_points_y"":[1029,1031,1018,1014,995,971,962,956,956,970,997]}",{}
3.png,14155830,{},1071,449,"{""name"":""polyline"",""all_points_x"":[822,790],""all_points_y"":[936,967]}",{}
3.png,14155830,{},1071,450,"{""name"":""polyline"",""all_points_x"":[815,789,771],""all_points_y"":[965,980,995]}",{}
3.png,14155830,{},1071,451,"{""name"":""polygon"",""all_points_x"":[747,748,761,777,796,813,829,839,857,870,886,895,894,869,843,825,797,763],""all_points_y"":[1011,1015,1007,997,986,974,965,958,948,942,933,929,926,938,950,962,980,1001]}",{}
3.png,14155830,{},1071,452,"{""name"":""polygon"",""all_points_x"":[975,985,996,999,1004,998,986,977],""all_points_y"":[780,808,834,839,836,823,798,778]}",{}
3.png,14155830,{},1071,453,"{""name"":""polygon"",""all_points_x"":[880,884,900,920,934,959,971,969,961,928,909],""all_points_y"":[975,979,969,957,945,931,923,920,924,945,956]}",{}
3.png,14155830,{},1071,454,"{""name"":""polygon"",""all_points_x"":[681,684,697,712,730,746,755,751,730,709,699],""all_points_y"":[1076,1081,1071,1063,1055,1047,1043,1039,1049,1060,1065]}",{}
3.png,14155830,{},1071,455,"{""name"":""polygon"",""all_points_x"":[684,687,694,704,713,722,732,742,750,747,733,720,717],""all_points_y"":[1162,1165,1154,1139,1123,1111,1100,1086,1077,1075,1091,1108,1110]}",{}
3.png,14155830,{},1071,456,"{""name"":""polygon"",""all_points_x"":[602,606,617,635,679,685,711,714,711,707,671,633],""all_points_y"":[1175,1177,1168,1152,1113,1107,1084,1080,1078,1083,1113,1147]}",{}
3.png,14155830,{},1071,457,"{""name"":""polyline"",""all_points_x"":[698,658],""all_points_y"":[1200,1237]}",{}
3.png,14155830,{},1071,458,"{""name"":""polygon"",""all_points_x"":[724,727,740,753,774,785,791,811,817,814,805,785,780,771,746],""all_points_y"":[1167,1169,1160,1149,1131,1120,1111,1092,1086,1084,1092,1112,1120,1128,1149]}",{}
3.png,14155830,{},1071,459,"{""name"":""polyline"",""all_points_x"":[786,837],""all_points_y"":[1174,1127]}",{}
3.png,14155830,{},1071,460,"{""name"":""polyline"",""all_points_x"":[827,847],""all_points_y"":[1108,1070]}",{}
3.png,14155830,{},1071,461,"{""name"":""polygon"",""all_points_x"":[888,893,913,937,950,971,987,1005,1011,1008,1000,953,916],""all_points_y"":[1017,1019,1000,978,966,948,935,920,913,913,918,958,992]}",{}
3.png,14155830,{},1071,462,"{""name"":""polygon"",""all_points_x"":[792,792,807,829,855,880,904,926,960,960,925,877,847],""all_points_y"":[1040,1044,1043,1040,1038,1034,1033,1031,1027,1024,1028,1031,1034]}",{}
3.png,14155830,{},1071,463,"{""name"":""polygon"",""all_points_x"":[790,791,807,841,871,891,920,950,988,987,959,903,867],""all_points_y"":[1044,1048,1047,1046,1044,1044,1043,1041,1039,1035,1036,1039,1040]}",{}
3.png,14155830,{},1071,464,"{""name"":""polygon"",""all_points_x"":[976,980,974,963,954,949,943,939,944,954,965],""all_points_y"":[1055,1057,1068,1088,1107,1120,1136,1136,1119,1096,1076]}",{}
3.png,14155830,{},1071,465,"{""name"":""polygon"",""all_points_x"":[679,683,688,701,711,719,726,739,746,758,757,747,730,704],""all_points_y"":[1275,1278,1270,1253,1240,1232,1222,1205,1194,1180,1176,1187,1211,1243]}",{}
3.png,14155830,{},1071,466,"{""name"":""polygon"",""all_points_x"":[816,820,824,841,855,879,874,855,832],""all_points_y"":[1209,1212,1206,1185,1169,1137,1136,1162,1188]}",{}
3.png,14155830,{},1071,467,"{""name"":""polygon"",""all_points_x"":[823,828,836,856,875,892,916,932,939,957,972,990,1003,1013,1022,1028,1035,1033,1019,982,961,935,888,859,840,829],""all_points_y"":[1214,1221,1215,1198,1183,1170,1152,1139,1133,1121,1111,1101,1092,1086,1081,1077,1072,1069,1075,1100,1111,1130,1164,1188,1202,1212]}",{}
3.png,14155830,{},1071,468,"{""name"":""polygon"",""all_points_x"":[946,950,968,989,1009,1027,1039,1036,1003,964],""all_points_y"":[1007,1009,995,979,964,951,941,939,963,992]}",{}
3.png,14155830,{},1071,469,"{""name"":""polygon"",""all_points_x"":[929,932,942,957,974,997,1018,1042,1051,1063,1074,1070,1046,1019,986,952],""all_points_y"":[1003,1007,1001,992,982,967,953,937,930,921,911,910,931,948,970,991]}",{}
3.png,14155830,{},1071,470,"{""name"":""polyline"",""all_points_x"":[1053,993,955],""all_points_y"":[898,937,964]}",{}
3.png,14155830,{},1071,471,"{""name"":""polyline"",""all_points_x"":[1020,982],""all_points_y"":[976,1012]}",{}
3.png,14155830,{},1071,472,"{""name"":""polyline"",""all_points_x"":[1021,1080],""all_points_y"":[993,926]}",{}
3.png,14155830,{},1071,473,"{""name"":""polyline"",""all_points_x"":[1018,1051],""all_points_y"":[1009,963]}",{}
3.png,14155830,{},1071,474,"{""name"":""polyline"",""all_points_x"":[1027,1048,1068],""all_points_y"":[1022,986,954]}",{}
3.png,14155830,{},1071,475,"{""name"":""polyline"",""all_points_x"":[1094,1081,1071],""all_points_y"":[938,980,1031]}",{}
3.png,14155830,{},1071,476,"{""name"":""polyline"",""all_points_x"":[1067,1036],""all_points_y"":[908,925]}",{}
3.png,14155830,{},1071,477,"{""name"":""polyline"",""all_points_x"":[981,1021,1038,1077],""all_points_y"":[721,680,666,630]}",{}
3.png,14155830,{},1071,478,"{""name"":""polyline"",""all_points_x"":[991,1045],""all_points_y"":[663,606]}",{}
3.png,14155830,{},1071,479,"{""name"":""polyline"",""all_points_x"":[1107,1073],""all_points_y"":[1088,1128]}",{}
3.png,14155830,{},1071,480,"{""name"":""polyline"",""all_points_x"":[972,1044],""all_points_y"":[1144,1115]}",{}
3.png,14155830,{},1071,481,"{""name"":""polyline"",""all_points_x"":[939,942],""all_points_y"":[1151,1202]}",{}
3.png,14155830,{},1071,482,"{""name"":""polyline"",""all_points_x"":[932,919],""all_points_y"":[1147,1179]}",{}
3.png,14155830,{},1071,483,"{""name"":""polyline"",""all_points_x"":[576,616],""all_points_y"":[1164,1147]}",{}
3.png,14155830,{},1071,484,"{""name"":""polyline"",""all_points_x"":[696,678],""all_points_y"":[1174,1202]}",{}
3.png,14155830,{},1071,485,"{""name"":""polyline"",""all_points_x"":[750,708],""all_points_y"":[1275,1359]}",{}
3.png,14155830,{},1071,486,"{""name"":""polyline"",""all_points_x"":[745,716],""all_points_y"":[1270,1315]}",{}
3.png,14155830,{},1071,487,"{""name"":""polyline"",""all_points_x"":[658,652,637,616],""all_points_y"":[1059,1064,1069,1084]}",{}
3.png,14155830,{},1071,488,"{""name"":""polyline"",""all_points_x"":[657,647,621],""all_points_y"":[1067,1069,1083]}",{}
3.png,14155830,{},1071,489,"{""name"":""polygon"",""all_points_x"":[1068,1072,1058,1039,1036,1056],""all_points_y"":[734,738,748,762,758,743]}",{}
3.png,14155830,{},1071,490,"{""name"":""polygon"",""all_points_x"":[984,987,990,992,996,996,994,991,987],""all_points_y"":[479,491,513,536,537,519,503,484,477]}",{}
3.png,14155830,{},1071,491,"{""name"":""polygon"",""all_points_x"":[980,982,982,979,983,987,986,982],""all_points_y"":[486,500,515,534,535,508,492,482]}",{}
3.png,14155830,{},1071,492,"{""name"":""polygon"",""all_points_x"":[1031,1034,1043,1063,1077,1088,1102,1100,1085,1056],""all_points_y"":[803,806,798,780,767,756,741,739,755,781]}",{}
3.png,14155830,{},1071,493,"{""name"":""polygon"",""all_points_x"":[656,669,685,686,676,667,655],""all_points_y"":[1168,1168,1167,1171,1172,1173,1173]}",{}
3.png,14155830,{},1071,494,"{""name"":""polygon"",""all_points_x"":[660,667,665,664,660,658,655,654,654,650,650,651,658,660],""all_points_y"":[1477,1478,1455,1445,1391,1348,1315,1290,1278,1281,1303,1327,1441,1458]}",{}
3.png,14155830,{},1071,495,"{""name"":""polygon"",""all_points_x"":[1042,1046,1071,1092,1115,1132,1151,1166,1179,1178,1150,1109,1094,1082],""all_points_y"":[801,804,782,762,738,721,700,686,672,669,694,735,752,765]}",{}
3.png,14155830,{},1071,496,"{""name"":""polygon"",""all_points_x"":[1197,1202,1196,1190,1183,1178,1182],""all_points_y"":[682,685,696,713,731,730,718]}",{}
3.png,14155830,{},1071,497,"{""name"":""polygon"",""all_points_x"":[1096,1100,1116,1144,1160,1182,1201,1227,1226,1213,1189,1167,1145,1125,1113,1104],""all_points_y"":[704,709,700,685,676,662,651,635,631,639,654,666,680,690,697,701]}",{}
3.png,14155830,{},1071,498,"{""name"":""polygon"",""all_points_x"":[1067,1068,1082,1101,1118,1141,1157,1169,1166,1146,1118,1091],""all_points_y"":[687,692,687,681,676,668,661,657,654,662,672,681]}",{}
3.png,14155830,{},1071,499,"{""name"":""polyline"",""all_points_x"":[1100,1059],""all_points_y"":[772,808]}",{}
3.png,14155830,{},1071,500,"{""name"":""polyline"",""all_points_x"":[1046,1067,1088],""all_points_y"":[839,813,791]}",{}
3.png,14155830,{},1071,501,"{""name"":""polyline"",""all_points_x"":[1158,1076],""all_points_y"":[754,815]}",{}
3.png,14155830,{},1071,502,"{""name"":""polyline"",""all_points_x"":[1167,1065],""all_points_y"":[819,876]}",{}
3.png,14155830,{},1071,503,"{""name"":""polyline"",""all_points_x"":[1157,1116,1086],""all_points_y"":[810,831,847]}",{}
3.png,14155830,{},1071,504,"{""name"":""polyline"",""all_points_x"":[1151,1130],""all_points_y"":[736,773]}",{}
3.png,14155830,{},1071,505,"{""name"":""polyline"",""all_points_x"":[1035,1066],""all_points_y"":[836,807]}",{}
3.png,14155830,{},1071,506,"{""name"":""polyline"",""all_points_x"":[1133,1096],""all_points_y"":[551,575]}",{}
3.png,14155830,{},1071,507,"{""name"":""polyline"",""all_points_x"":[1015,1033],""all_points_y"":[509,584]}",{}
3.png,14155830,{},1071,508,"{""name"":""polygon"",""all_points_x"":[986,975,957,948,943,925,927,944,954,967,980,989],""all_points_y"":[921,932,942,947,948,956,959,954,949,942,932,925]}",{}
3.png,14155830,{},1071,509,"{""name"":""polyline"",""all_points_x"":[1076,1102,1142],""all_points_y"":[1045,1031,1012]}",{}
3.png,14155830,{},1071,510,"{""name"":""polygon"",""all_points_x"":[1036,1034,1036,1039,1042,1041,1044,1045,1046,1051,1055,1059,1054,1051,1051,1047,1048,1043],""all_points_y"":[1012,1015,1025,1036,1042,1053,1064,1076,1089,1102,1116,1114,1100,1085,1067,1049,1043,1030]}",{}
3.png,14155830,{},1071,511,"{""name"":""polygon"",""all_points_x"":[999,1003,1020,1035,1052,1070,1087,1109,1129,1147,1143,1104,1067,1040],""all_points_y"":[1183,1185,1175,1167,1153,1140,1129,1114,1100,1089,1087,1112,1137,1158]}",{}
3.png,14155830,{},1071,512,"{""name"":""polygon"",""all_points_x"":[1017,1015,1025,1036,1040,1044,1043,1031,1023],""all_points_y"":[1032,1035,1045,1060,1069,1069,1063,1048,1038]}",{}
3.png,14155830,{},1071,513,"{""name"":""polygon"",""all_points_x"":[660,660,665,670,680,688,694,701,708,714,711,702,692,676],""all_points_y"":[1365,1377,1370,1354,1330,1312,1295,1281,1265,1257,1256,1267,1288,1327]}",{}
3.png,14155830,{},1071,514,"{""name"":""polygon"",""all_points_x"":[682,685,691,698,702,710,714,720,716,709,698,690],""all_points_y"":[1366,1367,1349,1332,1321,1298,1287,1274,1274,1291,1318,1340]}",{}
3.png,14155830,{},1071,515,"{""name"":""polygon"",""all_points_x"":[683,687,689,691,695,697,694,690,688],""all_points_y"":[1395,1394,1373,1353,1323,1312,1313,1330,1341]}",{}
3.png,14155830,{},1071,516,"{""name"":""polyline"",""all_points_x"":[616,604],""all_points_y"":[1381,1419]}",{}
3.png,14155830,{},1071,517,"{""name"":""polyline"",""all_points_x"":[689,702],""all_points_y"":[1290,1254]}",{}
3.png,14155830,{},1071,518,"{""name"":""polyline"",""all_points_x"":[732,719,711],""all_points_y"":[1190,1210,1230]}",{}
3.png,14155830,{},1071,519,"{""name"":""polyline"",""all_points_x"":[739,718],""all_points_y"":[1210,1247]}",{}
3.png,14155830,{},1071,520,"{""name"":""polyline"",""all_points_x"":[712,703],""all_points_y"":[1241,1263]}",{}
3.png,14155830,{},1071,521,"{""name"":""polyline"",""all_points_x"":[754,700],""all_points_y"":[1287,1412]}",{}
3.png,14155830,{},1071,522,"{""name"":""polyline"",""all_points_x"":[767,807,822],""all_points_y"":[1273,1276,1283]}",{}
3.png,14155830,{},1071,523,"{""name"":""polyline"",""all_points_x"":[781,820,870],""all_points_y"":[1254,1251,1244]}",{}
3.png,14155830,{},1071,524,"{""name"":""polyline"",""all_points_x"":[941,914,863],""all_points_y"":[1235,1248,1277]}",{}
3.png,14155830,{},1071,525,"{""name"":""polyline"",""all_points_x"":[1056,1099,1136],""all_points_y"":[1175,1157,1143]}",{}
3.png,14155830,{},1071,526,"{""name"":""polyline"",""all_points_x"":[1167,1134],""all_points_y"":[1069,1122]}",{}
3.png,14155830,{},1071,527,"{""name"":""polyline"",""all_points_x"":[1160,1147],""all_points_y"":[1128,1158]}",{}
3.png,14155830,{},1071,528,"{""name"":""polygon"",""all_points_x"":[787,800,817,843,854,856,845,825,807,790],""all_points_y"":[1270,1266,1262,1255,1252,1256,1260,1265,1269,1273]}",{}
3.png,14155830,{},1071,529,"{""name"":""polygon"",""all_points_x"":[759,766,774,786,800,814,811,796,778,764],""all_points_y"":[1332,1333,1327,1320,1313,1304,1301,1310,1321,1329]}",{}
3.png,14155830,{},1071,530,"{""name"":""polygon"",""all_points_x"":[727,732,737,751,770,792,809,824,840,846,841,823,785,761,743],""all_points_y"":[1426,1426,1418,1398,1373,1346,1326,1309,1291,1283,1283,1305,1348,1378,1402]}",{}
3.png,14155830,{},1071,531,"{""name"":""polygon"",""all_points_x"":[923,926,923,911,884,874,846,814,784,780,805,836,863,891],""all_points_y"":[1259,1261,1265,1272,1290,1296,1315,1337,1359,1351,1336,1315,1297,1280]}",{}
3.png,14155830,{},1071,532,"{""name"":""polygon"",""all_points_x"":[792,796,800,805,801,799,796],""all_points_y"":[1391,1391,1361,1310,1311,1331,1358]}",{}
3.png,14155830,{},1071,533,"{""name"":""polyline"",""all_points_x"":[760,808],""all_points_y"":[1334,1333]}",{}
3.png,14155830,{},1071,534,"{""name"":""polyline"",""all_points_x"":[775,816],""all_points_y"":[1350,1318]}",{}
3.png,14155830,{},1071,535,"{""name"":""polyline"",""all_points_x"":[815,831,865],""all_points_y"":[1364,1342,1307]}",{}
3.png,14155830,{},1071,536,"{""name"":""polyline"",""all_points_x"":[1099,1020],""all_points_y"":[1197,1226]}",{}
3.png,14155830,{},1071,537,"{""name"":""polyline"",""all_points_x"":[775,750],""all_points_y"":[1302,1327]}",{}
3.png,14155830,{},1071,538,"{""name"":""polygon"",""all_points_x"":[787,789,807,826,847,866,883,905,928,928,913,865,831],""all_points_y"":[1385,1389,1377,1364,1348,1334,1320,1303,1287,1282,1292,1328,1354]}",{}
3.png,14155830,{},1071,539,"{""name"":""polygon"",""all_points_x"":[800,803,815,834,859,901,915,909,892,857,832],""all_points_y"":[1412,1417,1406,1387,1364,1323,1307,1307,1326,1361,1384]}",{}
3.png,14155830,{},1071,540,"{""name"":""polygon"",""all_points_x"":[826,827,842,858,896,924,946,962,987,985,957,913,858],""all_points_y"":[1376,1379,1371,1361,1337,1319,1305,1294,1276,1274,1293,1322,1357]}",{}
3.png,14155830,{},1071,541,"{""name"":""polygon"",""all_points_x"":[836,840,858,876,905,921,935,931,929],""all_points_y"":[1386,1388,1369,1351,1324,1308,1295,1294,1296]}",{}
3.png,14155830,{},1071,542,"{""name"":""polygon"",""all_points_x"":[812,823,822,823,825,826,834,830,825,822,817,815],""all_points_y"":[1545,1543,1505,1451,1411,1380,1312,1313,1345,1383,1442,1473]}",{}
3.png,14155830,{},1071,543,"{""name"":""polygon"",""all_points_x"":[829,831,849,882,912,936,953,969,967,930],""all_points_y"":[1397,1401,1389,1367,1345,1330,1318,1307,1305,1328]}",{}
3.png,14155830,{},1071,544,"{""name"":""polygon"",""all_points_x"":[867,871,880,899,918,935,956,981,1011,1007,977,946,921,875],""all_points_y"":[1402,1405,1396,1376,1357,1342,1323,1302,1276,1274,1299,1328,1349,1395]}",{}
3.png,14155830,{},1071,545,"{""name"":""polyline"",""all_points_x"":[811,862,904],""all_points_y"":[1389,1380,1371]}",{}
3.png,14155830,{},1071,546,"{""name"":""polyline"",""all_points_x"":[659,698],""all_points_y"":[1559,1394]}",{}
3.png,14155830,{},1071,547,"{""name"":""polyline"",""all_points_x"":[671,657],""all_points_y"":[1606,1644]}",{}
3.png,14155830,{},1071,548,"{""name"":""polyline"",""all_points_x"":[611,662],""all_points_y"":[1605,1632]}",{}
3.png,14155830,{},1071,549,"{""name"":""polyline"",""all_points_x"":[1018,980],""all_points_y"":[1319,1363]}",{}
3.png,14155830,{},1071,550,"{""name"":""polyline"",""all_points_x"":[1020,1001,984],""all_points_y"":[1331,1356,1375]}",{}
3.png,14155830,{},1071,551,"{""name"":""polyline"",""all_points_x"":[1077,1145],""all_points_y"":[1297,1205]}",{}
3.png,14155830,{},1071,552,"{""name"":""polygon"",""all_points_x"":[785,798,810,827,854,858,854,809,795,784],""all_points_y"":[1386,1387,1391,1399,1409,1411,1411,1396,1392,1393]}",{}
3.png,14155830,{},1071,553,"{""name"":""polygon"",""all_points_x"":[1017,1021,1035,1052,1069,1074,1070,1054],""all_points_y"":[1302,1304,1281,1252,1224,1214,1214,1241]}",{}
3.png,14155830,{},1071,554,"{""name"":""polygon"",""all_points_x"":[840,848,861,873,890,907,917,933,946,959,968,965,947,912,876,860],""all_points_y"":[1503,1503,1484,1469,1450,1432,1421,1402,1388,1374,1364,1361,1380,1419,1461,1479]}",{}
3.png,14155830,{},1071,555,"{""name"":""polygon"",""all_points_x"":[903,905,921,937,944,975,1030,1080,1119,1152,1182,1258,1259,1208,1169,1120,1051,995,957,942,929,917],""all_points_y"":[1375,1366,1364,1358,1354,1346,1327,1310,1297,1286,1276,1251,1253,1272,1285,1302,1327,1346,1360,1367,1371,1374]}",{}
3.png,14155830,{},1071,556,"{""name"":""polygon"",""all_points_x"":[1138,1141,1132,1114,1097,1090,1102],""all_points_y"":[1243,1246,1260,1285,1315,1309,1295]}",{}
3.png,14155830,{},1071,557,"{""name"":""polygon"",""all_points_x"":[785,788,799,821,840,859,876,892,905,901,880],""all_points_y"":[1508,1511,1504,1487,1473,1459,1446,1433,1423,1420,1438]}",{}
3.png,14155830,{},1071,558,"{""name"":""polygon"",""all_points_x"":[706,712,710,704,698,695,693,690,688,690,695,703],""all_points_y"":[1689,1686,1658,1613,1563,1524,1501,1487,1488,1514,1574,1647]}",{}
3.png,14155830,{},1071,559,"{""name"":""polygon"",""all_points_x"":[717,720,720,715,710,704,702,708,712],""all_points_y"":[1614,1613,1600,1571,1546,1530,1534,1556,1580]}",{}
3.png,14155830,{},1071,560,"{""name"":""polygon"",""all_points_x"":[679,683,683,681,678,675,678,679],""all_points_y"":[1607,1606,1586,1557,1531,1540,1560,1595]}",{}
3.png,14155830,{},1071,561,"{""name"":""polygon"",""all_points_x"":[671,676,678,680,676,676,673],""all_points_y"":[1561,1561,1525,1491,1492,1510,1547]}",{}
3.png,14155830,{},1071,562,"{""name"":""polyline"",""all_points_x"":[663,654,648],""all_points_y"":[1506,1522,1540]}",{}
3.png,14155830,{},1071,563,"{""name"":""polyline"",""all_points_x"":[841,784],""all_points_y"":[1505,1538]}",{}
3.png,14155830,{},1071,564,"{""name"":""polyline"",""all_points_x"":[666,659,657,657,658,654],""all_points_y"":[1428,1450,1463,1477,1484,1498]}",{}
3.png,14155830,{},1071,565,"{""name"":""polyline"",""all_points_x"":[1032,1098],""all_points_y"":[1404,1348]}",{}
3.png,14155830,{},1071,566,"{""name"":""polygon"",""all_points_x"":[1050,1054,1066,1087,1103,1118,1126,1137,1157,1155,1139,1119,1088,1070],""all_points_y"":[1378,1382,1372,1354,1339,1326,1320,1314,1305,1302,1309,1320,1347,1363]}",{}
3.png,14155830,{},1071,567,"{""name"":""polygon"",""all_points_x"":[1112,1096,1083,1070,1072,1078,1091,1105,1115],""all_points_y"":[1214,1222,1229,1237,1240,1238,1230,1223,1218]}",{}
3.png,14155830,{},1071,568,"{""name"":""polygon"",""all_points_x"":[1029,1032,1045,1072,1090,1116,1139,1168,1168,1153,1108,1074],""all_points_y"":[1419,1424,1413,1394,1382,1366,1352,1334,1331,1339,1366,1387]}",{}
3.png,14155830,{},1071,569,"{""name"":""polygon"",""all_points_x"":[789,793,793,797,808,814,808,799,791,789],""all_points_y"":[1579,1577,1560,1545,1514,1498,1497,1524,1544,1553]}",{}
3.png,14155830,{},1071,570,"{""name"":""polyline"",""all_points_x"":[803,789,779],""all_points_y"":[1571,1598,1623]}",{}
3.png,14155830,{},1071,571,"{""name"":""polygon"",""all_points_x"":[782,786,795,812,826,834,848,861,868,876,874,856,844,831,816,809,797],""all_points_y"":[1620,1621,1606,1575,1549,1536,1517,1501,1492,1483,1482,1501,1516,1536,1559,1571,1592]}",{}
3.png,14155830,{},1071,572,"{""name"":""polygon"",""all_points_x"":[824,829,839,853,864,874,873,855,842],""all_points_y"":[1556,1556,1540,1518,1503,1492,1488,1509,1527]}",{}
3.png,14155830,{},1071,573,"{""name"":""polygon"",""all_points_x"":[812,818,825,833,844,861,876,883,893,903,918,915,898,879,863,843,829],""all_points_y"":[1616,1617,1604,1597,1575,1547,1527,1517,1507,1489,1472,1466,1488,1515,1534,1564,1587]}",{}
3.png,14155830,{},1071,574,"{""name"":""polygon"",""all_points_x"":[858,858,871,893,911,915,895,870],""all_points_y"":[1558,1550,1538,1516,1498,1502,1522,1547]}",{}
3.png,14155830,{},1071,575,"{""name"":""polygon"",""all_points_x"":[955,959,973,994,989,971],""all_points_y"":[1483,1486,1470,1445,1442,1464]}",{}
3.png,14155830,{},1071,576,"{""name"":""polyline"",""all_points_x"":[1013,994],""all_points_y"":[1441,1491]}",{}
3.png,14155830,{},1071,577,"{""name"":""polygon"",""all_points_x"":[823,828,835,843,851,868,866,856,839],""all_points_y"":[1610,1612,1603,1592,1583,1568,1563,1573,1590]}",{}
3.png,14155830,{},1071,578,"{""name"":""polygon"",""all_points_x"":[868,872,883,897,916,943,958,980,992,988,972,931,901],""all_points_y"":[1610,1611,1601,1589,1572,1547,1532,1514,1504,1501,1515,1550,1578]}",{}
3.png,14155830,{},1071,579,"{""name"":""polygon"",""all_points_x"":[1011,1014,1026,1038,1056,1076,1088,1081,1068,1029],""all_points_y"":[1497,1501,1494,1484,1470,1455,1445,1444,1455,1484]}",{}
3.png,14155830,{},1071,580,"{""name"":""polygon"",""all_points_x"":[912,916,930,948,969,993,1018,1036,1050,1057,1052,1025,976],""all_points_y"":[1635,1639,1624,1609,1591,1569,1547,1530,1518,1511,1508,1533,1577]}",{}
3.png,14155830,{},1071,581,"{""name"":""polygon"",""all_points_x"":[931,931,949,962,976,1001,1020,1040,1077,1094,1126,1149,1150,1099,1001,977,954],""all_points_y"":[1565,1570,1568,1566,1562,1556,1554,1551,1546,1542,1538,1534,1531,1538,1553,1558,1563]}",{}
3.png,14155830,{},1071,582,"{""name"":""polyline"",""all_points_x"":[1110,1100,1096],""all_points_y"":[1488,1517,1538]}",{}
3.png,14155830,{},1071,583,"{""name"":""polyline"",""all_points_x"":[1099,1112],""all_points_y"":[1441,1470]}",{}
3.png,14155830,{},1071,584,"{""name"":""polyline"",""all_points_x"":[1166,1127],""all_points_y"":[1391,1443]}",{}
3.png,14155830,{},1071,585,"{""name"":""polyline"",""all_points_x"":[1116,1049],""all_points_y"":[1367,1426]}",{}
3.png,14155830,{},1071,586,"{""name"":""polyline"",""all_points_x"":[1043,1067,1099,1117,1136],""all_points_y"":[1191,1185,1174,1168,1158]}",{}
3.png,14155830,{},1071,587,"{""name"":""polyline"",""all_points_x"":[750,806,844],""all_points_y"":[1696,1656,1631]}",{}
3.png,14155830,{},1071,588,"{""name"":""polyline"",""all_points_x"":[700,681],""all_points_y"":[1635,1692]}",{}
3.png,14155830,{},1071,589,"{""name"":""polygon"",""all_points_x"":[674,679,688,700,709,706,692],""all_points_y"":[1758,1761,1750,1732,1720,1718,1734]}",{}
3.png,14155830,{},1071,590,"{""name"":""polygon"",""all_points_x"":[633,637,641,645,655,667,674,671],""all_points_y"":[1897,1897,1889,1874,1833,1789,1762,1761]}",{}
3.png,14155830,{},1071,591,"{""name"":""polygon"",""all_points_x"":[646,651,654,671,686,696,693,682,661,651],""all_points_y"":[1889,1889,1881,1843,1815,1791,1790,1813,1855,1878]}",{}
3.png,14155830,{},1071,592,"{""name"":""polyline"",""all_points_x"":[633,615],""all_points_y"":[1784,1818]}",{}
3.png,14155830,{},1071,593,"{""name"":""polyline"",""all_points_x"":[635,668],""all_points_y"":[1851,1811]}",{}
3.png,14155830,{},1071,594,"{""name"":""polyline"",""all_points_x"":[597,611],""all_points_y"":[1718,1759]}",{}
3.png,14155830,{},1071,595,"{""name"":""polyline"",""all_points_x"":[564,567],""all_points_y"":[1697,1728]}",{}
3.png,14155830,{},1071,596,"{""name"":""polygon"",""all_points_x"":[670,674,684,702,718,733,747,756,750,738],""all_points_y"":[1854,1856,1838,1804,1775,1748,1721,1706,1704,1729]}",{}
3.png,14155830,{},1071,597,"{""name"":""polygon"",""all_points_x"":[804,809,815,819,825,831,827,823,819,816,813],""all_points_y"":[1814,1815,1785,1756,1711,1673,1673,1694,1729,1747,1768]}",{}
3.png,14155830,{},1071,598,"{""name"":""polygon"",""all_points_x"":[700,698,707,721,734,751,751,742,733],""all_points_y"":[1932,1935,1943,1955,1966,1976,1968,1965,1959]}",{}
3.png,14155830,{},1071,599,"{""name"":""polygon"",""all_points_x"":[728,732,736,741,752,757,768,778,783,780,771,760,751,742,733,730],""all_points_y"":[1944,1943,1923,1901,1863,1843,1803,1771,1754,1754,1782,1821,1852,1881,1917,1929]}",{}
3.png,14155830,{},1071,600,"{""name"":""polyline"",""all_points_x"":[742,718],""all_points_y"":[1877,1926]}",{}
3.png,14155830,{},1071,601,"{""name"":""polygon"",""all_points_x"":[607,613,622,630,625,614],""all_points_y"":[1738,1741,1718,1703,1700,1717]}",{}
3.png,14155830,{},1071,602,"{""name"":""polyline"",""all_points_x"":[796,790],""all_points_y"":[1665,1704]}",{}
3.png,14155830,{},1071,603,"{""name"":""polyline"",""all_points_x"":[794,792],""all_points_y"":[1755,1801]}",{}
3.png,14155830,{},1071,604,"{""name"":""polyline"",""all_points_x"":[693,688],""all_points_y"":[1804,1850]}",{}
3.png,14155830,{},1071,605,"{""name"":""polygon"",""all_points_x"":[748,746,747,748,752,755,759,753,753,750],""all_points_y"":[1880,1885,1904,1922,1940,1961,1957,1928,1923,1886]}",{}
3.png,14155830,{},1071,606,"{""name"":""polygon"",""all_points_x"":[861,870,887,909,903,892],""all_points_y"":[1856,1857,1824,1771,1770,1799]}",{}
3.png,14155830,{},1071,607,"{""name"":""polygon"",""all_points_x"":[963,969,967,957,952,954],""all_points_y"":[1566,1566,1570,1596,1598,1589]}",{}
3.png,14155830,{},1071,608,"{""name"":""polygon"",""all_points_x"":[1037,1038,1053,1080,1110,1131,1158,1178,1203,1237,1264,1285,1304,1312,1309,1277,1197,1159,1121,1101,1074,1051],""all_points_y"":[1281,1293,1282,1262,1240,1223,1203,1190,1170,1143,1122,1107,1091,1083,1081,1106,1166,1195,1220,1237,1258,1274]}",{}
3.png,14155830,{},1071,609,"{""name"":""polygon"",""all_points_x"":[877,882,879,879,886,896,903,898,886,878,875,875,874,875],""all_points_y"":[1746,1743,1729,1701,1668,1633,1611,1612,1652,1684,1698,1714,1727,1738]}",{}
3.png,14155830,{},1071,610,"{""name"":""polygon"",""all_points_x"":[966,963,952,931,908,889,881,884,897,920,942,955],""all_points_y"":[1852,1859,1847,1821,1794,1767,1757,1754,1770,1797,1824,1840]}",{}
3.png,14155830,{},1071,611,"{""name"":""polygon"",""all_points_x"":[1039,1044,1038,1030,1024,1020,1017,1012,1016,1021,1028],""all_points_y"":[1739,1736,1720,1696,1676,1659,1647,1649,1665,1682,1706]}",{}
3.png,14155830,{},1071,612,"{""name"":""polygon"",""all_points_x"":[1044,1050,1046,1035,1028,1024,1020,1022],""all_points_y"":[1731,1728,1718,1688,1672,1648,1648,1668]}",{}
3.png,14155830,{},1071,613,"{""name"":""polygon"",""all_points_x"":[884,888,904,930,947,960,956],""all_points_y"":[1870,1874,1861,1842,1830,1820,1818]}",{}
3.png,14155830,{},1071,614,"{""name"":""polygon"",""all_points_x"":[958,961,954,945,932,917,908,900,894,890,895,903,912,932,948],""all_points_y"":[1753,1755,1764,1778,1802,1824,1841,1852,1865,1865,1854,1839,1825,1792,1766]}",{}
3.png,14155830,{},1071,615,"{""name"":""polygon"",""all_points_x"":[890,893,907,929,947,962,958,942,927],""all_points_y"":[1834,1837,1829,1814,1799,1786,1783,1797,1810]}",{}
3.png,14155830,{},1071,616,"{""name"":""polygon"",""all_points_x"":[998,1005,1009,1002,983,972,964,962,960,972,988,996],""all_points_y"":[1850,1858,1856,1848,1827,1813,1802,1800,1806,1820,1840,1848]}",{}
3.png,14155830,{},1071,617,"{""name"":""polygon"",""all_points_x"":[890,894,905,923,937,958,957,953,924,907],""all_points_y"":[1879,1883,1873,1857,1846,1831,1827,1829,1851,1864]}",{}
3.png,14155830,{},1071,618,"{""name"":""polyline"",""all_points_x"":[876,890,906],""all_points_y"":[1857,1830,1793]}",{}
3.png,14155830,{},1071,619,"{""name"":""polyline"",""all_points_x"":[891,867],""all_points_y"":[1772,1819]}",{}
3.png,14155830,{},1071,620,"{""name"":""polyline"",""all_points_x"":[915,920],""all_points_y"":[1766,1811]}",{}
3.png,14155830,{},1071,621,"{""name"":""polyline"",""all_points_x"":[942,969,1003,1037,1067],""all_points_y"":[1898,1889,1878,1867,1858]}",{}
3.png,14155830,{},1071,622,"{""name"":""polygon"",""all_points_x"":[987,992,988,982,978,972,968,968,964,965,969,974],""all_points_y"":[1907,1905,1882,1849,1830,1794,1770,1762,1765,1778,1806,1838]}",{}
3.png,14155830,{},1071,623,"{""name"":""polygon"",""all_points_x"":[912,918,925,939,948,942,934,921],""all_points_y"":[1875,1876,1862,1836,1816,1815,1832,1861]}",{}
3.png,14155830,{},1071,624,"{""name"":""polyline"",""all_points_x"":[1028,1048,1090],""all_points_y"":[1620,1652,1716]}",{}
3.png,14155830,{},1071,625,"{""name"":""polyline"",""all_points_x"":[1043,1064,1093],""all_points_y"":[1624,1664,1713]}",{}
3.png,14155830,{},1071,626,"{""name"":""polyline"",""all_points_x"":[1081,1058],""all_points_y"":[1646,1681]}",{}
3.png,14155830,{},1071,627,"{""name"":""polyline"",""all_points_x"":[1057,1076],""all_points_y"":[1629,1683]}",{}
3.png,14155830,{},1071,628,"{""name"":""polyline"",""all_points_x"":[1097,1128,1165],""all_points_y"":[1580,1616,1654]}",{}
3.png,14155830,{},1071,629,"{""name"":""polyline"",""all_points_x"":[1068,1090],""all_points_y"":[1583,1623]}",{}
3.png,14155830,{},1071,630,"{""name"":""polygon"",""all_points_x"":[1099,1104,1102,1088,1076,1060,1057,1061,1069,1079],""all_points_y"":[1695,1694,1685,1648,1615,1563,1564,1582,1608,1638]}",{}
3.png,14155830,{},1071,631,"{""name"":""polygon"",""all_points_x"":[1086,1090,1086,1074,1067,1062,1055,1052,1058,1065,1072,1080],""all_points_y"":[1698,1698,1683,1642,1611,1593,1561,1562,1589,1618,1650,1681]}",{}
3.png,14155830,{},1071,632,"{""name"":""polyline"",""all_points_x"":[898,898,899,910],""all_points_y"":[1673,1696,1713,1736]}",{}
3.png,14155830,{},1071,633,"{""name"":""polyline"",""all_points_x"":[1173,1121,1071],""all_points_y"":[1673,1726,1771]}",{}
3.png,14155830,{},1071,634,"{""name"":""polyline"",""all_points_x"":[1146,1091],""all_points_y"":[1717,1766]}",{}
3.png,14155830,{},1071,635,"{""name"":""polygon"",""all_points_x"":[998,1002,992,986,977,974],""all_points_y"":[1597,1600,1615,1625,1640,1636]}",{}
3.png,14155830,{},1071,636,"{""name"":""polygon"",""all_points_x"":[1027,1030,1021,1012,1008,1002,998,1003],""all_points_y"":[1842,1839,1819,1797,1788,1775,1781,1792]}",{}
3.png,14155830,{},1071,637,"{""name"":""polygon"",""all_points_x"":[1019,1024,1021,1017,1012,1006,1003,1008,1011],""all_points_y"":[1716,1718,1731,1745,1766,1786,1781,1765,1749]}",{}
3.png,14155830,{},1071,638,"{""name"":""polygon"",""all_points_x"":[994,997,1007,1012,1030,1022,1011,1004],""all_points_y"":[1750,1753,1744,1740,1730,1724,1733,1742]}",{}
3.png,14155830,{},1071,639,"{""name"":""polygon"",""all_points_x"":[873,867,864,864,862,865,869,869,870,876],""all_points_y"":[1740,1751,1761,1770,1782,1782,1772,1762,1758,1742]}",{}
3.png,14155830,{},1071,640,"{""name"":""polygon"",""all_points_x"":[767,774,774,784,795,790,781,770],""all_points_y"":[1939,1936,1932,1905,1878,1876,1900,1926]}",{}
3.png,14155830,{},1071,641,"{""name"":""polygon"",""all_points_x"":[752,758,760,761,765,766,770,779,784,781,773,769,766,762],""all_points_y"":[2011,2011,1996,1986,1962,1937,1917,1886,1866,1866,1895,1906,1918,1940]}",{}
3.png,14155830,{},1071,642,"{""name"":""polygon"",""all_points_x"":[709,722,736,733,718,704],""all_points_y"":[1624,1649,1675,1677,1651,1626]}",{}
3.png,14155830,{},1071,643,"{""name"":""polygon"",""all_points_x"":[579,583,603,627,651,683,678,653],""all_points_y"":[2073,2077,2062,2041,2019,1993,1991,2010]}",{}
3.png,14155830,{},1071,644,"{""name"":""polygon"",""all_points_x"":[830,836,833,831,827,817,818,814,812,816,825],""all_points_y"":[2085,2084,2058,2036,2026,1963,1956,1956,1966,1992,2042]}",{}
3.png,14155830,{},1071,645,"{""name"":""polygon"",""all_points_x"":[815,820,818,816,811,807,812],""all_points_y"":[2100,2099,2072,2038,2022,2024,2041]}",{}
3.png,14155830,{},1071,646,"{""name"":""polyline"",""all_points_x"":[759,737],""all_points_y"":[2043,2076]}",{}
3.png,14155830,{},1071,647,"{""name"":""polyline"",""all_points_x"":[755,735],""all_points_y"":[2042,2070]}",{}
3.png,14155830,{},1071,648,"{""name"":""polyline"",""all_points_x"":[704,717,735],""all_points_y"":[2095,2123,2152]}",{}
3.png,14155830,{},1071,649,"{""name"":""polyline"",""all_points_x"":[759,789],""all_points_y"":[2180,2085]}",{}
3.png,14155830,{},1071,650,"{""name"":""polyline"",""all_points_x"":[768,758],""all_points_y"":[2045,2070]}",{}
3.png,14155830,{},1071,651,"{""name"":""polyline"",""all_points_x"":[785,723],""all_points_y"":[2165,2257]}",{}
3.png,14155830,{},1071,652,"{""name"":""polyline"",""all_points_x"":[680,677,675],""all_points_y"":[2405,2436,2474]}",{}
3.png,14155830,{},1071,653,"{""name"":""polyline"",""all_points_x"":[1072,1034,1006],""all_points_y"":[1936,1954,1970]}",{}
3.png,14155830,{},1071,654,"{""name"":""polyline"",""all_points_x"":[928,932],""all_points_y"":[1964,2045]}",{}
3.png,14155830,{},1071,655,"{""name"":""polygon"",""all_points_x"":[998,1001,1014,1032,1045,1043],""all_points_y"":[1828,1832,1821,1808,1798,1794]}",{}
3.png,14155830,{},1071,656,"{""name"":""polygon"",""all_points_x"":[986,989,1004,1034,1056,1070,1068,1032],""all_points_y"":[1964,1966,1952,1923,1901,1888,1886,1919]}",{}
3.png,14155830,{},1071,657,"{""name"":""polygon"",""all_points_x"":[920,923,945,961,958,941],""all_points_y"":[2019,2022,2009,1999,1996,2008]}",{}
3.png,14155830,{},1071,658,"{""name"":""polyline"",""all_points_x"":[891,916],""all_points_y"":[1914,1944]}",{}
3.png,14155830,{},1071,659,"{""name"":""polyline"",""all_points_x"":[1132,1101],""all_points_y"":[1331,1354]}",{}
3.png,14155830,{},1071,660,"{""name"":""polyline"",""all_points_x"":[1145,1116],""all_points_y"":[1788,1728]}",{}
3.png,14155830,{},1071,661,"{""name"":""polyline"",""all_points_x"":[1028,1035],""all_points_y"":[1825,1773]}",{}
3.png,14155830,{},1071,662,"{""name"":""polygon"",""all_points_x"":[536,538,546,556,553],""all_points_y"":[1945,1947,1941,1931,1929]}",{}
3.png,14155830,{},1071,663,"{""name"":""polygon"",""all_points_x"":[960,963,967,972,981,987,983,979,972,965,963],""all_points_y"":[1974,1975,1962,1942,1914,1897,1895,1901,1925,1953,1959]}",{}
3.png,14155830,{},1071,664,"{""name"":""polygon"",""all_points_x"":[1087,1092,1093,1093,1093,1089],""all_points_y"":[1848,1844,1829,1810,1808,1809]}",{}
3.png,14155830,{},1071,665,"{""name"":""polygon"",""all_points_x"":[985,992,999,1011,1024,1030,1025],""all_points_y"":[2034,2036,2018,1984,1952,1941,1940]}",{}
3.png,14155830,{},1071,666,"{""name"":""polygon"",""all_points_x"":[971,974,975,977,980,977,976,973,972],""all_points_y"":[2067,2064,2051,2026,2005,2005,2006,2035,2048]}",{}
3.png,14155830,{},1071,667,"{""name"":""polygon"",""all_points_x"":[968,971,971,967],""all_points_y"":[2073,2071,2041,2046]}",{}
3.png,14155830,{},1071,668,"{""name"":""polygon"",""all_points_x"":[963,967,974,988,1007,1024,1050,1053,1048,986],""all_points_y"":[2099,2105,2092,2071,2043,2019,1979,1974,1972,2063]}",{}
3.png,14155830,{},1071,669,"{""name"":""polygon"",""all_points_x"":[980,985,998,1021,1032,1053,1070,1067,1052,1006,993],""all_points_y"":[2109,2113,2091,2049,2029,1992,1962,1961,1984,2065,2088]}",{}
3.png,14155830,{},1071,670,"{""name"":""polygon"",""all_points_x"":[904,909,916,918,928,924,918,913,912],""all_points_y"":[2162,2164,2145,2130,2103,2103,2114,2132,2138]}",{}
3.png,14155830,{},1071,671,"{""name"":""polygon"",""all_points_x"":[926,932,933,938,942,948,945,939,934,930],""all_points_y"":[2175,2175,2145,2114,2073,2044,2044,2075,2107,2143]}",{}
3.png,14155830,{},1071,672,"{""name"":""polyline"",""all_points_x"":[1005,982],""all_points_y"":[2060,2103]}",{}
3.png,14155830,{},1071,673,"{""name"":""polyline"",""all_points_x"":[849,857,874],""all_points_y"":[2224,2202,2167]}",{}
3.png,14155830,{},1071,674,"{""name"":""polyline"",""all_points_x"":[841,830,811,798],""all_points_y"":[2094,2120,2171,2218]}",{}
3.png,14155830,{},1071,675,"{""name"":""polyline"",""all_points_x"":[824,814],""all_points_y"":[2162,2207]}",{}
3.png,14155830,{},1071,676,"{""name"":""polyline"",""all_points_x"":[675,660],""all_points_y"":[2267,2300]}",{}
3.png,14155830,{},1071,677,"{""name"":""polyline"",""all_points_x"":[567,540],""all_points_y"":[2372,2395]}",{}
3.png,14155830,{},1071,678,"{""name"":""polygon"",""all_points_x"":[863,867,864,859,853,850,848,844,849,856,859],""all_points_y"":[2110,2112,2121,2134,2153,2169,2180,2177,2157,2132,2122]}",{}
3.png,14155830,{},1071,679,"{""name"":""polygon"",""all_points_x"":[836,842,847,850,856,853,847],""all_points_y"":[2170,2168,2150,2138,2131,2128,2134]}",{}
3.png,14155830,{},1071,680,"{""name"":""polygon"",""all_points_x"":[996,1000,1006,1012,1014,1022,1028,1039,1042,1048,1050,1057,1054,1046,1037,1033,1018,1007,1000],""all_points_y"":[2212,2213,2196,2184,2175,2155,2137,2108,2106,2086,2076,2064,2060,2077,2104,2109,2149,2180,2195]}",{}
3.png,14155830,{},1071,681,"{""name"":""polygon"",""all_points_x"":[678,683,695,706,715,711,702,690],""all_points_y"":[1610,1612,1591,1569,1558,1554,1569,1588]}",{}
3.png,14155830,{},1071,682,"{""name"":""polygon"",""all_points_x"":[947,952,958,970,976,979,982,992,1002,1011,1018,1028,1025,1018,1012,1004,997,991,984,978,974,970,963],""all_points_y"":[2340,2341,2315,2269,2238,2223,2214,2183,2149,2121,2102,2072,2071,2090,2106,2133,2150,2166,2188,2207,2222,2246,2275]}",{}
3.png,14155830,{},1071,683,"{""name"":""polygon"",""all_points_x"":[955,959,963,968,974,979,974,971,964,959],""all_points_y"":[2301,2301,2268,2238,2206,2168,2169,2197,2234,2265]}",{}
3.png,14155830,{},1071,684,"{""name"":""polygon"",""all_points_x"":[1000,1004,1018,1032,1041,1065,1089,1105,1124,1137,1142,1139,1061,1028,1011],""all_points_y"":[2172,2178,2164,2146,2130,2099,2068,2046,2021,2005,1997,1995,2096,2139,2162]}",{}
3.png,14155830,{},1071,685,"{""name"":""polygon"",""all_points_x"":[1011,1014,1033,1047,1067,1091,1108,1120,1134,1141,1137,1114,1082],""all_points_y"":[2233,2236,2213,2194,2167,2134,2106,2089,2066,2054,2053,2091,2138]}",{}
3.png,14155830,{},1071,686,"{""name"":""polygon"",""all_points_x"":[711,717,725,743,754,755,769,783,801,820,817,799,776,753,742,734,724,716],""all_points_y"":[2443,2443,2423,2385,2365,2361,2335,2304,2270,2234,2232,2264,2310,2355,2378,2391,2412,2429]}",{}
3.png,14155830,{},1071,687,"{""name"":""polygon"",""all_points_x"":[839,837,826,804,793,776,769,771,779,785,797,807,819,831],""all_points_y"":[2367,2370,2359,2333,2318,2288,2274,2273,2287,2298,2316,2331,2345,2359]}",{}
3.png,14155830,{},1071,688,"{""name"":""polygon"",""all_points_x"":[716,720,712,707,704,706,702,701,701,702,705,708,711],""all_points_y"":[2395,2394,2371,2347,2309,2264,2264,2290,2317,2344,2359,2371,2382]}",{}
3.png,14155830,{},1071,689,"{""name"":""polygon"",""all_points_x"":[862,868,874,882,891,898,901,898,891,879],""all_points_y"":[2434,2437,2403,2366,2322,2286,2267,2267,2299,2357]}",{}
3.png,14155830,{},1071,690,"{""name"":""polygon"",""all_points_x"":[835,840,839,839,839,836],""all_points_y"":[2352,2352,2322,2280,2249,2250]}",{}
3.png,14155830,{},1071,691,"{""name"":""polygon"",""all_points_x"":[935,939,933,924,915,908,905,906,912,916,919,925,930,932],""all_points_y"":[2430,2428,2398,2350,2287,2221,2222,2237,2289,2323,2342,2380,2410,2421]}",{}
3.png,14155830,{},1071,692,"{""name"":""polygon"",""all_points_x"":[924,927,918,906,886,885],""all_points_y"":[2293,2296,2307,2321,2345,2339]}",{}
3.png,14155830,{},1071,693,"{""name"":""polygon"",""all_points_x"":[855,860,867,870,866],""all_points_y"":[2349,2350,2319,2306,2306]}",{}
3.png,14155830,{},1071,694,"{""name"":""polygon"",""all_points_x"":[844,847,843,841,837],""all_points_y"":[2358,2357,2339,2320,2322]}",{}
3.png,14155830,{},1071,695,"{""name"":""polyline"",""all_points_x"":[888,886],""all_points_y"":[2207,2246]}",{}
3.png,14155830,{},1071,696,"{""name"":""polyline"",""all_points_x"":[904,937],""all_points_y"":[2365,2436]}",{}
3.png,14155830,{},1071,697,"{""name"":""polyline"",""all_points_x"":[886,931],""all_points_y"":[2380,2435]}",{}
3.png,14155830,{},1071,698,"{""name"":""polyline"",""all_points_x"":[986,999,1014],""all_points_y"":[2375,2424,2468]}",{}
3.png,14155830,{},1071,699,"{""name"":""polyline"",""all_points_x"":[956,958,960],""all_points_y"":[2458,2490,2503]}",{}
3.png,14155830,{},1071,700,"{""name"":""polyline"",""all_points_x"":[949,956],""all_points_y"":[2462,2509]}",{}
3.png,14155830,{},1071,701,"{""name"":""polyline"",""all_points_x"":[810,792],""all_points_y"":[2479,2528]}",{}
3.png,14155830,{},1071,702,"{""name"":""polyline"",""all_points_x"":[820,802],""all_points_y"":[2493,2528]}",{}
3.png,14155830,{},1071,703,"{""name"":""polyline"",""all_points_x"":[659,660],""all_points_y"":[2487,2544]}",{}
3.png,14155830,{},1071,704,"{""name"":""polyline"",""all_points_x"":[605,586],""all_points_y"":[2482,2533]}",{}
3.png,14155830,{},1071,705,"{""name"":""polyline"",""all_points_x"":[576,594],""all_points_y"":[2482,2533]}",{}
3.png,14155830,{},1071,706,"{""name"":""polyline"",""all_points_x"":[562,529],""all_points_y"":[2454,2492]}",{}
3.png,14155830,{},1071,707,"{""name"":""polyline"",""all_points_x"":[561,524],""all_points_y"":[2423,2455]}",{}
3.png,14155830,{},1071,708,"{""name"":""polyline"",""all_points_x"":[849,827,819],""all_points_y"":[2185,2215,2233]}",{}
3.png,14155830,{},1071,709,"{""name"":""polyline"",""all_points_x"":[1103,1019],""all_points_y"":[2188,2238]}",{}
3.png,14155830,{},1071,710,"{""name"":""polyline"",""all_points_x"":[1038,1029,1022],""all_points_y"":[2215,2249,2285]}",{}
3.png,14155830,{},1071,711,"{""name"":""polyline"",""all_points_x"":[843,814,780,751,702],""all_points_y"":[2764,2799,2842,2874,2930]}",{}
3.png,14155830,{},1071,712,"{""name"":""polyline"",""all_points_x"":[693,775],""all_points_y"":[2967,2861]}",{}
3.png,14155830,{},1071,713,"{""name"":""polyline"",""all_points_x"":[780,767,756,746,739],""all_points_y"":[2851,2860,2873,2887,2901]}",{}
3.png,14155830,{},1071,714,"{""name"":""polyline"",""all_points_x"":[723,699],""all_points_y"":[2654,2699]}",{}
3.png,14155830,{},1071,715,"{""name"":""polyline"",""all_points_x"":[969,1002],""all_points_y"":[2670,2737]}",{}
3.png,14155830,{},1071,716,"{""name"":""polyline"",""all_points_x"":[1002,977],""all_points_y"":[2575,2646]}",{}
3.png,14155830,{},1071,717,"{""name"":""polyline"",""all_points_x"":[1098,1097,1098],""all_points_y"":[2507,2561,2594]}",{}
3.png,14155830,{},1071,718,"{""name"":""polyline"",""all_points_x"":[1099,1066,1028],""all_points_y"":[2475,2508,2543]}",{}
3.png,14155830,{},1071,719,"{""name"":""polyline"",""all_points_x"":[1074,1066],""all_points_y"":[2378,2479]}",{}
3.png,14155830,{},1071,720,"{""name"":""polygon"",""all_points_x"":[962,966,969,973,977,982,985,987,983,980,974,968],""all_points_y"":[2443,2444,2419,2378,2345,2300,2269,2247,2247,2281,2333,2389]}",{}
3.png,14155830,{},1071,721,"{""name"":""polygon"",""all_points_x"":[979,983,979,974,970,963,959,957,953,953,949,950,951,954,958,963,971],""all_points_y"":[2532,2529,2502,2470,2444,2400,2371,2344,2311,2287,2287,2305,2321,2353,2389,2429,2479]}",{}
3.png,14155830,{},1071,722,"{""name"":""polyline"",""all_points_x"":[675,664,660,640],""all_points_y"":[2330,2343,2345,2363]}",{}
3.png,14155830,{},1071,723,"{""name"":""polygon"",""all_points_x"":[1017,1022,1026,1033,1040,1046,1040,1035,1030,1028],""all_points_y"":[2418,2419,2401,2360,2313,2279,2279,2315,2348,2364]}",{}
3.png,14155830,{},1071,724,"{""name"":""polygon"",""all_points_x"":[1038,1045,1043,1046,1052,1046,1039,1037],""all_points_y"":[2341,2340,2315,2290,2271,2271,2316,2328]}",{}
3.png,14155830,{},1071,725,"{""name"":""polygon"",""all_points_x"":[1029,1034,1043,1054,1071,1079,1094,1095,1091,1089,1071,1052,1039,1034],""all_points_y"":[2448,2451,2433,2405,2362,2335,2296,2290,2290,2300,2346,2395,2426,2439]}",{}
3.png,14155830,{},1071,726,"{""name"":""polygon"",""all_points_x"":[1027,1035,1043,1061,1076,1090,1085,1054],""all_points_y"":[2527,2530,2516,2493,2474,2455,2454,2494]}",{}
3.png,14155830,{},1071,727,"{""name"":""polygon"",""all_points_x"":[1040,1044,1054,1070,1083,1095,1105,1101,1084,1064],""all_points_y"":[2541,2544,2529,2500,2475,2454,2436,2434,2466,2501]}",{}
3.png,14155830,{},1071,728,"{""name"":""polygon"",""all_points_x"":[956,959,970,988,1008,1023,1018],""all_points_y"":[2612,2616,2604,2582,2558,2541,2539]}",{}
3.png,14155830,{},1071,729,"{""name"":""polyline"",""all_points_x"":[734,703],""all_points_y"":[2659,2714]}",{}
3.png,14155830,{},1071,730,"{""name"":""polyline"",""all_points_x"":[732,702],""all_points_y"":[2682,2712]}",{}
3.png,14155830,{},1071,731,"{""name"":""polyline"",""all_points_x"":[770,761,743],""all_points_y"":[2621,2646,2684]}",{}
3.png,14155830,{},1071,732,"{""name"":""polyline"",""all_points_x"":[764,741],""all_points_y"":[2696,2737]}",{}
3.png,14155830,{},1071,733,"{""name"":""polyline"",""all_points_x"":[627,687],""all_points_y"":[2716,2719]}",{}
3.png,14155830,{},1071,734,"{""name"":""polyline"",""all_points_x"":[701,691,678],""all_points_y"":[2736,2758,2779]}",{}
3.png,14155830,{},1071,735,"{""name"":""polyline"",""all_points_x"":[630,609],""all_points_y"":[2640,2691]}",{}
3.png,14155830,{},1071,736,"{""name"":""polyline"",""all_points_x"":[835,832,829],""all_points_y"":[2525,2538,2557]}",{}
3.png,14155830,{},1071,737,"{""name"":""polygon"",""all_points_x"":[838,847,851,856,860,860,853,850,845,842],""all_points_y"":[2560,2561,2532,2493,2466,2461,2461,2489,2521,2544]}",{}
3.png,14155830,{},1071,738,"{""name"":""polygon"",""all_points_x"":[903,908,901,890,876,867,862,856,854,858,862,868,874,884],""all_points_y"":[2669,2668,2642,2601,2555,2520,2497,2458,2459,2494,2511,2540,2560,2597]}",{}
3.png,14155830,{},1071,739,"{""name"":""polygon"",""all_points_x"":[878,882,884,885,887,888,888,883,884,882,880,880],""all_points_y"":[2622,2622,2598,2546,2500,2474,2462,2465,2479,2510,2585,2604]}",{}
3.png,14155830,{},1071,740,"{""name"":""polyline"",""all_points_x"":[909,872],""all_points_y"":[2536,2568]}",{}
3.png,14155830,{},1071,741,"{""name"":""polyline"",""all_points_x"":[826,822],""all_points_y"":[2519,2552]}",{}
3.png,14155830,{},1071,742,"{""name"":""polyline"",""all_points_x"":[1000,1012],""all_points_y"":[2460,2521]}",{}
3.png,14155830,{},1071,743,"{""name"":""polyline"",""all_points_x"":[921,960],""all_points_y"":[2311,2325]}",{}
3.png,14155830,{},1071,744,"{""name"":""polyline"",""all_points_x"":[1040,1052],""all_points_y"":[2191,2228]}",{}
3.png,14155830,{},1071,745,"{""name"":""polyline"",""all_points_x"":[1079,1064],""all_points_y"":[1812,1849]}",{}
3.png,14155830,{},1071,746,"{""name"":""polyline"",""all_points_x"":[856,843],""all_points_y"":[1748,1835]}",{}
3.png,14155830,{},1071,747,"{""name"":""polygon"",""all_points_x"":[1061,1069,1082,1098,1117,1135,1155,1154,1152,1140,1115,1096,1077,1067],""all_points_y"":[2424,2427,2402,2362,2323,2286,2242,2238,2238,2259,2313,2355,2395,2415]}",{}
3.png,14155830,{},1071,748,"{""name"":""polyline"",""all_points_x"":[1101,1108,1116],""all_points_y"":[2291,2324,2352]}",{}
3.png,14155830,{},1071,749,"{""name"":""polyline"",""all_points_x"":[1069,1074],""all_points_y"":[2286,2329]}",{}
3.png,14155830,{},1071,750,"{""name"":""polyline"",""all_points_x"":[1084,1079,1076],""all_points_y"":[2222,2248,2286]}",{}
3.png,14155830,{},1071,751,"{""name"":""polyline"",""all_points_x"":[1120,1116,1109],""all_points_y"":[2146,2177,2220]}",{}
3.png,14155830,{},1071,752,"{""name"":""polyline"",""all_points_x"":[1165,1176,1186],""all_points_y"":[1593,1653,1733]}",{}
3.png,14155830,{},1071,753,"{""name"":""polygon"",""all_points_x"":[1189,1198,1205,1212,1219,1226,1223,1217,1211],""all_points_y"":[1730,1732,1683,1641,1600,1552,1552,1577,1607]}",{}
3.png,14155830,{},1071,754,"{""name"":""polygon"",""all_points_x"":[1119,1121,1129,1136,1144,1158,1154,1141,1133,1128],""all_points_y"":[1802,1800,1809,1815,1824,1843,1846,1827,1819,1815]}",{}
3.png,14155830,{},1071,755,"{""name"":""polygon"",""all_points_x"":[1153,1156,1162,1169,1176,1172,1165],""all_points_y"":[1736,1735,1751,1771,1800,1800,1772]}",{}
3.png,14155830,{},1071,756,"{""name"":""polygon"",""all_points_x"":[1190,1195,1190,1182,1178,1176,1180],""all_points_y"":[1809,1808,1784,1746,1728,1729,1758]}",{}
3.png,14155830,{},1071,757,"{""name"":""polyline"",""all_points_x"":[1218,1218],""all_points_y"":[1764,1822]}",{}
3.png,14155830,{},1071,758,"{""name"":""polyline"",""all_points_x"":[1156,1173,1210],""all_points_y"":[2854,2857,2861]}",{}
3.png,14155830,{},1071,759,"{""name"":""polygon"",""all_points_x"":[593,601,615,632,656,676,693,689,676,660,620,602],""all_points_y"":[2970,2973,2950,2918,2876,2844,2817,2816,2835,2860,2930,2959]}",{}
3.png,14155830,{},1071,760,"{""name"":""polygon"",""all_points_x"":[675,679,674,671,667,658,654,659,664,671],""all_points_y"":[2922,2920,2886,2864,2837,2796,2798,2818,2849,2891]}",{}
3.png,14155830,{},1071,761,"{""name"":""polygon"",""all_points_x"":[645,650,652,656,660,656,652],""all_points_y"":[2873,2872,2890,2918,2937,2937,2920]}",{}
3.png,14155830,{},1071,762,"{""name"":""polygon"",""all_points_x"":[672,676,684,698,695,685],""all_points_y"":[2673,2676,2665,2649,2645,2657]}",{}
3.png,14155830,{},1071,763,"{""name"":""polyline"",""all_points_x"":[557,537],""all_points_y"":[2747,2785]}",{}
3.png,14155830,{},1071,764,"{""name"":""polygon"",""all_points_x"":[935,941,947,954,962,970,969,958,951],""all_points_y"":[2826,2827,2805,2780,2761,2756,2753,2759,2775]}",{}
3.png,14155830,{},1071,765,"{""name"":""polygon"",""all_points_x"":[955,959,959,961,957,955],""all_points_y"":[2713,2711,2676,2653,2652,2674]}",{}
3.png,14155830,{},1071,766,"{""name"":""polygon"",""all_points_x"":[891,895,887,882,838,836,855,874,878],""all_points_y"":[2668,2664,2655,2651,2620,2623,2639,2652,2655]}",{}
3.png,14155830,{},1071,767,"{""name"":""polygon"",""all_points_x"":[1044,1047,1061,1086,1116,1142,1154,1183,1180,1159,1143],""all_points_y"":[2664,2668,2655,2630,2601,2576,2563,2530,2528,2552,2568]}",{}
3.png,14155830,{},1071,768,"{""name"":""polygon"",""all_points_x"":[944,944,937,908,888,891,909,923,932],""all_points_y"":[2663,2667,2667,2662,2650,2646,2657,2660,2662]}",{}
3.png,14155830,{},1071,769,"{""name"":""polygon"",""all_points_x"":[1031,1034,1036,1039,1050,1053,1063,1068,1063,1056,1048,1044,1040,1032,1031,1030],""all_points_y"":[2741,2740,2718,2693,2649,2636,2622,2610,2608,2622,2631,2641,2663,2695,2709,2722]}",{}
3.png,14155830,{},1071,770,"{""name"":""polyline"",""all_points_x"":[1107,1081],""all_points_y"":[2544,2626]}",{}
3.png,14155830,{},1071,771,"{""name"":""polyline"",""all_points_x"":[1081,1056],""all_points_y"":[2532,2615]}",{}
3.png,14155830,{},1071,772,"{""name"":""polyline"",""all_points_x"":[1171,1151],""all_points_y"":[2365,2423]}",{}
3.png,14155830,{},1071,773,"{""name"":""polyline"",""all_points_x"":[1189,1198],""all_points_y"":[2341,2380]}",{}
3.png,14155830,{},1071,774,"{""name"":""polyline"",""all_points_x"":[1178,1181,1189],""all_points_y"":[2352,2379,2419]}",{}
3.png,14155830,{},1071,775,"{""name"":""polygon"",""all_points_x"":[1235,1243,1250,1263,1275,1282,1288,1284,1276,1262,1253],""all_points_y"":[2407,2402,2363,2304,2242,2205,2180,2180,2217,2283,2329]}",{}
3.png,14155830,{},1071,776,"{""name"":""polygon"",""all_points_x"":[1159,1168,1181,1191,1200,1196,1190,1177,1168],""all_points_y"":[2227,2224,2190,2166,2141,2141,2157,2190,2213]}",{}
3.png,14155830,{},1071,777,"{""name"":""polyline"",""all_points_x"":[1080,1048],""all_points_y"":[2044,2090]}",{}
3.png,14155830,{},1071,778,"{""name"":""polyline"",""all_points_x"":[856,889],""all_points_y"":[1957,1980]}",{}
3.png,14155830,{},1071,779,"{""name"":""polyline"",""all_points_x"":[1221,1215,1210],""all_points_y"":[1641,1663,1697]}",{}
3.png,14155830,{},1071,780,"{""name"":""polyline"",""all_points_x"":[1141,1145],""all_points_y"":[1759,1804]}",{}
3.png,14155830,{},1071,781,"{""name"":""polyline"",""all_points_x"":[1158,1169],""all_points_y"":[1779,1838]}",{}
3.png,14155830,{},1071,782,"{""name"":""polygon"",""all_points_x"":[1117,1119,1107,1088,1081,1079,1088,1103],""all_points_y"":[2035,2032,2017,1993,1985,1989,2001,2020]}",{}
3.png,14155830,{},1071,783,"{""name"":""polygon"",""all_points_x"":[1084,1091,1093,1092,1085,1086],""all_points_y"":[2013,2013,1988,1964,1965,1983]}",{}
3.png,14155830,{},1071,784,"{""name"":""polygon"",""all_points_x"":[1002,1005,1008,1017,1020,1024,1019,1016,1014,1007,1004],""all_points_y"":[2517,2517,2504,2482,2472,2446,2446,2465,2478,2495,2504]}",{}
3.png,14155830,{},1071,785,"{""name"":""polygon"",""all_points_x"":[1154,1158,1172,1201,1234,1260,1284,1281,1259,1232,1202],""all_points_y"":[2502,2506,2492,2462,2427,2396,2364,2363,2390,2422,2455]}",{}
3.png,14155830,{},1071,786,"{""name"":""polygon"",""all_points_x"":[1166,1170,1181,1202,1219,1215,1199],""all_points_y"":[2346,2350,2335,2307,2283,2281,2304]}",{}
3.png,14155830,{},1071,787,"{""name"":""polygon"",""all_points_x"":[1063,1063,1079,1099,1098,1088],""all_points_y"":[2053,2057,2057,2056,2050,2053]}",{}
3.png,14155830,{},1071,788,"{""name"":""polygon"",""all_points_x"":[1083,1085,1094,1101,1130,1133,1148,1156,1160,1166,1174,1182,1181,1170,1160,1153,1148,1140,1129,1093],""all_points_y"":[2112,2115,2110,2104,2084,2081,2076,2072,2067,2060,2053,2048,2044,2052,2061,2070,2073,2074,2080,2106]}",{}
3.png,14155830,{},1071,789,"{""name"":""polygon"",""all_points_x"":[1116,1122,1130,1146,1154,1167,1180,1186,1191,1188,1180,1173,1162,1146,1140,1129],""all_points_y"":[2209,2212,2190,2143,2118,2073,2031,2010,1994,1994,2017,2041,2077,2126,2146,2177]}",{}
3.png,14155830,{},1071,790,"{""name"":""polygon"",""all_points_x"":[1222,1221,1239,1267,1303,1341,1377,1378,1344,1328,1259],""all_points_y"":[172,175,181,185,190,196,201,197,191,190,179]}",{}
3.png,14155830,{},1071,791,"{""name"":""polyline"",""all_points_x"":[1484,1465,1456],""all_points_y"":[200,239,255]}",{}
3.png,14155830,{},1071,792,"{""name"":""polyline"",""all_points_x"":[1343,1390],""all_points_y"":[212,231]}",{}
3.png,14155830,{},1071,793,"{""name"":""polyline"",""all_points_x"":[1392,1399],""all_points_y"":[285,335]}",{}
3.png,14155830,{},1071,794,"{""name"":""polygon"",""all_points_x"":[1342,1349,1334,1321,1303,1288,1284,1291,1300,1313,1323,1329],""all_points_y"":[456,452,417,372,306,252,254,280,314,364,401,419]}",{}
3.png,14155830,{},1071,795,"{""name"":""polygon"",""all_points_x"":[1302,1305,1313,1324,1335,1330,1320,1311],""all_points_y"":[429,433,427,408,391,386,405,419]}",{}
3.png,14155830,{},1071,796,"{""name"":""polygon"",""all_points_x"":[1043,1070,1097,1137,1161,1162,1142,1114,1093,1074,1050,1039],""all_points_y"":[289,291,291,296,301,307,303,300,298,298,295,293]}",{}
3.png,14155830,{},1071,797,"{""name"":""polygon"",""all_points_x"":[1224,1235,1241,1247,1259,1261,1257,1246,1236,1227],""all_points_y"":[315,340,349,355,364,362,357,349,331,314]}",{}
3.png,14155830,{},1071,798,"{""name"":""polyline"",""all_points_x"":[1377,1324],""all_points_y"":[438,448]}",{}
3.png,14155830,{},1071,799,"{""name"":""polyline"",""all_points_x"":[1199,1199,1202],""all_points_y"":[549,580,605]}",{}
3.png,14155830,{},1071,800,"{""name"":""polyline"",""all_points_x"":[1156,1132],""all_points_y"":[562,594]}",{}
3.png,14155830,{},1071,801,"{""name"":""polygon"",""all_points_x"":[1434,1438,1429,1420,1410,1393,1389,1385,1389,1400,1415,1423],""all_points_y"":[559,557,520,472,426,357,336,337,363,407,486,519]}",{}
3.png,14155830,{},1071,802,"{""name"":""polygon"",""all_points_x"":[1411,1410,1421,1445,1461,1467,1464,1453],""all_points_y"":[356,361,361,358,356,353,351,353]}",{}
3.png,14155830,{},1071,803,"{""name"":""polygon"",""all_points_x"":[1433,1435,1445,1463,1494,1509,1507],""all_points_y"":[304,298,305,318,345,356,362]}",{}
3.png,14155830,{},1071,804,"{""name"":""polygon"",""all_points_x"":[1421,1445,1465,1462,1431,1420],""all_points_y"":[336,346,352,356,346,340]}",{}
3.png,14155830,{},1071,805,"{""name"":""polygon"",""all_points_x"":[1536,1536,1511,1509],""all_points_y"":[369,378,417,414]}",{}
3.png,14155830,{},1071,806,"{""name"":""polyline"",""all_points_x"":[1523,1529,1533],""all_points_y"":[381,406,433]}",{}
3.png,14155830,{},1071,807,"{""name"":""polygon"",""all_points_x"":[1172,1175,1179,1179,1175,1174],""all_points_y"":[28,30,22,1,1,18]}",{}
3.png,14155830,{},1071,808,"{""name"":""polygon"",""all_points_x"":[1492,1497,1498,1497,1501,1497,1492,1493,1494],""all_points_y"":[520,519,499,480,458,458,479,494,500]}",{}
3.png,14155830,{},1071,809,"{""name"":""polygon"",""all_points_x"":[1435,1439,1445,1458,1474,1481,1475,1468],""all_points_y"":[621,625,615,580,532,511,511,532]}",{}
3.png,14155830,{},1071,810,"{""name"":""polyline"",""all_points_x"":[1409,1441,1458],""all_points_y"":[559,585,603]}",{}
3.png,14155830,{},1071,811,"{""name"":""polygon"",""all_points_x"":[1528,1534,1527,1517,1510,1502,1498,1504,1510,1517],""all_points_y"":[697,694,665,619,575,540,541,573,608,643]}",{}
3.png,14155830,{},1071,812,"{""name"":""polygon"",""all_points_x"":[1508,1510,1516,1523,1535,1530,1523,1515],""all_points_y"":[641,639,666,692,729,741,715,676]}",{}
3.png,14155830,{},1071,813,"{""name"":""polygon"",""all_points_x"":[1280,1284,1289,1298,1292,1284],""all_points_y"":[700,699,673,631,631,673]}",{}
3.png,14155830,{},1071,814,"{""name"":""polygon"",""all_points_x"":[1234,1232,1238,1259,1261],""all_points_y"":[685,689,695,713,707]}",{}
3.png,14155830,{},1071,815,"{""name"":""polygon"",""all_points_x"":[1207,1210,1232,1257,1287,1284],""all_points_y"":[778,781,767,752,735,731]}",{}
3.png,14155830,{},1071,816,"{""name"":""polygon"",""all_points_x"":[1280,1284,1296,1309,1319,1315,1307,1294],""all_points_y"":[827,829,809,787,769,767,785,803]}",{}
3.png,14155830,{},1071,817,"{""name"":""polygon"",""all_points_x"":[1205,1206,1222,1242,1260,1260,1234],""all_points_y"":[571,578,576,573,572,568,570]}",{}
3.png,14155830,{},1071,818,"{""name"":""polyline"",""all_points_x"":[1185,1153],""all_points_y"":[560,630]}",{}
3.png,14155830,{},1071,819,"{""name"":""polyline"",""all_points_x"":[1119,1150,1183],""all_points_y"":[667,630,582]}",{}
3.png,14155830,{},1071,820,"{""name"":""polyline"",""all_points_x"":[1158,1127],""all_points_y"":[614,649]}",{}
3.png,14155830,{},1071,821,"{""name"":""polyline"",""all_points_x"":[1218,1144],""all_points_y"":[829,886]}",{}
3.png,14155830,{},1071,822,"{""name"":""polyline"",""all_points_x"":[1194,1144],""all_points_y"":[853,890]}",{}
3.png,14155830,{},1071,823,"{""name"":""polyline"",""all_points_x"":[1163,1182,1201],""all_points_y"":[879,870,856]}",{}
3.png,14155830,{},1071,824,"{""name"":""polyline"",""all_points_x"":[1175,1183,1198,1225],""all_points_y"":[926,913,898,867]}",{}
3.png,14155830,{},1071,825,"{""name"":""polygon"",""all_points_x"":[1180,1183,1190,1203,1217,1212,1202,1190,1182],""all_points_y"":[911,911,899,876,847,846,867,889,903]}",{}
3.png,14155830,{},1071,826,"{""name"":""polyline"",""all_points_x"":[1235,1207],""all_points_y"":[667,699]}",{}
3.png,14155830,{},1071,827,"{""name"":""polyline"",""all_points_x"":[1258,1238],""all_points_y"":[771,804]}",{}
3.png,14155830,{},1071,828,"{""name"":""polyline"",""all_points_x"":[1221,1259],""all_points_y"":[782,761]}",{}
3.png,14155830,{},1071,829,"{""name"":""polygon"",""all_points_x"":[1240,1246,1251,1258,1264,1261,1253,1248,1244],""all_points_y"":[905,906,891,860,846,845,866,882,896]}",{}
3.png,14155830,{},1071,830,"{""name"":""polyline"",""all_points_x"":[1167,1147,1118],""all_points_y"":[881,896,936]}",{}
3.png,14155830,{},1071,831,"{""name"":""polygon"",""all_points_x"":[1221,1229,1240,1247,1250,1243,1232,1226],""all_points_y"":[922,922,884,859,847,847,889,906]}",{}
3.png,14155830,{},1071,832,"{""name"":""polygon"",""all_points_x"":[1218,1223,1241,1266,1293,1309,1301,1270,1254],""all_points_y"":[924,929,916,896,876,862,858,884,897]}",{}
3.png,14155830,{},1071,833,"{""name"":""polyline"",""all_points_x"":[1227,1254],""all_points_y"":[839,896]}",{}
3.png,14155830,{},1071,834,"{""name"":""polyline"",""all_points_x"":[1385,1353],""all_points_y"":[807,867]}",{}
3.png,14155830,{},1071,835,"{""name"":""polygon"",""all_points_x"":[1048,1049,1075,1110,1154,1194,1215,1233,1262,1260,1223,1192,1166,1140,1108,1071],""all_points_y"":[1049,1053,1037,1013,985,961,948,937,920,917,939,957,973,990,1009,1032]}",{}
3.png,14155830,{},1071,836,"{""name"":""polyline"",""all_points_x"":[1167,1066],""all_points_y"":[979,1045]}",{}
3.png,14155830,{},1071,837,"{""name"":""polyline"",""all_points_x"":[1470,1429],""all_points_y"":[817,848]}",{}
3.png,14155830,{},1071,838,"{""name"":""polygon"",""all_points_x"":[1184,1186,1205,1243,1267,1283,1314,1323,1352,1360,1359,1337,1308,1264,1219],""all_points_y"":[984,988,980,962,950,940,926,921,911,909,906,912,924,946,969]}",{}
3.png,14155830,{},1071,839,"{""name"":""polygon"",""all_points_x"":[1110,1120,1136,1172,1215,1249,1274,1298,1293,1214,1163,1135],""all_points_y"":[1055,1061,1050,1024,995,972,953,936,934,987,1022,1041]}",{}
3.png,14155830,{},1071,840,"{""name"":""polyline"",""all_points_x"":[1304,1279],""all_points_y"":[932,1014]}",{}
3.png,14155830,{},1071,841,"{""name"":""polyline"",""all_points_x"":[1433,1441],""all_points_y"":[890,965]}",{}
3.png,14155830,{},1071,842,"{""name"":""polyline"",""all_points_x"":[1428,1434],""all_points_y"":[889,974]}",{}
3.png,14155830,{},1071,843,"{""name"":""polyline"",""all_points_x"":[1485,1486,1481],""all_points_y"":[502,526,546]}",{}
3.png,14155830,{},1071,844,"{""name"":""polyline"",""all_points_x"":[1483,1478,1478],""all_points_y"":[515,532,552]}",{}
3.png,14155830,{},1071,845,"{""name"":""polyline"",""all_points_x"":[1466,1460],""all_points_y"":[710,761]}",{}
3.png,14155830,{},1071,846,"{""name"":""polyline"",""all_points_x"":[1502,1535],""all_points_y"":[812,851]}",{}
3.png,14155830,{},1071,847,"{""name"":""polyline"",""all_points_x"":[1477,1500],""all_points_y"":[803,831]}",{}
3.png,14155830,{},1071,848,"{""name"":""polyline"",""all_points_x"":[1351,1317],""all_points_y"":[913,940]}",{}
3.png,14155830,{},1071,849,"{""name"":""polyline"",""all_points_x"":[1350,1307],""all_points_y"":[947,987]}",{}
3.png,14155830,{},1071,850,"{""name"":""polyline"",""all_points_x"":[1213,1271,1321],""all_points_y"":[1062,1025,991]}",{}
3.png,14155830,{},1071,851,"{""name"":""polyline"",""all_points_x"":[1406,1372,1342],""all_points_y"":[979,996,1008]}",{}
3.png,14155830,{},1071,852,"{""name"":""polygon"",""all_points_x"":[1092,1094,1117,1147,1200,1235,1265,1292,1293,1290,1273,1215,1169],""all_points_y"":[1072,1075,1067,1060,1044,1033,1024,1015,1013,1012,1018,1036,1050]}",{}
3.png,14155830,{},1071,853,"{""name"":""polygon"",""all_points_x"":[1194,1200,1216,1228,1231,1226,1215,1209],""all_points_y"":[1047,1049,1029,1009,1004,1003,1021,1029]}",{}
3.png,14155830,{},1071,854,"{""name"":""polygon"",""all_points_x"":[1150,1153,1167,1196,1223,1257,1290,1318,1326,1324,1283,1240,1211],""all_points_y"":[1088,1093,1086,1075,1064,1049,1033,1020,1017,1015,1033,1052,1065]}",{}
3.png,14155830,{},1071,855,"{""name"":""polygon"",""all_points_x"":[1179,1183,1186,1188,1184,1184,1183],""all_points_y"":[1160,1160,1127,1112,1111,1111,1120]}",{}
3.png,14155830,{},1071,856,"{""name"":""polygon"",""all_points_x"":[1196,1199,1212,1230,1264,1261],""all_points_y"":[1114,1116,1108,1095,1068,1067]}",{}
3.png,14155830,{},1071,857,"{""name"":""polygon"",""all_points_x"":[1217,1220,1235,1256,1253,1229],""all_points_y"":[1225,1226,1208,1172,1170,1209]}",{}
3.png,14155830,{},1071,858,"{""name"":""polygon"",""all_points_x"":[1226,1228,1243,1283,1281],""all_points_y"":[1230,1236,1228,1209,1206]}",{}
3.png,14155830,{},1071,859,"{""name"":""polygon"",""all_points_x"":[1184,1187,1197,1223,1245,1245,1214,1198],""all_points_y"":[1187,1189,1181,1166,1152,1148,1167,1176]}",{}
3.png,14155830,{},1071,860,"{""name"":""polygon"",""all_points_x"":[1303,1307,1311,1315,1319,1326,1330,1337,1335,1328,1323,1315],""all_points_y"":[1257,1257,1229,1201,1166,1121,1099,1073,1072,1094,1113,1167]}",{}
3.png,14155830,{},1071,861,"{""name"":""polygon"",""all_points_x"":[1145,1146,1165,1204,1238,1256,1291,1289,1195,1164],""all_points_y"":[1333,1336,1328,1312,1298,1290,1274,1272,1312,1325]}",{}
3.png,14155830,{},1071,862,"{""name"":""polygon"",""all_points_x"":[1118,1121,1131,1142,1163,1159,1141],""all_points_y"":[1412,1413,1385,1354,1299,1297,1343]}",{}
3.png,14155830,{},1071,863,"{""name"":""polyline"",""all_points_x"":[1198,1183],""all_points_y"":[1324,1367]}",{}
3.png,14155830,{},1071,864,"{""name"":""polyline"",""all_points_x"":[1191,1250],""all_points_y"":[1328,1329]}",{}
3.png,14155830,{},1071,865,"{""name"":""polyline"",""all_points_x"":[1267,1242],""all_points_y"":[1307,1321]}",{}
3.png,14155830,{},1071,866,"{""name"":""polyline"",""all_points_x"":[1281,1207],""all_points_y"":[1313,1361]}",{}
3.png,14155830,{},1071,867,"{""name"":""polyline"",""all_points_x"":[1219,1216,1214,1213,1213],""all_points_y"":[1363,1376,1394,1404,1429]}",{}
3.png,14155830,{},1071,868,"{""name"":""polyline"",""all_points_x"":[1403,1347,1320,1287],""all_points_y"":[1233,1260,1276,1296]}",{}
3.png,14155830,{},1071,869,"{""name"":""polygon"",""all_points_x"":[1316,1321,1328,1339,1349,1346,1331],""all_points_y"":[1248,1250,1232,1196,1165,1164,1209]}",{}
3.png,14155830,{},1071,870,"{""name"":""polygon"",""all_points_x"":[1326,1328,1363,1361,1349],""all_points_y"":[1186,1190,1171,1166,1174]}",{}
3.png,14155830,{},1071,871,"{""name"":""polyline"",""all_points_x"":[1368,1361,1354,1347,1346],""all_points_y"":[1183,1188,1200,1232,1243]}",{}
3.png,14155830,{},1071,872,"{""name"":""polyline"",""all_points_x"":[1358,1337],""all_points_y"":[1221,1303]}",{}
3.png,14155830,{},1071,873,"{""name"":""polyline"",""all_points_x"":[1438,1411,1386],""all_points_y"":[1055,1122,1202]}",{}
3.png,14155830,{},1071,874,"{""name"":""polyline"",""all_points_x"":[1453,1422],""all_points_y"":[1112,1140]}",{}
3.png,14155830,{},1071,875,"{""name"":""polyline"",""all_points_x"":[1393,1378,1365],""all_points_y"":[1101,1130,1160]}",{}
3.png,14155830,{},1071,876,"{""name"":""polyline"",""all_points_x"":[1336,1388,1431],""all_points_y"":[1094,1060,1038]}",{}
3.png,14155830,{},1071,877,"{""name"":""polyline"",""all_points_x"":[1403,1399,1397,1396],""all_points_y"":[969,982,995,1008]}",{}
3.png,14155830,{},1071,878,"{""name"":""polygon"",""all_points_x"":[1419,1424,1428,1440,1445,1442,1435,1429,1423],""all_points_y"":[824,824,803,762,744,743,760,782,806]}",{}
3.png,14155830,{},1071,879,"{""name"":""polygon"",""all_points_x"":[1440,1445,1448,1455,1460,1458,1451,1446,1445],""all_points_y"":[832,832,814,772,730,730,761,794,803]}",{}
3.png,14155830,{},1071,880,"{""name"":""polygon"",""all_points_x"":[1519,1526,1525,1532,1536,1536,1530,1528,1523],""all_points_y"":[951,951,939,894,858,834,866,877,915]}",{}
3.png,14155830,{},1071,881,"{""name"":""polygon"",""all_points_x"":[1405,1408,1427,1451,1475,1487,1484,1461,1428],""all_points_y"":[1024,1026,997,958,922,905,903,937,988]}",{}
3.png,14155830,{},1071,882,"{""name"":""polygon"",""all_points_x"":[1459,1463,1454,1451,1448,1449,1452],""all_points_y"":[539,537,503,481,482,501,517]}",{}
3.png,14155830,{},1071,883,"{""name"":""polygon"",""all_points_x"":[1407,1410,1388,1372,1363,1360,1370,1381,1390],""all_points_y"":[470,463,420,386,369,372,395,419,440]}",{}
3.png,14155830,{},1071,884,"{""name"":""polygon"",""all_points_x"":[1470,1474,1476,1473,1474,1479,1474,1470,1469,1471,1471],""all_points_y"":[884,883,831,785,751,707,706,739,767,833,855]}",{}
3.png,14155830,{},1071,885,"{""name"":""polyline"",""all_points_x"":[1439,1454,1470],""all_points_y"":[852,834,822]}",{}
3.png,14155830,{},1071,886,"{""name"":""polyline"",""all_points_x"":[1506,1498],""all_points_y"":[841,886]}",{}
3.png,14155830,{},1071,887,"{""name"":""polyline"",""all_points_x"":[1503,1487,1473],""all_points_y"":[850,873,897]}",{}
3.png,14155830,{},1071,888,"{""name"":""polygon"",""all_points_x"":[1300,1303,1311,1333,1373,1368,1333],""all_points_y"":[1038,1039,1027,987,918,917,978]}",{}
3.png,14155830,{},1071,889,"{""name"":""polygon"",""all_points_x"":[1376,1402,1420,1430,1429,1409,1388,1379],""all_points_y"":[881,909,925,932,925,910,889,878]}",{}
3.png,14155830,{},1071,890,"{""name"":""polyline"",""all_points_x"":[1509,1535],""all_points_y"":[795,778]}",{}
3.png,14155830,{},1071,891,"{""name"":""polyline"",""all_points_x"":[1429,1467],""all_points_y"":[1126,1181]}",{}
3.png,14155830,{},1071,892,"{""name"":""polyline"",""all_points_x"":[1505,1507],""all_points_y"":[1077,1130]}",{}
3.png,14155830,{},1071,893,"{""name"":""polygon"",""all_points_x"":[1409,1413,1393,1392],""all_points_y"":[1068,1065,1039,1041]}",{}
3.png,14155830,{},1071,894,"{""name"":""polygon"",""all_points_x"":[1472,1477,1474,1470,1463,1464,1465,1470,1467,1462,1459,1458,1459,1465],""all_points_y"":[1183,1183,1154,1120,1088,1071,1030,967,967,1001,1056,1080,1092,1122]}",{}
3.png,14155830,{},1071,895,"{""name"":""polygon"",""all_points_x"":[1514,1517,1526,1534,1536,1535,1526],""all_points_y"":[1045,1045,1090,1128,1142,1159,1114]}",{}
3.png,14155830,{},1071,896,"{""name"":""polygon"",""all_points_x"":[1468,1476,1474,1474,1468],""all_points_y"":[1079,1078,1061,1032,1032]}",{}
3.png,14155830,{},1071,897,"{""name"":""polyline"",""all_points_x"":[1461,1490],""all_points_y"":[1130,1151]}",{}
3.png,14155830,{},1071,898,"{""name"":""polyline"",""all_points_x"":[1477,1490,1517],""all_points_y"":[1150,1174,1213]}",{}
3.png,14155830,{},1071,899,"{""name"":""polyline"",""all_points_x"":[1525,1535],""all_points_y"":[1179,1193]}",{}
3.png,14155830,{},1071,900,"{""name"":""polyline"",""all_points_x"":[1493,1504],""all_points_y"":[1232,1259]}",{}
3.png,14155830,{},1071,901,"{""name"":""polygon"",""all_points_x"":[1193,1198,1212,1236,1231],""all_points_y"":[1214,1217,1197,1162,1160]}",{}
3.png,14155830,{},1071,902,"{""name"":""polyline"",""all_points_x"":[1179,1178],""all_points_y"":[1173,1226]}",{}
3.png,14155830,{},1071,903,"{""name"":""polyline"",""all_points_x"":[1348,1326,1309],""all_points_y"":[1102,1128,1142]}",{}
3.png,14155830,{},1071,904,"{""name"":""polyline"",""all_points_x"":[927,975,1030],""all_points_y"":[1260,1227,1184]}",{}
3.png,14155830,{},1071,905,"{""name"":""polyline"",""all_points_x"":[902,913],""all_points_y"":[1178,1220]}",{}
3.png,14155830,{},1071,906,"{""name"":""polyline"",""all_points_x"":[1241,1169],""all_points_y"":[1464,1505]}",{}
3.png,14155830,{},1071,907,"{""name"":""polygon"",""all_points_x"":[1175,1178,1186,1196,1200,1195,1180],""all_points_y"":[1416,1416,1444,1480,1495,1495,1437]}",{}
3.png,14155830,{},1071,908,"{""name"":""polygon"",""all_points_x"":[1208,1212,1222,1249,1290,1335,1387,1410,1408,1373,1309,1270],""all_points_y"":[1445,1451,1441,1410,1363,1314,1260,1238,1237,1269,1336,1378]}",{}
3.png,14155830,{},1071,909,"{""name"":""polyline"",""all_points_x"":[1484,1490],""all_points_y"":[974,1041]}",{}
3.png,14155830,{},1071,910,"{""name"":""polyline"",""all_points_x"":[1372,1360],""all_points_y"":[941,978]}",{}
3.png,14155830,{},1071,911,"{""name"":""polyline"",""all_points_x"":[1427,1438,1445],""all_points_y"":[1163,1182,1189]}",{}
3.png,14155830,{},1071,912,"{""name"":""polyline"",""all_points_x"":[1446,1449],""all_points_y"":[1233,1314]}",{}
3.png,14155830,{},1071,913,"{""name"":""polyline"",""all_points_x"":[1370,1428],""all_points_y"":[1296,1349]}",{}
3.png,14155830,{},1071,914,"{""name"":""polyline"",""all_points_x"":[1337,1324],""all_points_y"":[1285,1347]}",{}
3.png,14155830,{},1071,915,"{""name"":""polygon"",""all_points_x"":[1330,1333,1336,1343,1354,1351,1340,1334,1331],""all_points_y"":[1373,1371,1348,1320,1304,1301,1316,1332,1353]}",{}
3.png,14155830,{},1071,916,"{""name"":""polygon"",""all_points_x"":[1228,1231,1251,1264,1277,1296,1292,1272,1265,1251],""all_points_y"":[1443,1444,1419,1406,1389,1358,1357,1387,1398,1414]}",{}
3.png,14155830,{},1071,917,"{""name"":""polygon"",""all_points_x"":[1235,1240,1254,1274,1302,1324,1348,1345,1307,1286,1254,1242],""all_points_y"":[1522,1526,1512,1494,1470,1451,1432,1430,1460,1477,1505,1517]}",{}
3.png,14155830,{},1071,918,"{""name"":""polygon"",""all_points_x"":[1259,1267,1269,1274,1273,1268,1263],""all_points_y"":[1595,1595,1560,1520,1516,1516,1558]}",{}
3.png,14155830,{},1071,919,"{""name"":""polygon"",""all_points_x"":[1271,1274,1278,1285,1279,1276],""all_points_y"":[1485,1486,1473,1442,1442,1460]}",{}
3.png,14155830,{},1071,920,"{""name"":""polygon"",""all_points_x"":[1180,1184,1205,1231,1228],""all_points_y"":[1522,1524,1514,1498,1496]}",{}
3.png,14155830,{},1071,921,"{""name"":""polygon"",""all_points_x"":[1173,1175,1203,1235,1232,1207],""all_points_y"":[1515,1519,1504,1484,1482,1498]}",{}
3.png,14155830,{},1071,922,"{""name"":""polyline"",""all_points_x"":[1220,1163],""all_points_y"":[1456,1481]}",{}
3.png,14155830,{},1071,923,"{""name"":""polyline"",""all_points_x"":[1166,1199],""all_points_y"":[1488,1452]}",{}
3.png,14155830,{},1071,924,"{""name"":""polyline"",""all_points_x"":[1387,1368,1354],""all_points_y"":[1362,1391,1420]}",{}
3.png,14155830,{},1071,925,"{""name"":""polygon"",""all_points_x"":[1338,1342,1357,1380,1411,1434,1457,1464,1460,1434,1412,1389,1365,1353],""all_points_y"":[1463,1466,1448,1420,1389,1365,1346,1340,1338,1361,1381,1403,1429,1443]}",{}
3.png,14155830,{},1071,926,"{""name"":""polyline"",""all_points_x"":[1449,1382],""all_points_y"":[1408,1432]}",{}
3.png,14155830,{},1071,927,"{""name"":""polyline"",""all_points_x"":[1258,1237],""all_points_y"":[1487,1517]}",{}
3.png,14155830,{},1071,928,"{""name"":""polygon"",""all_points_x"":[1318,1324,1340,1376,1434,1480,1510,1533,1531,1356,1324],""all_points_y"":[1550,1554,1537,1504,1454,1412,1385,1365,1362,1515,1543]}",{}
3.png,14155830,{},1071,929,"{""name"":""polygon"",""all_points_x"":[1510,1514,1523,1528,1531,1535,1535,1528,1524,1521],""all_points_y"":[1272,1270,1289,1304,1318,1331,1340,1325,1309,1297]}",{}
3.png,14155830,{},1071,930,"{""name"":""polygon"",""all_points_x"":[1465,1468,1475,1481,1487,1496,1492,1480],""all_points_y"":[1337,1336,1351,1366,1378,1390,1393,1377]}",{}
3.png,14155830,{},1071,931,"{""name"":""polygon"",""all_points_x"":[1497,1504,1510,1528,1535,1536,1535,1520,1504],""all_points_y"":[1481,1483,1466,1420,1398,1391,1390,1427,1467]}",{}
3.png,14155830,{},1071,932,"{""name"":""polygon"",""all_points_x"":[1467,1475,1475,1475,1474,1468,1470,1470,1470],""all_points_y"":[1547,1547,1504,1464,1430,1430,1444,1472,1501]}",{}
3.png,14155830,{},1071,933,"{""name"":""polygon"",""all_points_x"":[1441,1447,1449,1451,1450,1445,1445,1444],""all_points_y"":[1564,1564,1530,1478,1445,1445,1462,1492]}",{}
3.png,14155830,{},1071,934,"{""name"":""polygon"",""all_points_x"":[1392,1406,1418,1424,1429,1421,1404,1395],""all_points_y"":[1530,1555,1578,1584,1583,1572,1543,1525]}",{}
3.png,14155830,{},1071,935,"{""name"":""polygon"",""all_points_x"":[1326,1331,1320,1304,1301,1298,1305],""all_points_y"":[1662,1658,1619,1552,1540,1541,1574]}",{}
3.png,14155830,{},1071,936,"{""name"":""polygon"",""all_points_x"":[1222,1226,1227,1229,1231,1227,1225,1222,1221],""all_points_y"":[1739,1739,1702,1672,1660,1660,1675,1702,1714]}",{}
3.png,14155830,{},1071,937,"{""name"":""polygon"",""all_points_x"":[1243,1247,1255,1263,1266,1271,1279,1282,1280,1274,1268,1258,1257],""all_points_y"":[1750,1752,1723,1674,1654,1623,1582,1571,1570,1590,1618,1678,1688]}",{}
3.png,14155830,{},1071,938,"{""name"":""polygon"",""all_points_x"":[1274,1278,1285,1294,1306,1313,1309,1305],""all_points_y"":[1697,1695,1712,1733,1762,1776,1778,1770]}",{}
3.png,14155830,{},1071,939,"{""name"":""polygon"",""all_points_x"":[1277,1283,1276,1260,1247,1239,1233,1230,1237,1244,1267],""all_points_y"":[1787,1784,1755,1702,1652,1621,1588,1591,1626,1659,1746]}",{}
3.png,14155830,{},1071,940,"{""name"":""polyline"",""all_points_x"":[1234,1236,1240],""all_points_y"":[1566,1593,1620]}",{}
3.png,14155830,{},1071,941,"{""name"":""polyline"",""all_points_x"":[1294,1298,1308],""all_points_y"":[1569,1599,1639]}",{}
3.png,14155830,{},1071,942,"{""name"":""polyline"",""all_points_x"":[1294,1299,1305,1313],""all_points_y"":[1601,1633,1653,1671]}",{}
3.png,14155830,{},1071,943,"{""name"":""polygon"",""all_points_x"":[1297,1301,1297,1282,1276,1273,1277],""all_points_y"":[1700,1698,1676,1631,1617,1620,1630]}",{}
3.png,14155830,{},1071,944,"{""name"":""polygon"",""all_points_x"":[1313,1316,1309,1299,1291,1289,1289,1296,1304],""all_points_y"":[1766,1764,1717,1660,1599,1600,1622,1666,1718]}",{}
3.png,14155830,{},1071,945,"{""name"":""polygon"",""all_points_x"":[1386,1403,1419,1431,1437,1442,1441,1429,1414],""all_points_y"":[1254,1262,1281,1293,1301,1305,1307,1298,1282]}",{}
3.png,14155830,{},1071,946,"{""name"":""polyline"",""all_points_x"":[1239,1231,1226,1221],""all_points_y"":[1501,1512,1538,1549]}",{}
3.png,14155830,{},1071,947,"{""name"":""polygon"",""all_points_x"":[1341,1348,1342,1335,1329,1327,1324,1326,1332,1338],""all_points_y"":[1693,1692,1642,1577,1517,1504,1506,1539,1588,1655]}",{}
3.png,14155830,{},1071,948,"{""name"":""polygon"",""all_points_x"":[1510,1513,1500,1475,1473],""all_points_y"":[1504,1508,1520,1543,1537]}",{}
3.png,14155830,{},1071,949,"{""name"":""polygon"",""all_points_x"":[1438,1446,1438,1420,1398,1382,1370,1370,1362,1359,1366,1379,1389,1412,1423,1430],""all_points_y"":[1889,1887,1859,1807,1741,1688,1642,1636,1610,1612,1639,1693,1728,1807,1836,1860]}",{}
3.png,14155830,{},1071,950,"{""name"":""polygon"",""all_points_x"":[1450,1455,1455,1452,1448,1449],""all_points_y"":[1831,1831,1794,1717,1718,1776]}",{}
3.png,14155830,{},1071,951,"{""name"":""polygon"",""all_points_x"":[1323,1327,1328,1330,1332,1329,1325],""all_points_y"":[1835,1835,1803,1760,1731,1731,1778]}",{}
3.png,14155830,{},1071,952,"{""name"":""polyline"",""all_points_x"":[1281,1269],""all_points_y"":[1810,1867]}",{}
3.png,14155830,{},1071,953,"{""name"":""polyline"",""all_points_x"":[1299,1292],""all_points_y"":[1864,2026]}",{}
3.png,14155830,{},1071,954,"{""name"":""polyline"",""all_points_x"":[1511,1500,1491,1484],""all_points_y"":[1929,1955,1982,2007]}",{}
3.png,14155830,{},1071,955,"{""name"":""polygon"",""all_points_x"":[1501,1506,1506,1505,1506,1501,1500],""all_points_y"":[1797,1798,1754,1702,1650,1650,1738]}",{}
3.png,14155830,{},1071,956,"{""name"":""polygon"",""all_points_x"":[1426,1432,1435,1448,1463,1466,1476,1473,1461,1458,1439],""all_points_y"":[1625,1624,1636,1665,1705,1717,1732,1738,1716,1707,1654]}",{}
3.png,14155830,{},1071,957,"{""name"":""polygon"",""all_points_x"":[1478,1483,1477,1475,1471,1473],""all_points_y"":[1761,1761,1700,1679,1680,1703]}",{}
3.png,14155830,{},1071,958,"{""name"":""polygon"",""all_points_x"":[1439,1444,1444,1441,1440,1437,1438,1439],""all_points_y"":[1801,1801,1777,1743,1725,1726,1758,1783]}",{}
3.png,14155830,{},1071,959,"{""name"":""polygon"",""all_points_x"":[1440,1445,1447,1454,1462,1474,1470,1463,1458,1450,1445],""all_points_y"":[1968,1968,1951,1915,1879,1833,1833,1861,1880,1914,1935]}",{}
3.png,14155830,{},1071,960,"{""name"":""polygon"",""all_points_x"":[1336,1341,1344,1346,1346,1346,1343,1342,1341,1339],""all_points_y"":[1909,1910,1863,1824,1781,1765,1765,1787,1833,1883]}",{}
3.png,14155830,{},1071,961,"{""name"":""polyline"",""all_points_x"":[1376,1409,1447],""all_points_y"":[1848,1839,1834]}",{}
3.png,14155830,{},1071,962,"{""name"":""polyline"",""all_points_x"":[1456,1468],""all_points_y"":[1762,1799]}",{}
3.png,14155830,{},1071,963,"{""name"":""polyline"",""all_points_x"":[1454,1469],""all_points_y"":[1723,1782]}",{}
3.png,14155830,{},1071,964,"{""name"":""polyline"",""all_points_x"":[1486,1495],""all_points_y"":[1724,1761]}",{}
3.png,14155830,{},1071,965,"{""name"":""polyline"",""all_points_x"":[1398,1416],""all_points_y"":[1789,1861]}",{}
3.png,14155830,{},1071,966,"{""name"":""polyline"",""all_points_x"":[1356,1344],""all_points_y"":[1802,1880]}",{}
3.png,14155830,{},1071,967,"{""name"":""polyline"",""all_points_x"":[1219,1222],""all_points_y"":[2166,2231]}",{}
3.png,14155830,{},1071,968,"{""name"":""polyline"",""all_points_x"":[1224,1225,1223,1219],""all_points_y"":[2171,2197,2223,2244]}",{}
3.png,14155830,{},1071,969,"{""name"":""polyline"",""all_points_x"":[1243,1254],""all_points_y"":[2128,2189]}",{}
3.png,14155830,{},1071,970,"{""name"":""polyline"",""all_points_x"":[1251,1267],""all_points_y"":[2074,2134]}",{}
3.png,14155830,{},1071,971,"{""name"":""polyline"",""all_points_x"":[1247,1270],""all_points_y"":[2040,2115]}",{}
3.png,14155830,{},1071,972,"{""name"":""polyline"",""all_points_x"":[1486,1523],""all_points_y"":[2953,3033]}",{}
3.png,14155830,{},1071,973,"{""name"":""polyline"",""all_points_x"":[1411,1467],""all_points_y"":[2886,2945]}",{}
3.png,14155830,{},1071,974,"{""name"":""polyline"",""all_points_x"":[1470,1529],""all_points_y"":[2859,2877]}",{}
3.png,14155830,{},1071,975,"{""name"":""polyline"",""all_points_x"":[1513,1533],""all_points_y"":[2810,2879]}",{}
3.png,14155830,{},1071,976,"{""name"":""polyline"",""all_points_x"":[1518,1529,1533],""all_points_y"":[2737,2795,2829]}",{}
3.png,14155830,{},1071,977,"{""name"":""polyline"",""all_points_x"":[1471,1428],""all_points_y"":[2573,2625]}",{}
3.png,14155830,{},1071,978,"{""name"":""polyline"",""all_points_x"":[1409,1471],""all_points_y"":[2625,2648]}",{}
3.png,14155830,{},1071,979,"{""name"":""polygon"",""all_points_x"":[1212,1216,1228,1241,1245,1241,1228],""all_points_y"":[2724,2726,2691,2660,2650,2649,2678]}",{}
3.png,14155830,{},1071,980,"{""name"":""polygon"",""all_points_x"":[1195,1201,1209,1224,1218,1205],""all_points_y"":[2706,2707,2685,2648,2647,2683]}",{}
3.png,14155830,{},1071,981,"{""name"":""polygon"",""all_points_x"":[1248,1249,1267,1293,1332,1364,1396,1395,1370,1312],""all_points_y"":[2687,2691,2685,2675,2658,2641,2625,2621,2634,2662]}",{}
3.png,14155830,{},1071,982,"{""name"":""polygon"",""all_points_x"":[1150,1154,1151,1145,1139,1133,1131,1123,1127,1134,1137,1143,1147],""all_points_y"":[2665,2664,2647,2596,2542,2484,2464,2463,2495,2542,2559,2620,2647]}",{}
3.png,14155830,{},1071,983,"{""name"":""polyline"",""all_points_x"":[1186,1183],""all_points_y"":[2418,2485]}",{}
3.png,14155830,{},1071,984,"{""name"":""polyline"",""all_points_x"":[1248,1241,1238],""all_points_y"":[2414,2472,2515]}",{}
3.png,14155830,{},1071,985,"{""name"":""polyline"",""all_points_x"":[1253,1233,1226],""all_points_y"":[2459,2500,2522]}",{}
3.png,14155830,{},1071,986,"{""name"":""polyline"",""all_points_x"":[1291,1268,1246,1241],""all_points_y"":[2444,2515,2574,2591]}",{}
3.png,14155830,{},1071,987,"{""name"":""polyline"",""all_points_x"":[1405,1324],""all_points_y"":[2416,2479]}",{}
3.png,14155830,{},1071,988,"{""name"":""polyline"",""all_points_x"":[1438,1439,1441],""all_points_y"":[2407,2453,2492]}",{}
3.png,14155830,{},1071,989,"{""name"":""polyline"",""all_points_x"":[1443,1446],""all_points_y"":[2419,2490]}",{}
3.png,14155830,{},1071,990,"{""name"":""polyline"",""all_points_x"":[1298,1274],""all_points_y"":[2306,2351]}",{}
3.png,14155830,{},1071,991,"{""name"":""polyline"",""all_points_x"":[1505,1491,1475],""all_points_y"":[1117,1130,1139]}",{}
3.png,14155830,{},1071,992,"{""name"":""polyline"",""all_points_x"":[1145,1114],""all_points_y"":[1401,1424]}",{}
3.png,14155830,{},1071,993,"{""name"":""polyline"",""all_points_x"":[1412,1400],""all_points_y"":[1642,1678]}",{}
3.png,14155830,{},1071,994,"{""name"":""polygon"",""all_points_x"":[1408,1411,1403,1389,1384,1380,1379,1384,1391],""all_points_y"":[1736,1733,1706,1674,1661,1657,1662,1671,1690]}",{}
3.png,14155830,{},1071,995,"{""name"":""polyline"",""all_points_x"":[1462,1438],""all_points_y"":[1557,1597]}",{}
3.png,14155830,{},1071,996,"{""name"":""polygon"",""all_points_x"":[1363,1366,1369,1362,1353,1343,1341,1338,1343,1350],""all_points_y"":[2073,2078,2076,2058,2032,1999,1991,1993,2014,2032]}",{}
3.png,14155830,{},1071,997,"{""name"":""polygon"",""all_points_x"":[1372,1375,1371,1365,1362,1363],""all_points_y"":[2053,2052,2023,1990,1991,2002]}",{}
3.png,14155830,{},1071,998,"{""name"":""polygon"",""all_points_x"":[1233,1240,1245,1250,1255,1257,1252,1248,1244,1239],""all_points_y"":[2234,2234,2219,2184,2144,2117,2118,2145,2179,2209]}",{}
3.png,14155830,{},1071,999,"{""name"":""polygon"",""all_points_x"":[1247,1251,1238,1228,1217,1214,1223,1237],""all_points_y"":[2220,2216,2188,2166,2147,2148,2170,2195]}",{}
3.png,14155830,{},1071,1000,"{""name"":""polygon"",""all_points_x"":[1299,1292,1298,1322,1341,1344,1330,1308],""all_points_y"":[2174,2179,2182,2207,2227,2224,2209,2186]}",{}
3.png,14155830,{},1071,1001,"{""name"":""polyline"",""all_points_x"":[1271,1333],""all_points_y"":[2091,2154]}",{}
3.png,14155830,{},1071,1002,"{""name"":""polyline"",""all_points_x"":[1302,1291],""all_points_y"":[2113,2160]}",{}
3.png,14155830,{},1071,1003,"{""name"":""polygon"",""all_points_x"":[1323,1328,1325,1315,1311,1306,1305,1302,1306,1309,1312,1318,1321],""all_points_y"":[2147,2145,2125,2076,2049,2023,2012,2014,2036,2063,2079,2109,2126]}",{}
3.png,14155830,{},1071,1004,"{""name"":""polygon"",""all_points_x"":[1309,1314,1324,1339,1360,1375,1388,1402,1407,1407,1397,1387,1381,1375,1362,1353],""all_points_y"":[2226,2229,2218,2205,2185,2168,2144,2133,2131,2129,2132,2141,2145,2158,2175,2184]}",{}
3.png,14155830,{},1071,1005,"{""name"":""polygon"",""all_points_x"":[1309,1313,1324,1330,1334,1343,1350,1354,1367,1364,1347,1335,1328,1323,1320],""all_points_y"":[2255,2258,2237,2219,2200,2167,2141,2129,2095,2094,2139,2177,2203,2223,2235]}",{}
3.png,14155830,{},1071,1006,"{""name"":""polyline"",""all_points_x"":[1338,1334,1333],""all_points_y"":[2080,2151,2181]}",{}
3.png,14155830,{},1071,1007,"{""name"":""polyline"",""all_points_x"":[1200,1205],""all_points_y"":[2083,2123]}",{}
3.png,14155830,{},1071,1008,"{""name"":""polygon"",""all_points_x"":[1087,1091,1095,1099,1103,1113,1109,1099],""all_points_y"":[2191,2192,2181,2153,2131,2106,2106,2125]}",{}
3.png,14155830,{},1071,1009,"{""name"":""polygon"",""all_points_x"":[1306,1302,1312,1326,1341,1354,1359,1348,1336,1325,1316],""all_points_y"":[1916,1920,1927,1934,1948,1963,1959,1946,1934,1927,1924]}",{}
3.png,14155830,{},1071,1010,"{""name"":""polygon"",""all_points_x"":[1406,1413,1416,1425,1431,1437,1444,1442,1435,1427,1419,1419,1409],""all_points_y"":[2017,2020,2027,2034,2038,2047,2046,2040,2034,2029,2022,2019,2013]}",{}
3.png,14155830,{},1071,1011,"{""name"":""polygon"",""all_points_x"":[1404,1402,1415,1434,1451,1456,1458,1451,1445,1431],""all_points_y"":[2048,2053,2061,2073,2083,2086,2082,2077,2071,2065]}",{}
3.png,14155830,{},1071,1012,"{""name"":""polygon"",""all_points_x"":[1453,1450,1455,1463,1478,1494,1510,1531,1534,1510,1487],""all_points_y"":[2086,2089,2095,2101,2115,2131,2146,2162,2157,2137,2117]}",{}
3.png,14155830,{},1071,1013,"{""name"":""polygon"",""all_points_x"":[1471,1477,1479,1481,1485,1480,1475,1472],""all_points_y"":[2239,2240,2218,2196,2184,2180,2191,2214]}",{}
3.png,14155830,{},1071,1014,"{""name"":""polygon"",""all_points_x"":[1358,1361,1371,1387,1396,1406,1425,1435,1440,1425,1410,1396,1372,1365,1362,1363,1361],""all_points_y"":[1846,1866,1877,1900,1912,1921,1934,1945,1941,1928,1913,1901,1869,1862,1846,1833,1833]}",{}
3.png,14155830,{},1071,1015,"{""name"":""polygon"",""all_points_x"":[1314,1318,1318,1316,1313,1309,1310,1311,1313],""all_points_y"":[1964,1965,1989,2010,2040,2032,1995,1987,1981]}",{}
3.png,14155830,{},1071,1016,"{""name"":""polygon"",""all_points_x"":[1120,1117,1124,1133,1139,1140],""all_points_y"":[1884,1886,1905,1927,1942,1934]}",{}
3.png,14155830,{},1071,1017,"{""name"":""polygon"",""all_points_x"":[1142,1146,1146,1143,1143,1138,1136,1139,1139,1141],""all_points_y"":[1964,1964,1949,1943,1928,1914,1917,1926,1945,1952]}",{}
3.png,14155830,{},1071,1018,"{""name"":""polygon"",""all_points_x"":[1175,1183,1187,1191,1206,1209,1196,1195,1190,1183,1178],""all_points_y"":[1879,1889,1890,1898,1917,1912,1898,1892,1885,1883,1876]}",{}
3.png,14155830,{},1071,1019,"{""name"":""polygon"",""all_points_x"":[1158,1160,1170,1179,1182,1189,1191,1187,1180,1175],""all_points_y"":[1981,1984,1961,1936,1930,1909,1901,1900,1925,1931]}",{}
3.png,14155830,{},1071,1020,"{""name"":""polygon"",""all_points_x"":[1152,1158,1157,1158,1164,1159,1155,1152,1151],""all_points_y"":[2032,2033,2007,1987,1959,1958,1975,1995,2008]}",{}
3.png,14155830,{},1071,1021,"{""name"":""polyline"",""all_points_x"":[1247,1208],""all_points_y"":[1961,1984]}",{}
3.png,14155830,{},1071,1022,"{""name"":""polyline"",""all_points_x"":[1360,1343],""all_points_y"":[2000,2041]}",{}
3.png,14155830,{},1071,1023,"{""name"":""polyline"",""all_points_x"":[1354,1338],""all_points_y"":[2000,2038]}",{}
3.png,14155830,{},1071,1024,"{""name"":""polyline"",""all_points_x"":[1464,1455,1453,1452],""all_points_y"":[1946,1974,1989,2000]}",{}
3.png,14155830,{},1071,1025,"{""name"":""polyline"",""all_points_x"":[1498,1485,1463],""all_points_y"":[1861,1917,1992]}",{}
3.png,14155830,{},1071,1026,"{""name"":""polyline"",""all_points_x"":[1469,1499],""all_points_y"":[1985,1905]}",{}
3.png,14155830,{},1071,1027,"{""name"":""polyline"",""all_points_x"":[1372,1358],""all_points_y"":[2181,2238]}",{}
3.png,14155830,{},1071,1028,"{""name"":""polyline"",""all_points_x"":[1354,1337],""all_points_y"":[2295,2347]}",{}
3.png,14155830,{},1071,1029,"{""name"":""polyline"",""all_points_x"":[1432,1396],""all_points_y"":[2196,2245]}",{}
3.png,14155830,{},1071,1030,"{""name"":""polygon"",""all_points_x"":[1399,1403,1427,1434,1431],""all_points_y"":[2246,2249,2222,2214,2212]}",{}
3.png,14155830,{},1071,1031,"{""name"":""polygon"",""all_points_x"":[1375,1381,1392,1405,1422,1449,1474,1493,1510,1536,1536],""all_points_y"":[2480,2488,2476,2458,2440,2407,2377,2356,2337,2305,2300]}",{}
3.png,14155830,{},1071,1032,"{""name"":""polygon"",""all_points_x"":[1356,1359,1374,1401,1425,1446,1467,1487,1497,1524,1524,1496,1481,1460,1433,1418,1395],""all_points_y"":[2345,2349,2332,2299,2273,2257,2241,2227,2222,2206,2203,2218,2226,2241,2262,2274,2300]}",{}
3.png,14155830,{},1071,1033,"{""name"":""polygon"",""all_points_x"":[1279,1284,1301,1321,1332,1326,1310,1298,1290],""all_points_y"":[2418,2420,2382,2336,2311,2310,2351,2379,2397]}",{}
3.png,14155830,{},1071,1034,"{""name"":""polygon"",""all_points_x"":[1230,1232,1248,1269,1265,1251,1239],""all_points_y"":[2519,2520,2492,2452,2452,2476,2499]}",{}
3.png,14155830,{},1071,1035,"{""name"":""polygon"",""all_points_x"":[1199,1206,1223,1237,1250,1247,1238],""all_points_y"":[2620,2623,2594,2567,2552,2547,2554]}",{}
3.png,14155830,{},1071,1036,"{""name"":""polyline"",""all_points_x"":[1310,1349],""all_points_y"":[2435,2367]}",{}
3.png,14155830,{},1071,1037,"{""name"":""polyline"",""all_points_x"":[1324,1302],""all_points_y"":[2340,2401]}",{}
3.png,14155830,{},1071,1038,"{""name"":""polyline"",""all_points_x"":[1431,1396],""all_points_y"":[2283,2333]}",{}
3.png,14155830,{},1071,1039,"{""name"":""polyline"",""all_points_x"":[1533,1467],""all_points_y"":[2172,2280]}",{}
3.png,14155830,{},1071,1040,"{""name"":""polyline"",""all_points_x"":[1513,1479],""all_points_y"":[2230,2309]}",{}
3.png,14155830,{},1071,1041,"{""name"":""polyline"",""all_points_x"":[1424,1381],""all_points_y"":[2250,2275]}",{}
3.png,14155830,{},1071,1042,"{""name"":""polyline"",""all_points_x"":[1412,1455],""all_points_y"":[2077,2005]}",{}
3.png,14155830,{},1071,1043,"{""name"":""polygon"",""all_points_x"":[1488,1496,1500,1508,1511,1514,1507,1504],""all_points_y"":[2506,2508,2466,2421,2396,2378,2382,2402]}",{}
3.png,14155830,{},1071,1044,"{""name"":""polygon"",""all_points_x"":[1472,1472,1486,1508,1535,1535,1497,1479],""all_points_y"":[2467,2469,2471,2473,2476,2474,2468,2466]}",{}
3.png,14155830,{},1071,1045,"{""name"":""polygon"",""all_points_x"":[1522,1526,1519,1510,1503,1495,1489,1488,1484,1486,1489,1495,1505,1511],""all_points_y"":[2617,2614,2600,2576,2554,2526,2508,2490,2490,2508,2521,2540,2571,2592]}",{}
3.png,14155830,{},1071,1046,"{""name"":""polygon"",""all_points_x"":[1050,1079,1077,1045,1048],""all_points_y"":[2192,2199,2205,2194,2191]}",{}
3.png,14155830,{},1071,1047,"{""name"":""polygon"",""all_points_x"":[401,392,385,377,359,351,353,365,378,386,387,390,395,403],""all_points_y"":[2169,2175,2178,2193,2212,2217,2222,2214,2201,2191,2184,2179,2179,2171]}",{}
3.png,14155830,{},1071,1048,"{""name"":""polyline"",""all_points_x"":[527,522],""all_points_y"":[2262,2307]}",{}
3.png,14155830,{},1071,1049,"{""name"":""polygon"",""all_points_x"":[419,422,436,455,456],""all_points_y"":[2494,2498,2492,2484,2479]}",{}
3.png,14155830,{},1071,1050,"{""name"":""polyline"",""all_points_x"":[375,357],""all_points_y"":[2620,2654]}",{}
3.png,14155830,{},1071,1051,"{""name"":""polyline"",""all_points_x"":[411,384],""all_points_y"":[2618,2640]}",{}
3.png,14155830,{},1071,1052,"{""name"":""polyline"",""all_points_x"":[654,633,618],""all_points_y"":[2659,2673,2692]}",{}
3.png,14155830,{},1071,1053,"{""name"":""polyline"",""all_points_x"":[249,236],""all_points_y"":[2679,2727]}",{}
3.png,14155830,{},1071,1054,"{""name"":""polyline"",""all_points_x"":[623,647,663,671],""all_points_y"":[2750,2767,2785,2804]}",{}
3.png,14155830,{},1071,1055,"{""name"":""polyline"",""all_points_x"":[636,637,643],""all_points_y"":[2612,2632,2659]}",{}
3.png,14155830,{},1071,1056,"{""name"":""polyline"",""all_points_x"":[522,536],""all_points_y"":[2308,2354]}",{}
3.png,14155830,{},1071,1057,"{""name"":""polyline"",""all_points_x"":[970,923],""all_points_y"":[2352,2357]}",{}
3.png,14155830,{},1071,1058,"{""name"":""polyline"",""all_points_x"":[895,894],""all_points_y"":[2375,2428]}",{}
3.png,14155830,{},1071,1059,"{""name"":""polygon"",""all_points_x"":[892,897,900,903,905,901,897],""all_points_y"":[2466,2469,2428,2408,2397,2394,2407]}",{}
3.png,14155830,{},1071,1060,"{""name"":""polygon"",""all_points_x"":[676,694,711,728,728,708,687,674],""all_points_y"":[2013,2012,2014,2016,2019,2018,2018,2018]}",{}
3.png,14155830,{},1071,1061,"{""name"":""polyline"",""all_points_x"":[520,499],""all_points_y"":[1409,1459]}",{}
3.png,14155830,{},1071,1062,"{""name"":""polygon"",""all_points_x"":[451,456,460,465,461,457],""all_points_y"":[1217,1220,1207,1185,1185,1197]}",{}
3.png,14155830,{},1071,1063,"{""name"":""polyline"",""all_points_x"":[470,438],""all_points_y"":[1119,1141]}",{}
3.png,14155830,{},1071,1064,"{""name"":""polyline"",""all_points_x"":[464,437],""all_points_y"":[1115,1138]}",{}
3.png,14155830,{},1071,1065,"{""name"":""polyline"",""all_points_x"":[1142,1117],""all_points_y"":[1173,1196]}",{}
3.png,14155830,{},1071,1066,"{""name"":""polygon"",""all_points_x"":[1191,1235,1258,1276,1275,1247,1212,1189],""all_points_y"":[1325,1326,1326,1325,1331,1332,1331,1330]}",{}
3.png,14155830,{},1071,1067,"{""name"":""polygon"",""all_points_x"":[1452,1470,1499,1516,1514,1497,1464,1449],""all_points_y"":[1255,1255,1254,1254,1262,1259,1261,1259]}",{}
3.png,14155830,{},1071,1068,"{""name"":""polyline"",""all_points_x"":[1227,1225,1228],""all_points_y"":[1619,1638,1659]}",{}
3.png,14155830,{},1071,1069,"{""name"":""polyline"",""all_points_x"":[1437,1408,1393],""all_points_y"":[1785,1816,1829]}",{}
3.png,14155830,{},1071,1070,"{""name"":""polyline"",""all_points_x"":[1081,1069,1058],""all_points_y"":[657,680,707]}",{}
