filename,file_size,file_attributes,region_count,region_id,region_shape_attributes,region_attributes
4.png,31850550,{},4404,0,"{""name"":""polygon"",""all_points_x"":[472,471,493,551,553,521,474],""all_points_y"":[88,90,120,196,194,150,90]}",{}
4.png,31850550,{},4404,1,"{""name"":""polygon"",""all_points_x"":[528,543,565,567,553,544,530],""all_points_y"":[127,171,214,212,185,165,126]}",{}
4.png,31850550,{},4404,2,"{""name"":""polygon"",""all_points_x"":[491,492,520,528,526,520],""all_points_y"":[167,170,168,166,163,166]}",{}
4.png,31850550,{},4404,3,"{""name"":""polygon"",""all_points_x"":[480,479,515,516],""all_points_y"":[160,163,205,203]}",{}
4.png,31850550,{},4404,4,"{""name"":""polygon"",""all_points_x"":[548,547,576,578],""all_points_y"":[257,260,277,275]}",{}
4.png,31850550,{},4404,5,"{""name"":""polygon"",""all_points_x"":[503,503,532,576,576,538,505],""all_points_y"":[266,269,274,285,283,272,266]}",{}
4.png,31850550,{},4404,6,"{""name"":""polygon"",""all_points_x"":[484,483,504,505],""all_points_y"":[196,198,218,216]}",{}
4.png,31850550,{},4404,7,"{""name"":""polygon"",""all_points_x"":[487,487,527,523,485],""all_points_y"":[160,159,207,207,163]}",{}
4.png,31850550,{},4404,8,"{""name"":""polygon"",""all_points_x"":[535,535,534,569,570,535],""all_points_y"":[278,278,280,296,293,278]}",{}
4.png,31850550,{},4404,9,"{""name"":""polygon"",""all_points_x"":[544,551,566,562,547,542],""all_points_y"":[311,335,360,362,332,311]}",{}
4.png,31850550,{},4404,10,"{""name"":""polygon"",""all_points_x"":[562,560,586,587],""all_points_y"":[325,326,362,361]}",{}
4.png,31850550,{},4404,11,"{""name"":""polygon"",""all_points_x"":[555,554,570,572],""all_points_y"":[241,242,260,258]}",{}
4.png,31850550,{},4404,12,"{""name"":""polygon"",""all_points_x"":[537,536,551,572,573,548],""all_points_y"":[258,260,271,281,279,266]}",{}
4.png,31850550,{},4404,13,"{""name"":""polygon"",""all_points_x"":[310,382,386,313],""all_points_y"":[431,505,503,430]}",{}
4.png,31850550,{},4404,14,"{""name"":""polygon"",""all_points_x"":[355,370,372,358],""all_points_y"":[411,434,433,410]}",{}
4.png,31850550,{},4404,15,"{""name"":""polygon"",""all_points_x"":[366,363,395,397],""all_points_y"":[448,449,476,473]}",{}
4.png,31850550,{},4404,16,"{""name"":""polygon"",""all_points_x"":[386,387,371,360,358,374],""all_points_y"":[473,471,461,454,457,465]}",{}
4.png,31850550,{},4404,17,"{""name"":""polygon"",""all_points_x"":[323,323,366,368],""all_points_y"":[505,507,535,532]}",{}
4.png,31850550,{},4404,18,"{""name"":""polygon"",""all_points_x"":[388,388,356,356],""all_points_y"":[525,528,525,523]}",{}
4.png,31850550,{},4404,19,"{""name"":""polygon"",""all_points_x"":[443,445,373,371],""all_points_y"":[515,517,571,567]}",{}
4.png,31850550,{},4404,20,"{""name"":""polygon"",""all_points_x"":[500,498,524,525],""all_points_y"":[542,544,558,555]}",{}
4.png,31850550,{},4404,21,"{""name"":""polygon"",""all_points_x"":[549,547,571,572],""all_points_y"":[567,570,579,577]}",{}
4.png,31850550,{},4404,22,"{""name"":""polygon"",""all_points_x"":[570,567,558,560],""all_points_y"":[606,607,585,585]}",{}
4.png,31850550,{},4404,23,"{""name"":""polygon"",""all_points_x"":[455,453,464,475,478,465],""all_points_y"":[538,540,553,568,566,549]}",{}
4.png,31850550,{},4404,24,"{""name"":""polygon"",""all_points_x"":[371,371,417,418],""all_points_y"":[499,502,531,529]}",{}
4.png,31850550,{},4404,25,"{""name"":""polygon"",""all_points_x"":[323,324,532,529],""all_points_y"":[542,546,525,522]}",{}
4.png,31850550,{},4404,26,"{""name"":""polygon"",""all_points_x"":[364,362,415,418],""all_points_y"":[577,579,625,622]}",{}
4.png,31850550,{},4404,27,"{""name"":""polygon"",""all_points_x"":[469,467,546,545],""all_points_y"":[633,637,687,683]}",{}
4.png,31850550,{},4404,28,"{""name"":""polygon"",""all_points_x"":[544,542,575,576],""all_points_y"":[636,637,686,682]}",{}
4.png,31850550,{},4404,29,"{""name"":""polygon"",""all_points_x"":[612,610,646,647],""all_points_y"":[642,644,675,673]}",{}
4.png,31850550,{},4404,30,"{""name"":""polygon"",""all_points_x"":[296,300,328,324],""all_points_y"":[626,629,606,603]}",{}
4.png,31850550,{},4404,31,"{""name"":""polygon"",""all_points_x"":[437,432,468,523,523,455],""all_points_y"":[637,636,672,722,719,655]}",{}
4.png,31850550,{},4404,32,"{""name"":""polygon"",""all_points_x"":[483,469,472,479,485],""all_points_y"":[656,705,706,684,656]}",{}
4.png,31850550,{},4404,33,"{""name"":""polygon"",""all_points_x"":[497,498,473,471],""all_points_y"":[637,639,670,668]}",{}
4.png,31850550,{},4404,34,"{""name"":""polygon"",""all_points_x"":[447,444,471,472],""all_points_y"":[658,659,698,696]}",{}
4.png,31850550,{},4404,35,"{""name"":""polygon"",""all_points_x"":[525,523,532,534],""all_points_y"":[652,654,677,676]}",{}
4.png,31850550,{},4404,36,"{""name"":""polygon"",""all_points_x"":[508,520,522,510],""all_points_y"":[778,812,811,778]}",{}
4.png,31850550,{},4404,37,"{""name"":""polygon"",""all_points_x"":[499,497,512,514],""all_points_y"":[780,782,806,805]}",{}
4.png,31850550,{},4404,38,"{""name"":""polygon"",""all_points_x"":[410,388,356,340,344,364,372,392,398,413],""all_points_y"":[957,1002,1048,1078,1080,1041,1033,1003,989,958]}",{}
4.png,31850550,{},4404,39,"{""name"":""polygon"",""all_points_x"":[322,325,371,367,333],""all_points_y"":[1063,1067,1024,1021,1054]}",{}
4.png,31850550,{},4404,40,"{""name"":""polygon"",""all_points_x"":[399,401,367,358,362],""all_points_y"":[1016,1018,1045,1054,1045]}",{}
4.png,31850550,{},4404,41,"{""name"":""polygon"",""all_points_x"":[328,352,346,329],""all_points_y"":[1075,1056,1066,1079]}",{}
4.png,31850550,{},4404,42,"{""name"":""polygon"",""all_points_x"":[390,388,418,439,441,425],""all_points_y"":[1029,1030,1066,1092,1091,1069]}",{}
4.png,31850550,{},4404,43,"{""name"":""polygon"",""all_points_x"":[403,399,452,455,457,415],""all_points_y"":[1025,1027,1070,1073,1071,1036]}",{}
4.png,31850550,{},4404,44,"{""name"":""polygon"",""all_points_x"":[439,438,462,477,478,459],""all_points_y"":[1050,1052,1065,1070,1067,1059]}",{}
4.png,31850550,{},4404,45,"{""name"":""polygon"",""all_points_x"":[427,428,462,462],""all_points_y"":[1042,1045,1057,1055]}",{}
4.png,31850550,{},4404,46,"{""name"":""polygon"",""all_points_x"":[333,329,347,373,397,398,371,348],""all_points_y"":[919,917,936,960,980,978,955,934]}",{}
4.png,31850550,{},4404,47,"{""name"":""polygon"",""all_points_x"":[338,340,364,384,382,368,355],""all_points_y"":[1020,1022,1000,972,971,991,1004]}",{}
4.png,31850550,{},4404,48,"{""name"":""polygon"",""all_points_x"":[312,309,336,337,320],""all_points_y"":[940,943,968,966,948]}",{}
4.png,31850550,{},4404,49,"{""name"":""polygon"",""all_points_x"":[504,503,568,568,527],""all_points_y"":[1047,1049,1071,1069,1054]}",{}
4.png,31850550,{},4404,50,"{""name"":""polygon"",""all_points_x"":[396,394,454,458,413],""all_points_y"":[998,1001,1046,1042,1010]}",{}
4.png,31850550,{},4404,51,"{""name"":""polygon"",""all_points_x"":[462,461,503,513,517,472],""all_points_y"":[1048,1051,1079,1086,1083,1054]}",{}
4.png,31850550,{},4404,52,"{""name"":""polygon"",""all_points_x"":[524,477,449,367,366,429,489,518],""all_points_y"":[1087,1105,1116,1154,1151,1122,1096,1083]}",{}
4.png,31850550,{},4404,53,"{""name"":""polygon"",""all_points_x"":[459,455,445,447],""all_points_y"":[1073,1071,1089,1089]}",{}
4.png,31850550,{},4404,54,"{""name"":""polygon"",""all_points_x"":[366,364,378,390,406,433,434,404,389,379,373],""all_points_y"":[1048,1050,1061,1075,1090,1110,1108,1084,1069,1059,1053]}",{}
4.png,31850550,{},4404,55,"{""name"":""polygon"",""all_points_x"":[379,378,402,426,426,390],""all_points_y"":[1053,1056,1074,1087,1085,1062]}",{}
4.png,31850550,{},4404,56,"{""name"":""polygon"",""all_points_x"":[523,519,566,595,596,567,526],""all_points_y"":[1087,1089,1118,1131,1129,1114,1089]}",{}
4.png,31850550,{},4404,57,"{""name"":""polygon"",""all_points_x"":[537,536,558,592,602,602,596,585,571,557],""all_points_y"":[1045,1047,1061,1070,1071,1068,1066,1065,1062,1058]}",{}
4.png,31850550,{},4404,58,"{""name"":""polygon"",""all_points_x"":[354,353,390,402,403,368],""all_points_y"":[1089,1093,1111,1119,1117,1098]}",{}
4.png,31850550,{},4404,59,"{""name"":""polygon"",""all_points_x"":[347,345,380,382],""all_points_y"":[1115,1117,1143,1141]}",{}
4.png,31850550,{},4404,60,"{""name"":""polygon"",""all_points_x"":[354,352,385,386],""all_points_y"":[1096,1098,1115,1112]}",{}
4.png,31850550,{},4404,61,"{""name"":""polygon"",""all_points_x"":[479,474,503,505,505],""all_points_y"":[1106,1108,1118,1119,1116]}",{}
4.png,31850550,{},4404,62,"{""name"":""polygon"",""all_points_x"":[517,516,571,568],""all_points_y"":[1119,1123,1140,1135]}",{}
4.png,31850550,{},4404,63,"{""name"":""polygon"",""all_points_x"":[617,618,655,671,666,643],""all_points_y"":[1070,1073,1059,1051,1049,1059]}",{}
4.png,31850550,{},4404,64,"{""name"":""polygon"",""all_points_x"":[598,597,596,597,601,599,600,600],""all_points_y"":[1077,1132,1196,1225,1225,1165,1122,1077]}",{}
4.png,31850550,{},4404,65,"{""name"":""polygon"",""all_points_x"":[481,479,515,542,545,517,488],""all_points_y"":[1133,1135,1153,1168,1167,1151,1136]}",{}
4.png,31850550,{},4404,66,"{""name"":""polygon"",""all_points_x"":[532,533,580,592,593,568,537],""all_points_y"":[1151,1156,1165,1166,1163,1160,1153]}",{}
4.png,31850550,{},4404,67,"{""name"":""polygon"",""all_points_x"":[438,438,473,503,501,460],""all_points_y"":[1170,1173,1160,1149,1148,1162]}",{}
4.png,31850550,{},4404,68,"{""name"":""polygon"",""all_points_x"":[509,511,474,476],""all_points_y"":[1164,1165,1177,1174]}",{}
4.png,31850550,{},4404,69,"{""name"":""polygon"",""all_points_x"":[469,458,449,415,402,359,303,301,310,348,360,415,445,451,470],""all_points_y"":[1179,1185,1186,1201,1207,1226,1231,1227,1226,1224,1223,1197,1186,1183,1176]}",{}
4.png,31850550,{},4404,70,"{""name"":""polygon"",""all_points_x"":[317,319,359,358,344],""all_points_y"":[1176,1180,1158,1157,1163]}",{}
4.png,31850550,{},4404,71,"{""name"":""polygon"",""all_points_x"":[464,420,422,460],""all_points_y"":[1144,1162,1164,1150]}",{}
4.png,31850550,{},4404,72,"{""name"":""polygon"",""all_points_x"":[664,636,639,667],""all_points_y"":[1081,1118,1118,1084]}",{}
4.png,31850550,{},4404,73,"{""name"":""polygon"",""all_points_x"":[716,678,681,716],""all_points_y"":[1039,1080,1082,1042]}",{}
4.png,31850550,{},4404,74,"{""name"":""polygon"",""all_points_x"":[687,680,644,635,636,669,687],""all_points_y"":[1049,1054,1076,1084,1086,1065,1052]}",{}
4.png,31850550,{},4404,75,"{""name"":""polygon"",""all_points_x"":[690,689,701,745,761,761,746,741,697],""all_points_y"":[1078,1081,1086,1095,1097,1095,1092,1091,1081]}",{}
4.png,31850550,{},4404,76,"{""name"":""polygon"",""all_points_x"":[641,642,660,699,699,680],""all_points_y"":[1120,1116,1115,1110,1114,1116]}",{}
4.png,31850550,{},4404,77,"{""name"":""polygon"",""all_points_x"":[693,693,697,713,727,731,708,695],""all_points_y"":[1098,1100,1103,1112,1120,1121,1105,1099]}",{}
4.png,31850550,{},4404,78,"{""name"":""polygon"",""all_points_x"":[602,602,649,640],""all_points_y"":[1180,1184,1184,1180]}",{}
4.png,31850550,{},4404,79,"{""name"":""polygon"",""all_points_x"":[462,463,479,504,520,520,488],""all_points_y"":[1208,1211,1209,1209,1210,1207,1207]}",{}
4.png,31850550,{},4404,80,"{""name"":""polygon"",""all_points_x"":[390,386,412,442,444,426,412],""all_points_y"":[1146,1147,1163,1186,1185,1171,1161]}",{}
4.png,31850550,{},4404,81,"{""name"":""polygon"",""all_points_x"":[418,418,403,379,355,357,379,403],""all_points_y"":[1209,1212,1215,1223,1232,1228,1220,1213]}",{}
4.png,31850550,{},4404,82,"{""name"":""polygon"",""all_points_x"":[532,531,562,564,540],""all_points_y"":[1183,1185,1211,1209,1191]}",{}
4.png,31850550,{},4404,83,"{""name"":""polygon"",""all_points_x"":[441,441,454,462,484,539,540,496,472,467,454],""all_points_y"":[1212,1214,1213,1216,1217,1222,1219,1215,1213,1213,1211]}",{}
4.png,31850550,{},4404,84,"{""name"":""polygon"",""all_points_x"":[509,511,552,546],""all_points_y"":[1144,1147,1136,1135]}",{}
4.png,31850550,{},4404,85,"{""name"":""polygon"",""all_points_x"":[560,570,577,580,572,562],""all_points_y"":[1130,1129,1125,1126,1130,1133]}",{}
4.png,31850550,{},4404,86,"{""name"":""polygon"",""all_points_x"":[613,612,626,655,677,678,647,626,624],""all_points_y"":[1135,1139,1144,1158,1168,1165,1151,1141,1139]}",{}
4.png,31850550,{},4404,87,"{""name"":""polygon"",""all_points_x"":[763,732,724,723,764],""all_points_y"":[1107,1121,1123,1126,1111]}",{}
4.png,31850550,{},4404,88,"{""name"":""polygon"",""all_points_x"":[629,630,668,675,674,649],""all_points_y"":[1205,1208,1202,1200,1197,1202]}",{}
4.png,31850550,{},4404,89,"{""name"":""polygon"",""all_points_x"":[655,656,662,680,678],""all_points_y"":[1206,1209,1210,1209,1205]}",{}
4.png,31850550,{},4404,90,"{""name"":""polygon"",""all_points_x"":[679,680,713,724,725,679],""all_points_y"":[1196,1199,1191,1188,1184,1196]}",{}
4.png,31850550,{},4404,91,"{""name"":""polygon"",""all_points_x"":[765,733,736,768],""all_points_y"":[1143,1177,1180,1144]}",{}
4.png,31850550,{},4404,92,"{""name"":""polygon"",""all_points_x"":[726,741,746,748,746,742,729],""all_points_y"":[1163,1219,1241,1242,1229,1215,1163]}",{}
4.png,31850550,{},4404,93,"{""name"":""polygon"",""all_points_x"":[729,719,689,662,655,657,692,713,730],""all_points_y"":[1181,1192,1216,1235,1239,1241,1220,1203,1185]}",{}
4.png,31850550,{},4404,94,"{""name"":""polygon"",""all_points_x"":[751,751,777,784,784],""all_points_y"":[1179,1182,1176,1175,1172]}",{}
4.png,31850550,{},4404,95,"{""name"":""polygon"",""all_points_x"":[606,603,603,620,670,674],""all_points_y"":[1232,1234,1237,1245,1267,1265]}",{}
4.png,31850550,{},4404,96,"{""name"":""polygon"",""all_points_x"":[658,659,682,728,741,752,792,791,756,724,713],""all_points_y"":[1269,1273,1266,1254,1249,1247,1235,1232,1242,1251,1255]}",{}
4.png,31850550,{},4404,97,"{""name"":""polygon"",""all_points_x"":[690,688,706,710],""all_points_y"":[1229,1232,1254,1254]}",{}
4.png,31850550,{},4404,98,"{""name"":""polygon"",""all_points_x"":[704,702,714,733,735,713],""all_points_y"":[1213,1214,1231,1248,1246,1225]}",{}
4.png,31850550,{},4404,99,"{""name"":""polygon"",""all_points_x"":[727,725,741,740],""all_points_y"":[1209,1213,1223,1217]}",{}
4.png,31850550,{},4404,100,"{""name"":""polygon"",""all_points_x"":[745,745,763,766,750,748],""all_points_y"":[1171,1177,1232,1232,1183,1172]}",{}
4.png,31850550,{},4404,101,"{""name"":""polygon"",""all_points_x"":[592,593,541,542],""all_points_y"":[1235,1239,1255,1251]}",{}
4.png,31850550,{},4404,102,"{""name"":""polygon"",""all_points_x"":[430,429,454,505,518,519,447],""all_points_y"":[1226,1230,1231,1236,1237,1234,1228]}",{}
4.png,31850550,{},4404,103,"{""name"":""polygon"",""all_points_x"":[352,352,373,424,473,472,437,376],""all_points_y"":[1277,1280,1280,1278,1275,1273,1274,1276]}",{}
4.png,31850550,{},4404,104,"{""name"":""polygon"",""all_points_x"":[539,538,561,575,572,544],""all_points_y"":[1268,1271,1277,1280,1275,1269]}",{}
4.png,31850550,{},4404,105,"{""name"":""polygon"",""all_points_x"":[657,653,663,691,698,670],""all_points_y"":[1282,1283,1297,1335,1337,1303]}",{}
4.png,31850550,{},4404,106,"{""name"":""polygon"",""all_points_x"":[557,551,597,641,643,591,568],""all_points_y"":[1277,1276,1311,1345,1344,1303,1286]}",{}
4.png,31850550,{},4404,107,"{""name"":""polygon"",""all_points_x"":[646,643,660,678,686,687,667,649],""all_points_y"":[1295,1296,1317,1339,1347,1347,1319,1298]}",{}
4.png,31850550,{},4404,108,"{""name"":""polygon"",""all_points_x"":[517,506,498,483,484,504,518],""all_points_y"":[1251,1273,1302,1356,1361,1294,1253]}",{}
4.png,31850550,{},4404,109,"{""name"":""polygon"",""all_points_x"":[534,534,583,582],""all_points_y"":[1298,1300,1304,1301]}",{}
4.png,31850550,{},4404,110,"{""name"":""polygon"",""all_points_x"":[568,565,574,584,592,571],""all_points_y"":[1262,1265,1276,1296,1300,1263]}",{}
4.png,31850550,{},4404,111,"{""name"":""polygon"",""all_points_x"":[584,584,614,601],""all_points_y"":[1278,1281,1289,1282]}",{}
4.png,31850550,{},4404,112,"{""name"":""polygon"",""all_points_x"":[582,579,650,650,603],""all_points_y"":[1267,1271,1309,1306,1279]}",{}
4.png,31850550,{},4404,113,"{""name"":""polygon"",""all_points_x"":[570,572,594,589],""all_points_y"":[1327,1331,1331,1327]}",{}
4.png,31850550,{},4404,114,"{""name"":""polygon"",""all_points_x"":[575,576,601,602,589],""all_points_y"":[1334,1331,1336,1338,1336]}",{}
4.png,31850550,{},4404,115,"{""name"":""polygon"",""all_points_x"":[536,536,557,571,568,554,541],""all_points_y"":[1282,1285,1293,1294,1291,1289,1284]}",{}
4.png,31850550,{},4404,116,"{""name"":""polygon"",""all_points_x"":[584,583,591,604,611,613,605,592,585],""all_points_y"":[1307,1308,1325,1340,1344,1344,1338,1320,1307]}",{}
4.png,31850550,{},4404,117,"{""name"":""polygon"",""all_points_x"":[596,596,612,629,636,633,620,613],""all_points_y"":[1341,1345,1347,1346,1344,1341,1344,1344]}",{}
4.png,31850550,{},4404,118,"{""name"":""polygon"",""all_points_x"":[676,678,710,712,708,706],""all_points_y"":[1279,1281,1264,1260,1260,1263]}",{}
4.png,31850550,{},4404,119,"{""name"":""polygon"",""all_points_x"":[741,737,759,761],""all_points_y"":[1251,1251,1273,1270]}",{}
4.png,31850550,{},4404,120,"{""name"":""polygon"",""all_points_x"":[675,676,701,716,714],""all_points_y"":[1139,1142,1135,1130,1126]}",{}
4.png,31850550,{},4404,121,"{""name"":""polygon"",""all_points_x"":[667,668,696,702,701],""all_points_y"":[1125,1128,1123,1122,1118]}",{}
4.png,31850550,{},4404,122,"{""name"":""polygon"",""all_points_x"":[404,401,459,463],""all_points_y"":[1140,1143,1179,1178]}",{}
4.png,31850550,{},4404,123,"{""name"":""polygon"",""all_points_x"":[730,732,762,761],""all_points_y"":[1108,1111,1101,1099]}",{}
4.png,31850550,{},4404,124,"{""name"":""polygon"",""all_points_x"":[435,447,486,485,463],""all_points_y"":[1232,1232,1241,1243,1239]}",{}
4.png,31850550,{},4404,125,"{""name"":""polygon"",""all_points_x"":[453,451,473,477],""all_points_y"":[1190,1192,1207,1206]}",{}
4.png,31850550,{},4404,126,"{""name"":""polygon"",""all_points_x"":[609,608,615,657,658],""all_points_y"":[1011,1015,1015,1006,1002]}",{}
4.png,31850550,{},4404,127,"{""name"":""polygon"",""all_points_x"":[665,662,691,700,699],""all_points_y"":[1000,1004,1000,997,994]}",{}
4.png,31850550,{},4404,128,"{""name"":""polygon"",""all_points_x"":[650,653,661,663,672,668,659,659,657],""all_points_y"":[1024,1026,1008,998,944,944,991,1000,1008]}",{}
4.png,31850550,{},4404,129,"{""name"":""polygon"",""all_points_x"":[660,658,670,687,722,720,698,689],""all_points_y"":[1015,1019,1016,1012,995,993,1004,1008]}",{}
4.png,31850550,{},4404,130,"{""name"":""polygon"",""all_points_x"":[683,673,661,663,683,692],""all_points_y"":[1006,1011,1014,1012,1002,1001]}",{}
4.png,31850550,{},4404,131,"{""name"":""polygon"",""all_points_x"":[686,685,698,715,719,708,699],""all_points_y"":[975,979,985,991,988,984,981]}",{}
4.png,31850550,{},4404,132,"{""name"":""polygon"",""all_points_x"":[678,674,690,704,710,711,702],""all_points_y"":[1015,1016,1023,1029,1032,1030,1025]}",{}
4.png,31850550,{},4404,133,"{""name"":""polygon"",""all_points_x"":[696,693,720,729,731,709],""all_points_y"":[1010,1011,1036,1045,1044,1023]}",{}
4.png,31850550,{},4404,134,"{""name"":""polygon"",""all_points_x"":[661,626,621,625,653,661],""all_points_y"":[971,1002,1007,1008,981,976]}",{}
4.png,31850550,{},4404,135,"{""name"":""polygon"",""all_points_x"":[699,673,670,669,689,699],""all_points_y"":[943,962,965,970,955,947]}",{}
4.png,31850550,{},4404,136,"{""name"":""polygon"",""all_points_x"":[666,656,654,654,663],""all_points_y"":[940,950,950,948,939]}",{}
4.png,31850550,{},4404,137,"{""name"":""polygon"",""all_points_x"":[637,637,619,608,608,616,639],""all_points_y"":[965,964,983,997,1001,993,968]}",{}
4.png,31850550,{},4404,138,"{""name"":""polygon"",""all_points_x"":[619,612,613,637,625],""all_points_y"":[993,1004,1005,974,985]}",{}
4.png,31850550,{},4404,139,"{""name"":""polygon"",""all_points_x"":[702,699,723,727,712],""all_points_y"":[1007,1009,1026,1022,1014]}",{}
4.png,31850550,{},4404,140,"{""name"":""polygon"",""all_points_x"":[666,663,679,680],""all_points_y"":[1045,1047,1054,1051]}",{}
4.png,31850550,{},4404,141,"{""name"":""polygon"",""all_points_x"":[745,746,738,720,688,689,702,723,738],""all_points_y"":[1080,1084,1087,1085,1077,1075,1079,1082,1083]}",{}
4.png,31850550,{},4404,142,"{""name"":""polygon"",""all_points_x"":[737,734,743,748,761,767,767,752,747,744],""all_points_y"":[1123,1124,1129,1131,1135,1138,1135,1128,1128,1127]}",{}
4.png,31850550,{},4404,143,"{""name"":""polygon"",""all_points_x"":[774,771,801,801,790,786],""all_points_y"":[1142,1143,1191,1186,1165,1161]}",{}
4.png,31850550,{},4404,144,"{""name"":""polygon"",""all_points_x"":[377,374,417,423,428,431,401],""all_points_y"":[1080,1084,1115,1119,1120,1116,1096]}",{}
4.png,31850550,{},4404,145,"{""name"":""polygon"",""all_points_x"":[795,793,808,812],""all_points_y"":[1141,1144,1164,1161]}",{}
4.png,31850550,{},4404,146,"{""name"":""polygon"",""all_points_x"":[592,592,619,619],""all_points_y"":[1295,1298,1303,1301]}",{}
4.png,31850550,{},4404,147,"{""name"":""polygon"",""all_points_x"":[669,685,689,671],""all_points_y"":[1188,1216,1215,1185]}",{}
4.png,31850550,{},4404,148,"{""name"":""polygon"",""all_points_x"":[771,768,784,798,800],""all_points_y"":[886,888,909,926,924]}",{}
4.png,31850550,{},4404,149,"{""name"":""polygon"",""all_points_x"":[839,818,820,840],""all_points_y"":[910,924,926,913]}",{}
4.png,31850550,{},4404,150,"{""name"":""polygon"",""all_points_x"":[765,763,780,784],""all_points_y"":[926,928,949,949]}",{}
4.png,31850550,{},4404,151,"{""name"":""polygon"",""all_points_x"":[792,793,795,795],""all_points_y"":[1000,1027,1028,1000]}",{}
4.png,31850550,{},4404,152,"{""name"":""polygon"",""all_points_x"":[702,678,680,703],""all_points_y"":[1045,1067,1070,1046]}",{}
4.png,31850550,{},4404,153,"{""name"":""polygon"",""all_points_x"":[744,742,743,748,772,772],""all_points_y"":[1121,1122,1124,1124,1120,1117]}",{}
4.png,31850550,{},4404,154,"{""name"":""polygon"",""all_points_x"":[847,845,855,879,878,869],""all_points_y"":[1126,1129,1138,1153,1149,1143]}",{}
4.png,31850550,{},4404,155,"{""name"":""polygon"",""all_points_x"":[854,853,860,884,889,904,904,887,883],""all_points_y"":[1117,1121,1120,1118,1116,1114,1112,1113,1114]}",{}
4.png,31850550,{},4404,156,"{""name"":""polygon"",""all_points_x"":[894,892,909,914,916,906],""all_points_y"":[1099,1101,1115,1117,1114,1107]}",{}
4.png,31850550,{},4404,157,"{""name"":""polygon"",""all_points_x"":[888,887,904,919,935,942,941,934,925,904,901],""all_points_y"":[1149,1151,1169,1181,1192,1193,1190,1188,1182,1166,1163]}",{}
4.png,31850550,{},4404,158,"{""name"":""polygon"",""all_points_x"":[904,902,913,948,982,989,989,975,939,908],""all_points_y"":[1180,1184,1190,1209,1226,1228,1225,1220,1200,1183]}",{}
4.png,31850550,{},4404,159,"{""name"":""polygon"",""all_points_x"":[859,858,872,900,900,895,893,875],""all_points_y"":[1170,1176,1180,1188,1185,1183,1182,1175]}",{}
4.png,31850550,{},4404,160,"{""name"":""polygon"",""all_points_x"":[865,864,868,897,898,898,890,873],""all_points_y"":[1185,1188,1192,1207,1207,1204,1199,1190]}",{}
4.png,31850550,{},4404,161,"{""name"":""polygon"",""all_points_x"":[937,929,919,921,928,938],""all_points_y"":[1206,1223,1245,1247,1233,1207]}",{}
4.png,31850550,{},4404,162,"{""name"":""polygon"",""all_points_x"":[789,786,797,813,814,797],""all_points_y"":[1237,1239,1242,1243,1240,1240]}",{}
4.png,31850550,{},4404,163,"{""name"":""polygon"",""all_points_x"":[821,821,834,860,858,844,839],""all_points_y"":[1240,1243,1244,1243,1241,1242,1241]}",{}
4.png,31850550,{},4404,164,"{""name"":""polygon"",""all_points_x"":[984,981,978,974,976,983,986],""all_points_y"":[1239,1256,1278,1297,1298,1267,1241]}",{}
4.png,31850550,{},4404,165,"{""name"":""polygon"",""all_points_x"":[981,979,990,1001,1003,993],""all_points_y"":[1284,1287,1298,1311,1309,1298]}",{}
4.png,31850550,{},4404,166,"{""name"":""polygon"",""all_points_x"":[780,778,802,804],""all_points_y"":[1242,1245,1270,1268]}",{}
4.png,31850550,{},4404,167,"{""name"":""polygon"",""all_points_x"":[480,433,440,484],""all_points_y"":[1362,1515,1509,1364]}",{}
4.png,31850550,{},4404,168,"{""name"":""polygon"",""all_points_x"":[470,454,440,423,428,449,458,473],""all_points_y"":[1349,1399,1449,1495,1497,1432,1403,1351]}",{}
4.png,31850550,{},4404,169,"{""name"":""polygon"",""all_points_x"":[478,443,449,479],""all_points_y"":[1416,1505,1503,1422]}",{}
4.png,31850550,{},4404,170,"{""name"":""polygon"",""all_points_x"":[338,336,361,397,421,418,399,361],""all_points_y"":[1362,1365,1363,1357,1351,1349,1353,1359]}",{}
4.png,31850550,{},4404,171,"{""name"":""polygon"",""all_points_x"":[662,667,671,679,690,696,693,686,675],""all_points_y"":[1396,1399,1395,1390,1377,1368,1366,1378,1389]}",{}
4.png,31850550,{},4404,172,"{""name"":""polygon"",""all_points_x"":[725,723,772,773],""all_points_y"":[1350,1353,1381,1378]}",{}
4.png,31850550,{},4404,173,"{""name"":""polygon"",""all_points_x"":[800,802,809,813,809,802],""all_points_y"":[1350,1366,1407,1407,1382,1351]}",{}
4.png,31850550,{},4404,174,"{""name"":""polygon"",""all_points_x"":[816,825,836,837,828,818],""all_points_y"":[1367,1395,1421,1419,1393,1365]}",{}
4.png,31850550,{},4404,175,"{""name"":""polygon"",""all_points_x"":[851,830,829,849],""all_points_y"":[1387,1396,1392,1385]}",{}
4.png,31850550,{},4404,176,"{""name"":""polygon"",""all_points_x"":[858,834,832,858],""all_points_y"":[1393,1404,1401,1391]}",{}
4.png,31850550,{},4404,177,"{""name"":""polygon"",""all_points_x"":[827,806,808,828],""all_points_y"":[1404,1411,1415,1409]}",{}
4.png,31850550,{},4404,178,"{""name"":""polygon"",""all_points_x"":[809,816,818,811],""all_points_y"":[1362,1404,1404,1362]}",{}
4.png,31850550,{},4404,179,"{""name"":""polygon"",""all_points_x"":[729,730,750,765,808,805,766],""all_points_y"":[1421,1425,1421,1416,1404,1400,1412]}",{}
4.png,31850550,{},4404,180,"{""name"":""polygon"",""all_points_x"":[851,839,842,861,858],""all_points_y"":[1402,1417,1417,1394,1393]}",{}
4.png,31850550,{},4404,181,"{""name"":""polygon"",""all_points_x"":[862,864,883,880],""all_points_y"":[1399,1403,1402,1398]}",{}
4.png,31850550,{},4404,182,"{""name"":""polygon"",""all_points_x"":[886,849,853,888],""all_points_y"":[1401,1437,1438,1403]}",{}
4.png,31850550,{},4404,183,"{""name"":""polygon"",""all_points_x"":[723,724,721,708,702,702,712,723,727,726],""all_points_y"":[1397,1414,1436,1452,1458,1460,1454,1435,1413,1395]}",{}
4.png,31850550,{},4404,184,"{""name"":""polygon"",""all_points_x"":[741,742,758,772,772],""all_points_y"":[1392,1396,1394,1393,1389]}",{}
4.png,31850550,{},4404,185,"{""name"":""polygon"",""all_points_x"":[805,802,822,832,847,849,835],""all_points_y"":[1312,1315,1332,1342,1357,1356,1339]}",{}
4.png,31850550,{},4404,186,"{""name"":""polygon"",""all_points_x"":[650,651,664,684,682,664],""all_points_y"":[1367,1370,1369,1362,1359,1364]}",{}
4.png,31850550,{},4404,187,"{""name"":""polygon"",""all_points_x"":[642,653,671,673,658,645],""all_points_y"":[1412,1435,1459,1456,1437,1409]}",{}
4.png,31850550,{},4404,188,"{""name"":""polygon"",""all_points_x"":[723,721,733,764,780,778,765,746,728],""all_points_y"":[1439,1442,1448,1459,1459,1454,1456,1449,1442]}",{}
4.png,31850550,{},4404,189,"{""name"":""polygon"",""all_points_x"":[676,677,690,734,728],""all_points_y"":[1509,1514,1512,1501,1498]}",{}
4.png,31850550,{},4404,190,"{""name"":""polygon"",""all_points_x"":[671,672,687,754,749,723,683],""all_points_y"":[1525,1527,1524,1505,1503,1511,1521]}",{}
4.png,31850550,{},4404,191,"{""name"":""polygon"",""all_points_x"":[717,721,751,747],""all_points_y"":[1526,1528,1511,1509]}",{}
4.png,31850550,{},4404,192,"{""name"":""polygon"",""all_points_x"":[783,766,742,745,773,786],""all_points_y"":[1524,1569,1617,1620,1565,1525]}",{}
4.png,31850550,{},4404,193,"{""name"":""polygon"",""all_points_x"":[794,780,776,795],""all_points_y"":[1520,1546,1560,1521]}",{}
4.png,31850550,{},4404,194,"{""name"":""polygon"",""all_points_x"":[738,736,758,760],""all_points_y"":[1571,1576,1582,1578]}",{}
4.png,31850550,{},4404,195,"{""name"":""polygon"",""all_points_x"":[695,681,686,698],""all_points_y"":[1397,1423,1425,1397]}",{}
4.png,31850550,{},4404,196,"{""name"":""polygon"",""all_points_x"":[586,600,610,613,606,596,588],""all_points_y"":[1406,1450,1478,1477,1458,1431,1404]}",{}
4.png,31850550,{},4404,197,"{""name"":""polygon"",""all_points_x"":[591,590,619,619],""all_points_y"":[1373,1377,1380,1377]}",{}
4.png,31850550,{},4404,198,"{""name"":""polygon"",""all_points_x"":[675,666,668,679],""all_points_y"":[1408,1444,1447,1409]}",{}
4.png,31850550,{},4404,199,"{""name"":""polygon"",""all_points_x"":[583,578,566,554,556,567,577,585],""all_points_y"":[1407,1421,1436,1444,1445,1441,1428,1409]}",{}
4.png,31850550,{},4404,200,"{""name"":""polygon"",""all_points_x"":[630,626,627,631,632,634],""all_points_y"":[1428,1484,1487,1485,1452,1430]}",{}
4.png,31850550,{},4404,201,"{""name"":""polygon"",""all_points_x"":[590,598,608,621,624,626,609,605,601,592],""all_points_y"":[1511,1532,1549,1582,1588,1586,1544,1539,1530,1511]}",{}
4.png,31850550,{},4404,202,"{""name"":""polygon"",""all_points_x"":[509,505,500,488,485,497,507],""all_points_y"":[1488,1492,1494,1509,1504,1492,1485]}",{}
4.png,31850550,{},4404,203,"{""name"":""polygon"",""all_points_x"":[525,525,540,549,550,532],""all_points_y"":[1477,1482,1489,1492,1490,1480]}",{}
4.png,31850550,{},4404,204,"{""name"":""polygon"",""all_points_x"":[536,536,574,574],""all_points_y"":[1458,1462,1464,1460]}",{}
4.png,31850550,{},4404,205,"{""name"":""polygon"",""all_points_x"":[499,499,514,538,535,527,511],""all_points_y"":[1523,1525,1523,1518,1515,1518,1521]}",{}
4.png,31850550,{},4404,206,"{""name"":""polygon"",""all_points_x"":[496,499,572,572,541,513],""all_points_y"":[1531,1527,1519,1522,1525,1527]}",{}
4.png,31850550,{},4404,207,"{""name"":""polygon"",""all_points_x"":[544,562,575,581,588,590,583,575,564,546],""all_points_y"":[1547,1571,1586,1593,1599,1598,1589,1584,1569,1546]}",{}
4.png,31850550,{},4404,208,"{""name"":""polygon"",""all_points_x"":[629,625,627,633],""all_points_y"":[1567,1616,1617,1570]}",{}
4.png,31850550,{},4404,209,"{""name"":""polygon"",""all_points_x"":[631,643,656,658,660,650,638,634],""all_points_y"":[1606,1629,1649,1650,1650,1634,1615,1605]}",{}
4.png,31850550,{},4404,210,"{""name"":""polygon"",""all_points_x"":[632,631,645,665,667,655,640],""all_points_y"":[1591,1595,1612,1636,1634,1620,1602]}",{}
4.png,31850550,{},4404,211,"{""name"":""polygon"",""all_points_x"":[639,645,655,662,665,656,655,648,641],""all_points_y"":[1561,1575,1602,1622,1622,1596,1590,1573,1561]}",{}
4.png,31850550,{},4404,212,"{""name"":""polygon"",""all_points_x"":[661,660,670,677,685,688,685,681,676,674],""all_points_y"":[1593,1597,1615,1636,1656,1659,1647,1639,1622,1615]}",{}
4.png,31850550,{},4404,213,"{""name"":""polygon"",""all_points_x"":[680,679,691,709,726,737,738,731,716,702,687],""all_points_y"":[1621,1624,1643,1672,1697,1712,1708,1697,1676,1656,1633]}",{}
4.png,31850550,{},4404,214,"{""name"":""polygon"",""all_points_x"":[553,549,564,582,592,593,589,577,562],""all_points_y"":[1598,1600,1622,1650,1668,1666,1654,1633,1614]}",{}
4.png,31850550,{},4404,215,"{""name"":""polygon"",""all_points_x"":[473,473,494,514,554,552,532,521,502,486],""all_points_y"":[1568,1572,1589,1598,1610,1606,1601,1597,1589,1579]}",{}
4.png,31850550,{},4404,216,"{""name"":""polygon"",""all_points_x"":[490,489,501,520,546,547,526,511],""all_points_y"":[1544,1547,1551,1558,1568,1565,1557,1551]}",{}
4.png,31850550,{},4404,217,"{""name"":""polygon"",""all_points_x"":[693,733,735,710,690],""all_points_y"":[1668,1717,1716,1683,1661]}",{}
4.png,31850550,{},4404,218,"{""name"":""polygon"",""all_points_x"":[688,703,706,699,689],""all_points_y"":[1662,1702,1702,1683,1661]}",{}
4.png,31850550,{},4404,219,"{""name"":""polygon"",""all_points_x"":[641,638,655,663,666,655],""all_points_y"":[1650,1653,1683,1695,1692,1676]}",{}
4.png,31850550,{},4404,220,"{""name"":""polygon"",""all_points_x"":[690,668,655,650,650,664,690],""all_points_y"":[1674,1693,1704,1709,1711,1700,1677]}",{}
4.png,31850550,{},4404,221,"{""name"":""polygon"",""all_points_x"":[771,758,751,716,719,747,764,772],""all_points_y"":[1629,1641,1647,1674,1676,1655,1639,1632]}",{}
4.png,31850550,{},4404,222,"{""name"":""polygon"",""all_points_x"":[786,764,766,788],""all_points_y"":[1638,1662,1664,1639]}",{}
4.png,31850550,{},4404,223,"{""name"":""polygon"",""all_points_x"":[761,737,739,764],""all_points_y"":[1666,1698,1700,1668]}",{}
4.png,31850550,{},4404,224,"{""name"":""polygon"",""all_points_x"":[751,747,770,785,786,773,766],""all_points_y"":[1655,1657,1670,1677,1673,1669,1664]}",{}
4.png,31850550,{},4404,225,"{""name"":""polygon"",""all_points_x"":[843,840,839,842,843,845],""all_points_y"":[1647,1671,1693,1695,1686,1647]}",{}
4.png,31850550,{},4404,226,"{""name"":""polygon"",""all_points_x"":[852,851,865,872,873,861],""all_points_y"":[1638,1640,1657,1664,1663,1647]}",{}
4.png,31850550,{},4404,227,"{""name"":""polygon"",""all_points_x"":[636,634,626,614,611,615,623,631],""all_points_y"":[1635,1637,1623,1599,1594,1594,1612,1629]}",{}
4.png,31850550,{},4404,228,"{""name"":""polygon"",""all_points_x"":[620,620,622,624],""all_points_y"":[1589,1602,1605,1591]}",{}
4.png,31850550,{},4404,229,"{""name"":""polygon"",""all_points_x"":[619,617,617,619,620,621,621],""all_points_y"":[1617,1644,1668,1666,1653,1641,1620]}",{}
4.png,31850550,{},4404,230,"{""name"":""polygon"",""all_points_x"":[625,622,626,627],""all_points_y"":[1659,1659,1627,1630]}",{}
4.png,31850550,{},4404,231,"{""name"":""polygon"",""all_points_x"":[808,807,817,820,810,810],""all_points_y"":[1649,1667,1709,1708,1663,1651]}",{}
4.png,31850550,{},4404,232,"{""name"":""polygon"",""all_points_x"":[740,742,760,831,838,834,818,784,759],""all_points_y"":[1754,1759,1749,1709,1705,1702,1711,1731,1745]}",{}
4.png,31850550,{},4404,233,"{""name"":""polygon"",""all_points_x"":[827,824,812,814,828],""all_points_y"":[1456,1465,1485,1486,1463]}",{}
4.png,31850550,{},4404,234,"{""name"":""polygon"",""all_points_x"":[694,686,671,660,659,693],""all_points_y"":[1686,1693,1704,1710,1708,1684]}",{}
4.png,31850550,{},4404,235,"{""name"":""polygon"",""all_points_x"":[657,658,673,682,697,695,686,674],""all_points_y"":[1715,1716,1707,1704,1695,1693,1700,1705]}",{}
4.png,31850550,{},4404,236,"{""name"":""polygon"",""all_points_x"":[644,651,653,649],""all_points_y"":[1695,1705,1704,1697]}",{}
4.png,31850550,{},4404,237,"{""name"":""polygon"",""all_points_x"":[593,595,598,607,611,611,609,601,597,595],""all_points_y"":[1631,1631,1641,1653,1662,1665,1666,1651,1643,1641]}",{}
4.png,31850550,{},4404,238,"{""name"":""polygon"",""all_points_x"":[613,611,610,612,614,616,614],""all_points_y"":[1647,1657,1665,1663,1658,1646,1643]}",{}
4.png,31850550,{},4404,239,"{""name"":""polygon"",""all_points_x"":[546,544,545,556,570,571,559,551],""all_points_y"":[1617,1616,1621,1643,1670,1668,1639,1626]}",{}
4.png,31850550,{},4404,240,"{""name"":""polygon"",""all_points_x"":[544,545,549,552,551,550,549,546],""all_points_y"":[1640,1662,1700,1702,1686,1674,1657,1640]}",{}
4.png,31850550,{},4404,241,"{""name"":""polygon"",""all_points_x"":[611,614,617,614],""all_points_y"":[1689,1701,1702,1687]}",{}
4.png,31850550,{},4404,242,"{""name"":""polygon"",""all_points_x"":[617,619,628,630,631,627,624,619],""all_points_y"":[1718,1734,1779,1779,1777,1761,1744,1716]}",{}
4.png,31850550,{},4404,243,"{""name"":""polygon"",""all_points_x"":[792,798,804,808,799,794],""all_points_y"":[1682,1695,1711,1711,1690,1681]}",{}
4.png,31850550,{},4404,244,"{""name"":""polygon"",""all_points_x"":[876,871,842,846,862,871,877],""all_points_y"":[1672,1678,1698,1700,1686,1681,1675]}",{}
4.png,31850550,{},4404,245,"{""name"":""polygon"",""all_points_x"":[844,814,787,794,828,846],""all_points_y"":[1712,1741,1768,1766,1733,1715]}",{}
4.png,31850550,{},4404,246,"{""name"":""polygon"",""all_points_x"":[447,447,474,478,482,488,490,483,478,457,454],""all_points_y"":[1617,1622,1638,1642,1643,1648,1647,1638,1639,1622,1622]}",{}
4.png,31850550,{},4404,247,"{""name"":""polygon"",""all_points_x"":[476,475,470,455,430,434,451,466],""all_points_y"":[1611,1613,1608,1594,1570,1569,1586,1601]}",{}
4.png,31850550,{},4404,248,"{""name"":""polygon"",""all_points_x"":[438,434,454,458,457,441],""all_points_y"":[1566,1568,1589,1592,1589,1570]}",{}
4.png,31850550,{},4404,249,"{""name"":""polygon"",""all_points_x"":[412,415,418,423,430,445,457,479,474,468,455,437,426],""all_points_y"":[1581,1584,1580,1577,1570,1558,1547,1525,1523,1533,1545,1560,1570]}",{}
4.png,31850550,{},4404,250,"{""name"":""polygon"",""all_points_x"":[693,690,697,708,722,738,745,747,737,722,708,696],""all_points_y"":[1700,1700,1714,1733,1752,1767,1773,1772,1762,1746,1727,1706]}",{}
4.png,31850550,{},4404,251,"{""name"":""polygon"",""all_points_x"":[727,724,735,742,744,734,729],""all_points_y"":[1720,1723,1738,1752,1751,1731,1725]}",{}
4.png,31850550,{},4404,252,"{""name"":""polygon"",""all_points_x"":[769,768,787,787],""all_points_y"":[1580,1583,1586,1582]}",{}
4.png,31850550,{},4404,253,"{""name"":""polygon"",""all_points_x"":[799,799,812,816,817,810,804],""all_points_y"":[1572,1577,1583,1585,1583,1579,1575]}",{}
4.png,31850550,{},4404,254,"{""name"":""polygon"",""all_points_x"":[839,837,845,849,852,856,861,862,860,857,856,852,849,849,840],""all_points_y"":[1725,1727,1738,1747,1750,1756,1773,1771,1761,1754,1750,1746,1744,1742,1726]}",{}
4.png,31850550,{},4404,255,"{""name"":""polygon"",""all_points_x"":[700,698,721,723],""all_points_y"":[1643,1648,1667,1664]}",{}
4.png,31850550,{},4404,256,"{""name"":""polygon"",""all_points_x"":[705,703,723,732,744,744,733,723],""all_points_y"":[1599,1601,1608,1611,1610,1608,1608,1606]}",{}
4.png,31850550,{},4404,257,"{""name"":""polygon"",""all_points_x"":[717,716,728,740,755,757,735,728],""all_points_y"":[1531,1534,1538,1544,1547,1542,1538,1535]}",{}
4.png,31850550,{},4404,258,"{""name"":""polygon"",""all_points_x"":[806,806,813,811],""all_points_y"":[1694,1699,1700,1696]}",{}
4.png,31850550,{},4404,259,"{""name"":""polygon"",""all_points_x"":[820,831,841,843,828,820],""all_points_y"":[1700,1702,1703,1701,1698,1697]}",{}
4.png,31850550,{},4404,260,"{""name"":""polygon"",""all_points_x"":[650,650,657,694,703,702,683,666,656],""all_points_y"":[1759,1762,1763,1765,1764,1761,1761,1761,1760]}",{}
4.png,31850550,{},4404,261,"{""name"":""polygon"",""all_points_x"":[609,610,589,586],""all_points_y"":[1561,1558,1551,1554]}",{}
4.png,31850550,{},4404,262,"{""name"":""polygon"",""all_points_x"":[567,567,574,581,582,575],""all_points_y"":[1543,1546,1549,1552,1551,1546]}",{}
4.png,31850550,{},4404,263,"{""name"":""polygon"",""all_points_x"":[582,582,594,602,602,591],""all_points_y"":[1544,1547,1548,1549,1546,1545]}",{}
4.png,31850550,{},4404,264,"{""name"":""polygon"",""all_points_x"":[439,439,461,474,485,485,475,470,464],""all_points_y"":[1635,1638,1646,1650,1654,1652,1648,1645,1643]}",{}
4.png,31850550,{},4404,265,"{""name"":""polygon"",""all_points_x"":[408,420,428,430,412],""all_points_y"":[1545,1558,1567,1565,1545]}",{}
4.png,31850550,{},4404,266,"{""name"":""polygon"",""all_points_x"":[405,407,424,421],""all_points_y"":[1575,1577,1566,1562]}",{}
4.png,31850550,{},4404,267,"{""name"":""polygon"",""all_points_x"":[416,432,434,419],""all_points_y"":[1546,1564,1562,1545]}",{}
4.png,31850550,{},4404,268,"{""name"":""polygon"",""all_points_x"":[419,420,438,465,465,446,431],""all_points_y"":[1536,1539,1537,1535,1532,1533,1535]}",{}
4.png,31850550,{},4404,269,"{""name"":""polygon"",""all_points_x"":[446,430,423,420,428,434,444,443,446],""all_points_y"":[1510,1525,1534,1534,1525,1516,1509,1507,1506]}",{}
4.png,31850550,{},4404,270,"{""name"":""polygon"",""all_points_x"":[741,744,748,750,757,759,763,752,750,746],""all_points_y"":[1626,1627,1624,1619,1611,1599,1589,1608,1614,1622]}",{}
4.png,31850550,{},4404,271,"{""name"":""polygon"",""all_points_x"":[420,420,434,444,447,447,434],""all_points_y"":[1374,1376,1375,1372,1371,1369,1371]}",{}
4.png,31850550,{},4404,272,"{""name"":""polygon"",""all_points_x"":[327,327,337,346,381,403,404,389,387,351,341],""all_points_y"":[1320,1323,1324,1323,1317,1314,1310,1312,1313,1318,1320]}",{}
4.png,31850550,{},4404,273,"{""name"":""polygon"",""all_points_x"":[377,360,343,333,326,329,341,359,374,377],""all_points_y"":[1246,1257,1268,1273,1276,1277,1272,1263,1250,1248]}",{}
4.png,31850550,{},4404,274,"{""name"":""polygon"",""all_points_x"":[356,356,385,404,404,381],""all_points_y"":[1272,1274,1272,1269,1267,1270]}",{}
4.png,31850550,{},4404,275,"{""name"":""polygon"",""all_points_x"":[232,232,244,279,300,298,285,259],""all_points_y"":[1321,1324,1317,1300,1291,1288,1294,1306]}",{}
4.png,31850550,{},4404,276,"{""name"":""polygon"",""all_points_x"":[228,228,241,256,269,288,286,258],""all_points_y"":[1277,1279,1281,1283,1284,1286,1282,1279]}",{}
4.png,31850550,{},4404,277,"{""name"":""polygon"",""all_points_x"":[473,451,449,471],""all_points_y"":[1150,1165,1163,1150]}",{}
4.png,31850550,{},4404,278,"{""name"":""polygon"",""all_points_x"":[256,274,284,313,315,286,277,270,262],""all_points_y"":[1168,1181,1190,1213,1211,1187,1180,1173,1168]}",{}
4.png,31850550,{},4404,279,"{""name"":""polygon"",""all_points_x"":[227,227,241,248,248],""all_points_y"":[1158,1160,1163,1164,1161]}",{}
4.png,31850550,{},4404,280,"{""name"":""polygon"",""all_points_x"":[255,255,262,272,269],""all_points_y"":[1163,1165,1166,1168,1164]}",{}
4.png,31850550,{},4404,281,"{""name"":""polygon"",""all_points_x"":[244,251,254,255,252,246],""all_points_y"":[1149,1167,1168,1167,1160,1149]}",{}
4.png,31850550,{},4404,282,"{""name"":""polygon"",""all_points_x"":[161,191,193,165],""all_points_y"":[1121,1151,1147,1121]}",{}
4.png,31850550,{},4404,283,"{""name"":""polygon"",""all_points_x"":[188,185,187,198,195],""all_points_y"":[1137,1138,1141,1134,1131]}",{}
4.png,31850550,{},4404,284,"{""name"":""polygon"",""all_points_x"":[327,324,326,330],""all_points_y"":[1098,1106,1108,1100]}",{}
4.png,31850550,{},4404,285,"{""name"":""polygon"",""all_points_x"":[240,245,276,314,322,322,316,310,265,256],""all_points_y"":[1253,1258,1255,1254,1251,1248,1248,1251,1252,1254]}",{}
4.png,31850550,{},4404,286,"{""name"":""polygon"",""all_points_x"":[221,221,255,255],""all_points_y"":[1305,1307,1306,1303]}",{}
4.png,31850550,{},4404,287,"{""name"":""polygon"",""all_points_x"":[155,156,168,200,211,212,193,181,167],""all_points_y"":[1321,1327,1330,1334,1334,1331,1329,1327,1325]}",{}
4.png,31850550,{},4404,288,"{""name"":""polygon"",""all_points_x"":[215,215,206,179,166,154,155,168,178,199,217],""all_points_y"":[1336,1335,1340,1359,1368,1378,1381,1369,1362,1349,1336]}",{}
4.png,31850550,{},4404,289,"{""name"":""polygon"",""all_points_x"":[240,204,212,241],""all_points_y"":[1337,1348,1341,1332]}",{}
4.png,31850550,{},4404,290,"{""name"":""polygon"",""all_points_x"":[298,268,267,295],""all_points_y"":[1336,1337,1333,1335]}",{}
4.png,31850550,{},4404,291,"{""name"":""polygon"",""all_points_x"":[253,253,240,241],""all_points_y"":[1333,1336,1337,1333]}",{}
4.png,31850550,{},4404,292,"{""name"":""polygon"",""all_points_x"":[251,310,308,251],""all_points_y"":[1325,1324,1322,1322]}",{}
4.png,31850550,{},4404,293,"{""name"":""polygon"",""all_points_x"":[272,270,280,305,315,322,322,304,291],""all_points_y"":[1366,1367,1375,1397,1403,1407,1405,1393,1382]}",{}
4.png,31850550,{},4404,294,"{""name"":""polygon"",""all_points_x"":[253,253,265,266],""all_points_y"":[1374,1372,1366,1368]}",{}
4.png,31850550,{},4404,295,"{""name"":""polygon"",""all_points_x"":[248,232,170,169,247],""all_points_y"":[1379,1387,1418,1414,1377]}",{}
4.png,31850550,{},4404,296,"{""name"":""polygon"",""all_points_x"":[221,221,234,271,293,293,259,227],""all_points_y"":[1356,1359,1361,1364,1365,1362,1361,1357]}",{}
4.png,31850550,{},4404,297,"{""name"":""polygon"",""all_points_x"":[420,421,433,458,457,431],""all_points_y"":[1248,1251,1248,1243,1241,1246]}",{}
4.png,31850550,{},4404,298,"{""name"":""polygon"",""all_points_x"":[267,280,282,278,269],""all_points_y"":[1207,1249,1249,1233,1206]}",{}
4.png,31850550,{},4404,299,"{""name"":""polygon"",""all_points_x"":[194,194,215,239,250,251,208],""all_points_y"":[1178,1180,1191,1202,1208,1207,1185]}",{}
4.png,31850550,{},4404,300,"{""name"":""polygon"",""all_points_x"":[188,194,208,228,237,247,244,226,217,208],""all_points_y"":[1357,1355,1362,1367,1370,1371,1374,1369,1368,1365]}",{}
4.png,31850550,{},4404,301,"{""name"":""polygon"",""all_points_x"":[130,128,150,160,177,180,182,166,141],""all_points_y"":[1332,1335,1343,1347,1353,1354,1351,1345,1337]}",{}
4.png,31850550,{},4404,302,"{""name"":""polygon"",""all_points_x"":[600,602,617,613],""all_points_y"":[1326,1331,1330,1326]}",{}
4.png,31850550,{},4404,303,"{""name"":""polygon"",""all_points_x"":[360,361,375,387,388,371],""all_points_y"":[1414,1416,1422,1426,1424,1419]}",{}
4.png,31850550,{},4404,304,"{""name"":""polygon"",""all_points_x"":[315,314,312,315,317,318],""all_points_y"":[1408,1448,1470,1472,1440,1409]}",{}
4.png,31850550,{},4404,305,"{""name"":""polygon"",""all_points_x"":[279,274,271,267,270,275,277,281],""all_points_y"":[1407,1438,1457,1471,1471,1452,1437,1409]}",{}
4.png,31850550,{},4404,306,"{""name"":""polygon"",""all_points_x"":[200,199,193,163,156,121,95,97,152,168,184,191],""all_points_y"":[1468,1469,1464,1419,1406,1350,1302,1300,1395,1420,1447,1456]}",{}
4.png,31850550,{},4404,307,"{""name"":""polygon"",""all_points_x"":[136,135,164,167],""all_points_y"":[1359,1363,1367,1365]}",{}
4.png,31850550,{},4404,308,"{""name"":""polygon"",""all_points_x"":[171,175,236,237,193],""all_points_y"":[1369,1365,1373,1374,1371]}",{}
4.png,31850550,{},4404,309,"{""name"":""polygon"",""all_points_x"":[5,8,36,53,52,27],""all_points_y"":[1281,1286,1278,1274,1271,1277]}",{}
4.png,31850550,{},4404,310,"{""name"":""polygon"",""all_points_x"":[33,37,90,88,53],""all_points_y"":[1302,1306,1303,1300,1302]}",{}
4.png,31850550,{},4404,311,"{""name"":""polygon"",""all_points_x"":[2,2,54,50],""all_points_y"":[1377,1380,1365,1362]}",{}
4.png,31850550,{},4404,312,"{""name"":""polygon"",""all_points_x"":[1,1,20,18],""all_points_y"":[1334,1337,1334,1331]}",{}
4.png,31850550,{},4404,313,"{""name"":""polygon"",""all_points_x"":[387,378,351,352,380,389],""all_points_y"":[1433,1440,1469,1472,1443,1436]}",{}
4.png,31850550,{},4404,314,"{""name"":""polygon"",""all_points_x"":[351,325,327,352],""all_points_y"":[1469,1497,1499,1471]}",{}
4.png,31850550,{},4404,315,"{""name"":""polygon"",""all_points_x"":[366,335,323,315,315,327,334,367],""all_points_y"":[1500,1540,1556,1564,1566,1556,1546,1503]}",{}
4.png,31850550,{},4404,316,"{""name"":""polygon"",""all_points_x"":[316,296,292,314],""all_points_y"":[1511,1535,1532,1509]}",{}
4.png,31850550,{},4404,317,"{""name"":""polygon"",""all_points_x"":[225,244,252,255,226],""all_points_y"":[1435,1463,1473,1473,1433]}",{}
4.png,31850550,{},4404,318,"{""name"":""polygon"",""all_points_x"":[262,257,250,254,265],""all_points_y"":[1497,1520,1550,1550,1501]}",{}
4.png,31850550,{},4404,319,"{""name"":""polygon"",""all_points_x"":[207,221,229,231,211],""all_points_y"":[1456,1477,1486,1483,1456]}",{}
4.png,31850550,{},4404,320,"{""name"":""polygon"",""all_points_x"":[203,204,186,185],""all_points_y"":[1444,1449,1445,1441]}",{}
4.png,31850550,{},4404,321,"{""name"":""polygon"",""all_points_x"":[406,404,441,441],""all_points_y"":[1429,1432,1437,1434]}",{}
4.png,31850550,{},4404,322,"{""name"":""polygon"",""all_points_x"":[312,311,314,314],""all_points_y"":[1472,1505,1506,1471]}",{}
4.png,31850550,{},4404,323,"{""name"":""polygon"",""all_points_x"":[292,273,260,261,279,295],""all_points_y"":[1532,1550,1564,1566,1551,1534]}",{}
4.png,31850550,{},4404,324,"{""name"":""polygon"",""all_points_x"":[274,267,270,277],""all_points_y"":[1532,1582,1583,1532]}",{}
4.png,31850550,{},4404,325,"{""name"":""polygon"",""all_points_x"":[270,268,260,262],""all_points_y"":[1534,1537,1527,1523]}",{}
4.png,31850550,{},4404,326,"{""name"":""polygon"",""all_points_x"":[344,343,437,437],""all_points_y"":[1291,1289,1278,1282]}",{}
4.png,31850550,{},4404,327,"{""name"":""polygon"",""all_points_x"":[538,543,565,561,546],""all_points_y"":[1259,1257,1261,1264,1262]}",{}
4.png,31850550,{},4404,328,"{""name"":""polygon"",""all_points_x"":[179,177,217,218],""all_points_y"":[1281,1283,1297,1293]}",{}
4.png,31850550,{},4404,329,"{""name"":""polygon"",""all_points_x"":[92,95,119,143,140,117],""all_points_y"":[1434,1437,1420,1395,1392,1418]}",{}
4.png,31850550,{},4404,330,"{""name"":""polygon"",""all_points_x"":[7,7,70,115,122,116,37],""all_points_y"":[1408,1414,1413,1416,1410,1411,1409]}",{}
4.png,31850550,{},4404,331,"{""name"":""polygon"",""all_points_x"":[25,22,58,60],""all_points_y"":[1384,1388,1402,1399]}",{}
4.png,31850550,{},4404,332,"{""name"":""polygon"",""all_points_x"":[62,61,97,97,90,79],""all_points_y"":[1371,1375,1389,1386,1383,1379]}",{}
4.png,31850550,{},4404,333,"{""name"":""polygon"",""all_points_x"":[78,81,106,119,122,123,107,89],""all_points_y"":[1362,1367,1377,1382,1383,1380,1373,1366]}",{}
4.png,31850550,{},4404,334,"{""name"":""polygon"",""all_points_x"":[267,265,250,254,267],""all_points_y"":[1596,1598,1550,1550,1593]}",{}
4.png,31850550,{},4404,335,"{""name"":""polygon"",""all_points_x"":[294,273,276,298],""all_points_y"":[1556,1597,1599,1557]}",{}
4.png,31850550,{},4404,336,"{""name"":""polygon"",""all_points_x"":[345,344,359,361,346],""all_points_y"":[1538,1542,1565,1563,1539]}",{}
4.png,31850550,{},4404,337,"{""name"":""polygon"",""all_points_x"":[361,358,366,401,415,418,391],""all_points_y"":[1555,1556,1565,1600,1613,1610,1584]}",{}
4.png,31850550,{},4404,338,"{""name"":""polygon"",""all_points_x"":[348,351,338,336],""all_points_y"":[1605,1605,1545,1547]}",{}
4.png,31850550,{},4404,339,"{""name"":""polygon"",""all_points_x"":[279,280,333,327],""all_points_y"":[1637,1640,1620,1618]}",{}
4.png,31850550,{},4404,340,"{""name"":""polygon"",""all_points_x"":[282,282,323,317],""all_points_y"":[1624,1627,1618,1617]}",{}
4.png,31850550,{},4404,341,"{""name"":""polygon"",""all_points_x"":[194,186,182,185,189,187,190,198],""all_points_y"":[1589,1641,1681,1758,1754,1681,1641,1590]}",{}
4.png,31850550,{},4404,342,"{""name"":""polygon"",""all_points_x"":[162,163,181,182],""all_points_y"":[1669,1672,1669,1664]}",{}
4.png,31850550,{},4404,343,"{""name"":""polygon"",""all_points_x"":[250,250,263,263],""all_points_y"":[1647,1651,1648,1645]}",{}
4.png,31850550,{},4404,344,"{""name"":""polygon"",""all_points_x"":[190,190,217,217,195],""all_points_y"":[1663,1666,1657,1655,1661]}",{}
4.png,31850550,{},4404,345,"{""name"":""polygon"",""all_points_x"":[141,139,92,95,119],""all_points_y"":[1630,1631,1577,1575,1604]}",{}
4.png,31850550,{},4404,346,"{""name"":""polygon"",""all_points_x"":[282,282,325,363,395,395,365,331,311],""all_points_y"":[1643,1640,1633,1623,1609,1611,1626,1636,1639]}",{}
4.png,31850550,{},4404,347,"{""name"":""polygon"",""all_points_x"":[347,357,362,366,355,350],""all_points_y"":[1552,1593,1627,1627,1563,1554]}",{}
4.png,31850550,{},4404,348,"{""name"":""polygon"",""all_points_x"":[395,374,376,398],""all_points_y"":[1617,1672,1673,1617]}",{}
4.png,31850550,{},4404,349,"{""name"":""polygon"",""all_points_x"":[364,366,371,372,366,363,367,368,367],""all_points_y"":[1690,1692,1683,1664,1627,1628,1664,1681,1685]}",{}
4.png,31850550,{},4404,350,"{""name"":""polygon"",""all_points_x"":[446,427,404,406,442,449],""all_points_y"":[1653,1676,1700,1702,1662,1653]}",{}
4.png,31850550,{},4404,351,"{""name"":""polygon"",""all_points_x"":[322,314,301,269,260,241,243,259,272,307,319,326],""all_points_y"":[1641,1657,1670,1691,1695,1696,1700,1699,1693,1669,1655,1641]}",{}
4.png,31850550,{},4404,352,"{""name"":""polygon"",""all_points_x"":[175,157,142,130,131,151,177],""all_points_y"":[1557,1568,1575,1577,1579,1574,1560]}",{}
4.png,31850550,{},4404,353,"{""name"":""polygon"",""all_points_x"":[248,245,245,250,304,304],""all_points_y"":[1596,1598,1600,1600,1606,1603]}",{}
4.png,31850550,{},4404,354,"{""name"":""polygon"",""all_points_x"":[354,359,362,365,357],""all_points_y"":[1643,1682,1705,1703,1643]}",{}
4.png,31850550,{},4404,355,"{""name"":""polygon"",""all_points_x"":[376,368,364,359,329,312,315,365,378],""all_points_y"":[1676,1697,1705,1710,1757,1782,1783,1707,1679]}",{}
4.png,31850550,{},4404,356,"{""name"":""polygon"",""all_points_x"":[381,378,392,409,417,420,423,415,409,392],""all_points_y"":[1679,1682,1697,1709,1712,1713,1712,1707,1707,1692]}",{}
4.png,31850550,{},4404,357,"{""name"":""polygon"",""all_points_x"":[432,430,434,451,454,438],""all_points_y"":[1677,1679,1685,1723,1723,1687]}",{}
4.png,31850550,{},4404,358,"{""name"":""polygon"",""all_points_x"":[397,395,423,446,446,420,410],""all_points_y"":[1733,1735,1741,1745,1742,1737,1736]}",{}
4.png,31850550,{},4404,359,"{""name"":""polygon"",""all_points_x"":[403,385,362,317,311,311,342,392,402,405],""all_points_y"":[1724,1740,1759,1783,1785,1787,1774,1737,1728,1726]}",{}
4.png,31850550,{},4404,360,"{""name"":""polygon"",""all_points_x"":[366,369,371,367,366,364,365],""all_points_y"":[1733,1752,1749,1718,1707,1712,1724]}",{}
4.png,31850550,{},4404,361,"{""name"":""polygon"",""all_points_x"":[354,358,360,356],""all_points_y"":[1750,1752,1719,1723]}",{}
4.png,31850550,{},4404,362,"{""name"":""polygon"",""all_points_x"":[201,197,201,204],""all_points_y"":[1695,1712,1712,1695]}",{}
4.png,31850550,{},4404,363,"{""name"":""polygon"",""all_points_x"":[189,189,208,229,226,196],""all_points_y"":[1688,1691,1697,1702,1697,1690]}",{}
4.png,31850550,{},4404,364,"{""name"":""polygon"",""all_points_x"":[212,221,231,236,242,245,233,226,217],""all_points_y"":[1701,1714,1721,1728,1731,1728,1718,1712,1702]}",{}
4.png,31850550,{},4404,365,"{""name"":""polygon"",""all_points_x"":[197,196,190,184,187,196,197,200],""all_points_y"":[1712,1726,1755,1790,1792,1752,1743,1712]}",{}
4.png,31850550,{},4404,366,"{""name"":""polygon"",""all_points_x"":[201,201,236,235,212],""all_points_y"":[1734,1738,1745,1742,1737]}",{}
4.png,31850550,{},4404,367,"{""name"":""polygon"",""all_points_x"":[239,231,212,203,199,201,211,222,237],""all_points_y"":[1745,1750,1759,1762,1766,1770,1764,1759,1750]}",{}
4.png,31850550,{},4404,368,"{""name"":""polygon"",""all_points_x"":[250,230,220,215,193,194,219,234,253],""all_points_y"":[1742,1762,1774,1782,1810,1814,1784,1764,1747]}",{}
4.png,31850550,{},4404,369,"{""name"":""polygon"",""all_points_x"":[247,262,271,277,284,284,272,255,249],""all_points_y"":[1737,1750,1758,1764,1768,1766,1755,1740,1737]}",{}
4.png,31850550,{},4404,370,"{""name"":""polygon"",""all_points_x"":[276,265,266,279],""all_points_y"":[1735,1747,1748,1738]}",{}
4.png,31850550,{},4404,371,"{""name"":""polygon"",""all_points_x"":[283,271,273,285],""all_points_y"":[1740,1752,1754,1741]}",{}
4.png,31850550,{},4404,372,"{""name"":""polygon"",""all_points_x"":[228,239,251,260,263,249,241,229],""all_points_y"":[1785,1773,1759,1751,1753,1766,1774,1787]}",{}
4.png,31850550,{},4404,373,"{""name"":""polygon"",""all_points_x"":[267,250,235,229,213,199,191,193,221,238,269],""all_points_y"":[1757,1777,1794,1804,1822,1842,1852,1856,1817,1797,1759]}",{}
4.png,31850550,{},4404,374,"{""name"":""polygon"",""all_points_x"":[245,242,244,271,273,256,247],""all_points_y"":[1824,1823,1814,1773,1775,1802,1816]}",{}
4.png,31850550,{},4404,375,"{""name"":""polygon"",""all_points_x"":[322,296,284,272,255,251,254,261,278,295,324],""all_points_y"":[1714,1751,1769,1790,1814,1824,1825,1813,1787,1761,1715]}",{}
4.png,31850550,{},4404,376,"{""name"":""polygon"",""all_points_x"":[331,310,311,322,333],""all_points_y"":[1714,1744,1749,1733,1716]}",{}
4.png,31850550,{},4404,377,"{""name"":""polygon"",""all_points_x"":[337,320,312,300,286,281,286,296,301,309,319,323,339],""all_points_y"":[1718,1752,1769,1795,1829,1838,1839,1821,1806,1790,1764,1754,1721]}",{}
4.png,31850550,{},4404,378,"{""name"":""polygon"",""all_points_x"":[339,338,349,422,448,448,418,389,361],""all_points_y"":[1778,1778,1773,1759,1754,1759,1766,1770,1775]}",{}
4.png,31850550,{},4404,379,"{""name"":""polygon"",""all_points_x"":[451,430,420,420,425,433,453],""all_points_y"":[1768,1798,1813,1817,1814,1804,1773]}",{}
4.png,31850550,{},4404,380,"{""name"":""polygon"",""all_points_x"":[266,264,255,239,214,209,210,220,248,262],""all_points_y"":[1870,1874,1865,1856,1840,1839,1835,1840,1858,1868]}",{}
4.png,31850550,{},4404,381,"{""name"":""polygon"",""all_points_x"":[227,236,239,229],""all_points_y"":[1817,1858,1858,1815]}",{}
4.png,31850550,{},4404,382,"{""name"":""polygon"",""all_points_x"":[239,241,238,236],""all_points_y"":[1867,1867,1858,1858]}",{}
4.png,31850550,{},4404,383,"{""name"":""polygon"",""all_points_x"":[151,133,123,125,153],""all_points_y"":[1635,1662,1675,1676,1636]}",{}
4.png,31850550,{},4404,384,"{""name"":""polygon"",""all_points_x"":[117,136,138,120],""all_points_y"":[1654,1704,1701,1653]}",{}
4.png,31850550,{},4404,385,"{""name"":""polygon"",""all_points_x"":[478,456,463,480],""all_points_y"":[1509,1530,1529,1513]}",{}
4.png,31850550,{},4404,386,"{""name"":""polygon"",""all_points_x"":[456,449,445,447,454,458],""all_points_y"":[1503,1523,1530,1531,1518,1504]}",{}
4.png,31850550,{},4404,387,"{""name"":""polygon"",""all_points_x"":[374,383,392,394,382,376],""all_points_y"":[1698,1715,1728,1727,1708,1695]}",{}
4.png,31850550,{},4404,388,"{""name"":""polygon"",""all_points_x"":[374,371,381,389,391,383],""all_points_y"":[1713,1716,1726,1735,1733,1721]}",{}
4.png,31850550,{},4404,389,"{""name"":""polygon"",""all_points_x"":[393,395,401,406,404,399,393],""all_points_y"":[1738,1738,1748,1759,1759,1748,1740]}",{}
4.png,31850550,{},4404,390,"{""name"":""polygon"",""all_points_x"":[414,409,418,430,432],""all_points_y"":[1769,1770,1780,1791,1789]}",{}
4.png,31850550,{},4404,391,"{""name"":""polygon"",""all_points_x"":[415,404,373,355,326,323,317,316,328,356,402,417],""all_points_y"":[1783,1799,1845,1874,1914,1918,1922,1927,1922,1880,1810,1785]}",{}
4.png,31850550,{},4404,392,"{""name"":""polygon"",""all_points_x"":[516,464,465,492,520],""all_points_y"":[1795,1810,1813,1806,1797]}",{}
4.png,31850550,{},4404,393,"{""name"":""polygon"",""all_points_x"":[499,507,509,502],""all_points_y"":[1776,1797,1795,1774]}",{}
4.png,31850550,{},4404,394,"{""name"":""polygon"",""all_points_x"":[476,473,477,503,504],""all_points_y"":[1785,1787,1789,1797,1794]}",{}
4.png,31850550,{},4404,395,"{""name"":""polygon"",""all_points_x"":[478,478,500,499],""all_points_y"":[1780,1784,1785,1781]}",{}
4.png,31850550,{},4404,396,"{""name"":""polygon"",""all_points_x"":[299,293,281,267,264,265,279,291,299],""all_points_y"":[1762,1771,1799,1829,1839,1842,1810,1786,1765]}",{}
4.png,31850550,{},4404,397,"{""name"":""polygon"",""all_points_x"":[321,319,327,350,369,370,351,332],""all_points_y"":[1787,1787,1795,1813,1832,1830,1810,1795]}",{}
4.png,31850550,{},4404,398,"{""name"":""polygon"",""all_points_x"":[464,463,483,496,494],""all_points_y"":[1742,1745,1751,1755,1751]}",{}
4.png,31850550,{},4404,399,"{""name"":""polygon"",""all_points_x"":[399,402,397,395,391,395,399],""all_points_y"":[1830,1829,1870,1887,1888,1861,1831]}",{}
4.png,31850550,{},4404,400,"{""name"":""polygon"",""all_points_x"":[391,385,376,379,388,388,394],""all_points_y"":[1892,1920,1979,1980,1933,1927,1890]}",{}
4.png,31850550,{},4404,401,"{""name"":""polygon"",""all_points_x"":[415,414,424,446,442],""all_points_y"":[1861,1864,1869,1873,1869]}",{}
4.png,31850550,{},4404,402,"{""name"":""polygon"",""all_points_x"":[428,443,447,447,430],""all_points_y"":[1840,1868,1873,1865,1837]}",{}
4.png,31850550,{},4404,403,"{""name"":""polygon"",""all_points_x"":[441,440,457,458],""all_points_y"":[1849,1851,1859,1857]}",{}
4.png,31850550,{},4404,404,"{""name"":""polygon"",""all_points_x"":[392,390,421,498,500,501,430,405],""all_points_y"":[1920,1925,1939,1970,1970,1967,1936,1927]}",{}
4.png,31850550,{},4404,405,"{""name"":""polygon"",""all_points_x"":[386,369,366,388],""all_points_y"":[1849,1861,1866,1851]}",{}
4.png,31850550,{},4404,406,"{""name"":""polygon"",""all_points_x"":[348,323,324,350],""all_points_y"":[1875,1890,1894,1878]}",{}
4.png,31850550,{},4404,407,"{""name"":""polygon"",""all_points_x"":[329,287,288,331],""all_points_y"":[1877,1899,1901,1880]}",{}
4.png,31850550,{},4404,408,"{""name"":""polygon"",""all_points_x"":[259,235,236,259],""all_points_y"":[1913,1922,1925,1915]}",{}
4.png,31850550,{},4404,409,"{""name"":""polygon"",""all_points_x"":[287,270,263,228,195,199,224,233,262,271,289],""all_points_y"":[1863,1906,1916,1977,2025,2023,1989,1974,1925,1908,1863]}",{}
4.png,31850550,{},4404,410,"{""name"":""polygon"",""all_points_x"":[313,287,289,315],""all_points_y"":[1923,1950,1951,1924]}",{}
4.png,31850550,{},4404,411,"{""name"":""polygon"",""all_points_x"":[336,335,343,376,403,406,381,369,339],""all_points_y"":[1940,1942,1953,1989,2010,2006,1986,1977,1941]}",{}
4.png,31850550,{},4404,412,"{""name"":""polygon"",""all_points_x"":[350,345,347,352],""all_points_y"":[1936,1945,1947,1939]}",{}
4.png,31850550,{},4404,413,"{""name"":""polygon"",""all_points_x"":[339,330,299,248,248,251,285,290,312,334,340],""all_points_y"":[1952,1965,2005,2061,2062,2062,2026,2019,1994,1965,1954]}",{}
4.png,31850550,{},4404,414,"{""name"":""polygon"",""all_points_x"":[293,270,219,182,163,162,206,237,290],""all_points_y"":[1963,1981,2017,2039,2050,2045,2020,1999,1963]}",{}
4.png,31850550,{},4404,415,"{""name"":""polygon"",""all_points_x"":[283,225,225,284],""all_points_y"":[1955,1975,1979,1959]}",{}
4.png,31850550,{},4404,416,"{""name"":""polygon"",""all_points_x"":[269,231,231,246,271],""all_points_y"":[1967,2000,2002,1990,1969]}",{}
4.png,31850550,{},4404,417,"{""name"":""polygon"",""all_points_x"":[225,194,196,224],""all_points_y"":[1975,1985,1988,1979]}",{}
4.png,31850550,{},4404,418,"{""name"":""polygon"",""all_points_x"":[175,161,161,178],""all_points_y"":[1990,1995,1998,1994]}",{}
4.png,31850550,{},4404,419,"{""name"":""polygon"",""all_points_x"":[255,254,291,295,268],""all_points_y"":[2016,2021,2012,2007,2013]}",{}
4.png,31850550,{},4404,420,"{""name"":""polygon"",""all_points_x"":[349,314,304,299,319,347],""all_points_y"":[1989,2003,2006,2010,2005,1993]}",{}
4.png,31850550,{},4404,421,"{""name"":""polygon"",""all_points_x"":[374,368,363,366,371,378],""all_points_y"":[1991,2037,2065,2065,2046,1992]}",{}
4.png,31850550,{},4404,422,"{""name"":""polygon"",""all_points_x"":[376,394,395,376],""all_points_y"":[2027,2015,2018,2031]}",{}
4.png,31850550,{},4404,423,"{""name"":""polygon"",""all_points_x"":[290,252,250,252,289],""all_points_y"":[2019,2035,2039,2040,2026]}",{}
4.png,31850550,{},4404,424,"{""name"":""polygon"",""all_points_x"":[278,273,303,316,316,295],""all_points_y"":[2036,2040,2035,2031,2027,2031]}",{}
4.png,31850550,{},4404,425,"{""name"":""polygon"",""all_points_x"":[205,209,218,220,223,211,208],""all_points_y"":[2028,2035,2060,2060,2059,2032,2026]}",{}
4.png,31850550,{},4404,426,"{""name"":""polygon"",""all_points_x"":[173,175,193,185],""all_points_y"":[2055,2058,2036,2039]}",{}
4.png,31850550,{},4404,427,"{""name"":""polygon"",""all_points_x"":[121,102,88,85,105,121],""all_points_y"":[2018,2036,2047,2045,2029,2016]}",{}
4.png,31850550,{},4404,428,"{""name"":""polygon"",""all_points_x"":[24,24,51,51,31],""all_points_y"":[2008,2012,2011,2007,2009]}",{}
4.png,31850550,{},4404,429,"{""name"":""polygon"",""all_points_x"":[67,67,106,106,73],""all_points_y"":[2007,2010,2010,2007,2007]}",{}
4.png,31850550,{},4404,430,"{""name"":""polygon"",""all_points_x"":[30,31,41,38],""all_points_y"":[1977,1981,1980,1978]}",{}
4.png,31850550,{},4404,431,"{""name"":""polygon"",""all_points_x"":[72,72,96,96],""all_points_y"":[1977,1979,1980,1977]}",{}
4.png,31850550,{},4404,432,"{""name"":""polygon"",""all_points_x"":[93,92,108,126,126,107,101],""all_points_y"":[1504,1508,1514,1519,1515,1511,1508]}",{}
4.png,31850550,{},4404,433,"{""name"":""polygon"",""all_points_x"":[467,445,414,416,448,468],""all_points_y"":[1974,1984,2002,2005,1987,1977]}",{}
4.png,31850550,{},4404,434,"{""name"":""polygon"",""all_points_x"":[292,296,340,344,345,314,303],""all_points_y"":[2021,2016,1998,1995,1998,2013,2016]}",{}
4.png,31850550,{},4404,435,"{""name"":""polygon"",""all_points_x"":[288,304,310,311,291],""all_points_y"":[2026,2021,2019,2017,2022]}",{}
4.png,31850550,{},4404,436,"{""name"":""polygon"",""all_points_x"":[339,328,311,312,321,326,340],""all_points_y"":[2052,2059,2071,2073,2069,2065,2056]}",{}
4.png,31850550,{},4404,437,"{""name"":""polygon"",""all_points_x"":[355,365,365,356],""all_points_y"":[2042,2035,2039,2045]}",{}
4.png,31850550,{},4404,438,"{""name"":""polygon"",""all_points_x"":[390,393,436,474,521,519,457,427],""all_points_y"":[2025,2022,2042,2062,2087,2089,2057,2043]}",{}
4.png,31850550,{},4404,439,"{""name"":""polygon"",""all_points_x"":[443,446,461,474,485,504,543,540,527,508,470,456],""all_points_y"":[2012,2014,2006,2000,1995,1989,1973,1971,1974,1984,1999,2005]}",{}
4.png,31850550,{},4404,440,"{""name"":""polygon"",""all_points_x"":[485,481,497,523,531,550,576,582,582,553,534,524,494],""all_points_y"":[2000,2003,2019,2048,2056,2072,2090,2093,2090,2069,2055,2043,2010]}",{}
4.png,31850550,{},4404,441,"{""name"":""polygon"",""all_points_x"":[433,431,479,458,446],""all_points_y"":[2070,2074,2095,2082,2077]}",{}
4.png,31850550,{},4404,442,"{""name"":""polygon"",""all_points_x"":[368,369,400,420,449,440,416,396,386],""all_points_y"":[2096,2100,2098,2093,2085,2082,2088,2093,2095]}",{}
4.png,31850550,{},4404,443,"{""name"":""polygon"",""all_points_x"":[422,406,393,381,386,410,423],""all_points_y"":[2057,2071,2083,2093,2092,2073,2059]}",{}
4.png,31850550,{},4404,444,"{""name"":""polygon"",""all_points_x"":[420,430,433,422],""all_points_y"":[2043,2069,2069,2043]}",{}
4.png,31850550,{},4404,445,"{""name"":""polygon"",""all_points_x"":[454,452,470,503,506,463],""all_points_y"":[2016,2019,2036,2072,2071,2025]}",{}
4.png,31850550,{},4404,446,"{""name"":""polygon"",""all_points_x"":[476,461,464,483,479],""all_points_y"":[2071,2076,2078,2073,2070]}",{}
4.png,31850550,{},4404,447,"{""name"":""polygon"",""all_points_x"":[434,434,456,470,489,553,565,565,525,505,478],""all_points_y"":[2065,2068,2079,2088,2099,2121,2125,2121,2107,2100,2088]}",{}
4.png,31850550,{},4404,448,"{""name"":""polygon"",""all_points_x"":[566,563,574,584,595,603,608,594,585,568],""all_points_y"":[2008,2009,2028,2049,2070,2084,2084,2057,2043,2009]}",{}
4.png,31850550,{},4404,449,"{""name"":""polygon"",""all_points_x"":[578,529,522,520,525,532,580],""all_points_y"":[2000,2011,2012,2014,2016,2014,2003]}",{}
4.png,31850550,{},4404,450,"{""name"":""polygon"",""all_points_x"":[286,285,316,349,370,371,344,309,301],""all_points_y"":[2093,2097,2116,2132,2141,2138,2127,2108,2104]}",{}
4.png,31850550,{},4404,451,"{""name"":""polygon"",""all_points_x"":[425,422,436,455,456,440,433],""all_points_y"":[2094,2094,2111,2130,2129,2113,2104]}",{}
4.png,31850550,{},4404,452,"{""name"":""polygon"",""all_points_x"":[278,267,251,224,222,225,241,254,272,281],""all_points_y"":[2083,2097,2113,2138,2141,2142,2127,2115,2096,2085]}",{}
4.png,31850550,{},4404,453,"{""name"":""polygon"",""all_points_x"":[222,189,174,157,148,145,142,153,168,194,226],""all_points_y"":[2139,2167,2184,2198,2211,2214,2218,2213,2193,2168,2142]}",{}
4.png,31850550,{},4404,454,"{""name"":""polygon"",""all_points_x"":[207,189,182,174,177,198,208],""all_points_y"":[2058,2099,2116,2132,2131,2090,2058]}",{}
4.png,31850550,{},4404,455,"{""name"":""polygon"",""all_points_x"":[129,121,109,105,76,80,100,115,130,131],""all_points_y"":[2092,2113,2131,2142,2197,2198,2163,2132,2099,2093]}",{}
4.png,31850550,{},4404,456,"{""name"":""polygon"",""all_points_x"":[169,152,141,119,112,118,128,147,171],""all_points_y"":[2133,2168,2191,2242,2254,2259,2230,2186,2135]}",{}
4.png,31850550,{},4404,457,"{""name"":""polygon"",""all_points_x"":[168,145,131,135,154,170],""all_points_y"":[2127,2154,2173,2173,2149,2129]}",{}
4.png,31850550,{},4404,458,"{""name"":""polygon"",""all_points_x"":[265,256,231,210,180,169,123,120,121,168,209,212,268],""all_points_y"":[2172,2180,2198,2213,2236,2244,2267,2269,2272,2248,2219,2215,2175]}",{}
4.png,31850550,{},4404,459,"{""name"":""polygon"",""all_points_x"":[185,184,210,214],""all_points_y"":[2208,2211,2219,2217]}",{}
4.png,31850550,{},4404,460,"{""name"":""polygon"",""all_points_x"":[215,211,232,243,238,226],""all_points_y"":[2216,2220,2225,2227,2223,2221]}",{}
4.png,31850550,{},4404,461,"{""name"":""polygon"",""all_points_x"":[241,226,228,244],""all_points_y"":[2205,2226,2227,2206]}",{}
4.png,31850550,{},4404,462,"{""name"":""polygon"",""all_points_x"":[226,215,208,211,228],""all_points_y"":[2226,2241,2249,2248,2227]}",{}
4.png,31850550,{},4404,463,"{""name"":""polygon"",""all_points_x"":[409,379,359,328,325,328,348,385,405,423,429,445,452,451,434,426,417],""all_points_y"":[2154,2178,2194,2218,2222,2222,2207,2180,2164,2151,2146,2138,2135,2131,2140,2144,2148]}",{}
4.png,31850550,{},4404,464,"{""name"":""polygon"",""all_points_x"":[449,459,468,468,472,468,463,463,452],""all_points_y"":[2147,2180,2202,2209,2207,2189,2174,2166,2146]}",{}
4.png,31850550,{},4404,465,"{""name"":""polygon"",""all_points_x"":[416,426,460,461,445,426,417],""all_points_y"":[2222,2213,2187,2191,2205,2216,2223]}",{}
4.png,31850550,{},4404,466,"{""name"":""polygon"",""all_points_x"":[487,467,469,489],""all_points_y"":[2168,2182,2187,2171]}",{}
4.png,31850550,{},4404,467,"{""name"":""polygon"",""all_points_x"":[465,462,474,481,491,493,475],""all_points_y"":[2135,2138,2150,2157,2164,2160,2143]}",{}
4.png,31850550,{},4404,468,"{""name"":""polygon"",""all_points_x"":[487,485,495,497],""all_points_y"":[2144,2147,2160,2159]}",{}
4.png,31850550,{},4404,469,"{""name"":""polygon"",""all_points_x"":[126,93,82,80,81,127],""all_points_y"":[2197,2222,2229,2232,2232,2200]}",{}
4.png,31850550,{},4404,470,"{""name"":""polygon"",""all_points_x"":[72,42,44,76],""all_points_y"":[2237,2256,2258,2237]}",{}
4.png,31850550,{},4404,471,"{""name"":""polygon"",""all_points_x"":[69,69,109,108],""all_points_y"":[2086,2090,2077,2073]}",{}
4.png,31850550,{},4404,472,"{""name"":""polygon"",""all_points_x"":[209,208,239,236],""all_points_y"":[2103,2107,2106,2103]}",{}
4.png,31850550,{},4404,473,"{""name"":""polygon"",""all_points_x"":[473,473,487,512,526,533,555,557,557,542,527,507,482],""all_points_y"":[2053,2055,2066,2083,2091,2096,2104,2104,2101,2096,2088,2075,2058]}",{}
4.png,31850550,{},4404,474,"{""name"":""polygon"",""all_points_x"":[535,537,553,575,582,580,567,560,548],""all_points_y"":[2052,2055,2054,2050,2049,2046,2049,2051,2052]}",{}
4.png,31850550,{},4404,475,"{""name"":""polygon"",""all_points_x"":[443,416,386,369,360,362,403,430,445],""all_points_y"":[2243,2253,2262,2268,2272,2272,2259,2252,2247]}",{}
4.png,31850550,{},4404,476,"{""name"":""polygon"",""all_points_x"":[370,354,328,288,263,263,310,331,371],""all_points_y"":[2232,2241,2253,2269,2280,2283,2263,2254,2235]}",{}
4.png,31850550,{},4404,477,"{""name"":""polygon"",""all_points_x"":[308,300,276,272,303],""all_points_y"":[2267,2274,2295,2293,2267]}",{}
4.png,31850550,{},4404,478,"{""name"":""polygon"",""all_points_x"":[244,210,210,242],""all_points_y"":[2248,2260,2256,2246]}",{}
4.png,31850550,{},4404,479,"{""name"":""polygon"",""all_points_x"":[198,188,152,119,128,169,201],""all_points_y"":[2261,2266,2282,2299,2299,2276,2263]}",{}
4.png,31850550,{},4404,480,"{""name"":""polygon"",""all_points_x"":[125,124,121,122],""all_points_y"":[2250,2265,2267,2251]}",{}
4.png,31850550,{},4404,481,"{""name"":""polygon"",""all_points_x"":[122,118,123,125],""all_points_y"":[2275,2296,2293,2272]}",{}
4.png,31850550,{},4404,482,"{""name"":""polygon"",""all_points_x"":[39,8,0,1,14,41],""all_points_y"":[2243,2277,2290,2293,2275,2246]}",{}
4.png,31850550,{},4404,483,"{""name"":""polygon"",""all_points_x"":[42,30,20,7,0,5,8,17,44],""all_points_y"":[2213,2227,2245,2266,2279,2281,2269,2257,2213]}",{}
4.png,31850550,{},4404,484,"{""name"":""polygon"",""all_points_x"":[86,83,120,121],""all_points_y"":[2238,2236,2206,2207]}",{}
4.png,31850550,{},4404,485,"{""name"":""polygon"",""all_points_x"":[21,19,30,42,66,69,45,31],""all_points_y"":[2047,2051,2060,2072,2086,2083,2071,2056]}",{}
4.png,31850550,{},4404,486,"{""name"":""polygon"",""all_points_x"":[87,89,110,119,117,103],""all_points_y"":[2023,2026,2017,2015,2013,2017]}",{}
4.png,31850550,{},4404,487,"{""name"":""polygon"",""all_points_x"":[471,433,389,376,378,404,443,471],""all_points_y"":[2264,2277,2291,2296,2298,2289,2277,2267]}",{}
4.png,31850550,{},4404,488,"{""name"":""polygon"",""all_points_x"":[243,215,216,245],""all_points_y"":[2270,2279,2282,2272]}",{}
4.png,31850550,{},4404,489,"{""name"":""polygon"",""all_points_x"":[174,132,138,176],""all_points_y"":[2286,2302,2302,2288]}",{}
4.png,31850550,{},4404,490,"{""name"":""polygon"",""all_points_x"":[277,276,304,333,333,296],""all_points_y"":[2297,2296,2289,2281,2284,2293]}",{}
4.png,31850550,{},4404,491,"{""name"":""polygon"",""all_points_x"":[676,628,629,679],""all_points_y"":[2165,2188,2190,2168]}",{}
4.png,31850550,{},4404,492,"{""name"":""polygon"",""all_points_x"":[660,667,688,688],""all_points_y"":[2180,2175,2167,2170]}",{}
4.png,31850550,{},4404,493,"{""name"":""polygon"",""all_points_x"":[693,686,655,610,615,645,672,695],""all_points_y"":[2171,2175,2206,2249,2252,2220,2194,2174]}",{}
4.png,31850550,{},4404,494,"{""name"":""polygon"",""all_points_x"":[652,639,630,610,612,631,645,655],""all_points_y"":[2201,2207,2212,2223,2226,2215,2209,2201]}",{}
4.png,31850550,{},4404,495,"{""name"":""polygon"",""all_points_x"":[683,681,712,714],""all_points_y"":[2208,2211,2218,2215]}",{}
4.png,31850550,{},4404,496,"{""name"":""polygon"",""all_points_x"":[779,771,754,746,737,722,702,706,726,747,754,778],""all_points_y"":[2163,2166,2174,2175,2182,2192,2207,2209,2194,2179,2178,2166]}",{}
4.png,31850550,{},4404,497,"{""name"":""polygon"",""all_points_x"":[558,525,526,556],""all_points_y"":[2244,2253,2257,2246]}",{}
4.png,31850550,{},4404,498,"{""name"":""polygon"",""all_points_x"":[594,572,575,596],""all_points_y"":[2199,2223,2224,2200]}",{}
4.png,31850550,{},4404,499,"{""name"":""polygon"",""all_points_x"":[494,465,468,495],""all_points_y"":[2269,2292,2293,2272]}",{}
4.png,31850550,{},4404,500,"{""name"":""polygon"",""all_points_x"":[472,444,449,473],""all_points_y"":[2280,2303,2302,2283]}",{}
4.png,31850550,{},4404,501,"{""name"":""polygon"",""all_points_x"":[479,482,532,532,491],""all_points_y"":[2293,2289,2289,2293,2295]}",{}
4.png,31850550,{},4404,502,"{""name"":""polygon"",""all_points_x"":[661,610,613,645,664],""all_points_y"":[2275,2296,2298,2284,2278]}",{}
4.png,31850550,{},4404,503,"{""name"":""polygon"",""all_points_x"":[662,658,668,696,702,677,671],""all_points_y"":[2269,2271,2280,2303,2303,2284,2277]}",{}
4.png,31850550,{},4404,504,"{""name"":""polygon"",""all_points_x"":[693,662,663,694],""all_points_y"":[2265,2275,2279,2266]}",{}
4.png,31850550,{},4404,505,"{""name"":""polygon"",""all_points_x"":[673,664,667,678],""all_points_y"":[2287,2295,2298,2290]}",{}
4.png,31850550,{},4404,506,"{""name"":""polygon"",""all_points_x"":[577,558,537,537,558,576],""all_points_y"":[2147,2152,2154,2156,2155,2150]}",{}
4.png,31850550,{},4404,507,"{""name"":""polygon"",""all_points_x"":[604,605,614,625,640,638,629,620],""all_points_y"":[2175,2177,2175,2169,2156,2156,2162,2168]}",{}
4.png,31850550,{},4404,508,"{""name"":""polygon"",""all_points_x"":[805,775,753,733,704,706,732,753,808],""all_points_y"":[2163,2192,2215,2232,2258,2261,2241,2220,2165]}",{}
4.png,31850550,{},4404,509,"{""name"":""polygon"",""all_points_x"":[757,755,780,800,865,865,827,782],""all_points_y"":[2223,2227,2230,2234,2245,2243,2237,2228]}",{}
4.png,31850550,{},4404,510,"{""name"":""polygon"",""all_points_x"":[700,673,678,702],""all_points_y"":[2262,2288,2289,2267]}",{}
4.png,31850550,{},4404,511,"{""name"":""polygon"",""all_points_x"":[692,706,718,719,708,693],""all_points_y"":[2243,2273,2299,2298,2269,2240]}",{}
4.png,31850550,{},4404,512,"{""name"":""polygon"",""all_points_x"":[828,829,863,862],""all_points_y"":[2199,2202,2194,2192]}",{}
4.png,31850550,{},4404,513,"{""name"":""polygon"",""all_points_x"":[881,883,926,931,928,910],""all_points_y"":[2186,2189,2176,2174,2172,2179]}",{}
4.png,31850550,{},4404,514,"{""name"":""polygon"",""all_points_x"":[958,946,930,931,961],""all_points_y"":[2202,2207,2212,2214,2204]}",{}
4.png,31850550,{},4404,515,"{""name"":""polygon"",""all_points_x"":[861,863,893,930,928,905,890],""all_points_y"":[2135,2138,2130,2120,2116,2123,2128]}",{}
4.png,31850550,{},4404,516,"{""name"":""polygon"",""all_points_x"":[852,842,825,808,810,840,854],""all_points_y"":[2084,2094,2104,2114,2116,2098,2086]}",{}
4.png,31850550,{},4404,517,"{""name"":""polygon"",""all_points_x"":[757,735,700,704,741,758],""all_points_y"":[2023,2047,2086,2086,2046,2024]}",{}
4.png,31850550,{},4404,518,"{""name"":""polygon"",""all_points_x"":[705,689,665,636,623,624,647,666,707],""all_points_y"":[2012,2023,2037,2050,2057,2059,2049,2039,2016]}",{}
4.png,31850550,{},4404,519,"{""name"":""polygon"",""all_points_x"":[710,684,667,641,642,675,711],""all_points_y"":[2034,2051,2060,2072,2074,2058,2037]}",{}
4.png,31850550,{},4404,520,"{""name"":""polygon"",""all_points_x"":[704,676,661,672,707],""all_points_y"":[2023,2044,2057,2053,2025]}",{}
4.png,31850550,{},4404,521,"{""name"":""polygon"",""all_points_x"":[646,646,660,699,698,690],""all_points_y"":[1976,1981,1984,1990,1987,1984]}",{}
4.png,31850550,{},4404,522,"{""name"":""polygon"",""all_points_x"":[600,602,584,568,548,525,529,544,552,588],""all_points_y"":[1969,1973,1979,1981,1984,1984,1981,1979,1979,1975]}",{}
4.png,31850550,{},4404,523,"{""name"":""polygon"",""all_points_x"":[497,499,518,539,553,561,571,581,581,569,559,542,535,518],""all_points_y"":[1974,1977,1972,1966,1961,1960,1957,1954,1951,1954,1958,1961,1964,1968]}",{}
4.png,31850550,{},4404,524,"{""name"":""polygon"",""all_points_x"":[530,531,542,565,585,603,622,644,655,653,647,638,614,593,575,551],""all_points_y"":[1947,1951,1948,1942,1936,1929,1919,1906,1896,1894,1899,1907,1920,1929,1937,1943]}",{}
4.png,31850550,{},4404,525,"{""name"":""polygon"",""all_points_x"":[631,629,643,664,695,695,671,636],""all_points_y"":[1876,1878,1887,1901,1923,1919,1903,1879]}",{}
4.png,31850550,{},4404,526,"{""name"":""polygon"",""all_points_x"":[690,692,709,734,746,742,732,714,704],""all_points_y"":[1934,1936,1934,1929,1922,1921,1926,1929,1932]}",{}
4.png,31850550,{},4404,527,"{""name"":""polygon"",""all_points_x"":[684,692,717,734,739,737,727,702],""all_points_y"":[1943,1937,1934,1932,1934,1936,1935,1939]}",{}
4.png,31850550,{},4404,528,"{""name"":""polygon"",""all_points_x"":[721,719,741,766,798,828,830,799,753],""all_points_y"":[1907,1909,1920,1930,1945,1959,1956,1942,1921]}",{}
4.png,31850550,{},4404,529,"{""name"":""polygon"",""all_points_x"":[694,694,714,726,722],""all_points_y"":[1904,1907,1905,1904,1902]}",{}
4.png,31850550,{},4404,530,"{""name"":""polygon"",""all_points_x"":[704,703,737,742,719],""all_points_y"":[1896,1899,1905,1902,1899]}",{}
4.png,31850550,{},4404,531,"{""name"":""polygon"",""all_points_x"":[674,676,665,652,635,630,614,614,629,653,671],""all_points_y"":[2007,2010,2018,2028,2037,2041,2045,2043,2038,2024,2009]}",{}
4.png,31850550,{},4404,532,"{""name"":""polygon"",""all_points_x"":[638,626,610,589,588,607,612,636],""all_points_y"":[2024,2033,2042,2046,2043,2037,2037,2023]}",{}
4.png,31850550,{},4404,533,"{""name"":""polygon"",""all_points_x"":[622,621,634,644,647,652,660,664,683,686,665,650,644],""all_points_y"":[2107,2106,2096,2087,2085,2081,2075,2069,2055,2054,2073,2086,2090]}",{}
4.png,31850550,{},4404,534,"{""name"":""polygon"",""all_points_x"":[728,729,765,759],""all_points_y"":[2098,2095,2093,2097]}",{}
4.png,31850550,{},4404,535,"{""name"":""polygon"",""all_points_x"":[1019,1004,984,977,980,1001,1010,1022],""all_points_y"":[2173,2182,2191,2194,2196,2187,2182,2174]}",{}
4.png,31850550,{},4404,536,"{""name"":""polygon"",""all_points_x"":[1042,1030,1014,1002,1002,1004,1009,1022,1043],""all_points_y"":[2212,2222,2237,2251,2255,2253,2246,2234,2214]}",{}
4.png,31850550,{},4404,537,"{""name"":""polygon"",""all_points_x"":[991,992,1005,1024,1045,1045,1020],""all_points_y"":[2268,2271,2268,2261,2258,2255,2260]}",{}
4.png,31850550,{},4404,538,"{""name"":""polygon"",""all_points_x"":[996,996,1008,1028,1042,1040,1020,1011],""all_points_y"":[2275,2278,2276,2276,2276,2273,2272,2274]}",{}
4.png,31850550,{},4404,539,"{""name"":""polygon"",""all_points_x"":[882,891,893,892,883],""all_points_y"":[2257,2280,2281,2276,2254]}",{}
4.png,31850550,{},4404,540,"{""name"":""polygon"",""all_points_x"":[913,896,882,883,911],""all_points_y"":[2000,2012,2019,2014,1998]}",{}
4.png,31850550,{},4404,541,"{""name"":""polygon"",""all_points_x"":[755,718,719,753],""all_points_y"":[2073,2085,2088,2078]}",{}
4.png,31850550,{},4404,542,"{""name"":""polygon"",""all_points_x"":[611,558,566,615],""all_points_y"":[2249,2302,2302,2251]}",{}
4.png,31850550,{},4404,543,"{""name"":""polygon"",""all_points_x"":[500,526,530,501],""all_points_y"":[2167,2196,2194,2163]}",{}
4.png,31850550,{},4404,544,"{""name"":""polygon"",""all_points_x"":[947,946,991,990],""all_points_y"":[2048,2052,2043,2040]}",{}
4.png,31850550,{},4404,545,"{""name"":""polygon"",""all_points_x"":[999,995,1019,1056,1078,1076,1027,1012],""all_points_y"":[2042,2045,2049,2057,2062,2059,2047,2043]}",{}
4.png,31850550,{},4404,546,"{""name"":""polygon"",""all_points_x"":[1016,1030,1034,1020],""all_points_y"":[2071,2100,2102,2071]}",{}
4.png,31850550,{},4404,547,"{""name"":""polygon"",""all_points_x"":[1026,1028,1052,1092,1089,1043,1031],""all_points_y"":[2066,2070,2077,2087,2082,2071,2067]}",{}
4.png,31850550,{},4404,548,"{""name"":""polygon"",""all_points_x"":[1099,1100,1155,1180,1180,1147,1110],""all_points_y"":[2085,2088,2102,2107,2105,2097,2088]}",{}
4.png,31850550,{},4404,549,"{""name"":""polygon"",""all_points_x"":[1066,1079,1088,1094,1105,1106,1097,1081,1077,1069],""all_points_y"":[2042,2062,2077,2087,2108,2104,2083,2059,2049,2040]}",{}
4.png,31850550,{},4404,550,"{""name"":""polygon"",""all_points_x"":[910,888,891,909],""all_points_y"":[2201,2213,2216,2206]}",{}
4.png,31850550,{},4404,551,"{""name"":""polygon"",""all_points_x"":[878,849,824,828,863,880],""all_points_y"":[2095,2124,2147,2146,2116,2095]}",{}
4.png,31850550,{},4404,552,"{""name"":""polygon"",""all_points_x"":[857,856,900,986,987,914,894],""all_points_y"":[1993,1995,1994,1989,1988,1990,1991]}",{}
4.png,31850550,{},4404,553,"{""name"":""polygon"",""all_points_x"":[845,847,891,991,992,913],""all_points_y"":[1988,1993,1989,1981,1978,1984]}",{}
4.png,31850550,{},4404,554,"{""name"":""polygon"",""all_points_x"":[980,983,1007,1004],""all_points_y"":[2002,2003,1962,1958]}",{}
4.png,31850550,{},4404,555,"{""name"":""polygon"",""all_points_x"":[1041,1040,1028,995,993,1007,1028],""all_points_y"":[1993,1996,1981,1947,1942,1954,1977]}",{}
4.png,31850550,{},4404,556,"{""name"":""polygon"",""all_points_x"":[1016,1016,1071,1145,1149,1147,1098,1060],""all_points_y"":[2031,2036,2024,2003,2002,1999,2013,2022]}",{}
4.png,31850550,{},4404,557,"{""name"":""polygon"",""all_points_x"":[1086,1087,1104,1132,1148,1265,1291,1291,1258,1221,1174,1133,1099],""all_points_y"":[2060,2064,2067,2074,2078,2112,2124,2120,2107,2096,2081,2071,2063]}",{}
4.png,31850550,{},4404,558,"{""name"":""polygon"",""all_points_x"":[1189,1192,1207,1272,1270,1235,1212],""all_points_y"":[2033,2036,2032,2010,2007,2019,2028]}",{}
4.png,31850550,{},4404,559,"{""name"":""polygon"",""all_points_x"":[1350,1300,1290,1291,1319,1352],""all_points_y"":[2012,2044,2051,2053,2035,2014]}",{}
4.png,31850550,{},4404,560,"{""name"":""polygon"",""all_points_x"":[1384,1361,1345,1347,1369,1385],""all_points_y"":[2017,2033,2043,2045,2031,2019]}",{}
4.png,31850550,{},4404,561,"{""name"":""polygon"",""all_points_x"":[1111,1093,1077,1058,1055,1057,1080,1094,1113],""all_points_y"":[1799,1820,1839,1866,1877,1878,1843,1825,1802]}",{}
4.png,31850550,{},4404,562,"{""name"":""polygon"",""all_points_x"":[1316,1295,1275,1241,1246,1281,1302,1319],""all_points_y"":[1895,1914,1932,1961,1962,1932,1913,1897]}",{}
4.png,31850550,{},4404,563,"{""name"":""polygon"",""all_points_x"":[1337,1306,1306,1341],""all_points_y"":[1915,1927,1931,1917]}",{}
4.png,31850550,{},4404,564,"{""name"":""polygon"",""all_points_x"":[1356,1328,1324,1323,1346,1357],""all_points_y"":[1923,1938,1939,1942,1932,1926]}",{}
4.png,31850550,{},4404,565,"{""name"":""polygon"",""all_points_x"":[1219,1218,1198,1202,1222],""all_points_y"":[1980,1980,1997,1997,1981]}",{}
4.png,31850550,{},4404,566,"{""name"":""polygon"",""all_points_x"":[1185,1169,1172,1188],""all_points_y"":[2005,2016,2019,2007]}",{}
4.png,31850550,{},4404,567,"{""name"":""polygon"",""all_points_x"":[1163,1152,1154,1165],""all_points_y"":[2020,2027,2029,2021]}",{}
4.png,31850550,{},4404,568,"{""name"":""polygon"",""all_points_x"":[1156,1153,1167,1170,1172,1167,1158],""all_points_y"":[1998,2002,2023,2023,2023,2016,2004]}",{}
4.png,31850550,{},4404,569,"{""name"":""polygon"",""all_points_x"":[1235,1236,1268,1298,1294,1268],""all_points_y"":[1974,1976,1970,1965,1961,1968]}",{}
4.png,31850550,{},4404,570,"{""name"":""polygon"",""all_points_x"":[1239,1233,1251,1280,1285,1255],""all_points_y"":[2038,2041,2059,2086,2082,2054]}",{}
4.png,31850550,{},4404,571,"{""name"":""polygon"",""all_points_x"":[1236,1235,1248,1269,1271,1272,1251,1237],""all_points_y"":[2053,2055,2069,2088,2090,2086,2067,2053]}",{}
4.png,31850550,{},4404,572,"{""name"":""polygon"",""all_points_x"":[1008,1007,1031,1069,1069,1043],""all_points_y"":[2104,2108,2112,2121,2118,2112]}",{}
4.png,31850550,{},4404,573,"{""name"":""polygon"",""all_points_x"":[1085,1084,1144,1150,1153,1137,1099],""all_points_y"":[2177,2182,2202,2205,2201,2195,2183]}",{}
4.png,31850550,{},4404,574,"{""name"":""polygon"",""all_points_x"":[1072,1087,1103,1108,1090,1076],""all_points_y"":[2186,2215,2242,2239,2211,2184]}",{}
4.png,31850550,{},4404,575,"{""name"":""polygon"",""all_points_x"":[1082,1083,1108,1104],""all_points_y"":[2191,2194,2194,2191]}",{}
4.png,31850550,{},4404,576,"{""name"":""polygon"",""all_points_x"":[1171,1173,1207,1205],""all_points_y"":[2142,2148,2144,2140]}",{}
4.png,31850550,{},4404,577,"{""name"":""polygon"",""all_points_x"":[1172,1173,1260,1262,1210,1198],""all_points_y"":[2127,2131,2144,2141,2133,2133]}",{}
4.png,31850550,{},4404,578,"{""name"":""polygon"",""all_points_x"":[1365,1325,1297,1279,1281,1327,1346,1368],""all_points_y"":[2183,2204,2220,2234,2236,2211,2201,2185]}",{}
4.png,31850550,{},4404,579,"{""name"":""polygon"",""all_points_x"":[1320,1303,1299,1317],""all_points_y"":[2172,2192,2191,2173]}",{}
4.png,31850550,{},4404,580,"{""name"":""polygon"",""all_points_x"":[1371,1333,1310,1288,1290,1322,1341,1370],""all_points_y"":[2197,2220,2233,2247,2248,2229,2219,2200]}",{}
4.png,31850550,{},4404,581,"{""name"":""polygon"",""all_points_x"":[1363,1330,1312,1303,1365],""all_points_y"":[2220,2230,2235,2241,2221]}",{}
4.png,31850550,{},4404,582,"{""name"":""polygon"",""all_points_x"":[1370,1336,1331,1363],""all_points_y"":[2224,2244,2243,2225]}",{}
4.png,31850550,{},4404,583,"{""name"":""polygon"",""all_points_x"":[1263,1263,1304,1331,1331,1304,1283],""all_points_y"":[2280,2282,2281,2280,2277,2278,2279]}",{}
4.png,31850550,{},4404,584,"{""name"":""polygon"",""all_points_x"":[1237,1274,1279,1283,1238],""all_points_y"":[2231,2272,2277,2277,2227]}",{}
4.png,31850550,{},4404,585,"{""name"":""polygon"",""all_points_x"":[1052,1007,1010,1055],""all_points_y"":[1879,1952,1955,1880]}",{}
4.png,31850550,{},4404,586,"{""name"":""polygon"",""all_points_x"":[1019,1019,1018,1065,1065],""all_points_y"":[1945,1946,1949,1948,1943]}",{}
4.png,31850550,{},4404,587,"{""name"":""polygon"",""all_points_x"":[1064,1037,1044,1066],""all_points_y"":[1927,1940,1942,1930]}",{}
4.png,31850550,{},4404,588,"{""name"":""polygon"",""all_points_x"":[1063,1065,1144,1216,1217,1167,1121],""all_points_y"":[1943,1948,1942,1937,1934,1937,1940]}",{}
4.png,31850550,{},4404,589,"{""name"":""polygon"",""all_points_x"":[1085,1086,1098,1123,1147,1188,1195,1191,1154,1128],""all_points_y"":[1922,1925,1917,1899,1877,1838,1832,1830,1864,1889]}",{}
4.png,31850550,{},4404,590,"{""name"":""polygon"",""all_points_x"":[1156,1154,1180,1184,1175],""all_points_y"":[1804,1806,1837,1836,1826]}",{}
4.png,31850550,{},4404,591,"{""name"":""polygon"",""all_points_x"":[1031,1035,1050,1053,1043,1032],""all_points_y"":[1809,1824,1869,1868,1838,1807]}",{}
4.png,31850550,{},4404,592,"{""name"":""polygon"",""all_points_x"":[987,988,1040,1040],""all_points_y"":[1857,1860,1846,1842]}",{}
4.png,31850550,{},4404,593,"{""name"":""polygon"",""all_points_x"":[938,957,992,1004,1009,986,965,941],""all_points_y"":[1887,1863,1810,1797,1796,1825,1856,1887]}",{}
4.png,31850550,{},4404,594,"{""name"":""polygon"",""all_points_x"":[945,945,965,980,1007,1045,1064,1062,1028,1009,987],""all_points_y"":[1794,1798,1797,1798,1796,1792,1790,1785,1790,1793,1793]}",{}
4.png,31850550,{},4404,595,"{""name"":""polygon"",""all_points_x"":[1021,1006,1010,1024],""all_points_y"":[1766,1793,1794,1766]}",{}
4.png,31850550,{},4404,596,"{""name"":""polygon"",""all_points_x"":[1048,1047,1072,1079,1080,1062],""all_points_y"":[1771,1774,1781,1782,1780,1775]}",{}
4.png,31850550,{},4404,597,"{""name"":""polygon"",""all_points_x"":[1087,1086,1104,1122,1121,1096],""all_points_y"":[1780,1783,1785,1789,1785,1782]}",{}
4.png,31850550,{},4404,598,"{""name"":""polygon"",""all_points_x"":[1096,1100,1110,1123,1122,1105],""all_points_y"":[1787,1787,1793,1801,1803,1794]}",{}
4.png,31850550,{},4404,599,"{""name"":""polygon"",""all_points_x"":[1200,1167,1168,1203],""all_points_y"":[1776,1785,1789,1778]}",{}
4.png,31850550,{},4404,600,"{""name"":""polygon"",""all_points_x"":[1200,1202,1234,1234],""all_points_y"":[1776,1779,1773,1771]}",{}
4.png,31850550,{},4404,601,"{""name"":""polygon"",""all_points_x"":[1235,1234,1248,1247],""all_points_y"":[1771,1773,1771,1768]}",{}
4.png,31850550,{},4404,602,"{""name"":""polygon"",""all_points_x"":[1168,1129,1133,1168],""all_points_y"":[1785,1802,1806,1789]}",{}
4.png,31850550,{},4404,603,"{""name"":""polygon"",""all_points_x"":[1130,1138,1149,1151,1140,1138,1135],""all_points_y"":[1806,1817,1830,1828,1813,1809,1806]}",{}
4.png,31850550,{},4404,604,"{""name"":""polygon"",""all_points_x"":[1149,1164,1167,1151],""all_points_y"":[1830,1853,1852,1828]}",{}
4.png,31850550,{},4404,605,"{""name"":""polygon"",""all_points_x"":[1194,1196,1260,1258,1228],""all_points_y"":[1828,1829,1770,1768,1795]}",{}
4.png,31850550,{},4404,606,"{""name"":""polygon"",""all_points_x"":[1191,1196,1226,1246,1246,1216,1203],""all_points_y"":[1838,1834,1826,1821,1824,1832,1835]}",{}
4.png,31850550,{},4404,607,"{""name"":""polygon"",""all_points_x"":[1257,1257,1283,1281],""all_points_y"":[1819,1821,1817,1816]}",{}
4.png,31850550,{},4404,608,"{""name"":""polygon"",""all_points_x"":[1227,1226,1244,1294,1355,1355,1296,1264],""all_points_y"":[1809,1813,1813,1816,1818,1815,1813,1812]}",{}
4.png,31850550,{},4404,609,"{""name"":""polygon"",""all_points_x"":[1307,1304,1320,1361,1364,1326],""all_points_y"":[1777,1780,1787,1805,1801,1786]}",{}
4.png,31850550,{},4404,610,"{""name"":""polygon"",""all_points_x"":[1222,1225,1245,1243],""all_points_y"":[1861,1865,1863,1859]}",{}
4.png,31850550,{},4404,611,"{""name"":""polygon"",""all_points_x"":[1250,1252,1296,1291],""all_points_y"":[1859,1863,1861,1856]}",{}
4.png,31850550,{},4404,612,"{""name"":""polygon"",""all_points_x"":[1265,1267,1308,1370,1397,1433,1432,1385,1356,1295,1273],""all_points_y"":[1842,1846,1845,1844,1844,1845,1842,1841,1840,1842,1842]}",{}
4.png,31850550,{},4404,613,"{""name"":""polygon"",""all_points_x"":[1269,1268,1273,1276,1324,1322,1291,1281],""all_points_y"":[1827,1832,1832,1833,1831,1826,1827,1828]}",{}
4.png,31850550,{},4404,614,"{""name"":""polygon"",""all_points_x"":[1340,1341,1364,1362],""all_points_y"":[1825,1830,1828,1824]}",{}
4.png,31850550,{},4404,615,"{""name"":""polygon"",""all_points_x"":[1369,1366,1383,1417,1420,1416,1399],""all_points_y"":[1802,1806,1813,1823,1823,1818,1814]}",{}
4.png,31850550,{},4404,616,"{""name"":""polygon"",""all_points_x"":[1367,1385,1408,1418,1429,1432,1419,1388,1372],""all_points_y"":[1766,1783,1807,1818,1832,1832,1815,1781,1765]}",{}
4.png,31850550,{},4404,617,"{""name"":""polygon"",""all_points_x"":[1435,1435,1442,1442],""all_points_y"":[1822,1827,1829,1825]}",{}
4.png,31850550,{},4404,618,"{""name"":""polygon"",""all_points_x"":[1455,1454,1475,1475],""all_points_y"":[1828,1831,1836,1832]}",{}
4.png,31850550,{},4404,619,"{""name"":""polygon"",""all_points_x"":[1368,1339,1344,1373],""all_points_y"":[1771,1790,1791,1773]}",{}
4.png,31850550,{},4404,620,"{""name"":""polygon"",""all_points_x"":[1390,1376,1378,1393],""all_points_y"":[1757,1767,1769,1757]}",{}
4.png,31850550,{},4404,621,"{""name"":""polygon"",""all_points_x"":[1334,1335,1364,1391,1390,1356],""all_points_y"":[1768,1771,1763,1755,1752,1762]}",{}
4.png,31850550,{},4404,622,"{""name"":""polygon"",""all_points_x"":[1396,1398,1430,1466,1512,1509,1484,1454],""all_points_y"":[1751,1753,1743,1729,1711,1709,1720,1730]}",{}
4.png,31850550,{},4404,623,"{""name"":""polygon"",""all_points_x"":[1468,1414,1405,1468],""all_points_y"":[1708,1743,1745,1706]}",{}
4.png,31850550,{},4404,624,"{""name"":""polygon"",""all_points_x"":[1366,1350,1352,1369],""all_points_y"":[1739,1744,1747,1741]}",{}
4.png,31850550,{},4404,625,"{""name"":""polygon"",""all_points_x"":[1378,1373,1375,1381],""all_points_y"":[1734,1737,1739,1737]}",{}
4.png,31850550,{},4404,626,"{""name"":""polygon"",""all_points_x"":[1386,1386,1406,1425,1453,1504,1501,1477,1468,1412,1397],""all_points_y"":[1732,1736,1729,1720,1709,1688,1686,1696,1701,1720,1728]}",{}
4.png,31850550,{},4404,627,"{""name"":""polygon"",""all_points_x"":[1406,1370,1371,1407],""all_points_y"":[1717,1728,1731,1719]}",{}
4.png,31850550,{},4404,628,"{""name"":""polygon"",""all_points_x"":[1359,1303,1305,1358],""all_points_y"":[1736,1757,1752,1734]}",{}
4.png,31850550,{},4404,629,"{""name"":""polygon"",""all_points_x"":[1243,1241,1270,1350,1350,1323,1272],""all_points_y"":[1648,1652,1670,1724,1720,1699,1665]}",{}
4.png,31850550,{},4404,630,"{""name"":""polygon"",""all_points_x"":[1368,1368,1407,1406],""all_points_y"":[1643,1646,1637,1634]}",{}
4.png,31850550,{},4404,631,"{""name"":""polygon"",""all_points_x"":[1401,1423,1437,1439,1424,1403],""all_points_y"":[1627,1649,1658,1656,1645,1625]}",{}
4.png,31850550,{},4404,632,"{""name"":""polygon"",""all_points_x"":[1464,1518,1519,1463],""all_points_y"":[1652,1693,1690,1649]}",{}
4.png,31850550,{},4404,633,"{""name"":""polygon"",""all_points_x"":[1558,1523,1477,1481,1562],""all_points_y"":[1647,1653,1657,1660,1650]}",{}
4.png,31850550,{},4404,634,"{""name"":""polygon"",""all_points_x"":[1518,1495,1490,1514],""all_points_y"":[1658,1668,1667,1657]}",{}
4.png,31850550,{},4404,635,"{""name"":""polygon"",""all_points_x"":[1482,1473,1474,1487],""all_points_y"":[1670,1672,1675,1671]}",{}
4.png,31850550,{},4404,636,"{""name"":""polygon"",""all_points_x"":[1678,1675,1761,1787,1787,1739,1692],""all_points_y"":[1651,1655,1669,1674,1671,1662,1653]}",{}
4.png,31850550,{},4404,637,"{""name"":""polygon"",""all_points_x"":[1692,1667,1673,1696],""all_points_y"":[1664,1680,1681,1664]}",{}
4.png,31850550,{},4404,638,"{""name"":""polygon"",""all_points_x"":[1676,1676,1659,1629,1584,1565,1564,1592,1633,1674],""all_points_y"":[1661,1661,1672,1691,1719,1730,1726,1709,1683,1660]}",{}
4.png,31850550,{},4404,639,"{""name"":""polygon"",""all_points_x"":[1544,1544,1574,1616,1636,1637,1596,1570,1559],""all_points_y"":[1699,1703,1695,1685,1680,1676,1685,1693,1696]}",{}
4.png,31850550,{},4404,640,"{""name"":""polygon"",""all_points_x"":[1537,1538,1578,1622,1622,1590,1576,1567],""all_points_y"":[1626,1628,1636,1643,1640,1634,1629,1629]}",{}
4.png,31850550,{},4404,641,"{""name"":""polygon"",""all_points_x"":[1539,1535,1556,1622,1612,1571],""all_points_y"":[1615,1620,1620,1621,1616,1616]}",{}
4.png,31850550,{},4404,642,"{""name"":""polygon"",""all_points_x"":[1580,1578,1590,1617,1622,1598],""all_points_y"":[1595,1597,1605,1616,1614,1603]}",{}
4.png,31850550,{},4404,643,"{""name"":""polygon"",""all_points_x"":[1692,1691,1714,1713],""all_points_y"":[1638,1642,1648,1645]}",{}
4.png,31850550,{},4404,644,"{""name"":""polygon"",""all_points_x"":[1722,1721,1748,1749],""all_points_y"":[1652,1654,1662,1660]}",{}
4.png,31850550,{},4404,645,"{""name"":""polygon"",""all_points_x"":[1490,1480,1475,1489],""all_points_y"":[1724,1733,1730,1722]}",{}
4.png,31850550,{},4404,646,"{""name"":""polygon"",""all_points_x"":[1469,1429,1432,1474],""all_points_y"":[1735,1761,1763,1736]}",{}
4.png,31850550,{},4404,647,"{""name"":""polygon"",""all_points_x"":[1493,1492,1518,1519],""all_points_y"":[1737,1738,1747,1745]}",{}
4.png,31850550,{},4404,648,"{""name"":""polygon"",""all_points_x"":[1526,1493,1494,1530],""all_points_y"":[1748,1755,1759,1752]}",{}
4.png,31850550,{},4404,649,"{""name"":""polygon"",""all_points_x"":[1493,1467,1467,1494],""all_points_y"":[1755,1760,1764,1759]}",{}
4.png,31850550,{},4404,650,"{""name"":""polygon"",""all_points_x"":[1581,1556,1547,1549,1560,1582],""all_points_y"":[1733,1741,1742,1745,1742,1737]}",{}
4.png,31850550,{},4404,651,"{""name"":""polygon"",""all_points_x"":[1554,1502,1471,1473,1558],""all_points_y"":[1759,1776,1783,1788,1761]}",{}
4.png,31850550,{},4404,652,"{""name"":""polygon"",""all_points_x"":[1463,1444,1447,1466],""all_points_y"":[1787,1793,1795,1790]}",{}
4.png,31850550,{},4404,653,"{""name"":""polygon"",""all_points_x"":[1437,1438,1454,1514,1568,1568,1528,1482,1472],""all_points_y"":[1802,1806,1801,1784,1767,1764,1776,1789,1792]}",{}
4.png,31850550,{},4404,654,"{""name"":""polygon"",""all_points_x"":[1626,1605,1584,1574,1577,1609,1629],""all_points_y"":[1792,1811,1829,1836,1838,1814,1794]}",{}
4.png,31850550,{},4404,655,"{""name"":""polygon"",""all_points_x"":[1665,1655,1649,1645,1649,1657,1667],""all_points_y"":[1769,1787,1804,1813,1816,1794,1771]}",{}
4.png,31850550,{},4404,656,"{""name"":""polygon"",""all_points_x"":[1603,1602,1629,1643,1646,1630],""all_points_y"":[1738,1740,1752,1758,1755,1749]}",{}
4.png,31850550,{},4404,657,"{""name"":""polygon"",""all_points_x"":[1658,1648,1635,1605,1605,1636,1660],""all_points_y"":[1731,1734,1736,1735,1738,1740,1734]}",{}
4.png,31850550,{},4404,658,"{""name"":""polygon"",""all_points_x"":[1679,1680,1718,1727,1724,1698],""all_points_y"":[1591,1596,1599,1599,1594,1594]}",{}
4.png,31850550,{},4404,659,"{""name"":""polygon"",""all_points_x"":[1732,1742,1742,1733],""all_points_y"":[1596,1596,1599,1598]}",{}
4.png,31850550,{},4404,660,"{""name"":""polygon"",""all_points_x"":[1763,1707,1693,1695,1750,1766],""all_points_y"":[1725,1737,1738,1741,1733,1728]}",{}
4.png,31850550,{},4404,661,"{""name"":""polygon"",""all_points_x"":[1474,1478,1523,1556,1565,1562,1549,1503],""all_points_y"":[1643,1647,1622,1601,1591,1590,1603,1627]}",{}
4.png,31850550,{},4404,662,"{""name"":""polygon"",""all_points_x"":[1437,1437,1459,1508,1505,1475,1450],""all_points_y"":[1624,1629,1621,1606,1603,1615,1621]}",{}
4.png,31850550,{},4404,663,"{""name"":""polygon"",""all_points_x"":[1527,1529,1551,1551,1550],""all_points_y"":[1586,1589,1578,1574,1574]}",{}
4.png,31850550,{},4404,664,"{""name"":""polygon"",""all_points_x"":[1580,1550,1551,1584],""all_points_y"":[1560,1574,1578,1561]}",{}
4.png,31850550,{},4404,665,"{""name"":""polygon"",""all_points_x"":[1617,1617,1638,1638,1627],""all_points_y"":[1582,1587,1591,1587,1583]}",{}
4.png,31850550,{},4404,666,"{""name"":""polygon"",""all_points_x"":[1647,1646,1658,1659],""all_points_y"":[1592,1595,1601,1598]}",{}
4.png,31850550,{},4404,667,"{""name"":""polygon"",""all_points_x"":[1669,1667,1693,1693],""all_points_y"":[1601,1602,1615,1614]}",{}
4.png,31850550,{},4404,668,"{""name"":""polygon"",""all_points_x"":[1705,1714,1733,1733,1721,1703],""all_points_y"":[1615,1613,1610,1613,1615,1617]}",{}
4.png,31850550,{},4404,669,"{""name"":""polygon"",""all_points_x"":[1708,1673,1676,1709],""all_points_y"":[1666,1685,1688,1669]}",{}
4.png,31850550,{},4404,670,"{""name"":""polygon"",""all_points_x"":[1494,1495,1511,1527,1570,1598,1600,1570,1535,1522],""all_points_y"":[1522,1525,1527,1529,1532,1535,1533,1529,1525,1523]}",{}
4.png,31850550,{},4404,671,"{""name"":""polygon"",""all_points_x"":[1458,1460,1484,1502,1540,1538,1511,1489],""all_points_y"":[1497,1500,1494,1490,1484,1481,1485,1489]}",{}
4.png,31850550,{},4404,672,"{""name"":""polygon"",""all_points_x"":[1498,1503,1543,1563,1561],""all_points_y"":[1494,1492,1508,1516,1518]}",{}
4.png,31850550,{},4404,673,"{""name"":""polygon"",""all_points_x"":[1490,1490,1518,1541,1538,1511,1504],""all_points_y"":[1541,1546,1540,1534,1532,1538,1540]}",{}
4.png,31850550,{},4404,674,"{""name"":""polygon"",""all_points_x"":[1595,1566,1564,1594],""all_points_y"":[1563,1579,1576,1561]}",{}
4.png,31850550,{},4404,675,"{""name"":""polygon"",""all_points_x"":[1611,1568,1571,1617],""all_points_y"":[1565,1591,1595,1565]}",{}
4.png,31850550,{},4404,676,"{""name"":""polygon"",""all_points_x"":[1516,1510,1537,1551,1556],""all_points_y"":[1543,1544,1562,1574,1572]}",{}
4.png,31850550,{},4404,677,"{""name"":""polygon"",""all_points_x"":[1533,1507,1509,1539],""all_points_y"":[1566,1577,1579,1567]}",{}
4.png,31850550,{},4404,678,"{""name"":""polygon"",""all_points_x"":[1396,1399,1423,1435,1432],""all_points_y"":[1600,1602,1594,1591,1589]}",{}
4.png,31850550,{},4404,679,"{""name"":""polygon"",""all_points_x"":[1584,1584,1582,1602,1606],""all_points_y"":[1475,1475,1480,1508,1507]}",{}
4.png,31850550,{},4404,680,"{""name"":""polygon"",""all_points_x"":[1643,1601,1604,1647],""all_points_y"":[1476,1494,1496,1479]}",{}
4.png,31850550,{},4404,681,"{""name"":""polygon"",""all_points_x"":[1463,1464,1429,1410,1344,1294,1295,1329,1363,1452],""all_points_y"":[1443,1445,1477,1492,1545,1580,1573,1550,1525,1451]}",{}
4.png,31850550,{},4404,682,"{""name"":""polygon"",""all_points_x"":[1528,1524,1544,1575,1630,1655,1664,1665,1626,1599,1567,1540],""all_points_y"":[1439,1444,1449,1452,1452,1452,1452,1448,1448,1448,1448,1442]}",{}
4.png,31850550,{},4404,683,"{""name"":""polygon"",""all_points_x"":[1537,1534,1563,1586,1587,1560,1546],""all_points_y"":[1426,1429,1440,1445,1442,1434,1429]}",{}
4.png,31850550,{},4404,684,"{""name"":""polygon"",""all_points_x"":[1478,1479,1511,1532,1575,1555],""all_points_y"":[1468,1470,1465,1461,1455,1453]}",{}
4.png,31850550,{},4404,685,"{""name"":""polygon"",""all_points_x"":[1258,1257,1302,1350,1355,1358,1314,1286],""all_points_y"":[1485,1490,1493,1496,1497,1494,1491,1488]}",{}
4.png,31850550,{},4404,686,"{""name"":""polygon"",""all_points_x"":[1329,1331,1373,1372],""all_points_y"":[1486,1489,1480,1478]}",{}
4.png,31850550,{},4404,687,"{""name"":""polygon"",""all_points_x"":[1393,1371,1355,1332,1297,1301,1333,1347,1369,1395],""all_points_y"":[1456,1480,1497,1521,1555,1555,1524,1512,1487,1458]}",{}
4.png,31850550,{},4404,688,"{""name"":""polygon"",""all_points_x"":[1414,1390,1360,1327,1287,1291,1318,1342,1416],""all_points_y"":[1452,1475,1504,1538,1575,1577,1553,1528,1454]}",{}
4.png,31850550,{},4404,689,"{""name"":""polygon"",""all_points_x"":[1410,1410,1439,1468,1469],""all_points_y"":[1497,1501,1503,1506,1501]}",{}
4.png,31850550,{},4404,690,"{""name"":""polygon"",""all_points_x"":[1388,1389,1415,1437,1432,1413],""all_points_y"":[1516,1521,1514,1508,1505,1510]}",{}
4.png,31850550,{},4404,691,"{""name"":""polygon"",""all_points_x"":[1266,1265,1277,1304,1334,1337,1305,1290],""all_points_y"":[1560,1566,1574,1594,1614,1612,1591,1579]}",{}
4.png,31850550,{},4404,692,"{""name"":""polygon"",""all_points_x"":[1275,1270,1272,1278],""all_points_y"":[1576,1581,1582,1577]}",{}
4.png,31850550,{},4404,693,"{""name"":""polygon"",""all_points_x"":[1235,1234,1249,1284,1309,1304,1285],""all_points_y"":[1568,1572,1577,1590,1600,1595,1587]}",{}
4.png,31850550,{},4404,694,"{""name"":""polygon"",""all_points_x"":[1265,1248,1249,1268],""all_points_y"":[1586,1601,1606,1586]}",{}
4.png,31850550,{},4404,695,"{""name"":""polygon"",""all_points_x"":[1274,1254,1257,1279],""all_points_y"":[1589,1605,1609,1591]}",{}
4.png,31850550,{},4404,696,"{""name"":""polygon"",""all_points_x"":[1367,1365,1402,1427,1426,1391],""all_points_y"":[1530,1534,1530,1527,1524,1528]}",{}
4.png,31850550,{},4404,697,"{""name"":""polygon"",""all_points_x"":[1285,1284,1309,1318,1315,1300],""all_points_y"":[1527,1528,1532,1532,1529,1529]}",{}
4.png,31850550,{},4404,698,"{""name"":""polygon"",""all_points_x"":[1628,1622,1638,1679,1681,1650,1638],""all_points_y"":[1387,1390,1400,1423,1421,1402,1393]}",{}
4.png,31850550,{},4404,699,"{""name"":""polygon"",""all_points_x"":[1594,1593,1601,1631,1634,1638],""all_points_y"":[1408,1410,1417,1442,1445,1440]}",{}
4.png,31850550,{},4404,700,"{""name"":""polygon"",""all_points_x"":[1655,1657,1639,1625,1612,1595,1596,1610,1634,1639],""all_points_y"":[1458,1461,1474,1480,1484,1485,1482,1482,1473,1470]}",{}
4.png,31850550,{},4404,701,"{""name"":""polygon"",""all_points_x"":[1422,1420,1439,1450,1454,1467,1470,1471,1457,1450,1447,1426],""all_points_y"":[1376,1379,1401,1409,1414,1422,1423,1422,1412,1404,1403,1381]}",{}
4.png,31850550,{},4404,702,"{""name"":""polygon"",""all_points_x"":[1368,1367,1390,1402,1432,1431,1395],""all_points_y"":[1400,1403,1400,1400,1397,1394,1397]}",{}
4.png,31850550,{},4404,703,"{""name"":""polygon"",""all_points_x"":[1502,1502,1523,1588,1588,1546],""all_points_y"":[1355,1359,1359,1355,1351,1354]}",{}
4.png,31850550,{},4404,704,"{""name"":""polygon"",""all_points_x"":[1606,1606,1622,1659,1688,1686,1646,1626],""all_points_y"":[1350,1352,1354,1349,1348,1343,1347,1349]}",{}
4.png,31850550,{},4404,705,"{""name"":""polygon"",""all_points_x"":[1475,1480,1517,1560,1577,1578,1556,1534,1478],""all_points_y"":[1476,1471,1474,1466,1462,1466,1471,1473,1476]}",{}
4.png,31850550,{},4404,706,"{""name"":""polygon"",""all_points_x"":[1604,1580,1582,1608],""all_points_y"":[1454,1461,1465,1455]}",{}
4.png,31850550,{},4404,707,"{""name"":""polygon"",""all_points_x"":[1440,1441,1457,1457],""all_points_y"":[1436,1440,1433,1431]}",{}
4.png,31850550,{},4404,708,"{""name"":""polygon"",""all_points_x"":[1544,1500,1502,1548],""all_points_y"":[1417,1429,1432,1419]}",{}
4.png,31850550,{},4404,709,"{""name"":""polygon"",""all_points_x"":[1577,1540,1541,1578],""all_points_y"":[1394,1406,1409,1397]}",{}
4.png,31850550,{},4404,710,"{""name"":""polygon"",""all_points_x"":[1726,1679,1680,1728],""all_points_y"":[1356,1369,1372,1358]}",{}
4.png,31850550,{},4404,711,"{""name"":""polygon"",""all_points_x"":[1741,1741,1740,1752,1778,1782,1782],""all_points_y"":[1362,1362,1364,1369,1380,1381,1379]}",{}
4.png,31850550,{},4404,712,"{""name"":""polygon"",""all_points_x"":[1819,1816,1843,1852,1854,1845],""all_points_y"":[1394,1398,1410,1413,1411,1409]}",{}
4.png,31850550,{},4404,713,"{""name"":""polygon"",""all_points_x"":[1188,1187,1221,1221],""all_points_y"":[1895,1899,1898,1894]}",{}
4.png,31850550,{},4404,714,"{""name"":""polygon"",""all_points_x"":[1221,1221,1246,1241],""all_points_y"":[1894,1898,1898,1893]}",{}
4.png,31850550,{},4404,715,"{""name"":""polygon"",""all_points_x"":[1258,1257,1300,1299],""all_points_y"":[1877,1881,1882,1879]}",{}
4.png,31850550,{},4404,716,"{""name"":""polygon"",""all_points_x"":[1065,1062,1107,1109,1079],""all_points_y"":[1713,1715,1764,1764,1728]}",{}
4.png,31850550,{},4404,717,"{""name"":""polygon"",""all_points_x"":[1018,1021,984,981],""all_points_y"":[1666,1667,1727,1723]}",{}
4.png,31850550,{},4404,718,"{""name"":""polygon"",""all_points_x"":[947,945,975,998,1002,1004,985],""all_points_y"":[1698,1700,1724,1743,1745,1744,1726]}",{}
4.png,31850550,{},4404,719,"{""name"":""polygon"",""all_points_x"":[930,928,968,1007,1008,952],""all_points_y"":[1714,1718,1736,1751,1748,1725]}",{}
4.png,31850550,{},4404,720,"{""name"":""polygon"",""all_points_x"":[864,864,909,943,936],""all_points_y"":[1748,1753,1750,1748,1744]}",{}
4.png,31850550,{},4404,721,"{""name"":""polygon"",""all_points_x"":[945,949,972,971],""all_points_y"":[1744,1747,1744,1741]}",{}
4.png,31850550,{},4404,722,"{""name"":""polygon"",""all_points_x"":[963,962,980,1028,1029],""all_points_y"":[1757,1760,1769,1787,1784]}",{}
4.png,31850550,{},4404,723,"{""name"":""polygon"",""all_points_x"":[908,904,916,967,981,979,936,918],""all_points_y"":[1795,1800,1804,1819,1821,1817,1807,1801]}",{}
4.png,31850550,{},4404,724,"{""name"":""polygon"",""all_points_x"":[1014,1014,985,953,926,926,972],""all_points_y"":[1663,1666,1679,1691,1702,1698,1680]}",{}
4.png,31850550,{},4404,725,"{""name"":""polygon"",""all_points_x"":[924,924,948,949],""all_points_y"":[1680,1683,1685,1680]}",{}
4.png,31850550,{},4404,726,"{""name"":""polygon"",""all_points_x"":[1081,1082,1116,1161,1171,1165,1117,1101],""all_points_y"":[1670,1673,1673,1668,1667,1664,1669,1671]}",{}
4.png,31850550,{},4404,727,"{""name"":""polygon"",""all_points_x"":[1420,1422,1474,1523,1520,1467],""all_points_y"":[1907,1910,1884,1849,1847,1882]}",{}
4.png,31850550,{},4404,728,"{""name"":""polygon"",""all_points_x"":[1532,1488,1489,1537],""all_points_y"":[1862,1889,1893,1865]}",{}
4.png,31850550,{},4404,729,"{""name"":""polygon"",""all_points_x"":[1500,1495,1506,1522,1549,1551,1521],""all_points_y"":[1814,1820,1828,1847,1874,1873,1836]}",{}
4.png,31850550,{},4404,730,"{""name"":""polygon"",""all_points_x"":[1533,1496,1468,1473,1484,1535],""all_points_y"":[1871,1901,1920,1919,1914,1873]}",{}
4.png,31850550,{},4404,731,"{""name"":""polygon"",""all_points_x"":[1529,1473,1449,1454,1530],""all_points_y"":[1889,1921,1933,1934,1893]}",{}
4.png,31850550,{},4404,732,"{""name"":""polygon"",""all_points_x"":[1499,1532,1533,1486,1484],""all_points_y"":[1915,1893,1896,1928,1928]}",{}
4.png,31850550,{},4404,733,"{""name"":""polygon"",""all_points_x"":[1556,1542,1526,1514,1451,1455,1501,1549,1556],""all_points_y"":[1907,1915,1917,1921,1937,1940,1928,1917,1915]}",{}
4.png,31850550,{},4404,734,"{""name"":""polygon"",""all_points_x"":[1572,1554,1487,1492,1500,1574],""all_points_y"":[1915,1931,1995,1997,1988,1918]}",{}
4.png,31850550,{},4404,735,"{""name"":""polygon"",""all_points_x"":[1482,1479,1490,1493],""all_points_y"":[1975,1977,1989,1988]}",{}
4.png,31850550,{},4404,736,"{""name"":""polygon"",""all_points_x"":[1498,1496,1506,1529,1532],""all_points_y"":[1993,1996,2004,2030,2028]}",{}
4.png,31850550,{},4404,737,"{""name"":""polygon"",""all_points_x"":[1490,1492,1444,1442],""all_points_y"":[1955,1957,1973,1968]}",{}
4.png,31850550,{},4404,738,"{""name"":""polygon"",""all_points_x"":[965,930,932,970],""all_points_y"":[1828,1858,1861,1829]}",{}
4.png,31850550,{},4404,739,"{""name"":""polygon"",""all_points_x"":[687,682,736,735],""all_points_y"":[1800,1803,1810,1807]}",{}
4.png,31850550,{},4404,740,"{""name"":""polygon"",""all_points_x"":[734,747,756,762,738],""all_points_y"":[1799,1832,1857,1853,1799]}",{}
4.png,31850550,{},4404,741,"{""name"":""polygon"",""all_points_x"":[752,753,785,781],""all_points_y"":[1823,1826,1820,1816]}",{}
4.png,31850550,{},4404,742,"{""name"":""polygon"",""all_points_x"":[748,749,786,816,814],""all_points_y"":[1808,1812,1816,1819,1815]}",{}
4.png,31850550,{},4404,743,"{""name"":""polygon"",""all_points_x"":[832,830,857,861,862],""all_points_y"":[1808,1810,1815,1816,1812]}",{}
4.png,31850550,{},4404,744,"{""name"":""polygon"",""all_points_x"":[833,811,805,808,834],""all_points_y"":[1822,1857,1865,1866,1826]}",{}
4.png,31850550,{},4404,745,"{""name"":""polygon"",""all_points_x"":[632,630,644,656,658,660],""all_points_y"":[1767,1769,1790,1804,1807,1805]}",{}
4.png,31850550,{},4404,746,"{""name"":""polygon"",""all_points_x"":[608,609,650,647],""all_points_y"":[1808,1810,1802,1798]}",{}
4.png,31850550,{},4404,747,"{""name"":""polygon"",""all_points_x"":[661,662,689,688],""all_points_y"":[1796,1800,1794,1792]}",{}
4.png,31850550,{},4404,748,"{""name"":""polygon"",""all_points_x"":[466,465,518,524,523],""all_points_y"":[1821,1824,1853,1856,1851]}",{}
4.png,31850550,{},4404,749,"{""name"":""polygon"",""all_points_x"":[467,466,499,509,509,483],""all_points_y"":[1815,1819,1830,1831,1827,1821]}",{}
4.png,31850550,{},4404,750,"{""name"":""polygon"",""all_points_x"":[463,462,482,511,512],""all_points_y"":[1796,1798,1808,1820,1818]}",{}
4.png,31850550,{},4404,751,"{""name"":""polygon"",""all_points_x"":[648,650,672,680,679],""all_points_y"":[1843,1848,1839,1836,1834]}",{}
4.png,31850550,{},4404,752,"{""name"":""polygon"",""all_points_x"":[1029,1028,1083,1139,1182,1178,1103,1069],""all_points_y"":[1667,1669,1693,1713,1721,1715,1696,1683]}",{}
4.png,31850550,{},4404,753,"{""name"":""polygon"",""all_points_x"":[1036,1034,1116,1116,1113,1072,1053],""all_points_y"":[1664,1668,1700,1698,1694,1680,1673]}",{}
4.png,31850550,{},4404,754,"{""name"":""polygon"",""all_points_x"":[1070,1071,1106,1142,1200,1198,1155,1124],""all_points_y"":[1630,1634,1625,1615,1593,1590,1607,1616]}",{}
4.png,31850550,{},4404,755,"{""name"":""polygon"",""all_points_x"":[1145,1147,1183,1212,1211,1181],""all_points_y"":[1616,1614,1628,1642,1644,1632]}",{}
4.png,31850550,{},4404,756,"{""name"":""polygon"",""all_points_x"":[1328,1269,1250,1255,1330],""all_points_y"":[1613,1630,1634,1638,1615]}",{}
4.png,31850550,{},4404,757,"{""name"":""polygon"",""all_points_x"":[1220,1217,1243,1251,1253],""all_points_y"":[1612,1614,1633,1640,1638]}",{}
4.png,31850550,{},4404,758,"{""name"":""polygon"",""all_points_x"":[1241,1242,1284,1309,1309],""all_points_y"":[1644,1642,1637,1637,1641]}",{}
4.png,31850550,{},4404,759,"{""name"":""polygon"",""all_points_x"":[1410,1338,1338,1413],""all_points_y"":[1642,1663,1665,1644]}",{}
4.png,31850550,{},4404,760,"{""name"":""polygon"",""all_points_x"":[1552,1510,1514,1549],""all_points_y"":[1810,1818,1820,1815]}",{}
4.png,31850550,{},4404,761,"{""name"":""polygon"",""all_points_x"":[1744,1743,1793,1835,1864,1865,1813,1776,1768],""all_points_y"":[1807,1812,1820,1821,1818,1814,1818,1813,1812]}",{}
4.png,31850550,{},4404,762,"{""name"":""polygon"",""all_points_x"":[1721,1705,1663,1659,1665,1703,1726],""all_points_y"":[1816,1840,1882,1887,1889,1850,1817]}",{}
4.png,31850550,{},4404,763,"{""name"":""polygon"",""all_points_x"":[1707,1713,1789,1798,1755,1728],""all_points_y"":[1851,1841,1821,1823,1835,1843]}",{}
4.png,31850550,{},4404,764,"{""name"":""polygon"",""all_points_x"":[1692,1688,1702,1766,1797,1791],""all_points_y"":[1865,1869,1865,1841,1828,1827]}",{}
4.png,31850550,{},4404,765,"{""name"":""polygon"",""all_points_x"":[1808,1736,1684,1681,1679,1736,1809],""all_points_y"":[1826,1856,1875,1876,1880,1856,1828]}",{}
4.png,31850550,{},4404,766,"{""name"":""polygon"",""all_points_x"":[1653,1630,1636,1657],""all_points_y"":[1891,1904,1908,1895]}",{}
4.png,31850550,{},4404,767,"{""name"":""polygon"",""all_points_x"":[1676,1676,1733,1741],""all_points_y"":[1887,1884,1861,1861]}",{}
4.png,31850550,{},4404,768,"{""name"":""polygon"",""all_points_x"":[1575,1530,1518,1533,1579],""all_points_y"":[1929,1971,1980,1972,1931]}",{}
4.png,31850550,{},4404,769,"{""name"":""polygon"",""all_points_x"":[1565,1500,1516,1568],""all_points_y"":[1930,1989,1980,1933]}",{}
4.png,31850550,{},4404,770,"{""name"":""polygon"",""all_points_x"":[1638,1617,1603,1608,1640],""all_points_y"":[1954,1983,2000,2000,1956]}",{}
4.png,31850550,{},4404,771,"{""name"":""polygon"",""all_points_x"":[1600,1571,1575,1603],""all_points_y"":[2007,2044,2046,2008]}",{}
4.png,31850550,{},4404,772,"{""name"":""polygon"",""all_points_x"":[1585,1570,1545,1523,1530,1546,1586],""all_points_y"":[2016,2027,2047,2070,2071,2051,2020]}",{}
4.png,31850550,{},4404,773,"{""name"":""polygon"",""all_points_x"":[1585,1560,1531,1518,1481,1420,1401,1407,1495,1524,1538,1589],""all_points_y"":[1981,2005,2031,2044,2076,2124,2139,2141,2069,2045,2031,1981]}",{}
4.png,31850550,{},4404,774,"{""name"":""polygon"",""all_points_x"":[1763,1736,1737,1766],""all_points_y"":[1887,1909,1911,1888]}",{}
4.png,31850550,{},4404,775,"{""name"":""polygon"",""all_points_x"":[1737,1702,1688,1686,1737],""all_points_y"":[1890,1911,1920,1926,1893]}",{}
4.png,31850550,{},4404,776,"{""name"":""polygon"",""all_points_x"":[1719,1693,1663,1668,1685,1688,1699,1721],""all_points_y"":[1890,1908,1947,1943,1927,1920,1912,1894]}",{}
4.png,31850550,{},4404,777,"{""name"":""polygon"",""all_points_x"":[1567,1551,1556,1571],""all_points_y"":[1841,1851,1855,1845]}",{}
4.png,31850550,{},4404,778,"{""name"":""polygon"",""all_points_x"":[1562,1535,1538,1564],""all_points_y"":[1816,1836,1838,1820]}",{}
4.png,31850550,{},4404,779,"{""name"":""polygon"",""all_points_x"":[1701,1677,1656,1658,1676,1702],""all_points_y"":[1944,1956,1965,1967,1960,1946]}",{}
4.png,31850550,{},4404,780,"{""name"":""polygon"",""all_points_x"":[1788,1760,1728,1706,1708,1748,1790],""all_points_y"":[1934,1953,1973,1984,1987,1964,1937]}",{}
4.png,31850550,{},4404,781,"{""name"":""polygon"",""all_points_x"":[1726,1698,1676,1661,1670,1694,1727],""all_points_y"":[1907,1931,1948,1958,1956,1939,1911]}",{}
4.png,31850550,{},4404,782,"{""name"":""polygon"",""all_points_x"":[1723,1666,1668,1728],""all_points_y"":[1995,2021,2024,1998]}",{}
4.png,31850550,{},4404,783,"{""name"":""polygon"",""all_points_x"":[1672,1647,1595,1566,1553,1554,1582,1600,1631,1660,1674],""all_points_y"":[2004,2035,2084,2109,2123,2123,2099,2085,2057,2026,2005]}",{}
4.png,31850550,{},4404,784,"{""name"":""polygon"",""all_points_x"":[1688,1657,1665,1690],""all_points_y"":[2019,2066,2063,2019]}",{}
4.png,31850550,{},4404,785,"{""name"":""polygon"",""all_points_x"":[1728,1701,1702,1728],""all_points_y"":[2013,2038,2042,2017]}",{}
4.png,31850550,{},4404,786,"{""name"":""polygon"",""all_points_x"":[1746,1695,1679,1690,1747],""all_points_y"":[2017,2076,2096,2089,2021]}",{}
4.png,31850550,{},4404,787,"{""name"":""polygon"",""all_points_x"":[1763,1735,1707,1711,1717,1764],""all_points_y"":[2008,2041,2078,2078,2070,2009]}",{}
4.png,31850550,{},4404,788,"{""name"":""polygon"",""all_points_x"":[1760,1736,1749,1763],""all_points_y"":[2024,2053,2047,2025]}",{}
4.png,31850550,{},4404,789,"{""name"":""polygon"",""all_points_x"":[1790,1760,1757,1763,1790],""all_points_y"":[2013,2038,2044,2041,2016]}",{}
4.png,31850550,{},4404,790,"{""name"":""polygon"",""all_points_x"":[1792,1748,1708,1711,1791],""all_points_y"":[2031,2064,2090,2092,2036]}",{}
4.png,31850550,{},4404,791,"{""name"":""polygon"",""all_points_x"":[1766,1700,1672,1684,1738,1764],""all_points_y"":[2046,2087,2102,2100,2069,2051]}",{}
4.png,31850550,{},4404,792,"{""name"":""polygon"",""all_points_x"":[1770,1739,1731,1733,1749,1772],""all_points_y"":[2061,2090,2096,2097,2085,2063]}",{}
4.png,31850550,{},4404,793,"{""name"":""polygon"",""all_points_x"":[1649,1623,1624,1650],""all_points_y"":[2072,2089,2091,2075]}",{}
4.png,31850550,{},4404,794,"{""name"":""polygon"",""all_points_x"":[1613,1583,1571,1561,1560,1561,1582,1616],""all_points_y"":[2095,2113,2119,2126,2130,2131,2116,2097]}",{}
4.png,31850550,{},4404,795,"{""name"":""polygon"",""all_points_x"":[1424,1384,1347,1351,1409,1423],""all_points_y"":[2022,2058,2094,2094,2042,2026]}",{}
4.png,31850550,{},4404,796,"{""name"":""polygon"",""all_points_x"":[1467,1472,1475,1470],""all_points_y"":[2058,2079,2078,2056]}",{}
4.png,31850550,{},4404,797,"{""name"":""polygon"",""all_points_x"":[1475,1477,1479,1478],""all_points_y"":[2092,2101,2099,2089]}",{}
4.png,31850550,{},4404,798,"{""name"":""polygon"",""all_points_x"":[1495,1475,1468,1471,1497],""all_points_y"":[2075,2109,2122,2124,2076]}",{}
4.png,31850550,{},4404,799,"{""name"":""polygon"",""all_points_x"":[1544,1499,1465,1464,1470,1513,1544],""all_points_y"":[2081,2120,2147,2149,2147,2114,2084]}",{}
4.png,31850550,{},4404,800,"{""name"":""polygon"",""all_points_x"":[1555,1502,1480,1457,1446,1448,1485,1510,1557],""all_points_y"":[2087,2131,2148,2165,2173,2174,2147,2129,2090]}",{}
4.png,31850550,{},4404,801,"{""name"":""polygon"",""all_points_x"":[1595,1582,1573,1575,1599],""all_points_y"":[2111,2137,2157,2158,2113]}",{}
4.png,31850550,{},4404,802,"{""name"":""polygon"",""all_points_x"":[1489,1457,1461,1493],""all_points_y"":[2182,2237,2238,2182]}",{}
4.png,31850550,{},4404,803,"{""name"":""polygon"",""all_points_x"":[1474,1475,1499,1534,1533,1500,1483],""all_points_y"":[2185,2190,2176,2155,2151,2171,2182]}",{}
4.png,31850550,{},4404,804,"{""name"":""polygon"",""all_points_x"":[1440,1443,1450,1446],""all_points_y"":[2173,2175,2170,2166]}",{}
4.png,31850550,{},4404,805,"{""name"":""polygon"",""all_points_x"":[1457,1460,1522,1518],""all_points_y"":[2160,2162,2113,2111]}",{}
4.png,31850550,{},4404,806,"{""name"":""polygon"",""all_points_x"":[1588,1510,1514,1589],""all_points_y"":[2189,2238,2240,2194]}",{}
4.png,31850550,{},4404,807,"{""name"":""polygon"",""all_points_x"":[1720,1674,1663,1668,1707,1721],""all_points_y"":[2147,2182,2189,2191,2161,2149]}",{}
4.png,31850550,{},4404,808,"{""name"":""polygon"",""all_points_x"":[1751,1721,1718,1721,1729,1751],""all_points_y"":[2127,2140,2145,2145,2140,2130]}",{}
4.png,31850550,{},4404,809,"{""name"":""polygon"",""all_points_x"":[1800,1789,1780,1775,1776,1781,1799,1802],""all_points_y"":[2037,2055,2070,2077,2083,2077,2047,2037]}",{}
4.png,31850550,{},4404,810,"{""name"":""polygon"",""all_points_x"":[1548,1501,1481,1477,1538,1550],""all_points_y"":[2227,2247,2255,2259,2235,2228]}",{}
4.png,31850550,{},4404,811,"{""name"":""polygon"",""all_points_x"":[1544,1535,1540,1549,1544],""all_points_y"":[2236,2251,2249,2230,2234]}",{}
4.png,31850550,{},4404,812,"{""name"":""polygon"",""all_points_x"":[1576,1545,1555,1578],""all_points_y"":[2224,2247,2243,2226]}",{}
4.png,31850550,{},4404,813,"{""name"":""polygon"",""all_points_x"":[1584,1531,1486,1481,1548,1586],""all_points_y"":[2231,2255,2273,2282,2251,2233]}",{}
4.png,31850550,{},4404,814,"{""name"":""polygon"",""all_points_x"":[1543,1523,1525,1545],""all_points_y"":[2166,2178,2181,2169]}",{}
4.png,31850550,{},4404,815,"{""name"":""polygon"",""all_points_x"":[1518,1493,1496,1519],""all_points_y"":[2182,2194,2197,2184]}",{}
4.png,31850550,{},4404,816,"{""name"":""polygon"",""all_points_x"":[1511,1489,1489,1514],""all_points_y"":[2177,2190,2194,2180]}",{}
4.png,31850550,{},4404,817,"{""name"":""polygon"",""all_points_x"":[1484,1436,1441,1489],""all_points_y"":[2245,2278,2279,2248]}",{}
4.png,31850550,{},4404,818,"{""name"":""polygon"",""all_points_x"":[1606,1554,1557,1611],""all_points_y"":[2241,2267,2271,2245]}",{}
4.png,31850550,{},4404,819,"{""name"":""polygon"",""all_points_x"":[1555,1525,1523,1558],""all_points_y"":[2267,2282,2287,2271]}",{}
4.png,31850550,{},4404,820,"{""name"":""polygon"",""all_points_x"":[1548,1574,1576,1545,1543],""all_points_y"":[2269,2303,2302,2257,2259]}",{}
4.png,31850550,{},4404,821,"{""name"":""polygon"",""all_points_x"":[1653,1613,1615,1657],""all_points_y"":[2287,2300,2302,2289]}",{}
4.png,31850550,{},4404,822,"{""name"":""polygon"",""all_points_x"":[1729,1715,1693,1696,1721,1731],""all_points_y"":[2166,2179,2193,2195,2176,2169]}",{}
4.png,31850550,{},4404,823,"{""name"":""polygon"",""all_points_x"":[1757,1750,1710,1703,1703,1757],""all_points_y"":[2223,2228,2251,2254,2258,2226]}",{}
4.png,31850550,{},4404,824,"{""name"":""polygon"",""all_points_x"":[1772,1730,1736,1774],""all_points_y"":[2211,2255,2254,2214]}",{}
4.png,31850550,{},4404,825,"{""name"":""polygon"",""all_points_x"":[1783,1756,1723,1690,1692,1722,1746,1784],""all_points_y"":[2234,2244,2260,2273,2276,2265,2253,2237]}",{}
4.png,31850550,{},4404,826,"{""name"":""polygon"",""all_points_x"":[1889,1817,1781,1770,1775,1821,1848,1891],""all_points_y"":[2167,2219,2241,2247,2249,2220,2201,2169]}",{}
4.png,31850550,{},4404,827,"{""name"":""polygon"",""all_points_x"":[1774,1764,1750,1737,1741,1757,1778],""all_points_y"":[2139,2161,2199,2229,2229,2187,2139]}",{}
4.png,31850550,{},4404,828,"{""name"":""polygon"",""all_points_x"":[1804,1757,1754,1804],""all_points_y"":[2137,2190,2197,2141]}",{}
4.png,31850550,{},4404,829,"{""name"":""polygon"",""all_points_x"":[1878,1822,1819,1879],""all_points_y"":[2111,2139,2143,2114]}",{}
4.png,31850550,{},4404,830,"{""name"":""polygon"",""all_points_x"":[1821,1821,1862,1845],""all_points_y"":[2147,2149,2125,2133]}",{}
4.png,31850550,{},4404,831,"{""name"":""polygon"",""all_points_x"":[1468,1467,1419,1423],""all_points_y"":[2243,2248,2212,2208]}",{}
4.png,31850550,{},4404,832,"{""name"":""polygon"",""all_points_x"":[1435,1405,1406,1439],""all_points_y"":[2228,2242,2245,2229]}",{}
4.png,31850550,{},4404,833,"{""name"":""polygon"",""all_points_x"":[1372,1398,1402,1376],""all_points_y"":[2231,2267,2267,2231]}",{}
4.png,31850550,{},4404,834,"{""name"":""polygon"",""all_points_x"":[1446,1402,1390,1391,1432,1450],""all_points_y"":[2246,2268,2274,2278,2256,2245]}",{}
4.png,31850550,{},4404,835,"{""name"":""polygon"",""all_points_x"":[1512,1516,1523,1534,1530,1522],""all_points_y"":[2302,2303,2284,2260,2260,2280]}",{}
4.png,31850550,{},4404,836,"{""name"":""polygon"",""all_points_x"":[1481,1469,1449,1445,1476,1484],""all_points_y"":[2262,2269,2276,2280,2268,2263]}",{}
4.png,31850550,{},4404,837,"{""name"":""polygon"",""all_points_x"":[1415,1403,1385,1387,1415,1418],""all_points_y"":[2268,2276,2286,2288,2274,2268]}",{}
4.png,31850550,{},4404,838,"{""name"":""polygon"",""all_points_x"":[1689,1653,1656,1689],""all_points_y"":[2267,2301,2302,2269]}",{}
4.png,31850550,{},4404,839,"{""name"":""polygon"",""all_points_x"":[1449,1430,1420,1425,1439,1454],""all_points_y"":[2250,2261,2268,2271,2259,2249]}",{}
4.png,31850550,{},4404,840,"{""name"":""polygon"",""all_points_x"":[852,851,928,950,950,872],""all_points_y"":[1928,1934,1933,1932,1930,1930]}",{}
4.png,31850550,{},4404,841,"{""name"":""polygon"",""all_points_x"":[1131,1131,1182,1181],""all_points_y"":[1734,1739,1733,1730]}",{}
4.png,31850550,{},4404,842,"{""name"":""polygon"",""all_points_x"":[1990,1953,1899,1904,1960,1991],""all_points_y"":[1770,1814,1869,1872,1810,1774]}",{}
4.png,31850550,{},4404,843,"{""name"":""polygon"",""all_points_x"":[1853,1825,1811,1793,1797,1818,1852],""all_points_y"":[1762,1782,1794,1809,1810,1793,1767]}",{}
4.png,31850550,{},4404,844,"{""name"":""polygon"",""all_points_x"":[1719,1717,1750,1750],""all_points_y"":[1783,1788,1798,1793]}",{}
4.png,31850550,{},4404,845,"{""name"":""polygon"",""all_points_x"":[1719,1680,1684,1725],""all_points_y"":[1793,1814,1818,1794]}",{}
4.png,31850550,{},4404,846,"{""name"":""polygon"",""all_points_x"":[1974,1939,1943,1977],""all_points_y"":[1654,1723,1723,1655]}",{}
4.png,31850550,{},4404,847,"{""name"":""polygon"",""all_points_x"":[1858,1857,1881,1930,1932,1868],""all_points_y"":[1640,1646,1647,1653,1650,1642]}",{}
4.png,31850550,{},4404,848,"{""name"":""polygon"",""all_points_x"":[1955,1941,1929,1933,1961],""all_points_y"":[1822,1854,1878,1877,1816]}",{}
4.png,31850550,{},4404,849,"{""name"":""polygon"",""all_points_x"":[1988,1982,1972,1972,1976,1990],""all_points_y"":[1801,1818,1849,1854,1855,1801]}",{}
4.png,31850550,{},4404,850,"{""name"":""polygon"",""all_points_x"":[1983,1943,1885,1881,1872,1891,1974,1984],""all_points_y"":[1895,1913,1937,1937,1943,1938,1903,1898]}",{}
4.png,31850550,{},4404,851,"{""name"":""polygon"",""all_points_x"":[1953,1950,1969,2002,2004,1978,1961],""all_points_y"":[1841,1843,1855,1871,1867,1855,1845]}",{}
4.png,31850550,{},4404,852,"{""name"":""polygon"",""all_points_x"":[2000,1979,1980,2023,2019],""all_points_y"":[1824,1854,1855,1793,1792]}",{}
4.png,31850550,{},4404,853,"{""name"":""polygon"",""all_points_x"":[2041,2036,2036,2038,2044],""all_points_y"":[1766,1800,1809,1809,1766]}",{}
4.png,31850550,{},4404,854,"{""name"":""polygon"",""all_points_x"":[1974,1918,1913,1915,1980],""all_points_y"":[1861,1891,1893,1897,1862]}",{}
4.png,31850550,{},4404,855,"{""name"":""polygon"",""all_points_x"":[1985,1946,1906,1912,1972,1991],""all_points_y"":[1871,1892,1907,1911,1882,1871]}",{}
4.png,31850550,{},4404,856,"{""name"":""polygon"",""all_points_x"":[1929,1893,1898,1931],""all_points_y"":[1951,1974,1977,1953]}",{}
4.png,31850550,{},4404,857,"{""name"":""polygon"",""all_points_x"":[1958,1945,1948,1959],""all_points_y"":[1932,1941,1941,1933]}",{}
4.png,31850550,{},4404,858,"{""name"":""polygon"",""all_points_x"":[1917,1859,1827,1830,1920],""all_points_y"":[2002,2058,2090,2090,2005]}",{}
4.png,31850550,{},4404,859,"{""name"":""polygon"",""all_points_x"":[1894,1840,1845,1898],""all_points_y"":[2013,2036,2039,2016]}",{}
4.png,31850550,{},4404,860,"{""name"":""polygon"",""all_points_x"":[1647,1627,1636,1650],""all_points_y"":[2086,2120,2117,2087]}",{}
4.png,31850550,{},4404,861,"{""name"":""polygon"",""all_points_x"":[1884,1830,1804,1804,1849,1882],""all_points_y"":[2152,2174,2183,2188,2172,2157]}",{}
4.png,31850550,{},4404,862,"{""name"":""polygon"",""all_points_x"":[1864,1837,1809,1809,1835,1863],""all_points_y"":[2173,2182,2190,2191,2186,2175]}",{}
4.png,31850550,{},4404,863,"{""name"":""polygon"",""all_points_x"":[1971,1927,1933,1972],""all_points_y"":[2042,2067,2068,2044]}",{}
4.png,31850550,{},4404,864,"{""name"":""polygon"",""all_points_x"":[1966,1930,1935,1970],""all_points_y"":[1771,1821,1820,1773]}",{}
4.png,31850550,{},4404,865,"{""name"":""polygon"",""all_points_x"":[2004,1923,1924,2003],""all_points_y"":[1690,1734,1738,1694]}",{}
4.png,31850550,{},4404,866,"{""name"":""polygon"",""all_points_x"":[1932,1934,1927,1924,1925,1928,1940],""all_points_y"":[1636,1650,1681,1707,1712,1714,1640]}",{}
4.png,31850550,{},4404,867,"{""name"":""polygon"",""all_points_x"":[2065,1973,1964,1963,2015,2068],""all_points_y"":[1580,1647,1651,1656,1620,1584]}",{}
4.png,31850550,{},4404,868,"{""name"":""polygon"",""all_points_x"":[2089,2033,2009,1987,1985,1986,2031,2090],""all_points_y"":[1532,1552,1562,1571,1573,1576,1557,1535]}",{}
4.png,31850550,{},4404,869,"{""name"":""polygon"",""all_points_x"":[2143,2143,2104,2070,2037,2037,2073,2112],""all_points_y"":[1601,1604,1608,1616,1625,1620,1610,1603]}",{}
4.png,31850550,{},4404,870,"{""name"":""polygon"",""all_points_x"":[1996,1978,1956,1958,1987,1998],""all_points_y"":[1533,1559,1588,1594,1552,1536]}",{}
4.png,31850550,{},4404,871,"{""name"":""polygon"",""all_points_x"":[1909,1878,1851,1854,1882,1910],""all_points_y"":[1566,1579,1584,1586,1582,1570]}",{}
4.png,31850550,{},4404,872,"{""name"":""polygon"",""all_points_x"":[2247,2189,2190,2250],""all_points_y"":[1486,1495,1499,1489]}",{}
4.png,31850550,{},4404,873,"{""name"":""polygon"",""all_points_x"":[2140,2136,2188,2189],""all_points_y"":[1514,1518,1522,1518]}",{}
4.png,31850550,{},4404,874,"{""name"":""polygon"",""all_points_x"":[2164,2126,2128,2164],""all_points_y"":[1498,1504,1507,1502]}",{}
4.png,31850550,{},4404,875,"{""name"":""polygon"",""all_points_x"":[1959,1957,2041,2042],""all_points_y"":[1384,1386,1467,1464]}",{}
4.png,31850550,{},4404,876,"{""name"":""polygon"",""all_points_x"":[1908,1858,1858,1909],""all_points_y"":[1392,1404,1406,1395]}",{}
4.png,31850550,{},4404,877,"{""name"":""polygon"",""all_points_x"":[1765,1769,1843,1836],""all_points_y"":[1426,1430,1411,1410]}",{}
4.png,31850550,{},4404,878,"{""name"":""polygon"",""all_points_x"":[1781,1781,1818,1810],""all_points_y"":[1405,1408,1401,1400]}",{}
4.png,31850550,{},4404,879,"{""name"":""polygon"",""all_points_x"":[1979,1975,1978,1982],""all_points_y"":[1798,1836,1824,1798]}",{}
4.png,31850550,{},4404,880,"{""name"":""polygon"",""all_points_x"":[2008,1984,1973,1978,2011],""all_points_y"":[2243,2283,2302,2301,2244]}",{}
4.png,31850550,{},4404,881,"{""name"":""polygon"",""all_points_x"":[1999,2000,2002,2001],""all_points_y"":[2216,2249,2247,2216]}",{}
4.png,31850550,{},4404,882,"{""name"":""polygon"",""all_points_x"":[1982,1967,1974,1987],""all_points_y"":[2202,2244,2243,2201]}",{}
4.png,31850550,{},4404,883,"{""name"":""polygon"",""all_points_x"":[1877,1878,1908,1906],""all_points_y"":[2222,2225,2213,2211]}",{}
4.png,31850550,{},4404,884,"{""name"":""polygon"",""all_points_x"":[1941,1921,1923,1944],""all_points_y"":[2192,2203,2207,2194]}",{}
4.png,31850550,{},4404,885,"{""name"":""polygon"",""all_points_x"":[1812,1810,1830,1838,1870,1888,1886,1854,1825],""all_points_y"":[2237,2242,2241,2239,2236,2231,2229,2235,2238]}",{}
4.png,31850550,{},4404,886,"{""name"":""polygon"",""all_points_x"":[1812,1808,1811,1852,1890,1885,1833],""all_points_y"":[2253,2255,2256,2252,2244,2243,2250]}",{}
4.png,31850550,{},4404,887,"{""name"":""polygon"",""all_points_x"":[1796,1778,1782,1798],""all_points_y"":[2261,2301,2301,2263]}",{}
4.png,31850550,{},4404,888,"{""name"":""polygon"",""all_points_x"":[2030,2016,2010,2014,2032],""all_points_y"":[2050,2101,2121,2121,2053]}",{}
4.png,31850550,{},4404,889,"{""name"":""polygon"",""all_points_x"":[1871,1837,1842,1874],""all_points_y"":[2070,2108,2108,2073]}",{}
4.png,31850550,{},4404,890,"{""name"":""polygon"",""all_points_x"":[1823,1829,1868,1865],""all_points_y"":[2096,2097,2073,2070]}",{}
4.png,31850550,{},4404,891,"{""name"":""polygon"",""all_points_x"":[1825,1842,1843,1827],""all_points_y"":[2031,2063,2060,2028]}",{}
4.png,31850550,{},4404,892,"{""name"":""polygon"",""all_points_x"":[1812,1794,1784,1777,1788,1797,1816],""all_points_y"":[2035,2062,2075,2083,2076,2066,2037]}",{}
4.png,31850550,{},4404,893,"{""name"":""polygon"",""all_points_x"":[2192,2116,2097,2099,2140,2194],""all_points_y"":[1838,1876,1886,1887,1869,1840]}",{}
4.png,31850550,{},4404,894,"{""name"":""polygon"",""all_points_x"":[2155,2153,2191,2216,2222,2204,2168],""all_points_y"":[1731,1733,1764,1786,1788,1769,1739]}",{}
4.png,31850550,{},4404,895,"{""name"":""polygon"",""all_points_x"":[1809,1765,1769,1813],""all_points_y"":[1728,1779,1779,1729]}",{}
4.png,31850550,{},4404,896,"{""name"":""polygon"",""all_points_x"":[1303,1301,1224,1193,1195,1253,1307],""all_points_y"":[1419,1419,1450,1461,1465,1441,1423]}",{}
4.png,31850550,{},4404,897,"{""name"":""polygon"",""all_points_x"":[1254,1171,1174,1258],""all_points_y"":[1412,1453,1456,1416]}",{}
4.png,31850550,{},4404,898,"{""name"":""polygon"",""all_points_x"":[1166,1110,1113,1168],""all_points_y"":[1454,1478,1480,1457]}",{}
4.png,31850550,{},4404,899,"{""name"":""polygon"",""all_points_x"":[1152,1151,1176,1186,1200,1202,1183,1155],""all_points_y"":[1424,1427,1467,1476,1483,1480,1470,1427]}",{}
4.png,31850550,{},4404,900,"{""name"":""polygon"",""all_points_x"":[1082,1016,1026,1087],""all_points_y"":[1476,1507,1506,1479]}",{}
4.png,31850550,{},4404,901,"{""name"":""polygon"",""all_points_x"":[980,980,1007,1035,1035,1006],""all_points_y"":[1513,1515,1517,1511,1508,1515]}",{}
4.png,31850550,{},4404,902,"{""name"":""polygon"",""all_points_x"":[1135,1070,1072,1136],""all_points_y"":[1480,1517,1519,1484]}",{}
4.png,31850550,{},4404,903,"{""name"":""polygon"",""all_points_x"":[1154,1168,1171,1157],""all_points_y"":[1467,1511,1510,1465]}",{}
4.png,31850550,{},4404,904,"{""name"":""polygon"",""all_points_x"":[1151,1089,1089,1153],""all_points_y"":[1501,1535,1539,1505]}",{}
4.png,31850550,{},4404,905,"{""name"":""polygon"",""all_points_x"":[1167,1123,1133,1170],""all_points_y"":[1519,1545,1541,1520]}",{}
4.png,31850550,{},4404,906,"{""name"":""polygon"",""all_points_x"":[1176,1166,1131,1110,1110,1146,1173,1180],""all_points_y"":[1515,1524,1543,1553,1556,1539,1522,1515]}",{}
4.png,31850550,{},4404,907,"{""name"":""polygon"",""all_points_x"":[1066,1011,1013,1065],""all_points_y"":[1573,1592,1594,1577]}",{}
4.png,31850550,{},4404,908,"{""name"":""polygon"",""all_points_x"":[1133,1130,1158,1161],""all_points_y"":[1626,1629,1645,1643]}",{}
4.png,31850550,{},4404,909,"{""name"":""polygon"",""all_points_x"":[1194,1161,1156,1200,1205,1207],""all_points_y"":[1691,1670,1670,1698,1702,1699]}",{}
4.png,31850550,{},4404,910,"{""name"":""polygon"",""all_points_x"":[978,978,1005,1070,1100,1102,1021],""all_points_y"":[1627,1630,1643,1671,1686,1683,1646]}",{}
4.png,31850550,{},4404,911,"{""name"":""polygon"",""all_points_x"":[1067,1068,1099,1096],""all_points_y"":[1755,1760,1759,1755]}",{}
4.png,31850550,{},4404,912,"{""name"":""polygon"",""all_points_x"":[1107,1108,1166,1166],""all_points_y"":[1753,1756,1753,1750]}",{}
4.png,31850550,{},4404,913,"{""name"":""polygon"",""all_points_x"":[734,735,792,814,812,783],""all_points_y"":[1778,1782,1771,1764,1762,1770]}",{}
4.png,31850550,{},4404,914,"{""name"":""polygon"",""all_points_x"":[1011,989,1006,1016],""all_points_y"":[1416,1429,1430,1422]}",{}
4.png,31850550,{},4404,915,"{""name"":""polygon"",""all_points_x"":[961,918,899,902,937,965],""all_points_y"":[1443,1461,1466,1468,1459,1446]}",{}
4.png,31850550,{},4404,916,"{""name"":""polygon"",""all_points_x"":[955,941,945,957],""all_points_y"":[1475,1495,1497,1476]}",{}
4.png,31850550,{},4404,917,"{""name"":""polygon"",""all_points_x"":[938,923,931,940],""all_points_y"":[1502,1524,1519,1503]}",{}
4.png,31850550,{},4404,918,"{""name"":""polygon"",""all_points_x"":[942,938,953,973,975],""all_points_y"":[1498,1498,1518,1540,1537]}",{}
4.png,31850550,{},4404,919,"{""name"":""polygon"",""all_points_x"":[961,986,992,994,982,964],""all_points_y"":[1492,1535,1540,1539,1522,1491]}",{}
4.png,31850550,{},4404,920,"{""name"":""polygon"",""all_points_x"":[962,961,989,1002,1018,1021,997,992],""all_points_y"":[1485,1486,1486,1495,1506,1503,1487,1482]}",{}
4.png,31850550,{},4404,921,"{""name"":""polygon"",""all_points_x"":[1222,1222,1243,1242],""all_points_y"":[1718,1722,1727,1723]}",{}
4.png,31850550,{},4404,922,"{""name"":""polygon"",""all_points_x"":[1255,1254,1270,1285,1305,1311,1308,1296,1278,1263],""all_points_y"":[1725,1729,1733,1734,1725,1719,1716,1725,1731,1729]}",{}
4.png,31850550,{},4404,923,"{""name"":""polygon"",""all_points_x"":[1384,1355,1357,1389],""all_points_y"":[1592,1604,1605,1596]}",{}
4.png,31850550,{},4404,924,"{""name"":""polygon"",""all_points_x"":[740,740,769,769],""all_points_y"":[1894,1897,1902,1897]}",{}
4.png,31850550,{},4404,925,"{""name"":""polygon"",""all_points_x"":[1357,1326,1283,1282,1332,1362],""all_points_y"":[1451,1458,1465,1468,1459,1454]}",{}
4.png,31850550,{},4404,926,"{""name"":""polygon"",""all_points_x"":[1298,1290,1290,1321,1367,1368,1329],""all_points_y"":[1468,1471,1473,1470,1467,1464,1466]}",{}
4.png,31850550,{},4404,927,"{""name"":""polygon"",""all_points_x"":[1231,1229,1263,1286,1333,1348,1359,1352,1332,1282,1261],""all_points_y"":[1356,1360,1367,1370,1369,1369,1366,1364,1365,1366,1360]}",{}
4.png,31850550,{},4404,928,"{""name"":""polygon"",""all_points_x"":[1006,1004,1035,1053,1093,1093,1057,1043],""all_points_y"":[1528,1525,1510,1501,1479,1481,1504,1508]}",{}
4.png,31850550,{},4404,929,"{""name"":""polygon"",""all_points_x"":[1014,1002,1007,1018],""all_points_y"":[1436,1443,1446,1438]}",{}
4.png,31850550,{},4404,930,"{""name"":""polygon"",""all_points_x"":[1004,979,980,1006],""all_points_y"":[1443,1455,1460,1445]}",{}
4.png,31850550,{},4404,931,"{""name"":""polygon"",""all_points_x"":[951,933,934,951],""all_points_y"":[1465,1472,1476,1468]}",{}
4.png,31850550,{},4404,932,"{""name"":""polygon"",""all_points_x"":[971,915,919,976],""all_points_y"":[1427,1452,1453,1430]}",{}
4.png,31850550,{},4404,933,"{""name"":""polygon"",""all_points_x"":[1261,1256,1308,1325,1318,1298,1272],""all_points_y"":[1349,1353,1351,1348,1343,1347,1350]}",{}
4.png,31850550,{},4404,934,"{""name"":""polygon"",""all_points_x"":[1351,1344,1343,1348],""all_points_y"":[1312,1314,1319,1317]}",{}
4.png,31850550,{},4404,935,"{""name"":""polygon"",""all_points_x"":[1439,1406,1417,1432],""all_points_y"":[1286,1295,1296,1293]}",{}
4.png,31850550,{},4404,936,"{""name"":""polygon"",""all_points_x"":[1466,1421,1426,1468],""all_points_y"":[1253,1303,1303,1255]}",{}
4.png,31850550,{},4404,937,"{""name"":""polygon"",""all_points_x"":[1344,1347,1329,1324],""all_points_y"":[1391,1389,1371,1371]}",{}
4.png,31850550,{},4404,938,"{""name"":""polygon"",""all_points_x"":[1275,1276,1276,1279,1278],""all_points_y"":[1156,1189,1206,1207,1157]}",{}
4.png,31850550,{},4404,939,"{""name"":""polygon"",""all_points_x"":[1313,1311,1356,1357],""all_points_y"":[1185,1189,1211,1209]}",{}
4.png,31850550,{},4404,940,"{""name"":""polygon"",""all_points_x"":[1375,1377,1426,1471,1516,1513,1472,1448],""all_points_y"":[1206,1210,1181,1154,1120,1119,1151,1163]}",{}
4.png,31850550,{},4404,941,"{""name"":""polygon"",""all_points_x"":[1426,1416,1418,1429],""all_points_y"":[1129,1151,1152,1130]}",{}
4.png,31850550,{},4404,942,"{""name"":""polygon"",""all_points_x"":[1407,1395,1400,1409],""all_points_y"":[1167,1191,1189,1169]}",{}
4.png,31850550,{},4404,943,"{""name"":""polygon"",""all_points_x"":[1382,1382,1394,1396],""all_points_y"":[1179,1184,1183,1180]}",{}
4.png,31850550,{},4404,944,"{""name"":""polygon"",""all_points_x"":[1446,1443,1477,1491,1569,1566,1515,1480,1460],""all_points_y"":[1195,1199,1198,1195,1182,1179,1188,1195,1196]}",{}
4.png,31850550,{},4404,945,"{""name"":""polygon"",""all_points_x"":[1375,1352,1353,1376],""all_points_y"":[1247,1261,1264,1250]}",{}
4.png,31850550,{},4404,946,"{""name"":""polygon"",""all_points_x"":[1340,1325,1328,1343],""all_points_y"":[1267,1274,1278,1269]}",{}
4.png,31850550,{},4404,947,"{""name"":""polygon"",""all_points_x"":[1551,1507,1507,1551],""all_points_y"":[1209,1218,1222,1211]}",{}
4.png,31850550,{},4404,948,"{""name"":""polygon"",""all_points_x"":[1453,1450,1470,1510,1508,1465],""all_points_y"":[1184,1188,1188,1185,1183,1185]}",{}
4.png,31850550,{},4404,949,"{""name"":""polygon"",""all_points_x"":[1513,1513,1545,1568,1566,1524],""all_points_y"":[1181,1184,1179,1176,1173,1179]}",{}
4.png,31850550,{},4404,950,"{""name"":""polygon"",""all_points_x"":[1639,1639,1602,1602,1642],""all_points_y"":[1156,1156,1163,1168,1157]}",{}
4.png,31850550,{},4404,951,"{""name"":""polygon"",""all_points_x"":[1472,1445,1444,1474],""all_points_y"":[1272,1283,1287,1276]}",{}
4.png,31850550,{},4404,952,"{""name"":""polygon"",""all_points_x"":[1504,1479,1482,1507],""all_points_y"":[1272,1289,1290,1273]}",{}
4.png,31850550,{},4404,953,"{""name"":""polygon"",""all_points_x"":[1478,1443,1447,1481],""all_points_y"":[1289,1312,1316,1291]}",{}
4.png,31850550,{},4404,954,"{""name"":""polygon"",""all_points_x"":[1513,1444,1453,1515],""all_points_y"":[1276,1328,1326,1278]}",{}
4.png,31850550,{},4404,955,"{""name"":""polygon"",""all_points_x"":[1440,1445,1470,1465],""all_points_y"":[1319,1314,1305,1310]}",{}
4.png,31850550,{},4404,956,"{""name"":""polygon"",""all_points_x"":[1527,1561,1587,1630,1633,1576,1551,1531],""all_points_y"":[1260,1278,1292,1316,1311,1282,1270,1259]}",{}
4.png,31850550,{},4404,957,"{""name"":""polygon"",""all_points_x"":[1565,1538,1542,1566],""all_points_y"":[1238,1257,1258,1240]}",{}
4.png,31850550,{},4404,958,"{""name"":""polygon"",""all_points_x"":[1565,1532,1505,1507,1570],""all_points_y"":[1227,1251,1272,1273,1228]}",{}
4.png,31850550,{},4404,959,"{""name"":""polygon"",""all_points_x"":[1434,1475,1477,1436],""all_points_y"":[1227,1257,1255,1223]}",{}
4.png,31850550,{},4404,960,"{""name"":""polygon"",""all_points_x"":[1427,1429,1452,1455],""all_points_y"":[1241,1236,1231,1234]}",{}
4.png,31850550,{},4404,961,"{""name"":""polygon"",""all_points_x"":[1452,1456,1470,1465],""all_points_y"":[1231,1234,1232,1229]}",{}
4.png,31850550,{},4404,962,"{""name"":""polygon"",""all_points_x"":[1451,1476,1479,1450],""all_points_y"":[1219,1235,1232,1216]}",{}
4.png,31850550,{},4404,963,"{""name"":""polygon"",""all_points_x"":[1507,1471,1474,1507],""all_points_y"":[1218,1227,1230,1222]}",{}
4.png,31850550,{},4404,964,"{""name"":""polygon"",""all_points_x"":[1585,1521,1538,1588],""all_points_y"":[1297,1323,1319,1298]}",{}
4.png,31850550,{},4404,965,"{""name"":""polygon"",""all_points_x"":[1475,1478,1529,1515],""all_points_y"":[1339,1342,1325,1326]}",{}
4.png,31850550,{},4404,966,"{""name"":""polygon"",""all_points_x"":[1479,1476,1512,1538,1538],""all_points_y"":[1326,1330,1324,1324,1320]}",{}
4.png,31850550,{},4404,967,"{""name"":""polygon"",""all_points_x"":[1596,1558,1541,1542,1568,1598],""all_points_y"":[1302,1313,1319,1322,1312,1304]}",{}
4.png,31850550,{},4404,968,"{""name"":""polygon"",""all_points_x"":[1549,1612,1613,1554],""all_points_y"":[1322,1316,1314,1319]}",{}
4.png,31850550,{},4404,969,"{""name"":""polygon"",""all_points_x"":[1606,1567,1582,1615,1618],""all_points_y"":[1311,1315,1310,1309,1312]}",{}
4.png,31850550,{},4404,970,"{""name"":""polygon"",""all_points_x"":[1343,1325,1326,1343],""all_points_y"":[1315,1318,1322,1319]}",{}
4.png,31850550,{},4404,971,"{""name"":""polygon"",""all_points_x"":[1325,1307,1312,1326],""all_points_y"":[1318,1324,1326,1322]}",{}
4.png,31850550,{},4404,972,"{""name"":""polygon"",""all_points_x"":[1310,1313,1328,1326],""all_points_y"":[1331,1328,1332,1335]}",{}
4.png,31850550,{},4404,973,"{""name"":""polygon"",""all_points_x"":[1631,1631,1673,1669],""all_points_y"":[1243,1248,1254,1250]}",{}
4.png,31850550,{},4404,974,"{""name"":""polygon"",""all_points_x"":[1667,1700,1703,1670],""all_points_y"":[1243,1278,1276,1241]}",{}
4.png,31850550,{},4404,975,"{""name"":""polygon"",""all_points_x"":[1670,1673,1706,1707],""all_points_y"":[1250,1253,1262,1258]}",{}
4.png,31850550,{},4404,976,"{""name"":""polygon"",""all_points_x"":[1699,1679,1682,1703],""all_points_y"":[1202,1234,1234,1200]}",{}
4.png,31850550,{},4404,977,"{""name"":""polygon"",""all_points_x"":[1551,1527,1519,1551,1577,1575],""all_points_y"":[1286,1292,1296,1290,1281,1279]}",{}
4.png,31850550,{},4404,978,"{""name"":""polygon"",""all_points_x"":[1599,1626,1631,1602],""all_points_y"":[1257,1285,1285,1254]}",{}
4.png,31850550,{},4404,979,"{""name"":""polygon"",""all_points_x"":[1613,1612,1642,1640],""all_points_y"":[1255,1259,1258,1254]}",{}
4.png,31850550,{},4404,980,"{""name"":""polygon"",""all_points_x"":[1655,1637,1629,1616,1604,1578,1578,1610,1635,1657],""all_points_y"":[1281,1308,1322,1332,1340,1343,1347,1340,1322,1281]}",{}
4.png,31850550,{},4404,981,"{""name"":""polygon"",""all_points_x"":[1683,1682,1713,1761,1758],""all_points_y"":[1299,1303,1299,1295,1289]}",{}
4.png,31850550,{},4404,982,"{""name"":""polygon"",""all_points_x"":[1608,1574,1578,1608],""all_points_y"":[1269,1278,1282,1271]}",{}
4.png,31850550,{},4404,983,"{""name"":""polygon"",""all_points_x"":[1693,1643,1618,1612,1618,1674,1696],""all_points_y"":[1279,1318,1338,1342,1342,1299,1282]}",{}
4.png,31850550,{},4404,984,"{""name"":""polygon"",""all_points_x"":[1656,1653,1680,1683],""all_points_y"":[1373,1376,1407,1405]}",{}
4.png,31850550,{},4404,985,"{""name"":""polygon"",""all_points_x"":[1783,1744,1747,1786],""all_points_y"":[1299,1317,1320,1305]}",{}
4.png,31850550,{},4404,986,"{""name"":""polygon"",""all_points_x"":[1674,1673,1758,1793,1793,1745,1696],""all_points_y"":[1175,1179,1198,1205,1200,1193,1180]}",{}
4.png,31850550,{},4404,987,"{""name"":""polygon"",""all_points_x"":[1507,1514,1559,1609,1642,1681,1685,1653,1627,1573,1531],""all_points_y"":[1138,1133,1120,1103,1083,1059,1060,1081,1096,1119,1133]}",{}
4.png,31850550,{},4404,988,"{""name"":""polygon"",""all_points_x"":[1605,1603,1559,1562],""all_points_y"":[1182,1183,1145,1142]}",{}
4.png,31850550,{},4404,989,"{""name"":""polygon"",""all_points_x"":[1820,1789,1738,1681,1669,1673,1720,1769,1822],""all_points_y"":[1000,1019,1051,1088,1096,1100,1068,1035,1003]}",{}
4.png,31850550,{},4404,990,"{""name"":""polygon"",""all_points_x"":[1836,1780,1733,1745,1794,1839],""all_points_y"":[1000,1061,1109,1106,1049,1001]}",{}
4.png,31850550,{},4404,991,"{""name"":""polygon"",""all_points_x"":[1749,1746,1778,1783],""all_points_y"":[1052,1054,1058,1055]}",{}
4.png,31850550,{},4404,992,"{""name"":""polygon"",""all_points_x"":[1714,1658,1594,1598,1658,1714],""all_points_y"":[930,1003,1087,1087,1012,935]}",{}
4.png,31850550,{},4404,993,"{""name"":""polygon"",""all_points_x"":[1692,1667,1669,1735,1733],""all_points_y"":[969,1014,1016,914,914]}",{}
4.png,31850550,{},4404,994,"{""name"":""polygon"",""all_points_x"":[1663,1598,1599,1663],""all_points_y"":[976,1003,1008,981]}",{}
4.png,31850550,{},4404,995,"{""name"":""polygon"",""all_points_x"":[1630,1628,1646,1669,1667,1648,1637],""all_points_y"":[979,984,979,969,966,976,979]}",{}
4.png,31850550,{},4404,996,"{""name"":""polygon"",""all_points_x"":[1690,1668,1675,1697],""all_points_y"":[1028,1056,1056,1027]}",{}
4.png,31850550,{},4404,997,"{""name"":""polygon"",""all_points_x"":[1680,1677,1721,1713],""all_points_y"":[1021,1027,1030,1026]}",{}
4.png,31850550,{},4404,998,"{""name"":""polygon"",""all_points_x"":[1786,1745,1748,1787],""all_points_y"":[986,1023,1026,989]}",{}
4.png,31850550,{},4404,999,"{""name"":""polygon"",""all_points_x"":[1730,1657,1667,1735],""all_points_y"":[1036,1090,1087,1036]}",{}
4.png,31850550,{},4404,1000,"{""name"":""polygon"",""all_points_x"":[1653,1640,1642,1655],""all_points_y"":[1094,1104,1106,1095]}",{}
4.png,31850550,{},4404,1001,"{""name"":""polygon"",""all_points_x"":[1694,1650,1652,1693],""all_points_y"":[1106,1118,1121,1108]}",{}
4.png,31850550,{},4404,1002,"{""name"":""polygon"",""all_points_x"":[1706,1702,1732,1763,1764],""all_points_y"":[1110,1114,1132,1153,1150]}",{}
4.png,31850550,{},4404,1003,"{""name"":""polygon"",""all_points_x"":[1805,1803,1869,1857],""all_points_y"":[1144,1147,1166,1157]}",{}
4.png,31850550,{},4404,1004,"{""name"":""polygon"",""all_points_x"":[1551,1497,1474,1485,1499,1553],""all_points_y"":[951,1042,1081,1070,1046,952]}",{}
4.png,31850550,{},4404,1005,"{""name"":""polygon"",""all_points_x"":[1584,1547,1540,1564,1587],""all_points_y"":[959,973,981,971,962]}",{}
4.png,31850550,{},4404,1006,"{""name"":""polygon"",""all_points_x"":[1629,1578,1572,1571,1606,1631],""all_points_y"":[1003,1039,1044,1048,1024,1006]}",{}
4.png,31850550,{},4404,1007,"{""name"":""polygon"",""all_points_x"":[1788,1741,1740,1791],""all_points_y"":[1110,1122,1126,1111]}",{}
4.png,31850550,{},4404,1008,"{""name"":""polygon"",""all_points_x"":[1616,1561,1527,1530,1619],""all_points_y"":[1023,1061,1082,1086,1027]}",{}
4.png,31850550,{},4404,1009,"{""name"":""polygon"",""all_points_x"":[1431,1430,1470,1513,1525,1519,1474,1451],""all_points_y"":[1141,1146,1137,1116,1109,1109,1132,1138]}",{}
4.png,31850550,{},4404,1010,"{""name"":""polygon"",""all_points_x"":[1436,1436,1473,1531,1524,1478,1455],""all_points_y"":[1121,1127,1119,1092,1090,1114,1121]}",{}
4.png,31850550,{},4404,1011,"{""name"":""polygon"",""all_points_x"":[1783,1783,1829,1879,1875,1825,1797],""all_points_y"":[956,962,953,921,919,949,953]}",{}
4.png,31850550,{},4404,1012,"{""name"":""polygon"",""all_points_x"":[1766,1810,1810,1769],""all_points_y"":[953,975,971,951]}",{}
4.png,31850550,{},4404,1013,"{""name"":""polygon"",""all_points_x"":[1781,1762,1762,1782],""all_points_y"":[935,952,957,939]}",{}
4.png,31850550,{},4404,1014,"{""name"":""polygon"",""all_points_x"":[1756,1723,1727,1757],""all_points_y"":[956,990,991,959]}",{}
4.png,31850550,{},4404,1015,"{""name"":""polygon"",""all_points_x"":[1795,1791,1848,1848],""all_points_y"":[914,919,921,918]}",{}
4.png,31850550,{},4404,1016,"{""name"":""polygon"",""all_points_x"":[1884,1877,1881,1888],""all_points_y"":[876,914,914,877]}",{}
4.png,31850550,{},4404,1017,"{""name"":""polygon"",""all_points_x"":[1754,1722,1721,1724,1757],""all_points_y"":[826,877,882,878,825]}",{}
4.png,31850550,{},4404,1018,"{""name"":""polygon"",""all_points_x"":[1680,1684,1767,1767],""all_points_y"":[912,906,848,851]}",{}
4.png,31850550,{},4404,1019,"{""name"":""polygon"",""all_points_x"":[1747,1687,1688,1746],""all_points_y"":[873,911,914,876]}",{}
4.png,31850550,{},4404,1020,"{""name"":""polygon"",""all_points_x"":[1649,1649,1727,1726],""all_points_y"":[860,857,833,838]}",{}
4.png,31850550,{},4404,1021,"{""name"":""polygon"",""all_points_x"":[1710,1734,1735,1704,1699],""all_points_y"":[848,853,851,845,848]}",{}
4.png,31850550,{},4404,1022,"{""name"":""polygon"",""all_points_x"":[1690,1690,1729,1728],""all_points_y"":[859,854,858,861]}",{}
4.png,31850550,{},4404,1023,"{""name"":""polygon"",""all_points_x"":[1813,1737,1739,1816],""all_points_y"":[800,828,832,801]}",{}
4.png,31850550,{},4404,1024,"{""name"":""polygon"",""all_points_x"":[1638,1637,1695,1696],""all_points_y"":[791,796,818,816]}",{}
4.png,31850550,{},4404,1025,"{""name"":""polygon"",""all_points_x"":[1693,1665,1668,1696],""all_points_y"":[774,800,801,775]}",{}
4.png,31850550,{},4404,1026,"{""name"":""polygon"",""all_points_x"":[1672,1653,1655,1675],""all_points_y"":[759,796,798,759]}",{}
4.png,31850550,{},4404,1027,"{""name"":""polygon"",""all_points_x"":[1648,1610,1613,1652],""all_points_y"":[805,873,873,805]}",{}
4.png,31850550,{},4404,1028,"{""name"":""polygon"",""all_points_x"":[1645,1640,1639,1682,1682],""all_points_y"":[827,827,830,843,840]}",{}
4.png,31850550,{},4404,1029,"{""name"":""polygon"",""all_points_x"":[1569,1534,1537,1577],""all_points_y"":[789,846,847,783]}",{}
4.png,31850550,{},4404,1030,"{""name"":""polygon"",""all_points_x"":[1560,1567,1570,1562],""all_points_y"":[760,787,784,757]}",{}
4.png,31850550,{},4404,1031,"{""name"":""polygon"",""all_points_x"":[1571,1574,1569,1572,1578,1573],""all_points_y"":[797,818,884,886,820,794]}",{}
4.png,31850550,{},4404,1032,"{""name"":""polygon"",""all_points_x"":[1616,1620,1578,1577],""all_points_y"":[865,862,844,849]}",{}
4.png,31850550,{},4404,1033,"{""name"":""polygon"",""all_points_x"":[1657,1657,1687,1686],""all_points_y"":[885,888,887,882]}",{}
4.png,31850550,{},4404,1034,"{""name"":""polygon"",""all_points_x"":[1640,1632,1644,1686,1687],""all_points_y"":[896,903,901,901,896]}",{}
4.png,31850550,{},4404,1035,"{""name"":""polygon"",""all_points_x"":[1465,1465,1512,1559,1557],""all_points_y"":[782,785,780,770,766]}",{}
4.png,31850550,{},4404,1036,"{""name"":""polygon"",""all_points_x"":[1588,1592,1642,1702,1702,1674,1615],""all_points_y"":[937,940,932,921,917,922,933]}",{}
4.png,31850550,{},4404,1037,"{""name"":""polygon"",""all_points_x"":[1843,1847,1889,1884],""all_points_y"":[745,742,806,807]}",{}
4.png,31850550,{},4404,1038,"{""name"":""polygon"",""all_points_x"":[1923,1887,1889,1924],""all_points_y"":[790,800,801,792]}",{}
4.png,31850550,{},4404,1039,"{""name"":""polygon"",""all_points_x"":[2117,2019,2020,2116],""all_points_y"":[831,878,881,834]}",{}
4.png,31850550,{},4404,1040,"{""name"":""polygon"",""all_points_x"":[1813,1815,1891,1922,1923,1851],""all_points_y"":[970,975,978,979,975,971]}",{}
4.png,31850550,{},4404,1041,"{""name"":""polygon"",""all_points_x"":[1944,1907,1907,1948],""all_points_y"":[925,932,935,926]}",{}
4.png,31850550,{},4404,1042,"{""name"":""polygon"",""all_points_x"":[1789,1796,1898,1898],""all_points_y"":[1059,1055,1060,1064]}",{}
4.png,31850550,{},4404,1043,"{""name"":""polygon"",""all_points_x"":[1869,1864,1910,1962,1962],""all_points_y"":[1101,1105,1109,1110,1107]}",{}
4.png,31850550,{},4404,1044,"{""name"":""polygon"",""all_points_x"":[2006,1918,1879,1879,1910,1921,2005],""all_points_y"":[1127,1148,1152,1156,1151,1151,1131]}",{}
4.png,31850550,{},4404,1045,"{""name"":""polygon"",""all_points_x"":[2039,1990,1992,2045],""all_points_y"":[974,1008,1012,975]}",{}
4.png,31850550,{},4404,1046,"{""name"":""polygon"",""all_points_x"":[1847,1844,1889,1902,1902,1885,1855],""all_points_y"":[823,826,844,845,840,838,826]}",{}
4.png,31850550,{},4404,1047,"{""name"":""polygon"",""all_points_x"":[1865,1820,1827,1869],""all_points_y"":[725,756,756,726]}",{}
4.png,31850550,{},4404,1048,"{""name"":""polygon"",""all_points_x"":[1628,1614,1616,1631],""all_points_y"":[830,844,846,833]}",{}
4.png,31850550,{},4404,1049,"{""name"":""polygon"",""all_points_x"":[1622,1562,1561,1629,1665,1681,1682,1663,1604],""all_points_y"":[692,630,632,704,742,753,751,736,670]}",{}
4.png,31850550,{},4404,1050,"{""name"":""polygon"",""all_points_x"":[1683,1655,1656,1686],""all_points_y"":[709,724,726,713]}",{}
4.png,31850550,{},4404,1051,"{""name"":""polygon"",""all_points_x"":[1647,1621,1621,1653],""all_points_y"":[729,745,747,730]}",{}
4.png,31850550,{},4404,1052,"{""name"":""polygon"",""all_points_x"":[1572,1571,1603,1599],""all_points_y"":[615,618,633,627]}",{}
4.png,31850550,{},4404,1053,"{""name"":""polygon"",""all_points_x"":[1604,1604,1606,1662,1702,1732,1789,1788,1728,1699],""all_points_y"":[628,628,635,655,669,675,693,689,671,665]}",{}
4.png,31850550,{},4404,1054,"{""name"":""polygon"",""all_points_x"":[1791,1791,1853,1917,1918],""all_points_y"":[687,690,693,695,691]}",{}
4.png,31850550,{},4404,1055,"{""name"":""polygon"",""all_points_x"":[1887,1891,1938,2006,2004,1920],""all_points_y"":[700,700,731,777,780,722]}",{}
4.png,31850550,{},4404,1056,"{""name"":""polygon"",""all_points_x"":[1951,1950,2000,2031,2033],""all_points_y"":[713,715,741,754,752]}",{}
4.png,31850550,{},4404,1057,"{""name"":""polygon"",""all_points_x"":[1835,1771,1768,1768,1780,1837],""all_points_y"":[732,756,757,760,758,736]}",{}
4.png,31850550,{},4404,1058,"{""name"":""polygon"",""all_points_x"":[1944,1883,1886,1945],""all_points_y"":[591,659,663,595]}",{}
4.png,31850550,{},4404,1059,"{""name"":""polygon"",""all_points_x"":[1949,1947,1908,1903,1942],""all_points_y"":[601,597,637,645,606]}",{}
4.png,31850550,{},4404,1060,"{""name"":""polygon"",""all_points_x"":[1934,1875,1875,1935],""all_points_y"":[583,615,619,587]}",{}
4.png,31850550,{},4404,1061,"{""name"":""polygon"",""all_points_x"":[1721,1719,1820,1822],""all_points_y"":[552,556,629,628]}",{}
4.png,31850550,{},4404,1062,"{""name"":""polygon"",""all_points_x"":[1811,1812,1837,1831],""all_points_y"":[563,570,567,563]}",{}
4.png,31850550,{},4404,1063,"{""name"":""polygon"",""all_points_x"":[1840,1847,1892,1881],""all_points_y"":[561,567,560,557]}",{}
4.png,31850550,{},4404,1064,"{""name"":""polygon"",""all_points_x"":[1333,1335,1396,1391],""all_points_y"":[649,654,657,652]}",{}
4.png,31850550,{},4404,1065,"{""name"":""polygon"",""all_points_x"":[1792,1789,1840,1871,1867],""all_points_y"":[655,658,671,676,672]}",{}
4.png,31850550,{},4404,1066,"{""name"":""polygon"",""all_points_x"":[2010,1972,1980,2011],""all_points_y"":[709,719,724,714]}",{}
4.png,31850550,{},4404,1067,"{""name"":""polygon"",""all_points_x"":[1786,1783,1823,1834,1831],""all_points_y"":[667,672,677,678,673]}",{}
4.png,31850550,{},4404,1068,"{""name"":""polygon"",""all_points_x"":[2005,1977,1982,2008],""all_points_y"":[652,676,678,654]}",{}
4.png,31850550,{},4404,1069,"{""name"":""polygon"",""all_points_x"":[1999,1996,2012,2016],""all_points_y"":[666,668,680,678]}",{}
4.png,31850550,{},4404,1070,"{""name"":""polygon"",""all_points_x"":[1860,1862,1931,1930],""all_points_y"":[680,677,681,683]}",{}
4.png,31850550,{},4404,1071,"{""name"":""polygon"",""all_points_x"":[1778,1786,1846,1850],""all_points_y"":[682,678,679,682]}",{}
4.png,31850550,{},4404,1072,"{""name"":""polygon"",""all_points_x"":[1799,1799,1869,1888,1884],""all_points_y"":[460,465,462,463,459]}",{}
4.png,31850550,{},4404,1073,"{""name"":""polygon"",""all_points_x"":[1956,1930,1925,1928,1959],""all_points_y"":[423,466,474,475,425]}",{}
4.png,31850550,{},4404,1074,"{""name"":""polygon"",""all_points_x"":[1923,1918,1921,1925],""all_points_y"":[479,487,487,480]}",{}
4.png,31850550,{},4404,1075,"{""name"":""polygon"",""all_points_x"":[1919,1917,1934,1966,1969,1938,1929],""all_points_y"":[466,471,488,516,514,486,476]}",{}
4.png,31850550,{},4404,1076,"{""name"":""polygon"",""all_points_x"":[2052,1998,2000,2054],""all_points_y"":[466,483,486,468]}",{}
4.png,31850550,{},4404,1077,"{""name"":""polygon"",""all_points_x"":[1878,1829,1831,1884],""all_points_y"":[586,604,605,588]}",{}
4.png,31850550,{},4404,1078,"{""name"":""polygon"",""all_points_x"":[1825,1825,1870,1893,1891,1853],""all_points_y"":[581,584,579,575,571,578]}",{}
4.png,31850550,{},4404,1079,"{""name"":""polygon"",""all_points_x"":[1870,1884,1888,1891,1871],""all_points_y"":[466,523,530,529,466]}",{}
4.png,31850550,{},4404,1080,"{""name"":""polygon"",""all_points_x"":[1796,1794,1833,1869,1870,1870,1834],""all_points_y"":[466,469,476,482,483,479,471]}",{}
4.png,31850550,{},4404,1081,"{""name"":""polygon"",""all_points_x"":[1881,1881,1906,1931,1932,1910],""all_points_y"":[480,483,488,496,493,486]}",{}
4.png,31850550,{},4404,1082,"{""name"":""polygon"",""all_points_x"":[1695,1693,1745,1776,1791,1790,1755,1734],""all_points_y"":[449,453,472,481,483,480,471,465]}",{}
4.png,31850550,{},4404,1083,"{""name"":""polygon"",""all_points_x"":[1858,1776,1778,1858],""all_points_y"":[428,461,464,432]}",{}
4.png,31850550,{},4404,1084,"{""name"":""polygon"",""all_points_x"":[1884,1884,1925,1936,1937],""all_points_y"":[496,499,511,515,513]}",{}
4.png,31850550,{},4404,1085,"{""name"":""polygon"",""all_points_x"":[1612,1609,1656,1668,1669],""all_points_y"":[463,466,507,514,513]}",{}
4.png,31850550,{},4404,1086,"{""name"":""polygon"",""all_points_x"":[1626,1623,1691,1692],""all_points_y"":[461,466,508,506]}",{}
4.png,31850550,{},4404,1087,"{""name"":""polygon"",""all_points_x"":[1610,1582,1585,1615],""all_points_y"":[701,757,760,700]}",{}
4.png,31850550,{},4404,1088,"{""name"":""polygon"",""all_points_x"":[1515,1513,1593,1580],""all_points_y"":[696,702,704,698]}",{}
4.png,31850550,{},4404,1089,"{""name"":""polygon"",""all_points_x"":[1407,1405,1431,1458,1489,1489,1443,1432],""all_points_y"":[621,623,633,644,651,648,636,628]}",{}
4.png,31850550,{},4404,1090,"{""name"":""polygon"",""all_points_x"":[1427,1427,1429,1430],""all_points_y"":[640,655,655,640]}",{}
4.png,31850550,{},4404,1091,"{""name"":""polygon"",""all_points_x"":[1376,1374,1404,1443,1460,1458,1434,1413,1400],""all_points_y"":[639,643,654,661,661,659,656,653,649]}",{}
4.png,31850550,{},4404,1092,"{""name"":""polygon"",""all_points_x"":[1428,1427,1432,1431],""all_points_y"":[662,686,686,661]}",{}
4.png,31850550,{},4404,1093,"{""name"":""polygon"",""all_points_x"":[1456,1459,1458,1461,1463,1460],""all_points_y"":[729,782,788,790,778,729]}",{}
4.png,31850550,{},4404,1094,"{""name"":""polygon"",""all_points_x"":[1470,1466,1499,1549,1533,1514],""all_points_y"":[727,733,739,746,741,737]}",{}
4.png,31850550,{},4404,1095,"{""name"":""polygon"",""all_points_x"":[1621,1621,1642,1636],""all_points_y"":[653,655,660,655]}",{}
4.png,31850550,{},4404,1096,"{""name"":""polygon"",""all_points_x"":[1780,1744,1707,1705,1751,1783],""all_points_y"":[638,649,653,655,650,640]}",{}
4.png,31850550,{},4404,1097,"{""name"":""polygon"",""all_points_x"":[1834,1781,1784,1828],""all_points_y"":[1066,1069,1066,1063]}",{}
4.png,31850550,{},4404,1098,"{""name"":""polygon"",""all_points_x"":[1938,1891,1900,1941],""all_points_y"":[1075,1095,1097,1079]}",{}
4.png,31850550,{},4404,1099,"{""name"":""polygon"",""all_points_x"":[2192,2172,2114,2126,2175,2194],""all_points_y"":[922,937,957,956,939,925]}",{}
4.png,31850550,{},4404,1100,"{""name"":""polygon"",""all_points_x"":[2182,2139,2138,2185],""all_points_y"":[920,929,933,923]}",{}
4.png,31850550,{},4404,1101,"{""name"":""polygon"",""all_points_x"":[2121,2022,1997,1997,2076,2123],""all_points_y"":[890,893,891,895,894,892]}",{}
4.png,31850550,{},4404,1102,"{""name"":""polygon"",""all_points_x"":[1983,1974,1979,1986],""all_points_y"":[896,905,906,898]}",{}
4.png,31850550,{},4404,1103,"{""name"":""polygon"",""all_points_x"":[2101,2019,2010,2010,2026,2101],""all_points_y"":[913,933,934,936,935,917]}",{}
4.png,31850550,{},4404,1104,"{""name"":""polygon"",""all_points_x"":[1815,1813,1836,1845],""all_points_y"":[961,964,972,971]}",{}
4.png,31850550,{},4404,1105,"{""name"":""polygon"",""all_points_x"":[2091,2090,2155,2148],""all_points_y"":[960,964,966,962]}",{}
4.png,31850550,{},4404,1106,"{""name"":""polygon"",""all_points_x"":[2145,2134,2188,2190],""all_points_y"":[956,958,973,971]}",{}
4.png,31850550,{},4404,1107,"{""name"":""polygon"",""all_points_x"":[2215,2155,2155,2172,2215],""all_points_y"":[999,1013,1016,1014,1002]}",{}
4.png,31850550,{},4404,1108,"{""name"":""polygon"",""all_points_x"":[2145,2062,2042,2043,2148],""all_points_y"":[1025,1065,1074,1077,1027]}",{}
4.png,31850550,{},4404,1109,"{""name"":""polygon"",""all_points_x"":[2148,2148,2116,2066,2067,2114],""all_points_y"":[1065,1066,1074,1082,1080,1070]}",{}
4.png,31850550,{},4404,1110,"{""name"":""polygon"",""all_points_x"":[2066,2073,2093,2127,2127,2102],""all_points_y"":[1085,1081,1081,1072,1074,1083]}",{}
4.png,31850550,{},4404,1111,"{""name"":""polygon"",""all_points_x"":[2133,2103,2107,2135],""all_points_y"":[1081,1095,1097,1083]}",{}
4.png,31850550,{},4404,1112,"{""name"":""polygon"",""all_points_x"":[2069,1983,1984,2071],""all_points_y"":[1123,1160,1162,1127]}",{}
4.png,31850550,{},4404,1113,"{""name"":""polygon"",""all_points_x"":[2039,1982,1957,1959,1997,2043],""all_points_y"":[1123,1157,1167,1169,1152,1123]}",{}
4.png,31850550,{},4404,1114,"{""name"":""polygon"",""all_points_x"":[1952,1952,1993,1982],""all_points_y"":[1164,1162,1149,1157]}",{}
4.png,31850550,{},4404,1115,"{""name"":""polygon"",""all_points_x"":[1875,1881,1927,1950,2011,2012,1946,1923],""all_points_y"":[1161,1169,1180,1183,1195,1191,1178,1175]}",{}
4.png,31850550,{},4404,1116,"{""name"":""polygon"",""all_points_x"":[1870,1884,1885,1842],""all_points_y"":[1168,1180,1178,1134]}",{}
4.png,31850550,{},4404,1117,"{""name"":""polygon"",""all_points_x"":[2083,1977,1978,2089],""all_points_y"":[1159,1176,1178,1163]}",{}
4.png,31850550,{},4404,1118,"{""name"":""polygon"",""all_points_x"":[1980,1983,2020,1997],""all_points_y"":[1181,1184,1175,1178]}",{}
4.png,31850550,{},4404,1119,"{""name"":""polygon"",""all_points_x"":[1962,1963,1980,1980],""all_points_y"":[1049,1055,1056,1053]}",{}
4.png,31850550,{},4404,1120,"{""name"":""polygon"",""all_points_x"":[2000,1998,2020,2020],""all_points_y"":[1060,1065,1078,1075]}",{}
4.png,31850550,{},4404,1121,"{""name"":""polygon"",""all_points_x"":[2071,2033,2037,2074],""all_points_y"":[1067,1091,1090,1067]}",{}
4.png,31850550,{},4404,1122,"{""name"":""polygon"",""all_points_x"":[1998,1967,1969,2001],""all_points_y"":[1071,1083,1085,1074]}",{}
4.png,31850550,{},4404,1123,"{""name"":""polygon"",""all_points_x"":[2143,2142,2166,2186,2184,2164],""all_points_y"":[1019,1022,1030,1034,1029,1027]}",{}
4.png,31850550,{},4404,1124,"{""name"":""polygon"",""all_points_x"":[2234,2218,2220,2236],""all_points_y"":[1029,1029,1033,1034]}",{}
4.png,31850550,{},4404,1125,"{""name"":""polygon"",""all_points_x"":[2235,2235,2257,2258],""all_points_y"":[968,970,976,973]}",{}
4.png,31850550,{},4404,1126,"{""name"":""polygon"",""all_points_x"":[2193,2193,2246,2246],""all_points_y"":[1291,1297,1313,1311]}",{}
4.png,31850550,{},4404,1127,"{""name"":""polygon"",""all_points_x"":[1953,1952,1996,2027,2027],""all_points_y"":[1236,1239,1249,1256,1254]}",{}
4.png,31850550,{},4404,1128,"{""name"":""polygon"",""all_points_x"":[1835,1836,1890,1932,1934,1865],""all_points_y"":[1190,1197,1205,1211,1206,1195]}",{}
4.png,31850550,{},4404,1129,"{""name"":""polygon"",""all_points_x"":[1778,1737,1738,1782],""all_points_y"":[1181,1187,1190,1183]}",{}
4.png,31850550,{},4404,1130,"{""name"":""polygon"",""all_points_x"":[1803,1830,1834,1809],""all_points_y"":[1234,1274,1273,1234]}",{}
4.png,31850550,{},4404,1131,"{""name"":""polygon"",""all_points_x"":[1813,1777,1777,1813],""all_points_y"":[1228,1230,1234,1231]}",{}
4.png,31850550,{},4404,1132,"{""name"":""polygon"",""all_points_x"":[1842,1842,1870,1869],""all_points_y"":[1172,1175,1172,1168]}",{}
4.png,31850550,{},4404,1133,"{""name"":""polygon"",""all_points_x"":[1929,1930,1967,1956],""all_points_y"":[1193,1196,1188,1186]}",{}
4.png,31850550,{},4404,1134,"{""name"":""polygon"",""all_points_x"":[2035,2031,2071,2072],""all_points_y"":[1183,1187,1209,1205]}",{}
4.png,31850550,{},4404,1135,"{""name"":""polygon"",""all_points_x"":[2150,2151,2181,2224,2225,2175],""all_points_y"":[1037,1040,1048,1060,1057,1043]}",{}
4.png,31850550,{},4404,1136,"{""name"":""polygon"",""all_points_x"":[1847,1842,1842,1858,1911,1935,1935,1892,1864],""all_points_y"":[1254,1254,1257,1261,1275,1281,1276,1266,1257]}",{}
4.png,31850550,{},4404,1137,"{""name"":""polygon"",""all_points_x"":[1851,1813,1815,1876,1869],""all_points_y"":[1271,1286,1291,1268,1266]}",{}
4.png,31850550,{},4404,1138,"{""name"":""polygon"",""all_points_x"":[1950,1948,1955,1997,1996,1956],""all_points_y"":[1308,1309,1314,1319,1315,1312]}",{}
4.png,31850550,{},4404,1139,"{""name"":""polygon"",""all_points_x"":[1645,1644,1675,1695,1741,1741,1704,1670],""all_points_y"":[1500,1502,1521,1528,1538,1533,1528,1516]}",{}
4.png,31850550,{},4404,1140,"{""name"":""polygon"",""all_points_x"":[1842,1815,1815,1844],""all_points_y"":[1524,1540,1541,1525]}",{}
4.png,31850550,{},4404,1141,"{""name"":""polygon"",""all_points_x"":[2240,2160,2150,2144,2145,2160,2169,2240],""all_points_y"":[1683,1708,1709,1713,1715,1710,1707,1687]}",{}
4.png,31850550,{},4404,1142,"{""name"":""polygon"",""all_points_x"":[2271,2260,2241,2247,2274],""all_points_y"":[1654,1666,1687,1686,1655]}",{}
4.png,31850550,{},4404,1143,"{""name"":""polygon"",""all_points_x"":[2227,2195,2198,2234],""all_points_y"":[1697,1734,1735,1697]}",{}
4.png,31850550,{},4404,1144,"{""name"":""polygon"",""all_points_x"":[2171,2123,2111,2126,2174],""all_points_y"":[1759,1808,1823,1814,1761]}",{}
4.png,31850550,{},4404,1145,"{""name"":""polygon"",""all_points_x"":[2138,2130,2120,2129,2141],""all_points_y"":[1755,1783,1804,1796,1759]}",{}
4.png,31850550,{},4404,1146,"{""name"":""polygon"",""all_points_x"":[2193,2145,2108,2092,2094,2155,2198],""all_points_y"":[507,549,576,587,589,545,507]}",{}
4.png,31850550,{},4404,1147,"{""name"":""polygon"",""all_points_x"":[2060,2097,2100,2062],""all_points_y"":[563,580,577,562]}",{}
4.png,31850550,{},4404,1148,"{""name"":""polygon"",""all_points_x"":[2108,2106,2137,2137],""all_points_y"":[582,583,594,592]}",{}
4.png,31850550,{},4404,1149,"{""name"":""polygon"",""all_points_x"":[2113,2111,2124,2180,2179,2112],""all_points_y"":[578,579,584,600,596,577]}",{}
4.png,31850550,{},4404,1150,"{""name"":""polygon"",""all_points_x"":[2065,2068,2109,2139,2173,2175,2133,2110],""all_points_y"":[547,549,535,531,521,518,529,530]}",{}
4.png,31850550,{},4404,1151,"{""name"":""polygon"",""all_points_x"":[2200,2198,2186,2187,2237,2312],""all_points_y"":[527,528,528,526,515,495]}",{}
4.png,31850550,{},4404,1152,"{""name"":""polygon"",""all_points_x"":[2264,2256,2294,2326,2328,2282],""all_points_y"":[628,628,656,679,677,642]}",{}
4.png,31850550,{},4404,1153,"{""name"":""polygon"",""all_points_x"":[2050,2048,2112,2110],""all_points_y"":[751,756,753,750]}",{}
4.png,31850550,{},4404,1154,"{""name"":""polygon"",""all_points_x"":[2232,2142,2142,2232],""all_points_y"":[727,739,741,731]}",{}
4.png,31850550,{},4404,1155,"{""name"":""polygon"",""all_points_x"":[2169,2171,2124,2112,2112],""all_points_y"":[617,618,643,648,645]}",{}
4.png,31850550,{},4404,1156,"{""name"":""polygon"",""all_points_x"":[2202,2147,2148,2202],""all_points_y"":[623,655,657,626]}",{}
4.png,31850550,{},4404,1157,"{""name"":""polygon"",""all_points_x"":[2286,2178,2210,2285],""all_points_y"":[518,563,553,522]}",{}
4.png,31850550,{},4404,1158,"{""name"":""polygon"",""all_points_x"":[2214,2248,2250,2204,2196],""all_points_y"":[529,529,527,526,530]}",{}
4.png,31850550,{},4404,1159,"{""name"":""polygon"",""all_points_x"":[2273,2270,2309,2352,2396,2400,2338],""all_points_y"":[424,427,447,466,484,480,456]}",{}
4.png,31850550,{},4404,1160,"{""name"":""polygon"",""all_points_x"":[2251,2346,2399,2401,2305,2254],""all_points_y"":[594,638,663,659,616,592]}",{}
4.png,31850550,{},4404,1161,"{""name"":""polygon"",""all_points_x"":[2268,2266,2327,2350,2352],""all_points_y"":[616,619,647,658,655]}",{}
4.png,31850550,{},4404,1162,"{""name"":""polygon"",""all_points_x"":[2277,2274,2315,2350,2349],""all_points_y"":[566,569,584,595,590]}",{}
4.png,31850550,{},4404,1163,"{""name"":""polygon"",""all_points_x"":[2350,2348,2377,2398,2396],""all_points_y"":[514,518,523,527,522]}",{}
4.png,31850550,{},4404,1164,"{""name"":""polygon"",""all_points_x"":[2423,2420,2456,2491,2493],""all_points_y"":[544,547,564,577,575]}",{}
4.png,31850550,{},4404,1165,"{""name"":""polygon"",""all_points_x"":[2503,2505,2517,2520,2507],""all_points_y"":[534,547,579,578,534]}",{}
4.png,31850550,{},4404,1166,"{""name"":""polygon"",""all_points_x"":[2402,2402,2434,2502,2501,2442,2420],""all_points_y"":[491,493,514,547,544,514,502]}",{}
4.png,31850550,{},4404,1167,"{""name"":""polygon"",""all_points_x"":[1979,1979,2007,2032,2032],""all_points_y"":[576,579,585,592,590]}",{}
4.png,31850550,{},4404,1168,"{""name"":""polygon"",""all_points_x"":[2170,2176,2222,2230,2230],""all_points_y"":[740,738,739,740,744]}",{}
4.png,31850550,{},4404,1169,"{""name"":""polygon"",""all_points_x"":[2092,2096,2120,2120],""all_points_y"":[807,811,809,805]}",{}
4.png,31850550,{},4404,1170,"{""name"":""polygon"",""all_points_x"":[2161,2125,2126,2164],""all_points_y"":[810,827,828,812]}",{}
4.png,31850550,{},4404,1171,"{""name"":""polygon"",""all_points_x"":[2145,2143,2197,2225,2222],""all_points_y"":[827,831,851,861,857]}",{}
4.png,31850550,{},4404,1172,"{""name"":""polygon"",""all_points_x"":[2163,2161,2189,2205,2207],""all_points_y"":[821,824,836,846,843]}",{}
4.png,31850550,{},4404,1173,"{""name"":""polygon"",""all_points_x"":[2179,2177,2211,2267,2281,2282,2207],""all_points_y"":[813,819,831,854,860,855,826]}",{}
4.png,31850550,{},4404,1174,"{""name"":""polygon"",""all_points_x"":[2230,2229,2246,2249],""all_points_y"":[830,832,841,841]}",{}
4.png,31850550,{},4404,1175,"{""name"":""polygon"",""all_points_x"":[2281,2279,2312,2312],""all_points_y"":[878,881,902,898]}",{}
4.png,31850550,{},4404,1176,"{""name"":""polygon"",""all_points_x"":[2214,2212,2240,2241],""all_points_y"":[765,768,782,781]}",{}
4.png,31850550,{},4404,1177,"{""name"":""polygon"",""all_points_x"":[2162,2135,2135,2166],""all_points_y"":[693,699,701,695]}",{}
4.png,31850550,{},4404,1178,"{""name"":""polygon"",""all_points_x"":[2188,2188,2220,2219],""all_points_y"":[660,662,665,661]}",{}
4.png,31850550,{},4404,1179,"{""name"":""polygon"",""all_points_x"":[2135,2134,2174,2186,2186,2154],""all_points_y"":[752,756,754,754,750,752]}",{}
4.png,31850550,{},4404,1180,"{""name"":""polygon"",""all_points_x"":[2235,2235,2263,2261],""all_points_y"":[557,560,559,556]}",{}
4.png,31850550,{},4404,1181,"{""name"":""polygon"",""all_points_x"":[2270,2269,2297,2310,2309],""all_points_y"":[555,557,557,557,553]}",{}
4.png,31850550,{},4404,1182,"{""name"":""polygon"",""all_points_x"":[2244,2244,2269,2269],""all_points_y"":[343,347,346,345]}",{}
4.png,31850550,{},4404,1183,"{""name"":""polygon"",""all_points_x"":[2219,2215,2233,2261,2270,2274,2232],""all_points_y"":[376,378,391,407,414,414,387]}",{}
4.png,31850550,{},4404,1184,"{""name"":""polygon"",""all_points_x"":[2199,2199,2227,2225],""all_points_y"":[391,393,394,390]}",{}
4.png,31850550,{},4404,1185,"{""name"":""polygon"",""all_points_x"":[2204,2198,2177,2177,2205],""all_points_y"":[459,459,466,470,460]}",{}
4.png,31850550,{},4404,1186,"{""name"":""polygon"",""all_points_x"":[2284,2281,2314,2345,2376,2377,2323,2301],""all_points_y"":[304,307,330,348,366,362,329,314]}",{}
4.png,31850550,{},4404,1187,"{""name"":""polygon"",""all_points_x"":[2370,2328,2331,2373],""all_points_y"":[318,331,333,320]}",{}
4.png,31850550,{},4404,1188,"{""name"":""polygon"",""all_points_x"":[2319,2290,2280,2281,2296,2318],""all_points_y"":[335,341,342,340,337,332]}",{}
4.png,31850550,{},4404,1189,"{""name"":""polygon"",""all_points_x"":[2266,2285,2287,2268],""all_points_y"":[339,365,364,336]}",{}
4.png,31850550,{},4404,1190,"{""name"":""polygon"",""all_points_x"":[2281,2279,2330,2336],""all_points_y"":[347,343,342,345]}",{}
4.png,31850550,{},4404,1191,"{""name"":""polygon"",""all_points_x"":[2222,2222,2252,2263,2257],""all_points_y"":[407,413,411,411,407]}",{}
4.png,31850550,{},4404,1192,"{""name"":""polygon"",""all_points_x"":[2281,2279,2305,2321,2321],""all_points_y"":[417,420,432,438,433]}",{}
4.png,31850550,{},4404,1193,"{""name"":""polygon"",""all_points_x"":[2293,2293,2330,2372,2393,2394,2338],""all_points_y"":[221,224,239,252,260,257,238]}",{}
4.png,31850550,{},4404,1194,"{""name"":""polygon"",""all_points_x"":[2336,2318,2322,2343],""all_points_y"":[173,194,196,174]}",{}
4.png,31850550,{},4404,1195,"{""name"":""polygon"",""all_points_x"":[2253,2222,2225,2255],""all_points_y"":[179,197,200,182]}",{}
4.png,31850550,{},4404,1196,"{""name"":""polygon"",""all_points_x"":[2185,2155,2157,2186],""all_points_y"":[222,244,247,228]}",{}
4.png,31850550,{},4404,1197,"{""name"":""polygon"",""all_points_x"":[1783,1780,1815,1824,1826,1798],""all_points_y"":[468,473,482,486,483,474]}",{}
4.png,31850550,{},4404,1198,"{""name"":""polygon"",""all_points_x"":[1917,1917,1931,1931],""all_points_y"":[456,460,460,459]}",{}
4.png,31850550,{},4404,1199,"{""name"":""polygon"",""all_points_x"":[1945,1941,1987,1986],""all_points_y"":[457,460,464,459]}",{}
4.png,31850550,{},4404,1200,"{""name"":""polygon"",""all_points_x"":[2092,2041,2043,2095],""all_points_y"":[482,496,498,484]}",{}
4.png,31850550,{},4404,1201,"{""name"":""polygon"",""all_points_x"":[2064,2063,2086,2103,2105,2090],""all_points_y"":[336,341,347,349,345,345]}",{}
4.png,31850550,{},4404,1202,"{""name"":""polygon"",""all_points_x"":[2405,2358,2364,2445,2440],""all_points_y"":[93,147,149,46,45]}",{}
4.png,31850550,{},4404,1203,"{""name"":""polygon"",""all_points_x"":[2396,2393,2394,2438,2440],""all_points_y"":[118,118,122,147,145]}",{}
4.png,31850550,{},4404,1204,"{""name"":""polygon"",""all_points_x"":[2384,2385,2409,2454,2459,2417],""all_points_y"":[125,133,152,184,182,151]}",{}
4.png,31850550,{},4404,1205,"{""name"":""polygon"",""all_points_x"":[2214,2213,2245,2286,2325,2323,2260,2223],""all_points_y"":[233,239,246,257,271,266,246,237]}",{}
4.png,31850550,{},4404,1206,"{""name"":""polygon"",""all_points_x"":[2340,2340,2359,2369,2370],""all_points_y"":[253,257,262,264,260]}",{}
4.png,31850550,{},4404,1207,"{""name"":""polygon"",""all_points_x"":[2354,2354,2369,2408,2407],""all_points_y"":[268,272,274,281,277]}",{}
4.png,31850550,{},4404,1208,"{""name"":""polygon"",""all_points_x"":[2282,2279,2253,2253],""all_points_y"":[371,376,379,373]}",{}
4.png,31850550,{},4404,1209,"{""name"":""polygon"",""all_points_x"":[2154,2157,2130,2134],""all_points_y"":[370,374,385,380]}",{}
4.png,31850550,{},4404,1210,"{""name"":""polygon"",""all_points_x"":[2140,2140,2179,2206,2207],""all_points_y"":[249,253,256,259,255]}",{}
4.png,31850550,{},4404,1211,"{""name"":""polygon"",""all_points_x"":[2141,2106,2106,2139],""all_points_y"":[109,125,122,108]}",{}
4.png,31850550,{},4404,1212,"{""name"":""polygon"",""all_points_x"":[2093,2111,2120,2123,2096],""all_points_y"":[105,145,166,164,104]}",{}
4.png,31850550,{},4404,1213,"{""name"":""polygon"",""all_points_x"":[2098,2060,2060,2101],""all_points_y"":[125,138,142,127]}",{}
4.png,31850550,{},4404,1214,"{""name"":""polygon"",""all_points_x"":[2192,2188,2220,2217],""all_points_y"":[35,37,65,57]}",{}
4.png,31850550,{},4404,1215,"{""name"":""polygon"",""all_points_x"":[2214,2221,2221,2226,2217],""all_points_y"":[28,81,103,102,26]}",{}
4.png,31850550,{},4404,1216,"{""name"":""polygon"",""all_points_x"":[2225,2225,2244,2246],""all_points_y"":[61,66,84,80]}",{}
4.png,31850550,{},4404,1217,"{""name"":""polygon"",""all_points_x"":[1915,1912,1925,1944,1945,1926],""all_points_y"":[91,92,115,141,135,110]}",{}
4.png,31850550,{},4404,1218,"{""name"":""polygon"",""all_points_x"":[1831,1808,1804,1829],""all_points_y"":[65,108,109,67]}",{}
4.png,31850550,{},4404,1219,"{""name"":""polygon"",""all_points_x"":[1901,1901,1899,1903,1905],""all_points_y"":[44,76,104,105,43]}",{}
4.png,31850550,{},4404,1220,"{""name"":""polygon"",""all_points_x"":[1931,1922,1918,1928],""all_points_y"":[1,14,12,0]}",{}
4.png,31850550,{},4404,1221,"{""name"":""polygon"",""all_points_x"":[1953,1953,1973,1971],""all_points_y"":[17,22,28,24]}",{}
4.png,31850550,{},4404,1222,"{""name"":""polygon"",""all_points_x"":[1973,1979,1983,1976],""all_points_y"":[18,54,50,17]}",{}
4.png,31850550,{},4404,1223,"{""name"":""polygon"",""all_points_x"":[2010,1991,1991,2012],""all_points_y"":[45,50,54,49]}",{}
4.png,31850550,{},4404,1224,"{""name"":""polygon"",""all_points_x"":[1981,1982,2000,2000],""all_points_y"":[25,31,35,31]}",{}
4.png,31850550,{},4404,1225,"{""name"":""polygon"",""all_points_x"":[1800,1761,1717,1700,1696,1731,1796],""all_points_y"":[117,174,234,259,255,206,119]}",{}
4.png,31850550,{},4404,1226,"{""name"":""polygon"",""all_points_x"":[1782,1781,1784,1824,1824,1796],""all_points_y"":[123,127,126,97,93,114]}",{}
4.png,31850550,{},4404,1227,"{""name"":""polygon"",""all_points_x"":[1815,1819,1826,1825],""all_points_y"":[109,107,109,112]}",{}
4.png,31850550,{},4404,1228,"{""name"":""polygon"",""all_points_x"":[1831,1831,1840,1841],""all_points_y"":[110,115,116,113]}",{}
4.png,31850550,{},4404,1229,"{""name"":""polygon"",""all_points_x"":[1854,1853,1864,1864],""all_points_y"":[115,120,122,117]}",{}
4.png,31850550,{},4404,1230,"{""name"":""polygon"",""all_points_x"":[1923,1949,1952,1926],""all_points_y"":[151,192,188,148]}",{}
4.png,31850550,{},4404,1231,"{""name"":""polygon"",""all_points_x"":[1902,1902,1916,1915],""all_points_y"":[224,227,226,222]}",{}
4.png,31850550,{},4404,1232,"{""name"":""polygon"",""all_points_x"":[1903,1929,1937,1939,1926,1906],""all_points_y"":[245,301,314,312,283,244]}",{}
4.png,31850550,{},4404,1233,"{""name"":""polygon"",""all_points_x"":[1845,1850,1861,1863,1853,1850],""all_points_y"":[163,178,202,201,177,164]}",{}
4.png,31850550,{},4404,1234,"{""name"":""polygon"",""all_points_x"":[1842,1838,1798,1802,1839],""all_points_y"":[148,152,169,163,149]}",{}
4.png,31850550,{},4404,1235,"{""name"":""polygon"",""all_points_x"":[1834,1795,1788,1737,1739,1793,1835],""all_points_y"":[130,166,170,211,213,170,134]}",{}
4.png,31850550,{},4404,1236,"{""name"":""polygon"",""all_points_x"":[1967,1925,1928,1967],""all_points_y"":[93,104,108,98]}",{}
4.png,31850550,{},4404,1237,"{""name"":""polygon"",""all_points_x"":[1792,1767,1738,1742,1780],""all_points_y"":[181,199,217,212,186]}",{}
4.png,31850550,{},4404,1238,"{""name"":""polygon"",""all_points_x"":[1730,1731,1740,1742],""all_points_y"":[190,194,190,187]}",{}
4.png,31850550,{},4404,1239,"{""name"":""polygon"",""all_points_x"":[1771,1756,1756,1770],""all_points_y"":[176,183,186,179]}",{}
4.png,31850550,{},4404,1240,"{""name"":""polygon"",""all_points_x"":[1567,1569,1636,1635],""all_points_y"":[129,134,135,131]}",{}
4.png,31850550,{},4404,1241,"{""name"":""polygon"",""all_points_x"":[1597,1588,1578,1582,1594,1599],""all_points_y"":[141,176,202,203,170,142]}",{}
4.png,31850550,{},4404,1242,"{""name"":""polygon"",""all_points_x"":[1604,1599,1617,1619],""all_points_y"":[142,144,170,168]}",{}
4.png,31850550,{},4404,1243,"{""name"":""polygon"",""all_points_x"":[1667,1654,1646,1639,1641,1652,1658,1668],""all_points_y"":[151,162,180,188,189,180,164,154]}",{}
4.png,31850550,{},4404,1244,"{""name"":""polygon"",""all_points_x"":[1603,1602,1618,1633,1640,1646,1647,1635],""all_points_y"":[104,106,114,120,125,128,126,117]}",{}
4.png,31850550,{},4404,1245,"{""name"":""polygon"",""all_points_x"":[1707,1707,1725,1777,1775],""all_points_y"":[134,136,136,132,131]}",{}
4.png,31850550,{},4404,1246,"{""name"":""polygon"",""all_points_x"":[1684,1682,1706,1729,1729],""all_points_y"":[303,305,315,324,320]}",{}
4.png,31850550,{},4404,1247,"{""name"":""polygon"",""all_points_x"":[1800,1814,1816,1802],""all_points_y"":[298,330,328,298]}",{}
4.png,31850550,{},4404,1248,"{""name"":""polygon"",""all_points_x"":[1822,1821,1829,1888,1889,1835],""all_points_y"":[331,332,339,373,372,339]}",{}
4.png,31850550,{},4404,1249,"{""name"":""polygon"",""all_points_x"":[1817,1816,1818,1823,1820,1821],""all_points_y"":[298,347,390,390,349,298]}",{}
4.png,31850550,{},4404,1250,"{""name"":""polygon"",""all_points_x"":[1956,1921,1907,1909,1939,1961],""all_points_y"":[362,368,370,374,368,367]}",{}
4.png,31850550,{},4404,1251,"{""name"":""polygon"",""all_points_x"":[2094,2062,2063,2093],""all_points_y"":[361,371,374,364]}",{}
4.png,31850550,{},4404,1252,"{""name"":""polygon"",""all_points_x"":[2137,2137,2172,2187,2187,2162],""all_points_y"":[297,299,304,308,305,299]}",{}
4.png,31850550,{},4404,1253,"{""name"":""polygon"",""all_points_x"":[2020,1983,1985,2026],""all_points_y"":[267,297,298,271]}",{}
4.png,31850550,{},4404,1254,"{""name"":""polygon"",""all_points_x"":[2022,2010,2000,2004,2019],""all_points_y"":[278,292,299,301,288]}",{}
4.png,31850550,{},4404,1255,"{""name"":""polygon"",""all_points_x"":[1781,1777,1791,1791],""all_points_y"":[283,285,289,287]}",{}
4.png,31850550,{},4404,1256,"{""name"":""polygon"",""all_points_x"":[1807,1807,1817,1817],""all_points_y"":[291,293,295,292]}",{}
4.png,31850550,{},4404,1257,"{""name"":""polygon"",""all_points_x"":[1783,1728,1730,1784],""all_points_y"":[277,285,289,281]}",{}
4.png,31850550,{},4404,1258,"{""name"":""polygon"",""all_points_x"":[1678,1606,1609,1679],""all_points_y"":[302,335,337,307]}",{}
4.png,31850550,{},4404,1259,"{""name"":""polygon"",""all_points_x"":[2024,2010,2010,2023],""all_points_y"":[385,390,393,388]}",{}
4.png,31850550,{},4404,1260,"{""name"":""polygon"",""all_points_x"":[2001,1983,1986,2000],""all_points_y"":[393,399,401,395]}",{}
4.png,31850550,{},4404,1261,"{""name"":""polygon"",""all_points_x"":[1592,1592,1605,1607],""all_points_y"":[359,363,367,365]}",{}
4.png,31850550,{},4404,1262,"{""name"":""polygon"",""all_points_x"":[1614,1614,1653,1680,1678,1648,1625],""all_points_y"":[366,368,368,361,356,364,364]}",{}
4.png,31850550,{},4404,1263,"{""name"":""polygon"",""all_points_x"":[1608,1611,1614,1618,1615,1611],""all_points_y"":[351,385,396,396,373,352]}",{}
4.png,31850550,{},4404,1264,"{""name"":""polygon"",""all_points_x"":[1629,1627,1623,1627],""all_points_y"":[373,401,396,374]}",{}
4.png,31850550,{},4404,1265,"{""name"":""polygon"",""all_points_x"":[940,938,976,1002,1002],""all_points_y"":[7,10,23,33,29]}",{}
4.png,31850550,{},4404,1266,"{""name"":""polygon"",""all_points_x"":[880,880,910,920,960,962],""all_points_y"":[30,33,45,50,70,65]}",{}
4.png,31850550,{},4404,1267,"{""name"":""polygon"",""all_points_x"":[881,881,908,939,939],""all_points_y"":[39,42,58,75,71]}",{}
4.png,31850550,{},4404,1268,"{""name"":""polygon"",""all_points_x"":[1226,1225,1251,1251],""all_points_y"":[151,153,165,162]}",{}
4.png,31850550,{},4404,1269,"{""name"":""polygon"",""all_points_x"":[913,912,940,942],""all_points_y"":[87,89,107,104]}",{}
4.png,31850550,{},4404,1270,"{""name"":""polygon"",""all_points_x"":[975,973,996,996],""all_points_y"":[41,43,62,60]}",{}
4.png,31850550,{},4404,1271,"{""name"":""polygon"",""all_points_x"":[965,964,979,999,1001,983],""all_points_y"":[46,49,60,77,77,59]}",{}
4.png,31850550,{},4404,1272,"{""name"":""polygon"",""all_points_x"":[929,929,956,972,1000,1000,975],""all_points_y"":[119,122,144,156,175,171,152]}",{}
4.png,31850550,{},4404,1273,"{""name"":""polygon"",""all_points_x"":[966,922,922,972,969],""all_points_y"":[158,163,165,159,158]}",{}
4.png,31850550,{},4404,1274,"{""name"":""polygon"",""all_points_x"":[924,911,908,922],""all_points_y"":[129,153,152,128]}",{}
4.png,31850550,{},4404,1275,"{""name"":""polygon"",""all_points_x"":[919,918,942,992,1007,1006,976],""all_points_y"":[185,190,199,216,220,217,207]}",{}
4.png,31850550,{},4404,1276,"{""name"":""polygon"",""all_points_x"":[1250,1246,1281,1294,1286],""all_points_y"":[241,246,254,259,251]}",{}
4.png,31850550,{},4404,1277,"{""name"":""polygon"",""all_points_x"":[1411,1409,1434,1452,1454],""all_points_y"":[167,172,187,199,195]}",{}
4.png,31850550,{},4404,1278,"{""name"":""polygon"",""all_points_x"":[1466,1465,1482,1484],""all_points_y"":[203,207,221,218]}",{}
4.png,31850550,{},4404,1279,"{""name"":""polygon"",""all_points_x"":[1279,1264,1244,1216,1216,1250,1265,1278],""all_points_y"":[206,209,207,207,213,211,214,211]}",{}
4.png,31850550,{},4404,1280,"{""name"":""polygon"",""all_points_x"":[1391,1391,1432,1464,1471,1514,1512,1474,1427],""all_points_y"":[257,261,281,299,304,314,308,301,274]}",{}
4.png,31850550,{},4404,1281,"{""name"":""polygon"",""all_points_x"":[1108,1107,1138,1138],""all_points_y"":[247,250,257,253]}",{}
4.png,31850550,{},4404,1282,"{""name"":""polygon"",""all_points_x"":[1414,1414,1413,1424,1439,1447,1449],""all_points_y"":[191,190,193,201,213,221,219]}",{}
4.png,31850550,{},4404,1283,"{""name"":""polygon"",""all_points_x"":[1409,1413,1457,1453],""all_points_y"":[196,195,228,231]}",{}
4.png,31850550,{},4404,1284,"{""name"":""polygon"",""all_points_x"":[1275,1276,1289,1317,1317],""all_points_y"":[265,268,270,275,272]}",{}
4.png,31850550,{},4404,1285,"{""name"":""polygon"",""all_points_x"":[1768,1769,1794,1835,1871,1877,1877,1821,1799,1793],""all_points_y"":[291,293,298,299,307,308,305,296,295,295]}",{}
4.png,31850550,{},4404,1286,"{""name"":""polygon"",""all_points_x"":[1830,1805,1807,1832],""all_points_y"":[223,248,250,226]}",{}
4.png,31850550,{},4404,1287,"{""name"":""polygon"",""all_points_x"":[1892,1917,1921,1923,1895],""all_points_y"":[277,321,328,326,276]}",{}
4.png,31850550,{},4404,1288,"{""name"":""polygon"",""all_points_x"":[1907,1907,1911,1911],""all_points_y"":[269,297,300,270]}",{}
4.png,31850550,{},4404,1289,"{""name"":""polygon"",""all_points_x"":[1788,1814,1815,1791],""all_points_y"":[313,343,340,312]}",{}
4.png,31850550,{},4404,1290,"{""name"":""polygon"",""all_points_x"":[1824,1825,1856,1857],""all_points_y"":[352,357,400,399]}",{}
4.png,31850550,{},4404,1291,"{""name"":""polygon"",""all_points_x"":[1836,1837,1848,1845],""all_points_y"":[360,365,369,364]}",{}
4.png,31850550,{},4404,1292,"{""name"":""polygon"",""all_points_x"":[1851,1848,1858,1863],""all_points_y"":[365,365,391,392]}",{}
4.png,31850550,{},4404,1293,"{""name"":""polygon"",""all_points_x"":[1456,1453,1464,1474,1520,1591,1587,1512,1472,1467],""all_points_y"":[325,325,336,341,356,383,378,347,335,334]}",{}
4.png,31850550,{},4404,1294,"{""name"":""polygon"",""all_points_x"":[1632,1632,1670,1681,1680],""all_points_y"":[380,383,391,390,389]}",{}
4.png,31850550,{},4404,1295,"{""name"":""polygon"",""all_points_x"":[1722,1720,1750,1761,1760],""all_points_y"":[448,450,456,456,453]}",{}
4.png,31850550,{},4404,1296,"{""name"":""polygon"",""all_points_x"":[1695,1696,1723,1723],""all_points_y"":[399,402,407,403]}",{}
4.png,31850550,{},4404,1297,"{""name"":""polygon"",""all_points_x"":[1744,1744,1775,1784,1782],""all_points_y"":[405,407,409,408,406]}",{}
4.png,31850550,{},4404,1298,"{""name"":""polygon"",""all_points_x"":[1635,1634,1654,1666,1668],""all_points_y"":[422,426,433,436,434]}",{}
4.png,31850550,{},4404,1299,"{""name"":""polygon"",""all_points_x"":[1484,1484,1522,1546,1561,1561],""all_points_y"":[352,354,374,385,394,391]}",{}
4.png,31850550,{},4404,1300,"{""name"":""polygon"",""all_points_x"":[1567,1565,1581,1598,1603,1603],""all_points_y"":[393,394,403,412,414,412]}",{}
4.png,31850550,{},4404,1301,"{""name"":""polygon"",""all_points_x"":[1589,1593,1648,1651,1648],""all_points_y"":[476,476,518,521,523]}",{}
4.png,31850550,{},4404,1302,"{""name"":""polygon"",""all_points_x"":[1666,1665,1634,1635],""all_points_y"":[497,500,482,478]}",{}
4.png,31850550,{},4404,1303,"{""name"":""polygon"",""all_points_x"":[1618,1616,1632,1633],""all_points_y"":[290,294,302,300]}",{}
4.png,31850550,{},4404,1304,"{""name"":""polygon"",""all_points_x"":[1638,1637,1652,1654],""all_points_y"":[300,304,311,308]}",{}
4.png,31850550,{},4404,1305,"{""name"":""polygon"",""all_points_x"":[1515,1513,1545,1547],""all_points_y"":[179,180,210,208]}",{}
4.png,31850550,{},4404,1306,"{""name"":""polygon"",""all_points_x"":[1514,1517,1553,1585,1583],""all_points_y"":[190,187,217,239,242]}",{}
4.png,31850550,{},4404,1307,"{""name"":""polygon"",""all_points_x"":[1558,1561,1588,1584],""all_points_y"":[228,229,261,264]}",{}
4.png,31850550,{},4404,1308,"{""name"":""polygon"",""all_points_x"":[1618,1618,1639,1669,1670],""all_points_y"":[239,241,246,250,247]}",{}
4.png,31850550,{},4404,1309,"{""name"":""polygon"",""all_points_x"":[1716,1704,1698,1701,1718],""all_points_y"":[194,210,219,220,196]}",{}
4.png,31850550,{},4404,1310,"{""name"":""polygon"",""all_points_x"":[1689,1679,1681,1690],""all_points_y"":[231,239,242,233]}",{}
4.png,31850550,{},4404,1311,"{""name"":""polygon"",""all_points_x"":[1532,1530,1546,1583,1594,1593],""all_points_y"":[184,187,196,211,215,211]}",{}
4.png,31850550,{},4404,1312,"{""name"":""polygon"",""all_points_x"":[1604,1599,1602,1605],""all_points_y"":[157,212,211,158]}",{}
4.png,31850550,{},4404,1313,"{""name"":""polygon"",""all_points_x"":[1600,1605,1647,1645],""all_points_y"":[217,214,223,225]}",{}
4.png,31850550,{},4404,1314,"{""name"":""polygon"",""all_points_x"":[1706,1705,1730,1730],""all_points_y"":[151,154,159,157]}",{}
4.png,31850550,{},4404,1315,"{""name"":""polygon"",""all_points_x"":[1821,1808,1802,1819],""all_points_y"":[1,19,16,1]}",{}
4.png,31850550,{},4404,1316,"{""name"":""polygon"",""all_points_x"":[1520,1518,1557,1559],""all_points_y"":[259,261,282,277]}",{}
4.png,31850550,{},4404,1317,"{""name"":""polygon"",""all_points_x"":[1857,1857,1910,1905],""all_points_y"":[337,340,341,339]}",{}
4.png,31850550,{},4404,1318,"{""name"":""polygon"",""all_points_x"":[1835,1837,1815,1761,1761,1807],""all_points_y"":[711,713,719,731,728,719]}",{}
4.png,31850550,{},4404,1319,"{""name"":""polygon"",""all_points_x"":[1868,1867,1910,1907],""all_points_y"":[754,759,753,750]}",{}
4.png,31850550,{},4404,1320,"{""name"":""polygon"",""all_points_x"":[1637,1639,1664,1668,1664,1647],""all_points_y"":[700,705,707,705,702,703]}",{}
4.png,31850550,{},4404,1321,"{""name"":""polygon"",""all_points_x"":[1648,1651,1674,1674],""all_points_y"":[714,716,714,711]}",{}
4.png,31850550,{},4404,1322,"{""name"":""polygon"",""all_points_x"":[1593,1556,1556,1596],""all_points_y"":[718,718,719,722]}",{}
4.png,31850550,{},4404,1323,"{""name"":""polygon"",""all_points_x"":[1531,1529,1552,1583,1584,1553],""all_points_y"":[668,671,678,685,682,675]}",{}
4.png,31850550,{},4404,1324,"{""name"":""polygon"",""all_points_x"":[1946,1943,1939,1962,1976,1976],""all_points_y"":[608,608,610,616,620,616]}",{}
4.png,31850550,{},4404,1325,"{""name"":""polygon"",""all_points_x"":[1996,2031,2033,1998],""all_points_y"":[596,624,621,594]}",{}
4.png,31850550,{},4404,1326,"{""name"":""polygon"",""all_points_x"":[1994,1992,1993,1995],""all_points_y"":[615,614,583,584]}",{}
4.png,31850550,{},4404,1327,"{""name"":""polygon"",""all_points_x"":[1962,1946,1945,1960],""all_points_y"":[571,581,579,571]}",{}
4.png,31850550,{},4404,1328,"{""name"":""polygon"",""all_points_x"":[1981,1949,1953,1983],""all_points_y"":[552,588,590,552]}",{}
4.png,31850550,{},4404,1329,"{""name"":""polygon"",""all_points_x"":[2194,2156,2158,2194],""all_points_y"":[476,492,494,478]}",{}
4.png,31850550,{},4404,1330,"{""name"":""polygon"",""all_points_x"":[2148,2131,2118,2125,2148],""all_points_y"":[511,520,524,517,509]}",{}
4.png,31850550,{},4404,1331,"{""name"":""polygon"",""all_points_x"":[2253,2204,2204,2252],""all_points_y"":[495,510,512,498]}",{}
4.png,31850550,{},4404,1332,"{""name"":""polygon"",""all_points_x"":[2408,2334,2334,2404],""all_points_y"":[560,562,563,564]}",{}
4.png,31850550,{},4404,1333,"{""name"":""polygon"",""all_points_x"":[2175,2171,2167,2171],""all_points_y"":[326,365,360,328]}",{}
4.png,31850550,{},4404,1334,"{""name"":""polygon"",""all_points_x"":[2315,2321,2335,2338,2324,2319],""all_points_y"":[299,314,330,327,311,298]}",{}
4.png,31850550,{},4404,1335,"{""name"":""polygon"",""all_points_x"":[2371,2372,2384,2416,2417],""all_points_y"":[58,60,60,59,56]}",{}
4.png,31850550,{},4404,1336,"{""name"":""polygon"",""all_points_x"":[2178,2241,2282,2283,2247,2227,2179],""all_points_y"":[3,29,44,39,27,19,1]}",{}
4.png,31850550,{},4404,1337,"{""name"":""polygon"",""all_points_x"":[2175,2131,2133,2202,2200],""all_points_y"":[566,577,579,562,558]}",{}
4.png,31850550,{},4404,1338,"{""name"":""polygon"",""all_points_x"":[2042,2046,2069,2074,2074],""all_points_y"":[1143,1141,1146,1146,1151]}",{}
4.png,31850550,{},4404,1339,"{""name"":""polygon"",""all_points_x"":[2127,2125,2136,2165,2176,2178,2162],""all_points_y"":[1203,1205,1211,1227,1230,1229,1224]}",{}
4.png,31850550,{},4404,1340,"{""name"":""polygon"",""all_points_x"":[1927,1925,1968,1981,1973,1940],""all_points_y"":[1200,1204,1209,1209,1205,1203]}",{}
4.png,31850550,{},4404,1341,"{""name"":""polygon"",""all_points_x"":[1932,1931,1966,1967],""all_points_y"":[1246,1249,1271,1270]}",{}
4.png,31850550,{},4404,1342,"{""name"":""polygon"",""all_points_x"":[1916,1915,1943,1944],""all_points_y"":[1243,1246,1262,1261]}",{}
4.png,31850550,{},4404,1343,"{""name"":""polygon"",""all_points_x"":[2119,2160,2163,2123],""all_points_y"":[1255,1294,1292,1254]}",{}
4.png,31850550,{},4404,1344,"{""name"":""polygon"",""all_points_x"":[2076,2074,2110,2136,2135],""all_points_y"":[1311,1315,1317,1321,1317]}",{}
4.png,31850550,{},4404,1345,"{""name"":""polygon"",""all_points_x"":[2075,2078,2106,2111,2109],""all_points_y"":[1318,1317,1321,1323,1324]}",{}
4.png,31850550,{},4404,1346,"{""name"":""polygon"",""all_points_x"":[1911,1886,1868,1842,1842,1878,1911],""all_points_y"":[1555,1567,1572,1577,1581,1572,1558]}",{}
4.png,31850550,{},4404,1347,"{""name"":""polygon"",""all_points_x"":[1906,1874,1863,1871,1884,1906],""all_points_y"":[1550,1563,1572,1570,1564,1554]}",{}
4.png,31850550,{},4404,1348,"{""name"":""polygon"",""all_points_x"":[1928,1895,1900,1931],""all_points_y"":[1561,1589,1589,1563]}",{}
4.png,31850550,{},4404,1349,"{""name"":""polygon"",""all_points_x"":[2003,2007,1979,1975],""all_points_y"":[1677,1677,1650,1652]}",{}
4.png,31850550,{},4404,1350,"{""name"":""polygon"",""all_points_x"":[1923,1900,1898,1903,1926],""all_points_y"":[1683,1706,1709,1709,1686]}",{}
4.png,31850550,{},4404,1351,"{""name"":""polygon"",""all_points_x"":[2139,2131,2103,2103,2133],""all_points_y"":[1609,1615,1621,1619,1610]}",{}
4.png,31850550,{},4404,1352,"{""name"":""polygon"",""all_points_x"":[2095,2065,2066,2095],""all_points_y"":[1620,1626,1628,1623]}",{}
4.png,31850550,{},4404,1353,"{""name"":""polygon"",""all_points_x"":[2356,2313,2319,2358],""all_points_y"":[1526,1573,1571,1528]}",{}
4.png,31850550,{},4404,1354,"{""name"":""polygon"",""all_points_x"":[2464,2450,2454,2466],""all_points_y"":[1492,1506,1507,1494]}",{}
4.png,31850550,{},4404,1355,"{""name"":""polygon"",""all_points_x"":[2336,2335,2366,2364],""all_points_y"":[1677,1680,1673,1670]}",{}
4.png,31850550,{},4404,1356,"{""name"":""polygon"",""all_points_x"":[2408,2406,2417,2435,2443,2498,2496,2445],""all_points_y"":[1671,1674,1676,1681,1684,1692,1688,1681]}",{}
4.png,31850550,{},4404,1357,"{""name"":""polygon"",""all_points_x"":[2442,2422,2406,2404,2444],""all_points_y"":[1653,1660,1664,1662,1651]}",{}
4.png,31850550,{},4404,1358,"{""name"":""polygon"",""all_points_x"":[2320,2309,2288,2292,2316,2323],""all_points_y"":[1687,1713,1750,1748,1713,1686]}",{}
4.png,31850550,{},4404,1359,"{""name"":""polygon"",""all_points_x"":[2358,2352,2322,2263,2218,2222,2292,2357,2360],""all_points_y"":[1721,1728,1742,1763,1778,1780,1755,1730,1721]}",{}
4.png,31850550,{},4404,1360,"{""name"":""polygon"",""all_points_x"":[2291,2241,2243,2292],""all_points_y"":[1605,1659,1660,1607]}",{}
4.png,31850550,{},4404,1361,"{""name"":""polygon"",""all_points_x"":[2292,2248,2250,2292],""all_points_y"":[1614,1658,1659,1617]}",{}
4.png,31850550,{},4404,1362,"{""name"":""polygon"",""all_points_x"":[2347,2297,2299,2348],""all_points_y"":[1617,1655,1656,1621]}",{}
4.png,31850550,{},4404,1363,"{""name"":""polygon"",""all_points_x"":[2408,2388,2357,2354,2387,2408],""all_points_y"":[1617,1623,1629,1632,1625,1619]}",{}
4.png,31850550,{},4404,1364,"{""name"":""polygon"",""all_points_x"":[2448,2415,2417,2449],""all_points_y"":[1511,1551,1551,1513]}",{}
4.png,31850550,{},4404,1365,"{""name"":""polygon"",""all_points_x"":[2244,2214,2218,2246],""all_points_y"":[1580,1602,1603,1582]}",{}
4.png,31850550,{},4404,1366,"{""name"":""polygon"",""all_points_x"":[2101,2102,2132,2186,2186],""all_points_y"":[1584,1589,1583,1570,1567]}",{}
4.png,31850550,{},4404,1367,"{""name"":""polygon"",""all_points_x"":[2258,2227,2231,2259],""all_points_y"":[1590,1616,1616,1594]}",{}
4.png,31850550,{},4404,1368,"{""name"":""polygon"",""all_points_x"":[2331,2235,2236,2332],""all_points_y"":[1761,1802,1805,1765]}",{}
4.png,31850550,{},4404,1369,"{""name"":""polygon"",""all_points_x"":[2296,2264,2269,2296],""all_points_y"":[1769,1779,1781,1773]}",{}
4.png,31850550,{},4404,1370,"{""name"":""polygon"",""all_points_x"":[2246,2268,2270,2248],""all_points_y"":[1775,1786,1784,1773]}",{}
4.png,31850550,{},4404,1371,"{""name"":""polygon"",""all_points_x"":[2254,2226,2226,2259],""all_points_y"":[1782,1788,1790,1783]}",{}
4.png,31850550,{},4404,1372,"{""name"":""polygon"",""all_points_x"":[2198,2174,2175,2198],""all_points_y"":[1792,1796,1798,1795]}",{}
4.png,31850550,{},4404,1373,"{""name"":""polygon"",""all_points_x"":[2203,2167,2167,2205],""all_points_y"":[1779,1793,1795,1780]}",{}
4.png,31850550,{},4404,1374,"{""name"":""polygon"",""all_points_x"":[2292,2264,2265,2293],""all_points_y"":[1736,1751,1753,1737]}",{}
4.png,31850550,{},4404,1375,"{""name"":""polygon"",""all_points_x"":[2257,2219,2219,2259],""all_points_y"":[1755,1772,1774,1756]}",{}
4.png,31850550,{},4404,1376,"{""name"":""polygon"",""all_points_x"":[2407,2360,2351,2351,2368,2409],""all_points_y"":[1760,1806,1812,1814,1803,1761]}",{}
4.png,31850550,{},4404,1377,"{""name"":""polygon"",""all_points_x"":[2398,2366,2368,2401],""all_points_y"":[1750,1785,1786,1753]}",{}
4.png,31850550,{},4404,1378,"{""name"":""polygon"",""all_points_x"":[2316,2320,2369,2366],""all_points_y"":[1836,1838,1798,1795]}",{}
4.png,31850550,{},4404,1379,"{""name"":""polygon"",""all_points_x"":[2367,2410,2410,2370],""all_points_y"":[1722,1739,1735,1718]}",{}
4.png,31850550,{},4404,1380,"{""name"":""polygon"",""all_points_x"":[2504,2449,2451,2503],""all_points_y"":[1719,1755,1759,1723]}",{}
4.png,31850550,{},4404,1381,"{""name"":""polygon"",""all_points_x"":[2440,2414,2417,2444],""all_points_y"":[1761,1783,1785,1763]}",{}
4.png,31850550,{},4404,1382,"{""name"":""polygon"",""all_points_x"":[2365,2368,2394,2443,2441,2414,2391],""all_points_y"":[1830,1833,1823,1797,1793,1810,1820]}",{}
4.png,31850550,{},4404,1383,"{""name"":""polygon"",""all_points_x"":[2298,2269,2270,2301],""all_points_y"":[1861,1872,1875,1863]}",{}
4.png,31850550,{},4404,1384,"{""name"":""polygon"",""all_points_x"":[2339,2314,2295,2297,2324,2340],""all_points_y"":[1854,1876,1899,1900,1869,1856]}",{}
4.png,31850550,{},4404,1385,"{""name"":""polygon"",""all_points_x"":[2398,2371,2349,2310,2279,2276,2309,2343,2366,2400],""all_points_y"":[1850,1877,1896,1923,1937,1941,1927,1904,1886,1852]}",{}
4.png,31850550,{},4404,1386,"{""name"":""polygon"",""all_points_x"":[2471,2421,2421,2476],""all_points_y"":[1839,1861,1863,1841]}",{}
4.png,31850550,{},4404,1387,"{""name"":""polygon"",""all_points_x"":[2445,2379,2373,2446],""all_points_y"":[1876,1908,1915,1878]}",{}
4.png,31850550,{},4404,1388,"{""name"":""polygon"",""all_points_x"":[2453,2398,2398,2453],""all_points_y"":[1868,1885,1889,1873]}",{}
4.png,31850550,{},4404,1389,"{""name"":""polygon"",""all_points_x"":[2480,2449,2410,2413,2447,2482],""all_points_y"":[1847,1896,1954,1956,1909,1850]}",{}
4.png,31850550,{},4404,1390,"{""name"":""polygon"",""all_points_x"":[2251,2248,2262,2280,2310,2310,2282,2264],""all_points_y"":[1865,1865,1884,1898,1908,1904,1894,1880]}",{}
4.png,31850550,{},4404,1391,"{""name"":""polygon"",""all_points_x"":[2289,2251,2261,2292],""all_points_y"":[1905,1948,1942,1905]}",{}
4.png,31850550,{},4404,1392,"{""name"":""polygon"",""all_points_x"":[2299,2278,2280,2302],""all_points_y"":[1907,1927,1928,1908]}",{}
4.png,31850550,{},4404,1393,"{""name"":""polygon"",""all_points_x"":[2274,2278,2323,2351,2352,2318,2277],""all_points_y"":[1947,1944,1926,1909,1913,1931,1948]}",{}
4.png,31850550,{},4404,1394,"{""name"":""polygon"",""all_points_x"":[2419,2374,2363,2363,2421],""all_points_y"":[1911,1935,1938,1942,1916]}",{}
4.png,31850550,{},4404,1395,"{""name"":""polygon"",""all_points_x"":[2357,2343,2343,2355],""all_points_y"":[1941,1944,1947,1945]}",{}
4.png,31850550,{},4404,1396,"{""name"":""polygon"",""all_points_x"":[2348,2347,2365,2380,2413,2414,2386],""all_points_y"":[1954,1952,1948,1944,1931,1932,1945]}",{}
4.png,31850550,{},4404,1397,"{""name"":""polygon"",""all_points_x"":[2424,2426,2457,2454],""all_points_y"":[1944,1942,1972,1973]}",{}
4.png,31850550,{},4404,1398,"{""name"":""polygon"",""all_points_x"":[2233,2209,2212,2236],""all_points_y"":[1839,1867,1867,1840]}",{}
4.png,31850550,{},4404,1399,"{""name"":""polygon"",""all_points_x"":[2273,2264,2244,2204,2210,2280],""all_points_y"":[1913,1921,1942,1983,1983,1911]}",{}
4.png,31850550,{},4404,1400,"{""name"":""polygon"",""all_points_x"":[2129,2118,2101,2097,2073,2073,2098,2106,2123,2131],""all_points_y"":[1837,1851,1862,1869,1880,1885,1872,1864,1851,1838]}",{}
4.png,31850550,{},4404,1401,"{""name"":""polygon"",""all_points_x"":[2130,2131,2154,2154],""all_points_y"":[1849,1847,1839,1843]}",{}
4.png,31850550,{},4404,1402,"{""name"":""polygon"",""all_points_x"":[2224,2209,2213,2227],""all_points_y"":[1909,1937,1939,1911]}",{}
4.png,31850550,{},4404,1403,"{""name"":""polygon"",""all_points_x"":[2234,2217,2220,2235],""all_points_y"":[1907,1933,1933,1911]}",{}
4.png,31850550,{},4404,1404,"{""name"":""polygon"",""all_points_x"":[2246,2217,2201,2203,2247],""all_points_y"":[1907,1939,1958,1959,1910]}",{}
4.png,31850550,{},4404,1405,"{""name"":""polygon"",""all_points_x"":[2253,2216,2174,2192,2251],""all_points_y"":[1911,1954,2005,1976,1909]}",{}
4.png,31850550,{},4404,1406,"{""name"":""polygon"",""all_points_x"":[2271,2235,2236,2273],""all_points_y"":[1940,1973,1977,1941]}",{}
4.png,31850550,{},4404,1407,"{""name"":""polygon"",""all_points_x"":[2154,2080,2083,2156],""all_points_y"":[1895,1922,1926,1899]}",{}
4.png,31850550,{},4404,1408,"{""name"":""polygon"",""all_points_x"":[2093,2071,2072,2095],""all_points_y"":[1899,1916,1917,1902]}",{}
4.png,31850550,{},4404,1409,"{""name"":""polygon"",""all_points_x"":[2009,1967,1949,1952,2008],""all_points_y"":[1870,1893,1901,1896,1867]}",{}
4.png,31850550,{},4404,1410,"{""name"":""polygon"",""all_points_x"":[1943,1935,1907,1903,1906,1918,1941],""all_points_y"":[1903,1910,1917,1915,1914,1911,1903]}",{}
4.png,31850550,{},4404,1411,"{""name"":""polygon"",""all_points_x"":[1898,1872,1874,1901],""all_points_y"":[1917,1932,1934,1919]}",{}
4.png,31850550,{},4404,1412,"{""name"":""polygon"",""all_points_x"":[1861,1872,1913,1967,1966,1879],""all_points_y"":[1952,1946,1932,1911,1915,1948]}",{}
4.png,31850550,{},4404,1413,"{""name"":""polygon"",""all_points_x"":[2105,2091,2085,2090,2108],""all_points_y"":[1958,1991,2001,1999,1960]}",{}
4.png,31850550,{},4404,1414,"{""name"":""polygon"",""all_points_x"":[2163,2161,2204,2199],""all_points_y"":[1816,1812,1811,1815]}",{}
4.png,31850550,{},4404,1415,"{""name"":""polygon"",""all_points_x"":[2127,2135,2160,2154],""all_points_y"":[1817,1814,1784,1784]}",{}
4.png,31850550,{},4404,1416,"{""name"":""polygon"",""all_points_x"":[2274,2233,2228,2230,2236,2277],""all_points_y"":[1954,1981,1982,1984,1982,1954]}",{}
4.png,31850550,{},4404,1417,"{""name"":""polygon"",""all_points_x"":[2330,2260,2265,2330],""all_points_y"":[1972,2017,2016,1975]}",{}
4.png,31850550,{},4404,1418,"{""name"":""polygon"",""all_points_x"":[2401,2438,2440,2406],""all_points_y"":[1950,1981,1978,1949]}",{}
4.png,31850550,{},4404,1419,"{""name"":""polygon"",""all_points_x"":[2467,2438,2439,2467],""all_points_y"":[1913,1930,1926,1912]}",{}
4.png,31850550,{},4404,1420,"{""name"":""polygon"",""all_points_x"":[2166,2136,2141,2167],""all_points_y"":[1969,2010,2010,1974]}",{}
4.png,31850550,{},4404,1421,"{""name"":""polygon"",""all_points_x"":[2128,2145,2147,2129],""all_points_y"":[1982,1992,1989,1979]}",{}
4.png,31850550,{},4404,1422,"{""name"":""polygon"",""all_points_x"":[2146,2135,2136,2148],""all_points_y"":[1960,1979,1980,1963]}",{}
4.png,31850550,{},4404,1423,"{""name"":""polygon"",""all_points_x"":[2129,2123,2126,2132],""all_points_y"":[1986,1995,1995,1987]}",{}
4.png,31850550,{},4404,1424,"{""name"":""polygon"",""all_points_x"":[2118,2107,2103,2107,2121],""all_points_y"":[1980,2024,2047,2045,1983]}",{}
4.png,31850550,{},4404,1425,"{""name"":""polygon"",""all_points_x"":[2106,2089,2094,2109],""all_points_y"":[2006,2060,2057,2007]}",{}
4.png,31850550,{},4404,1426,"{""name"":""polygon"",""all_points_x"":[2104,2085,2087,2104],""all_points_y"":[1999,2054,2054,2003]}",{}
4.png,31850550,{},4404,1427,"{""name"":""polygon"",""all_points_x"":[2175,2176,2194,2256,2252],""all_points_y"":[2028,2031,2022,1987,1986]}",{}
4.png,31850550,{},4404,1428,"{""name"":""polygon"",""all_points_x"":[2141,2109,2080,2053,2040,2046,2075,2110,2144],""all_points_y"":[2033,2074,2103,2125,2135,2136,2111,2080,2034]}",{}
4.png,31850550,{},4404,1429,"{""name"":""polygon"",""all_points_x"":[2123,2101,2104,2128],""all_points_y"":[2040,2071,2070,2042]}",{}
4.png,31850550,{},4404,1430,"{""name"":""polygon"",""all_points_x"":[2119,2116,2092,2101,2121],""all_points_y"":[2024,2033,2070,2063,2029]}",{}
4.png,31850550,{},4404,1431,"{""name"":""polygon"",""all_points_x"":[2309,2257,2257,2313],""all_points_y"":[1976,2002,2005,1977]}",{}
4.png,31850550,{},4404,1432,"{""name"":""polygon"",""all_points_x"":[2380,2331,2293,2279,2277,2299,2379],""all_points_y"":[1982,1997,2008,2009,2011,2008,1987]}",{}
4.png,31850550,{},4404,1433,"{""name"":""polygon"",""all_points_x"":[2397,2373,2314,2273,2274,2334,2358,2398],""all_points_y"":[1988,1997,2010,2015,2018,2009,2004,1991]}",{}
4.png,31850550,{},4404,1434,"{""name"":""polygon"",""all_points_x"":[2412,2427,2432,2411],""all_points_y"":[2009,2020,2020,2006]}",{}
4.png,31850550,{},4404,1435,"{""name"":""polygon"",""all_points_x"":[2439,2398,2398,2443],""all_points_y"":[2018,2024,2027,2021]}",{}
4.png,31850550,{},4404,1436,"{""name"":""polygon"",""all_points_x"":[2435,2458,2459,2439],""all_points_y"":[2024,2039,2037,2023]}",{}
4.png,31850550,{},4404,1437,"{""name"":""polygon"",""all_points_x"":[1164,1128,1115,1090,1091,1164],""all_points_y"":[785,814,822,838,840,790]}",{}
4.png,31850550,{},4404,1438,"{""name"":""polygon"",""all_points_x"":[1035,1034,1049,1139,1138,1061,1050],""all_points_y"":[775,779,781,788,785,778,778]}",{}
4.png,31850550,{},4404,1439,"{""name"":""polygon"",""all_points_x"":[1094,1093,1106,1115,1128,1130,1105],""all_points_y"":[732,733,739,743,749,747,735]}",{}
4.png,31850550,{},4404,1440,"{""name"":""polygon"",""all_points_x"":[1088,1089,1122,1116],""all_points_y"":[744,748,748,744]}",{}
4.png,31850550,{},4404,1441,"{""name"":""polygon"",""all_points_x"":[1121,1124,1155,1154,1134],""all_points_y"":[824,823,843,845,833]}",{}
4.png,31850550,{},4404,1442,"{""name"":""polygon"",""all_points_x"":[1129,1129,1144,1168,1167],""all_points_y"":[708,712,712,711,707]}",{}
4.png,31850550,{},4404,1443,"{""name"":""polygon"",""all_points_x"":[1090,1119,1121,1089],""all_points_y"":[765,765,768,768]}",{}
4.png,31850550,{},4404,1444,"{""name"":""polygon"",""all_points_x"":[1008,1008,1034,1061,1084,1085,1046],""all_points_y"":[788,792,798,803,807,803,796]}",{}
4.png,31850550,{},4404,1445,"{""name"":""polygon"",""all_points_x"":[1151,1122,1128,1153],""all_points_y"":[782,816,814,783]}",{}
4.png,31850550,{},4404,1446,"{""name"":""polygon"",""all_points_x"":[968,942,944,974],""all_points_y"":[1411,1423,1425,1411]}",{}
4.png,31850550,{},4404,1447,"{""name"":""polygon"",""all_points_x"":[942,944,917,893,895,913,936],""all_points_y"":[1423,1425,1434,1440,1436,1432,1425]}",{}
4.png,31850550,{},4404,1448,"{""name"":""polygon"",""all_points_x"":[868,866,894,894],""all_points_y"":[1492,1495,1501,1498]}",{}
4.png,31850550,{},4404,1449,"{""name"":""polygon"",""all_points_x"":[894,894,924,925],""all_points_y"":[1498,1501,1507,1504]}",{}
4.png,31850550,{},4404,1450,"{""name"":""polygon"",""all_points_x"":[1028,1027,1027,1055,1057],""all_points_y"":[894,894,898,911,909]}",{}
4.png,31850550,{},4404,1451,"{""name"":""polygon"",""all_points_x"":[1145,1144,1168,1177,1177],""all_points_y"":[821,825,838,843,838]}",{}
4.png,31850550,{},4404,1452,"{""name"":""polygon"",""all_points_x"":[1521,1521,1544,1544],""all_points_y"":[952,957,957,953]}",{}
4.png,31850550,{},4404,1453,"{""name"":""polygon"",""all_points_x"":[1584,1557,1554,1582],""all_points_y"":[948,951,955,952]}",{}
4.png,31850550,{},4404,1454,"{""name"":""polygon"",""all_points_x"":[1570,1566,1589,1590],""all_points_y"":[931,932,945,942]}",{}
4.png,31850550,{},4404,1455,"{""name"":""polygon"",""all_points_x"":[1648,1665,1668,1650],""all_points_y"":[957,945,944,961]}",{}
4.png,31850550,{},4404,1456,"{""name"":""polygon"",""all_points_x"":[1671,1674,1687,1684],""all_points_y"":[937,939,927,925]}",{}
4.png,31850550,{},4404,1457,"{""name"":""polygon"",""all_points_x"":[1582,1495,1499,1584],""all_points_y"":[1000,1056,1057,1001]}",{}
4.png,31850550,{},4404,1458,"{""name"":""polygon"",""all_points_x"":[1614,1591,1591,1615],""all_points_y"":[979,995,997,981]}",{}
4.png,31850550,{},4404,1459,"{""name"":""polygon"",""all_points_x"":[1567,1532,1526,1567],""all_points_y"":[987,991,999,989]}",{}
4.png,31850550,{},4404,1460,"{""name"":""polygon"",""all_points_x"":[1546,1519,1516,1547],""all_points_y"":[1007,1013,1016,1009]}",{}
4.png,31850550,{},4404,1461,"{""name"":""polygon"",""all_points_x"":[1564,1513,1516,1567],""all_points_y"":[1019,1055,1057,1022]}",{}
4.png,31850550,{},4404,1462,"{""name"":""polygon"",""all_points_x"":[1677,1655,1661,1678],""all_points_y"":[819,829,829,821]}",{}
4.png,31850550,{},4404,1463,"{""name"":""polygon"",""all_points_x"":[1561,1565,1588,1585],""all_points_y"":[1126,1123,1144,1145]}",{}
4.png,31850550,{},4404,1464,"{""name"":""polygon"",""all_points_x"":[1821,1821,1852,1854],""all_points_y"":[553,556,573,572]}",{}
4.png,31850550,{},4404,1465,"{""name"":""polygon"",""all_points_x"":[2397,2396,2452,2452],""all_points_y"":[811,814,838,835]}",{}
4.png,31850550,{},4404,1466,"{""name"":""polygon"",""all_points_x"":[2478,2477,2520,2521],""all_points_y"":[747,750,778,776]}",{}
4.png,31850550,{},4404,1467,"{""name"":""polygon"",""all_points_x"":[2140,2140,2160,2160],""all_points_y"":[801,805,803,799]}",{}
4.png,31850550,{},4404,1468,"{""name"":""polygon"",""all_points_x"":[2191,2191,2228,2229],""all_points_y"":[962,964,965,962]}",{}
4.png,31850550,{},4404,1469,"{""name"":""polygon"",""all_points_x"":[2057,1991,1991,2060],""all_points_y"":[963,987,990,966]}",{}
4.png,31850550,{},4404,1470,"{""name"":""polygon"",""all_points_x"":[2279,2256,2234,2233,2262,2278],""all_points_y"":[649,663,674,670,657,648]}",{}
4.png,31850550,{},4404,1471,"{""name"":""polygon"",""all_points_x"":[2295,2292,2329,2347,2349,2317],""all_points_y"":[583,585,605,618,617,595]}",{}
4.png,31850550,{},4404,1472,"{""name"":""polygon"",""all_points_x"":[2557,2518,2521,2558],""all_points_y"":[899,936,937,903]}",{}
4.png,31850550,{},4404,1473,"{""name"":""polygon"",""all_points_x"":[2613,2586,2588,2616],""all_points_y"":[861,903,904,861]}",{}
4.png,31850550,{},4404,1474,"{""name"":""polygon"",""all_points_x"":[2686,2662,2643,2608,2600,2603,2617,2649,2688],""all_points_y"":[847,872,893,938,959,959,934,893,848]}",{}
4.png,31850550,{},4404,1475,"{""name"":""polygon"",""all_points_x"":[2213,2200,2194,2196,2204,2213],""all_points_y"":[683,684,687,689,686,686]}",{}
4.png,31850550,{},4404,1476,"{""name"":""polygon"",""all_points_x"":[2307,2308,2323,2350,2344],""all_points_y"":[730,733,735,737,734]}",{}
4.png,31850550,{},4404,1477,"{""name"":""polygon"",""all_points_x"":[2407,2408,2430,2431,2428],""all_points_y"":[742,749,768,766,762]}",{}
4.png,31850550,{},4404,1478,"{""name"":""polygon"",""all_points_x"":[2289,2317,2319,2292],""all_points_y"":[768,780,778,766]}",{}
4.png,31850550,{},4404,1479,"{""name"":""polygon"",""all_points_x"":[2528,2527,2543,2558,2577,2579],""all_points_y"":[728,730,742,752,765,763]}",{}
4.png,31850550,{},4404,1480,"{""name"":""polygon"",""all_points_x"":[2604,2604,2633,2643,2643,2613],""all_points_y"":[756,759,766,768,766,759]}",{}
4.png,31850550,{},4404,1481,"{""name"":""polygon"",""all_points_x"":[2617,2615,2632,2665,2666],""all_points_y"":[719,722,730,744,742]}",{}
4.png,31850550,{},4404,1482,"{""name"":""polygon"",""all_points_x"":[2533,2559,2562,2537],""all_points_y"":[566,590,590,565]}",{}
4.png,31850550,{},4404,1483,"{""name"":""polygon"",""all_points_x"":[2581,2589,2591,2584],""all_points_y"":[599,636,636,596]}",{}
4.png,31850550,{},4404,1484,"{""name"":""polygon"",""all_points_x"":[2267,2238,2241,2263,2270],""all_points_y"":[676,703,703,686,676]}",{}
4.png,31850550,{},4404,1485,"{""name"":""polygon"",""all_points_x"":[2055,2051,2059,2098,2098],""all_points_y"":[744,748,746,745,741]}",{}
4.png,31850550,{},4404,1486,"{""name"":""polygon"",""all_points_x"":[2211,2215,2247,2244],""all_points_y"":[836,836,857,859]}",{}
4.png,31850550,{},4404,1487,"{""name"":""polygon"",""all_points_x"":[2266,2269,2227,2211],""all_points_y"":[859,857,838,832]}",{}
4.png,31850550,{},4404,1488,"{""name"":""polygon"",""all_points_x"":[2026,2029,2004,2003],""all_points_y"":[761,763,771,768]}",{}
4.png,31850550,{},4404,1489,"{""name"":""polygon"",""all_points_x"":[1747,1747,1699,1701],""all_points_y"":[660,662,659,657]}",{}
4.png,31850550,{},4404,1490,"{""name"":""polygon"",""all_points_x"":[1790,1764,1766,1792],""all_points_y"":[650,660,662,651]}",{}
4.png,31850550,{},4404,1491,"{""name"":""polygon"",""all_points_x"":[1710,1745,1749,1710],""all_points_y"":[811,823,821,809]}",{}
4.png,31850550,{},4404,1492,"{""name"":""polygon"",""all_points_x"":[1851,1881,1900,1899,1877,1854],""all_points_y"":[847,854,860,855,850,844]}",{}
4.png,31850550,{},4404,1493,"{""name"":""polygon"",""all_points_x"":[1955,1929,1931,1957],""all_points_y"":[775,785,789,778]}",{}
4.png,31850550,{},4404,1494,"{""name"":""polygon"",""all_points_x"":[1980,1983,2021,2019],""all_points_y"":[771,771,799,801]}",{}
4.png,31850550,{},4404,1495,"{""name"":""polygon"",""all_points_x"":[2201,2183,2184,2201],""all_points_y"":[867,872,874,869]}",{}
4.png,31850550,{},4404,1496,"{""name"":""polygon"",""all_points_x"":[2056,2055,2086,2121,2118,2094],""all_points_y"":[981,984,986,989,986,982]}",{}
4.png,31850550,{},4404,1497,"{""name"":""polygon"",""all_points_x"":[2492,2454,2456,2493],""all_points_y"":[1007,1023,1026,1010]}",{}
4.png,31850550,{},4404,1498,"{""name"":""polygon"",""all_points_x"":[2494,2463,2464,2496],""all_points_y"":[1016,1031,1032,1019]}",{}
4.png,31850550,{},4404,1499,"{""name"":""polygon"",""all_points_x"":[2170,2175,2198,2197],""all_points_y"":[1070,1068,1071,1072]}",{}
4.png,31850550,{},4404,1500,"{""name"":""polygon"",""all_points_x"":[2163,2160,2174,2176],""all_points_y"":[1073,1076,1077,1075]}",{}
4.png,31850550,{},4404,1501,"{""name"":""polygon"",""all_points_x"":[2221,2162,2162,2219],""all_points_y"":[1080,1079,1080,1083]}",{}
4.png,31850550,{},4404,1502,"{""name"":""polygon"",""all_points_x"":[2406,2404,2412,2423,2461,2455],""all_points_y"":[1140,1142,1146,1145,1147,1144]}",{}
4.png,31850550,{},4404,1503,"{""name"":""polygon"",""all_points_x"":[2124,2121,2147,2171,2201,2202,2173,2149],""all_points_y"":[1173,1176,1180,1186,1192,1189,1183,1178]}",{}
4.png,31850550,{},4404,1504,"{""name"":""polygon"",""all_points_x"":[2352,2352,2365,2383,2383],""all_points_y"":[1090,1092,1094,1095,1092]}",{}
4.png,31850550,{},4404,1505,"{""name"":""polygon"",""all_points_x"":[2407,2412,2439,2466,2465,2433],""all_points_y"":[1148,1147,1155,1161,1163,1156]}",{}
4.png,31850550,{},4404,1506,"{""name"":""polygon"",""all_points_x"":[2488,2488,2497,2508,2546,2546,2513],""all_points_y"":[1185,1188,1189,1194,1202,1199,1191]}",{}
4.png,31850550,{},4404,1507,"{""name"":""polygon"",""all_points_x"":[2483,2483,2486,2487],""all_points_y"":[1182,1202,1203,1182]}",{}
4.png,31850550,{},4404,1508,"{""name"":""polygon"",""all_points_x"":[2478,2450,2450,2476],""all_points_y"":[1162,1173,1170,1160]}",{}
4.png,31850550,{},4404,1509,"{""name"":""polygon"",""all_points_x"":[2420,2419,2428,2451,2454],""all_points_y"":[1157,1160,1163,1168,1167]}",{}
4.png,31850550,{},4404,1510,"{""name"":""polygon"",""all_points_x"":[2019,2021,2050,2050,2027],""all_points_y"":[1224,1227,1228,1225,1224]}",{}
4.png,31850550,{},4404,1511,"{""name"":""polygon"",""all_points_x"":[2473,2425,2426,2475],""all_points_y"":[1226,1242,1244,1229]}",{}
4.png,31850550,{},4404,1512,"{""name"":""polygon"",""all_points_x"":[2465,2464,2481,2481],""all_points_y"":[1211,1213,1219,1217]}",{}
4.png,31850550,{},4404,1513,"{""name"":""polygon"",""all_points_x"":[2505,2505,2523,2540,2540,2519],""all_points_y"":[1222,1224,1229,1232,1228,1225]}",{}
4.png,31850550,{},4404,1514,"{""name"":""polygon"",""all_points_x"":[2462,2462,2472,2491,2494],""all_points_y"":[1201,1205,1207,1213,1212]}",{}
4.png,31850550,{},4404,1515,"{""name"":""polygon"",""all_points_x"":[2609,2598,2591,2525,2525,2590,2611],""all_points_y"":[1237,1241,1243,1262,1265,1246,1240]}",{}
4.png,31850550,{},4404,1516,"{""name"":""polygon"",""all_points_x"":[2463,2425,2424,2462],""all_points_y"":[1247,1254,1258,1251]}",{}
4.png,31850550,{},4404,1517,"{""name"":""polygon"",""all_points_x"":[2458,2441,2446,2459],""all_points_y"":[1241,1243,1239,1237]}",{}
4.png,31850550,{},4404,1518,"{""name"":""polygon"",""all_points_x"":[2403,2383,2386,2406],""all_points_y"":[1282,1330,1331,1283]}",{}
4.png,31850550,{},4404,1519,"{""name"":""polygon"",""all_points_x"":[2447,2435,2415,2401,2405,2434,2451],""all_points_y"":[1291,1317,1352,1371,1371,1326,1291]}",{}
4.png,31850550,{},4404,1520,"{""name"":""polygon"",""all_points_x"":[2532,2516,2518,2533],""all_points_y"":[1315,1326,1327,1317]}",{}
4.png,31850550,{},4404,1521,"{""name"":""polygon"",""all_points_x"":[2497,2490,2490,2499],""all_points_y"":[1340,1345,1348,1341]}",{}
4.png,31850550,{},4404,1522,"{""name"":""polygon"",""all_points_x"":[2454,2435,2397,2409,2446,2458],""all_points_y"":[1375,1395,1424,1421,1389,1376]}",{}
4.png,31850550,{},4404,1523,"{""name"":""polygon"",""all_points_x"":[2428,2395,2404,2429],""all_points_y"":[1385,1421,1416,1388]}",{}
4.png,31850550,{},4404,1524,"{""name"":""polygon"",""all_points_x"":[2377,2348,2349,2378],""all_points_y"":[1392,1399,1403,1396]}",{}
4.png,31850550,{},4404,1525,"{""name"":""polygon"",""all_points_x"":[2649,2612,2603,2606,2651],""all_points_y"":[1285,1325,1338,1338,1285]}",{}
4.png,31850550,{},4404,1526,"{""name"":""polygon"",""all_points_x"":[2634,2600,2603,2637],""all_points_y"":[1315,1357,1359,1317]}",{}
4.png,31850550,{},4404,1527,"{""name"":""polygon"",""all_points_x"":[2565,2559,2521,2499,2500,2528,2563,2565],""all_points_y"":[1377,1381,1388,1394,1396,1389,1381,1379]}",{}
4.png,31850550,{},4404,1528,"{""name"":""polygon"",""all_points_x"":[2458,2428,2402,2408,2459],""all_points_y"":[1385,1409,1432,1431,1388]}",{}
4.png,31850550,{},4404,1529,"{""name"":""polygon"",""all_points_x"":[2463,2406,2398,2376,2362,2362,2376,2394,2407,2434,2465],""all_points_y"":[1393,1456,1462,1478,1484,1486,1481,1469,1459,1430,1396]}",{}
4.png,31850550,{},4404,1530,"{""name"":""polygon"",""all_points_x"":[2449,2450,2432,2422,2400,2389,2394,2400,2425],""all_points_y"":[1464,1467,1474,1478,1485,1484,1482,1482,1474]}",{}
4.png,31850550,{},4404,1531,"{""name"":""polygon"",""all_points_x"":[2570,2524,2529,2569],""all_points_y"":[1487,1522,1523,1490]}",{}
4.png,31850550,{},4404,1532,"{""name"":""polygon"",""all_points_x"":[2575,2526,2523,2533,2574],""all_points_y"":[1490,1531,1529,1520,1488]}",{}
4.png,31850550,{},4404,1533,"{""name"":""polygon"",""all_points_x"":[2479,2430,2431,2478],""all_points_y"":[1541,1553,1549,1537]}",{}
4.png,31850550,{},4404,1534,"{""name"":""polygon"",""all_points_x"":[2452,2460,2487,2490,2490,2473,2458],""all_points_y"":[1551,1549,1544,1544,1549,1549,1551]}",{}
4.png,31850550,{},4404,1535,"{""name"":""polygon"",""all_points_x"":[2477,2437,2438,2462,2480],""all_points_y"":[1558,1580,1583,1569,1559]}",{}
4.png,31850550,{},4404,1536,"{""name"":""polygon"",""all_points_x"":[2417,2378,2380,2416],""all_points_y"":[1564,1582,1576,1560]}",{}
4.png,31850550,{},4404,1537,"{""name"":""polygon"",""all_points_x"":[2412,2401,2379,2382,2400,2406,2412],""all_points_y"":[1569,1575,1582,1586,1577,1577,1572]}",{}
4.png,31850550,{},4404,1538,"{""name"":""polygon"",""all_points_x"":[2482,2464,2465,2481,2485],""all_points_y"":[1448,1463,1466,1455,1448]}",{}
4.png,31850550,{},4404,1539,"{""name"":""polygon"",""all_points_x"":[2454,2422,2411,2411,2435,2456],""all_points_y"":[1469,1484,1488,1490,1482,1471]}",{}
4.png,31850550,{},4404,1540,"{""name"":""polygon"",""all_points_x"":[2439,2416,2418,2440],""all_points_y"":[1473,1482,1483,1475]}",{}
4.png,31850550,{},4404,1541,"{""name"":""polygon"",""all_points_x"":[2397,2382,2383,2398],""all_points_y"":[1493,1509,1510,1495]}",{}
4.png,31850550,{},4404,1542,"{""name"":""polygon"",""all_points_x"":[2439,2438,2475,2473],""all_points_y"":[1489,1493,1488,1486]}",{}
4.png,31850550,{},4404,1543,"{""name"":""polygon"",""all_points_x"":[2597,2561,2544,2532,2532,2554,2563,2597],""all_points_y"":[1536,1539,1545,1551,1554,1545,1542,1538]}",{}
4.png,31850550,{},4404,1544,"{""name"":""polygon"",""all_points_x"":[2508,2509,2499,2483,2483,2502],""all_points_y"":[1572,1575,1577,1576,1573,1573]}",{}
4.png,31850550,{},4404,1545,"{""name"":""polygon"",""all_points_x"":[2476,2477,2487,2507,2519,2521,2502,2491],""all_points_y"":[1597,1594,1594,1591,1589,1591,1595,1597]}",{}
4.png,31850550,{},4404,1546,"{""name"":""polygon"",""all_points_x"":[2467,2467,2469,2513,2510,2482],""all_points_y"":[1591,1591,1594,1580,1578,1588]}",{}
4.png,31850550,{},4404,1547,"{""name"":""polygon"",""all_points_x"":[2467,2464,2477,2480],""all_points_y"":[1584,1586,1589,1586]}",{}
4.png,31850550,{},4404,1548,"{""name"":""polygon"",""all_points_x"":[2415,2391,2381,2382,2395,2417],""all_points_y"":[1596,1603,1605,1608,1605,1599]}",{}
4.png,31850550,{},4404,1549,"{""name"":""polygon"",""all_points_x"":[2492,2448,2451,2495],""all_points_y"":[1695,1729,1729,1697]}",{}
4.png,31850550,{},4404,1550,"{""name"":""polygon"",""all_points_x"":[2511,2457,2458,2509],""all_points_y"":[1701,1727,1729,1704]}",{}
4.png,31850550,{},4404,1551,"{""name"":""polygon"",""all_points_x"":[2192,2191,2194,2195],""all_points_y"":[1638,1664,1662,1639]}",{}
4.png,31850550,{},4404,1552,"{""name"":""polygon"",""all_points_x"":[2179,2180,2208,2204],""all_points_y"":[1674,1677,1658,1656]}",{}
4.png,31850550,{},4404,1553,"{""name"":""polygon"",""all_points_x"":[2610,2590,2591,2613],""all_points_y"":[1593,1612,1613,1594]}",{}
4.png,31850550,{},4404,1554,"{""name"":""polygon"",""all_points_x"":[2636,2597,2603,2638],""all_points_y"":[1619,1657,1655,1624]}",{}
4.png,31850550,{},4404,1555,"{""name"":""polygon"",""all_points_x"":[2594,2593,2596,2611,2635,2636,2607,2595,2597],""all_points_y"":[1742,1753,1761,1779,1796,1792,1769,1753,1744]}",{}
4.png,31850550,{},4404,1556,"{""name"":""polygon"",""all_points_x"":[2465,2416,2419,2469],""all_points_y"":[1826,1853,1853,1828]}",{}
4.png,31850550,{},4404,1557,"{""name"":""polygon"",""all_points_x"":[2506,2504,2469,2473,2507],""all_points_y"":[1957,1957,1969,1970,1959]}",{}
4.png,31850550,{},4404,1558,"{""name"":""polygon"",""all_points_x"":[2506,2506,2489,2478,2477],""all_points_y"":[1969,1971,1976,1979,1976]}",{}
4.png,31850550,{},4404,1559,"{""name"":""polygon"",""all_points_x"":[2384,2385,2375,2358,2360,2373],""all_points_y"":[2018,2019,2026,2034,2030,2025]}",{}
4.png,31850550,{},4404,1560,"{""name"":""polygon"",""all_points_x"":[2357,2300,2299,2356],""all_points_y"":[2055,2101,2097,2053]}",{}
4.png,31850550,{},4404,1561,"{""name"":""polygon"",""all_points_x"":[2444,2382,2387,2427,2438,2443],""all_points_y"":[2052,2057,2052,2049,2048,2049]}",{}
4.png,31850550,{},4404,1562,"{""name"":""polygon"",""all_points_x"":[2377,2401,2404,2380],""all_points_y"":[2055,2087,2083,2053]}",{}
4.png,31850550,{},4404,1563,"{""name"":""polygon"",""all_points_x"":[2342,2368,2369,2345],""all_points_y"":[2083,2112,2110,2080]}",{}
4.png,31850550,{},4404,1564,"{""name"":""polygon"",""all_points_x"":[2344,2354,2356,2347],""all_points_y"":[2099,2113,2111,2097]}",{}
4.png,31850550,{},4404,1565,"{""name"":""polygon"",""all_points_x"":[2274,2236,2234,2271],""all_points_y"":[2069,2093,2091,2069]}",{}
4.png,31850550,{},4404,1566,"{""name"":""polygon"",""all_points_x"":[2301,2288,2290,2304],""all_points_y"":[2051,2060,2060,2053]}",{}
4.png,31850550,{},4404,1567,"{""name"":""polygon"",""all_points_x"":[2269,2247,2246,2269],""all_points_y"":[2038,2053,2050,2035]}",{}
4.png,31850550,{},4404,1568,"{""name"":""polygon"",""all_points_x"":[2251,2232,2225,2225,2254,2269,2267],""all_points_y"":[2017,2027,2032,2034,2017,2003,2002]}",{}
4.png,31850550,{},4404,1569,"{""name"":""polygon"",""all_points_x"":[2288,2263,2263,2287],""all_points_y"":[1961,1973,1970,1959]}",{}
4.png,31850550,{},4404,1570,"{""name"":""polygon"",""all_points_x"":[2322,2303,2304,2320,2323],""all_points_y"":[1963,1972,1975,1967,1965]}",{}
4.png,31850550,{},4404,1571,"{""name"":""polygon"",""all_points_x"":[2294,2257,2256,2293],""all_points_y"":[1963,1982,1980,1962]}",{}
4.png,31850550,{},4404,1572,"{""name"":""polygon"",""all_points_x"":[2218,2197,2182,2185,2200,2216],""all_points_y"":[1988,2010,2022,2018,2004,1988]}",{}
4.png,31850550,{},4404,1573,"{""name"":""polygon"",""all_points_x"":[2283,2287,2287,2291,2288,2286],""all_points_y"":[2095,2135,2137,2137,2127,2096]}",{}
4.png,31850550,{},4404,1574,"{""name"":""polygon"",""all_points_x"":[2353,2349,2358,2376,2376,2359],""all_points_y"":[2146,2148,2154,2160,2157,2150]}",{}
4.png,31850550,{},4404,1575,"{""name"":""polygon"",""all_points_x"":[2342,2345,2366,2376,2374],""all_points_y"":[2153,2150,2159,2161,2164]}",{}
4.png,31850550,{},4404,1576,"{""name"":""polygon"",""all_points_x"":[2354,2357,2379,2378],""all_points_y"":[2162,2160,2166,2169]}",{}
4.png,31850550,{},4404,1577,"{""name"":""polygon"",""all_points_x"":[2268,2218,2214,2264],""all_points_y"":[2162,2187,2184,2161]}",{}
4.png,31850550,{},4404,1578,"{""name"":""polygon"",""all_points_x"":[2590,2580,2580,2589],""all_points_y"":[2096,2100,2096,2093]}",{}
4.png,31850550,{},4404,1579,"{""name"":""polygon"",""all_points_x"":[2581,2568,2567,2581],""all_points_y"":[2099,2104,2101,2096]}",{}
4.png,31850550,{},4404,1580,"{""name"":""polygon"",""all_points_x"":[2597,2595,2581,2579,2577,2579,2583,2589],""all_points_y"":[2125,2127,2109,2104,2098,2097,2107,2115]}",{}
4.png,31850550,{},4404,1581,"{""name"":""polygon"",""all_points_x"":[2653,2642,2637,2640,2647,2656],""all_points_y"":[2144,2163,2174,2175,2161,2145]}",{}
4.png,31850550,{},4404,1582,"{""name"":""polygon"",""all_points_x"":[2660,2647,2648,2663],""all_points_y"":[2147,2167,2167,2149]}",{}
4.png,31850550,{},4404,1583,"{""name"":""polygon"",""all_points_x"":[2321,2320,2327,2334,2345,2347,2336],""all_points_y"":[2221,2227,2231,2238,2251,2249,2233]}",{}
4.png,31850550,{},4404,1584,"{""name"":""polygon"",""all_points_x"":[2239,2238,2268,2271],""all_points_y"":[2190,2193,2205,2204]}",{}
4.png,31850550,{},4404,1585,"{""name"":""polygon"",""all_points_x"":[2325,2326,2315,2301,2301,2311],""all_points_y"":[2202,2204,2208,2213,2210,2208]}",{}
4.png,31850550,{},4404,1586,"{""name"":""polygon"",""all_points_x"":[2240,2237,2209,2208,2233,2239],""all_points_y"":[2202,2207,2236,2231,2208,2201]}",{}
4.png,31850550,{},4404,1587,"{""name"":""polygon"",""all_points_x"":[2226,2225,2239,2249,2250,2234],""all_points_y"":[2188,2193,2200,2208,2205,2192]}",{}
4.png,31850550,{},4404,1588,"{""name"":""polygon"",""all_points_x"":[2271,2254,2256,2273],""all_points_y"":[2110,2134,2135,2111]}",{}
4.png,31850550,{},4404,1589,"{""name"":""polygon"",""all_points_x"":[2253,2255,2255,2269,2262,2253],""all_points_y"":[2153,2153,2148,2121,2127,2149]}",{}
4.png,31850550,{},4404,1590,"{""name"":""polygon"",""all_points_x"":[2269,2263,2266,2273],""all_points_y"":[2125,2146,2147,2120]}",{}
4.png,31850550,{},4404,1591,"{""name"":""polygon"",""all_points_x"":[2242,2230,2232,2243],""all_points_y"":[2148,2158,2160,2151]}",{}
4.png,31850550,{},4404,1592,"{""name"":""polygon"",""all_points_x"":[2209,2167,2172,2212],""all_points_y"":[2157,2218,2216,2158]}",{}
4.png,31850550,{},4404,1593,"{""name"":""polygon"",""all_points_x"":[2210,2190,2191,2212],""all_points_y"":[2187,2196,2199,2189]}",{}
4.png,31850550,{},4404,1594,"{""name"":""polygon"",""all_points_x"":[2204,2170,2174,2207],""all_points_y"":[2158,2208,2206,2157]}",{}
4.png,31850550,{},4404,1595,"{""name"":""polygon"",""all_points_x"":[2183,2150,2154,2187],""all_points_y"":[2172,2245,2243,2171]}",{}
4.png,31850550,{},4404,1596,"{""name"":""polygon"",""all_points_x"":[2169,2145,2135,2136,2152,2171],""all_points_y"":[2191,2242,2257,2258,2239,2194]}",{}
4.png,31850550,{},4404,1597,"{""name"":""polygon"",""all_points_x"":[2142,2123,2104,2087,2091,2115,2144],""all_points_y"":[2210,2228,2244,2257,2258,2238,2212]}",{}
4.png,31850550,{},4404,1598,"{""name"":""polygon"",""all_points_x"":[2148,2117,2107,2110,2130,2149],""all_points_y"":[2222,2260,2275,2275,2251,2225]}",{}
4.png,31850550,{},4404,1599,"{""name"":""polygon"",""all_points_x"":[2163,2129,2132,2166],""all_points_y"":[2177,2210,2212,2178]}",{}
4.png,31850550,{},4404,1600,"{""name"":""polygon"",""all_points_x"":[2192,2201,2204,2194],""all_points_y"":[2244,2256,2254,2242]}",{}
4.png,31850550,{},4404,1601,"{""name"":""polygon"",""all_points_x"":[2090,2076,2050,2034,2036,2048,2060,2080,2093],""all_points_y"":[2086,2103,2120,2126,2128,2125,2117,2102,2088]}",{}
4.png,31850550,{},4404,1602,"{""name"":""polygon"",""all_points_x"":[1974,1964,1969,1979],""all_points_y"":[2049,2086,2085,2053]}",{}
4.png,31850550,{},4404,1603,"{""name"":""polygon"",""all_points_x"":[2031,2039,2040,2033],""all_points_y"":[1971,1995,1994,1969]}",{}
4.png,31850550,{},4404,1604,"{""name"":""polygon"",""all_points_x"":[2039,2049,2052,2041],""all_points_y"":[1967,1992,1991,1965]}",{}
4.png,31850550,{},4404,1605,"{""name"":""polygon"",""all_points_x"":[1993,1987,1991,1995],""all_points_y"":[1787,1839,1834,1786]}",{}
4.png,31850550,{},4404,1606,"{""name"":""polygon"",""all_points_x"":[1998,1994,1997,2000],""all_points_y"":[1782,1828,1824,1783]}",{}
4.png,31850550,{},4404,1607,"{""name"":""polygon"",""all_points_x"":[2066,2052,2040,2042,2058,2068],""all_points_y"":[1798,1809,1816,1819,1807,1799]}",{}
4.png,31850550,{},4404,1608,"{""name"":""polygon"",""all_points_x"":[2067,2056,2062,2070],""all_points_y"":[1805,1828,1824,1806]}",{}
4.png,31850550,{},4404,1609,"{""name"":""polygon"",""all_points_x"":[1975,1946,1949,1971],""all_points_y"":[1927,1955,1956,1935]}",{}
4.png,31850550,{},4404,1610,"{""name"":""polygon"",""all_points_x"":[1907,1854,1857,1909],""all_points_y"":[1980,2009,2010,1982]}",{}
4.png,31850550,{},4404,1611,"{""name"":""polygon"",""all_points_x"":[2162,2151,2109,2091,2091,2127,2161,2165],""all_points_y"":[2130,2139,2162,2174,2176,2155,2136,2130]}",{}
4.png,31850550,{},4404,1612,"{""name"":""polygon"",""all_points_x"":[2088,2111,2113,2092],""all_points_y"":[2133,2160,2159,2132]}",{}
4.png,31850550,{},4404,1613,"{""name"":""polygon"",""all_points_x"":[2118,2102,2102,2119],""all_points_y"":[2129,2143,2146,2132]}",{}
4.png,31850550,{},4404,1614,"{""name"":""polygon"",""all_points_x"":[2093,2095,2104,2102],""all_points_y"":[2150,2153,2144,2143]}",{}
4.png,31850550,{},4404,1615,"{""name"":""polygon"",""all_points_x"":[2085,2076,2079,2089],""all_points_y"":[2162,2210,2209,2162]}",{}
4.png,31850550,{},4404,1616,"{""name"":""polygon"",""all_points_x"":[2036,2037,2020,2015,2014,2035],""all_points_y"":[2187,2191,2215,2218,2215,2191]}",{}
4.png,31850550,{},4404,1617,"{""name"":""polygon"",""all_points_x"":[2026,2021,2005,2010,2023,2029,2029],""all_points_y"":[2160,2172,2193,2194,2173,2166,2160]}",{}
4.png,31850550,{},4404,1618,"{""name"":""polygon"",""all_points_x"":[1956,1961,1964,1959],""all_points_y"":[2227,2282,2282,2226]}",{}
4.png,31850550,{},4404,1619,"{""name"":""polygon"",""all_points_x"":[2021,2022,2039,2052,2050],""all_points_y"":[2235,2238,2235,2234,2230]}",{}
4.png,31850550,{},4404,1620,"{""name"":""polygon"",""all_points_x"":[2096,2098,2085,2077,2065,2066,2077],""all_points_y"":[2217,2220,2225,2229,2230,2226,2225]}",{}
4.png,31850550,{},4404,1621,"{""name"":""polygon"",""all_points_x"":[2158,2114,2115,2160],""all_points_y"":[2159,2186,2186,2162]}",{}
4.png,31850550,{},4404,1622,"{""name"":""polygon"",""all_points_x"":[2161,2161,2136,2113,2092,2092,2113],""all_points_y"":[2166,2165,2178,2192,2203,2204,2193]}",{}
4.png,31850550,{},4404,1623,"{""name"":""polygon"",""all_points_x"":[2108,2088,2091,2109],""all_points_y"":[2188,2200,2202,2190]}",{}
4.png,31850550,{},4404,1624,"{""name"":""polygon"",""all_points_x"":[2130,2090,2092,2130],""all_points_y"":[2167,2184,2185,2170]}",{}
4.png,31850550,{},4404,1625,"{""name"":""polygon"",""all_points_x"":[2269,2244,2244,2267],""all_points_y"":[2088,2104,2103,2087]}",{}
4.png,31850550,{},4404,1626,"{""name"":""polygon"",""all_points_x"":[2268,2241,2240,2249,2270],""all_points_y"":[2093,2110,2112,2110,2095]}",{}
4.png,31850550,{},4404,1627,"{""name"":""polygon"",""all_points_x"":[2048,2056,2056,2060,2057,2051],""all_points_y"":[2204,2230,2245,2245,2223,2204]}",{}
4.png,31850550,{},4404,1628,"{""name"":""polygon"",""all_points_x"":[2050,2021,2021,2046],""all_points_y"":[2238,2243,2240,2236]}",{}
4.png,31850550,{},4404,1629,"{""name"":""polygon"",""all_points_x"":[2044,2036,2043,2047],""all_points_y"":[2268,2300,2294,2271]}",{}
4.png,31850550,{},4404,1630,"{""name"":""polygon"",""all_points_x"":[2059,2052,2055,2061],""all_points_y"":[2274,2304,2303,2274]}",{}
4.png,31850550,{},4404,1631,"{""name"":""polygon"",""all_points_x"":[2106,2088,2092,2109],""all_points_y"":[2250,2283,2281,2249]}",{}
4.png,31850550,{},4404,1632,"{""name"":""polygon"",""all_points_x"":[2174,2159,2161,2170,2174],""all_points_y"":[2252,2269,2271,2259,2253]}",{}
4.png,31850550,{},4404,1633,"{""name"":""polygon"",""all_points_x"":[2178,2154,2158,2177],""all_points_y"":[2285,2302,2302,2288]}",{}
4.png,31850550,{},4404,1634,"{""name"":""polygon"",""all_points_x"":[2240,2216,2218,2243],""all_points_y"":[1987,1999,2000,1988]}",{}
4.png,31850550,{},4404,1635,"{""name"":""polygon"",""all_points_x"":[2493,2492,2503,2518,2527,2529,2505],""all_points_y"":[2004,2006,2010,2020,2028,2028,2010]}",{}
4.png,31850550,{},4404,1636,"{""name"":""polygon"",""all_points_x"":[2741,2735,2733,2735,2738,2744],""all_points_y"":[1872,1898,1925,1925,1897,1871]}",{}
4.png,31850550,{},4404,1637,"{""name"":""polygon"",""all_points_x"":[2736,2716,2719,2737],""all_points_y"":[1873,1896,1896,1876]}",{}
4.png,31850550,{},4404,1638,"{""name"":""polygon"",""all_points_x"":[2681,2677,2693,2701,2703,2689],""all_points_y"":[1916,1918,1969,1994,1993,1950]}",{}
4.png,31850550,{},4404,1639,"{""name"":""polygon"",""all_points_x"":[2764,2738,2726,2728,2740,2764],""all_points_y"":[2013,2031,2042,2043,2032,2016]}",{}
4.png,31850550,{},4404,1640,"{""name"":""polygon"",""all_points_x"":[2753,2737,2737,2741,2741,2756],""all_points_y"":[2033,2087,2093,2094,2084,2035]}",{}
4.png,31850550,{},4404,1641,"{""name"":""polygon"",""all_points_x"":[2732,2729,2724,2724,2727,2729,2734],""all_points_y"":[1933,1952,1997,2014,2014,1981,1932]}",{}
4.png,31850550,{},4404,1642,"{""name"":""polygon"",""all_points_x"":[2481,2478,2492,2507,2508,2489],""all_points_y"":[1909,1913,1922,1929,1925,1916]}",{}
4.png,31850550,{},4404,1643,"{""name"":""polygon"",""all_points_x"":[2495,2468,2467,2500],""all_points_y"":[1890,1898,1901,1892]}",{}
4.png,31850550,{},4404,1644,"{""name"":""polygon"",""all_points_x"":[2528,2533,2553,2555,2534,2532],""all_points_y"":[1868,1873,1889,1889,1871,1866]}",{}
4.png,31850550,{},4404,1645,"{""name"":""polygon"",""all_points_x"":[2771,2751,2735,2735,2770,2772],""all_points_y"":[1911,1927,1937,1939,1917,1913]}",{}
4.png,31850550,{},4404,1646,"{""name"":""polygon"",""all_points_x"":[2789,2755,2740,2737,2714,2718,2740,2765,2792],""all_points_y"":[1731,1798,1828,1841,1890,1891,1838,1785,1736]}",{}
4.png,31850550,{},4404,1647,"{""name"":""polygon"",""all_points_x"":[2725,2718,2722,2728],""all_points_y"":[1774,1807,1808,1776]}",{}
4.png,31850550,{},4404,1648,"{""name"":""polygon"",""all_points_x"":[2710,2707,2702,2705,2709,2713],""all_points_y"":[1839,1858,1878,1878,1863,1840]}",{}
4.png,31850550,{},4404,1649,"{""name"":""polygon"",""all_points_x"":[2686,2672,2663,2655,2660,2666,2687],""all_points_y"":[1745,1763,1781,1794,1796,1779,1748]}",{}
4.png,31850550,{},4404,1650,"{""name"":""polygon"",""all_points_x"":[2775,2739,2741,2777],""all_points_y"":[1870,1898,1901,1872]}",{}
4.png,31850550,{},4404,1651,"{""name"":""polygon"",""all_points_x"":[2788,2777,2767,2758,2761,2790],""all_points_y"":[1870,1901,1934,1965,1967,1868]}",{}
4.png,31850550,{},4404,1652,"{""name"":""polygon"",""all_points_x"":[2734,2714,2712,2712,2718,2734],""all_points_y"":[1938,1946,1948,1950,1947,1940]}",{}
4.png,31850550,{},4404,1653,"{""name"":""polygon"",""all_points_x"":[2766,2757,2760,2769],""all_points_y"":[2026,2064,2065,2026]}",{}
4.png,31850550,{},4404,1654,"{""name"":""polygon"",""all_points_x"":[2781,2776,2766,2769,2776,2785],""all_points_y"":[2014,2039,2086,2087,2058,2012]}",{}
4.png,31850550,{},4404,1655,"{""name"":""polygon"",""all_points_x"":[2606,2594,2586,2586,2607],""all_points_y"":[2052,2061,2066,2069,2055]}",{}
4.png,31850550,{},4404,1656,"{""name"":""polygon"",""all_points_x"":[2534,2516,2520,2537],""all_points_y"":[2082,2106,2105,2083]}",{}
4.png,31850550,{},4404,1657,"{""name"":""polygon"",""all_points_x"":[2623,2602,2582,2585,2603,2624],""all_points_y"":[2246,2271,2294,2294,2274,2248]}",{}
4.png,31850550,{},4404,1658,"{""name"":""polygon"",""all_points_x"":[2646,2643,2646,2648],""all_points_y"":[2204,2234,2234,2202]}",{}
4.png,31850550,{},4404,1659,"{""name"":""polygon"",""all_points_x"":[2649,2645,2645,2648,2648,2651],""all_points_y"":[2262,2287,2301,2301,2286,2263]}",{}
4.png,31850550,{},4404,1660,"{""name"":""polygon"",""all_points_x"":[2644,2642,2645,2645],""all_points_y"":[2238,2262,2262,2235]}",{}
4.png,31850550,{},4404,1661,"{""name"":""polygon"",""all_points_x"":[2628,2600,2600,2629],""all_points_y"":[2249,2278,2279,2253]}",{}
4.png,31850550,{},4404,1662,"{""name"":""polygon"",""all_points_x"":[2792,2800,2802,2795],""all_points_y"":[2048,2099,2100,2047]}",{}
4.png,31850550,{},4404,1663,"{""name"":""polygon"",""all_points_x"":[2838,2845,2852,2854,2841],""all_points_y"":[1980,1998,2013,2013,1978]}",{}
4.png,31850550,{},4404,1664,"{""name"":""polygon"",""all_points_x"":[2821,2819,2822,2822],""all_points_y"":[2018,2027,2026,2019]}",{}
4.png,31850550,{},4404,1665,"{""name"":""polygon"",""all_points_x"":[2818,2817,2819,2821],""all_points_y"":[2040,2078,2077,2039]}",{}
4.png,31850550,{},4404,1666,"{""name"":""polygon"",""all_points_x"":[2823,2823,2824,2826,2825],""all_points_y"":[2078,2130,2136,2134,2077]}",{}
4.png,31850550,{},4404,1667,"{""name"":""polygon"",""all_points_x"":[2790,2791,2793,2792],""all_points_y"":[2068,2100,2100,2068]}",{}
4.png,31850550,{},4404,1668,"{""name"":""polygon"",""all_points_x"":[1568,1570,1604,1601],""all_points_y"":[1643,1647,1644,1641]}",{}
4.png,31850550,{},4404,1669,"{""name"":""polygon"",""all_points_x"":[1434,1419,1419,1438],""all_points_y"":[1607,1613,1615,1609]}",{}
4.png,31850550,{},4404,1670,"{""name"":""polygon"",""all_points_x"":[1412,1393,1394,1415],""all_points_y"":[1616,1627,1628,1619]}",{}
4.png,31850550,{},4404,1671,"{""name"":""polygon"",""all_points_x"":[1378,1350,1355,1380],""all_points_y"":[1632,1642,1645,1635]}",{}
4.png,31850550,{},4404,1672,"{""name"":""polygon"",""all_points_x"":[1396,1360,1362,1401],""all_points_y"":[1651,1675,1675,1650]}",{}
4.png,31850550,{},4404,1673,"{""name"":""polygon"",""all_points_x"":[1640,1610,1612,1641],""all_points_y"":[1404,1410,1411,1406]}",{}
4.png,31850550,{},4404,1674,"{""name"":""polygon"",""all_points_x"":[1667,1655,1657,1673],""all_points_y"":[1399,1401,1403,1401]}",{}
4.png,31850550,{},4404,1675,"{""name"":""polygon"",""all_points_x"":[1707,1686,1686,1709],""all_points_y"":[1392,1396,1399,1395]}",{}
4.png,31850550,{},4404,1676,"{""name"":""polygon"",""all_points_x"":[1342,1364,1374,1409,1426,1423,1381,1362,1346],""all_points_y"":[1372,1391,1393,1394,1393,1391,1390,1387,1371]}",{}
4.png,31850550,{},4404,1677,"{""name"":""polygon"",""all_points_x"":[1289,1288,1303,1314,1316],""all_points_y"":[1326,1330,1337,1343,1341]}",{}
4.png,31850550,{},4404,1678,"{""name"":""polygon"",""all_points_x"":[1325,1290,1289,1324],""all_points_y"":[1437,1443,1445,1440]}",{}
4.png,31850550,{},4404,1679,"{""name"":""polygon"",""all_points_x"":[1601,1593,1595,1601],""all_points_y"":[1402,1406,1407,1406]}",{}
4.png,31850550,{},4404,1680,"{""name"":""polygon"",""all_points_x"":[1584,1573,1561,1561,1574,1583],""all_points_y"":[1407,1410,1411,1415,1413,1411]}",{}
4.png,31850550,{},4404,1681,"{""name"":""polygon"",""all_points_x"":[1773,1772,1809,1805],""all_points_y"":[1446,1450,1467,1460]}",{}
4.png,31850550,{},4404,1682,"{""name"":""polygon"",""all_points_x"":[1835,1836,1859,1860],""all_points_y"":[1477,1481,1491,1490]}",{}
4.png,31850550,{},4404,1683,"{""name"":""polygon"",""all_points_x"":[1765,1768,1804,1804],""all_points_y"":[1459,1465,1480,1475]}",{}
4.png,31850550,{},4404,1684,"{""name"":""polygon"",""all_points_x"":[1773,1773,1786,1809,1814,1825,1840,1840,1783],""all_points_y"":[1483,1485,1486,1496,1499,1502,1508,1506,1483]}",{}
4.png,31850550,{},4404,1685,"{""name"":""polygon"",""all_points_x"":[1902,1873,1874,1909],""all_points_y"":[1312,1329,1332,1315]}",{}
4.png,31850550,{},4404,1686,"{""name"":""polygon"",""all_points_x"":[2052,2026,2028,2055],""all_points_y"":[1688,1723,1724,1690]}",{}
4.png,31850550,{},4404,1687,"{""name"":""polygon"",""all_points_x"":[1921,1879,1880,1922],""all_points_y"":[891,916,918,895]}",{}
4.png,31850550,{},4404,1688,"{""name"":""polygon"",""all_points_x"":[2059,1997,2003,2062],""all_points_y"":[937,959,960,940]}",{}
4.png,31850550,{},4404,1689,"{""name"":""polygon"",""all_points_x"":[1836,1832,1889,1889],""all_points_y"":[1206,1212,1216,1212]}",{}
4.png,31850550,{},4404,1690,"{""name"":""polygon"",""all_points_x"":[1980,1980,1997,2006,2005,1985],""all_points_y"":[1335,1339,1341,1341,1338,1336]}",{}
4.png,31850550,{},4404,1691,"{""name"":""polygon"",""all_points_x"":[1798,1796,1805,1836,1836,1804],""all_points_y"":[819,820,829,843,841,823]}",{}
4.png,31850550,{},4404,1692,"{""name"":""polygon"",""all_points_x"":[1796,1773,1770,1798],""all_points_y"":[838,855,859,842]}",{}
4.png,31850550,{},4404,1693,"{""name"":""polygon"",""all_points_x"":[1764,1724,1725,1766],""all_points_y"":[977,994,998,981]}",{}
4.png,31850550,{},4404,1694,"{""name"":""polygon"",""all_points_x"":[1771,1766,1819,1815],""all_points_y"":[1219,1223,1224,1220]}",{}
4.png,31850550,{},4404,1695,"{""name"":""polygon"",""all_points_x"":[1750,1731,1736,1750],""all_points_y"":[1223,1226,1221,1220]}",{}
4.png,31850550,{},4404,1696,"{""name"":""polygon"",""all_points_x"":[1758,1746,1748,1761],""all_points_y"":[1536,1553,1554,1535]}",{}
4.png,31850550,{},4404,1697,"{""name"":""polygon"",""all_points_x"":[1224,1224,1155,1155,1222],""all_points_y"":[2273,2272,2278,2281,2276]}",{}
4.png,31850550,{},4404,1698,"{""name"":""polygon"",""all_points_x"":[1191,1152,1152,1190],""all_points_y"":[2257,2262,2264,2261]}",{}
4.png,31850550,{},4404,1699,"{""name"":""polygon"",""all_points_x"":[1525,1484,1492,1524],""all_points_y"":[2282,2300,2302,2287]}",{}
4.png,31850550,{},4404,1700,"{""name"":""polygon"",""all_points_x"":[1416,1384,1385,1418],""all_points_y"":[2086,2115,2118,2089]}",{}
4.png,31850550,{},4404,1701,"{""name"":""polygon"",""all_points_x"":[1358,1363,1398,1401,1400,1399],""all_points_y"":[2058,2060,2025,2021,2021,2019]}",{}
4.png,31850550,{},4404,1702,"{""name"":""polygon"",""all_points_x"":[1241,1246,1280,1280],""all_points_y"":[1893,1897,1896,1893]}",{}
4.png,31850550,{},4404,1703,"{""name"":""polygon"",""all_points_x"":[975,935,938,976],""all_points_y"":[2036,2048,2051,2038]}",{}
4.png,31850550,{},4404,1704,"{""name"":""polygon"",""all_points_x"":[1253,1258,1297,1294],""all_points_y"":[1989,1993,1992,1987]}",{}
4.png,31850550,{},4404,1705,"{""name"":""polygon"",""all_points_x"":[1324,1324,1364,1364],""all_points_y"":[1995,2000,2006,2002]}",{}
4.png,31850550,{},4404,1706,"{""name"":""polygon"",""all_points_x"":[1569,1564,1568,1572],""all_points_y"":[2174,2188,2188,2175]}",{}
4.png,31850550,{},4404,1707,"{""name"":""polygon"",""all_points_x"":[1419,1394,1395,1420],""all_points_y"":[2274,2296,2297,2278]}",{}
4.png,31850550,{},4404,1708,"{""name"":""polygon"",""all_points_x"":[1413,1409,1417,1432,1461,1461,1433,1428],""all_points_y"":[2301,2301,2294,2288,2275,2277,2290,2293]}",{}
4.png,31850550,{},4404,1709,"{""name"":""polygon"",""all_points_x"":[963,963,934,934,958],""all_points_y"":[2024,2019,2016,2017,2022]}",{}
4.png,31850550,{},4404,1710,"{""name"":""polygon"",""all_points_x"":[823,820,849,850],""all_points_y"":[1883,1885,1889,1886]}",{}
4.png,31850550,{},4404,1711,"{""name"":""polygon"",""all_points_x"":[871,852,811,814,852,870],""all_points_y"":[1875,1878,1886,1882,1874,1873]}",{}
4.png,31850550,{},4404,1712,"{""name"":""polygon"",""all_points_x"":[865,882,883,867],""all_points_y"":[1843,1867,1867,1843]}",{}
4.png,31850550,{},4404,1713,"{""name"":""polygon"",""all_points_x"":[1299,1299,1254,1254],""all_points_y"":[1851,1849,1847,1850]}",{}
4.png,31850550,{},4404,1714,"{""name"":""polygon"",""all_points_x"":[1296,1295,1317,1318],""all_points_y"":[1668,1670,1679,1676]}",{}
4.png,31850550,{},4404,1715,"{""name"":""polygon"",""all_points_x"":[1443,1419,1419,1442],""all_points_y"":[1680,1685,1688,1684]}",{}
4.png,31850550,{},4404,1716,"{""name"":""polygon"",""all_points_x"":[1499,1449,1451,1499],""all_points_y"":[1615,1629,1631,1618]}",{}
4.png,31850550,{},4404,1717,"{""name"":""polygon"",""all_points_x"":[1834,1825,1829,1836],""all_points_y"":[1510,1518,1519,1511]}",{}
4.png,31850550,{},4404,1718,"{""name"":""polygon"",""all_points_x"":[1785,1769,1772,1785],""all_points_y"":[1558,1564,1566,1563]}",{}
4.png,31850550,{},4404,1719,"{""name"":""polygon"",""all_points_x"":[1706,1702,1733,1736],""all_points_y"":[1535,1535,1554,1552]}",{}
4.png,31850550,{},4404,1720,"{""name"":""polygon"",""all_points_x"":[1739,1737,1758,1758],""all_points_y"":[1555,1558,1569,1566]}",{}
4.png,31850550,{},4404,1721,"{""name"":""polygon"",""all_points_x"":[2023,1997,1997,2025],""all_points_y"":[1544,1558,1562,1547]}",{}
4.png,31850550,{},4404,1722,"{""name"":""polygon"",""all_points_x"":[2114,2106,2108,2118],""all_points_y"":[1766,1785,1786,1766]}",{}
4.png,31850550,{},4404,1723,"{""name"":""polygon"",""all_points_x"":[2674,2646,2631,2619,2620,2662,2678],""all_points_y"":[1317,1346,1362,1376,1377,1335,1318]}",{}
4.png,31850550,{},4404,1724,"{""name"":""polygon"",""all_points_x"":[2724,2694,2695,2724],""all_points_y"":[1340,1358,1360,1343]}",{}
4.png,31850550,{},4404,1725,"{""name"":""polygon"",""all_points_x"":[2686,2653,2653,2687],""all_points_y"":[1362,1377,1380,1366]}",{}
4.png,31850550,{},4404,1726,"{""name"":""polygon"",""all_points_x"":[2761,2744,2729,2721,2725,2734,2741,2764],""all_points_y"":[1324,1343,1369,1392,1391,1368,1356,1327]}",{}
4.png,31850550,{},4404,1727,"{""name"":""polygon"",""all_points_x"":[2778,2771,2771,2760,2750,2756,2769,2773,2779],""all_points_y"":[1338,1353,1362,1376,1389,1389,1371,1365,1340]}",{}
4.png,31850550,{},4404,1728,"{""name"":""polygon"",""all_points_x"":[2805,2793,2787,2790,2799,2807],""all_points_y"":[1338,1361,1376,1376,1354,1338]}",{}
4.png,31850550,{},4404,1729,"{""name"":""polygon"",""all_points_x"":[2765,2749,2736,2725,2715,2717,2736,2767],""all_points_y"":[1386,1405,1421,1438,1451,1453,1425,1389]}",{}
4.png,31850550,{},4404,1730,"{""name"":""polygon"",""all_points_x"":[2778,2769,2764,2767,2781],""all_points_y"":[1381,1408,1425,1424,1381]}",{}
4.png,31850550,{},4404,1731,"{""name"":""polygon"",""all_points_x"":[2731,2709,2712,2733],""all_points_y"":[1439,1484,1484,1442]}",{}
4.png,31850550,{},4404,1732,"{""name"":""polygon"",""all_points_x"":[2717,2709,2706,2702,2704,2712,2720],""all_points_y"":[1417,1445,1462,1488,1489,1448,1416]}",{}
4.png,31850550,{},4404,1733,"{""name"":""polygon"",""all_points_x"":[2643,2639,2605,2607,2643],""all_points_y"":[1096,1100,1121,1123,1100]}",{}
4.png,31850550,{},4404,1734,"{""name"":""polygon"",""all_points_x"":[2593,2574,2574,2596],""all_points_y"":[1126,1135,1140,1130]}",{}
4.png,31850550,{},4404,1735,"{""name"":""polygon"",""all_points_x"":[2646,2620,2600,2590,2590,2646],""all_points_y"":[1145,1154,1159,1160,1164,1148]}",{}
4.png,31850550,{},4404,1736,"{""name"":""polygon"",""all_points_x"":[2598,2584,2578,2580,2590,2600],""all_points_y"":[1210,1221,1227,1228,1220,1211]}",{}
4.png,31850550,{},4404,1737,"{""name"":""polygon"",""all_points_x"":[2554,2553,2588,2588],""all_points_y"":[1228,1231,1232,1229]}",{}
4.png,31850550,{},4404,1738,"{""name"":""polygon"",""all_points_x"":[2553,2551,2521,2523],""all_points_y"":[1274,1277,1269,1267]}",{}
4.png,31850550,{},4404,1739,"{""name"":""polygon"",""all_points_x"":[2517,2517,2542,2540],""all_points_y"":[1896,1899,1894,1891]}",{}
4.png,31850550,{},4404,1740,"{""name"":""polygon"",""all_points_x"":[2530,2518,2522,2535],""all_points_y"":[1860,1879,1880,1860]}",{}
4.png,31850550,{},4404,1741,"{""name"":""polygon"",""all_points_x"":[2505,2504,2521,2522],""all_points_y"":[1869,1872,1870,1868]}",{}
4.png,31850550,{},4404,1742,"{""name"":""polygon"",""all_points_x"":[2502,2498,2518,2518],""all_points_y"":[1876,1878,1877,1874]}",{}
4.png,31850550,{},4404,1743,"{""name"":""polygon"",""all_points_x"":[2363,2358,2347,2350,2362,2365],""all_points_y"":[1810,1820,1831,1833,1821,1811]}",{}
4.png,31850550,{},4404,1744,"{""name"":""polygon"",""all_points_x"":[2849,2783,2777,2775,2799,2846],""all_points_y"":[1788,1811,1815,1812,1802,1785]}",{}
4.png,31850550,{},4404,1745,"{""name"":""polygon"",""all_points_x"":[2869,2849,2845,2847,2872],""all_points_y"":[1741,1767,1774,1776,1743]}",{}
4.png,31850550,{},4404,1746,"{""name"":""polygon"",""all_points_x"":[2771,2752,2752,2774],""all_points_y"":[1814,1822,1825,1815]}",{}
4.png,31850550,{},4404,1747,"{""name"":""polygon"",""all_points_x"":[2746,2747,2776,2777],""all_points_y"":[1832,1829,1815,1818]}",{}
4.png,31850550,{},4404,1748,"{""name"":""polygon"",""all_points_x"":[2782,2780,2805,2852,2852,2808],""all_points_y"":[1815,1812,1804,1788,1791,1805]}",{}
4.png,31850550,{},4404,1749,"{""name"":""polygon"",""all_points_x"":[2882,2884,2886,2884],""all_points_y"":[1747,1772,1772,1745]}",{}
4.png,31850550,{},4404,1750,"{""name"":""polygon"",""all_points_x"":[2885,2889,2890,2887],""all_points_y"":[1782,1809,1809,1780]}",{}
4.png,31850550,{},4404,1751,"{""name"":""polygon"",""all_points_x"":[2897,2857,2834,2834,2872,2899],""all_points_y"":[1809,1827,1841,1842,1823,1811]}",{}
4.png,31850550,{},4404,1752,"{""name"":""polygon"",""all_points_x"":[2957,2915,2916,2958],""all_points_y"":[1835,1852,1855,1838]}",{}
4.png,31850550,{},4404,1753,"{""name"":""polygon"",""all_points_x"":[2927,2875,2875,2928],""all_points_y"":[1898,1916,1919,1900]}",{}
4.png,31850550,{},4404,1754,"{""name"":""polygon"",""all_points_x"":[2803,2793,2780,2783,2805],""all_points_y"":[1906,1928,1966,1967,1907]}",{}
4.png,31850550,{},4404,1755,"{""name"":""polygon"",""all_points_x"":[2808,2813,2814,2817,2817,2811],""all_points_y"":[1887,1905,1920,1918,1905,1887]}",{}
4.png,31850550,{},4404,1756,"{""name"":""polygon"",""all_points_x"":[2881,2861,2861,2883],""all_points_y"":[1850,1859,1861,1852]}",{}
4.png,31850550,{},4404,1757,"{""name"":""polygon"",""all_points_x"":[2983,2990,2998,3006,3008,3009,2992,2984],""all_points_y"":[1865,1877,1888,1902,1903,1901,1873,1863]}",{}
4.png,31850550,{},4404,1758,"{""name"":""polygon"",""all_points_x"":[2997,2991,2993,2999],""all_points_y"":[1846,1870,1872,1846]}",{}
4.png,31850550,{},4404,1759,"{""name"":""polygon"",""all_points_x"":[2991,2981,2986,2991,2992],""all_points_y"":[1872,1913,1914,1885,1880]}",{}
4.png,31850550,{},4404,1760,"{""name"":""polygon"",""all_points_x"":[2989,2990,2992,2994,2992],""all_points_y"":[1938,2000,2041,2043,1938]}",{}
4.png,31850550,{},4404,1761,"{""name"":""polygon"",""all_points_x"":[2970,2983,2986,2973],""all_points_y"":[1925,1980,1980,1924]}",{}
4.png,31850550,{},4404,1762,"{""name"":""polygon"",""all_points_x"":[2955,2975,2986,2989,2956],""all_points_y"":[1932,1973,1994,1992,1927]}",{}
4.png,31850550,{},4404,1763,"{""name"":""polygon"",""all_points_x"":[3009,3011,3019,3020,3011],""all_points_y"":[1930,1950,1974,1974,1931]}",{}
4.png,31850550,{},4404,1764,"{""name"":""polygon"",""all_points_x"":[3028,3037,3045,3044,3048,3046,3031],""all_points_y"":[1894,1938,1979,1987,1987,1970,1896]}",{}
4.png,31850550,{},4404,1765,"{""name"":""polygon"",""all_points_x"":[2911,2924,2928,2931,2923,2913],""all_points_y"":[1947,2013,2037,2037,1996,1945]}",{}
4.png,31850550,{},4404,1766,"{""name"":""polygon"",""all_points_x"":[2897,2881,2877,2895],""all_points_y"":[1940,1974,1971,1939]}",{}
4.png,31850550,{},4404,1767,"{""name"":""polygon"",""all_points_x"":[2884,2887,2888,2890,2887],""all_points_y"":[2003,2037,2056,2056,2004]}",{}
4.png,31850550,{},4404,1768,"{""name"":""polygon"",""all_points_x"":[2894,2893,2895,2896],""all_points_y"":[2008,2051,2051,2007]}",{}
4.png,31850550,{},4404,1769,"{""name"":""polygon"",""all_points_x"":[2853,2851,2866,2890,2894,2865],""all_points_y"":[1996,1997,2023,2074,2072,2016]}",{}
4.png,31850550,{},4404,1770,"{""name"":""polygon"",""all_points_x"":[2858,2867,2879,2891,2894,2871,2861],""all_points_y"":[2034,2068,2101,2130,2130,2068,2034]}",{}
4.png,31850550,{},4404,1771,"{""name"":""polygon"",""all_points_x"":[2682,2688,2692,2684],""all_points_y"":[2266,2302,2302,2265]}",{}
4.png,31850550,{},4404,1772,"{""name"":""polygon"",""all_points_x"":[2700,2697,2697,2700,2700,2702],""all_points_y"":[2253,2270,2301,2301,2272,2255]}",{}
4.png,31850550,{},4404,1773,"{""name"":""polygon"",""all_points_x"":[2564,2564,2584,2598,2597,2577],""all_points_y"":[2271,2273,2275,2274,2271,2271]}",{}
4.png,31850550,{},4404,1774,"{""name"":""polygon"",""all_points_x"":[2560,2560,2568,2585,2596,2599,2576],""all_points_y"":[2253,2256,2256,2259,2265,2264,2255]}",{}
4.png,31850550,{},4404,1775,"{""name"":""polygon"",""all_points_x"":[2620,2595,2598,2624],""all_points_y"":[2216,2233,2236,2217]}",{}
4.png,31850550,{},4404,1776,"{""name"":""polygon"",""all_points_x"":[2361,2362,2384,2384],""all_points_y"":[2080,2083,2076,2072]}",{}
4.png,31850550,{},4404,1777,"{""name"":""polygon"",""all_points_x"":[2714,2694,2673,2677,2695,2717],""all_points_y"":[1640,1658,1682,1681,1661,1642]}",{}
4.png,31850550,{},4404,1778,"{""name"":""polygon"",""all_points_x"":[2866,2819,2803,2806,2830,2869],""all_points_y"":[1683,1744,1765,1766,1732,1685]}",{}
4.png,31850550,{},4404,1779,"{""name"":""polygon"",""all_points_x"":[2938,2875,2877,2936],""all_points_y"":[1670,1709,1712,1675]}",{}
4.png,31850550,{},4404,1780,"{""name"":""polygon"",""all_points_x"":[2943,2935,2926,2930,2943,2946],""all_points_y"":[1677,1715,1753,1750,1696,1676]}",{}
4.png,31850550,{},4404,1781,"{""name"":""polygon"",""all_points_x"":[2955,2938,2941,2957],""all_points_y"":[1706,1726,1727,1707]}",{}
4.png,31850550,{},4404,1782,"{""name"":""polygon"",""all_points_x"":[2974,2949,2941,2943,2962,2976],""all_points_y"":[1680,1738,1755,1755,1714,1685]}",{}
4.png,31850550,{},4404,1783,"{""name"":""polygon"",""all_points_x"":[2992,3016,3039,3040,2995],""all_points_y"":[1685,1713,1736,1735,1684]}",{}
4.png,31850550,{},4404,1784,"{""name"":""polygon"",""all_points_x"":[2982,2959,2948,2950,2969,2984],""all_points_y"":[1706,1759,1791,1791,1747,1708]}",{}
4.png,31850550,{},4404,1785,"{""name"":""polygon"",""all_points_x"":[2943,2945,2967,2963],""all_points_y"":[1773,1776,1713,1715]}",{}
4.png,31850550,{},4404,1786,"{""name"":""polygon"",""all_points_x"":[3008,2981,2985,3011],""all_points_y"":[1717,1757,1757,1719]}",{}
4.png,31850550,{},4404,1787,"{""name"":""polygon"",""all_points_x"":[3029,3040,3043,3032],""all_points_y"":[1746,1825,1825,1745]}",{}
4.png,31850550,{},4404,1788,"{""name"":""polygon"",""all_points_x"":[3007,2994,2996,3009],""all_points_y"":[1755,1778,1779,1756]}",{}
4.png,31850550,{},4404,1789,"{""name"":""polygon"",""all_points_x"":[2973,2955,2957,2975],""all_points_y"":[1751,1777,1781,1753]}",{}
4.png,31850550,{},4404,1790,"{""name"":""polygon"",""all_points_x"":[2914,2911,2913,2916],""all_points_y"":[1723,1748,1748,1725]}",{}
4.png,31850550,{},4404,1791,"{""name"":""polygon"",""all_points_x"":[2911,2911,2913,2913],""all_points_y"":[1775,1797,1796,1774]}",{}
4.png,31850550,{},4404,1792,"{""name"":""polygon"",""all_points_x"":[2945,2945,2918,2919,2948],""all_points_y"":[1615,1614,1633,1637,1618]}",{}
4.png,31850550,{},4404,1793,"{""name"":""polygon"",""all_points_x"":[2911,2899,2901,2910],""all_points_y"":[1638,1645,1647,1641]}",{}
4.png,31850550,{},4404,1794,"{""name"":""polygon"",""all_points_x"":[2985,2955,2964,2989],""all_points_y"":[1608,1649,1647,1608]}",{}
4.png,31850550,{},4404,1795,"{""name"":""polygon"",""all_points_x"":[2998,2983,2986,3000],""all_points_y"":[1599,1632,1632,1599]}",{}
4.png,31850550,{},4404,1796,"{""name"":""polygon"",""all_points_x"":[3006,2977,2983,3007],""all_points_y"":[1593,1660,1657,1594]}",{}
4.png,31850550,{},4404,1797,"{""name"":""polygon"",""all_points_x"":[3042,3014,3016,3045],""all_points_y"":[1599,1636,1638,1601]}",{}
4.png,31850550,{},4404,1798,"{""name"":""polygon"",""all_points_x"":[3062,3058,3059,3065],""all_points_y"":[1700,1730,1730,1702]}",{}
4.png,31850550,{},4404,1799,"{""name"":""polygon"",""all_points_x"":[3030,3037,3040,3035],""all_points_y"":[1694,1724,1724,1694]}",{}
4.png,31850550,{},4404,1800,"{""name"":""polygon"",""all_points_x"":[2808,2785,2788,2809],""all_points_y"":[1724,1760,1760,1727]}",{}
4.png,31850550,{},4404,1801,"{""name"":""polygon"",""all_points_x"":[2811,2790,2791,2812],""all_points_y"":[1744,1760,1763,1748]}",{}
4.png,31850550,{},4404,1802,"{""name"":""polygon"",""all_points_x"":[2888,2868,2816,2816,2856,2880],""all_points_y"":[1616,1624,1649,1646,1627,1617]}",{}
4.png,31850550,{},4404,1803,"{""name"":""polygon"",""all_points_x"":[2917,2887,2892,2921],""all_points_y"":[1556,1602,1601,1556]}",{}
4.png,31850550,{},4404,1804,"{""name"":""polygon"",""all_points_x"":[2902,2882,2884,2906],""all_points_y"":[1553,1580,1580,1554]}",{}
4.png,31850550,{},4404,1805,"{""name"":""polygon"",""all_points_x"":[3024,2998,3000,3023],""all_points_y"":[1542,1555,1558,1546]}",{}
4.png,31850550,{},4404,1806,"{""name"":""polygon"",""all_points_x"":[3059,3027,3032,3061],""all_points_y"":[1523,1563,1564,1524]}",{}
4.png,31850550,{},4404,1807,"{""name"":""polygon"",""all_points_x"":[2994,2993,3045,3053,3054],""all_points_y"":[1507,1510,1509,1508,1505]}",{}
4.png,31850550,{},4404,1808,"{""name"":""polygon"",""all_points_x"":[3011,3010,3062,3063],""all_points_y"":[1495,1499,1503,1500]}",{}
4.png,31850550,{},4404,1809,"{""name"":""polygon"",""all_points_x"":[3045,3000,3000,3045],""all_points_y"":[1430,1451,1445,1427]}",{}
4.png,31850550,{},4404,1810,"{""name"":""polygon"",""all_points_x"":[2656,2652,2650,2652,2657],""all_points_y"":[1487,1495,1509,1509,1487]}",{}
4.png,31850550,{},4404,1811,"{""name"":""polygon"",""all_points_x"":[2646,2639,2633,2635,2644,2649],""all_points_y"":[1520,1540,1555,1557,1539,1520]}",{}
4.png,31850550,{},4404,1812,"{""name"":""polygon"",""all_points_x"":[2710,2657,2638,2641,2667,2711],""all_points_y"":[1528,1571,1587,1587,1566,1532]}",{}
4.png,31850550,{},4404,1813,"{""name"":""polygon"",""all_points_x"":[2785,2742,2744,2785],""all_points_y"":[1510,1535,1537,1514]}",{}
4.png,31850550,{},4404,1814,"{""name"":""polygon"",""all_points_x"":[2737,2704,2705,2740],""all_points_y"":[1540,1565,1566,1542]}",{}
4.png,31850550,{},4404,1815,"{""name"":""polygon"",""all_points_x"":[2732,2689,2697,2735],""all_points_y"":[1526,1567,1565,1527]}",{}
4.png,31850550,{},4404,1816,"{""name"":""polygon"",""all_points_x"":[2804,2804,2775,2747,2751,2773,2804],""all_points_y"":[1443,1444,1468,1493,1495,1475,1446]}",{}
4.png,31850550,{},4404,1817,"{""name"":""polygon"",""all_points_x"":[2896,2857,2857,2898],""all_points_y"":[1435,1455,1458,1436]}",{}
4.png,31850550,{},4404,1818,"{""name"":""polygon"",""all_points_x"":[2915,2890,2854,2855,2916],""all_points_y"":[1405,1423,1448,1450,1408]}",{}
4.png,31850550,{},4404,1819,"{""name"":""polygon"",""all_points_x"":[2909,2871,2855,2857,2912],""all_points_y"":[1393,1426,1440,1442,1395]}",{}
4.png,31850550,{},4404,1820,"{""name"":""polygon"",""all_points_x"":[2966,2941,2943,2967],""all_points_y"":[1375,1404,1406,1377]}",{}
4.png,31850550,{},4404,1821,"{""name"":""polygon"",""all_points_x"":[2988,2975,2977,2991],""all_points_y"":[1412,1425,1427,1415]}",{}
4.png,31850550,{},4404,1822,"{""name"":""polygon"",""all_points_x"":[2971,2935,2939,2975],""all_points_y"":[1427,1457,1459,1429]}",{}
4.png,31850550,{},4404,1823,"{""name"":""polygon"",""all_points_x"":[2920,2923,2947,2986,2983,2935],""all_points_y"":[1482,1484,1460,1426,1424,1469]}",{}
4.png,31850550,{},4404,1824,"{""name"":""polygon"",""all_points_x"":[2971,2945,2953,2975],""all_points_y"":[1453,1471,1469,1454]}",{}
4.png,31850550,{},4404,1825,"{""name"":""polygon"",""all_points_x"":[2982,2920,2923,2984],""all_points_y"":[1456,1484,1488,1458]}",{}
4.png,31850550,{},4404,1826,"{""name"":""polygon"",""all_points_x"":[3035,3022,3027,3040],""all_points_y"":[1451,1482,1484,1451]}",{}
4.png,31850550,{},4404,1827,"{""name"":""polygon"",""all_points_x"":[3095,3060,3062,3097],""all_points_y"":[1451,1486,1488,1453]}",{}
4.png,31850550,{},4404,1828,"{""name"":""polygon"",""all_points_x"":[2918,2889,2891,2920],""all_points_y"":[1660,1685,1686,1661]}",{}
4.png,31850550,{},4404,1829,"{""name"":""polygon"",""all_points_x"":[2793,2760,2760,2797],""all_points_y"":[1568,1584,1586,1571]}",{}
4.png,31850550,{},4404,1830,"{""name"":""polygon"",""all_points_x"":[2838,2778,2778,2812,2838],""all_points_y"":[1534,1565,1562,1544,1530]}",{}
4.png,31850550,{},4404,1831,"{""name"":""polygon"",""all_points_x"":[2896,2863,2836,2821,2824,2851,2898],""all_points_y"":[1473,1498,1521,1532,1534,1516,1474]}",{}
4.png,31850550,{},4404,1832,"{""name"":""polygon"",""all_points_x"":[2829,2801,2784,2779,2775,2781,2787,2815,2834],""all_points_y"":[1426,1457,1480,1489,1497,1495,1481,1447,1425]}",{}
4.png,31850550,{},4404,1833,"{""name"":""polygon"",""all_points_x"":[2877,2849,2850,2879],""all_points_y"":[1464,1477,1480,1467]}",{}
4.png,31850550,{},4404,1834,"{""name"":""polygon"",""all_points_x"":[2881,2878,2881,2884],""all_points_y"":[1458,1484,1483,1458]}",{}
4.png,31850550,{},4404,1835,"{""name"":""polygon"",""all_points_x"":[2908,2886,2886,2910],""all_points_y"":[1449,1460,1461,1452]}",{}
4.png,31850550,{},4404,1836,"{""name"":""polygon"",""all_points_x"":[3038,3023,3009,2996,2997,3017,3032,3040],""all_points_y"":[1446,1454,1461,1466,1468,1461,1454,1449]}",{}
4.png,31850550,{},4404,1837,"{""name"":""polygon"",""all_points_x"":[3021,3001,3002,3025],""all_points_y"":[1444,1456,1458,1446]}",{}
4.png,31850550,{},4404,1838,"{""name"":""polygon"",""all_points_x"":[3021,3029,3044,3048,3039,3024],""all_points_y"":[1364,1386,1421,1421,1403,1363]}",{}
4.png,31850550,{},4404,1839,"{""name"":""polygon"",""all_points_x"":[3057,3047,3037,3041,3046,3053,3059],""all_points_y"":[1339,1355,1396,1399,1373,1354,1341]}",{}
4.png,31850550,{},4404,1840,"{""name"":""polygon"",""all_points_x"":[3035,3033,3034,3037],""all_points_y"":[1406,1417,1416,1408]}",{}
4.png,31850550,{},4404,1841,"{""name"":""polygon"",""all_points_x"":[3097,3061,3061,3099],""all_points_y"":[1374,1390,1393,1377]}",{}
4.png,31850550,{},4404,1842,"{""name"":""polygon"",""all_points_x"":[3062,3049,3055,3065],""all_points_y"":[1371,1414,1407,1372]}",{}
4.png,31850550,{},4404,1843,"{""name"":""polygon"",""all_points_x"":[3087,3064,3065,3088],""all_points_y"":[1410,1418,1420,1412]}",{}
4.png,31850550,{},4404,1844,"{""name"":""polygon"",""all_points_x"":[2829,2801,2802,2832],""all_points_y"":[1613,1624,1627,1615]}",{}
4.png,31850550,{},4404,1845,"{""name"":""polygon"",""all_points_x"":[2820,2796,2788,2790,2797,2818],""all_points_y"":[1666,1667,1669,1671,1669,1667]}",{}
4.png,31850550,{},4404,1846,"{""name"":""polygon"",""all_points_x"":[2822,2811,2812,2824],""all_points_y"":[1674,1694,1694,1675]}",{}
4.png,31850550,{},4404,1847,"{""name"":""polygon"",""all_points_x"":[2871,2851,2851,2870],""all_points_y"":[1661,1676,1678,1665]}",{}
4.png,31850550,{},4404,1848,"{""name"":""polygon"",""all_points_x"":[2866,2852,2845,2846,2854,2866],""all_points_y"":[1650,1663,1674,1674,1664,1654]}",{}
4.png,31850550,{},4404,1849,"{""name"":""polygon"",""all_points_x"":[2958,2957,2959,2962],""all_points_y"":[1667,1682,1682,1665]}",{}
4.png,31850550,{},4404,1850,"{""name"":""polygon"",""all_points_x"":[2883,2853,2861,2885],""all_points_y"":[1307,1352,1347,1309]}",{}
4.png,31850550,{},4404,1851,"{""name"":""polygon"",""all_points_x"":[2930,2896,2901,2933],""all_points_y"":[1301,1340,1341,1302]}",{}
4.png,31850550,{},4404,1852,"{""name"":""polygon"",""all_points_x"":[2969,2924,2898,2903,2970],""all_points_y"":[1289,1330,1354,1354,1292]}",{}
4.png,31850550,{},4404,1853,"{""name"":""polygon"",""all_points_x"":[3026,3009,3000,2993,2995,3007,3016,3030],""all_points_y"":[1279,1297,1311,1326,1326,1305,1293,1280]}",{}
4.png,31850550,{},4404,1854,"{""name"":""polygon"",""all_points_x"":[3020,2983,2997,3018],""all_points_y"":[1315,1359,1338,1315]}",{}
4.png,31850550,{},4404,1855,"{""name"":""polygon"",""all_points_x"":[2967,2968,2994,2994],""all_points_y"":[1351,1353,1341,1339]}",{}
4.png,31850550,{},4404,1856,"{""name"":""polygon"",""all_points_x"":[2757,2736,2722,2725,2759],""all_points_y"":[1457,1479,1495,1495,1457]}",{}
4.png,31850550,{},4404,1857,"{""name"":""polygon"",""all_points_x"":[2829,2790,2798,2831],""all_points_y"":[1389,1440,1438,1391]}",{}
4.png,31850550,{},4404,1858,"{""name"":""polygon"",""all_points_x"":[2844,2808,2810,2846],""all_points_y"":[1470,1486,1490,1471]}",{}
4.png,31850550,{},4404,1859,"{""name"":""polygon"",""all_points_x"":[2764,2717,2685,2694,2723,2766],""all_points_y"":[1544,1579,1609,1606,1579,1547]}",{}
4.png,31850550,{},4404,1860,"{""name"":""polygon"",""all_points_x"":[2741,2678,2666,2666,2709,2744],""all_points_y"":[1588,1630,1638,1640,1614,1589]}",{}
4.png,31850550,{},4404,1861,"{""name"":""polygon"",""all_points_x"":[2732,2708,2693,2666,2670,2702,2733],""all_points_y"":[1586,1602,1611,1633,1633,1609,1588]}",{}
4.png,31850550,{},4404,1862,"{""name"":""polygon"",""all_points_x"":[2817,2802,2802,2816],""all_points_y"":[1574,1578,1581,1576]}",{}
4.png,31850550,{},4404,1863,"{""name"":""polygon"",""all_points_x"":[2589,2556,2557,2590],""all_points_y"":[1326,1345,1346,1328]}",{}
4.png,31850550,{},4404,1864,"{""name"":""polygon"",""all_points_x"":[2509,2509,2539,2539],""all_points_y"":[1288,1291,1288,1284]}",{}
4.png,31850550,{},4404,1865,"{""name"":""polygon"",""all_points_x"":[2497,2498,2504,2521,2538,2538,2513,2498],""all_points_y"":[1300,1301,1300,1298,1296,1293,1297,1299]}",{}
4.png,31850550,{},4404,1866,"{""name"":""polygon"",""all_points_x"":[2795,2775,2779,2797],""all_points_y"":[1407,1438,1439,1408]}",{}
4.png,31850550,{},4404,1867,"{""name"":""polygon"",""all_points_x"":[2805,2792,2797,2807],""all_points_y"":[1395,1422,1419,1396]}",{}
4.png,31850550,{},4404,1868,"{""name"":""polygon"",""all_points_x"":[2851,2828,2819,2782,2785,2834,2852],""all_points_y"":[1317,1347,1361,1412,1411,1346,1319]}",{}
4.png,31850550,{},4404,1869,"{""name"":""polygon"",""all_points_x"":[2629,2591,2590,2627],""all_points_y"":[1676,1682,1684,1679]}",{}
4.png,31850550,{},4404,1870,"{""name"":""polygon"",""all_points_x"":[2692,2681,2670,2672,2685,2694],""all_points_y"":[1672,1682,1697,1697,1683,1675]}",{}
4.png,31850550,{},4404,1871,"{""name"":""polygon"",""all_points_x"":[2646,2639,2612,2610,2644,2648],""all_points_y"":[1698,1702,1715,1718,1703,1699]}",{}
4.png,31850550,{},4404,1872,"{""name"":""polygon"",""all_points_x"":[2695,2681,2682,2696],""all_points_y"":[1593,1603,1606,1597]}",{}
4.png,31850550,{},4404,1873,"{""name"":""polygon"",""all_points_x"":[2676,2659,2663,2678],""all_points_y"":[1566,1590,1590,1566]}",{}
4.png,31850550,{},4404,1874,"{""name"":""polygon"",""all_points_x"":[2686,2671,2674,2688],""all_points_y"":[1557,1578,1580,1560]}",{}
4.png,31850550,{},4404,1875,"{""name"":""polygon"",""all_points_x"":[2757,2747,2719,2720,2760],""all_points_y"":[1632,1639,1659,1661,1633]}",{}
4.png,31850550,{},4404,1876,"{""name"":""polygon"",""all_points_x"":[2822,2813,2809,2811,2816,2825],""all_points_y"":[1584,1595,1609,1609,1597,1587]}",{}
4.png,31850550,{},4404,1877,"{""name"":""polygon"",""all_points_x"":[2622,2599,2600,2620],""all_points_y"":[1648,1659,1662,1652]}",{}
4.png,31850550,{},4404,1878,"{""name"":""polygon"",""all_points_x"":[2594,2596,2622,2622],""all_points_y"":[1668,1665,1654,1656]}",{}
4.png,31850550,{},4404,1879,"{""name"":""polygon"",""all_points_x"":[2697,2662,2664,2699],""all_points_y"":[1628,1649,1652,1630]}",{}
4.png,31850550,{},4404,1880,"{""name"":""polygon"",""all_points_x"":[2660,2660,2701,2700],""all_points_y"":[1644,1646,1625,1623]}",{}
4.png,31850550,{},4404,1881,"{""name"":""polygon"",""all_points_x"":[2894,2852,2854,2896],""all_points_y"":[1373,1409,1411,1376]}",{}
4.png,31850550,{},4404,1882,"{""name"":""polygon"",""all_points_x"":[2983,2955,2957,2985],""all_points_y"":[1309,1344,1345,1311]}",{}
4.png,31850550,{},4404,1883,"{""name"":""polygon"",""all_points_x"":[2919,2899,2902,2921],""all_points_y"":[1289,1319,1319,1290]}",{}
4.png,31850550,{},4404,1884,"{""name"":""polygon"",""all_points_x"":[2880,2832,2834,2884],""all_points_y"":[1326,1380,1381,1327]}",{}
4.png,31850550,{},4404,1885,"{""name"":""polygon"",""all_points_x"":[2465,2462,2476,2492,2510,2509,2489,2471],""all_points_y"":[1655,1657,1666,1674,1677,1674,1669,1660]}",{}
4.png,31850550,{},4404,1886,"{""name"":""polygon"",""all_points_x"":[2799,2797,2798,2800,2801],""all_points_y"":[2199,2222,2259,2261,2200]}",{}
4.png,31850550,{},4404,1887,"{""name"":""polygon"",""all_points_x"":[2812,2810,2838,2838],""all_points_y"":[2253,2255,2289,2285]}",{}
4.png,31850550,{},4404,1888,"{""name"":""polygon"",""all_points_x"":[2842,2839,2842,2846],""all_points_y"":[2262,2300,2301,2261]}",{}
4.png,31850550,{},4404,1889,"{""name"":""polygon"",""all_points_x"":[2820,2817,2836,2838],""all_points_y"":[2273,2276,2296,2293]}",{}
4.png,31850550,{},4404,1890,"{""name"":""polygon"",""all_points_x"":[2848,2847,2863,2865],""all_points_y"":[2276,2279,2304,2302]}",{}
4.png,31850550,{},4404,1891,"{""name"":""polygon"",""all_points_x"":[2845,2860,2867,2876,2879,2869,2864,2847],""all_points_y"":[2220,2263,2272,2294,2295,2264,2260,2219]}",{}
4.png,31850550,{},4404,1892,"{""name"":""polygon"",""all_points_x"":[2879,2890,2892,2881],""all_points_y"":[2212,2260,2259,2211]}",{}
4.png,31850550,{},4404,1893,"{""name"":""polygon"",""all_points_x"":[2851,2873,2874,2852],""all_points_y"":[2191,2231,2229,2189]}",{}
4.png,31850550,{},4404,1894,"{""name"":""polygon"",""all_points_x"":[2858,2861,2873,2869],""all_points_y"":[2152,2151,2174,2174]}",{}
4.png,31850550,{},4404,1895,"{""name"":""polygon"",""all_points_x"":[2884,2918,2932,2935,2915,2887],""all_points_y"":[2164,2226,2245,2244,2213,2164]}",{}
4.png,31850550,{},4404,1896,"{""name"":""polygon"",""all_points_x"":[2710,2700,2702,2712],""all_points_y"":[2057,2075,2075,2057]}",{}
4.png,31850550,{},4404,1897,"{""name"":""polygon"",""all_points_x"":[2735,2721,2723,2737],""all_points_y"":[2012,2037,2037,2013]}",{}
4.png,31850550,{},4404,1898,"{""name"":""polygon"",""all_points_x"":[2957,2972,2973,2962],""all_points_y"":[1989,2031,2030,1989]}",{}
4.png,31850550,{},4404,1899,"{""name"":""polygon"",""all_points_x"":[2960,2959,2961,2963],""all_points_y"":[2011,2044,2044,2013]}",{}
4.png,31850550,{},4404,1900,"{""name"":""polygon"",""all_points_x"":[3034,3054,3057,3036],""all_points_y"":[1982,2017,2012,1980]}",{}
4.png,31850550,{},4404,1901,"{""name"":""polygon"",""all_points_x"":[3054,3059,3062,3058],""all_points_y"":[1944,1992,1992,1946]}",{}
4.png,31850550,{},4404,1902,"{""name"":""polygon"",""all_points_x"":[3062,3066,3068,3070,3065],""all_points_y"":[1946,1977,1988,1989,1948]}",{}
4.png,31850550,{},4404,1903,"{""name"":""polygon"",""all_points_x"":[3055,3078,3089,3092,3056],""all_points_y"":[1905,1989,2023,2021,1903]}",{}
4.png,31850550,{},4404,1904,"{""name"":""polygon"",""all_points_x"":[2823,2816,2818,2826],""all_points_y"":[2228,2249,2249,2226]}",{}
4.png,31850550,{},4404,1905,"{""name"":""polygon"",""all_points_x"":[2934,2956,2959,2937],""all_points_y"":[2165,2203,2202,2163]}",{}
4.png,31850550,{},4404,1906,"{""name"":""polygon"",""all_points_x"":[2968,2957,2961,2971],""all_points_y"":[2055,2097,2097,2052]}",{}
4.png,31850550,{},4404,1907,"{""name"":""polygon"",""all_points_x"":[2955,2954,2954,2955,2957,2958],""all_points_y"":[2058,2083,2098,2098,2085,2058]}",{}
4.png,31850550,{},4404,1908,"{""name"":""polygon"",""all_points_x"":[2947,2944,2946,2949],""all_points_y"":[2074,2093,2093,2075]}",{}
4.png,31850550,{},4404,1909,"{""name"":""polygon"",""all_points_x"":[2972,2973,2973,2976,2978,2977,2974],""all_points_y"":[2125,2171,2180,2196,2193,2163,2124]}",{}
4.png,31850550,{},4404,1910,"{""name"":""polygon"",""all_points_x"":[2894,2896,2899,2897],""all_points_y"":[2187,2206,2207,2189]}",{}
4.png,31850550,{},4404,1911,"{""name"":""polygon"",""all_points_x"":[2950,2974,2975,2951],""all_points_y"":[2229,2255,2254,2226]}",{}
4.png,31850550,{},4404,1912,"{""name"":""polygon"",""all_points_x"":[2912,2913,2920,2922,2916],""all_points_y"":[2251,2251,2265,2265,2250]}",{}
4.png,31850550,{},4404,1913,"{""name"":""polygon"",""all_points_x"":[2892,2924,2926,2895],""all_points_y"":[2263,2301,2299,2262]}",{}
4.png,31850550,{},4404,1914,"{""name"":""polygon"",""all_points_x"":[2891,2897,2900,2900,2899,2894],""all_points_y"":[2267,2302,2302,2287,2277,2268]}",{}
4.png,31850550,{},4404,1915,"{""name"":""polygon"",""all_points_x"":[2992,2992,2994,2995],""all_points_y"":[2101,2195,2195,2100]}",{}
4.png,31850550,{},4404,1916,"{""name"":""polygon"",""all_points_x"":[3009,3003,3005,3013],""all_points_y"":[2057,2124,2124,2056]}",{}
4.png,31850550,{},4404,1917,"{""name"":""polygon"",""all_points_x"":[3093,3094,3090,3094,3097,3097],""all_points_y"":[1913,1966,2034,2036,1941,1912]}",{}
4.png,31850550,{},4404,1918,"{""name"":""polygon"",""all_points_x"":[3109,3109,3111,3112],""all_points_y"":[1900,1977,1975,1899]}",{}
4.png,31850550,{},4404,1919,"{""name"":""polygon"",""all_points_x"":[3098,3097,3101,3103],""all_points_y"":[1979,1990,2027,2025]}",{}
4.png,31850550,{},4404,1920,"{""name"":""polygon"",""all_points_x"":[3156,3154,3168,3187,3190],""all_points_y"":[2004,2005,2061,2131,2134]}",{}
4.png,31850550,{},4404,1921,"{""name"":""polygon"",""all_points_x"":[3195,3193,3172,3176],""all_points_y"":[2129,2130,2062,2062]}",{}
4.png,31850550,{},4404,1922,"{""name"":""polygon"",""all_points_x"":[3145,3165,3177,3181,3148],""all_points_y"":[2017,2089,2129,2132,2016]}",{}
4.png,31850550,{},4404,1923,"{""name"":""polygon"",""all_points_x"":[3087,3079,3082,3090],""all_points_y"":[2078,2164,2164,2079]}",{}
4.png,31850550,{},4404,1924,"{""name"":""polygon"",""all_points_x"":[3100,3089,3092,3103],""all_points_y"":[2127,2196,2197,2128]}",{}
4.png,31850550,{},4404,1925,"{""name"":""polygon"",""all_points_x"":[3147,3145,3176,3209,3211],""all_points_y"":[2177,2179,2231,2278,2276]}",{}
4.png,31850550,{},4404,1926,"{""name"":""polygon"",""all_points_x"":[3196,3200,3211,3206],""all_points_y"":[2285,2283,2303,2302]}",{}
4.png,31850550,{},4404,1927,"{""name"":""polygon"",""all_points_x"":[3171,3168,3186,3190],""all_points_y"":[2248,2248,2301,2302]}",{}
4.png,31850550,{},4404,1928,"{""name"":""polygon"",""all_points_x"":[3131,3141,3145,3134],""all_points_y"":[2242,2276,2276,2240]}",{}
4.png,31850550,{},4404,1929,"{""name"":""polygon"",""all_points_x"":[3105,3121,3124,3107],""all_points_y"":[2241,2303,2303,2241]}",{}
4.png,31850550,{},4404,1930,"{""name"":""polygon"",""all_points_x"":[3098,3112,3115,3100],""all_points_y"":[2245,2303,2303,2244]}",{}
4.png,31850550,{},4404,1931,"{""name"":""polygon"",""all_points_x"":[3101,3085,3091,3103],""all_points_y"":[2277,2303,2303,2279]}",{}
4.png,31850550,{},4404,1932,"{""name"":""polygon"",""all_points_x"":[3024,3022,3035,3038],""all_points_y"":[2220,2224,2236,2234]}",{}
4.png,31850550,{},4404,1933,"{""name"":""polygon"",""all_points_x"":[3017,3018,3068,3068],""all_points_y"":[2238,2235,2237,2239]}",{}
4.png,31850550,{},4404,1934,"{""name"":""polygon"",""all_points_x"":[3042,3046,3083,3077],""all_points_y"":[2240,2240,2275,2278]}",{}
4.png,31850550,{},4404,1935,"{""name"":""polygon"",""all_points_x"":[2977,2976,3056,3056],""all_points_y"":[2242,2247,2262,2259]}",{}
4.png,31850550,{},4404,1936,"{""name"":""polygon"",""all_points_x"":[2991,2998,3000,2993],""all_points_y"":[2255,2269,2268,2254]}",{}
4.png,31850550,{},4404,1937,"{""name"":""polygon"",""all_points_x"":[3003,3016,3019,3005],""all_points_y"":[2277,2303,2303,2275]}",{}
4.png,31850550,{},4404,1938,"{""name"":""polygon"",""all_points_x"":[3006,3004,3019,3029,3031],""all_points_y"":[2268,2273,2284,2292,2291]}",{}
4.png,31850550,{},4404,1939,"{""name"":""polygon"",""all_points_x"":[3012,3016,3012,3012,3015,3019,3014],""all_points_y"":[2179,2216,2236,2246,2246,2218,2179]}",{}
4.png,31850550,{},4404,1940,"{""name"":""polygon"",""all_points_x"":[3014,3007,3009,3018],""all_points_y"":[2115,2190,2191,2115]}",{}
4.png,31850550,{},4404,1941,"{""name"":""polygon"",""all_points_x"":[3012,3006,3008,3014],""all_points_y"":[2098,2148,2147,2097]}",{}
4.png,31850550,{},4404,1942,"{""name"":""polygon"",""all_points_x"":[3025,3019,3022,3028],""all_points_y"":[2105,2147,2148,2107]}",{}
4.png,31850550,{},4404,1943,"{""name"":""polygon"",""all_points_x"":[3232,3228,3273,3281,3283,3248],""all_points_y"":[2192,2195,2241,2248,2245,2213]}",{}
4.png,31850550,{},4404,1944,"{""name"":""polygon"",""all_points_x"":[3287,3287,3320,3324],""all_points_y"":[2249,2251,2279,2278]}",{}
4.png,31850550,{},4404,1945,"{""name"":""polygon"",""all_points_x"":[3248,3246,3282,3282],""all_points_y"":[2234,2236,2259,2255]}",{}
4.png,31850550,{},4404,1946,"{""name"":""polygon"",""all_points_x"":[3287,3281,3283,3286,3289,3287,3287],""all_points_y"":[2244,2243,2277,2291,2291,2271,2264]}",{}
4.png,31850550,{},4404,1947,"{""name"":""polygon"",""all_points_x"":[3219,3222,3245,3241],""all_points_y"":[2259,2259,2303,2302]}",{}
4.png,31850550,{},4404,1948,"{""name"":""polygon"",""all_points_x"":[3241,3269,3273,3242],""all_points_y"":[2259,2301,2300,2255]}",{}
4.png,31850550,{},4404,1949,"{""name"":""polygon"",""all_points_x"":[3301,3312,3317,3306],""all_points_y"":[2280,2300,2301,2280]}",{}
4.png,31850550,{},4404,1950,"{""name"":""polygon"",""all_points_x"":[3291,3312,3312,3292],""all_points_y"":[2263,2277,2274,2261]}",{}
4.png,31850550,{},4404,1951,"{""name"":""polygon"",""all_points_x"":[3343,3332,3336,3346],""all_points_y"":[2199,2299,2302,2199]}",{}
4.png,31850550,{},4404,1952,"{""name"":""polygon"",""all_points_x"":[3076,3072,3076,3079],""all_points_y"":[2185,2230,2230,2186]}",{}
4.png,31850550,{},4404,1953,"{""name"":""polygon"",""all_points_x"":[3091,3087,3088,3090],""all_points_y"":[2130,2129,2179,2175]}",{}
4.png,31850550,{},4404,1954,"{""name"":""polygon"",""all_points_x"":[3066,3055,3039,3037,3066],""all_points_y"":[2173,2189,2203,2200,2169]}",{}
4.png,31850550,{},4404,1955,"{""name"":""polygon"",""all_points_x"":[3069,3067,3070,3072],""all_points_y"":[2142,2198,2198,2140]}",{}
4.png,31850550,{},4404,1956,"{""name"":""polygon"",""all_points_x"":[3357,3355,3353,3357,3361,3358],""all_points_y"":[2134,2134,2212,2295,2294,2199]}",{}
4.png,31850550,{},4404,1957,"{""name"":""polygon"",""all_points_x"":[3365,3357,3358,3367],""all_points_y"":[2149,2163,2168,2150]}",{}
4.png,31850550,{},4404,1958,"{""name"":""polygon"",""all_points_x"":[3388,3381,3384,3390],""all_points_y"":[2127,2169,2167,2128]}",{}
4.png,31850550,{},4404,1959,"{""name"":""polygon"",""all_points_x"":[3436,3418,3422,3439],""all_points_y"":[2052,2136,2138,2054]}",{}
4.png,31850550,{},4404,1960,"{""name"":""polygon"",""all_points_x"":[3417,3391,3394,3422],""all_points_y"":[2142,2264,2265,2144]}",{}
4.png,31850550,{},4404,1961,"{""name"":""polygon"",""all_points_x"":[3402,3454,3480,3484,3406],""all_points_y"":[2113,2202,2251,2250,2112]}",{}
4.png,31850550,{},4404,1962,"{""name"":""polygon"",""all_points_x"":[3373,3371,3436,3444,3454],""all_points_y"":[2265,2267,2298,2302,2303]}",{}
4.png,31850550,{},4404,1963,"{""name"":""polygon"",""all_points_x"":[3435,3424,3427,3439],""all_points_y"":[2174,2284,2284,2178]}",{}
4.png,31850550,{},4404,1964,"{""name"":""polygon"",""all_points_x"":[3401,3421,3423,3403],""all_points_y"":[2257,2280,2279,2254]}",{}
4.png,31850550,{},4404,1965,"{""name"":""polygon"",""all_points_x"":[3310,3346,3349,3312],""all_points_y"":[2036,2146,2144,2035]}",{}
4.png,31850550,{},4404,1966,"{""name"":""polygon"",""all_points_x"":[3345,3332,3333,3347],""all_points_y"":[2150,2192,2193,2150]}",{}
4.png,31850550,{},4404,1967,"{""name"":""polygon"",""all_points_x"":[3376,3382,3384,3378],""all_points_y"":[2135,2146,2143,2134]}",{}
4.png,31850550,{},4404,1968,"{""name"":""polygon"",""all_points_x"":[3389,3407,3409,3391],""all_points_y"":[2154,2179,2175,2153]}",{}
4.png,31850550,{},4404,1969,"{""name"":""polygon"",""all_points_x"":[3415,3414,3428,3429],""all_points_y"":[2184,2188,2208,2203]}",{}
4.png,31850550,{},4404,1970,"{""name"":""polygon"",""all_points_x"":[3437,3436,3479,3481],""all_points_y"":[2212,2217,2270,2268]}",{}
4.png,31850550,{},4404,1971,"{""name"":""polygon"",""all_points_x"":[3547,3488,3489,3549],""all_points_y"":[2154,2242,2248,2156]}",{}
4.png,31850550,{},4404,1972,"{""name"":""polygon"",""all_points_x"":[3353,3345,3348,3355],""all_points_y"":[2268,2303,2303,2271]}",{}
4.png,31850550,{},4404,1973,"{""name"":""polygon"",""all_points_x"":[3447,3436,3438,3451],""all_points_y"":[2057,2162,2164,2057]}",{}
4.png,31850550,{},4404,1974,"{""name"":""polygon"",""all_points_x"":[3452,3387,3391,3456],""all_points_y"":[1953,2072,2073,1954]}",{}
4.png,31850550,{},4404,1975,"{""name"":""polygon"",""all_points_x"":[3381,3381,3425,3426],""all_points_y"":[1977,1980,1993,1989]}",{}
4.png,31850550,{},4404,1976,"{""name"":""polygon"",""all_points_x"":[3389,3389,3420,3422],""all_points_y"":[1987,1990,2005,2004]}",{}
4.png,31850550,{},4404,1977,"{""name"":""polygon"",""all_points_x"":[3431,3428,3436,3437],""all_points_y"":[2007,2010,2013,2011]}",{}
4.png,31850550,{},4404,1978,"{""name"":""polygon"",""all_points_x"":[3460,3459,3500,3501],""all_points_y"":[2019,2023,2039,2036]}",{}
4.png,31850550,{},4404,1979,"{""name"":""polygon"",""all_points_x"":[3394,3392,3422,3422],""all_points_y"":[2071,2073,2113,2109]}",{}
4.png,31850550,{},4404,1980,"{""name"":""polygon"",""all_points_x"":[3448,3446,3444,3502,3505,3464],""all_points_y"":[2114,2116,2122,2220,2217,2147]}",{}
4.png,31850550,{},4404,1981,"{""name"":""polygon"",""all_points_x"":[3229,3226,3256,3289,3292],""all_points_y"":[2053,2055,2108,2168,2166]}",{}
4.png,31850550,{},4404,1982,"{""name"":""polygon"",""all_points_x"":[3242,3217,3219,3249,3245],""all_points_y"":[2093,2103,2107,2096,2092]}",{}
4.png,31850550,{},4404,1983,"{""name"":""polygon"",""all_points_x"":[3226,3222,3218,3221,3228],""all_points_y"":[1951,1975,2038,2041,1951]}",{}
4.png,31850550,{},4404,1984,"{""name"":""polygon"",""all_points_x"":[3216,3190,3192,3220],""all_points_y"":[1942,2083,2084,1944]}",{}
4.png,31850550,{},4404,1985,"{""name"":""polygon"",""all_points_x"":[3218,3214,3219,3221],""all_points_y"":[2050,2083,2079,2053]}",{}
4.png,31850550,{},4404,1986,"{""name"":""polygon"",""all_points_x"":[3212,3200,3202,3215],""all_points_y"":[2060,2090,2092,2061]}",{}
4.png,31850550,{},4404,1987,"{""name"":""polygon"",""all_points_x"":[3213,3205,3202,3212],""all_points_y"":[2024,2054,2050,2024]}",{}
4.png,31850550,{},4404,1988,"{""name"":""polygon"",""all_points_x"":[3205,3207,3209,3208],""all_points_y"":[2064,2070,2066,2061]}",{}
4.png,31850550,{},4404,1989,"{""name"":""polygon"",""all_points_x"":[3257,3276,3287,3290,3260],""all_points_y"":[2013,2104,2148,2146,2013]}",{}
4.png,31850550,{},4404,1990,"{""name"":""polygon"",""all_points_x"":[3476,3474,3548,3620,3622,3522],""all_points_y"":[2005,2008,2074,2138,2131,2045]}",{}
4.png,31850550,{},4404,1991,"{""name"":""polygon"",""all_points_x"":[3528,3529,3569,3569],""all_points_y"":[2045,2049,2064,2059]}",{}
4.png,31850550,{},4404,1992,"{""name"":""polygon"",""all_points_x"":[3457,3455,3501,3550,3587,3587,3507],""all_points_y"":[2103,2106,2120,2138,2154,2148,2118]}",{}
4.png,31850550,{},4404,1993,"{""name"":""polygon"",""all_points_x"":[3467,3465,3519,3583,3582,3501],""all_points_y"":[2096,2100,2122,2144,2141,2112]}",{}
4.png,31850550,{},4404,1994,"{""name"":""polygon"",""all_points_x"":[3469,3510,3574,3574,3458,3458,3469],""all_points_y"":[2090,2110,2135,2130,2080,2082,2089]}",{}
4.png,31850550,{},4404,1995,"{""name"":""polygon"",""all_points_x"":[3496,3495,3535,3538],""all_points_y"":[2138,2143,2160,2157]}",{}
4.png,31850550,{},4404,1996,"{""name"":""polygon"",""all_points_x"":[3553,3551,3588,3587],""all_points_y"":[2164,2166,2183,2180]}",{}
4.png,31850550,{},4404,1997,"{""name"":""polygon"",""all_points_x"":[3509,3505,3535,3539],""all_points_y"":[2223,2225,2277,2275]}",{}
4.png,31850550,{},4404,1998,"{""name"":""polygon"",""all_points_x"":[3463,3469,3512,3513],""all_points_y"":[2138,2148,2180,2178]}",{}
4.png,31850550,{},4404,1999,"{""name"":""polygon"",""all_points_x"":[3378,3339,3342,3380],""all_points_y"":[1953,2065,2069,1956]}",{}
4.png,31850550,{},4404,2000,"{""name"":""polygon"",""all_points_x"":[3393,3392,3423,3425,3427],""all_points_y"":[1958,1961,1982,1983,1981]}",{}
4.png,31850550,{},4404,2001,"{""name"":""polygon"",""all_points_x"":[3419,3415,3430,3431],""all_points_y"":[2177,2181,2192,2189]}",{}
4.png,31850550,{},4404,2002,"{""name"":""polygon"",""all_points_x"":[3440,3438,3445,3462,3459],""all_points_y"":[2195,2198,2206,2222,2214]}",{}
4.png,31850550,{},4404,2003,"{""name"":""polygon"",""all_points_x"":[3018,3020,3038,3057,3059,3040,3027],""all_points_y"":[2186,2192,2209,2231,2229,2202,2194]}",{}
4.png,31850550,{},4404,2004,"{""name"":""polygon"",""all_points_x"":[3645,3642,3684,3696,3697],""all_points_y"":[2066,2070,2124,2136,2134]}",{}
4.png,31850550,{},4404,2005,"{""name"":""polygon"",""all_points_x"":[3464,3463,3515,3528],""all_points_y"":[2060,2062,2086,2091]}",{}
4.png,31850550,{},4404,2006,"{""name"":""polygon"",""all_points_x"":[3512,3510,3582,3582],""all_points_y"":[2089,2086,2105,2108]}",{}
4.png,31850550,{},4404,2007,"{""name"":""polygon"",""all_points_x"":[3554,3551,3563,3605,3605],""all_points_y"":[2183,2185,2190,2216,2213]}",{}
4.png,31850550,{},4404,2008,"{""name"":""polygon"",""all_points_x"":[3490,3499,3518,3515],""all_points_y"":[2167,2172,2194,2196]}",{}
4.png,31850550,{},4404,2009,"{""name"":""polygon"",""all_points_x"":[3490,3488,3511,3513],""all_points_y"":[2176,2178,2203,2200]}",{}
4.png,31850550,{},4404,2010,"{""name"":""polygon"",""all_points_x"":[3508,3507,3500,3492],""all_points_y"":[2205,2208,2201,2191]}",{}
4.png,31850550,{},4404,2011,"{""name"":""polygon"",""all_points_x"":[3444,3443,3462,3466,3449],""all_points_y"":[2148,2157,2179,2177,2157]}",{}
4.png,31850550,{},4404,2012,"{""name"":""polygon"",""all_points_x"":[3461,3460,3495,3497],""all_points_y"":[2195,2200,2217,2213]}",{}
4.png,31850550,{},4404,2013,"{""name"":""polygon"",""all_points_x"":[3516,3514,3548,3551],""all_points_y"":[2213,2215,2251,2249]}",{}
4.png,31850550,{},4404,2014,"{""name"":""polygon"",""all_points_x"":[3551,3549,3584,3589],""all_points_y"":[2237,2240,2295,2297]}",{}
4.png,31850550,{},4404,2015,"{""name"":""polygon"",""all_points_x"":[3555,3554,3610,3610],""all_points_y"":[2213,2215,2247,2242]}",{}
4.png,31850550,{},4404,2016,"{""name"":""polygon"",""all_points_x"":[3631,3629,3649,3653],""all_points_y"":[2236,2238,2269,2268]}",{}
4.png,31850550,{},4404,2017,"{""name"":""polygon"",""all_points_x"":[3553,3551,3610,3610],""all_points_y"":[2190,2193,2228,2224]}",{}
4.png,31850550,{},4404,2018,"{""name"":""polygon"",""all_points_x"":[3538,3543,3605,3603],""all_points_y"":[2099,2098,2125,2129]}",{}
4.png,31850550,{},4404,2019,"{""name"":""polygon"",""all_points_x"":[3463,3461,3489,3491],""all_points_y"":[2204,2205,2234,2233]}",{}
4.png,31850550,{},4404,2020,"{""name"":""polygon"",""all_points_x"":[3500,3498,3525,3526],""all_points_y"":[2239,2241,2266,2264]}",{}
4.png,31850550,{},4404,2021,"{""name"":""polygon"",""all_points_x"":[3526,3524,3526,3528],""all_points_y"":[2278,2297,2297,2279]}",{}
4.png,31850550,{},4404,2022,"{""name"":""polygon"",""all_points_x"":[3708,3736,3742,3709],""all_points_y"":[2208,2278,2280,2206]}",{}
4.png,31850550,{},4404,2023,"{""name"":""polygon"",""all_points_x"":[3725,3756,3802,3806,3761,3729],""all_points_y"":[2205,2252,2303,2302,2249,2207]}",{}
4.png,31850550,{},4404,2024,"{""name"":""polygon"",""all_points_x"":[3710,3740,3742,3715],""all_points_y"":[2239,2296,2296,2237]}",{}
4.png,31850550,{},4404,2025,"{""name"":""polygon"",""all_points_x"":[3658,3695,3697,3661],""all_points_y"":[2241,2299,2299,2241]}",{}
4.png,31850550,{},4404,2026,"{""name"":""polygon"",""all_points_x"":[3639,3686,3698,3699,3641],""all_points_y"":[2198,2258,2272,2270,2199]}",{}
4.png,31850550,{},4404,2027,"{""name"":""polygon"",""all_points_x"":[3575,3610,3613,3579],""all_points_y"":[2231,2267,2267,2232]}",{}
4.png,31850550,{},4404,2028,"{""name"":""polygon"",""all_points_x"":[3556,3553,3561,3595,3596],""all_points_y"":[2226,2227,2241,2291,2289]}",{}
4.png,31850550,{},4404,2029,"{""name"":""polygon"",""all_points_x"":[3677,3675,3696,3745,3748],""all_points_y"":[2072,2079,2102,2161,2161]}",{}
4.png,31850550,{},4404,2030,"{""name"":""polygon"",""all_points_x"":[3741,3739,3772,3859,3860],""all_points_y"":[2141,2146,2170,2240,2236]}",{}
4.png,31850550,{},4404,2031,"{""name"":""polygon"",""all_points_x"":[3797,3796,3831,3833],""all_points_y"":[2208,2211,2238,2234]}",{}
4.png,31850550,{},4404,2032,"{""name"":""polygon"",""all_points_x"":[3839,3838,3911,3914],""all_points_y"":[2238,2242,2298,2296]}",{}
4.png,31850550,{},4404,2033,"{""name"":""polygon"",""all_points_x"":[3575,3572,3570,3606,3606],""all_points_y"":[2247,2245,2248,2279,2275]}",{}
4.png,31850550,{},4404,2034,"{""name"":""polygon"",""all_points_x"":[3612,3609,3629,3631],""all_points_y"":[2279,2281,2298,2295]}",{}
4.png,31850550,{},4404,2035,"{""name"":""polygon"",""all_points_x"":[3650,3652,3681,3677],""all_points_y"":[2258,2266,2278,2272]}",{}
4.png,31850550,{},4404,2036,"{""name"":""polygon"",""all_points_x"":[3726,3744,3746,3728],""all_points_y"":[2167,2205,2202,2166]}",{}
4.png,31850550,{},4404,2037,"{""name"":""polygon"",""all_points_x"":[3740,3737,3832,3833],""all_points_y"":[2120,2124,2189,2184]}",{}
4.png,31850550,{},4404,2038,"{""name"":""polygon"",""all_points_x"":[3836,3834,3888,3894],""all_points_y"":[2103,2104,2187,2187]}",{}
4.png,31850550,{},4404,2039,"{""name"":""polygon"",""all_points_x"":[3757,3755,3821,3821],""all_points_y"":[2086,2089,2120,2116]}",{}
4.png,31850550,{},4404,2040,"{""name"":""polygon"",""all_points_x"":[3716,3716,3772,3806,3798],""all_points_y"":[2044,2045,2069,2082,2074]}",{}
4.png,31850550,{},4404,2041,"{""name"":""polygon"",""all_points_x"":[3705,3701,3756,3788,3792],""all_points_y"":[2056,2057,2096,2122,2122]}",{}
4.png,31850550,{},4404,2042,"{""name"":""polygon"",""all_points_x"":[3842,3843,3755,3778],""all_points_y"":[2146,2143,2092,2110]}",{}
4.png,31850550,{},4404,2043,"{""name"":""polygon"",""all_points_x"":[3717,3716,3786,3826,3827,3775,3734],""all_points_y"":[2076,2078,2141,2171,2168,2127,2091]}",{}
4.png,31850550,{},4404,2044,"{""name"":""polygon"",""all_points_x"":[3647,3645,3664,3667],""all_points_y"":[2145,2147,2177,2177]}",{}
4.png,31850550,{},4404,2045,"{""name"":""polygon"",""all_points_x"":[3644,3634,3680,3760,3767],""all_points_y"":[1970,1966,2000,2058,2058]}",{}
4.png,31850550,{},4404,2046,"{""name"":""polygon"",""all_points_x"":[3681,3681,3720,3783,3782,3713,3695],""all_points_y"":[1990,1993,2014,2037,2032,2007,1999]}",{}
4.png,31850550,{},4404,2047,"{""name"":""polygon"",""all_points_x"":[3620,3619,3658,3688,3688],""all_points_y"":[1954,1957,1976,1989,1986]}",{}
4.png,31850550,{},4404,2048,"{""name"":""polygon"",""all_points_x"":[3575,3572,3634,3685,3751,3760,3675,3614],""all_points_y"":[1886,1889,1936,1975,2020,2023,1962,1916]}",{}
4.png,31850550,{},4404,2049,"{""name"":""polygon"",""all_points_x"":[3620,3619,3659,3657],""all_points_y"":[1937,1940,1962,1957]}",{}
4.png,31850550,{},4404,2050,"{""name"":""polygon"",""all_points_x"":[3570,3566,3610,3614],""all_points_y"":[1959,1961,1996,1996]}",{}
4.png,31850550,{},4404,2051,"{""name"":""polygon"",""all_points_x"":[3534,3533,3567,3567],""all_points_y"":[1952,1955,1974,1969]}",{}
4.png,31850550,{},4404,2052,"{""name"":""polygon"",""all_points_x"":[3473,3471,3516,3516],""all_points_y"":[1929,1932,1957,1952]}",{}
4.png,31850550,{},4404,2053,"{""name"":""polygon"",""all_points_x"":[3477,3474,3522,3519],""all_points_y"":[1944,1946,1972,1965]}",{}
4.png,31850550,{},4404,2054,"{""name"":""polygon"",""all_points_x"":[3469,3468,3529,3528],""all_points_y"":[1944,1947,1983,1976]}",{}
4.png,31850550,{},4404,2055,"{""name"":""polygon"",""all_points_x"":[3393,3392,3420,3452,3456,3410],""all_points_y"":[1899,1901,1919,1940,1936,1911]}",{}
4.png,31850550,{},4404,2056,"{""name"":""polygon"",""all_points_x"":[3429,3419,3422,3431],""all_points_y"":[1775,1812,1814,1778]}",{}
4.png,31850550,{},4404,2057,"{""name"":""polygon"",""all_points_x"":[3442,3439,3416,3386,3370,3375,3392,3411,3427],""all_points_y"":[1848,1850,1813,1762,1729,1730,1765,1799,1824]}",{}
4.png,31850550,{},4404,2058,"{""name"":""polygon"",""all_points_x"":[3417,3413,3416,3420],""all_points_y"":[1819,1840,1842,1821]}",{}
4.png,31850550,{},4404,2059,"{""name"":""polygon"",""all_points_x"":[3411,3409,3412,3413],""all_points_y"":[1846,1858,1859,1847]}",{}
4.png,31850550,{},4404,2060,"{""name"":""polygon"",""all_points_x"":[3364,3417,3450,3454,3419,3408,3368],""all_points_y"":[1775,1850,1901,1902,1848,1832,1773]}",{}
4.png,31850550,{},4404,2061,"{""name"":""polygon"",""all_points_x"":[3456,3458,3426,3425],""all_points_y"":[1876,1875,1804,1809]}",{}
4.png,31850550,{},4404,2062,"{""name"":""polygon"",""all_points_x"":[3459,3457,3427,3429],""all_points_y"":[1862,1862,1803,1799]}",{}
4.png,31850550,{},4404,2063,"{""name"":""polygon"",""all_points_x"":[3456,3456,3489,3491],""all_points_y"":[1829,1832,1860,1858]}",{}
4.png,31850550,{},4404,2064,"{""name"":""polygon"",""all_points_x"":[3551,3514,3516,3549],""all_points_y"":[1842,1863,1865,1847]}",{}
4.png,31850550,{},4404,2065,"{""name"":""polygon"",""all_points_x"":[3567,3606,3609,3571],""all_points_y"":[1841,1892,1891,1839]}",{}
4.png,31850550,{},4404,2066,"{""name"":""polygon"",""all_points_x"":[3543,3541,3603,3654,3656],""all_points_y"":[1803,1805,1863,1913,1912]}",{}
4.png,31850550,{},4404,2067,"{""name"":""polygon"",""all_points_x"":[3595,3592,3632,3666,3669,3608],""all_points_y"":[1844,1846,1884,1921,1920,1857]}",{}
4.png,31850550,{},4404,2068,"{""name"":""polygon"",""all_points_x"":[3591,3594,3625,3629,3625],""all_points_y"":[1807,1806,1850,1855,1855]}",{}
4.png,31850550,{},4404,2069,"{""name"":""polygon"",""all_points_x"":[3626,3623,3677,3679],""all_points_y"":[1830,1834,1885,1882]}",{}
4.png,31850550,{},4404,2070,"{""name"":""polygon"",""all_points_x"":[3654,3704,3735,3758,3766,3701,3660],""all_points_y"":[1838,1912,1952,1976,1978,1899,1838]}",{}
4.png,31850550,{},4404,2071,"{""name"":""polygon"",""all_points_x"":[3830,3829,3857,3942,3919,3869],""all_points_y"":[1970,1975,1996,2061,2036,2000]}",{}
4.png,31850550,{},4404,2072,"{""name"":""polygon"",""all_points_x"":[3853,3905,3908,3856],""all_points_y"":[1939,2025,2025,1938]}",{}
4.png,31850550,{},4404,2073,"{""name"":""polygon"",""all_points_x"":[3914,3918,3946,3941],""all_points_y"":[1989,1989,2043,2043]}",{}
4.png,31850550,{},4404,2074,"{""name"":""polygon"",""all_points_x"":[3970,3992,3996,3974],""all_points_y"":[1990,2047,2047,1989]}",{}
4.png,31850550,{},4404,2075,"{""name"":""polygon"",""all_points_x"":[3946,3945,3969,3969],""all_points_y"":[2016,2020,2042,2036]}",{}
4.png,31850550,{},4404,2076,"{""name"":""polygon"",""all_points_x"":[3398,3395,3428,3446,3447],""all_points_y"":[1866,1870,1891,1902,1900]}",{}
4.png,31850550,{},4404,2077,"{""name"":""polygon"",""all_points_x"":[3532,3530,3554,3570,3583,3586],""all_points_y"":[1888,1889,1903,1912,1920,1917]}",{}
4.png,31850550,{},4404,2078,"{""name"":""polygon"",""all_points_x"":[3624,3620,3640,3660,3687,3688,3641],""all_points_y"":[1907,1910,1919,1929,1945,1943,1915]}",{}
4.png,31850550,{},4404,2079,"{""name"":""polygon"",""all_points_x"":[3661,3687,3690,3665],""all_points_y"":[1901,1938,1937,1902]}",{}
4.png,31850550,{},4404,2080,"{""name"":""polygon"",""all_points_x"":[3673,3682,3701,3704],""all_points_y"":[1908,1923,1940,1937]}",{}
4.png,31850550,{},4404,2081,"{""name"":""polygon"",""all_points_x"":[3654,3655,3690,3709,3703],""all_points_y"":[1877,1880,1910,1924,1915]}",{}
4.png,31850550,{},4404,2082,"{""name"":""polygon"",""all_points_x"":[3654,3655,3684,3684],""all_points_y"":[1888,1885,1906,1909]}",{}
4.png,31850550,{},4404,2083,"{""name"":""polygon"",""all_points_x"":[3740,3738,3784,3829,3832,3757],""all_points_y"":[1776,1779,1835,1889,1888,1797]}",{}
4.png,31850550,{},4404,2084,"{""name"":""polygon"",""all_points_x"":[3737,3764,3785,3842,3846,3809,3765,3741],""all_points_y"":[1730,1781,1810,1887,1886,1834,1775,1730]}",{}
4.png,31850550,{},4404,2085,"{""name"":""polygon"",""all_points_x"":[3784,3842,3846,3787],""all_points_y"":[1747,1854,1855,1748]}",{}
4.png,31850550,{},4404,2086,"{""name"":""polygon"",""all_points_x"":[3868,3883,3891,3893,3870],""all_points_y"":[1730,1825,1868,1868,1730]}",{}
4.png,31850550,{},4404,2087,"{""name"":""polygon"",""all_points_x"":[3847,3878,3878,3848],""all_points_y"":[1755,1806,1804,1751]}",{}
4.png,31850550,{},4404,2088,"{""name"":""polygon"",""all_points_x"":[3800,3800,3830,3829],""all_points_y"":[1725,1729,1748,1743]}",{}
4.png,31850550,{},4404,2089,"{""name"":""polygon"",""all_points_x"":[3859,3905,3908,3862],""all_points_y"":[1796,1911,1910,1795]}",{}
4.png,31850550,{},4404,2090,"{""name"":""polygon"",""all_points_x"":[3900,3899,3940,3974,3978,3930],""all_points_y"":[1868,1873,1903,1931,1930,1890]}",{}
4.png,31850550,{},4404,2091,"{""name"":""polygon"",""all_points_x"":[3928,3926,3966,3993,3994,3957],""all_points_y"":[1908,1911,1931,1941,1939,1923]}",{}
4.png,31850550,{},4404,2092,"{""name"":""polygon"",""all_points_x"":[3862,3859,3900,3944,4007,4008,3907,3889],""all_points_y"":[1915,1918,1946,1974,2009,2006,1944,1932]}",{}
4.png,31850550,{},4404,2093,"{""name"":""polygon"",""all_points_x"":[3898,3897,3922,3959,3976,3976,3931,3915],""all_points_y"":[1907,1909,1927,1949,1959,1957,1928,1919]}",{}
4.png,31850550,{},4404,2094,"{""name"":""polygon"",""all_points_x"":[3733,3731,3767,3825,3824,3763,3752],""all_points_y"":[1957,1960,1984,2022,2018,1978,1970]}",{}
4.png,31850550,{},4404,2095,"{""name"":""polygon"",""all_points_x"":[3766,3782,3810,3806,3779],""all_points_y"":[1984,1996,2020,2022,1999]}",{}
4.png,31850550,{},4404,2096,"{""name"":""polygon"",""all_points_x"":[3827,3827,3881,3941,3946,3862],""all_points_y"":[2042,2044,2110,2176,2172,2083]}",{}
4.png,31850550,{},4404,2097,"{""name"":""polygon"",""all_points_x"":[3810,3808,3879,3961,3965,3864],""all_points_y"":[1984,1987,2050,2122,2119,2029]}",{}
4.png,31850550,{},4404,2098,"{""name"":""polygon"",""all_points_x"":[3830,3827,3882,3915,3942,3944],""all_points_y"":[2018,2021,2083,2118,2144,2141]}",{}
4.png,31850550,{},4404,2099,"{""name"":""polygon"",""all_points_x"":[3889,3904,3910,3902],""all_points_y"":[2096,2108,2119,2121]}",{}
4.png,31850550,{},4404,2100,"{""name"":""polygon"",""all_points_x"":[3524,3522,3536,3540],""all_points_y"":[2200,2202,2221,2221]}",{}
4.png,31850550,{},4404,2101,"{""name"":""polygon"",""all_points_x"":[3343,3340,3356,3358],""all_points_y"":[1960,1961,2012,2004]}",{}
4.png,31850550,{},4404,2102,"{""name"":""polygon"",""all_points_x"":[3362,3359,3370,3372],""all_points_y"":[2018,2023,2047,2046]}",{}
4.png,31850550,{},4404,2103,"{""name"":""polygon"",""all_points_x"":[3359,3361,3352,3349],""all_points_y"":[2067,2066,2047,2050]}",{}
4.png,31850550,{},4404,2104,"{""name"":""polygon"",""all_points_x"":[3795,3789,3830,3832],""all_points_y"":[2125,2125,2154,2150]}",{}
4.png,31850550,{},4404,2105,"{""name"":""polygon"",""all_points_x"":[3693,3693,3750,3749],""all_points_y"":[1845,1847,1869,1864]}",{}
4.png,31850550,{},4404,2106,"{""name"":""polygon"",""all_points_x"":[3741,3765,3768,3744],""all_points_y"":[1970,2011,2009,1970]}",{}
4.png,31850550,{},4404,2107,"{""name"":""polygon"",""all_points_x"":[3759,3797,3800,3766],""all_points_y"":[2031,2072,2071,2030]}",{}
4.png,31850550,{},4404,2108,"{""name"":""polygon"",""all_points_x"":[3678,3678,3797,3797],""all_points_y"":[1810,1815,1885,1879]}",{}
4.png,31850550,{},4404,2109,"{""name"":""polygon"",""all_points_x"":[3801,3799,3847,3849],""all_points_y"":[1803,1809,1869,1865]}",{}
4.png,31850550,{},4404,2110,"{""name"":""polygon"",""all_points_x"":[3826,3852,3855,3828],""all_points_y"":[1846,1890,1889,1848]}",{}
4.png,31850550,{},4404,2111,"{""name"":""polygon"",""all_points_x"":[3866,3875,3878,3870],""all_points_y"":[1893,1911,1911,1893]}",{}
4.png,31850550,{},4404,2112,"{""name"":""polygon"",""all_points_x"":[3831,3827,3847,3854,3856],""all_points_y"":[1814,1812,1847,1859,1858]}",{}
4.png,31850550,{},4404,2113,"{""name"":""polygon"",""all_points_x"":[3904,3919,3922,3907],""all_points_y"":[1830,1874,1874,1830]}",{}
4.png,31850550,{},4404,2114,"{""name"":""polygon"",""all_points_x"":[3635,3632,3654,3664,3665],""all_points_y"":[1751,1753,1786,1799,1799]}",{}
4.png,31850550,{},4404,2115,"{""name"":""polygon"",""all_points_x"":[3653,3652,3668,3697,3697,3684],""all_points_y"":[1770,1772,1787,1806,1804,1791]}",{}
4.png,31850550,{},4404,2116,"{""name"":""polygon"",""all_points_x"":[3648,3646,3668,3697,3699],""all_points_y"":[1744,1745,1771,1803,1801]}",{}
4.png,31850550,{},4404,2117,"{""name"":""polygon"",""all_points_x"":[3715,3715,3746,3778,3775],""all_points_y"":[1786,1789,1811,1832,1826]}",{}
4.png,31850550,{},4404,2118,"{""name"":""polygon"",""all_points_x"":[3751,3755,3800,3800],""all_points_y"":[1842,1846,1863,1860]}",{}
4.png,31850550,{},4404,2119,"{""name"":""polygon"",""all_points_x"":[3701,3759,3797,3797,3754,3702],""all_points_y"":[1856,1877,1893,1890,1871,1854]}",{}
4.png,31850550,{},4404,2120,"{""name"":""polygon"",""all_points_x"":[3672,3666,3664,3667,3675],""all_points_y"":[1631,1678,1696,1696,1635]}",{}
4.png,31850550,{},4404,2121,"{""name"":""polygon"",""all_points_x"":[3660,3684,3687,3662],""all_points_y"":[1592,1661,1657,1591]}",{}
4.png,31850550,{},4404,2122,"{""name"":""polygon"",""all_points_x"":[3706,3705,3734,3736],""all_points_y"":[1602,1608,1636,1631]}",{}
4.png,31850550,{},4404,2123,"{""name"":""polygon"",""all_points_x"":[3890,3887,3935,3950,3952,3914],""all_points_y"":[1781,1783,1834,1848,1842,1807]}",{}
4.png,31850550,{},4404,2124,"{""name"":""polygon"",""all_points_x"":[3637,3635,3662,3664],""all_points_y"":[1635,1639,1675,1673]}",{}
4.png,31850550,{},4404,2125,"{""name"":""polygon"",""all_points_x"":[3695,3705,3708,3697],""all_points_y"":[1692,1740,1739,1691]}",{}
4.png,31850550,{},4404,2126,"{""name"":""polygon"",""all_points_x"":[3497,3501,3525,3523],""all_points_y"":[2248,2248,2270,2274]}",{}
4.png,31850550,{},4404,2127,"{""name"":""polygon"",""all_points_x"":[3641,3639,3653,3655],""all_points_y"":[1985,1987,1998,1997]}",{}
4.png,31850550,{},4404,2128,"{""name"":""polygon"",""all_points_x"":[3345,3349,3357,3360,3348],""all_points_y"":[1824,1911,1981,1983,1824]}",{}
4.png,31850550,{},4404,2129,"{""name"":""polygon"",""all_points_x"":[3359,3356,3374,3376],""all_points_y"":[1817,1819,1851,1848]}",{}
4.png,31850550,{},4404,2130,"{""name"":""polygon"",""all_points_x"":[3694,3693,3760,3762],""all_points_y"":[1858,1862,1908,1906]}",{}
4.png,31850550,{},4404,2131,"{""name"":""polygon"",""all_points_x"":[3746,3745,3767,3769],""all_points_y"":[1918,1922,1947,1946]}",{}
4.png,31850550,{},4404,2132,"{""name"":""polygon"",""all_points_x"":[3810,3809,3758,3768],""all_points_y"":[1875,1878,1850,1851]}",{}
4.png,31850550,{},4404,2133,"{""name"":""polygon"",""all_points_x"":[3903,3901,3907,3908],""all_points_y"":[1783,1789,1792,1788]}",{}
4.png,31850550,{},4404,2134,"{""name"":""polygon"",""all_points_x"":[3919,3918,3963,3962],""all_points_y"":[1794,1796,1822,1818]}",{}
4.png,31850550,{},4404,2135,"{""name"":""polygon"",""all_points_x"":[3917,3918,3960,3956],""all_points_y"":[1797,1796,1821,1822]}",{}
4.png,31850550,{},4404,2136,"{""name"":""polygon"",""all_points_x"":[3476,3474,3531,3539,3539,3481],""all_points_y"":[1955,1958,1989,1994,1989,1958]}",{}
4.png,31850550,{},4404,2137,"{""name"":""polygon"",""all_points_x"":[3747,3742,3755,3778,3781,3755],""all_points_y"":[1643,1645,1653,1675,1674,1648]}",{}
4.png,31850550,{},4404,2138,"{""name"":""polygon"",""all_points_x"":[296,296,299,330,328],""all_points_y"":[2175,2176,2179,2177,2174]}",{}
4.png,31850550,{},4404,2139,"{""name"":""polygon"",""all_points_x"":[361,328,333,364],""all_points_y"":[2181,2213,2212,2183]}",{}
4.png,31850550,{},4404,2140,"{""name"":""polygon"",""all_points_x"":[782,781,824,823],""all_points_y"":[2091,2099,2096,2090]}",{}
4.png,31850550,{},4404,2141,"{""name"":""polygon"",""all_points_x"":[1666,1714,1714,1669],""all_points_y"":[2106,2111,2107,2103]}",{}
4.png,31850550,{},4404,2142,"{""name"":""polygon"",""all_points_x"":[3285,3312,3315,3288],""all_points_y"":[1857,1966,1966,1856]}",{}
4.png,31850550,{},4404,2143,"{""name"":""polygon"",""all_points_x"":[3317,3316,3318,3318],""all_points_y"":[1958,1981,1981,1958]}",{}
4.png,31850550,{},4404,2144,"{""name"":""polygon"",""all_points_x"":[3344,3327,3329,3348],""all_points_y"":[1906,1998,2001,1911]}",{}
4.png,31850550,{},4404,2145,"{""name"":""polygon"",""all_points_x"":[3322,3334,3335,3325],""all_points_y"":[1910,1946,1943,1909]}",{}
4.png,31850550,{},4404,2146,"{""name"":""polygon"",""all_points_x"":[3300,3325,3326,3303],""all_points_y"":[1962,2004,2000,1957]}",{}
4.png,31850550,{},4404,2147,"{""name"":""polygon"",""all_points_x"":[3279,3273,3276,3281],""all_points_y"":[1883,1910,1909,1886]}",{}
4.png,31850550,{},4404,2148,"{""name"":""polygon"",""all_points_x"":[3232,3259,3263,3234],""all_points_y"":[1777,1871,1870,1773]}",{}
4.png,31850550,{},4404,2149,"{""name"":""polygon"",""all_points_x"":[3244,3244,3273,3275],""all_points_y"":[1779,1785,1816,1814]}",{}
4.png,31850550,{},4404,2150,"{""name"":""polygon"",""all_points_x"":[3345,3334,3336,3348],""all_points_y"":[1689,1783,1781,1690]}",{}
4.png,31850550,{},4404,2151,"{""name"":""polygon"",""all_points_x"":[3384,3382,3405,3407],""all_points_y"":[1870,1871,1890,1889]}",{}
4.png,31850550,{},4404,2152,"{""name"":""polygon"",""all_points_x"":[3404,3402,3446,3447],""all_points_y"":[1881,1884,1908,1904]}",{}
4.png,31850550,{},4404,2153,"{""name"":""polygon"",""all_points_x"":[3252,3251,3272,3274],""all_points_y"":[1812,1815,1835,1832]}",{}
4.png,31850550,{},4404,2154,"{""name"":""polygon"",""all_points_x"":[3271,3273,3258,3254],""all_points_y"":[1841,1839,1822,1823]}",{}
4.png,31850550,{},4404,2155,"{""name"":""polygon"",""all_points_x"":[3365,3367,3369,3368],""all_points_y"":[1740,1770,1771,1741]}",{}
4.png,31850550,{},4404,2156,"{""name"":""polygon"",""all_points_x"":[3367,3368,3372,3369],""all_points_y"":[1786,1819,1820,1785]}",{}
4.png,31850550,{},4404,2157,"{""name"":""polygon"",""all_points_x"":[3019,3016,3036,3039],""all_points_y"":[1823,1826,1864,1863]}",{}
4.png,31850550,{},4404,2158,"{""name"":""polygon"",""all_points_x"":[3072,3070,3082,3113,3117,3089,3079],""all_points_y"":[1723,1725,1751,1806,1804,1758,1741]}",{}
4.png,31850550,{},4404,2159,"{""name"":""polygon"",""all_points_x"":[3070,3073,3074,3072],""all_points_y"":[1685,1697,1695,1683]}",{}
4.png,31850550,{},4404,2160,"{""name"":""polygon"",""all_points_x"":[3077,3082,3084,3081],""all_points_y"":[1713,1744,1745,1714]}",{}
4.png,31850550,{},4404,2161,"{""name"":""polygon"",""all_points_x"":[3139,3129,3122,3124,3135,3142],""all_points_y"":[1712,1773,1800,1804,1756,1712]}",{}
4.png,31850550,{},4404,2162,"{""name"":""polygon"",""all_points_x"":[3168,3183,3186,3170],""all_points_y"":[1769,1848,1847,1768]}",{}
4.png,31850550,{},4404,2163,"{""name"":""polygon"",""all_points_x"":[3176,3172,3185,3198,3201,3185],""all_points_y"":[1768,1770,1825,1882,1881,1818]}",{}
4.png,31850550,{},4404,2164,"{""name"":""polygon"",""all_points_x"":[3198,3192,3194,3199],""all_points_y"":[1797,1836,1836,1799]}",{}
4.png,31850550,{},4404,2165,"{""name"":""polygon"",""all_points_x"":[3212,3208,3207,3208,3215],""all_points_y"":[1768,1845,1890,1890,1774]}",{}
4.png,31850550,{},4404,2166,"{""name"":""polygon"",""all_points_x"":[3218,3214,3215,3217,3220],""all_points_y"":[1764,1859,1891,1891,1770]}",{}
4.png,31850550,{},4404,2167,"{""name"":""polygon"",""all_points_x"":[3282,3285,3287,3289,3285],""all_points_y"":[1648,1688,1696,1695,1651]}",{}
4.png,31850550,{},4404,2168,"{""name"":""polygon"",""all_points_x"":[3297,3300,3305,3312,3315,3304,3300,3299],""all_points_y"":[1654,1698,1725,1758,1759,1713,1686,1654]}",{}
4.png,31850550,{},4404,2169,"{""name"":""polygon"",""all_points_x"":[3323,3315,3318,3325],""all_points_y"":[1675,1741,1741,1675]}",{}
4.png,31850550,{},4404,2170,"{""name"":""polygon"",""all_points_x"":[3298,3294,3297,3300],""all_points_y"":[1704,1753,1754,1704]}",{}
4.png,31850550,{},4404,2171,"{""name"":""polygon"",""all_points_x"":[3314,3310,3312,3318],""all_points_y"":[1691,1731,1731,1691]}",{}
4.png,31850550,{},4404,2172,"{""name"":""polygon"",""all_points_x"":[3229,3233,3236,3233],""all_points_y"":[1625,1719,1718,1625]}",{}
4.png,31850550,{},4404,2173,"{""name"":""polygon"",""all_points_x"":[3210,3226,3229,3214],""all_points_y"":[1644,1713,1713,1643]}",{}
4.png,31850550,{},4404,2174,"{""name"":""polygon"",""all_points_x"":[3184,3189,3190,3187],""all_points_y"":[1597,1664,1664,1596]}",{}
4.png,31850550,{},4404,2175,"{""name"":""polygon"",""all_points_x"":[3313,3326,3327,3331,3316],""all_points_y"":[1542,1599,1607,1607,1542]}",{}
4.png,31850550,{},4404,2176,"{""name"":""polygon"",""all_points_x"":[3360,3326,3329,3361],""all_points_y"":[1575,1649,1649,1576]}",{}
4.png,31850550,{},4404,2177,"{""name"":""polygon"",""all_points_x"":[3427,3406,3408,3429],""all_points_y"":[1671,1693,1696,1673]}",{}
4.png,31850550,{},4404,2178,"{""name"":""polygon"",""all_points_x"":[3436,3453,3455,3437],""all_points_y"":[1682,1728,1727,1681]}",{}
4.png,31850550,{},4404,2179,"{""name"":""polygon"",""all_points_x"":[3450,3446,3448,3452],""all_points_y"":[1659,1700,1700,1659]}",{}
4.png,31850550,{},4404,2180,"{""name"":""polygon"",""all_points_x"":[3117,3125,3128,3119],""all_points_y"":[1745,1767,1765,1744]}",{}
4.png,31850550,{},4404,2181,"{""name"":""polygon"",""all_points_x"":[3133,3145,3148,3135],""all_points_y"":[1783,1814,1813,1782]}",{}
4.png,31850550,{},4404,2182,"{""name"":""polygon"",""all_points_x"":[3057,3075,3091,3093,3061],""all_points_y"":[1758,1784,1807,1802,1759]}",{}
4.png,31850550,{},4404,2183,"{""name"":""polygon"",""all_points_x"":[3070,3068,3079,3080],""all_points_y"":[1763,1766,1782,1781]}",{}
4.png,31850550,{},4404,2184,"{""name"":""polygon"",""all_points_x"":[3258,3249,3242,3245,3260],""all_points_y"":[1621,1656,1680,1681,1622]}",{}
4.png,31850550,{},4404,2185,"{""name"":""polygon"",""all_points_x"":[3244,3235,3237,3247],""all_points_y"":[1663,1680,1681,1666]}",{}
4.png,31850550,{},4404,2186,"{""name"":""polygon"",""all_points_x"":[3276,3235,3236,3278],""all_points_y"":[1532,1551,1553,1534]}",{}
4.png,31850550,{},4404,2187,"{""name"":""polygon"",""all_points_x"":[3396,3380,3362,3365,3399],""all_points_y"":[1474,1511,1553,1554,1473]}",{}
4.png,31850550,{},4404,2188,"{""name"":""polygon"",""all_points_x"":[3410,3382,3383,3412],""all_points_y"":[1467,1525,1528,1469]}",{}
4.png,31850550,{},4404,2189,"{""name"":""polygon"",""all_points_x"":[3434,3441,3458,3461,3464,3458,3449,3441,3436],""all_points_y"":[1437,1473,1528,1530,1531,1517,1491,1467,1435]}",{}
4.png,31850550,{},4404,2190,"{""name"":""polygon"",""all_points_x"":[3483,3477,3470,3473,3481,3485],""all_points_y"":[1420,1463,1496,1496,1457,1420]}",{}
4.png,31850550,{},4404,2191,"{""name"":""polygon"",""all_points_x"":[3469,3485,3490,3471],""all_points_y"":[1530,1610,1611,1529]}",{}
4.png,31850550,{},4404,2192,"{""name"":""polygon"",""all_points_x"":[3471,3469,3489,3491],""all_points_y"":[1507,1510,1538,1535]}",{}
4.png,31850550,{},4404,2193,"{""name"":""polygon"",""all_points_x"":[3448,3446,3460,3462],""all_points_y"":[1470,1471,1496,1496]}",{}
4.png,31850550,{},4404,2194,"{""name"":""polygon"",""all_points_x"":[3390,3373,3376,3393],""all_points_y"":[1518,1578,1578,1519]}",{}
4.png,31850550,{},4404,2195,"{""name"":""polygon"",""all_points_x"":[3396,3394,3374,3379],""all_points_y"":[1515,1515,1584,1582]}",{}
4.png,31850550,{},4404,2196,"{""name"":""polygon"",""all_points_x"":[3402,3404,3407,3405],""all_points_y"":[1544,1587,1586,1545]}",{}
4.png,31850550,{},4404,2197,"{""name"":""polygon"",""all_points_x"":[3417,3414,3419,3421],""all_points_y"":[1543,1544,1556,1554]}",{}
4.png,31850550,{},4404,2198,"{""name"":""polygon"",""all_points_x"":[3434,3423,3418,3413,3412,3422,3437],""all_points_y"":[1537,1554,1559,1562,1564,1559,1539]}",{}
4.png,31850550,{},4404,2199,"{""name"":""polygon"",""all_points_x"":[3450,3469,3489,3493,3496,3473,3454],""all_points_y"":[1556,1606,1657,1665,1665,1606,1556]}",{}
4.png,31850550,{},4404,2200,"{""name"":""polygon"",""all_points_x"":[3443,3438,3437,3439,3445],""all_points_y"":[1608,1635,1656,1657,1609]}",{}
4.png,31850550,{},4404,2201,"{""name"":""polygon"",""all_points_x"":[3445,3443,3447,3447],""all_points_y"":[1627,1658,1657,1630]}",{}
4.png,31850550,{},4404,2202,"{""name"":""polygon"",""all_points_x"":[3517,3515,3515,3518,3519],""all_points_y"":[1577,1630,1643,1644,1578]}",{}
4.png,31850550,{},4404,2203,"{""name"":""polygon"",""all_points_x"":[3546,3536,3529,3533,3548],""all_points_y"":[1531,1609,1650,1650,1533]}",{}
4.png,31850550,{},4404,2204,"{""name"":""polygon"",""all_points_x"":[3511,3503,3505,3513],""all_points_y"":[1576,1612,1613,1577]}",{}
4.png,31850550,{},4404,2205,"{""name"":""polygon"",""all_points_x"":[3531,3520,3516,3517,3524,3534],""all_points_y"":[1507,1525,1532,1532,1524,1508]}",{}
4.png,31850550,{},4404,2206,"{""name"":""polygon"",""all_points_x"":[3383,3384,3388,3390,3386],""all_points_y"":[1646,1664,1684,1683,1647]}",{}
4.png,31850550,{},4404,2207,"{""name"":""polygon"",""all_points_x"":[3362,3352,3354,3364],""all_points_y"":[1512,1537,1538,1513]}",{}
4.png,31850550,{},4404,2208,"{""name"":""polygon"",""all_points_x"":[3325,3311,3315,3327],""all_points_y"":[1393,1413,1414,1395]}",{}
4.png,31850550,{},4404,2209,"{""name"":""polygon"",""all_points_x"":[3391,3369,3370,3392],""all_points_y"":[1372,1388,1389,1375]}",{}
4.png,31850550,{},4404,2210,"{""name"":""polygon"",""all_points_x"":[3384,3362,3364,3385],""all_points_y"":[1371,1389,1390,1374]}",{}
4.png,31850550,{},4404,2211,"{""name"":""polygon"",""all_points_x"":[3243,3212,3215,3246],""all_points_y"":[1410,1435,1436,1411]}",{}
4.png,31850550,{},4404,2212,"{""name"":""polygon"",""all_points_x"":[3206,3166,3167,3206],""all_points_y"":[1440,1464,1466,1445]}",{}
4.png,31850550,{},4404,2213,"{""name"":""polygon"",""all_points_x"":[3170,3145,3145,3168],""all_points_y"":[1476,1485,1487,1479]}",{}
4.png,31850550,{},4404,2214,"{""name"":""polygon"",""all_points_x"":[3136,3136,3110,3112,3137],""all_points_y"":[1476,1476,1496,1498,1478]}",{}
4.png,31850550,{},4404,2215,"{""name"":""polygon"",""all_points_x"":[3247,3229,3217,3213,3209,3210,3216,3229,3248],""all_points_y"":[1379,1395,1408,1415,1430,1430,1415,1398,1382]}",{}
4.png,31850550,{},4404,2216,"{""name"":""polygon"",""all_points_x"":[3192,3193,3224,3226],""all_points_y"":[1393,1395,1398,1395]}",{}
4.png,31850550,{},4404,2217,"{""name"":""polygon"",""all_points_x"":[3203,3204,3216,3236,3265,3266,3217],""all_points_y"":[1342,1346,1344,1348,1355,1352,1342]}",{}
4.png,31850550,{},4404,2218,"{""name"":""polygon"",""all_points_x"":[3316,3276,3279,3318],""all_points_y"":[1258,1301,1305,1258]}",{}
4.png,31850550,{},4404,2219,"{""name"":""polygon"",""all_points_x"":[3301,3280,3283,3303],""all_points_y"":[1291,1328,1328,1292]}",{}
4.png,31850550,{},4404,2220,"{""name"":""polygon"",""all_points_x"":[3442,3417,3422,3446],""all_points_y"":[1278,1301,1299,1278]}",{}
4.png,31850550,{},4404,2221,"{""name"":""polygon"",""all_points_x"":[3434,3424,3422,3434],""all_points_y"":[1292,1302,1300,1291]}",{}
4.png,31850550,{},4404,2222,"{""name"":""polygon"",""all_points_x"":[3446,3457,3460,3449],""all_points_y"":[1259,1293,1292,1259]}",{}
4.png,31850550,{},4404,2223,"{""name"":""polygon"",""all_points_x"":[3427,3372,3374,3427],""all_points_y"":[1236,1290,1291,1239]}",{}
4.png,31850550,{},4404,2224,"{""name"":""polygon"",""all_points_x"":[3366,3351,3354,3368],""all_points_y"":[1252,1311,1311,1252]}",{}
4.png,31850550,{},4404,2225,"{""name"":""polygon"",""all_points_x"":[3315,3289,3293,3318],""all_points_y"":[1268,1343,1342,1268]}",{}
4.png,31850550,{},4404,2226,"{""name"":""polygon"",""all_points_x"":[3296,3271,3272,3297],""all_points_y"":[1313,1346,1348,1316]}",{}
4.png,31850550,{},4404,2227,"{""name"":""polygon"",""all_points_x"":[3312,3313,3301,3291,3278,3276,3295],""all_points_y"":[1245,1247,1252,1257,1267,1265,1252]}",{}
4.png,31850550,{},4404,2228,"{""name"":""polygon"",""all_points_x"":[3336,3319,3323,3340],""all_points_y"":[1196,1231,1231,1198]}",{}
4.png,31850550,{},4404,2229,"{""name"":""polygon"",""all_points_x"":[3350,3337,3336,3348],""all_points_y"":[1173,1188,1185,1173]}",{}
4.png,31850550,{},4404,2230,"{""name"":""polygon"",""all_points_x"":[3326,3299,3301,3328],""all_points_y"":[1194,1217,1219,1196]}",{}
4.png,31850550,{},4404,2231,"{""name"":""polygon"",""all_points_x"":[3322,3286,3290,3326],""all_points_y"":[1164,1218,1218,1164]}",{}
4.png,31850550,{},4404,2232,"{""name"":""polygon"",""all_points_x"":[3197,3197,3219,3220],""all_points_y"":[1209,1213,1217,1214]}",{}
4.png,31850550,{},4404,2233,"{""name"":""polygon"",""all_points_x"":[3234,3234,3278,3278],""all_points_y"":[1215,1218,1225,1224]}",{}
4.png,31850550,{},4404,2234,"{""name"":""polygon"",""all_points_x"":[3367,3345,3349,3369],""all_points_y"":[1205,1239,1241,1206]}",{}
4.png,31850550,{},4404,2235,"{""name"":""polygon"",""all_points_x"":[3386,3368,3371,3387],""all_points_y"":[1215,1233,1233,1216]}",{}
4.png,31850550,{},4404,2236,"{""name"":""polygon"",""all_points_x"":[3126,3024,2981,2983,3088,3127],""all_points_y"":[1178,1235,1260,1265,1204,1182]}",{}
4.png,31850550,{},4404,2237,"{""name"":""polygon"",""all_points_x"":[3211,3182,3183,3212],""all_points_y"":[1171,1187,1189,1173]}",{}
4.png,31850550,{},4404,2238,"{""name"":""polygon"",""all_points_x"":[3225,3212,3196,3198,3220,3226],""all_points_y"":[1161,1170,1183,1185,1167,1164]}",{}
4.png,31850550,{},4404,2239,"{""name"":""polygon"",""all_points_x"":[3403,3403,3453,3472,3472],""all_points_y"":[1187,1189,1178,1176,1172]}",{}
4.png,31850550,{},4404,2240,"{""name"":""polygon"",""all_points_x"":[3405,3375,3336,3335,3383,3402],""all_points_y"":[1149,1160,1175,1170,1153,1148]}",{}
4.png,31850550,{},4404,2241,"{""name"":""polygon"",""all_points_x"":[3394,3367,3369,3397],""all_points_y"":[1301,1336,1337,1304]}",{}
4.png,31850550,{},4404,2242,"{""name"":""polygon"",""all_points_x"":[3339,3339,3362,3362],""all_points_y"":[1367,1370,1367,1364]}",{}
4.png,31850550,{},4404,2243,"{""name"":""polygon"",""all_points_x"":[3432,3413,3416,3435],""all_points_y"":[1192,1222,1223,1193]}",{}
4.png,31850550,{},4404,2244,"{""name"":""polygon"",""all_points_x"":[3454,3427,3437,3453],""all_points_y"":[1166,1181,1178,1171]}",{}
4.png,31850550,{},4404,2245,"{""name"":""polygon"",""all_points_x"":[3427,3405,3395,3392,3397,3403,3421,3431],""all_points_y"":[1155,1178,1192,1200,1198,1183,1165,1155]}",{}
4.png,31850550,{},4404,2246,"{""name"":""polygon"",""all_points_x"":[3400,3401,3417,3437,3435],""all_points_y"":[1173,1174,1155,1131,1128]}",{}
4.png,31850550,{},4404,2247,"{""name"":""polygon"",""all_points_x"":[3456,3438,3438,3456],""all_points_y"":[1115,1135,1138,1118]}",{}
4.png,31850550,{},4404,2248,"{""name"":""polygon"",""all_points_x"":[3377,3377,3399,3424,3447,3448,3415,3383],""all_points_y"":[1108,1112,1108,1103,1100,1098,1102,1108]}",{}
4.png,31850550,{},4404,2249,"{""name"":""polygon"",""all_points_x"":[3372,3372,3383,3399,3394],""all_points_y"":[1124,1128,1120,1110,1110]}",{}
4.png,31850550,{},4404,2250,"{""name"":""polygon"",""all_points_x"":[3215,3216,3229,3254,3278,3320,3353,3350,3279,3231],""all_points_y"":[1150,1153,1149,1136,1123,1109,1098,1095,1120,1144]}",{}
4.png,31850550,{},4404,2251,"{""name"":""polygon"",""all_points_x"":[3352,3321,3284,3288,3319,3354],""all_points_y"":[1120,1146,1178,1179,1151,1122]}",{}
4.png,31850550,{},4404,2252,"{""name"":""polygon"",""all_points_x"":[3394,3354,3356,3395],""all_points_y"":[1121,1151,1152,1122]}",{}
4.png,31850550,{},4404,2253,"{""name"":""polygon"",""all_points_x"":[3487,3475,3477,3489],""all_points_y"":[1136,1162,1164,1138]}",{}
4.png,31850550,{},4404,2254,"{""name"":""polygon"",""all_points_x"":[3600,3594,3581,3583,3598,3602],""all_points_y"":[1099,1122,1159,1159,1120,1100]}",{}
4.png,31850550,{},4404,2255,"{""name"":""polygon"",""all_points_x"":[3607,3568,3572,3609],""all_points_y"":[1040,1093,1093,1041]}",{}
4.png,31850550,{},4404,2256,"{""name"":""polygon"",""all_points_x"":[3464,3403,3410,3465],""all_points_y"":[1059,1103,1102,1063]}",{}
4.png,31850550,{},4404,2257,"{""name"":""polygon"",""all_points_x"":[3550,3482,3484,3551],""all_points_y"":[1083,1163,1165,1087]}",{}
4.png,31850550,{},4404,2258,"{""name"":""polygon"",""all_points_x"":[3437,3390,3392,3437],""all_points_y"":[1045,1085,1087,1049]}",{}
4.png,31850550,{},4404,2259,"{""name"":""polygon"",""all_points_x"":[3420,3345,3350,3422],""all_points_y"":[1007,1067,1067,1010]}",{}
4.png,31850550,{},4404,2260,"{""name"":""polygon"",""all_points_x"":[3372,3279,3283,3372],""all_points_y"":[984,1041,1043,987]}",{}
4.png,31850550,{},4404,2261,"{""name"":""polygon"",""all_points_x"":[3375,3342,3348,3377],""all_points_y"":[1079,1114,1113,1081]}",{}
4.png,31850550,{},4404,2262,"{""name"":""polygon"",""all_points_x"":[3318,3272,3275,3320],""all_points_y"":[1062,1107,1107,1064]}",{}
4.png,31850550,{},4404,2263,"{""name"":""polygon"",""all_points_x"":[3273,3272,3300,3303],""all_points_y"":[1081,1084,1078,1075]}",{}
4.png,31850550,{},4404,2264,"{""name"":""polygon"",""all_points_x"":[3331,3294,3294,3336],""all_points_y"":[1081,1090,1094,1082]}",{}
4.png,31850550,{},4404,2265,"{""name"":""polygon"",""all_points_x"":[3465,3446,3450,3470],""all_points_y"":[1186,1229,1229,1186]}",{}
4.png,31850550,{},4404,2266,"{""name"":""polygon"",""all_points_x"":[3435,3382,3382,3434],""all_points_y"":[1214,1236,1238,1216]}",{}
4.png,31850550,{},4404,2267,"{""name"":""polygon"",""all_points_x"":[3386,3386,3437,3437],""all_points_y"":[1239,1236,1217,1219]}",{}
4.png,31850550,{},4404,2268,"{""name"":""polygon"",""all_points_x"":[3513,3507,3508,3514],""all_points_y"":[1234,1239,1240,1235]}",{}
4.png,31850550,{},4404,2269,"{""name"":""polygon"",""all_points_x"":[3499,3478,3482,3500],""all_points_y"":[1246,1265,1265,1247]}",{}
4.png,31850550,{},4404,2270,"{""name"":""polygon"",""all_points_x"":[3517,3491,3495,3518],""all_points_y"":[1090,1134,1136,1091]}",{}
4.png,31850550,{},4404,2271,"{""name"":""polygon"",""all_points_x"":[3499,3473,3475,3501],""all_points_y"":[1101,1139,1139,1102]}",{}
4.png,31850550,{},4404,2272,"{""name"":""polygon"",""all_points_x"":[3280,3269,3275,3281],""all_points_y"":[1145,1164,1161,1145]}",{}
4.png,31850550,{},4404,2273,"{""name"":""polygon"",""all_points_x"":[3273,3247,3251,3276],""all_points_y"":[1188,1214,1215,1189]}",{}
4.png,31850550,{},4404,2274,"{""name"":""polygon"",""all_points_x"":[3186,3130,3131,3186],""all_points_y"":[1057,1079,1081,1060]}",{}
4.png,31850550,{},4404,2275,"{""name"":""polygon"",""all_points_x"":[3200,3200,3273,3273],""all_points_y"":[1054,1056,1048,1045]}",{}
4.png,31850550,{},4404,2276,"{""name"":""polygon"",""all_points_x"":[3588,3522,3522,3588],""all_points_y"":[1017,1031,1034,1019]}",{}
4.png,31850550,{},4404,2277,"{""name"":""polygon"",""all_points_x"":[3341,3340,3291,3293],""all_points_y"":[973,976,987,983]}",{}
4.png,31850550,{},4404,2278,"{""name"":""polygon"",""all_points_x"":[3470,3445,3447,3473],""all_points_y"":[974,993,994,975]}",{}
4.png,31850550,{},4404,2279,"{""name"":""polygon"",""all_points_x"":[3501,3482,3484,3504],""all_points_y"":[943,967,968,943]}",{}
4.png,31850550,{},4404,2280,"{""name"":""polygon"",""all_points_x"":[3562,3541,3540,3562],""all_points_y"":[938,948,951,940]}",{}
4.png,31850550,{},4404,2281,"{""name"":""polygon"",""all_points_x"":[3395,3395,3380,3381],""all_points_y"":[931,935,938,935]}",{}
4.png,31850550,{},4404,2282,"{""name"":""polygon"",""all_points_x"":[3354,3320,3331,3355],""all_points_y"":[989,1013,1008,991]}",{}
4.png,31850550,{},4404,2283,"{""name"":""polygon"",""all_points_x"":[3566,3535,3538,3568],""all_points_y"":[1036,1067,1068,1038]}",{}
4.png,31850550,{},4404,2284,"{""name"":""polygon"",""all_points_x"":[3586,3597,3596,3587],""all_points_y"":[1006,1003,1006,1008]}",{}
4.png,31850550,{},4404,2285,"{""name"":""polygon"",""all_points_x"":[3254,3254,3285,3284],""all_points_y"":[965,968,963,961]}",{}
4.png,31850550,{},4404,2286,"{""name"":""polygon"",""all_points_x"":[3310,3309,3364,3364],""all_points_y"":[959,961,958,956]}",{}
4.png,31850550,{},4404,2287,"{""name"":""polygon"",""all_points_x"":[3362,3303,3304,3363],""all_points_y"":[940,956,958,944]}",{}
4.png,31850550,{},4404,2288,"{""name"":""polygon"",""all_points_x"":[3197,3150,3150,3199],""all_points_y"":[1094,1116,1119,1095]}",{}
4.png,31850550,{},4404,2289,"{""name"":""polygon"",""all_points_x"":[3177,3144,3146,3180],""all_points_y"":[1093,1113,1114,1094]}",{}
4.png,31850550,{},4404,2290,"{""name"":""polygon"",""all_points_x"":[3171,3175,3205,3204],""all_points_y"":[1111,1109,1112,1115]}",{}
4.png,31850550,{},4404,2291,"{""name"":""polygon"",""all_points_x"":[3258,3231,3232,3260],""all_points_y"":[990,1001,1003,993]}",{}
4.png,31850550,{},4404,2292,"{""name"":""polygon"",""all_points_x"":[3198,3153,3157,3197],""all_points_y"":[981,1010,1011,985]}",{}
4.png,31850550,{},4404,2293,"{""name"":""polygon"",""all_points_x"":[3206,3201,3204,3209],""all_points_y"":[922,971,970,923]}",{}
4.png,31850550,{},4404,2294,"{""name"":""polygon"",""all_points_x"":[3192,3174,3174,3193],""all_points_y"":[932,943,943,934]}",{}
4.png,31850550,{},4404,2295,"{""name"":""polygon"",""all_points_x"":[3196,3188,3177,3179,3190,3197],""all_points_y"":[920,925,935,935,926,923]}",{}
4.png,31850550,{},4404,2296,"{""name"":""polygon"",""all_points_x"":[3313,3273,3236,3236,3313],""all_points_y"":[889,902,916,918,893]}",{}
4.png,31850550,{},4404,2297,"{""name"":""polygon"",""all_points_x"":[3327,3321,3318,3321,3324,3328],""all_points_y"":[877,889,905,906,889,878]}",{}
4.png,31850550,{},4404,2298,"{""name"":""polygon"",""all_points_x"":[3334,3324,3316,3313,3313,3316,3319,3335],""all_points_y"":[898,905,917,924,928,927,918,900]}",{}
4.png,31850550,{},4404,2299,"{""name"":""polygon"",""all_points_x"":[3615,3586,3589,3618],""all_points_y"":[949,976,978,949]}",{}
4.png,31850550,{},4404,2300,"{""name"":""polygon"",""all_points_x"":[3145,3104,3104,3146],""all_points_y"":[1020,1043,1045,1022]}",{}
4.png,31850550,{},4404,2301,"{""name"":""polygon"",""all_points_x"":[3164,3162,3182,3204,3204],""all_points_y"":[1048,1051,1046,1043,1040]}",{}
4.png,31850550,{},4404,2302,"{""name"":""polygon"",""all_points_x"":[3199,3196,3198,3202],""all_points_y"":[999,1028,1028,999]}",{}
4.png,31850550,{},4404,2303,"{""name"":""polygon"",""all_points_x"":[3262,3244,3246,3264],""all_points_y"":[1079,1107,1108,1080]}",{}
4.png,31850550,{},4404,2304,"{""name"":""polygon"",""all_points_x"":[3310,3315,3339,3339],""all_points_y"":[1076,1073,1068,1071]}",{}
4.png,31850550,{},4404,2305,"{""name"":""polygon"",""all_points_x"":[3469,3458,3461,3471],""all_points_y"":[985,995,997,985]}",{}
4.png,31850550,{},4404,2306,"{""name"":""polygon"",""all_points_x"":[3455,3448,3452,3459],""all_points_y"":[1001,1016,1016,1002]}",{}
4.png,31850550,{},4404,2307,"{""name"":""polygon"",""all_points_x"":[3437,3439,3465,3464],""all_points_y"":[883,886,880,877]}",{}
4.png,31850550,{},4404,2308,"{""name"":""polygon"",""all_points_x"":[3487,3470,3470,3483],""all_points_y"":[873,876,879,875]}",{}
4.png,31850550,{},4404,2309,"{""name"":""polygon"",""all_points_x"":[3543,3507,3497,3499,3514,3545],""all_points_y"":[848,873,880,881,869,849]}",{}
4.png,31850550,{},4404,2310,"{""name"":""polygon"",""all_points_x"":[3488,3464,3464,3489],""all_points_y"":[884,896,897,886]}",{}
4.png,31850550,{},4404,2311,"{""name"":""polygon"",""all_points_x"":[3220,3219,3262,3306,3306,3261,3240],""all_points_y"":[944,949,930,918,916,927,935]}",{}
4.png,31850550,{},4404,2312,"{""name"":""polygon"",""all_points_x"":[3255,3235,3235,3257],""all_points_y"":[889,898,900,890]}",{}
4.png,31850550,{},4404,2313,"{""name"":""polygon"",""all_points_x"":[3256,3244,3248,3258],""all_points_y"":[858,886,884,859]}",{}
4.png,31850550,{},4404,2314,"{""name"":""polygon"",""all_points_x"":[3313,3281,3282,3312],""all_points_y"":[866,883,884,869]}",{}
4.png,31850550,{},4404,2315,"{""name"":""polygon"",""all_points_x"":[3572,3563,3545,3546,3573],""all_points_y"":[893,903,927,928,894]}",{}
4.png,31850550,{},4404,2316,"{""name"":""polygon"",""all_points_x"":[3537,3537,3545,3578,3577,3546,3542],""all_points_y"":[1022,1024,1022,1011,1008,1019,1019]}",{}
4.png,31850550,{},4404,2317,"{""name"":""polygon"",""all_points_x"":[3394,3377,3376,3398,3398],""all_points_y"":[912,918,921,915,912]}",{}
4.png,31850550,{},4404,2318,"{""name"":""polygon"",""all_points_x"":[3340,3322,3321,3341],""all_points_y"":[931,939,941,934]}",{}
4.png,31850550,{},4404,2319,"{""name"":""polygon"",""all_points_x"":[3363,3363,3371,3371],""all_points_y"":[921,926,922,919]}",{}
4.png,31850550,{},4404,2320,"{""name"":""polygon"",""all_points_x"":[3259,3260,3321,3321],""all_points_y"":[798,801,793,791]}",{}
4.png,31850550,{},4404,2321,"{""name"":""polygon"",""all_points_x"":[3467,3410,3411,3469],""all_points_y"":[831,853,854,832]}",{}
4.png,31850550,{},4404,2322,"{""name"":""polygon"",""all_points_x"":[3404,3392,3377,3378,3403],""all_points_y"":[954,960,969,970,957]}",{}
4.png,31850550,{},4404,2323,"{""name"":""polygon"",""all_points_x"":[3486,3488,3506,3515,3540,3540,3509],""all_points_y"":[852,856,850,849,848,846,847]}",{}
4.png,31850550,{},4404,2324,"{""name"":""polygon"",""all_points_x"":[3243,3230,3230,3244],""all_points_y"":[952,963,965,954]}",{}
4.png,31850550,{},4404,2325,"{""name"":""polygon"",""all_points_x"":[3217,3203,3205,3220],""all_points_y"":[975,994,994,976]}",{}
4.png,31850550,{},4404,2326,"{""name"":""polygon"",""all_points_x"":[3237,3229,3217,3218,3230,3236],""all_points_y"":[944,949,958,959,949,946]}",{}
4.png,31850550,{},4404,2327,"{""name"":""polygon"",""all_points_x"":[3083,3065,3051,3054,3067,3086],""all_points_y"":[933,965,995,996,965,935]}",{}
4.png,31850550,{},4404,2328,"{""name"":""polygon"",""all_points_x"":[3147,3134,3119,3121,3135,3148],""all_points_y"":[986,1001,1014,1016,1004,987]}",{}
4.png,31850550,{},4404,2329,"{""name"":""polygon"",""all_points_x"":[3578,3559,3563,3580],""all_points_y"":[984,1004,1005,986]}",{}
4.png,31850550,{},4404,2330,"{""name"":""polygon"",""all_points_x"":[3441,3440,3470,3472],""all_points_y"":[894,896,908,907]}",{}
4.png,31850550,{},4404,2331,"{""name"":""polygon"",""all_points_x"":[3645,3618,3618,3647],""all_points_y"":[803,814,816,805]}",{}
4.png,31850550,{},4404,2332,"{""name"":""polygon"",""all_points_x"":[3613,3597,3600,3615],""all_points_y"":[811,826,827,813]}",{}
4.png,31850550,{},4404,2333,"{""name"":""polygon"",""all_points_x"":[3626,3583,3585,3625],""all_points_y"":[798,829,830,802]}",{}
4.png,31850550,{},4404,2334,"{""name"":""polygon"",""all_points_x"":[3613,3585,3587,3615],""all_points_y"":[799,821,823,802]}",{}
4.png,31850550,{},4404,2335,"{""name"":""polygon"",""all_points_x"":[3551,3534,3536,3554],""all_points_y"":[819,843,843,819]}",{}
4.png,31850550,{},4404,2336,"{""name"":""polygon"",""all_points_x"":[3621,3603,3603,3622],""all_points_y"":[838,848,851,839]}",{}
4.png,31850550,{},4404,2337,"{""name"":""polygon"",""all_points_x"":[3304,3295,3300,3307],""all_points_y"":[845,874,871,846]}",{}
4.png,31850550,{},4404,2338,"{""name"":""polygon"",""all_points_x"":[3296,3296,3339,3376,3376,3326],""all_points_y"":[754,757,762,770,767,757]}",{}
4.png,31850550,{},4404,2339,"{""name"":""polygon"",""all_points_x"":[3462,3434,3436,3464],""all_points_y"":[724,753,754,726]}",{}
4.png,31850550,{},4404,2340,"{""name"":""polygon"",""all_points_x"":[3432,3434,3446,3465,3462,3445],""all_points_y"":[768,768,755,731,729,754]}",{}
4.png,31850550,{},4404,2341,"{""name"":""polygon"",""all_points_x"":[3354,3304,3304,3354],""all_points_y"":[729,744,741,727]}",{}
4.png,31850550,{},4404,2342,"{""name"":""polygon"",""all_points_x"":[3287,3243,3247,3290],""all_points_y"":[750,775,775,752]}",{}
4.png,31850550,{},4404,2343,"{""name"":""polygon"",""all_points_x"":[3233,3235,3275,3275],""all_points_y"":[767,769,757,755]}",{}
4.png,31850550,{},4404,2344,"{""name"":""polygon"",""all_points_x"":[3408,3408,3442,3442],""all_points_y"":[837,840,835,832]}",{}
4.png,31850550,{},4404,2345,"{""name"":""polygon"",""all_points_x"":[3302,3301,3325,3328],""all_points_y"":[770,773,785,783]}",{}
4.png,31850550,{},4404,2346,"{""name"":""polygon"",""all_points_x"":[3291,3289,3305,3307],""all_points_y"":[778,779,791,789]}",{}
4.png,31850550,{},4404,2347,"{""name"":""polygon"",""all_points_x"":[3358,3351,3354,3362],""all_points_y"":[800,817,819,798]}",{}
4.png,31850550,{},4404,2348,"{""name"":""polygon"",""all_points_x"":[3164,3148,3151,3168],""all_points_y"":[875,912,913,876]}",{}
4.png,31850550,{},4404,2349,"{""name"":""polygon"",""all_points_x"":[3657,3599,3600,3658],""all_points_y"":[846,869,871,848]}",{}
4.png,31850550,{},4404,2350,"{""name"":""polygon"",""all_points_x"":[3709,3695,3697,3712],""all_points_y"":[850,874,875,849]}",{}
4.png,31850550,{},4404,2351,"{""name"":""polygon"",""all_points_x"":[3690,3676,3672,3672,3673,3678,3695,3709,3708,3694],""all_points_y"":[890,926,942,947,947,927,886,859,858,884]}",{}
4.png,31850550,{},4404,2352,"{""name"":""polygon"",""all_points_x"":[3752,3724,3727,3755],""all_points_y"":[812,875,876,814]}",{}
4.png,31850550,{},4404,2353,"{""name"":""polygon"",""all_points_x"":[3752,3712,3714,3755],""all_points_y"":[842,903,903,844]}",{}
4.png,31850550,{},4404,2354,"{""name"":""polygon"",""all_points_x"":[3795,3770,3772,3797],""all_points_y"":[797,826,828,798]}",{}
4.png,31850550,{},4404,2355,"{""name"":""polygon"",""all_points_x"":[3672,3674,3720,3719],""all_points_y"":[841,844,827,825]}",{}
4.png,31850550,{},4404,2356,"{""name"":""polygon"",""all_points_x"":[3792,3770,3757,3759,3772,3795],""all_points_y"":[764,787,805,805,788,766]}",{}
4.png,31850550,{},4404,2357,"{""name"":""polygon"",""all_points_x"":[3762,3750,3752,3766],""all_points_y"":[764,793,793,765]}",{}
4.png,31850550,{},4404,2358,"{""name"":""polygon"",""all_points_x"":[3820,3768,3767,3820],""all_points_y"":[867,884,887,870]}",{}
4.png,31850550,{},4404,2359,"{""name"":""polygon"",""all_points_x"":[3756,3731,3734,3758],""all_points_y"":[894,931,931,894]}",{}
4.png,31850550,{},4404,2360,"{""name"":""polygon"",""all_points_x"":[3756,3737,3729,3711,3714,3732,3758],""all_points_y"":[882,905,915,939,939,914,884]}",{}
4.png,31850550,{},4404,2361,"{""name"":""polygon"",""all_points_x"":[3068,3049,3035,2987,2991,3034,3069],""all_points_y"":[815,829,844,893,894,848,818]}",{}
4.png,31850550,{},4404,2362,"{""name"":""polygon"",""all_points_x"":[3132,3124,3128,3134],""all_points_y"":[781,808,806,781]}",{}
4.png,31850550,{},4404,2363,"{""name"":""polygon"",""all_points_x"":[3132,3113,3112,3112,3114,3116,3123,3133],""all_points_y"":[764,784,789,805,804,786,779,765]}",{}
4.png,31850550,{},4404,2364,"{""name"":""polygon"",""all_points_x"":[3109,3102,3106,3112],""all_points_y"":[793,806,806,793]}",{}
4.png,31850550,{},4404,2365,"{""name"":""polygon"",""all_points_x"":[3088,3070,3050,3032,3001,2999,3035,3052,3086],""all_points_y"":[796,803,810,820,838,835,814,806,794]}",{}
4.png,31850550,{},4404,2366,"{""name"":""polygon"",""all_points_x"":[3018,3030,3033,3021],""all_points_y"":[793,812,811,793]}",{}
4.png,31850550,{},4404,2367,"{""name"":""polygon"",""all_points_x"":[3047,3047,3059,3094,3094,3064],""all_points_y"":[792,795,788,774,772,784]}",{}
4.png,31850550,{},4404,2368,"{""name"":""polygon"",""all_points_x"":[3118,3107,3102,3093,3093,3104,3109,3120],""all_points_y"":[749,762,771,779,781,774,767,751]}",{}
4.png,31850550,{},4404,2369,"{""name"":""polygon"",""all_points_x"":[3201,3163,3164,3204],""all_points_y"":[710,736,738,711]}",{}
4.png,31850550,{},4404,2370,"{""name"":""polygon"",""all_points_x"":[3413,3411,3411,3414,3415,3415],""all_points_y"":[972,984,998,999,984,971]}",{}
4.png,31850550,{},4404,2371,"{""name"":""polygon"",""all_points_x"":[3334,3328,3329,3334],""all_points_y"":[1088,1092,1094,1091]}",{}
4.png,31850550,{},4404,2372,"{""name"":""polygon"",""all_points_x"":[3345,3339,3339,3347],""all_points_y"":[1081,1085,1086,1083]}",{}
4.png,31850550,{},4404,2373,"{""name"":""polygon"",""all_points_x"":[3319,3305,3313,3320],""all_points_y"":[1097,1108,1105,1099]}",{}
4.png,31850550,{},4404,2374,"{""name"":""polygon"",""all_points_x"":[3178,3144,3148,3180],""all_points_y"":[1169,1219,1219,1172]}",{}
4.png,31850550,{},4404,2375,"{""name"":""polygon"",""all_points_x"":[3170,3117,3117,3168],""all_points_y"":[1136,1151,1153,1138]}",{}
4.png,31850550,{},4404,2376,"{""name"":""polygon"",""all_points_x"":[3168,3131,3132,3169],""all_points_y"":[1128,1142,1144,1131]}",{}
4.png,31850550,{},4404,2377,"{""name"":""polygon"",""all_points_x"":[3208,3186,3187,3208],""all_points_y"":[1118,1126,1128,1121]}",{}
4.png,31850550,{},4404,2378,"{""name"":""polygon"",""all_points_x"":[3050,3014,3017,3053],""all_points_y"":[1115,1163,1163,1117]}",{}
4.png,31850550,{},4404,2379,"{""name"":""polygon"",""all_points_x"":[3061,3059,3062,3063],""all_points_y"":[1165,1188,1187,1165]}",{}
4.png,31850550,{},4404,2380,"{""name"":""polygon"",""all_points_x"":[3065,3063,3066,3068],""all_points_y"":[1023,1058,1058,1024]}",{}
4.png,31850550,{},4404,2381,"{""name"":""polygon"",""all_points_x"":[3252,3226,3229,3253],""all_points_y"":[1151,1173,1174,1153]}",{}
4.png,31850550,{},4404,2382,"{""name"":""polygon"",""all_points_x"":[3331,3318,3318,3332],""all_points_y"":[1172,1178,1180,1174]}",{}
4.png,31850550,{},4404,2383,"{""name"":""polygon"",""all_points_x"":[3264,3267,3276,3273,3268],""all_points_y"":[1212,1213,1194,1194,1203]}",{}
4.png,31850550,{},4404,2384,"{""name"":""polygon"",""all_points_x"":[3202,3154,3155,3203],""all_points_y"":[1195,1220,1223,1197]}",{}
4.png,31850550,{},4404,2385,"{""name"":""polygon"",""all_points_x"":[3023,2971,2971,3025],""all_points_y"":[1116,1168,1170,1117]}",{}
4.png,31850550,{},4404,2386,"{""name"":""polygon"",""all_points_x"":[2992,2947,2947,2993],""all_points_y"":[1118,1145,1146,1121]}",{}
4.png,31850550,{},4404,2387,"{""name"":""polygon"",""all_points_x"":[3035,3021,3021,3037],""all_points_y"":[1101,1109,1111,1102]}",{}
4.png,31850550,{},4404,2388,"{""name"":""polygon"",""all_points_x"":[2989,2977,2979,2992],""all_points_y"":[1060,1085,1086,1062]}",{}
4.png,31850550,{},4404,2389,"{""name"":""polygon"",""all_points_x"":[2982,2981,3004,3005],""all_points_y"":[1041,1044,1045,1042]}",{}
4.png,31850550,{},4404,2390,"{""name"":""polygon"",""all_points_x"":[3011,3011,3033,3034],""all_points_y"":[1041,1044,1046,1044]}",{}
4.png,31850550,{},4404,2391,"{""name"":""polygon"",""all_points_x"":[3008,3005,3007,3011],""all_points_y"":[1015,1054,1054,1016]}",{}
4.png,31850550,{},4404,2392,"{""name"":""polygon"",""all_points_x"":[3000,2974,2979,3001],""all_points_y"":[1012,1017,1021,1016]}",{}
4.png,31850550,{},4404,2393,"{""name"":""polygon"",""all_points_x"":[2961,2959,3005,3005],""all_points_y"":[997,1001,1005,1002]}",{}
4.png,31850550,{},4404,2394,"{""name"":""polygon"",""all_points_x"":[2972,2952,2956,2974],""all_points_y"":[941,954,955,943]}",{}
4.png,31850550,{},4404,2395,"{""name"":""polygon"",""all_points_x"":[3021,3021,3039,3037],""all_points_y"":[1005,1007,1010,1007]}",{}
4.png,31850550,{},4404,2396,"{""name"":""polygon"",""all_points_x"":[2924,2896,2898,2925],""all_points_y"":[1087,1109,1110,1088]}",{}
4.png,31850550,{},4404,2397,"{""name"":""polygon"",""all_points_x"":[2911,2878,2880,2914],""all_points_y"":[1091,1118,1120,1092]}",{}
4.png,31850550,{},4404,2398,"{""name"":""polygon"",""all_points_x"":[2879,2875,2877,2881],""all_points_y"":[1104,1116,1116,1107]}",{}
4.png,31850550,{},4404,2399,"{""name"":""polygon"",""all_points_x"":[2849,2831,2809,2811,2833,2851],""all_points_y"":[1119,1150,1219,1219,1154,1120]}",{}
4.png,31850550,{},4404,2400,"{""name"":""polygon"",""all_points_x"":[2852,2852,2893,2890],""all_points_y"":[1209,1211,1202,1200]}",{}
4.png,31850550,{},4404,2401,"{""name"":""polygon"",""all_points_x"":[2945,2858,2857,2858,2875,2946],""all_points_y"":[1185,1227,1229,1229,1222,1188]}",{}
4.png,31850550,{},4404,2402,"{""name"":""polygon"",""all_points_x"":[2997,2932,2936,2999],""all_points_y"":[1185,1261,1261,1187]}",{}
4.png,31850550,{},4404,2403,"{""name"":""polygon"",""all_points_x"":[3006,2969,2972,3008],""all_points_y"":[1216,1256,1257,1217]}",{}
4.png,31850550,{},4404,2404,"{""name"":""polygon"",""all_points_x"":[2966,2950,2953,2968],""all_points_y"":[1260,1280,1280,1261]}",{}
4.png,31850550,{},4404,2405,"{""name"":""polygon"",""all_points_x"":[2576,2577,2605,2604],""all_points_y"":[1235,1233,1233,1235]}",{}
4.png,31850550,{},4404,2406,"{""name"":""polygon"",""all_points_x"":[2497,2498,2528,2525],""all_points_y"":[1109,1113,1102,1102]}",{}
4.png,31850550,{},4404,2407,"{""name"":""polygon"",""all_points_x"":[2559,2558,2601,2602],""all_points_y"":[1105,1107,1116,1114]}",{}
4.png,31850550,{},4404,2408,"{""name"":""polygon"",""all_points_x"":[2879,2882,2914,2941,2941],""all_points_y"":[1008,1010,1000,994,991]}",{}
4.png,31850550,{},4404,2409,"{""name"":""polygon"",""all_points_x"":[2964,2941,2943,2965],""all_points_y"":[932,946,948,935]}",{}
4.png,31850550,{},4404,2410,"{""name"":""polygon"",""all_points_x"":[2952,2924,2925,2956],""all_points_y"":[919,937,939,920]}",{}
4.png,31850550,{},4404,2411,"{""name"":""polygon"",""all_points_x"":[2920,2919,2952,2952],""all_points_y"":[919,922,914,912]}",{}
4.png,31850550,{},4404,2412,"{""name"":""polygon"",""all_points_x"":[2896,2875,2876,2899],""all_points_y"":[902,916,918,903]}",{}
4.png,31850550,{},4404,2413,"{""name"":""polygon"",""all_points_x"":[2921,2861,2860,2888,2921],""all_points_y"":[847,888,893,875,853]}",{}
4.png,31850550,{},4404,2414,"{""name"":""polygon"",""all_points_x"":[2890,2851,2856,2891],""all_points_y"":[829,896,895,833]}",{}
4.png,31850550,{},4404,2415,"{""name"":""polygon"",""all_points_x"":[2899,2884,2887,2903],""all_points_y"":[852,861,864,855]}",{}
4.png,31850550,{},4404,2416,"{""name"":""polygon"",""all_points_x"":[2910,2912,2921,2921],""all_points_y"":[845,846,842,838]}",{}
4.png,31850550,{},4404,2417,"{""name"":""polygon"",""all_points_x"":[2924,2921,2918,2920,2924,2925],""all_points_y"":[835,867,881,881,868,835]}",{}
4.png,31850550,{},4404,2418,"{""name"":""polygon"",""all_points_x"":[2928,2929,2971,2971],""all_points_y"":[831,835,806,802]}",{}
4.png,31850550,{},4404,2419,"{""name"":""polygon"",""all_points_x"":[2921,2921,2945,2944],""all_points_y"":[1026,1030,1025,1023]}",{}
4.png,31850550,{},4404,2420,"{""name"":""polygon"",""all_points_x"":[2914,2892,2897,2917],""all_points_y"":[877,899,898,877]}",{}
4.png,31850550,{},4404,2421,"{""name"":""polygon"",""all_points_x"":[2989,2964,2967,2992],""all_points_y"":[847,877,877,847]}",{}
4.png,31850550,{},4404,2422,"{""name"":""polygon"",""all_points_x"":[3018,3018,2978,2978],""all_points_y"":[837,840,850,848]}",{}
4.png,31850550,{},4404,2423,"{""name"":""polygon"",""all_points_x"":[2918,2897,2900,2919],""all_points_y"":[1122,1135,1137,1125]}",{}
4.png,31850550,{},4404,2424,"{""name"":""polygon"",""all_points_x"":[3005,2983,2984,3006],""all_points_y"":[909,920,923,911]}",{}
4.png,31850550,{},4404,2425,"{""name"":""polygon"",""all_points_x"":[2832,2801,2802,2836],""all_points_y"":[977,1009,1010,976]}",{}
4.png,31850550,{},4404,2426,"{""name"":""polygon"",""all_points_x"":[2706,2679,2681,2709],""all_points_y"":[908,927,929,911]}",{}
4.png,31850550,{},4404,2427,"{""name"":""polygon"",""all_points_x"":[2679,2708,2709,2680],""all_points_y"":[921,906,908,924]}",{}
4.png,31850550,{},4404,2428,"{""name"":""polygon"",""all_points_x"":[2614,2614,2639,2669,2669,2635],""all_points_y"":[769,771,771,766,764,770]}",{}
4.png,31850550,{},4404,2429,"{""name"":""polygon"",""all_points_x"":[2802,2758,2762,2804],""all_points_y"":[617,671,673,620]}",{}
4.png,31850550,{},4404,2430,"{""name"":""polygon"",""all_points_x"":[2823,2769,2769,2824],""all_points_y"":[640,681,684,642]}",{}
4.png,31850550,{},4404,2431,"{""name"":""polygon"",""all_points_x"":[2892,2871,2859,2858,2861,2869,2882,2894],""all_points_y"":[567,602,628,631,632,613,588,569]}",{}
4.png,31850550,{},4404,2432,"{""name"":""polygon"",""all_points_x"":[2922,2903,2896,2887,2883,2885,2897,2924],""all_points_y"":[575,595,605,616,623,624,608,577]}",{}
4.png,31850550,{},4404,2433,"{""name"":""polygon"",""all_points_x"":[3106,3045,3047,3108],""all_points_y"":[648,693,695,652]}",{}
4.png,31850550,{},4404,2434,"{""name"":""polygon"",""all_points_x"":[3114,3097,3084,3073,3077,3097,3117],""all_points_y"":[659,679,695,711,714,685,660]}",{}
4.png,31850550,{},4404,2435,"{""name"":""polygon"",""all_points_x"":[3181,3181,3192,3240,3240,3194,3190],""all_points_y"":[638,641,640,654,651,638,638]}",{}
4.png,31850550,{},4404,2436,"{""name"":""polygon"",""all_points_x"":[3101,3085,3090,3102],""all_points_y"":[692,715,716,695]}",{}
4.png,31850550,{},4404,2437,"{""name"":""polygon"",""all_points_x"":[3037,3015,3016,3037],""all_points_y"":[764,777,778,766]}",{}
4.png,31850550,{},4404,2438,"{""name"":""polygon"",""all_points_x"":[3101,3081,3082,3101],""all_points_y"":[734,742,745,737]}",{}
4.png,31850550,{},4404,2439,"{""name"":""polygon"",""all_points_x"":[2990,2927,2928,2993],""all_points_y"":[790,842,845,791]}",{}
4.png,31850550,{},4404,2440,"{""name"":""polygon"",""all_points_x"":[2856,2825,2828,2859],""all_points_y"":[701,731,732,703]}",{}
4.png,31850550,{},4404,2441,"{""name"":""polygon"",""all_points_x"":[2850,2830,2832,2854],""all_points_y"":[674,702,704,675]}",{}
4.png,31850550,{},4404,2442,"{""name"":""polygon"",""all_points_x"":[2825,2803,2806,2829],""all_points_y"":[706,733,734,707]}",{}
4.png,31850550,{},4404,2443,"{""name"":""polygon"",""all_points_x"":[2830,2796,2797,2833],""all_points_y"":[693,718,720,693]}",{}
4.png,31850550,{},4404,2444,"{""name"":""polygon"",""all_points_x"":[2821,2810,2811,2823],""all_points_y"":[734,742,745,738]}",{}
4.png,31850550,{},4404,2445,"{""name"":""polygon"",""all_points_x"":[2741,2741,2773,2774],""all_points_y"":[814,818,826,824]}",{}
4.png,31850550,{},4404,2446,"{""name"":""polygon"",""all_points_x"":[2746,2744,2754,2754],""all_points_y"":[803,806,809,806]}",{}
4.png,31850550,{},4404,2447,"{""name"":""polygon"",""all_points_x"":[2754,2734,2738,2757],""all_points_y"":[679,699,702,680]}",{}
4.png,31850550,{},4404,2448,"{""name"":""polygon"",""all_points_x"":[2731,2693,2694,2732],""all_points_y"":[706,747,748,708]}",{}
4.png,31850550,{},4404,2449,"{""name"":""polygon"",""all_points_x"":[2749,2740,2741,2750],""all_points_y"":[697,704,706,701]}",{}
4.png,31850550,{},4404,2450,"{""name"":""polygon"",""all_points_x"":[2919,2916,2950,2951],""all_points_y"":[649,653,670,667]}",{}
4.png,31850550,{},4404,2451,"{""name"":""polygon"",""all_points_x"":[2916,2918,2948,2947],""all_points_y"":[659,657,672,673]}",{}
4.png,31850550,{},4404,2452,"{""name"":""polygon"",""all_points_x"":[2990,2989,3026,3026],""all_points_y"":[683,685,703,699]}",{}
4.png,31850550,{},4404,2453,"{""name"":""polygon"",""all_points_x"":[2991,2991,3055,3053],""all_points_y"":[692,690,716,718]}",{}
4.png,31850550,{},4404,2454,"{""name"":""polygon"",""all_points_x"":[2877,2836,2838,2877],""all_points_y"":[837,857,859,841]}",{}
4.png,31850550,{},4404,2455,"{""name"":""polygon"",""all_points_x"":[2861,2821,2823,2864],""all_points_y"":[840,862,865,840]}",{}
4.png,31850550,{},4404,2456,"{""name"":""polygon"",""all_points_x"":[2804,2796,2797,2805],""all_points_y"":[868,874,876,872]}",{}
4.png,31850550,{},4404,2457,"{""name"":""polygon"",""all_points_x"":[2736,2675,2679,2738],""all_points_y"":[658,717,719,660]}",{}
4.png,31850550,{},4404,2458,"{""name"":""polygon"",""all_points_x"":[2677,2635,2635,2680],""all_points_y"":[695,711,712,697]}",{}
4.png,31850550,{},4404,2459,"{""name"":""polygon"",""all_points_x"":[2695,2675,2677,2696],""all_points_y"":[661,681,682,663]}",{}
4.png,31850550,{},4404,2460,"{""name"":""polygon"",""all_points_x"":[2875,2857,2834,2838,2858,2878],""all_points_y"":[539,561,606,607,565,542]}",{}
4.png,31850550,{},4404,2461,"{""name"":""polygon"",""all_points_x"":[2869,2867,2886,2887],""all_points_y"":[559,562,569,567]}",{}
4.png,31850550,{},4404,2462,"{""name"":""polygon"",""all_points_x"":[2876,2875,2886,2885],""all_points_y"":[557,558,563,560]}",{}
4.png,31850550,{},4404,2463,"{""name"":""polygon"",""all_points_x"":[2890,2890,2893,2893],""all_points_y"":[561,563,565,562]}",{}
4.png,31850550,{},4404,2464,"{""name"":""polygon"",""all_points_x"":[2903,2901,2916,2918],""all_points_y"":[564,567,573,569]}",{}
4.png,31850550,{},4404,2465,"{""name"":""polygon"",""all_points_x"":[3071,3068,3099,3101],""all_points_y"":[530,535,549,546]}",{}
4.png,31850550,{},4404,2466,"{""name"":""polygon"",""all_points_x"":[2509,2507,2546,2545],""all_points_y"":[674,678,685,682]}",{}
4.png,31850550,{},4404,2467,"{""name"":""polygon"",""all_points_x"":[2648,2648,2674,2674],""all_points_y"":[797,800,801,798]}",{}
4.png,31850550,{},4404,2468,"{""name"":""polygon"",""all_points_x"":[2653,2654,2671,2669],""all_points_y"":[810,812,804,802]}",{}
4.png,31850550,{},4404,2469,"{""name"":""polygon"",""all_points_x"":[2638,2599,2600,2639],""all_points_y"":[819,840,843,822]}",{}
4.png,31850550,{},4404,2470,"{""name"":""polygon"",""all_points_x"":[2600,2600,2637,2637],""all_points_y"":[806,809,815,812]}",{}
4.png,31850550,{},4404,2471,"{""name"":""polygon"",""all_points_x"":[2720,2721,2755,2754],""all_points_y"":[538,542,538,535]}",{}
4.png,31850550,{},4404,2472,"{""name"":""polygon"",""all_points_x"":[2787,2787,2820,2821],""all_points_y"":[529,534,531,528]}",{}
4.png,31850550,{},4404,2473,"{""name"":""polygon"",""all_points_x"":[2826,2826,2879,2877],""all_points_y"":[525,529,537,533]}",{}
4.png,31850550,{},4404,2474,"{""name"":""polygon"",""all_points_x"":[2889,2865,2866,2893],""all_points_y"":[457,495,495,458]}",{}
4.png,31850550,{},4404,2475,"{""name"":""polygon"",""all_points_x"":[3005,2975,2977,3004],""all_points_y"":[433,449,450,435]}",{}
4.png,31850550,{},4404,2476,"{""name"":""polygon"",""all_points_x"":[2952,2937,2918,2904,2907,2919,2933,2955],""all_points_y"":[463,469,482,494,496,484,475,465]}",{}
4.png,31850550,{},4404,2477,"{""name"":""polygon"",""all_points_x"":[2974,2908,2910,2977],""all_points_y"":[477,520,524,480]}",{}
4.png,31850550,{},4404,2478,"{""name"":""polygon"",""all_points_x"":[3024,2989,2989,3023],""all_points_y"":[483,499,501,487]}",{}
4.png,31850550,{},4404,2479,"{""name"":""polygon"",""all_points_x"":[3023,2988,2989,3023],""all_points_y"":[493,508,511,496]}",{}
4.png,31850550,{},4404,2480,"{""name"":""polygon"",""all_points_x"":[3055,3034,3035,3057],""all_points_y"":[480,487,490,482]}",{}
4.png,31850550,{},4404,2481,"{""name"":""polygon"",""all_points_x"":[3083,3069,3069,3083],""all_points_y"":[458,464,466,460]}",{}
4.png,31850550,{},4404,2482,"{""name"":""polygon"",""all_points_x"":[3095,3063,3063,3097],""all_points_y"":[458,475,477,459]}",{}
4.png,31850550,{},4404,2483,"{""name"":""polygon"",""all_points_x"":[3054,3037,3037,3053],""all_points_y"":[471,479,481,475]}",{}
4.png,31850550,{},4404,2484,"{""name"":""polygon"",""all_points_x"":[3113,3113,3161,3161],""all_points_y"":[553,557,573,571]}",{}
4.png,31850550,{},4404,2485,"{""name"":""polygon"",""all_points_x"":[3117,3116,3162,3162],""all_points_y"":[551,554,571,569]}",{}
4.png,31850550,{},4404,2486,"{""name"":""polygon"",""all_points_x"":[2605,2602,2665,2667,2616],""all_points_y"":[482,486,532,529,492]}",{}
4.png,31850550,{},4404,2487,"{""name"":""polygon"",""all_points_x"":[2506,2503,2531,2591,2593,2593,2529],""all_points_y"":[480,481,496,522,522,519,489]}",{}
4.png,31850550,{},4404,2488,"{""name"":""polygon"",""all_points_x"":[2589,2587,2630,2631],""all_points_y"":[487,488,524,522]}",{}
4.png,31850550,{},4404,2489,"{""name"":""polygon"",""all_points_x"":[2411,2413,2447,2474,2471],""all_points_y"":[476,479,472,465,462]}",{}
4.png,31850550,{},4404,2490,"{""name"":""polygon"",""all_points_x"":[2403,2403,2430,2434],""all_points_y"":[469,472,471,468]}",{}
4.png,31850550,{},4404,2491,"{""name"":""polygon"",""all_points_x"":[2475,2475,2546,2546],""all_points_y"":[476,478,481,478]}",{}
4.png,31850550,{},4404,2492,"{""name"":""polygon"",""all_points_x"":[2488,2482,2548,2546],""all_points_y"":[413,418,418,413]}",{}
4.png,31850550,{},4404,2493,"{""name"":""polygon"",""all_points_x"":[2552,2554,2596,2631,2630,2599],""all_points_y"":[414,417,416,412,407,412]}",{}
4.png,31850550,{},4404,2494,"{""name"":""polygon"",""all_points_x"":[2692,2656,2659,2697],""all_points_y"":[364,393,396,366]}",{}
4.png,31850550,{},4404,2495,"{""name"":""polygon"",""all_points_x"":[2434,2434,2474,2501,2529,2558,2553,2520,2475,2455],""all_points_y"":[421,425,416,409,402,391,388,400,412,418]}",{}
4.png,31850550,{},4404,2496,"{""name"":""polygon"",""all_points_x"":[2648,2616,2607,2574,2574,2611,2616,2651],""all_points_y"":[332,354,364,382,385,365,359,335]}",{}
4.png,31850550,{},4404,2497,"{""name"":""polygon"",""all_points_x"":[2669,2631,2631,2670],""all_points_y"":[357,369,372,360]}",{}
4.png,31850550,{},4404,2498,"{""name"":""polygon"",""all_points_x"":[2520,2519,2557,2559],""all_points_y"":[366,368,376,373]}",{}
4.png,31850550,{},4404,2499,"{""name"":""polygon"",""all_points_x"":[2496,2496,2517,2520],""all_points_y"":[386,390,398,397]}",{}
4.png,31850550,{},4404,2500,"{""name"":""polygon"",""all_points_x"":[2537,2533,2552,2552],""all_points_y"":[402,404,418,412]}",{}
4.png,31850550,{},4404,2501,"{""name"":""polygon"",""all_points_x"":[2564,2562,2589,2592],""all_points_y"":[430,433,469,464]}",{}
4.png,31850550,{},4404,2502,"{""name"":""polygon"",""all_points_x"":[2552,2551,2584,2584],""all_points_y"":[461,465,470,467]}",{}
4.png,31850550,{},4404,2503,"{""name"":""polygon"",""all_points_x"":[2797,2776,2778,2800],""all_points_y"":[557,586,587,560]}",{}
4.png,31850550,{},4404,2504,"{""name"":""polygon"",""all_points_x"":[2312,2310,2381,2381],""all_points_y"":[530,532,538,536]}",{}
4.png,31850550,{},4404,2505,"{""name"":""polygon"",""all_points_x"":[2295,2292,2338,2338],""all_points_y"":[535,539,540,538]}",{}
4.png,31850550,{},4404,2506,"{""name"":""polygon"",""all_points_x"":[2277,2278,2333,2330],""all_points_y"":[547,551,545,544]}",{}
4.png,31850550,{},4404,2507,"{""name"":""polygon"",""all_points_x"":[2371,2367,2410,2411],""all_points_y"":[550,553,558,556]}",{}
4.png,31850550,{},4404,2508,"{""name"":""polygon"",""all_points_x"":[2321,2319,2375,2376],""all_points_y"":[562,564,571,569]}",{}
4.png,31850550,{},4404,2509,"{""name"":""polygon"",""all_points_x"":[2642,2639,2661,2665],""all_points_y"":[476,478,508,505]}",{}
4.png,31850550,{},4404,2510,"{""name"":""polygon"",""all_points_x"":[2598,2598,2620,2622],""all_points_y"":[597,599,621,617]}",{}
4.png,31850550,{},4404,2511,"{""name"":""polygon"",""all_points_x"":[2269,2272,2300,2309,2307,2292],""all_points_y"":[707,709,701,695,692,701]}",{}
4.png,31850550,{},4404,2512,"{""name"":""polygon"",""all_points_x"":[2282,2256,2258,2284],""all_points_y"":[696,709,711,700]}",{}
4.png,31850550,{},4404,2513,"{""name"":""polygon"",""all_points_x"":[2105,2104,2168,2169],""all_points_y"":[647,651,669,666]}",{}
4.png,31850550,{},4404,2514,"{""name"":""polygon"",""all_points_x"":[2018,2027,2029,2033,2034,2031,2031,2021],""all_points_y"":[361,397,411,414,413,399,394,358]}",{}
4.png,31850550,{},4404,2515,"{""name"":""polygon"",""all_points_x"":[2035,2047,2049,2039],""all_points_y"":[349,384,382,348]}",{}
4.png,31850550,{},4404,2516,"{""name"":""polygon"",""all_points_x"":[1970,1980,1982,1971],""all_points_y"":[305,338,338,304]}",{}
4.png,31850550,{},4404,2517,"{""name"":""polygon"",""all_points_x"":[2220,2220,2236,2236],""all_points_y"":[256,261,265,261]}",{}
4.png,31850550,{},4404,2518,"{""name"":""polygon"",""all_points_x"":[2623,2619,2676,2679],""all_points_y"":[300,303,333,330]}",{}
4.png,31850550,{},4404,2519,"{""name"":""polygon"",""all_points_x"":[2631,2629,2659,2660],""all_points_y"":[322,328,335,332]}",{}
4.png,31850550,{},4404,2520,"{""name"":""polygon"",""all_points_x"":[2647,2642,2679,2693,2711,2728,2729,2706,2686],""all_points_y"":[248,250,281,295,312,324,322,305,285]}",{}
4.png,31850550,{},4404,2521,"{""name"":""polygon"",""all_points_x"":[2713,2698,2701,2715],""all_points_y"":[279,291,292,280]}",{}
4.png,31850550,{},4404,2522,"{""name"":""polygon"",""all_points_x"":[2690,2679,2681,2694],""all_points_y"":[298,307,309,299]}",{}
4.png,31850550,{},4404,2523,"{""name"":""polygon"",""all_points_x"":[2660,2659,2690,2689],""all_points_y"":[293,295,296,294]}",{}
4.png,31850550,{},4404,2524,"{""name"":""polygon"",""all_points_x"":[2766,2722,2725,2768],""all_points_y"":[277,300,302,279]}",{}
4.png,31850550,{},4404,2525,"{""name"":""polygon"",""all_points_x"":[2627,2662,2664,2630],""all_points_y"":[276,304,302,276]}",{}
4.png,31850550,{},4404,2526,"{""name"":""polygon"",""all_points_x"":[2634,2633,2640,2638],""all_points_y"":[286,291,290,287]}",{}
4.png,31850550,{},4404,2527,"{""name"":""polygon"",""all_points_x"":[2648,2649,2678,2678],""all_points_y"":[286,288,288,286]}",{}
4.png,31850550,{},4404,2528,"{""name"":""polygon"",""all_points_x"":[2524,2521,2562,2563],""all_points_y"":[151,153,177,175]}",{}
4.png,31850550,{},4404,2529,"{""name"":""polygon"",""all_points_x"":[2598,2596,2661,2663],""all_points_y"":[193,196,228,225]}",{}
4.png,31850550,{},4404,2530,"{""name"":""polygon"",""all_points_x"":[2636,2616,2615,2619,2638],""all_points_y"":[220,237,240,240,221]}",{}
4.png,31850550,{},4404,2531,"{""name"":""polygon"",""all_points_x"":[2674,2626,2626,2674],""all_points_y"":[150,166,168,153]}",{}
4.png,31850550,{},4404,2532,"{""name"":""polygon"",""all_points_x"":[2616,2609,2607,2618],""all_points_y"":[169,170,173,173]}",{}
4.png,31850550,{},4404,2533,"{""name"":""polygon"",""all_points_x"":[2617,2594,2596,2620],""all_points_y"":[157,181,183,158]}",{}
4.png,31850550,{},4404,2534,"{""name"":""polygon"",""all_points_x"":[2588,2585,2592,2594],""all_points_y"":[172,176,179,177]}",{}
4.png,31850550,{},4404,2535,"{""name"":""polygon"",""all_points_x"":[2602,2599,2616,2633,2634],""all_points_y"":[180,183,192,202,198]}",{}
4.png,31850550,{},4404,2536,"{""name"":""polygon"",""all_points_x"":[2656,2655,2668,2706,2707],""all_points_y"":[209,214,220,243,241]}",{}
4.png,31850550,{},4404,2537,"{""name"":""polygon"",""all_points_x"":[2383,2380,2399,2431,2432],""all_points_y"":[138,139,161,197,196]}",{}
4.png,31850550,{},4404,2538,"{""name"":""polygon"",""all_points_x"":[2416,2416,2439,2440],""all_points_y"":[172,175,193,191]}",{}
4.png,31850550,{},4404,2539,"{""name"":""polygon"",""all_points_x"":[2367,2368,2386,2405,2405,2375],""all_points_y"":[88,91,92,91,88,89]}",{}
4.png,31850550,{},4404,2540,"{""name"":""polygon"",""all_points_x"":[2202,2199,2242,2244],""all_points_y"":[106,109,152,148]}",{}
4.png,31850550,{},4404,2541,"{""name"":""polygon"",""all_points_x"":[2269,2265,2282,2296,2310,2307,2293,2277],""all_points_y"":[256,258,268,273,270,268,270,262]}",{}
4.png,31850550,{},4404,2542,"{""name"":""polygon"",""all_points_x"":[2345,2344,2379,2391,2391,2361],""all_points_y"":[218,222,234,238,236,225]}",{}
4.png,31850550,{},4404,2543,"{""name"":""polygon"",""all_points_x"":[2068,2067,2095,2097],""all_points_y"":[154,156,175,172]}",{}
4.png,31850550,{},4404,2544,"{""name"":""polygon"",""all_points_x"":[1886,1884,1905,1921,1924,1904],""all_points_y"":[345,345,375,391,389,371]}",{}
4.png,31850550,{},4404,2545,"{""name"":""polygon"",""all_points_x"":[1916,1915,1946,1946],""all_points_y"":[437,441,438,435]}",{}
4.png,31850550,{},4404,2546,"{""name"":""polygon"",""all_points_x"":[1958,1958,1953,1954],""all_points_y"":[435,438,438,436]}",{}
4.png,31850550,{},4404,2547,"{""name"":""polygon"",""all_points_x"":[1972,1971,1977,1981,1990,1992,1984,1977,1973],""all_points_y"":[375,378,407,418,426,423,414,396,375]}",{}
4.png,31850550,{},4404,2548,"{""name"":""polygon"",""all_points_x"":[1970,1970,1948,1927,1932,1951],""all_points_y"":[396,399,403,399,397,400]}",{}
4.png,31850550,{},4404,2549,"{""name"":""polygon"",""all_points_x"":[1832,1832,1833,1836,1836,1835],""all_points_y"":[179,217,236,236,215,178]}",{}
4.png,31850550,{},4404,2550,"{""name"":""polygon"",""all_points_x"":[1842,1838,1840,1846],""all_points_y"":[182,220,220,181]}",{}
4.png,31850550,{},4404,2551,"{""name"":""polygon"",""all_points_x"":[1825,1804,1806,1829],""all_points_y"":[183,204,205,186]}",{}
4.png,31850550,{},4404,2552,"{""name"":""polygon"",""all_points_x"":[1931,1930,1958,1958],""all_points_y"":[218,222,225,221]}",{}
4.png,31850550,{},4404,2553,"{""name"":""polygon"",""all_points_x"":[1915,1915,1924,1923],""all_points_y"":[338,341,342,338]}",{}
4.png,31850550,{},4404,2554,"{""name"":""polygon"",""all_points_x"":[1643,1641,1665,1676,1707,1705,1664],""all_points_y"":[250,252,261,261,263,261,257]}",{}
4.png,31850550,{},4404,2555,"{""name"":""polygon"",""all_points_x"":[1580,1579,1592,1593],""all_points_y"":[287,289,297,294]}",{}
4.png,31850550,{},4404,2556,"{""name"":""polygon"",""all_points_x"":[1677,1684,1685,1689,1691,1687,1688,1679],""all_points_y"":[396,424,446,466,466,444,425,395]}",{}
4.png,31850550,{},4404,2557,"{""name"":""polygon"",""all_points_x"":[1692,1690,1698,1716,1716,1699],""all_points_y"":[406,410,413,416,413,411]}",{}
4.png,31850550,{},4404,2558,"{""name"":""polygon"",""all_points_x"":[1633,1667,1666,1633],""all_points_y"":[372,378,374,370]}",{}
4.png,31850550,{},4404,2559,"{""name"":""polygon"",""all_points_x"":[1679,1679,1694,1704,1705,1689],""all_points_y"":[375,379,380,380,377,376]}",{}
4.png,31850550,{},4404,2560,"{""name"":""polygon"",""all_points_x"":[1397,1396,1420,1420],""all_points_y"":[269,272,280,278]}",{}
4.png,31850550,{},4404,2561,"{""name"":""polygon"",""all_points_x"":[1487,1485,1493,1507,1510,1494],""all_points_y"":[204,205,221,236,234,220]}",{}
4.png,31850550,{},4404,2562,"{""name"":""polygon"",""all_points_x"":[2040,2029,2029,2042],""all_points_y"":[375,379,380,377]}",{}
4.png,31850550,{},4404,2563,"{""name"":""polygon"",""all_points_x"":[2172,2172,2184,2185],""all_points_y"":[393,395,395,392]}",{}
4.png,31850550,{},4404,2564,"{""name"":""polygon"",""all_points_x"":[2193,2191,2191,2193,2193,2194],""all_points_y"":[372,396,422,422,398,373]}",{}
4.png,31850550,{},4404,2565,"{""name"":""polygon"",""all_points_x"":[2211,2198,2197,2212],""all_points_y"":[378,383,386,380]}",{}
4.png,31850550,{},4404,2566,"{""name"":""polygon"",""all_points_x"":[2253,2271,2272,2253],""all_points_y"":[362,350,350,364]}",{}
4.png,31850550,{},4404,2567,"{""name"":""polygon"",""all_points_x"":[2327,2327,2362,2362],""all_points_y"":[370,373,374,370]}",{}
4.png,31850550,{},4404,2568,"{""name"":""polygon"",""all_points_x"":[2418,2418,2459,2458],""all_points_y"":[436,439,446,444]}",{}
4.png,31850550,{},4404,2569,"{""name"":""polygon"",""all_points_x"":[2446,2402,2402,2448],""all_points_y"":[458,465,467,461]}",{}
4.png,31850550,{},4404,2570,"{""name"":""polygon"",""all_points_x"":[2468,2466,2528,2529],""all_points_y"":[479,482,513,511]}",{}
4.png,31850550,{},4404,2571,"{""name"":""polygon"",""all_points_x"":[2591,2590,2623,2624],""all_points_y"":[430,432,445,443]}",{}
4.png,31850550,{},4404,2572,"{""name"":""polygon"",""all_points_x"":[2875,2812,2817,2875],""all_points_y"":[267,301,303,269]}",{}
4.png,31850550,{},4404,2573,"{""name"":""polygon"",""all_points_x"":[2995,2943,2947,3001],""all_points_y"":[291,324,326,291]}",{}
4.png,31850550,{},4404,2574,"{""name"":""polygon"",""all_points_x"":[2956,2953,2974,2978],""all_points_y"":[288,290,301,299]}",{}
4.png,31850550,{},4404,2575,"{""name"":""polygon"",""all_points_x"":[2826,2824,2845,2847],""all_points_y"":[328,334,352,351]}",{}
4.png,31850550,{},4404,2576,"{""name"":""polygon"",""all_points_x"":[2824,2822,2835,2838],""all_points_y"":[341,341,357,356]}",{}
4.png,31850550,{},4404,2577,"{""name"":""polygon"",""all_points_x"":[2803,2802,2812,2828,2844,2844,2825,2811],""all_points_y"":[359,363,379,393,402,400,387,373]}",{}
4.png,31850550,{},4404,2578,"{""name"":""polygon"",""all_points_x"":[2811,2811,2835,2836],""all_points_y"":[388,391,407,405]}",{}
4.png,31850550,{},4404,2579,"{""name"":""polygon"",""all_points_x"":[2676,2650,2650,2672],""all_points_y"":[364,376,371,363]}",{}
4.png,31850550,{},4404,2580,"{""name"":""polygon"",""all_points_x"":[3067,3067,3104,3147,3148,3085],""all_points_y"":[435,438,434,429,425,434]}",{}
4.png,31850550,{},4404,2581,"{""name"":""polygon"",""all_points_x"":[3156,3126,3129,3158],""all_points_y"":[381,409,409,383]}",{}
4.png,31850550,{},4404,2582,"{""name"":""polygon"",""all_points_x"":[3236,3202,3203,3236],""all_points_y"":[372,394,396,375]}",{}
4.png,31850550,{},4404,2583,"{""name"":""polygon"",""all_points_x"":[3157,3179,3181,3160],""all_points_y"":[302,332,331,300]}",{}
4.png,31850550,{},4404,2584,"{""name"":""polygon"",""all_points_x"":[3178,3177,3211,3211],""all_points_y"":[269,271,279,278]}",{}
4.png,31850550,{},4404,2585,"{""name"":""polygon"",""all_points_x"":[3172,3155,3128,3129,3156,3171],""all_points_y"":[158,163,182,185,167,161]}",{}
4.png,31850550,{},4404,2586,"{""name"":""polygon"",""all_points_x"":[2869,2865,2868,2871],""all_points_y"":[441,471,471,441]}",{}
4.png,31850550,{},4404,2587,"{""name"":""polygon"",""all_points_x"":[2942,2942,2972,2980,2980],""all_points_y"":[406,409,418,421,418]}",{}
4.png,31850550,{},4404,2588,"{""name"":""polygon"",""all_points_x"":[3042,3033,3032,3044],""all_points_y"":[401,404,407,403]}",{}
4.png,31850550,{},4404,2589,"{""name"":""polygon"",""all_points_x"":[3026,2997,2999,3027],""all_points_y"":[406,415,418,407]}",{}
4.png,31850550,{},4404,2590,"{""name"":""polygon"",""all_points_x"":[3232,3208,3208,3234],""all_points_y"":[383,403,405,386]}",{}
4.png,31850550,{},4404,2591,"{""name"":""polygon"",""all_points_x"":[3220,3219,3261,3290,3292,3244],""all_points_y"":[411,414,426,434,430,418]}",{}
4.png,31850550,{},4404,2592,"{""name"":""polygon"",""all_points_x"":[3272,3245,3245,3246,3273],""all_points_y"":[437,456,458,458,439]}",{}
4.png,31850550,{},4404,2593,"{""name"":""polygon"",""all_points_x"":[3065,3066,3093,3093],""all_points_y"":[441,444,443,441]}",{}
4.png,31850550,{},4404,2594,"{""name"":""polygon"",""all_points_x"":[3226,3224,3248,3250],""all_points_y"":[432,434,452,450]}",{}
4.png,31850550,{},4404,2595,"{""name"":""polygon"",""all_points_x"":[3256,3254,3278,3280],""all_points_y"":[455,456,476,475]}",{}
4.png,31850550,{},4404,2596,"{""name"":""polygon"",""all_points_x"":[2872,2870,2887,2889],""all_points_y"":[363,364,382,382]}",{}
4.png,31850550,{},4404,2597,"{""name"":""polygon"",""all_points_x"":[2873,2871,2898,2900],""all_points_y"":[355,359,381,381]}",{}
4.png,31850550,{},4404,2598,"{""name"":""polygon"",""all_points_x"":[2993,2972,2972,2995],""all_points_y"":[301,311,314,303]}",{}
4.png,31850550,{},4404,2599,"{""name"":""polygon"",""all_points_x"":[3145,3144,3152,3154],""all_points_y"":[264,266,269,268]}",{}
4.png,31850550,{},4404,2600,"{""name"":""polygon"",""all_points_x"":[3144,3144,3155,3154],""all_points_y"":[270,272,276,273]}",{}
4.png,31850550,{},4404,2601,"{""name"":""polygon"",""all_points_x"":[3193,3193,3218,3218],""all_points_y"":[281,283,290,288]}",{}
4.png,31850550,{},4404,2602,"{""name"":""polygon"",""all_points_x"":[3251,3225,3226,3253],""all_points_y"":[306,315,320,310]}",{}
4.png,31850550,{},4404,2603,"{""name"":""polygon"",""all_points_x"":[3216,3214,3238,3235],""all_points_y"":[339,341,348,343]}",{}
4.png,31850550,{},4404,2604,"{""name"":""polygon"",""all_points_x"":[3268,3258,3261,3271],""all_points_y"":[333,351,352,334]}",{}
4.png,31850550,{},4404,2605,"{""name"":""polygon"",""all_points_x"":[3095,3093,3089,3088,3092,3093,3098,3098],""all_points_y"":[395,411,417,432,429,416,409,396]}",{}
4.png,31850550,{},4404,2606,"{""name"":""polygon"",""all_points_x"":[3179,3168,3165,3168,3179],""all_points_y"":[391,401,404,406,394]}",{}
4.png,31850550,{},4404,2607,"{""name"":""polygon"",""all_points_x"":[2843,2841,2852,2855],""all_points_y"":[359,362,375,374]}",{}
4.png,31850550,{},4404,2608,"{""name"":""polygon"",""all_points_x"":[2836,2834,2859,2874,2875],""all_points_y"":[347,349,373,386,385]}",{}
4.png,31850550,{},4404,2609,"{""name"":""polygon"",""all_points_x"":[2611,2546,2546,2615],""all_points_y"":[340,358,361,342]}",{}
4.png,31850550,{},4404,2610,"{""name"":""polygon"",""all_points_x"":[2948,2938,2941,2952],""all_points_y"":[93,128,129,93]}",{}
4.png,31850550,{},4404,2611,"{""name"":""polygon"",""all_points_x"":[2935,2922,2925,2938],""all_points_y"":[143,189,189,142]}",{}
4.png,31850550,{},4404,2612,"{""name"":""polygon"",""all_points_x"":[2917,2916,2936,2937],""all_points_y"":[115,119,134,129]}",{}
4.png,31850550,{},4404,2613,"{""name"":""polygon"",""all_points_x"":[3046,2997,2999,3047],""all_points_y"":[89,112,114,92]}",{}
4.png,31850550,{},4404,2614,"{""name"":""polygon"",""all_points_x"":[2753,2750,2776,2798,2801,2777],""all_points_y"":[106,106,137,158,156,132]}",{}
4.png,31850550,{},4404,2615,"{""name"":""polygon"",""all_points_x"":[3090,3075,3077,3091],""all_points_y"":[214,224,229,217]}",{}
4.png,31850550,{},4404,2616,"{""name"":""polygon"",""all_points_x"":[3128,3091,3091,3129],""all_points_y"":[147,171,174,150]}",{}
4.png,31850550,{},4404,2617,"{""name"":""polygon"",""all_points_x"":[3120,3086,3090,3122],""all_points_y"":[134,173,173,136]}",{}
4.png,31850550,{},4404,2618,"{""name"":""polygon"",""all_points_x"":[3121,3091,3091,3121],""all_points_y"":[123,137,140,127]}",{}
4.png,31850550,{},4404,2619,"{""name"":""polygon"",""all_points_x"":[3075,3062,3062,3075],""all_points_y"":[145,151,154,148]}",{}
4.png,31850550,{},4404,2620,"{""name"":""polygon"",""all_points_x"":[3089,3073,3059,3062,3091],""all_points_y"":[109,126,144,145,111]}",{}
4.png,31850550,{},4404,2621,"{""name"":""polygon"",""all_points_x"":[3060,3051,3047,3050,3055,3063],""all_points_y"":[97,120,138,138,119,99]}",{}
4.png,31850550,{},4404,2622,"{""name"":""polygon"",""all_points_x"":[3038,3050,3048,3040],""all_points_y"":[140,120,128,140]}",{}
4.png,31850550,{},4404,2623,"{""name"":""polygon"",""all_points_x"":[3036,3015,3018,3034,3038],""all_points_y"":[145,193,194,159,146]}",{}
4.png,31850550,{},4404,2624,"{""name"":""polygon"",""all_points_x"":[3032,3027,3021,3023,3030,3034],""all_points_y"":[179,188,194,197,189,179]}",{}
4.png,31850550,{},4404,2625,"{""name"":""polygon"",""all_points_x"":[3075,3051,3053,3075],""all_points_y"":[182,200,202,184]}",{}
4.png,31850550,{},4404,2626,"{""name"":""polygon"",""all_points_x"":[3022,3020,3015,3018,3024,3025],""all_points_y"":[118,146,173,173,142,117]}",{}
4.png,31850550,{},4404,2627,"{""name"":""polygon"",""all_points_x"":[2834,2823,2795,2796,2824,2835],""all_points_y"":[31,34,46,49,37,35]}",{}
4.png,31850550,{},4404,2628,"{""name"":""polygon"",""all_points_x"":[2730,2714,2716,2731],""all_points_y"":[61,70,72,65]}",{}
4.png,31850550,{},4404,2629,"{""name"":""polygon"",""all_points_x"":[2608,2610,2626,2626],""all_points_y"":[76,81,82,77]}",{}
4.png,31850550,{},4404,2630,"{""name"":""polygon"",""all_points_x"":[2633,2632,2665,2665],""all_points_y"":[77,80,81,79]}",{}
4.png,31850550,{},4404,2631,"{""name"":""polygon"",""all_points_x"":[2658,2668,2670,2661],""all_points_y"":[61,80,81,60]}",{}
4.png,31850550,{},4404,2632,"{""name"":""polygon"",""all_points_x"":[2725,2681,2683,2725],""all_points_y"":[78,95,97,79]}",{}
4.png,31850550,{},4404,2633,"{""name"":""polygon"",""all_points_x"":[2695,2694,2709,2709],""all_points_y"":[77,81,83,81]}",{}
4.png,31850550,{},4404,2634,"{""name"":""polygon"",""all_points_x"":[2720,2694,2695,2722],""all_points_y"":[38,54,56,40]}",{}
4.png,31850550,{},4404,2635,"{""name"":""polygon"",""all_points_x"":[2686,2685,2721,2720],""all_points_y"":[102,99,92,96]}",{}
4.png,31850550,{},4404,2636,"{""name"":""polygon"",""all_points_x"":[2746,2724,2726,2748],""all_points_y"":[103,129,129,104]}",{}
4.png,31850550,{},4404,2637,"{""name"":""polygon"",""all_points_x"":[2777,2776,2799,2801],""all_points_y"":[115,116,138,136]}",{}
4.png,31850550,{},4404,2638,"{""name"":""polygon"",""all_points_x"":[2794,2793,2811,2811],""all_points_y"":[90,94,97,96]}",{}
4.png,31850550,{},4404,2639,"{""name"":""polygon"",""all_points_x"":[2817,2817,2825,2841,2844,2826],""all_points_y"":[96,99,101,112,111,100]}",{}
4.png,31850550,{},4404,2640,"{""name"":""polygon"",""all_points_x"":[2504,2504,2514,2514],""all_points_y"":[104,108,108,107]}",{}
4.png,31850550,{},4404,2641,"{""name"":""polygon"",""all_points_x"":[2535,2532,2554,2558],""all_points_y"":[52,54,81,79]}",{}
4.png,31850550,{},4404,2642,"{""name"":""polygon"",""all_points_x"":[2600,2601,2623,2670,2730,2728,2679,2631],""all_points_y"":[65,68,62,47,23,21,38,57]}",{}
4.png,31850550,{},4404,2643,"{""name"":""polygon"",""all_points_x"":[2654,2654,2695,2702,2702],""all_points_y"":[29,32,23,22,20]}",{}
4.png,31850550,{},4404,2644,"{""name"":""polygon"",""all_points_x"":[2663,2663,2685,2685],""all_points_y"":[20,24,21,17]}",{}
4.png,31850550,{},4404,2645,"{""name"":""polygon"",""all_points_x"":[2772,2755,2757,2776],""all_points_y"":[1,12,15,4]}",{}
4.png,31850550,{},4404,2646,"{""name"":""polygon"",""all_points_x"":[2648,2593,2595,2653],""all_points_y"":[17,49,52,19]}",{}
4.png,31850550,{},4404,2647,"{""name"":""polygon"",""all_points_x"":[2666,2599,2584,2584,2605,2669],""all_points_y"":[0,38,43,46,38,2]}",{}
4.png,31850550,{},4404,2648,"{""name"":""polygon"",""all_points_x"":[2651,2585,2585,2648],""all_points_y"":[5,31,33,10]}",{}
4.png,31850550,{},4404,2649,"{""name"":""polygon"",""all_points_x"":[2642,2584,2584,2624,2642],""all_points_y"":[1,28,29,12,4]}",{}
4.png,31850550,{},4404,2650,"{""name"":""polygon"",""all_points_x"":[2546,2539,2538,2550],""all_points_y"":[41,45,47,44]}",{}
4.png,31850550,{},4404,2651,"{""name"":""polygon"",""all_points_x"":[2534,2553,2556,2536],""all_points_y"":[23,48,46,21]}",{}
4.png,31850550,{},4404,2652,"{""name"":""polygon"",""all_points_x"":[2669,2669,2690,2686],""all_points_y"":[34,31,29,33]}",{}
4.png,31850550,{},4404,2653,"{""name"":""polygon"",""all_points_x"":[2707,2691,2692,2706],""all_points_y"":[24,29,32,28]}",{}
4.png,31850550,{},4404,2654,"{""name"":""polygon"",""all_points_x"":[2712,2712,2741,2739],""all_points_y"":[9,12,5,3]}",{}
4.png,31850550,{},4404,2655,"{""name"":""polygon"",""all_points_x"":[2519,2518,2540,2541],""all_points_y"":[64,65,70,68]}",{}
4.png,31850550,{},4404,2656,"{""name"":""polygon"",""all_points_x"":[2461,2463,2468,2471,2467,2464],""all_points_y"":[361,378,396,395,380,362]}",{}
4.png,31850550,{},4404,2657,"{""name"":""polygon"",""all_points_x"":[2264,2265,2274,2274],""all_points_y"":[449,452,452,449]}",{}
4.png,31850550,{},4404,2658,"{""name"":""polygon"",""all_points_x"":[2401,2400,2428,2428],""all_points_y"":[413,418,418,413]}",{}
4.png,31850550,{},4404,2659,"{""name"":""polygon"",""all_points_x"":[2087,2094,2098,2102,2089],""all_points_y"":[237,266,280,280,237]}",{}
4.png,31850550,{},4404,2660,"{""name"":""polygon"",""all_points_x"":[2080,2087,2090,2083],""all_points_y"":[261,289,288,260]}",{}
4.png,31850550,{},4404,2661,"{""name"":""polygon"",""all_points_x"":[2033,2033,2055,2055],""all_points_y"":[331,334,342,336]}",{}
4.png,31850550,{},4404,2662,"{""name"":""polygon"",""all_points_x"":[2244,2242,2215,2215],""all_points_y"":[443,446,457,454]}",{}
4.png,31850550,{},4404,2663,"{""name"":""polygon"",""all_points_x"":[2501,2502,2487,2483],""all_points_y"":[452,456,461,459]}",{}
4.png,31850550,{},4404,2664,"{""name"":""polygon"",""all_points_x"":[3101,3102,3114,3141,3155,3154,3116],""all_points_y"":[578,582,578,576,576,573,576]}",{}
4.png,31850550,{},4404,2665,"{""name"":""polygon"",""all_points_x"":[3259,3255,3278,3278],""all_points_y"":[405,408,417,411]}",{}
4.png,31850550,{},4404,2666,"{""name"":""polygon"",""all_points_x"":[3288,3286,3308,3343,3345],""all_points_y"":[412,416,418,425,421]}",{}
4.png,31850550,{},4404,2667,"{""name"":""polygon"",""all_points_x"":[3357,3366,3368,3359],""all_points_y"":[365,412,412,364]}",{}
4.png,31850550,{},4404,2668,"{""name"":""polygon"",""all_points_x"":[3369,3369,3380,3378],""all_points_y"":[396,401,398,397]}",{}
4.png,31850550,{},4404,2669,"{""name"":""polygon"",""all_points_x"":[3358,3334,3334,3358],""all_points_y"":[398,402,404,402]}",{}
4.png,31850550,{},4404,2670,"{""name"":""polygon"",""all_points_x"":[3355,3325,3336,3357],""all_points_y"":[412,416,417,414]}",{}
4.png,31850550,{},4404,2671,"{""name"":""polygon"",""all_points_x"":[3342,3342,3360,3360],""all_points_y"":[406,407,405,402]}",{}
4.png,31850550,{},4404,2672,"{""name"":""polygon"",""all_points_x"":[3017,3000,3002,3016],""all_points_y"":[455,464,465,458]}",{}
4.png,31850550,{},4404,2673,"{""name"":""polygon"",""all_points_x"":[3104,3102,3147,3147],""all_points_y"":[588,591,582,581]}",{}
4.png,31850550,{},4404,2674,"{""name"":""polygon"",""all_points_x"":[3281,3262,3264,3283],""all_points_y"":[603,626,626,605]}",{}
4.png,31850550,{},4404,2675,"{""name"":""polygon"",""all_points_x"":[3236,3229,3232,3238],""all_points_y"":[658,668,667,658]}",{}
4.png,31850550,{},4404,2676,"{""name"":""polygon"",""all_points_x"":[3295,3296,3299,3297],""all_points_y"":[636,653,653,636]}",{}
4.png,31850550,{},4404,2677,"{""name"":""polygon"",""all_points_x"":[3382,3363,3366,3385],""all_points_y"":[669,706,706,668]}",{}
4.png,31850550,{},4404,2678,"{""name"":""polygon"",""all_points_x"":[3545,3534,3530,3533,3538,3547],""all_points_y"":[629,663,705,706,663,629]}",{}
4.png,31850550,{},4404,2679,"{""name"":""polygon"",""all_points_x"":[3627,3606,3594,3586,3587,3608,3627],""all_points_y"":[584,607,624,635,637,610,588]}",{}
4.png,31850550,{},4404,2680,"{""name"":""polygon"",""all_points_x"":[3612,3579,3579,3599,3613],""all_points_y"":[636,660,663,647,637]}",{}
4.png,31850550,{},4404,2681,"{""name"":""polygon"",""all_points_x"":[3609,3586,3568,3570,3592,3611],""all_points_y"":[643,665,679,681,664,644]}",{}
4.png,31850550,{},4404,2682,"{""name"":""polygon"",""all_points_x"":[3627,3608,3608,3629],""all_points_y"":[669,677,679,671]}",{}
4.png,31850550,{},4404,2683,"{""name"":""polygon"",""all_points_x"":[3609,3640,3641,3612],""all_points_y"":[661,676,675,660]}",{}
4.png,31850550,{},4404,2684,"{""name"":""polygon"",""all_points_x"":[3667,3632,3633,3667],""all_points_y"":[659,668,669,663]}",{}
4.png,31850550,{},4404,2685,"{""name"":""polygon"",""all_points_x"":[3492,3482,3485,3495],""all_points_y"":[693,707,709,695]}",{}
4.png,31850550,{},4404,2686,"{""name"":""polygon"",""all_points_x"":[3509,3509,3511,3512],""all_points_y"":[696,718,718,696]}",{}
4.png,31850550,{},4404,2687,"{""name"":""polygon"",""all_points_x"":[3477,3463,3467,3479],""all_points_y"":[541,552,552,543]}",{}
4.png,31850550,{},4404,2688,"{""name"":""polygon"",""all_points_x"":[3456,3419,3420,3459],""all_points_y"":[558,583,585,559]}",{}
4.png,31850550,{},4404,2689,"{""name"":""polygon"",""all_points_x"":[3442,3441,3463,3464],""all_points_y"":[557,559,558,557]}",{}
4.png,31850550,{},4404,2690,"{""name"":""polygon"",""all_points_x"":[3489,3416,3409,3429,3488],""all_points_y"":[523,558,555,545,522]}",{}
4.png,31850550,{},4404,2691,"{""name"":""polygon"",""all_points_x"":[3667,3671,3683,3723,3724,3681],""all_points_y"":[728,731,723,727,724,720]}",{}
4.png,31850550,{},4404,2692,"{""name"":""polygon"",""all_points_x"":[3518,3493,3470,3472,3497,3519],""all_points_y"":[442,464,490,491,464,446]}",{}
4.png,31850550,{},4404,2693,"{""name"":""polygon"",""all_points_x"":[3579,3552,3545,3545,3555,3580],""all_points_y"":[407,420,425,428,422,410]}",{}
4.png,31850550,{},4404,2694,"{""name"":""polygon"",""all_points_x"":[3662,3638,3638,3648,3662],""all_points_y"":[433,445,448,444,436]}",{}
4.png,31850550,{},4404,2695,"{""name"":""polygon"",""all_points_x"":[3684,3674,3678,3697,3694],""all_points_y"":[429,441,442,413,412]}",{}
4.png,31850550,{},4404,2696,"{""name"":""polygon"",""all_points_x"":[3663,3641,3641,3662],""all_points_y"":[450,458,460,454]}",{}
4.png,31850550,{},4404,2697,"{""name"":""polygon"",""all_points_x"":[3721,3701,3703,3724],""all_points_y"":[450,472,475,450]}",{}
4.png,31850550,{},4404,2698,"{""name"":""polygon"",""all_points_x"":[3658,3640,3642,3661],""all_points_y"":[458,471,472,458]}",{}
4.png,31850550,{},4404,2699,"{""name"":""polygon"",""all_points_x"":[3520,3498,3501,3521],""all_points_y"":[646,675,675,648]}",{}
4.png,31850550,{},4404,2700,"{""name"":""polygon"",""all_points_x"":[3418,3392,3398,3419],""all_points_y"":[514,542,539,516]}",{}
4.png,31850550,{},4404,2701,"{""name"":""polygon"",""all_points_x"":[3410,3396,3383,3385,3409],""all_points_y"":[514,524,536,537,518]}",{}
4.png,31850550,{},4404,2702,"{""name"":""polygon"",""all_points_x"":[3457,3428,3430,3459],""all_points_y"":[471,496,496,474]}",{}
4.png,31850550,{},4404,2703,"{""name"":""polygon"",""all_points_x"":[3481,3469,3471,3483],""all_points_y"":[444,450,452,447]}",{}
4.png,31850550,{},4404,2704,"{""name"":""polygon"",""all_points_x"":[3600,3533,3540,3603],""all_points_y"":[374,410,408,376]}",{}
4.png,31850550,{},4404,2705,"{""name"":""polygon"",""all_points_x"":[3529,3499,3458,3459,3505,3532],""all_points_y"":[412,419,436,438,422,416]}",{}
4.png,31850550,{},4404,2706,"{""name"":""polygon"",""all_points_x"":[3514,3471,3469,3470,3482,3515],""all_points_y"":[370,399,405,405,395,371]}",{}
4.png,31850550,{},4404,2707,"{""name"":""polygon"",""all_points_x"":[3547,3506,3507,3549],""all_points_y"":[310,349,350,312]}",{}
4.png,31850550,{},4404,2708,"{""name"":""polygon"",""all_points_x"":[3501,3463,3440,3443,3470,3502],""all_points_y"":[352,389,412,413,385,353]}",{}
4.png,31850550,{},4404,2709,"{""name"":""polygon"",""all_points_x"":[3545,3518,3518,3546],""all_points_y"":[336,350,351,339]}",{}
4.png,31850550,{},4404,2710,"{""name"":""polygon"",""all_points_x"":[3599,3575,3544,3545,3578,3599],""all_points_y"":[312,327,351,354,327,316]}",{}
4.png,31850550,{},4404,2711,"{""name"":""polygon"",""all_points_x"":[3634,3603,3603,3637],""all_points_y"":[289,309,311,290]}",{}
4.png,31850550,{},4404,2712,"{""name"":""polygon"",""all_points_x"":[3602,3600,3602,3603,3604,3605],""all_points_y"":[297,317,340,340,315,297]}",{}
4.png,31850550,{},4404,2713,"{""name"":""polygon"",""all_points_x"":[3502,3501,3524,3550,3550,3507],""all_points_y"":[301,304,301,301,299,301]}",{}
4.png,31850550,{},4404,2714,"{""name"":""polygon"",""all_points_x"":[3507,3506,3553,3553],""all_points_y"":[295,297,296,294]}",{}
4.png,31850550,{},4404,2715,"{""name"":""polygon"",""all_points_x"":[3575,3572,3591,3592],""all_points_y"":[292,295,295,294]}",{}
4.png,31850550,{},4404,2716,"{""name"":""polygon"",""all_points_x"":[3510,3510,3538,3584,3584,3529],""all_points_y"":[387,388,382,373,372,381]}",{}
4.png,31850550,{},4404,2717,"{""name"":""polygon"",""all_points_x"":[3501,3502,3523,3522],""all_points_y"":[396,394,389,391]}",{}
4.png,31850550,{},4404,2718,"{""name"":""polygon"",""all_points_x"":[3530,3531,3587,3586],""all_points_y"":[386,389,375,374]}",{}
4.png,31850550,{},4404,2719,"{""name"":""polygon"",""all_points_x"":[3647,3630,3608,3609,3637,3649],""all_points_y"":[335,344,354,355,344,337]}",{}
4.png,31850550,{},4404,2720,"{""name"":""polygon"",""all_points_x"":[3639,3614,3615,3640],""all_points_y"":[355,366,368,357]}",{}
4.png,31850550,{},4404,2721,"{""name"":""polygon"",""all_points_x"":[3637,3623,3625,3639],""all_points_y"":[395,415,416,396]}",{}
4.png,31850550,{},4404,2722,"{""name"":""polygon"",""all_points_x"":[3368,3367,3389,3422,3437,3451,3452,3399],""all_points_y"":[351,352,373,405,420,435,434,380]}",{}
4.png,31850550,{},4404,2723,"{""name"":""polygon"",""all_points_x"":[3391,3390,3417,3419],""all_points_y"":[365,366,393,391]}",{}
4.png,31850550,{},4404,2724,"{""name"":""polygon"",""all_points_x"":[3474,3436,3438,3477],""all_points_y"":[371,395,397,373]}",{}
4.png,31850550,{},4404,2725,"{""name"":""polygon"",""all_points_x"":[3468,3470,3471,3475,3475,3470],""all_points_y"":[324,340,359,358,336,322]}",{}
4.png,31850550,{},4404,2726,"{""name"":""polygon"",""all_points_x"":[3505,3466,3467,3505],""all_points_y"":[428,445,448,432]}",{}
4.png,31850550,{},4404,2727,"{""name"":""polygon"",""all_points_x"":[3462,3433,3433,3464],""all_points_y"":[454,468,470,456]}",{}
4.png,31850550,{},4404,2728,"{""name"":""polygon"",""all_points_x"":[3412,3412,3434,3433],""all_points_y"":[416,419,420,418]}",{}
4.png,31850550,{},4404,2729,"{""name"":""polygon"",""all_points_x"":[3439,3439,3445,3451,3454,3445],""all_points_y"":[417,419,420,422,420,418]}",{}
4.png,31850550,{},4404,2730,"{""name"":""polygon"",""all_points_x"":[3253,3251,3274,3275],""all_points_y"":[482,483,495,492]}",{}
4.png,31850550,{},4404,2731,"{""name"":""polygon"",""all_points_x"":[3375,3377,3395,3390],""all_points_y"":[834,836,828,826]}",{}
4.png,31850550,{},4404,2732,"{""name"":""polygon"",""all_points_x"":[3693,3694,3732,3731],""all_points_y"":[919,921,904,900]}",{}
4.png,31850550,{},4404,2733,"{""name"":""polygon"",""all_points_x"":[3748,3723,3727,3750],""all_points_y"":[878,902,899,880]}",{}
4.png,31850550,{},4404,2734,"{""name"":""polygon"",""all_points_x"":[3145,3110,3113,3147],""all_points_y"":[998,1030,1032,1000]}",{}
4.png,31850550,{},4404,2735,"{""name"":""polygon"",""all_points_x"":[3736,3722,3700,3704,3722,3740],""all_points_y"":[943,957,985,985,958,944]}",{}
4.png,31850550,{},4404,2736,"{""name"":""polygon"",""all_points_x"":[3700,3678,3681,3703],""all_points_y"":[952,1000,999,953]}",{}
4.png,31850550,{},4404,2737,"{""name"":""polygon"",""all_points_x"":[3677,3633,3635,3679],""all_points_y"":[1005,1062,1063,1006]}",{}
4.png,31850550,{},4404,2738,"{""name"":""polygon"",""all_points_x"":[3629,3611,3616,3630],""all_points_y"":[1067,1089,1088,1068]}",{}
4.png,31850550,{},4404,2739,"{""name"":""polygon"",""all_points_x"":[3694,3684,3651,3655,3685,3697],""all_points_y"":[1008,1027,1073,1074,1032,1006]}",{}
4.png,31850550,{},4404,2740,"{""name"":""polygon"",""all_points_x"":[3659,3636,3639,3657,3663],""all_points_y"":[1075,1105,1106,1085,1072]}",{}
4.png,31850550,{},4404,2741,"{""name"":""polygon"",""all_points_x"":[3686,3665,3667,3688],""all_points_y"":[1066,1090,1090,1069]}",{}
4.png,31850550,{},4404,2742,"{""name"":""polygon"",""all_points_x"":[3726,3690,3693,3728],""all_points_y"":[1024,1061,1062,1025]}",{}
4.png,31850550,{},4404,2743,"{""name"":""polygon"",""all_points_x"":[3745,3746,3748,3751,3748,3748],""all_points_y"":[1047,1074,1090,1090,1072,1047]}",{}
4.png,31850550,{},4404,2744,"{""name"":""polygon"",""all_points_x"":[3751,3748,3750,3753],""all_points_y"":[1059,1069,1071,1060]}",{}
4.png,31850550,{},4404,2745,"{""name"":""polygon"",""all_points_x"":[3744,3738,3740,3745],""all_points_y"":[1086,1108,1110,1086]}",{}
4.png,31850550,{},4404,2746,"{""name"":""polygon"",""all_points_x"":[3757,3733,3718,3704,3708,3725,3758],""all_points_y"":[1095,1139,1167,1190,1191,1160,1096]}",{}
4.png,31850550,{},4404,2747,"{""name"":""polygon"",""all_points_x"":[3693,3665,3667,3695],""all_points_y"":[1083,1103,1104,1085]}",{}
4.png,31850550,{},4404,2748,"{""name"":""polygon"",""all_points_x"":[3695,3642,3644,3676,3698],""all_points_y"":[1129,1218,1221,1167,1130]}",{}
4.png,31850550,{},4404,2749,"{""name"":""polygon"",""all_points_x"":[3660,3656,3658,3662],""all_points_y"":[1153,1190,1188,1153]}",{}
4.png,31850550,{},4404,2750,"{""name"":""polygon"",""all_points_x"":[3674,3673,3676,3677],""all_points_y"":[1134,1149,1149,1133]}",{}
4.png,31850550,{},4404,2751,"{""name"":""polygon"",""all_points_x"":[3666,3655,3655,3666],""all_points_y"":[1132,1139,1142,1135]}",{}
4.png,31850550,{},4404,2752,"{""name"":""polygon"",""all_points_x"":[3650,3646,3647,3653],""all_points_y"":[1176,1200,1200,1175]}",{}
4.png,31850550,{},4404,2753,"{""name"":""polygon"",""all_points_x"":[3707,3657,3660,3710],""all_points_y"":[1211,1260,1261,1213]}",{}
4.png,31850550,{},4404,2754,"{""name"":""polygon"",""all_points_x"":[3766,3737,3741,3768],""all_points_y"":[1185,1264,1264,1187]}",{}
4.png,31850550,{},4404,2755,"{""name"":""polygon"",""all_points_x"":[3767,3760,3764,3771],""all_points_y"":[1222,1250,1251,1224]}",{}
4.png,31850550,{},4404,2756,"{""name"":""polygon"",""all_points_x"":[3797,3766,3769,3801],""all_points_y"":[1181,1258,1258,1179]}",{}
4.png,31850550,{},4404,2757,"{""name"":""polygon"",""all_points_x"":[3608,3603,3608,3610],""all_points_y"":[1021,1040,1038,1021]}",{}
4.png,31850550,{},4404,2758,"{""name"":""polygon"",""all_points_x"":[3506,3484,3486,3510],""all_points_y"":[1176,1214,1214,1177]}",{}
4.png,31850550,{},4404,2759,"{""name"":""polygon"",""all_points_x"":[3502,3483,3483,3502],""all_points_y"":[1168,1169,1171,1169]}",{}
4.png,31850550,{},4404,2760,"{""name"":""polygon"",""all_points_x"":[3488,3481,3481,3490],""all_points_y"":[1175,1195,1195,1175]}",{}
4.png,31850550,{},4404,2761,"{""name"":""polygon"",""all_points_x"":[3475,3476,3468,3470,3479,3479],""all_points_y"":[1187,1208,1226,1226,1208,1185]}",{}
4.png,31850550,{},4404,2762,"{""name"":""polygon"",""all_points_x"":[3496,3482,3482,3499],""all_points_y"":[1208,1220,1222,1208]}",{}
4.png,31850550,{},4404,2763,"{""name"":""polygon"",""all_points_x"":[3480,3468,3469,3482],""all_points_y"":[1213,1241,1243,1214]}",{}
4.png,31850550,{},4404,2764,"{""name"":""polygon"",""all_points_x"":[3525,3509,3511,3529],""all_points_y"":[1220,1260,1261,1221]}",{}
4.png,31850550,{},4404,2765,"{""name"":""polygon"",""all_points_x"":[3561,3563,3580,3579],""all_points_y"":[1235,1239,1232,1229]}",{}
4.png,31850550,{},4404,2766,"{""name"":""polygon"",""all_points_x"":[3662,3598,3599,3663],""all_points_y"":[1229,1294,1296,1231]}",{}
4.png,31850550,{},4404,2767,"{""name"":""polygon"",""all_points_x"":[3680,3637,3625,3622,3638,3680],""all_points_y"":[1232,1264,1272,1276,1267,1234]}",{}
4.png,31850550,{},4404,2768,"{""name"":""polygon"",""all_points_x"":[3699,3677,3678,3702],""all_points_y"":[1245,1272,1273,1245]}",{}
4.png,31850550,{},4404,2769,"{""name"":""polygon"",""all_points_x"":[3671,3653,3653,3670],""all_points_y"":[1267,1272,1275,1269]}",{}
4.png,31850550,{},4404,2770,"{""name"":""polygon"",""all_points_x"":[3672,3637,3641,3674],""all_points_y"":[1276,1323,1323,1278]}",{}
4.png,31850550,{},4404,2771,"{""name"":""polygon"",""all_points_x"":[3695,3657,3661,3697],""all_points_y"":[1276,1361,1361,1278]}",{}
4.png,31850550,{},4404,2772,"{""name"":""polygon"",""all_points_x"":[3577,3590,3604,3608,3590,3579],""all_points_y"":[1319,1380,1438,1438,1368,1319]}",{}
4.png,31850550,{},4404,2773,"{""name"":""polygon"",""all_points_x"":[3553,3555,3577,3574],""all_points_y"":[1257,1259,1237,1236]}",{}
4.png,31850550,{},4404,2774,"{""name"":""polygon"",""all_points_x"":[3575,3539,3543,3576],""all_points_y"":[1253,1287,1287,1256]}",{}
4.png,31850550,{},4404,2775,"{""name"":""polygon"",""all_points_x"":[3608,3590,3592,3611],""all_points_y"":[1255,1284,1284,1256]}",{}
4.png,31850550,{},4404,2776,"{""name"":""polygon"",""all_points_x"":[3585,3583,3585,3588],""all_points_y"":[1283,1304,1304,1284]}",{}
4.png,31850550,{},4404,2777,"{""name"":""polygon"",""all_points_x"":[3631,3610,3609,3630],""all_points_y"":[1281,1288,1292,1284]}",{}
4.png,31850550,{},4404,2778,"{""name"":""polygon"",""all_points_x"":[3705,3700,3703,3708],""all_points_y"":[1274,1308,1311,1274]}",{}
4.png,31850550,{},4404,2779,"{""name"":""polygon"",""all_points_x"":[3710,3714,3717,3712],""all_points_y"":[1268,1344,1344,1267]}",{}
4.png,31850550,{},4404,2780,"{""name"":""polygon"",""all_points_x"":[3752,3743,3744,3747,3749,3754],""all_points_y"":[1280,1359,1366,1366,1325,1282]}",{}
4.png,31850550,{},4404,2781,"{""name"":""polygon"",""all_points_x"":[3758,3761,3750,3750],""all_points_y"":[1425,1427,1324,1353]}",{}
4.png,31850550,{},4404,2782,"{""name"":""polygon"",""all_points_x"":[3766,3768,3774,3814,3810,3780,3769],""all_points_y"":[1341,1339,1360,1474,1475,1385,1358]}",{}
4.png,31850550,{},4404,2783,"{""name"":""polygon"",""all_points_x"":[3839,3799,3801,3843],""all_points_y"":[1309,1384,1385,1311]}",{}
4.png,31850550,{},4404,2784,"{""name"":""polygon"",""all_points_x"":[3789,3787,3806,3807],""all_points_y"":[1372,1374,1395,1392]}",{}
4.png,31850550,{},4404,2785,"{""name"":""polygon"",""all_points_x"":[3797,3790,3791,3799],""all_points_y"":[1389,1400,1402,1389]}",{}
4.png,31850550,{},4404,2786,"{""name"":""polygon"",""all_points_x"":[3786,3780,3782,3789,3789],""all_points_y"":[1419,1456,1456,1432,1423]}",{}
4.png,31850550,{},4404,2787,"{""name"":""polygon"",""all_points_x"":[3780,3776,3778,3783],""all_points_y"":[1400,1431,1431,1400]}",{}
4.png,31850550,{},4404,2788,"{""name"":""polygon"",""all_points_x"":[3790,3782,3784,3793],""all_points_y"":[1309,1383,1384,1308]}",{}
4.png,31850550,{},4404,2789,"{""name"":""polygon"",""all_points_x"":[3550,3548,3551,3554,3553,3552],""all_points_y"":[1287,1323,1372,1370,1326,1286]}",{}
4.png,31850550,{},4404,2790,"{""name"":""polygon"",""all_points_x"":[3629,3621,3614,3617,3624,3630],""all_points_y"":[1296,1310,1330,1329,1312,1297]}",{}
4.png,31850550,{},4404,2791,"{""name"":""polygon"",""all_points_x"":[3683,3686,3688,3691,3685],""all_points_y"":[1319,1355,1385,1386,1318]}",{}
4.png,31850550,{},4404,2792,"{""name"":""polygon"",""all_points_x"":[3732,3735,3737,3735],""all_points_y"":[1311,1395,1395,1313]}",{}
4.png,31850550,{},4404,2793,"{""name"":""polygon"",""all_points_x"":[3806,3800,3803,3808],""all_points_y"":[1290,1329,1329,1293]}",{}
4.png,31850550,{},4404,2794,"{""name"":""polygon"",""all_points_x"":[3806,3820,3821,3808],""all_points_y"":[1264,1335,1334,1264]}",{}
4.png,31850550,{},4404,2795,"{""name"":""polygon"",""all_points_x"":[3814,3822,3826,3818],""all_points_y"":[1248,1310,1308,1251]}",{}
4.png,31850550,{},4404,2796,"{""name"":""polygon"",""all_points_x"":[3530,3529,3533,3532],""all_points_y"":[1350,1453,1454,1348]}",{}
4.png,31850550,{},4404,2797,"{""name"":""polygon"",""all_points_x"":[3538,3550,3552,3540],""all_points_y"":[1374,1417,1416,1372]}",{}
4.png,31850550,{},4404,2798,"{""name"":""polygon"",""all_points_x"":[3538,3539,3539,3537],""all_points_y"":[1438,1438,1419,1417]}",{}
4.png,31850550,{},4404,2799,"{""name"":""polygon"",""all_points_x"":[3534,3535,3538,3535],""all_points_y"":[1374,1409,1410,1374]}",{}
4.png,31850550,{},4404,2800,"{""name"":""polygon"",""all_points_x"":[3518,3516,3517,3519,3521],""all_points_y"":[1436,1464,1491,1490,1436]}",{}
4.png,31850550,{},4404,2801,"{""name"":""polygon"",""all_points_x"":[3500,3504,3507,3502],""all_points_y"":[1470,1494,1493,1470]}",{}
4.png,31850550,{},4404,2802,"{""name"":""polygon"",""all_points_x"":[3490,3485,3488,3493],""all_points_y"":[1428,1458,1458,1428]}",{}
4.png,31850550,{},4404,2803,"{""name"":""polygon"",""all_points_x"":[3298,3272,3274,3302],""all_points_y"":[1375,1400,1400,1377]}",{}
4.png,31850550,{},4404,2804,"{""name"":""polygon"",""all_points_x"":[3071,3051,3049,3073],""all_points_y"":[1360,1375,1379,1362]}",{}
4.png,31850550,{},4404,2805,"{""name"":""polygon"",""all_points_x"":[3073,3039,3042,3075],""all_points_y"":[1235,1266,1268,1236]}",{}
4.png,31850550,{},4404,2806,"{""name"":""polygon"",""all_points_x"":[3130,3090,3090,3133],""all_points_y"":[1256,1277,1279,1258]}",{}
4.png,31850550,{},4404,2807,"{""name"":""polygon"",""all_points_x"":[3120,3116,3139,3140],""all_points_y"":[1251,1256,1257,1253]}",{}
4.png,31850550,{},4404,2808,"{""name"":""polygon"",""all_points_x"":[3053,3011,3011,3054],""all_points_y"":[1306,1329,1331,1309]}",{}
4.png,31850550,{},4404,2809,"{""name"":""polygon"",""all_points_x"":[3138,3108,3085,3085,3139],""all_points_y"":[1268,1289,1307,1312,1269]}",{}
4.png,31850550,{},4404,2810,"{""name"":""polygon"",""all_points_x"":[3111,3066,3066,3117],""all_points_y"":[1280,1304,1308,1279]}",{}
4.png,31850550,{},4404,2811,"{""name"":""polygon"",""all_points_x"":[3042,3027,3028,3044],""all_points_y"":[1324,1341,1342,1325]}",{}
4.png,31850550,{},4404,2812,"{""name"":""polygon"",""all_points_x"":[3047,3031,3031,3048],""all_points_y"":[1335,1344,1347,1336]}",{}
4.png,31850550,{},4404,2813,"{""name"":""polygon"",""all_points_x"":[3016,2996,2998,3020],""all_points_y"":[1352,1378,1379,1353]}",{}
4.png,31850550,{},4404,2814,"{""name"":""polygon"",""all_points_x"":[2988,2996,3000,2990],""all_points_y"":[1391,1434,1433,1391]}",{}
4.png,31850550,{},4404,2815,"{""name"":""polygon"",""all_points_x"":[2904,2893,2897,2906],""all_points_y"":[1225,1264,1263,1228]}",{}
4.png,31850550,{},4404,2816,"{""name"":""polygon"",""all_points_x"":[2801,2803,2847,2880,2880,2852],""all_points_y"":[1262,1265,1238,1224,1221,1231]}",{}
4.png,31850550,{},4404,2817,"{""name"":""polygon"",""all_points_x"":[2830,2815,2817,2831],""all_points_y"":[1214,1235,1235,1218]}",{}
4.png,31850550,{},4404,2818,"{""name"":""polygon"",""all_points_x"":[2862,2854,2856,2863],""all_points_y"":[1157,1180,1181,1160]}",{}
4.png,31850550,{},4404,2819,"{""name"":""polygon"",""all_points_x"":[2930,2912,2914,2932],""all_points_y"":[1155,1186,1187,1156]}",{}
4.png,31850550,{},4404,2820,"{""name"":""polygon"",""all_points_x"":[3043,3020,3022,3047],""all_points_y"":[1065,1089,1091,1064]}",{}
4.png,31850550,{},4404,2821,"{""name"":""polygon"",""all_points_x"":[3022,3006,3009,3024],""all_points_y"":[1069,1090,1090,1071]}",{}
4.png,31850550,{},4404,2822,"{""name"":""polygon"",""all_points_x"":[2997,2988,2990,2999],""all_points_y"":[1082,1096,1097,1082]}",{}
4.png,31850550,{},4404,2823,"{""name"":""polygon"",""all_points_x"":[3027,2991,2992,3029],""all_points_y"":[906,925,929,909]}",{}
4.png,31850550,{},4404,2824,"{""name"":""polygon"",""all_points_x"":[3060,3021,3022,3057],""all_points_y"":[812,829,830,816]}",{}
4.png,31850550,{},4404,2825,"{""name"":""polygon"",""all_points_x"":[3094,3086,3089,3094],""all_points_y"":[797,802,803,801]}",{}
4.png,31850550,{},4404,2826,"{""name"":""polygon"",""all_points_x"":[3081,3071,3074,3082],""all_points_y"":[804,811,812,808]}",{}
4.png,31850550,{},4404,2827,"{""name"":""polygon"",""all_points_x"":[3195,3162,3164,3198],""all_points_y"":[1328,1348,1349,1330]}",{}
4.png,31850550,{},4404,2828,"{""name"":""polygon"",""all_points_x"":[3173,3155,3155,3173],""all_points_y"":[1333,1341,1343,1335]}",{}
4.png,31850550,{},4404,2829,"{""name"":""polygon"",""all_points_x"":[3104,3082,3082,3106],""all_points_y"":[1510,1518,1521,1513]}",{}
4.png,31850550,{},4404,2830,"{""name"":""polygon"",""all_points_x"":[3070,3041,3040,3073],""all_points_y"":[1617,1627,1630,1620]}",{}
4.png,31850550,{},4404,2831,"{""name"":""polygon"",""all_points_x"":[3089,3085,3087,3091],""all_points_y"":[1590,1611,1612,1590]}",{}
4.png,31850550,{},4404,2832,"{""name"":""polygon"",""all_points_x"":[3164,3163,3167,3168],""all_points_y"":[1890,2020,2020,1890]}",{}
4.png,31850550,{},4404,2833,"{""name"":""polygon"",""all_points_x"":[3106,3105,3128,3129],""all_points_y"":[1822,1824,1860,1858]}",{}
4.png,31850550,{},4404,2834,"{""name"":""polygon"",""all_points_x"":[3111,3111,3134,3137],""all_points_y"":[1822,1823,1866,1863]}",{}
4.png,31850550,{},4404,2835,"{""name"":""polygon"",""all_points_x"":[3177,3175,3207,3210],""all_points_y"":[1865,1868,1904,1902]}",{}
4.png,31850550,{},4404,2836,"{""name"":""polygon"",""all_points_x"":[3243,3230,3232,3245],""all_points_y"":[1904,1956,1958,1906]}",{}
4.png,31850550,{},4404,2837,"{""name"":""polygon"",""all_points_x"":[3463,3467,3470,3466],""all_points_y"":[1720,1762,1762,1720]}",{}
4.png,31850550,{},4404,2838,"{""name"":""polygon"",""all_points_x"":[3117,3139,3141,3120],""all_points_y"":[1910,1970,1968,1908]}",{}
4.png,31850550,{},4404,2839,"{""name"":""polygon"",""all_points_x"":[3133,3131,3158,3161],""all_points_y"":[1890,1893,1918,1916]}",{}
4.png,31850550,{},4404,2840,"{""name"":""polygon"",""all_points_x"":[3171,3169,3201,3203],""all_points_y"":[1923,1926,1952,1950]}",{}
4.png,31850550,{},4404,2841,"{""name"":""polygon"",""all_points_x"":[3076,3082,3083,3079],""all_points_y"":[1839,1887,1888,1840]}",{}
4.png,31850550,{},4404,2842,"{""name"":""polygon"",""all_points_x"":[3321,3325,3327,3322],""all_points_y"":[1954,1985,1983,1954]}",{}
4.png,31850550,{},4404,2843,"{""name"":""polygon"",""all_points_x"":[3337,3336,3349,3352],""all_points_y"":[1978,1980,2023,2020]}",{}
4.png,31850550,{},4404,2844,"{""name"":""polygon"",""all_points_x"":[3328,3343,3346,3330],""all_points_y"":[2009,2040,2038,2006]}",{}
4.png,31850550,{},4404,2845,"{""name"":""polygon"",""all_points_x"":[3288,3288,3288,3290,3292],""all_points_y"":[1982,2082,2125,2125,1982]}",{}
4.png,31850550,{},4404,2846,"{""name"":""polygon"",""all_points_x"":[3295,3294,3327,3331],""all_points_y"":[2068,2078,2180,2176]}",{}
4.png,31850550,{},4404,2847,"{""name"":""polygon"",""all_points_x"":[3170,3172,3175,3172],""all_points_y"":[1992,2025,2025,1994]}",{}
4.png,31850550,{},4404,2848,"{""name"":""polygon"",""all_points_x"":[3071,3066,3068,3074],""all_points_y"":[1995,2017,2018,1995]}",{}
4.png,31850550,{},4404,2849,"{""name"":""polygon"",""all_points_x"":[3062,3060,3063,3066],""all_points_y"":[2027,2033,2035,2029]}",{}
4.png,31850550,{},4404,2850,"{""name"":""polygon"",""all_points_x"":[3057,3063,3066,3060],""all_points_y"":[2070,2110,2107,2070]}",{}
4.png,31850550,{},4404,2851,"{""name"":""polygon"",""all_points_x"":[3047,3044,3042,3044,3047,3049],""all_points_y"":[2082,2103,2140,2139,2113,2083]}",{}
4.png,31850550,{},4404,2852,"{""name"":""polygon"",""all_points_x"":[2981,2978,2981,2984],""all_points_y"":[2066,2103,2102,2068]}",{}
4.png,31850550,{},4404,2853,"{""name"":""polygon"",""all_points_x"":[3194,3191,3212,3216],""all_points_y"":[1898,1899,1931,1931]}",{}
4.png,31850550,{},4404,2854,"{""name"":""polygon"",""all_points_x"":[3131,3129,3161,3162],""all_points_y"":[1819,1821,1856,1854]}",{}
4.png,31850550,{},4404,2855,"{""name"":""polygon"",""all_points_x"":[3196,3194,3197,3198],""all_points_y"":[1690,1722,1722,1692]}",{}
4.png,31850550,{},4404,2856,"{""name"":""polygon"",""all_points_x"":[3326,3320,3322,3327],""all_points_y"":[1537,1560,1561,1540]}",{}
4.png,31850550,{},4404,2857,"{""name"":""polygon"",""all_points_x"":[3305,3304,3306,3307],""all_points_y"":[1550,1580,1580,1550]}",{}
4.png,31850550,{},4404,2858,"{""name"":""polygon"",""all_points_x"":[3345,3338,3342,3348],""all_points_y"":[1501,1526,1527,1502]}",{}
4.png,31850550,{},4404,2859,"{""name"":""polygon"",""all_points_x"":[3335,3326,3328,3338],""all_points_y"":[1538,1576,1578,1539]}",{}
4.png,31850550,{},4404,2860,"{""name"":""polygon"",""all_points_x"":[2929,2904,2904,2932],""all_points_y"":[1462,1485,1487,1464]}",{}
4.png,31850550,{},4404,2861,"{""name"":""polygon"",""all_points_x"":[3844,3810,3813,3844],""all_points_y"":[921,958,959,926]}",{}
4.png,31850550,{},4404,2862,"{""name"":""polygon"",""all_points_x"":[3883,3842,3843,3886],""all_points_y"":[912,961,961,911]}",{}
4.png,31850550,{},4404,2863,"{""name"":""polygon"",""all_points_x"":[3884,3855,3860,3887],""all_points_y"":[949,991,994,950]}",{}
4.png,31850550,{},4404,2864,"{""name"":""polygon"",""all_points_x"":[3946,3926,3872,3874,3929,3947],""all_points_y"":[951,962,1003,1005,962,952]}",{}
4.png,31850550,{},4404,2865,"{""name"":""polygon"",""all_points_x"":[3936,3870,3872,3938],""all_points_y"":[973,1020,1023,974]}",{}
4.png,31850550,{},4404,2866,"{""name"":""polygon"",""all_points_x"":[3920,3870,3872,3924],""all_points_y"":[1029,1069,1072,1031]}",{}
4.png,31850550,{},4404,2867,"{""name"":""polygon"",""all_points_x"":[4001,3977,3977,4006],""all_points_y"":[985,999,1001,988]}",{}
4.png,31850550,{},4404,2868,"{""name"":""polygon"",""all_points_x"":[3967,3956,3958,3964],""all_points_y"":[1005,1008,1010,1009]}",{}
4.png,31850550,{},4404,2869,"{""name"":""polygon"",""all_points_x"":[3532,3532,3536,3534],""all_points_y"":[1083,1098,1096,1085]}",{}
4.png,31850550,{},4404,2870,"{""name"":""polygon"",""all_points_x"":[3538,3536,3541,3544],""all_points_y"":[1107,1108,1126,1125]}",{}
4.png,31850550,{},4404,2871,"{""name"":""polygon"",""all_points_x"":[3846,3788,3790,3845],""all_points_y"":[1044,1094,1096,1049]}",{}
4.png,31850550,{},4404,2872,"{""name"":""polygon"",""all_points_x"":[3847,3822,3817,3839],""all_points_y"":[996,1053,1054,1006]}",{}
4.png,31850550,{},4404,2873,"{""name"":""polygon"",""all_points_x"":[3833,3812,3814,3837],""all_points_y"":[1012,1053,1055,1010]}",{}
4.png,31850550,{},4404,2874,"{""name"":""polygon"",""all_points_x"":[3845,3823,3802,3805,3836,3846],""all_points_y"":[993,1018,1045,1048,1009,996]}",{}
4.png,31850550,{},4404,2875,"{""name"":""polygon"",""all_points_x"":[3858,3843,3844,3860],""all_points_y"":[1026,1061,1062,1026]}",{}
4.png,31850550,{},4404,2876,"{""name"":""polygon"",""all_points_x"":[3913,3899,3897,3894,3897,3901,3904,3915],""all_points_y"":[1106,1171,1175,1206,1205,1173,1161,1106]}",{}
4.png,31850550,{},4404,2877,"{""name"":""polygon"",""all_points_x"":[3892,3888,3888,3891,3892,3893],""all_points_y"":[1111,1143,1193,1192,1148,1111]}",{}
4.png,31850550,{},4404,2878,"{""name"":""polygon"",""all_points_x"":[3944,3928,3919,3925,3945],""all_points_y"":[1088,1133,1170,1158,1088]}",{}
4.png,31850550,{},4404,2879,"{""name"":""polygon"",""all_points_x"":[3950,3940,3922,3920,3935,3946],""all_points_y"":[1085,1125,1177,1173,1129,1085]}",{}
4.png,31850550,{},4404,2880,"{""name"":""polygon"",""all_points_x"":[3970,3922,3925,3973],""all_points_y"":[1109,1208,1208,1111]}",{}
4.png,31850550,{},4404,2881,"{""name"":""polygon"",""all_points_x"":[3972,3925,3928,3974],""all_points_y"":[1124,1212,1214,1127]}",{}
4.png,31850550,{},4404,2882,"{""name"":""polygon"",""all_points_x"":[3968,3958,3961,3970],""all_points_y"":[1161,1199,1198,1161]}",{}
4.png,31850550,{},4404,2883,"{""name"":""polygon"",""all_points_x"":[3980,3982,3991,3995,3985,3983],""all_points_y"":[1128,1192,1227,1224,1181,1126]}",{}
4.png,31850550,{},4404,2884,"{""name"":""polygon"",""all_points_x"":[3983,3986,3988,3987],""all_points_y"":[1120,1186,1186,1120]}",{}
4.png,31850550,{},4404,2885,"{""name"":""polygon"",""all_points_x"":[3999,4018,4020,4002],""all_points_y"":[1169,1245,1246,1170]}",{}
4.png,31850550,{},4404,2886,"{""name"":""polygon"",""all_points_x"":[4030,4025,4028,4033],""all_points_y"":[1190,1243,1244,1192]}",{}
4.png,31850550,{},4404,2887,"{""name"":""polygon"",""all_points_x"":[4072,4066,4031,4033,4071],""all_points_y"":[1135,1142,1214,1218,1140]}",{}
4.png,31850550,{},4404,2888,"{""name"":""polygon"",""all_points_x"":[4064,4103,4100,4047,4049],""all_points_y"":[1205,1237,1240,1193,1190]}",{}
4.png,31850550,{},4404,2889,"{""name"":""polygon"",""all_points_x"":[4047,4043,4079,4081],""all_points_y"":[1199,1202,1235,1233]}",{}
4.png,31850550,{},4404,2890,"{""name"":""polygon"",""all_points_x"":[4118,4082,4086,4122],""all_points_y"":[1028,1153,1150,1026]}",{}
4.png,31850550,{},4404,2891,"{""name"":""polygon"",""all_points_x"":[4110,4071,4073,4113],""all_points_y"":[1039,1118,1121,1038]}",{}
4.png,31850550,{},4404,2892,"{""name"":""polygon"",""all_points_x"":[4098,4101,4098,4095],""all_points_y"":[1076,1085,1087,1077]}",{}
4.png,31850550,{},4404,2893,"{""name"":""polygon"",""all_points_x"":[4110,4064,4068,4112],""all_points_y"":[1025,1118,1118,1027]}",{}
4.png,31850550,{},4404,2894,"{""name"":""polygon"",""all_points_x"":[4082,4088,4090,4086],""all_points_y"":[1051,1063,1061,1048]}",{}
4.png,31850550,{},4404,2895,"{""name"":""polygon"",""all_points_x"":[4118,4116,4103,4103],""all_points_y"":[1137,1137,1096,1093]}",{}
4.png,31850550,{},4404,2896,"{""name"":""polygon"",""all_points_x"":[4141,4132,4125,4117,4120,4128,4142],""all_points_y"":[1119,1134,1151,1180,1180,1148,1121]}",{}
4.png,31850550,{},4404,2897,"{""name"":""polygon"",""all_points_x"":[4013,4038,4041,4015],""all_points_y"":[1078,1143,1143,1078]}",{}
4.png,31850550,{},4404,2898,"{""name"":""polygon"",""all_points_x"":[4026,4040,4042,4028],""all_points_y"":[1081,1124,1122,1079]}",{}
4.png,31850550,{},4404,2899,"{""name"":""polygon"",""all_points_x"":[4038,4046,4048,4041],""all_points_y"":[1095,1151,1151,1096]}",{}
4.png,31850550,{},4404,2900,"{""name"":""polygon"",""all_points_x"":[4047,4045,4066,4067],""all_points_y"":[1071,1072,1101,1100]}",{}
4.png,31850550,{},4404,2901,"{""name"":""polygon"",""all_points_x"":[4027,4026,4054,4054],""all_points_y"":[1146,1149,1164,1160]}",{}
4.png,31850550,{},4404,2902,"{""name"":""polygon"",""all_points_x"":[4063,4062,4076,4074],""all_points_y"":[1164,1166,1172,1170]}",{}
4.png,31850550,{},4404,2903,"{""name"":""polygon"",""all_points_x"":[4084,4084,4096,4096],""all_points_y"":[1173,1177,1181,1180]}",{}
4.png,31850550,{},4404,2904,"{""name"":""polygon"",""all_points_x"":[4068,4066,4086,4110,4114],""all_points_y"":[1154,1155,1185,1217,1219]}",{}
4.png,31850550,{},4404,2905,"{""name"":""polygon"",""all_points_x"":[4148,4111,4112,4148],""all_points_y"":[1161,1188,1192,1163]}",{}
4.png,31850550,{},4404,2906,"{""name"":""polygon"",""all_points_x"":[4153,4150,4172,4174],""all_points_y"":[1166,1167,1196,1195]}",{}
4.png,31850550,{},4404,2907,"{""name"":""polygon"",""all_points_x"":[3967,3964,3974,3977],""all_points_y"":[1236,1240,1268,1267]}",{}
4.png,31850550,{},4404,2908,"{""name"":""polygon"",""all_points_x"":[1967,1966,2010,2010],""all_points_y"":[684,687,690,688]}",{}
4.png,31850550,{},4404,2909,"{""name"":""polygon"",""all_points_x"":[4137,4133,4172,4174],""all_points_y"":[989,991,1055,1054]}",{}
4.png,31850550,{},4404,2910,"{""name"":""polygon"",""all_points_x"":[4175,4172,4174,4179],""all_points_y"":[1033,1114,1115,1033]}",{}
4.png,31850550,{},4404,2911,"{""name"":""polygon"",""all_points_x"":[4201,4206,4209,4205],""all_points_y"":[960,1019,1019,960]}",{}
4.png,31850550,{},4404,2912,"{""name"":""polygon"",""all_points_x"":[4174,4173,4197,4208,4210,4187],""all_points_y"":[997,998,1040,1054,1051,1014]}",{}
4.png,31850550,{},4404,2913,"{""name"":""polygon"",""all_points_x"":[4219,4218,4231,4232],""all_points_y"":[1062,1065,1079,1079]}",{}
4.png,31850550,{},4404,2914,"{""name"":""polygon"",""all_points_x"":[4183,4181,4220,4220],""all_points_y"":[1054,1056,1080,1077]}",{}
4.png,31850550,{},4404,2915,"{""name"":""polygon"",""all_points_x"":[4156,4164,4169,4171,4158],""all_points_y"":[954,1011,1038,1037,954]}",{}
4.png,31850550,{},4404,2916,"{""name"":""polygon"",""all_points_x"":[4191,4175,4177,4193],""all_points_y"":[930,975,976,932]}",{}
4.png,31850550,{},4404,2917,"{""name"":""polygon"",""all_points_x"":[4184,4178,4182,4187],""all_points_y"":[930,961,953,932]}",{}
4.png,31850550,{},4404,2918,"{""name"":""polygon"",""all_points_x"":[4175,4175,4177,4177],""all_points_y"":[932,949,949,932]}",{}
4.png,31850550,{},4404,2919,"{""name"":""polygon"",""all_points_x"":[4133,4131,4133,4136],""all_points_y"":[907,939,939,907]}",{}
4.png,31850550,{},4404,2920,"{""name"":""polygon"",""all_points_x"":[4091,4076,4079,4093],""all_points_y"":[931,946,948,932]}",{}
4.png,31850550,{},4404,2921,"{""name"":""polygon"",""all_points_x"":[4084,4082,4083,4087],""all_points_y"":[968,1019,1019,967]}",{}
4.png,31850550,{},4404,2922,"{""name"":""polygon"",""all_points_x"":[4055,4041,4042,4056],""all_points_y"":[965,981,982,965]}",{}
4.png,31850550,{},4404,2923,"{""name"":""polygon"",""all_points_x"":[4070,4071,4073,4073],""all_points_y"":[992,1039,1038,993]}",{}
4.png,31850550,{},4404,2924,"{""name"":""polygon"",""all_points_x"":[4063,4073,4076,4066],""all_points_y"":[1022,1083,1081,1021]}",{}
4.png,31850550,{},4404,2925,"{""name"":""polygon"",""all_points_x"":[4058,4068,4069,4060],""all_points_y"":[1036,1068,1066,1035]}",{}
4.png,31850550,{},4404,2926,"{""name"":""polygon"",""all_points_x"":[4053,4064,4070,4071,4057],""all_points_y"":[1059,1082,1092,1091,1058]}",{}
4.png,31850550,{},4404,2927,"{""name"":""polygon"",""all_points_x"":[4087,4053,4055,4089],""all_points_y"":[807,873,875,808]}",{}
4.png,31850550,{},4404,2928,"{""name"":""polygon"",""all_points_x"":[4099,4055,4059,4102],""all_points_y"":[820,898,899,822]}",{}
4.png,31850550,{},4404,2929,"{""name"":""polygon"",""all_points_x"":[4099,4093,4095,4101],""all_points_y"":[782,824,822,784]}",{}
4.png,31850550,{},4404,2930,"{""name"":""polygon"",""all_points_x"":[4059,4015,4016,4061],""all_points_y"":[816,843,846,818]}",{}
4.png,31850550,{},4404,2931,"{""name"":""polygon"",""all_points_x"":[4032,4006,4009,4033],""all_points_y"":[740,775,776,742]}",{}
4.png,31850550,{},4404,2932,"{""name"":""polygon"",""all_points_x"":[4030,4006,4009,4033],""all_points_y"":[765,809,809,765]}",{}
4.png,31850550,{},4404,2933,"{""name"":""polygon"",""all_points_x"":[3986,3978,3982,3988],""all_points_y"":[770,789,787,770]}",{}
4.png,31850550,{},4404,2934,"{""name"":""polygon"",""all_points_x"":[3977,3968,3970,3978],""all_points_y"":[796,819,819,797]}",{}
4.png,31850550,{},4404,2935,"{""name"":""polygon"",""all_points_x"":[3963,3932,3937,3965],""all_points_y"":[835,885,884,836]}",{}
4.png,31850550,{},4404,2936,"{""name"":""polygon"",""all_points_x"":[3933,3927,3930,3936],""all_points_y"":[865,889,886,864]}",{}
4.png,31850550,{},4404,2937,"{""name"":""polygon"",""all_points_x"":[3962,3940,3940,3963],""all_points_y"":[867,880,884,870]}",{}
4.png,31850550,{},4404,2938,"{""name"":""polygon"",""all_points_x"":[4036,4019,4021,4038],""all_points_y"":[911,950,950,912]}",{}
4.png,31850550,{},4404,2939,"{""name"":""polygon"",""all_points_x"":[4018,4009,4012,4023],""all_points_y"":[954,977,978,953]}",{}
4.png,31850550,{},4404,2940,"{""name"":""polygon"",""all_points_x"":[4009,4012,4014,4012],""all_points_y"":[954,960,959,954]}",{}
4.png,31850550,{},4404,2941,"{""name"":""polygon"",""all_points_x"":[4024,4022,4019,4019],""all_points_y"":[971,971,967,966]}",{}
4.png,31850550,{},4404,2942,"{""name"":""polygon"",""all_points_x"":[3969,3938,3940,3972],""all_points_y"":[915,949,949,916]}",{}
4.png,31850550,{},4404,2943,"{""name"":""polygon"",""all_points_x"":[3910,3876,3878,3911],""all_points_y"":[865,877,880,866]}",{}
4.png,31850550,{},4404,2944,"{""name"":""polygon"",""all_points_x"":[3837,3779,3753,3753,3836],""all_points_y"":[893,913,924,925,895]}",{}
4.png,31850550,{},4404,2945,"{""name"":""polygon"",""all_points_x"":[3776,3772,3775,3779],""all_points_y"":[900,912,911,899]}",{}
4.png,31850550,{},4404,2946,"{""name"":""polygon"",""all_points_x"":[3769,3767,3769,3771],""all_points_y"":[926,936,936,924]}",{}
4.png,31850550,{},4404,2947,"{""name"":""polygon"",""all_points_x"":[3762,3759,3762,3765],""all_points_y"":[954,971,970,954]}",{}
4.png,31850550,{},4404,2948,"{""name"":""polygon"",""all_points_x"":[3784,3753,3755,3786],""all_points_y"":[961,992,994,962]}",{}
4.png,31850550,{},4404,2949,"{""name"":""polygon"",""all_points_x"":[3982,3924,3928,3982],""all_points_y"":[710,758,761,713]}",{}
4.png,31850550,{},4404,2950,"{""name"":""polygon"",""all_points_x"":[3885,3885,3919,3961,3962],""all_points_y"":[730,732,728,720,718]}",{}
4.png,31850550,{},4404,2951,"{""name"":""polygon"",""all_points_x"":[4123,4082,4083,4126],""all_points_y"":[636,682,683,637]}",{}
4.png,31850550,{},4404,2952,"{""name"":""polygon"",""all_points_x"":[4135,4099,4105,4136],""all_points_y"":[647,685,685,649]}",{}
4.png,31850550,{},4404,2953,"{""name"":""polygon"",""all_points_x"":[4124,4101,4103,4126],""all_points_y"":[688,713,713,689]}",{}
4.png,31850550,{},4404,2954,"{""name"":""polygon"",""all_points_x"":[4202,4180,4175,4163,4164,4180,4201],""all_points_y"":[685,697,703,717,718,702,688]}",{}
4.png,31850550,{},4404,2955,"{""name"":""polygon"",""all_points_x"":[4183,4189,4191,4185],""all_points_y"":[736,783,782,734]}",{}
4.png,31850550,{},4404,2956,"{""name"":""polygon"",""all_points_x"":[4242,4219,4222,4246],""all_points_y"":[701,807,806,699]}",{}
4.png,31850550,{},4404,2957,"{""name"":""polygon"",""all_points_x"":[4233,4228,4230,4235],""all_points_y"":[715,754,752,715]}",{}
4.png,31850550,{},4404,2958,"{""name"":""polygon"",""all_points_x"":[4242,4234,4236,4243],""all_points_y"":[645,678,674,646]}",{}
4.png,31850550,{},4404,2959,"{""name"":""polygon"",""all_points_x"":[4224,4221,4224,4228],""all_points_y"":[706,764,764,704]}",{}
4.png,31850550,{},4404,2960,"{""name"":""polygon"",""all_points_x"":[4219,4217,4218,4222],""all_points_y"":[698,741,742,698]}",{}
4.png,31850550,{},4404,2961,"{""name"":""polygon"",""all_points_x"":[4211,4219,4222,4213],""all_points_y"":[720,772,772,717]}",{}
4.png,31850550,{},4404,2962,"{""name"":""polygon"",""all_points_x"":[4250,4238,4240,4253],""all_points_y"":[779,831,833,779]}",{}
4.png,31850550,{},4404,2963,"{""name"":""polygon"",""all_points_x"":[4235,4230,4232,4238],""all_points_y"":[801,834,834,800]}",{}
4.png,31850550,{},4404,2964,"{""name"":""polygon"",""all_points_x"":[4198,4186,4188,4199],""all_points_y"":[827,860,860,829]}",{}
4.png,31850550,{},4404,2965,"{""name"":""polygon"",""all_points_x"":[4194,4174,4176,4195],""all_points_y"":[823,853,853,825]}",{}
4.png,31850550,{},4404,2966,"{""name"":""polygon"",""all_points_x"":[4234,4230,4233,4236],""all_points_y"":[837,860,858,836]}",{}
4.png,31850550,{},4404,2967,"{""name"":""polygon"",""all_points_x"":[4207,4181,4181,4211],""all_points_y"":[855,872,875,855]}",{}
4.png,31850550,{},4404,2968,"{""name"":""polygon"",""all_points_x"":[4210,4206,4209,4211],""all_points_y"":[872,898,898,872]}",{}
4.png,31850550,{},4404,2969,"{""name"":""polygon"",""all_points_x"":[4338,4323,4321,4322,4326,4339],""all_points_y"":[688,730,742,740,728,691]}",{}
4.png,31850550,{},4404,2970,"{""name"":""polygon"",""all_points_x"":[4328,4325,4328,4329],""all_points_y"":[693,713,710,695]}",{}
4.png,31850550,{},4404,2971,"{""name"":""polygon"",""all_points_x"":[4339,4337,4341,4343],""all_points_y"":[701,703,729,726]}",{}
4.png,31850550,{},4404,2972,"{""name"":""polygon"",""all_points_x"":[4376,4332,4333,4380],""all_points_y"":[687,742,743,687]}",{}
4.png,31850550,{},4404,2973,"{""name"":""polygon"",""all_points_x"":[4390,4375,4355,4357,4391],""all_points_y"":[672,693,722,724,674]}",{}
4.png,31850550,{},4404,2974,"{""name"":""polygon"",""all_points_x"":[4366,4357,4359,4369],""all_points_y"":[651,705,704,653]}",{}
4.png,31850550,{},4404,2975,"{""name"":""polygon"",""all_points_x"":[4359,4346,4349,4361],""all_points_y"":[653,721,717,658]}",{}
4.png,31850550,{},4404,2976,"{""name"":""polygon"",""all_points_x"":[4343,4338,4357,4359],""all_points_y"":[597,596,644,642]}",{}
4.png,31850550,{},4404,2977,"{""name"":""polygon"",""all_points_x"":[4359,4358,4361,4360],""all_points_y"":[557,623,623,555]}",{}
4.png,31850550,{},4404,2978,"{""name"":""polygon"",""all_points_x"":[4404,4394,4396,4407],""all_points_y"":[570,623,625,570]}",{}
4.png,31850550,{},4404,2979,"{""name"":""polygon"",""all_points_x"":[4302,4299,4311,4326,4332,4334],""all_points_y"":[701,704,732,767,779,777]}",{}
4.png,31850550,{},4404,2980,"{""name"":""polygon"",""all_points_x"":[4302,4304,4329,4327],""all_points_y"":[720,720,778,780]}",{}
4.png,31850550,{},4404,2981,"{""name"":""polygon"",""all_points_x"":[4344,4348,4350,4348],""all_points_y"":[739,770,770,737]}",{}
4.png,31850550,{},4404,2982,"{""name"":""polygon"",""all_points_x"":[4233,4210,4212,4237],""all_points_y"":[555,617,618,553]}",{}
4.png,31850550,{},4404,2983,"{""name"":""polygon"",""all_points_x"":[4192,4182,4183,4194],""all_points_y"":[557,567,570,559]}",{}
4.png,31850550,{},4404,2984,"{""name"":""polygon"",""all_points_x"":[4163,4132,4135,4163],""all_points_y"":[585,614,616,589]}",{}
4.png,31850550,{},4404,2985,"{""name"":""polygon"",""all_points_x"":[4163,4124,4128,4166],""all_points_y"":[576,614,614,578]}",{}
4.png,31850550,{},4404,2986,"{""name"":""polygon"",""all_points_x"":[4120,4113,4115,4122],""all_points_y"":[621,631,633,623]}",{}
4.png,31850550,{},4404,2987,"{""name"":""polygon"",""all_points_x"":[4100,4077,4080,4100],""all_points_y"":[647,676,676,649]}",{}
4.png,31850550,{},4404,2988,"{""name"":""polygon"",""all_points_x"":[4154,4055,4056,4156],""all_points_y"":[513,616,620,515]}",{}
4.png,31850550,{},4404,2989,"{""name"":""polygon"",""all_points_x"":[4177,4150,4153,4179],""all_points_y"":[444,497,496,444]}",{}
4.png,31850550,{},4404,2990,"{""name"":""polygon"",""all_points_x"":[4163,4110,4110,4165],""all_points_y"":[461,510,512,463]}",{}
4.png,31850550,{},4404,2991,"{""name"":""polygon"",""all_points_x"":[4110,4105,4102,4101,4104,4107],""all_points_y"":[491,500,521,543,543,503]}",{}
4.png,31850550,{},4404,2992,"{""name"":""polygon"",""all_points_x"":[4116,4094,4079,4084,4096,4119],""all_points_y"":[474,509,543,542,508,478]}",{}
4.png,31850550,{},4404,2993,"{""name"":""polygon"",""all_points_x"":[4082,4073,4076,4084],""all_points_y"":[499,549,548,500]}",{}
4.png,31850550,{},4404,2994,"{""name"":""polygon"",""all_points_x"":[4072,4070,4073,4074],""all_points_y"":[553,573,572,552]}",{}
4.png,31850550,{},4404,2995,"{""name"":""polygon"",""all_points_x"":[4072,4058,4059,4073],""all_points_y"":[539,558,559,542]}",{}
4.png,31850550,{},4404,2996,"{""name"":""polygon"",""all_points_x"":[4121,4117,4119,4123],""all_points_y"":[505,515,515,504]}",{}
4.png,31850550,{},4404,2997,"{""name"":""polygon"",""all_points_x"":[4115,4109,4112,4119],""all_points_y"":[520,535,537,519]}",{}
4.png,31850550,{},4404,2998,"{""name"":""polygon"",""all_points_x"":[4151,4141,4142,4154],""all_points_y"":[427,454,454,427]}",{}
4.png,31850550,{},4404,2999,"{""name"":""polygon"",""all_points_x"":[4139,4128,4130,4141],""all_points_y"":[459,484,485,459]}",{}
4.png,31850550,{},4404,3000,"{""name"":""polygon"",""all_points_x"":[4173,4151,4152,4174],""all_points_y"":[406,446,448,408]}",{}
4.png,31850550,{},4404,3001,"{""name"":""polygon"",""all_points_x"":[4248,4245,4247,4251],""all_points_y"":[381,423,424,380]}",{}
4.png,31850550,{},4404,3002,"{""name"":""polygon"",""all_points_x"":[4287,4277,4279,4288],""all_points_y"":[422,443,445,423]}",{}
4.png,31850550,{},4404,3003,"{""name"":""polygon"",""all_points_x"":[4301,4293,4295,4302],""all_points_y"":[453,472,472,455]}",{}
4.png,31850550,{},4404,3004,"{""name"":""polygon"",""all_points_x"":[4320,4294,4295,4320],""all_points_y"":[462,488,488,465]}",{}
4.png,31850550,{},4404,3005,"{""name"":""polygon"",""all_points_x"":[4342,4340,4342,4345],""all_points_y"":[478,488,488,477]}",{}
4.png,31850550,{},4404,3006,"{""name"":""polygon"",""all_points_x"":[4275,4267,4269,4277],""all_points_y"":[475,490,490,477]}",{}
4.png,31850550,{},4404,3007,"{""name"":""polygon"",""all_points_x"":[4265,4255,4256,4266],""all_points_y"":[496,513,515,498]}",{}
4.png,31850550,{},4404,3008,"{""name"":""polygon"",""all_points_x"":[4267,4261,4263,4269],""all_points_y"":[503,515,515,504]}",{}
4.png,31850550,{},4404,3009,"{""name"":""polygon"",""all_points_x"":[4234,4232,4231,4234,4234,4237],""all_points_y"":[487,512,540,538,515,488]}",{}
4.png,31850550,{},4404,3010,"{""name"":""polygon"",""all_points_x"":[4093,4077,4077,4095],""all_points_y"":[598,634,636,601]}",{}
4.png,31850550,{},4404,3011,"{""name"":""polygon"",""all_points_x"":[4360,4363,4373,4369],""all_points_y"":[811,810,862,862]}",{}
4.png,31850550,{},4404,3012,"{""name"":""polygon"",""all_points_x"":[545,547,604,601],""all_points_y"":[1969,1972,1952,1949]}",{}
4.png,31850550,{},4404,3013,"{""name"":""polygon"",""all_points_x"":[3700,3696,3731,3734],""all_points_y"":[1325,1326,1413,1411]}",{}
4.png,31850550,{},4404,3014,"{""name"":""polygon"",""all_points_x"":[148,145,169,170],""all_points_y"":[1429,1432,1441,1436]}",{}
4.png,31850550,{},4404,3015,"{""name"":""polygon"",""all_points_x"":[187,184,195,209,224,241,269,267,229,206,194],""all_points_y"":[1415,1415,1424,1429,1429,1426,1419,1416,1426,1425,1420]}",{}
4.png,31850550,{},4404,3016,"{""name"":""polygon"",""all_points_x"":[440,445,439,434,437],""all_points_y"":[1523,1515,1518,1532,1532]}",{}
4.png,31850550,{},4404,3017,"{""name"":""polygon"",""all_points_x"":[287,287,310,310],""all_points_y"":[1445,1448,1443,1441]}",{}
4.png,31850550,{},4404,3018,"{""name"":""polygon"",""all_points_x"":[499,500,550,550],""all_points_y"":[1542,1546,1561,1559]}",{}
4.png,31850550,{},4404,3019,"{""name"":""polygon"",""all_points_x"":[265,244,246,265],""all_points_y"":[1449,1455,1457,1452]}",{}
4.png,31850550,{},4404,3020,"{""name"":""polygon"",""all_points_x"":[207,200,202,209],""all_points_y"":[1461,1465,1467,1464]}",{}
4.png,31850550,{},4404,3021,"{""name"":""polygon"",""all_points_x"":[211,213,229,228],""all_points_y"":[1447,1452,1457,1453]}",{}
4.png,31850550,{},4404,3022,"{""name"":""polygon"",""all_points_x"":[194,178,180,197],""all_points_y"":[1469,1478,1480,1470]}",{}
4.png,31850550,{},4404,3023,"{""name"":""polygon"",""all_points_x"":[334,321,323,336],""all_points_y"":[1684,1697,1699,1686]}",{}
4.png,31850550,{},4404,3024,"{""name"":""polygon"",""all_points_x"":[319,309,310,321],""all_points_y"":[1702,1714,1716,1702]}",{}
4.png,31850550,{},4404,3025,"{""name"":""polygon"",""all_points_x"":[463,462,477,477],""all_points_y"":[1859,1862,1869,1866]}",{}
4.png,31850550,{},4404,3026,"{""name"":""polygon"",""all_points_x"":[488,487,503,504],""all_points_y"":[1870,1873,1881,1877]}",{}
4.png,31850550,{},4404,3027,"{""name"":""polygon"",""all_points_x"":[707,706,717,717],""all_points_y"":[1830,1833,1832,1829]}",{}
4.png,31850550,{},4404,3028,"{""name"":""polygon"",""all_points_x"":[732,732,743,741],""all_points_y"":[1826,1828,1828,1825]}",{}
4.png,31850550,{},4404,3029,"{""name"":""polygon"",""all_points_x"":[901,899,924,926],""all_points_y"":[1832,1837,1840,1836]}",{}
4.png,31850550,{},4404,3030,"{""name"":""polygon"",""all_points_x"":[927,924,943,946],""all_points_y"":[1836,1840,1843,1840]}",{}
4.png,31850550,{},4404,3031,"{""name"":""polygon"",""all_points_x"":[838,836,864,865],""all_points_y"":[1818,1821,1823,1821]}",{}
4.png,31850550,{},4404,3032,"{""name"":""polygon"",""all_points_x"":[754,754,768,778,777],""all_points_y"":[1905,1907,1909,1910,1907]}",{}
4.png,31850550,{},4404,3033,"{""name"":""polygon"",""all_points_x"":[798,795,816,816],""all_points_y"":[1899,1904,1907,1903]}",{}
4.png,31850550,{},4404,3034,"{""name"":""polygon"",""all_points_x"":[997,996,1035,1035],""all_points_y"":[1819,1821,1827,1824]}",{}
4.png,31850550,{},4404,3035,"{""name"":""polygon"",""all_points_x"":[1105,1081,1081,1105],""all_points_y"":[1868,1874,1877,1870]}",{}
4.png,31850550,{},4404,3036,"{""name"":""polygon"",""all_points_x"":[1070,1061,1061,1073],""all_points_y"":[1876,1881,1883,1878]}",{}
4.png,31850550,{},4404,3037,"{""name"":""polygon"",""all_points_x"":[846,824,822,843],""all_points_y"":[1750,1760,1759,1749]}",{}
4.png,31850550,{},4404,3038,"{""name"":""polygon"",""all_points_x"":[641,599,601,642],""all_points_y"":[1827,1859,1860,1828]}",{}
4.png,31850550,{},4404,3039,"{""name"":""polygon"",""all_points_x"":[510,512,517,512],""all_points_y"":[1803,1801,1811,1810]}",{}
4.png,31850550,{},4404,3040,"{""name"":""polygon"",""all_points_x"":[521,520,508,506],""all_points_y"":[1782,1785,1784,1782]}",{}
4.png,31850550,{},4404,3041,"{""name"":""polygon"",""all_points_x"":[561,561,581,582],""all_points_y"":[1834,1836,1842,1839]}",{}
4.png,31850550,{},4404,3042,"{""name"":""polygon"",""all_points_x"":[577,553,555,580],""all_points_y"":[1844,1860,1861,1844]}",{}
4.png,31850550,{},4404,3043,"{""name"":""polygon"",""all_points_x"":[546,545,559,562],""all_points_y"":[1859,1861,1868,1866]}",{}
4.png,31850550,{},4404,3044,"{""name"":""polygon"",""all_points_x"":[533,514,516,536],""all_points_y"":[1873,1887,1887,1874]}",{}
4.png,31850550,{},4404,3045,"{""name"":""polygon"",""all_points_x"":[860,871,873,856,855],""all_points_y"":[1777,1755,1755,1791,1788]}",{}
4.png,31850550,{},4404,3046,"{""name"":""polygon"",""all_points_x"":[857,857,856,841,838],""all_points_y"":[1805,1805,1792,1755,1756]}",{}
4.png,31850550,{},4404,3047,"{""name"":""polygon"",""all_points_x"":[849,845,847,851],""all_points_y"":[1796,1805,1805,1797]}",{}
4.png,31850550,{},4404,3048,"{""name"":""polygon"",""all_points_x"":[921,882,883,921],""all_points_y"":[1758,1778,1782,1760]}",{}
4.png,31850550,{},4404,3049,"{""name"":""polygon"",""all_points_x"":[713,713,725,724],""all_points_y"":[1864,1867,1867,1864]}",{}
4.png,31850550,{},4404,3050,"{""name"":""polygon"",""all_points_x"":[730,730,749,750],""all_points_y"":[1864,1866,1867,1864]}",{}
4.png,31850550,{},4404,3051,"{""name"":""polygon"",""all_points_x"":[492,481,455,455,496],""all_points_y"":[1521,1531,1555,1556,1521]}",{}
4.png,31850550,{},4404,3052,"{""name"":""polygon"",""all_points_x"":[123,123,157,157],""all_points_y"":[1542,1544,1549,1546]}",{}
4.png,31850550,{},4404,3053,"{""name"":""polygon"",""all_points_x"":[1,0,26,26],""all_points_y"":[1507,1509,1526,1523]}",{}
4.png,31850550,{},4404,3054,"{""name"":""polygon"",""all_points_x"":[72,81,83,74],""all_points_y"":[1478,1504,1502,1478]}",{}
4.png,31850550,{},4404,3055,"{""name"":""polygon"",""all_points_x"":[1148,1112,1111,1153],""all_points_y"":[1718,1727,1730,1722]}",{}
4.png,31850550,{},4404,3056,"{""name"":""polygon"",""all_points_x"":[948,931,931,949],""all_points_y"":[1869,1873,1876,1870]}",{}
4.png,31850550,{},4404,3057,"{""name"":""polygon"",""all_points_x"":[1897,1861,1866,1897],""all_points_y"":[2029,2069,2068,2029]}",{}
4.png,31850550,{},4404,3058,"{""name"":""polygon"",""all_points_x"":[2335,2315,2315,2334],""all_points_y"":[1845,1854,1855,1847]}",{}
4.png,31850550,{},4404,3059,"{""name"":""polygon"",""all_points_x"":[3509,3512,3541,3538],""all_points_y"":[1697,1697,1747,1747]}",{}
4.png,31850550,{},4404,3060,"{""name"":""polygon"",""all_points_x"":[3518,3517,3543,3544],""all_points_y"":[1698,1700,1721,1719]}",{}
4.png,31850550,{},4404,3061,"{""name"":""polygon"",""all_points_x"":[3569,3565,3596,3597],""all_points_y"":[1735,1737,1756,1754]}",{}
4.png,31850550,{},4404,3062,"{""name"":""polygon"",""all_points_x"":[3488,3486,3514,3530,3532],""all_points_y"":[1686,1688,1724,1746,1746]}",{}
4.png,31850550,{},4404,3063,"{""name"":""polygon"",""all_points_x"":[3486,3488,3525,3523],""all_points_y"":[1695,1695,1744,1746]}",{}
4.png,31850550,{},4404,3064,"{""name"":""polygon"",""all_points_x"":[3437,3434,3449,3451],""all_points_y"":[1774,1777,1797,1796]}",{}
4.png,31850550,{},4404,3065,"{""name"":""polygon"",""all_points_x"":[3452,3454,3464,3460],""all_points_y"":[1800,1800,1812,1813]}",{}
4.png,31850550,{},4404,3066,"{""name"":""polygon"",""all_points_x"":[3387,3389,3421,3420],""all_points_y"":[1727,1726,1797,1800]}",{}
4.png,31850550,{},4404,3067,"{""name"":""polygon"",""all_points_x"":[3403,3421,3423,3405],""all_points_y"":[1747,1792,1790,1745]}",{}
4.png,31850550,{},4404,3068,"{""name"":""polygon"",""all_points_x"":[3355,3352,3354,3357],""all_points_y"":[1720,1747,1748,1722]}",{}
4.png,31850550,{},4404,3069,"{""name"":""polygon"",""all_points_x"":[3352,3350,3352,3354],""all_points_y"":[1760,1794,1794,1762]}",{}
4.png,31850550,{},4404,3070,"{""name"":""polygon"",""all_points_x"":[3375,3373,3376,3377],""all_points_y"":[1798,1820,1820,1798]}",{}
4.png,31850550,{},4404,3071,"{""name"":""polygon"",""all_points_x"":[3664,3647,3648,3665],""all_points_y"":[1528,1562,1562,1530]}",{}
4.png,31850550,{},4404,3072,"{""name"":""polygon"",""all_points_x"":[3671,3667,3669,3673],""all_points_y"":[1512,1522,1523,1513]}",{}
4.png,31850550,{},4404,3073,"{""name"":""polygon"",""all_points_x"":[3649,3648,3694,3696],""all_points_y"":[1489,1489,1584,1582]}",{}
4.png,31850550,{},4404,3074,"{""name"":""polygon"",""all_points_x"":[3695,3693,3720,3722],""all_points_y"":[1518,1521,1569,1567]}",{}
4.png,31850550,{},4404,3075,"{""name"":""polygon"",""all_points_x"":[3727,3726,3741,3743],""all_points_y"":[1571,1573,1598,1595]}",{}
4.png,31850550,{},4404,3076,"{""name"":""polygon"",""all_points_x"":[3723,3725,3726,3728,3724],""all_points_y"":[1577,1611,1618,1619,1578]}",{}
4.png,31850550,{},4404,3077,"{""name"":""polygon"",""all_points_x"":[3628,3626,3638,3649,3651,3638],""all_points_y"":[1519,1521,1530,1548,1543,1526]}",{}
4.png,31850550,{},4404,3078,"{""name"":""polygon"",""all_points_x"":[3682,3684,3688,3691,3684],""all_points_y"":[1519,1537,1564,1564,1521]}",{}
4.png,31850550,{},4404,3079,"{""name"":""polygon"",""all_points_x"":[3694,3696,3707,3703],""all_points_y"":[1431,1432,1502,1504]}",{}
4.png,31850550,{},4404,3080,"{""name"":""polygon"",""all_points_x"":[3768,3766,3848,3850],""all_points_y"":[1458,1461,1576,1574]}",{}
4.png,31850550,{},4404,3081,"{""name"":""polygon"",""all_points_x"":[3787,3785,3820,3819],""all_points_y"":[1507,1508,1542,1538]}",{}
4.png,31850550,{},4404,3082,"{""name"":""polygon"",""all_points_x"":[3785,3784,3844,3845],""all_points_y"":[1529,1532,1595,1592]}",{}
4.png,31850550,{},4404,3083,"{""name"":""polygon"",""all_points_x"":[3762,3755,3757,3764],""all_points_y"":[1502,1550,1551,1502]}",{}
4.png,31850550,{},4404,3084,"{""name"":""polygon"",""all_points_x"":[3579,3578,3601,3602],""all_points_y"":[1434,1437,1484,1483]}",{}
4.png,31850550,{},4404,3085,"{""name"":""polygon"",""all_points_x"":[3676,3674,3680,3682],""all_points_y"":[1333,1336,1388,1388]}",{}
4.png,31850550,{},4404,3086,"{""name"":""polygon"",""all_points_x"":[3683,3684,3686,3685],""all_points_y"":[1421,1439,1439,1422]}",{}
4.png,31850550,{},4404,3087,"{""name"":""polygon"",""all_points_x"":[3692,3690,3701,3703],""all_points_y"":[1350,1352,1409,1409]}",{}
4.png,31850550,{},4404,3088,"{""name"":""polygon"",""all_points_x"":[3694,3693,3714,3725,3727],""all_points_y"":[1334,1335,1388,1415,1415]}",{}
4.png,31850550,{},4404,3089,"{""name"":""polygon"",""all_points_x"":[3699,3701,3720,3719],""all_points_y"":[1362,1363,1410,1410]}",{}
4.png,31850550,{},4404,3090,"{""name"":""polygon"",""all_points_x"":[3728,3725,3717,3719],""all_points_y"":[1344,1345,1320,1319]}",{}
4.png,31850550,{},4404,3091,"{""name"":""polygon"",""all_points_x"":[3798,3794,3797,3799],""all_points_y"":[1347,1377,1377,1345]}",{}
4.png,31850550,{},4404,3092,"{""name"":""polygon"",""all_points_x"":[3810,3815,3817,3812],""all_points_y"":[1310,1346,1344,1310]}",{}
4.png,31850550,{},4404,3093,"{""name"":""polygon"",""all_points_x"":[3837,3840,3842,3839],""all_points_y"":[1340,1369,1369,1339]}",{}
4.png,31850550,{},4404,3094,"{""name"":""polygon"",""all_points_x"":[3863,3871,3875,3864],""all_points_y"":[1406,1453,1452,1404]}",{}
4.png,31850550,{},4404,3095,"{""name"":""polygon"",""all_points_x"":[3875,3872,3903,3906],""all_points_y"":[1399,1399,1471,1469]}",{}
4.png,31850550,{},4404,3096,"{""name"":""polygon"",""all_points_x"":[3851,3850,3865,3866],""all_points_y"":[1409,1410,1434,1431]}",{}
4.png,31850550,{},4404,3097,"{""name"":""polygon"",""all_points_x"":[3846,3849,3850,3849],""all_points_y"":[1411,1434,1435,1410]}",{}
4.png,31850550,{},4404,3098,"{""name"":""polygon"",""all_points_x"":[3805,3803,3831,3833],""all_points_y"":[1423,1425,1458,1457]}",{}
4.png,31850550,{},4404,3099,"{""name"":""polygon"",""all_points_x"":[3506,3506,3530,3530],""all_points_y"":[1321,1324,1313,1310]}",{}
4.png,31850550,{},4404,3100,"{""name"":""polygon"",""all_points_x"":[3906,3887,3889,3908],""all_points_y"":[1204,1232,1232,1205]}",{}
4.png,31850550,{},4404,3101,"{""name"":""polygon"",""all_points_x"":[3912,3903,3904,3914],""all_points_y"":[1155,1194,1194,1155]}",{}
4.png,31850550,{},4404,3102,"{""name"":""polygon"",""all_points_x"":[3983,3981,4015,4055,4091,4092,4082,4019,3998],""all_points_y"":[1249,1251,1285,1317,1346,1342,1333,1285,1265]}",{}
4.png,31850550,{},4404,3103,"{""name"":""polygon"",""all_points_x"":[3901,3898,3916,3917],""all_points_y"":[1243,1245,1270,1268]}",{}
4.png,31850550,{},4404,3104,"{""name"":""polygon"",""all_points_x"":[4019,4018,4077,4084,4085],""all_points_y"":[1311,1313,1355,1360,1356]}",{}
4.png,31850550,{},4404,3105,"{""name"":""polygon"",""all_points_x"":[3994,3991,4004,4028,4044,4046,4005],""all_points_y"":[1306,1309,1319,1340,1354,1351,1317]}",{}
4.png,31850550,{},4404,3106,"{""name"":""polygon"",""all_points_x"":[3893,3890,3925,3927],""all_points_y"":[1297,1297,1360,1360]}",{}
4.png,31850550,{},4404,3107,"{""name"":""polygon"",""all_points_x"":[3884,3882,3919,3921],""all_points_y"":[1300,1301,1360,1359]}",{}
4.png,31850550,{},4404,3108,"{""name"":""polygon"",""all_points_x"":[3870,3860,3862,3874],""all_points_y"":[1225,1274,1274,1225]}",{}
4.png,31850550,{},4404,3109,"{""name"":""polygon"",""all_points_x"":[3923,3921,3936,3939],""all_points_y"":[1278,1278,1301,1301]}",{}
4.png,31850550,{},4404,3110,"{""name"":""polygon"",""all_points_x"":[3920,3918,3955,3987,3989],""all_points_y"":[1320,1322,1397,1461,1461]}",{}
4.png,31850550,{},4404,3111,"{""name"":""polygon"",""all_points_x"":[3978,3968,3969,3981],""all_points_y"":[1400,1409,1412,1401]}",{}
4.png,31850550,{},4404,3112,"{""name"":""polygon"",""all_points_x"":[3962,3900,3903,3963],""all_points_y"":[1417,1476,1480,1418]}",{}
4.png,31850550,{},4404,3113,"{""name"":""polygon"",""all_points_x"":[3857,3856,3898,3900],""all_points_y"":[1334,1335,1402,1401]}",{}
4.png,31850550,{},4404,3114,"{""name"":""polygon"",""all_points_x"":[3866,3865,3926,3928],""all_points_y"":[1377,1378,1448,1447]}",{}
4.png,31850550,{},4404,3115,"{""name"":""polygon"",""all_points_x"":[3935,3986,3983,3931,3933],""all_points_y"":[1453,1507,1508,1453,1451]}",{}
4.png,31850550,{},4404,3116,"{""name"":""polygon"",""all_points_x"":[3844,3842,3869,3955,3958,3867],""all_points_y"":[1470,1473,1485,1528,1525,1480]}",{}
4.png,31850550,{},4404,3117,"{""name"":""polygon"",""all_points_x"":[3861,3903,3906,3866],""all_points_y"":[1484,1521,1521,1484]}",{}
4.png,31850550,{},4404,3118,"{""name"":""polygon"",""all_points_x"":[3910,3917,3913,3907],""all_points_y"":[1475,1494,1495,1479]}",{}
4.png,31850550,{},4404,3119,"{""name"":""polygon"",""all_points_x"":[3924,3922,3963,3964],""all_points_y"":[1493,1495,1521,1518]}",{}
4.png,31850550,{},4404,3120,"{""name"":""polygon"",""all_points_x"":[3963,3962,3972,3973],""all_points_y"":[1527,1530,1536,1533]}",{}
4.png,31850550,{},4404,3121,"{""name"":""polygon"",""all_points_x"":[3990,3989,4001,4018,4039,4038],""all_points_y"":[1539,1543,1552,1559,1568,1565]}",{}
4.png,31850550,{},4404,3122,"{""name"":""polygon"",""all_points_x"":[3829,3831,3838,3835],""all_points_y"":[1345,1342,1391,1391]}",{}
4.png,31850550,{},4404,3123,"{""name"":""polygon"",""all_points_x"":[3837,3840,3853,3850],""all_points_y"":[1570,1570,1596,1596]}",{}
4.png,31850550,{},4404,3124,"{""name"":""polygon"",""all_points_x"":[3804,3804,3824,3824],""all_points_y"":[1585,1588,1597,1594]}",{}
4.png,31850550,{},4404,3125,"{""name"":""polygon"",""all_points_x"":[3849,3847,3881,3882],""all_points_y"":[1550,1552,1596,1594]}",{}
4.png,31850550,{},4404,3126,"{""name"":""polygon"",""all_points_x"":[3863,3862,3895,3931,3964,3966,3927],""all_points_y"":[1549,1551,1579,1609,1642,1640,1600]}",{}
4.png,31850550,{},4404,3127,"{""name"":""polygon"",""all_points_x"":[3753,3757,3775,3773],""all_points_y"":[1556,1555,1568,1570]}",{}
4.png,31850550,{},4404,3128,"{""name"":""polygon"",""all_points_x"":[3705,3703,3724,3724],""all_points_y"":[1516,1518,1534,1530]}",{}
4.png,31850550,{},4404,3129,"{""name"":""polygon"",""all_points_x"":[3768,3766,3782,3784],""all_points_y"":[1509,1511,1529,1528]}",{}
4.png,31850550,{},4404,3130,"{""name"":""polygon"",""all_points_x"":[3926,3937,3938,3929],""all_points_y"":[1540,1567,1567,1540]}",{}
4.png,31850550,{},4404,3131,"{""name"":""polygon"",""all_points_x"":[3902,3901,3957,3958],""all_points_y"":[1606,1608,1644,1640]}",{}
4.png,31850550,{},4404,3132,"{""name"":""polygon"",""all_points_x"":[4004,4002,4033,4034],""all_points_y"":[1666,1668,1688,1686]}",{}
4.png,31850550,{},4404,3133,"{""name"":""polygon"",""all_points_x"":[3772,3769,3787,3789],""all_points_y"":[1587,1588,1621,1619]}",{}
4.png,31850550,{},4404,3134,"{""name"":""polygon"",""all_points_x"":[3763,3766,3784,3782],""all_points_y"":[1591,1589,1620,1621]}",{}
4.png,31850550,{},4404,3135,"{""name"":""polygon"",""all_points_x"":[3765,3764,3782,3784],""all_points_y"":[1633,1636,1660,1659]}",{}
4.png,31850550,{},4404,3136,"{""name"":""polygon"",""all_points_x"":[3817,3817,3871,3871],""all_points_y"":[1679,1681,1713,1709]}",{}
4.png,31850550,{},4404,3137,"{""name"":""polygon"",""all_points_x"":[3720,3708,3711,3722],""all_points_y"":[1700,1733,1733,1701]}",{}
4.png,31850550,{},4404,3138,"{""name"":""polygon"",""all_points_x"":[3855,3853,3914,3914,3872],""all_points_y"":[1647,1648,1690,1686,1658]}",{}
4.png,31850550,{},4404,3139,"{""name"":""polygon"",""all_points_x"":[3844,3842,3906,3905],""all_points_y"":[1652,1655,1690,1686]}",{}
4.png,31850550,{},4404,3140,"{""name"":""polygon"",""all_points_x"":[3953,3974,3977,3956],""all_points_y"":[1703,1784,1783,1705]}",{}
4.png,31850550,{},4404,3141,"{""name"":""polygon"",""all_points_x"":[3928,3927,3956,3953],""all_points_y"":[1697,1699,1719,1714]}",{}
4.png,31850550,{},4404,3142,"{""name"":""polygon"",""all_points_x"":[3937,3953,3955,3936,3932],""all_points_y"":[1712,1729,1727,1706,1706]}",{}
4.png,31850550,{},4404,3143,"{""name"":""polygon"",""all_points_x"":[3963,3965,3991,4015,4014,3982],""all_points_y"":[1719,1724,1746,1764,1762,1735]}",{}
4.png,31850550,{},4404,3144,"{""name"":""polygon"",""all_points_x"":[3958,3956,3990,3990],""all_points_y"":[1688,1690,1716,1713]}",{}
4.png,31850550,{},4404,3145,"{""name"":""polygon"",""all_points_x"":[4011,4009,4046,4045],""all_points_y"":[1686,1687,1724,1718]}",{}
4.png,31850550,{},4404,3146,"{""name"":""polygon"",""all_points_x"":[3898,3967,3973,3975],""all_points_y"":[1731,1797,1801,1800]}",{}
4.png,31850550,{},4404,3147,"{""name"":""polygon"",""all_points_x"":[3889,3887,3945,3941],""all_points_y"":[1753,1755,1786,1781]}",{}
4.png,31850550,{},4404,3148,"{""name"":""polygon"",""all_points_x"":[3885,3886,3888,3887],""all_points_y"":[1720,1746,1747,1719]}",{}
4.png,31850550,{},4404,3149,"{""name"":""polygon"",""all_points_x"":[3841,3838,3849,3862,3862],""all_points_y"":[1706,1708,1716,1723,1720]}",{}
4.png,31850550,{},4404,3150,"{""name"":""polygon"",""all_points_x"":[3876,3876,3883,3883],""all_points_y"":[1726,1727,1732,1730]}",{}
4.png,31850550,{},4404,3151,"{""name"":""polygon"",""all_points_x"":[3898,3897,3922,3924],""all_points_y"":[1701,1704,1725,1723]}",{}
4.png,31850550,{},4404,3152,"{""name"":""polygon"",""all_points_x"":[3946,3944,3964,3964],""all_points_y"":[1743,1745,1758,1755]}",{}
4.png,31850550,{},4404,3153,"{""name"":""polygon"",""all_points_x"":[3941,3940,3968,3968],""all_points_y"":[1760,1762,1780,1775]}",{}
4.png,31850550,{},4404,3154,"{""name"":""polygon"",""all_points_x"":[3962,3963,3965,3965],""all_points_y"":[1780,1788,1789,1780]}",{}
4.png,31850550,{},4404,3155,"{""name"":""polygon"",""all_points_x"":[3964,3966,3968],""all_points_y"":[1798,1820,1821]}",{}
4.png,31850550,{},4404,3156,"{""name"":""polygon"",""all_points_x"":[3890,3892,3894,3892],""all_points_y"":[1882,1901,1901,1882]}",{}
4.png,31850550,{},4404,3157,"{""name"":""polygon"",""all_points_x"":[3594,3594,3597,3596],""all_points_y"":[1621,1668,1668,1622]}",{}
4.png,31850550,{},4404,3158,"{""name"":""polygon"",""all_points_x"":[3639,3638,3658,3659],""all_points_y"":[1605,1606,1632,1626]}",{}
4.png,31850550,{},4404,3159,"{""name"":""polygon"",""all_points_x"":[3661,3661,3665,3667],""all_points_y"":[1632,1634,1642,1640]}",{}
4.png,31850550,{},4404,3160,"{""name"":""polygon"",""all_points_x"":[3908,3905,3922,3922],""all_points_y"":[1383,1386,1399,1397]}",{}
4.png,31850550,{},4404,3161,"{""name"":""polygon"",""all_points_x"":[3929,3927,3947,3947],""all_points_y"":[1372,1373,1391,1388]}",{}
4.png,31850550,{},4404,3162,"{""name"":""polygon"",""all_points_x"":[3989,3987,4006,4019,4021,4001],""all_points_y"":[1393,1396,1409,1423,1421,1403]}",{}
4.png,31850550,{},4404,3163,"{""name"":""polygon"",""all_points_x"":[3990,3995,4016,4012],""all_points_y"":[1402,1404,1424,1423]}",{}
4.png,31850550,{},4404,3164,"{""name"":""polygon"",""all_points_x"":[3954,3974,3972,3955],""all_points_y"":[1380,1398,1401,1385]}",{}
4.png,31850550,{},4404,3165,"{""name"":""polygon"",""all_points_x"":[3763,3761,3778,3779],""all_points_y"":[1375,1377,1397,1395]}",{}
4.png,31850550,{},4404,3166,"{""name"":""polygon"",""all_points_x"":[3773,3773,3775,3774],""all_points_y"":[1403,1395,1395,1402]}",{}
4.png,31850550,{},4404,3167,"{""name"":""polygon"",""all_points_x"":[3574,3574,3588,3594,3593,3581],""all_points_y"":[1409,1411,1408,1406,1405,1406]}",{}
4.png,31850550,{},4404,3168,"{""name"":""polygon"",""all_points_x"":[3560,3556,3556,3557,3559,3562],""all_points_y"":[1306,1327,1347,1347,1327,1308]}",{}
4.png,31850550,{},4404,3169,"{""name"":""polygon"",""all_points_x"":[3731,3693,3693,3731],""all_points_y"":[1174,1204,1207,1177]}",{}
4.png,31850550,{},4404,3170,"{""name"":""polygon"",""all_points_x"":[3950,3941,3944,3952],""all_points_y"":[1246,1280,1280,1246]}",{}
4.png,31850550,{},4404,3171,"{""name"":""polygon"",""all_points_x"":[4028,4024,4067,4094,4097,4037],""all_points_y"":[1269,1272,1314,1342,1341,1280]}",{}
4.png,31850550,{},4404,3172,"{""name"":""polygon"",""all_points_x"":[3989,3987,3997,3999],""all_points_y"":[1236,1240,1253,1249]}",{}
4.png,31850550,{},4404,3173,"{""name"":""polygon"",""all_points_x"":[4006,4004,4010,4011],""all_points_y"":[1256,1258,1264,1262]}",{}
4.png,31850550,{},4404,3174,"{""name"":""polygon"",""all_points_x"":[4017,4015,4044,4058,4057],""all_points_y"":[1269,1272,1298,1311,1308]}",{}
4.png,31850550,{},4404,3175,"{""name"":""polygon"",""all_points_x"":[4095,4094,4092,4117,4129,4129],""all_points_y"":[1304,1304,1305,1326,1336,1334]}",{}
4.png,31850550,{},4404,3176,"{""name"":""polygon"",""all_points_x"":[3821,3822,3820,3818],""all_points_y"":[1366,1366,1356,1358]}",{}
4.png,31850550,{},4404,3177,"{""name"":""polygon"",""all_points_x"":[3823,3825,3827,3825],""all_points_y"":[1354,1368,1369,1350]}",{}
4.png,31850550,{},4404,3178,"{""name"":""polygon"",""all_points_x"":[3985,3984,4024,4027],""all_points_y"":[1440,1441,1511,1509]}",{}
4.png,31850550,{},4404,3179,"{""name"":""polygon"",""all_points_x"":[3979,3978,3942,3944],""all_points_y"":[1461,1462,1442,1440]}",{}
4.png,31850550,{},4404,3180,"{""name"":""polygon"",""all_points_x"":[3951,3962,3960,3948],""all_points_y"":[1435,1442,1445,1437]}",{}
4.png,31850550,{},4404,3181,"{""name"":""polygon"",""all_points_x"":[3993,3992,4038,4038],""all_points_y"":[1437,1438,1459,1457]}",{}
4.png,31850550,{},4404,3182,"{""name"":""polygon"",""all_points_x"":[4084,4082,4138,4141],""all_points_y"":[1412,1415,1519,1519]}",{}
4.png,31850550,{},4404,3183,"{""name"":""polygon"",""all_points_x"":[4087,4085,4150,4207,4210,4155,4119],""all_points_y"":[1382,1384,1485,1576,1576,1488,1431]}",{}
4.png,31850550,{},4404,3184,"{""name"":""polygon"",""all_points_x"":[4130,4128,4147,4151],""all_points_y"":[1437,1439,1472,1476]}",{}
4.png,31850550,{},4404,3185,"{""name"":""polygon"",""all_points_x"":[4140,4138,4196,4199],""all_points_y"":[1438,1438,1545,1545]}",{}
4.png,31850550,{},4404,3186,"{""name"":""polygon"",""all_points_x"":[4195,4190,4236,4239],""all_points_y"":[1417,1420,1493,1490]}",{}
4.png,31850550,{},4404,3187,"{""name"":""polygon"",""all_points_x"":[4204,4201,4229,4233],""all_points_y"":[1417,1420,1459,1457]}",{}
4.png,31850550,{},4404,3188,"{""name"":""polygon"",""all_points_x"":[3899,3897,3959,3961],""all_points_y"":[1614,1616,1671,1669]}",{}
4.png,31850550,{},4404,3189,"{""name"":""polygon"",""all_points_x"":[4014,4013,4072,4075],""all_points_y"":[1646,1648,1717,1715]}",{}
4.png,31850550,{},4404,3190,"{""name"":""polygon"",""all_points_x"":[4028,4026,4082,4085],""all_points_y"":[1637,1640,1725,1722]}",{}
4.png,31850550,{},4404,3191,"{""name"":""polygon"",""all_points_x"":[4013,4010,4023,4025],""all_points_y"":[1611,1612,1635,1635]}",{}
4.png,31850550,{},4404,3192,"{""name"":""polygon"",""all_points_x"":[4087,4084,4117,4119],""all_points_y"":[1725,1728,1770,1768]}",{}
4.png,31850550,{},4404,3193,"{""name"":""polygon"",""all_points_x"":[4074,4073,4112,4113],""all_points_y"":[1731,1733,1776,1774]}",{}
4.png,31850550,{},4404,3194,"{""name"":""polygon"",""all_points_x"":[4069,4067,4089,4090],""all_points_y"":[1738,1740,1760,1759]}",{}
4.png,31850550,{},4404,3195,"{""name"":""polygon"",""all_points_x"":[4011,4009,4036,4067,4069],""all_points_y"":[1718,1718,1752,1791,1789]}",{}
4.png,31850550,{},4404,3196,"{""name"":""polygon"",""all_points_x"":[4018,4017,4072,4073],""all_points_y"":[1718,1719,1782,1780]}",{}
4.png,31850550,{},4404,3197,"{""name"":""polygon"",""all_points_x"":[4016,4014,4054,4056],""all_points_y"":[1705,1705,1750,1748]}",{}
4.png,31850550,{},4404,3198,"{""name"":""polygon"",""all_points_x"":[4007,4003,4054,4058],""all_points_y"":[1839,1840,1933,1931]}",{}
4.png,31850550,{},4404,3199,"{""name"":""polygon"",""all_points_x"":[3995,3990,4022,4024],""all_points_y"":[1877,1880,1906,1902]}",{}
4.png,31850550,{},4404,3200,"{""name"":""polygon"",""all_points_x"":[4018,4016,4037,4037],""all_points_y"":[1925,1927,1969,1966]}",{}
4.png,31850550,{},4404,3201,"{""name"":""polygon"",""all_points_x"":[4094,4091,4122,4125],""all_points_y"":[1913,1913,1979,1974]}",{}
4.png,31850550,{},4404,3202,"{""name"":""polygon"",""all_points_x"":[4111,4109,4155,4160],""all_points_y"":[1898,1900,2006,2005]}",{}
4.png,31850550,{},4404,3203,"{""name"":""polygon"",""all_points_x"":[4126,4123,4149,4152],""all_points_y"":[1854,1857,1902,1898]}",{}
4.png,31850550,{},4404,3204,"{""name"":""polygon"",""all_points_x"":[4155,4151,4169,4187,4193],""all_points_y"":[1904,1904,1937,1967,1964]}",{}
4.png,31850550,{},4404,3205,"{""name"":""polygon"",""all_points_x"":[4200,4197,4200,4210,4220,4223,4209,4200],""all_points_y"":[1859,1859,1923,1999,2052,2044,1965,1878]}",{}
4.png,31850550,{},4404,3206,"{""name"":""polygon"",""all_points_x"":[4195,4191,4204,4206],""all_points_y"":[1970,1975,1996,1993]}",{}
4.png,31850550,{},4404,3207,"{""name"":""polygon"",""all_points_x"":[4151,4146,4155,4162,4164],""all_points_y"":[1944,1942,1963,1984,1983]}",{}
4.png,31850550,{},4404,3208,"{""name"":""polygon"",""all_points_x"":[4143,4146,4148,4144],""all_points_y"":[1919,1934,1934,1919]}",{}
4.png,31850550,{},4404,3209,"{""name"":""polygon"",""all_points_x"":[4128,4127,4130,4132],""all_points_y"":[1925,1926,1933,1931]}",{}
4.png,31850550,{},4404,3210,"{""name"":""polygon"",""all_points_x"":[4136,4132,4143,4143],""all_points_y"":[1937,1937,1952,1949]}",{}
4.png,31850550,{},4404,3211,"{""name"":""polygon"",""all_points_x"":[4163,4182,4186,4167],""all_points_y"":[1989,2055,2056,1991]}",{}
4.png,31850550,{},4404,3212,"{""name"":""polygon"",""all_points_x"":[4148,4153,4155,4150],""all_points_y"":[1960,1970,1969,1961]}",{}
4.png,31850550,{},4404,3213,"{""name"":""polygon"",""all_points_x"":[4163,4159,4175,4176],""all_points_y"":[2011,2015,2042,2034]}",{}
4.png,31850550,{},4404,3214,"{""name"":""polygon"",""all_points_x"":[4131,4127,4136,4140],""all_points_y"":[1984,1989,2004,2003]}",{}
4.png,31850550,{},4404,3215,"{""name"":""polygon"",""all_points_x"":[4036,4041,4068,4072,4054],""all_points_y"":[1952,1977,2062,2066,2001]}",{}
4.png,31850550,{},4404,3216,"{""name"":""polygon"",""all_points_x"":[4019,4017,4019,4022],""all_points_y"":[1962,1963,1971,1970]}",{}
4.png,31850550,{},4404,3217,"{""name"":""polygon"",""all_points_x"":[4023,4032,4049,4056,4056,4027],""all_points_y"":[1981,2000,2027,2039,2030,1979]}",{}
4.png,31850550,{},4404,3218,"{""name"":""polygon"",""all_points_x"":[4000,3996,4016,4017],""all_points_y"":[1914,1916,1949,1947]}",{}
4.png,31850550,{},4404,3219,"{""name"":""polygon"",""all_points_x"":[4018,4042,4050,4050,4020],""all_points_y"":[1954,2004,2016,2012,1952]}",{}
4.png,31850550,{},4404,3220,"{""name"":""polygon"",""all_points_x"":[4020,4018,4044,4047,4033],""all_points_y"":[1944,1944,2001,2002,1970]}",{}
4.png,31850550,{},4404,3221,"{""name"":""polygon"",""all_points_x"":[3970,3969,4011,4013],""all_points_y"":[1973,1975,2003,2001]}",{}
4.png,31850550,{},4404,3222,"{""name"":""polygon"",""all_points_x"":[4023,4019,4048,4048],""all_points_y"":[2006,2007,2031,2027]}",{}
4.png,31850550,{},4404,3223,"{""name"":""polygon"",""all_points_x"":[4061,4059,4113,4114],""all_points_y"":[2112,2114,2235,2235]}",{}
4.png,31850550,{},4404,3224,"{""name"":""polygon"",""all_points_x"":[4073,4070,4089,4096,4098,4084],""all_points_y"":[2097,2097,2152,2169,2169,2123]}",{}
4.png,31850550,{},4404,3225,"{""name"":""polygon"",""all_points_x"":[4099,4095,4113,4116],""all_points_y"":[2007,2007,2094,2092]}",{}
4.png,31850550,{},4404,3226,"{""name"":""polygon"",""all_points_x"":[4117,4125,4127,4119],""all_points_y"":[2110,2147,2149,2105]}",{}
4.png,31850550,{},4404,3227,"{""name"":""polygon"",""all_points_x"":[4146,4145,4193,4220,4224,4167],""all_points_y"":[2026,2031,2120,2179,2178,2062]}",{}
4.png,31850550,{},4404,3228,"{""name"":""polygon"",""all_points_x"":[4169,4175,4205,4208,4171],""all_points_y"":[2040,2061,2138,2141,2040]}",{}
4.png,31850550,{},4404,3229,"{""name"":""polygon"",""all_points_x"":[4181,4216,4219,4186],""all_points_y"":[2055,2154,2154,2056]}",{}
4.png,31850550,{},4404,3230,"{""name"":""polygon"",""all_points_x"":[4153,4151,4181,4183],""all_points_y"":[2066,2066,2133,2131]}",{}
4.png,31850550,{},4404,3231,"{""name"":""polygon"",""all_points_x"":[4160,4158,4185,4189],""all_points_y"":[2145,2148,2230,2230]}",{}
4.png,31850550,{},4404,3232,"{""name"":""polygon"",""all_points_x"":[3835,3833,3865,3865],""all_points_y"":[2171,2173,2210,2207]}",{}
4.png,31850550,{},4404,3233,"{""name"":""polygon"",""all_points_x"":[3871,3869,3899,3903],""all_points_y"":[2212,2215,2253,2251]}",{}
4.png,31850550,{},4404,3234,"{""name"":""polygon"",""all_points_x"":[3838,3836,3860,3860],""all_points_y"":[2202,2206,2220,2216]}",{}
4.png,31850550,{},4404,3235,"{""name"":""polygon"",""all_points_x"":[3925,3923,3931,3959,3962,3933,3931],""all_points_y"":[2185,2187,2218,2264,2264,2217,2207]}",{}
4.png,31850550,{},4404,3236,"{""name"":""polygon"",""all_points_x"":[3950,3948,3969,3974,3975],""all_points_y"":[2173,2176,2192,2194,2192]}",{}
4.png,31850550,{},4404,3237,"{""name"":""polygon"",""all_points_x"":[992,992,1009,1009],""all_points_y"":[1783,1786,1786,1783]}",{}
4.png,31850550,{},4404,3238,"{""name"":""polygon"",""all_points_x"":[1766,1742,1743,1770],""all_points_y"":[1568,1580,1583,1570]}",{}
4.png,31850550,{},4404,3239,"{""name"":""polygon"",""all_points_x"":[2018,1996,1993,2020],""all_points_y"":[1531,1541,1545,1533]}",{}
4.png,31850550,{},4404,3240,"{""name"":""polygon"",""all_points_x"":[1982,1965,1966,1984],""all_points_y"":[1546,1553,1555,1548]}",{}
4.png,31850550,{},4404,3241,"{""name"":""polygon"",""all_points_x"":[2151,2151,2179,2179],""all_points_y"":[1538,1540,1547,1544]}",{}
4.png,31850550,{},4404,3242,"{""name"":""polygon"",""all_points_x"":[2433,2406,2406,2434],""all_points_y"":[1498,1505,1508,1499]}",{}
4.png,31850550,{},4404,3243,"{""name"":""polygon"",""all_points_x"":[2754,2730,2732,2756],""all_points_y"":[1965,1977,1979,1969]}",{}
4.png,31850550,{},4404,3244,"{""name"":""polygon"",""all_points_x"":[3258,3256,3257,3261],""all_points_y"":[2058,2082,2082,2056]}",{}
4.png,31850550,{},4404,3245,"{""name"":""polygon"",""all_points_x"":[3252,3251,3253,3254],""all_points_y"":[2107,2121,2122,2107]}",{}
4.png,31850550,{},4404,3246,"{""name"":""polygon"",""all_points_x"":[3250,3249,3248,3251,3251],""all_points_y"":[2133,2143,2158,2158,2132]}",{}
4.png,31850550,{},4404,3247,"{""name"":""polygon"",""all_points_x"":[3559,3568,3570,3562],""all_points_y"":[1911,1929,1927,1911]}",{}
4.png,31850550,{},4404,3248,"{""name"":""polygon"",""all_points_x"":[3490,3496,3499,3492],""all_points_y"":[1625,1653,1654,1624]}",{}
4.png,31850550,{},4404,3249,"{""name"":""polygon"",""all_points_x"":[3578,3587,3589,3582],""all_points_y"":[1666,1702,1701,1666]}",{}
4.png,31850550,{},4404,3250,"{""name"":""polygon"",""all_points_x"":[3727,3724,3752,3753],""all_points_y"":[1446,1448,1476,1472]}",{}
4.png,31850550,{},4404,3251,"{""name"":""polygon"",""all_points_x"":[3791,3785,3779,3780,3787,3792],""all_points_y"":[1252,1265,1299,1299,1267,1255]}",{}
4.png,31850550,{},4404,3252,"{""name"":""polygon"",""all_points_x"":[3799,3793,3795,3801],""all_points_y"":[1284,1328,1328,1284]}",{}
4.png,31850550,{},4404,3253,"{""name"":""polygon"",""all_points_x"":[4043,4041,4102,4118,4175,4178,4112],""all_points_y"":[1476,1479,1534,1548,1590,1588,1539]}",{}
4.png,31850550,{},4404,3254,"{""name"":""polygon"",""all_points_x"":[4105,4102,4124,4124],""all_points_y"":[1481,1485,1499,1496]}",{}
4.png,31850550,{},4404,3255,"{""name"":""polygon"",""all_points_x"":[4134,4131,4151,4153],""all_points_y"":[1471,1472,1511,1511]}",{}
4.png,31850550,{},4404,3256,"{""name"":""polygon"",""all_points_x"":[4245,4242,4281,4284],""all_points_y"":[1474,1474,1533,1532]}",{}
4.png,31850550,{},4404,3257,"{""name"":""polygon"",""all_points_x"":[4269,4268,4319,4322],""all_points_y"":[1435,1437,1534,1531]}",{}
4.png,31850550,{},4404,3258,"{""name"":""polygon"",""all_points_x"":[4228,4223,4260,4288,4289],""all_points_y"":[1435,1434,1491,1529,1527]}",{}
4.png,31850550,{},4404,3259,"{""name"":""polygon"",""all_points_x"":[4304,4302,4359,4361],""all_points_y"":[1475,1478,1519,1516]}",{}
4.png,31850550,{},4404,3260,"{""name"":""polygon"",""all_points_x"":[4286,4282,4324,4328],""all_points_y"":[1558,1561,1625,1624]}",{}
4.png,31850550,{},4404,3261,"{""name"":""polygon"",""all_points_x"":[4298,4293,4312,4312],""all_points_y"":[1593,1595,1616,1613]}",{}
4.png,31850550,{},4404,3262,"{""name"":""polygon"",""all_points_x"":[4290,4286,4306,4328,4331,4314],""all_points_y"":[1619,1619,1693,1777,1777,1706]}",{}
4.png,31850550,{},4404,3263,"{""name"":""polygon"",""all_points_x"":[4312,4310,4357,4355],""all_points_y"":[1670,1673,1722,1717]}",{}
4.png,31850550,{},4404,3264,"{""name"":""polygon"",""all_points_x"":[4345,4344,4373,4375],""all_points_y"":[1684,1689,1753,1753]}",{}
4.png,31850550,{},4404,3265,"{""name"":""polygon"",""all_points_x"":[4049,4048,4087,4088],""all_points_y"":[1530,1533,1561,1558]}",{}
4.png,31850550,{},4404,3266,"{""name"":""polygon"",""all_points_x"":[4090,4087,4128,4132],""all_points_y"":[1561,1561,1652,1650]}",{}
4.png,31850550,{},4404,3267,"{""name"":""polygon"",""all_points_x"":[4133,4132,4150,4195,4195,4147],""all_points_y"":[1616,1618,1633,1661,1658,1627]}",{}
4.png,31850550,{},4404,3268,"{""name"":""polygon"",""all_points_x"":[4155,4154,4180,4204,4206],""all_points_y"":[1605,1605,1636,1664,1662]}",{}
4.png,31850550,{},4404,3269,"{""name"":""polygon"",""all_points_x"":[4196,4186,4188,4199],""all_points_y"":[1667,1718,1718,1669]}",{}
4.png,31850550,{},4404,3270,"{""name"":""polygon"",""all_points_x"":[4145,4145,4190,4191],""all_points_y"":[1644,1647,1676,1672]}",{}
4.png,31850550,{},4404,3271,"{""name"":""polygon"",""all_points_x"":[4141,4140,4191,4191],""all_points_y"":[1647,1648,1686,1681]}",{}
4.png,31850550,{},4404,3272,"{""name"":""polygon"",""all_points_x"":[4227,4227,4255,4278,4295,4295,4260],""all_points_y"":[1658,1662,1678,1694,1706,1704,1679]}",{}
4.png,31850550,{},4404,3273,"{""name"":""polygon"",""all_points_x"":[4255,4254,4283,4286],""all_points_y"":[1653,1653,1694,1694]}",{}
4.png,31850550,{},4404,3274,"{""name"":""polygon"",""all_points_x"":[4269,4266,4308,4311],""all_points_y"":[1655,1656,1721,1721]}",{}
4.png,31850550,{},4404,3275,"{""name"":""polygon"",""all_points_x"":[4310,4309,4326,4329],""all_points_y"":[1678,1679,1713,1713]}",{}
4.png,31850550,{},4404,3276,"{""name"":""polygon"",""all_points_x"":[4380,4378,4384,4387],""all_points_y"":[1670,1671,1695,1695]}",{}
4.png,31850550,{},4404,3277,"{""name"":""polygon"",""all_points_x"":[4388,4414,4418,4391],""all_points_y"":[1704,1808,1806,1705]}",{}
4.png,31850550,{},4404,3278,"{""name"":""polygon"",""all_points_x"":[4369,4383,4386,4371],""all_points_y"":[1730,1781,1781,1730]}",{}
4.png,31850550,{},4404,3279,"{""name"":""polygon"",""all_points_x"":[4343,4341,4378,4377],""all_points_y"":[1718,1719,1767,1763]}",{}
4.png,31850550,{},4404,3280,"{""name"":""polygon"",""all_points_x"":[4333,4333,4384,4384],""all_points_y"":[1769,1773,1802,1801]}",{}
4.png,31850550,{},4404,3281,"{""name"":""polygon"",""all_points_x"":[4335,4333,4366,4394,4395],""all_points_y"":[1779,1780,1844,1897,1893]}",{}
4.png,31850550,{},4404,3282,"{""name"":""polygon"",""all_points_x"":[4283,4281,4311,4325,4329,4311],""all_points_y"":[1750,1752,1793,1822,1821,1785]}",{}
4.png,31850550,{},4404,3283,"{""name"":""polygon"",""all_points_x"":[4239,4235,4255,4287,4290,4250],""all_points_y"":[1865,1866,1892,1932,1930,1880]}",{}
4.png,31850550,{},4404,3284,"{""name"":""polygon"",""all_points_x"":[4430,4426,4444,4493,4497,4441,4429],""all_points_y"":[1773,1771,1803,1950,1949,1786,1770]}",{}
4.png,31850550,{},4404,3285,"{""name"":""polygon"",""all_points_x"":[4273,4272,4302,4316,4320],""all_points_y"":[1788,1789,1815,1831,1829]}",{}
4.png,31850550,{},4404,3286,"{""name"":""polygon"",""all_points_x"":[4282,4279,4295,4328,4330,4307],""all_points_y"":[1785,1787,1798,1828,1827,1804]}",{}
4.png,31850550,{},4404,3287,"{""name"":""polygon"",""all_points_x"":[4388,4386,4405,4441,4442],""all_points_y"":[1836,1837,1881,1958,1958]}",{}
4.png,31850550,{},4404,3288,"{""name"":""polygon"",""all_points_x"":[4400,4399,4403,4405],""all_points_y"":[1833,1833,1848,1848]}",{}
4.png,31850550,{},4404,3289,"{""name"":""polygon"",""all_points_x"":[4405,4426,4427,4407],""all_points_y"":[1854,1917,1917,1852]}",{}
4.png,31850550,{},4404,3290,"{""name"":""polygon"",""all_points_x"":[4409,4407,4436,4454,4457],""all_points_y"":[1825,1827,1916,1978,1978]}",{}
4.png,31850550,{},4404,3291,"{""name"":""polygon"",""all_points_x"":[4421,4434,4437,4423],""all_points_y"":[1833,1900,1901,1832]}",{}
4.png,31850550,{},4404,3292,"{""name"":""polygon"",""all_points_x"":[4380,4383,4399,4396],""all_points_y"":[1879,1879,1931,1931]}",{}
4.png,31850550,{},4404,3293,"{""name"":""polygon"",""all_points_x"":[4391,4410,4413,4393],""all_points_y"":[1928,1980,1976,1927]}",{}
4.png,31850550,{},4404,3294,"{""name"":""polygon"",""all_points_x"":[4266,4264,4278,4291,4304,4312,4330,4332,4311,4293],""all_points_y"":[1831,1832,1843,1854,1864,1870,1903,1901,1865,1851]}",{}
4.png,31850550,{},4404,3295,"{""name"":""polygon"",""all_points_x"":[4290,4289,4306,4308],""all_points_y"":[1816,1817,1841,1839]}",{}
4.png,31850550,{},4404,3296,"{""name"":""polygon"",""all_points_x"":[4304,4301,4300,4304,4304,4307],""all_points_y"":[1844,1848,1854,1857,1851,1844]}",{}
4.png,31850550,{},4404,3297,"{""name"":""polygon"",""all_points_x"":[4303,4303,4307,4309,4305],""all_points_y"":[1868,1867,1888,1888,1866]}",{}
4.png,31850550,{},4404,3298,"{""name"":""polygon"",""all_points_x"":[4247,4249,4250,4250],""all_points_y"":[1845,1875,1875,1844]}",{}
4.png,31850550,{},4404,3299,"{""name"":""polygon"",""all_points_x"":[4253,4251,4271,4271],""all_points_y"":[1860,1864,1876,1874]}",{}
4.png,31850550,{},4404,3300,"{""name"":""polygon"",""all_points_x"":[4280,4277,4300,4302],""all_points_y"":[1857,1858,1892,1892]}",{}
4.png,31850550,{},4404,3301,"{""name"":""polygon"",""all_points_x"":[4307,4306,4345,4346],""all_points_y"":[1895,1898,1935,1934]}",{}
4.png,31850550,{},4404,3302,"{""name"":""polygon"",""all_points_x"":[4294,4293,4322,4323],""all_points_y"":[1753,1755,1780,1778]}",{}
4.png,31850550,{},4404,3303,"{""name"":""polygon"",""all_points_x"":[4382,4379,4418,4469,4494,4496,4452],""all_points_y"":[1621,1622,1673,1742,1785,1776,1713]}",{}
4.png,31850550,{},4404,3304,"{""name"":""polygon"",""all_points_x"":[4405,4410,4415,4409],""all_points_y"":[1630,1656,1660,1629]}",{}
4.png,31850550,{},4404,3305,"{""name"":""polygon"",""all_points_x"":[4422,4426,4419,4415],""all_points_y"":[1705,1707,1678,1672]}",{}
4.png,31850550,{},4404,3306,"{""name"":""polygon"",""all_points_x"":[4406,4404,4442,4460,4463],""all_points_y"":[1603,1604,1666,1695,1694]}",{}
4.png,31850550,{},4404,3307,"{""name"":""polygon"",""all_points_x"":[4466,4463,4494,4508,4511],""all_points_y"":[1696,1698,1757,1784,1785]}",{}
4.png,31850550,{},4404,3308,"{""name"":""polygon"",""all_points_x"":[3999,3998,4042,4042],""all_points_y"":[1531,1533,1562,1559]}",{}
4.png,31850550,{},4404,3309,"{""name"":""polygon"",""all_points_x"":[4041,4041,4080,4094,4095],""all_points_y"":[1549,1553,1578,1587,1584]}",{}
4.png,31850550,{},4404,3310,"{""name"":""polygon"",""all_points_x"":[4139,4197,4199,4142],""all_points_y"":[1570,1616,1614,1568]}",{}
4.png,31850550,{},4404,3311,"{""name"":""polygon"",""all_points_x"":[4114,4112,4131,4132],""all_points_y"":[1522,1524,1542,1539]}",{}
4.png,31850550,{},4404,3312,"{""name"":""polygon"",""all_points_x"":[4136,4135,4188,4220,4221],""all_points_y"":[1542,1544,1593,1620,1617]}",{}
4.png,31850550,{},4404,3313,"{""name"":""polygon"",""all_points_x"":[4155,4153,4202,4204],""all_points_y"":[1539,1541,1580,1576]}",{}
4.png,31850550,{},4404,3314,"{""name"":""polygon"",""all_points_x"":[4209,4206,4226,4228],""all_points_y"":[1580,1582,1595,1593]}",{}
4.png,31850550,{},4404,3315,"{""name"":""polygon"",""all_points_x"":[4228,4225,4250,4252],""all_points_y"":[1550,1551,1604,1603]}",{}
4.png,31850550,{},4404,3316,"{""name"":""polygon"",""all_points_x"":[4186,4186,4208,4210],""all_points_y"":[1504,1505,1546,1542]}",{}
4.png,31850550,{},4404,3317,"{""name"":""polygon"",""all_points_x"":[4213,4211,4223,4225],""all_points_y"":[1495,1496,1517,1515]}",{}
4.png,31850550,{},4404,3318,"{""name"":""polygon"",""all_points_x"":[4282,4280,4353,4359,4361],""all_points_y"":[1437,1438,1495,1499,1497]}",{}
4.png,31850550,{},4404,3319,"{""name"":""polygon"",""all_points_x"":[4332,4328,4345,4372,4375],""all_points_y"":[1440,1447,1467,1508,1506]}",{}
4.png,31850550,{},4404,3320,"{""name"":""polygon"",""all_points_x"":[4370,4367,4390,4392],""all_points_y"":[1482,1482,1529,1529]}",{}
4.png,31850550,{},4404,3321,"{""name"":""polygon"",""all_points_x"":[4298,4297,4349,4350],""all_points_y"":[1294,1297,1329,1326]}",{}
4.png,31850550,{},4404,3322,"{""name"":""polygon"",""all_points_x"":[4355,4348,4391,4394],""all_points_y"":[1370,1370,1411,1409]}",{}
4.png,31850550,{},4404,3323,"{""name"":""polygon"",""all_points_x"":[4217,4214,4284,4317,4320],""all_points_y"":[1356,1358,1411,1438,1436]}",{}
4.png,31850550,{},4404,3324,"{""name"":""polygon"",""all_points_x"":[4421,4418,4477,4478],""all_points_y"":[1379,1380,1459,1454]}",{}
4.png,31850550,{},4404,3325,"{""name"":""polygon"",""all_points_x"":[4527,4520,4522,4529],""all_points_y"":[1393,1417,1417,1392]}",{}
4.png,31850550,{},4404,3326,"{""name"":""polygon"",""all_points_x"":[4519,4505,4508,4521],""all_points_y"":[1423,1468,1469,1425]}",{}
4.png,31850550,{},4404,3327,"{""name"":""polygon"",""all_points_x"":[4474,4471,4497,4502,4503],""all_points_y"":[1352,1352,1393,1400,1398]}",{}
4.png,31850550,{},4404,3328,"{""name"":""polygon"",""all_points_x"":[4509,4502,4504,4513],""all_points_y"":[1374,1408,1409,1376]}",{}
4.png,31850550,{},4404,3329,"{""name"":""polygon"",""all_points_x"":[4510,4507,4539,4542],""all_points_y"":[1403,1405,1451,1448]}",{}
4.png,31850550,{},4404,3330,"{""name"":""polygon"",""all_points_x"":[4484,4480,4497,4501],""all_points_y"":[1426,1427,1452,1450]}",{}
4.png,31850550,{},4404,3331,"{""name"":""polygon"",""all_points_x"":[4513,4511,4525,4527],""all_points_y"":[1467,1470,1488,1487]}",{}
4.png,31850550,{},4404,3332,"{""name"":""polygon"",""all_points_x"":[4142,4140,4188,4235,4237],""all_points_y"":[1273,1275,1315,1353,1350]}",{}
4.png,31850550,{},4404,3333,"{""name"":""polygon"",""all_points_x"":[4251,4250,4307,4308],""all_points_y"":[1261,1264,1289,1286]}",{}
4.png,31850550,{},4404,3334,"{""name"":""polygon"",""all_points_x"":[4308,4308,4331,4330],""all_points_y"":[1287,1290,1298,1295]}",{}
4.png,31850550,{},4404,3335,"{""name"":""polygon"",""all_points_x"":[4303,4299,4303,4305],""all_points_y"":[1290,1333,1333,1290]}",{}
4.png,31850550,{},4404,3336,"{""name"":""polygon"",""all_points_x"":[4266,4297,4298,4268],""all_points_y"":[1275,1297,1294,1275]}",{}
4.png,31850550,{},4404,3337,"{""name"":""polygon"",""all_points_x"":[4158,4156,4208,4209],""all_points_y"":[1261,1261,1319,1315]}",{}
4.png,31850550,{},4404,3338,"{""name"":""polygon"",""all_points_x"":[4229,4228,4196,4196],""all_points_y"":[1324,1326,1303,1299]}",{}
4.png,31850550,{},4404,3339,"{""name"":""polygon"",""all_points_x"":[4230,4227,4276,4277],""all_points_y"":[1196,1200,1255,1252]}",{}
4.png,31850550,{},4404,3340,"{""name"":""polygon"",""all_points_x"":[4285,4283,4296,4298],""all_points_y"":[1261,1264,1278,1277]}",{}
4.png,31850550,{},4404,3341,"{""name"":""polygon"",""all_points_x"":[4220,4218,4247,4247],""all_points_y"":[1217,1220,1249,1247]}",{}
4.png,31850550,{},4404,3342,"{""name"":""polygon"",""all_points_x"":[4230,4209,4211,4235],""all_points_y"":[1184,1226,1229,1181]}",{}
4.png,31850550,{},4404,3343,"{""name"":""polygon"",""all_points_x"":[4198,4197,4210,4212],""all_points_y"":[1199,1202,1213,1212]}",{}
4.png,31850550,{},4404,3344,"{""name"":""polygon"",""all_points_x"":[4199,4196,4218,4219],""all_points_y"":[1159,1160,1187,1186]}",{}
4.png,31850550,{},4404,3345,"{""name"":""polygon"",""all_points_x"":[4282,4283,4284,4284],""all_points_y"":[1321,1353,1353,1321]}",{}
4.png,31850550,{},4404,3346,"{""name"":""polygon"",""all_points_x"":[4315,4318,4287,4285],""all_points_y"":[1376,1376,1342,1344]}",{}
4.png,31850550,{},4404,3347,"{""name"":""polygon"",""all_points_x"":[4262,4258,4279,4279],""all_points_y"":[1312,1315,1338,1336]}",{}
4.png,31850550,{},4404,3348,"{""name"":""polygon"",""all_points_x"":[4345,4351,4353,4347],""all_points_y"":[1319,1362,1362,1320]}",{}
4.png,31850550,{},4404,3349,"{""name"":""polygon"",""all_points_x"":[4355,4355,4350,4349],""all_points_y"":[1330,1332,1329,1326]}",{}
4.png,31850550,{},4404,3350,"{""name"":""polygon"",""all_points_x"":[4378,4375,4387,4388],""all_points_y"":[1348,1350,1362,1359]}",{}
4.png,31850550,{},4404,3351,"{""name"":""polygon"",""all_points_x"":[4394,4391,4427,4429],""all_points_y"":[1365,1366,1411,1408]}",{}
4.png,31850550,{},4404,3352,"{""name"":""polygon"",""all_points_x"":[4431,4429,4437,4439],""all_points_y"":[1416,1416,1430,1429]}",{}
4.png,31850550,{},4404,3353,"{""name"":""polygon"",""all_points_x"":[4441,4437,4462,4463],""all_points_y"":[1419,1420,1448,1447]}",{}
4.png,31850550,{},4404,3354,"{""name"":""polygon"",""all_points_x"":[4314,4314,4362,4366],""all_points_y"":[1278,1283,1310,1308]}",{}
4.png,31850550,{},4404,3355,"{""name"":""polygon"",""all_points_x"":[4285,4283,4296,4308,4309,4312],""all_points_y"":[1228,1227,1255,1278,1278,1278]}",{}
4.png,31850550,{},4404,3356,"{""name"":""polygon"",""all_points_x"":[4268,4267,4298,4345,4410,4411],""all_points_y"":[1210,1213,1238,1280,1333,1330]}",{}
4.png,31850550,{},4404,3357,"{""name"":""polygon"",""all_points_x"":[4313,4325,4336,4338,4315],""all_points_y"":[1256,1269,1278,1276,1256]}",{}
4.png,31850550,{},4404,3358,"{""name"":""polygon"",""all_points_x"":[4377,4403,4407,4382],""all_points_y"":[1284,1325,1325,1284]}",{}
4.png,31850550,{},4404,3359,"{""name"":""polygon"",""all_points_x"":[4328,4325,4376,4378],""all_points_y"":[1246,1250,1283,1282]}",{}
4.png,31850550,{},4404,3360,"{""name"":""polygon"",""all_points_x"":[4287,4286,4328,4328],""all_points_y"":[1203,1204,1231,1228]}",{}
4.png,31850550,{},4404,3361,"{""name"":""polygon"",""all_points_x"":[4324,4320,4388,4436,4438,4350],""all_points_y"":[1205,1208,1275,1326,1323,1229]}",{}
4.png,31850550,{},4404,3362,"{""name"":""polygon"",""all_points_x"":[4420,4418,4384,4386],""all_points_y"":[1293,1294,1261,1259]}",{}
4.png,31850550,{},4404,3363,"{""name"":""polygon"",""all_points_x"":[4360,4356,4377,4378],""all_points_y"":[1232,1233,1255,1253]}",{}
4.png,31850550,{},4404,3364,"{""name"":""polygon"",""all_points_x"":[4215,4213,4266,4269],""all_points_y"":[1292,1294,1363,1363]}",{}
4.png,31850550,{},4404,3365,"{""name"":""polygon"",""all_points_x"":[4264,4262,4277,4282],""all_points_y"":[1343,1347,1359,1355]}",{}
4.png,31850550,{},4404,3366,"{""name"":""polygon"",""all_points_x"":[4262,4265,4218,4215,4248],""all_points_y"":[1367,1365,1300,1302,1347]}",{}
4.png,31850550,{},4404,3367,"{""name"":""polygon"",""all_points_x"":[4213,4211,4260,4262],""all_points_y"":[1338,1342,1372,1369]}",{}
4.png,31850550,{},4404,3368,"{""name"":""polygon"",""all_points_x"":[4273,4272,4296,4297],""all_points_y"":[1375,1378,1411,1409]}",{}
4.png,31850550,{},4404,3369,"{""name"":""polygon"",""all_points_x"":[4301,4297,4322,4324],""all_points_y"":[1413,1414,1430,1428]}",{}
4.png,31850550,{},4404,3370,"{""name"":""polygon"",""all_points_x"":[4293,4292,4340,4338],""all_points_y"":[1378,1381,1409,1404]}",{}
4.png,31850550,{},4404,3371,"{""name"":""polygon"",""all_points_x"":[4271,4270,4300,4303],""all_points_y"":[1366,1368,1413,1412]}",{}
4.png,31850550,{},4404,3372,"{""name"":""polygon"",""all_points_x"":[4338,4337,4370,4370],""all_points_y"":[1523,1525,1546,1542]}",{}
4.png,31850550,{},4404,3373,"{""name"":""polygon"",""all_points_x"":[4338,4333,4346,4350],""all_points_y"":[1558,1558,1582,1584]}",{}
4.png,31850550,{},4404,3374,"{""name"":""polygon"",""all_points_x"":[4322,4321,4338,4339],""all_points_y"":[1559,1561,1582,1582]}",{}
4.png,31850550,{},4404,3375,"{""name"":""polygon"",""all_points_x"":[4482,4477,4493,4497],""all_points_y"":[1447,1448,1488,1485]}",{}
4.png,31850550,{},4404,3376,"{""name"":""polygon"",""all_points_x"":[4469,4467,4547,4549],""all_points_y"":[1475,1475,1636,1634]}",{}
4.png,31850550,{},4404,3377,"{""name"":""polygon"",""all_points_x"":[4420,4418,4439,4441],""all_points_y"":[1464,1467,1486,1484]}",{}
4.png,31850550,{},4404,3378,"{""name"":""polygon"",""all_points_x"":[4446,4444,4479,4481],""all_points_y"":[1486,1489,1527,1524]}",{}
4.png,31850550,{},4404,3379,"{""name"":""polygon"",""all_points_x"":[4449,4447,4465,4465],""all_points_y"":[1468,1471,1486,1482]}",{}
4.png,31850550,{},4404,3380,"{""name"":""polygon"",""all_points_x"":[4521,4518,4531,4533],""all_points_y"":[1464,1466,1484,1483]}",{}
4.png,31850550,{},4404,3381,"{""name"":""polygon"",""all_points_x"":[4147,4144,4170,4171],""all_points_y"":[1373,1374,1411,1408]}",{}
4.png,31850550,{},4404,3382,"{""name"":""polygon"",""all_points_x"":[4159,4156,4167,4168],""all_points_y"":[1453,1454,1475,1474]}",{}
4.png,31850550,{},4404,3383,"{""name"":""polygon"",""all_points_x"":[4172,4170,4186,4187],""all_points_y"":[1477,1478,1513,1513]}",{}
4.png,31850550,{},4404,3384,"{""name"":""polygon"",""all_points_x"":[4077,4077,4105,4107],""all_points_y"":[1476,1479,1500,1496]}",{}
4.png,31850550,{},4404,3385,"{""name"":""polygon"",""all_points_x"":[4049,4047,4073,4074],""all_points_y"":[1511,1513,1536,1533]}",{}
4.png,31850550,{},4404,3386,"{""name"":""polygon"",""all_points_x"":[4078,4077,4123,4125],""all_points_y"":[1517,1518,1557,1555]}",{}
4.png,31850550,{},4404,3387,"{""name"":""polygon"",""all_points_x"":[4191,4191,4260,4260],""all_points_y"":[1575,1577,1627,1624]}",{}
4.png,31850550,{},4404,3388,"{""name"":""polygon"",""all_points_x"":[4113,4112,4148,4164,4166,4146],""all_points_y"":[1597,1600,1615,1629,1626,1610]}",{}
4.png,31850550,{},4404,3389,"{""name"":""polygon"",""all_points_x"":[3977,3976,4007,4008],""all_points_y"":[1600,1603,1641,1639]}",{}
4.png,31850550,{},4404,3390,"{""name"":""polygon"",""all_points_x"":[4001,4014,4017,4005],""all_points_y"":[1758,1786,1784,1759]}",{}
4.png,31850550,{},4404,3391,"{""name"":""polygon"",""all_points_x"":[3923,3922,3940,3942],""all_points_y"":[1786,1789,1804,1801]}",{}
4.png,31850550,{},4404,3392,"{""name"":""polygon"",""all_points_x"":[4048,4047,4072,4101,4102,4072,4060],""all_points_y"":[1776,1779,1817,1844,1841,1810,1796]}",{}
4.png,31850550,{},4404,3393,"{""name"":""polygon"",""all_points_x"":[4118,4115,4155,4158,4156],""all_points_y"":[1805,1809,1838,1839,1835]}",{}
4.png,31850550,{},4404,3394,"{""name"":""polygon"",""all_points_x"":[4148,4167,4170,4150],""all_points_y"":[1807,1864,1864,1806]}",{}
4.png,31850550,{},4404,3395,"{""name"":""polygon"",""all_points_x"":[4164,4164,4174,4174],""all_points_y"":[1838,1841,1847,1844]}",{}
4.png,31850550,{},4404,3396,"{""name"":""polygon"",""all_points_x"":[4186,4196,4196,4143,4140],""all_points_y"":[1864,1881,1877,1777,1777]}",{}
4.png,31850550,{},4404,3397,"{""name"":""polygon"",""all_points_x"":[4173,4174,4176,4176],""all_points_y"":[1811,1833,1838,1812]}",{}
4.png,31850550,{},4404,3398,"{""name"":""polygon"",""all_points_x"":[4178,4179,4179,4175],""all_points_y"":[1874,1874,1852,1847]}",{}
4.png,31850550,{},4404,3399,"{""name"":""polygon"",""all_points_x"":[4282,4278,4283,4287],""all_points_y"":[1651,1651,1664,1662]}",{}
4.png,31850550,{},4404,3400,"{""name"":""polygon"",""all_points_x"":[4290,4285,4306,4304],""all_points_y"":[1666,1667,1705,1697]}",{}
4.png,31850550,{},4404,3401,"{""name"":""polygon"",""all_points_x"":[4344,4341,4356,4359],""all_points_y"":[1622,1624,1661,1660]}",{}
4.png,31850550,{},4404,3402,"{""name"":""polygon"",""all_points_x"":[4458,4438,4439,4460],""all_points_y"":[1616,1649,1651,1619]}",{}
4.png,31850550,{},4404,3403,"{""name"":""polygon"",""all_points_x"":[4474,4474,4540,4542],""all_points_y"":[1590,1592,1644,1641]}",{}
4.png,31850550,{},4404,3404,"{""name"":""polygon"",""all_points_x"":[4549,4546,4532,4534],""all_points_y"":[1643,1644,1617,1615]}",{}
4.png,31850550,{},4404,3405,"{""name"":""polygon"",""all_points_x"":[4517,4515,4531,4544,4547,4528],""all_points_y"":[1642,1642,1705,1773,1774,1683]}",{}
4.png,31850550,{},4404,3406,"{""name"":""polygon"",""all_points_x"":[4543,4540,4558,4560],""all_points_y"":[1707,1710,1811,1812]}",{}
4.png,31850550,{},4404,3407,"{""name"":""polygon"",""all_points_x"":[4489,4489,4517,4515],""all_points_y"":[1635,1639,1631,1627]}",{}
4.png,31850550,{},4404,3408,"{""name"":""polygon"",""all_points_x"":[4477,4487,4490,4479],""all_points_y"":[1605,1633,1633,1605]}",{}
4.png,31850550,{},4404,3409,"{""name"":""polygon"",""all_points_x"":[4495,4491,4524,4527],""all_points_y"":[1641,1642,1716,1715]}",{}
4.png,31850550,{},4404,3410,"{""name"":""polygon"",""all_points_x"":[4506,4502,4526,4529],""all_points_y"":[1729,1732,1767,1764]}",{}
4.png,31850550,{},4404,3411,"{""name"":""polygon"",""all_points_x"":[4539,4538,4549,4549],""all_points_y"":[1806,1806,1830,1827]}",{}
4.png,31850550,{},4404,3412,"{""name"":""polygon"",""all_points_x"":[4545,4557,4560,4548],""all_points_y"":[1780,1887,1886,1778]}",{}
4.png,31850550,{},4404,3413,"{""name"":""polygon"",""all_points_x"":[4517,4515,4531,4533],""all_points_y"":[1768,1769,1796,1792]}",{}
4.png,31850550,{},4404,3414,"{""name"":""polygon"",""all_points_x"":[4511,4507,4527,4528],""all_points_y"":[1807,1808,1846,1841]}",{}
4.png,31850550,{},4404,3415,"{""name"":""polygon"",""all_points_x"":[4355,4352,4377,4404,4407,4391],""all_points_y"":[1877,1877,1934,1993,1993,1960]}",{}
4.png,31850550,{},4404,3416,"{""name"":""polygon"",""all_points_x"":[4349,4351,4362,4358],""all_points_y"":[1881,1881,1903,1903]}",{}
4.png,31850550,{},4404,3417,"{""name"":""polygon"",""all_points_x"":[4362,4364,4392,4391],""all_points_y"":[1912,1910,1969,1972]}",{}
4.png,31850550,{},4404,3418,"{""name"":""polygon"",""all_points_x"":[4387,4378,4379,4389],""all_points_y"":[1971,2005,2005,1972]}",{}
4.png,31850550,{},4404,3419,"{""name"":""polygon"",""all_points_x"":[4197,4195,4260,4264],""all_points_y"":[1710,1711,1826,1825]}",{}
4.png,31850550,{},4404,3420,"{""name"":""polygon"",""all_points_x"":[4244,4243,4270,4272],""all_points_y"":[1806,1807,1849,1847]}",{}
4.png,31850550,{},4404,3421,"{""name"":""polygon"",""all_points_x"":[4270,4283,4287,4273],""all_points_y"":[1880,1918,1919,1881]}",{}
4.png,31850550,{},4404,3422,"{""name"":""polygon"",""all_points_x"":[4241,4241,4243,4243],""all_points_y"":[1892,1945,1945,1894]}",{}
4.png,31850550,{},4404,3423,"{""name"":""polygon"",""all_points_x"":[4223,4221,4262,4275,4276],""all_points_y"":[1663,1665,1726,1743,1742]}",{}
4.png,31850550,{},4404,3424,"{""name"":""polygon"",""all_points_x"":[4247,4259,4259,4261,4261,4250],""all_points_y"":[1710,1748,1775,1776,1751,1710]}",{}
4.png,31850550,{},4404,3425,"{""name"":""polygon"",""all_points_x"":[4213,4216,4231,4227],""all_points_y"":[1669,1667,1702,1702]}",{}
4.png,31850550,{},4404,3426,"{""name"":""polygon"",""all_points_x"":[4212,4212,4228,4230],""all_points_y"":[1694,1695,1708,1703]}",{}
4.png,31850550,{},4404,3427,"{""name"":""polygon"",""all_points_x"":[4163,4160,4181,4186],""all_points_y"":[1699,1699,1733,1731]}",{}
4.png,31850550,{},4404,3428,"{""name"":""polygon"",""all_points_x"":[4188,4183,4210,4217,4215],""all_points_y"":[1735,1737,1770,1777,1771]}",{}
4.png,31850550,{},4404,3429,"{""name"":""polygon"",""all_points_x"":[4130,4127,4163,4174,4179,4163],""all_points_y"":[1690,1691,1721,1754,1753,1715]}",{}
4.png,31850550,{},4404,3430,"{""name"":""polygon"",""all_points_x"":[4092,4090,4108,4110],""all_points_y"":[1657,1659,1676,1674]}",{}
4.png,31850550,{},4404,3431,"{""name"":""polygon"",""all_points_x"":[4140,4136,4156,4158],""all_points_y"":[1712,1716,1731,1727]}",{}
4.png,31850550,{},4404,3432,"{""name"":""polygon"",""all_points_x"":[4097,4095,4113,4115],""all_points_y"":[1679,1680,1697,1694]}",{}
4.png,31850550,{},4404,3433,"{""name"":""polygon"",""all_points_x"":[4190,4188,4199,4200],""all_points_y"":[1758,1758,1780,1778]}",{}
4.png,31850550,{},4404,3434,"{""name"":""polygon"",""all_points_x"":[4242,4242,4256,4276,4280,4282,4260],""all_points_y"":[1780,1785,1801,1826,1833,1831,1801]}",{}
4.png,31850550,{},4404,3435,"{""name"":""polygon"",""all_points_x"":[4278,4278,4296,4296],""all_points_y"":[1815,1818,1838,1834]}",{}
4.png,31850550,{},4404,3436,"{""name"":""polygon"",""all_points_x"":[4248,4247,4260,4272,4296,4292,4258],""all_points_y"":[1933,1937,1950,1971,2004,1991,1943]}",{}
4.png,31850550,{},4404,3437,"{""name"":""polygon"",""all_points_x"":[4280,4278,4301,4305],""all_points_y"":[1946,1946,2015,2014]}",{}
4.png,31850550,{},4404,3438,"{""name"":""polygon"",""all_points_x"":[4309,4305,4319,4321],""all_points_y"":[2023,2025,2059,2057]}",{}
4.png,31850550,{},4404,3439,"{""name"":""polygon"",""all_points_x"":[4294,4292,4314,4314],""all_points_y"":[1934,1937,1964,1962]}",{}
4.png,31850550,{},4404,3440,"{""name"":""polygon"",""all_points_x"":[4337,4336,4361,4361],""all_points_y"":[1958,1961,1975,1972]}",{}
4.png,31850550,{},4404,3441,"{""name"":""polygon"",""all_points_x"":[4410,4412,4434,4431],""all_points_y"":[1906,1905,1945,1946]}",{}
4.png,31850550,{},4404,3442,"{""name"":""polygon"",""all_points_x"":[4086,4084,4099,4101],""all_points_y"":[1838,1838,1875,1873]}",{}
4.png,31850550,{},4404,3443,"{""name"":""polygon"",""all_points_x"":[4108,4108,4111,4111],""all_points_y"":[1814,1854,1854,1816]}",{}
4.png,31850550,{},4404,3444,"{""name"":""polygon"",""all_points_x"":[4153,4157,4170,4171],""all_points_y"":[1786,1796,1813,1808]}",{}
4.png,31850550,{},4404,3445,"{""name"":""polygon"",""all_points_x"":[3983,3983,3953,3957],""all_points_y"":[1924,1928,1908,1907]}",{}
4.png,31850550,{},4404,3446,"{""name"":""polygon"",""all_points_x"":[3969,3967,3991,3989],""all_points_y"":[2057,2060,2086,2079]}",{}
4.png,31850550,{},4404,3447,"{""name"":""polygon"",""all_points_x"":[4082,4085,4096,4093],""all_points_y"":[1987,1987,2060,2057]}",{}
4.png,31850550,{},4404,3448,"{""name"":""polygon"",""all_points_x"":[4099,4097,4101,4103],""all_points_y"":[1942,1943,1955,1954]}",{}
4.png,31850550,{},4404,3449,"{""name"":""polygon"",""all_points_x"":[4109,4115,4117,4111],""all_points_y"":[1970,1993,1993,1970]}",{}
4.png,31850550,{},4404,3450,"{""name"":""polygon"",""all_points_x"":[4253,4252,4255,4256],""all_points_y"":[1952,2033,2034,1954]}",{}
4.png,31850550,{},4404,3451,"{""name"":""polygon"",""all_points_x"":[4238,4250,4253,4241],""all_points_y"":[1966,2054,2054,1966]}",{}
4.png,31850550,{},4404,3452,"{""name"":""polygon"",""all_points_x"":[4261,4259,4293,4296],""all_points_y"":[1959,1959,2112,2112]}",{}
4.png,31850550,{},4404,3453,"{""name"":""polygon"",""all_points_x"":[4228,4226,4291,4296,4247],""all_points_y"":[1994,1994,2169,2168,2046]}",{}
4.png,31850550,{},4404,3454,"{""name"":""polygon"",""all_points_x"":[4315,4313,4344,4346],""all_points_y"":[2004,2004,2093,2093]}",{}
4.png,31850550,{},4404,3455,"{""name"":""polygon"",""all_points_x"":[4335,4332,4345,4347],""all_points_y"":[1981,1980,2029,2029]}",{}
4.png,31850550,{},4404,3456,"{""name"":""polygon"",""all_points_x"":[4343,4340,4372,4379,4382,4367],""all_points_y"":[1981,1981,2095,2119,2119,2068]}",{}
4.png,31850550,{},4404,3457,"{""name"":""polygon"",""all_points_x"":[4367,4366,4383,4385],""all_points_y"":[2051,2052,2090,2089]}",{}
4.png,31850550,{},4404,3458,"{""name"":""polygon"",""all_points_x"":[4388,4385,4395,4398],""all_points_y"":[2095,2095,2113,2113]}",{}
4.png,31850550,{},4404,3459,"{""name"":""polygon"",""all_points_x"":[4379,4378,4394,4397],""all_points_y"":[2099,2100,2137,2135]}",{}
4.png,31850550,{},4404,3460,"{""name"":""polygon"",""all_points_x"":[4329,4326,4372,4372],""all_points_y"":[2019,2020,2123,2111]}",{}
4.png,31850550,{},4404,3461,"{""name"":""polygon"",""all_points_x"":[4403,4400,4430,4431],""all_points_y"":[2010,2011,2084,2073]}",{}
4.png,31850550,{},4404,3462,"{""name"":""polygon"",""all_points_x"":[4432,4434,4436,4434],""all_points_y"":[2015,2031,2031,2013]}",{}
4.png,31850550,{},4404,3463,"{""name"":""polygon"",""all_points_x"":[4419,4426,4428,4422],""all_points_y"":[1960,1990,1988,1960]}",{}
4.png,31850550,{},4404,3464,"{""name"":""polygon"",""all_points_x"":[4415,4413,4432,4432],""all_points_y"":[2004,2007,2036,2031]}",{}
4.png,31850550,{},4404,3465,"{""name"":""polygon"",""all_points_x"":[4427,4428,4419,4415],""all_points_y"":[2036,2036,2016,2013]}",{}
4.png,31850550,{},4404,3466,"{""name"":""polygon"",""all_points_x"":[4496,4507,4512,4499],""all_points_y"":[2041,2139,2140,2041]}",{}
4.png,31850550,{},4404,3467,"{""name"":""polygon"",""all_points_x"":[4462,4467,4469,4464],""all_points_y"":[2049,2073,2073,2051]}",{}
4.png,31850550,{},4404,3468,"{""name"":""polygon"",""all_points_x"":[4468,4464,4476,4479],""all_points_y"":[2049,2050,2074,2069]}",{}
4.png,31850550,{},4404,3469,"{""name"":""polygon"",""all_points_x"":[4508,4505,4526,4527],""all_points_y"":[2053,2053,2176,2176]}",{}
4.png,31850550,{},4404,3470,"{""name"":""polygon"",""all_points_x"":[4514,4513,4511,4531,4534],""all_points_y"":[2031,2031,2031,2127,2127]}",{}
4.png,31850550,{},4404,3471,"{""name"":""polygon"",""all_points_x"":[4330,4328,4372,4386,4388],""all_points_y"":[2076,2080,2137,2153,2151]}",{}
4.png,31850550,{},4404,3472,"{""name"":""polygon"",""all_points_x"":[4351,4362,4365,4354],""all_points_y"":[2115,2151,2151,2115]}",{}
4.png,31850550,{},4404,3473,"{""name"":""polygon"",""all_points_x"":[4333,4355,4357,4336],""all_points_y"":[2091,2153,2152,2090]}",{}
4.png,31850550,{},4404,3474,"{""name"":""polygon"",""all_points_x"":[4331,4361,4363,4333],""all_points_y"":[2097,2191,2191,2096]}",{}
4.png,31850550,{},4404,3475,"{""name"":""polygon"",""all_points_x"":[4293,4292,4320,4322],""all_points_y"":[2085,2086,2175,2175]}",{}
4.png,31850550,{},4404,3476,"{""name"":""polygon"",""all_points_x"":[4280,4278,4285,4286],""all_points_y"":[2074,2074,2087,2083]}",{}
4.png,31850550,{},4404,3477,"{""name"":""polygon"",""all_points_x"":[4264,4262,4289,4300,4301,4285],""all_points_y"":[2138,2140,2178,2192,2190,2168]}",{}
4.png,31850550,{},4404,3478,"{""name"":""polygon"",""all_points_x"":[4269,4286,4288,4273],""all_points_y"":[2181,2234,2234,2180]}",{}
4.png,31850550,{},4404,3479,"{""name"":""polygon"",""all_points_x"":[4231,4227,4242,4243],""all_points_y"":[2118,2119,2155,2153]}",{}
4.png,31850550,{},4404,3480,"{""name"":""polygon"",""all_points_x"":[4314,4322,4325,4316],""all_points_y"":[2180,2216,2216,2180]}",{}
4.png,31850550,{},4404,3481,"{""name"":""polygon"",""all_points_x"":[4381,4378,4392,4395],""all_points_y"":[2172,2172,2217,2215]}",{}
4.png,31850550,{},4404,3482,"{""name"":""polygon"",""all_points_x"":[4440,4438,4456,4458],""all_points_y"":[2203,2208,2265,2263]}",{}
4.png,31850550,{},4404,3483,"{""name"":""polygon"",""all_points_x"":[4418,4418,4416,4430,4437,4448,4453,4455,4439,4430],""all_points_y"":[2143,2143,2143,2182,2225,2255,2274,2272,2218,2173]}",{}
4.png,31850550,{},4404,3484,"{""name"":""polygon"",""all_points_x"":[4256,4254,4273,4275],""all_points_y"":[2184,2185,2228,2228]}",{}
4.png,31850550,{},4404,3485,"{""name"":""polygon"",""all_points_x"":[4281,4279,4301,4303],""all_points_y"":[2234,2236,2285,2282]}",{}
4.png,31850550,{},4404,3486,"{""name"":""polygon"",""all_points_x"":[4406,4402,4414,4416],""all_points_y"":[2204,2204,2250,2250]}",{}
4.png,31850550,{},4404,3487,"{""name"":""polygon"",""all_points_x"":[4395,4393,4403,4406],""all_points_y"":[2199,2200,2243,2243]}",{}
4.png,31850550,{},4404,3488,"{""name"":""polygon"",""all_points_x"":[4392,4390,4417,4435,4432],""all_points_y"":[2261,2264,2277,2284,2278]}",{}
4.png,31850550,{},4404,3489,"{""name"":""polygon"",""all_points_x"":[4346,4344,4371,4378,4381,4372],""all_points_y"":[2197,2200,2272,2301,2302,2265]}",{}
4.png,31850550,{},4404,3490,"{""name"":""polygon"",""all_points_x"":[4356,4354,4364,4369,4372],""all_points_y"":[2211,2212,2238,2248,2249]}",{}
4.png,31850550,{},4404,3491,"{""name"":""polygon"",""all_points_x"":[4417,4415,4434,4433],""all_points_y"":[2188,2190,2220,2215]}",{}
4.png,31850550,{},4404,3492,"{""name"":""polygon"",""all_points_x"":[4356,4353,4371,4372],""all_points_y"":[2271,2274,2301,2298]}",{}
4.png,31850550,{},4404,3493,"{""name"":""polygon"",""all_points_x"":[4313,4309,4320,4321],""all_points_y"":[2242,2242,2263,2261]}",{}
4.png,31850550,{},4404,3494,"{""name"":""polygon"",""all_points_x"":[4324,4320,4337,4340],""all_points_y"":[2255,2257,2297,2295]}",{}
4.png,31850550,{},4404,3495,"{""name"":""polygon"",""all_points_x"":[4327,4330,4311,4303,4303,4313],""all_points_y"":[2286,2287,2250,2242,2243,2259]}",{}
4.png,31850550,{},4404,3496,"{""name"":""polygon"",""all_points_x"":[4289,4291,4308,4310],""all_points_y"":[2246,2251,2265,2261]}",{}
4.png,31850550,{},4404,3497,"{""name"":""polygon"",""all_points_x"":[4324,4321,4308,4309],""all_points_y"":[2302,2303,2292,2290]}",{}
4.png,31850550,{},4404,3498,"{""name"":""polygon"",""all_points_x"":[4272,4273,4301,4303],""all_points_y"":[2263,2266,2303,2301]}",{}
4.png,31850550,{},4404,3499,"{""name"":""polygon"",""all_points_x"":[4292,4295,4293,4291],""all_points_y"":[2301,2301,2294,2292]}",{}
4.png,31850550,{},4404,3500,"{""name"":""polygon"",""all_points_x"":[4284,4285,4289,4288],""all_points_y"":[2269,2276,2277,2270]}",{}
4.png,31850550,{},4404,3501,"{""name"":""polygon"",""all_points_x"":[4269,4279,4282,4274],""all_points_y"":[2272,2300,2301,2274]}",{}
4.png,31850550,{},4404,3502,"{""name"":""polygon"",""all_points_x"":[4223,4230,4237,4238,4230,4226],""all_points_y"":[2162,2203,2225,2224,2185,2162]}",{}
4.png,31850550,{},4404,3503,"{""name"":""polygon"",""all_points_x"":[4214,4211,4227,4243,4246],""all_points_y"":[2206,2206,2250,2302,2299]}",{}
4.png,31850550,{},4404,3504,"{""name"":""polygon"",""all_points_x"":[4188,4186,4203,4206],""all_points_y"":[2141,2141,2181,2181]}",{}
4.png,31850550,{},4404,3505,"{""name"":""polygon"",""all_points_x"":[4190,4202,4206,4209,4192],""all_points_y"":[2208,2248,2262,2262,2208]}",{}
4.png,31850550,{},4404,3506,"{""name"":""polygon"",""all_points_x"":[4207,4223,4226,4208],""all_points_y"":[2266,2277,2272,2263]}",{}
4.png,31850550,{},4404,3507,"{""name"":""polygon"",""all_points_x"":[4210,4219,4221,4212],""all_points_y"":[2271,2302,2301,2270]}",{}
4.png,31850550,{},4404,3508,"{""name"":""polygon"",""all_points_x"":[4191,4200,4202,4195],""all_points_y"":[2235,2262,2262,2236]}",{}
4.png,31850550,{},4404,3509,"{""name"":""polygon"",""all_points_x"":[4160,4182,4184,4163],""all_points_y"":[2199,2254,2254,2199]}",{}
4.png,31850550,{},4404,3510,"{""name"":""polygon"",""all_points_x"":[4141,4144,4159,4157],""all_points_y"":[2143,2143,2192,2192]}",{}
4.png,31850550,{},4404,3511,"{""name"":""polygon"",""all_points_x"":[4150,4147,4156,4158],""all_points_y"":[2144,2147,2168,2166]}",{}
4.png,31850550,{},4404,3512,"{""name"":""polygon"",""all_points_x"":[4059,4057,4082,4127,4135,4137],""all_points_y"":[2181,2184,2220,2286,2298,2293]}",{}
4.png,31850550,{},4404,3513,"{""name"":""polygon"",""all_points_x"":[4111,4109,4135,4137],""all_points_y"":[2269,2272,2303,2301]}",{}
4.png,31850550,{},4404,3514,"{""name"":""polygon"",""all_points_x"":[4013,4008,4054,4057],""all_points_y"":[2164,2165,2240,2239]}",{}
4.png,31850550,{},4404,3515,"{""name"":""polygon"",""all_points_x"":[3838,3838,3838,3876,3896,3893],""all_points_y"":[2276,2275,2278,2287,2289,2286]}",{}
4.png,31850550,{},4404,3516,"{""name"":""polygon"",""all_points_x"":[3982,3980,4022,4038,4040],""all_points_y"":[2258,2259,2291,2303,2302]}",{}
4.png,31850550,{},4404,3517,"{""name"":""polygon"",""all_points_x"":[3786,3783,3814,3816],""all_points_y"":[2237,2237,2291,2288]}",{}
4.png,31850550,{},4404,3518,"{""name"":""polygon"",""all_points_x"":[3608,3609,3610,3609],""all_points_y"":[1670,1720,1719,1670]}",{}
4.png,31850550,{},4404,3519,"{""name"":""polygon"",""all_points_x"":[3673,3673,3683,3684],""all_points_y"":[1678,1680,1692,1691]}",{}
4.png,31850550,{},4404,3520,"{""name"":""polygon"",""all_points_x"":[3687,3684,3670,3672],""all_points_y"":[1701,1704,1685,1683]}",{}
4.png,31850550,{},4404,3521,"{""name"":""polygon"",""all_points_x"":[3745,3743,3752,3753],""all_points_y"":[1715,1714,1736,1735]}",{}
4.png,31850550,{},4404,3522,"{""name"":""polygon"",""all_points_x"":[3563,3561,3571,3572],""all_points_y"":[1430,1429,1451,1451]}",{}
4.png,31850550,{},4404,3523,"{""name"":""polygon"",""all_points_x"":[3422,3405,3406,3422],""all_points_y"":[1617,1651,1651,1620]}",{}
4.png,31850550,{},4404,3524,"{""name"":""polygon"",""all_points_x"":[3618,3613,3614,3615,3616,3620],""all_points_y"":[1533,1550,1570,1569,1551,1534]}",{}
4.png,31850550,{},4404,3525,"{""name"":""polygon"",""all_points_x"":[3623,3619,3616,3619],""all_points_y"":[1543,1542,1573,1571]}",{}
4.png,31850550,{},4404,3526,"{""name"":""polygon"",""all_points_x"":[3577,3567,3570,3579],""all_points_y"":[1555,1592,1592,1555]}",{}
4.png,31850550,{},4404,3527,"{""name"":""polygon"",""all_points_x"":[3526,3523,3526,3529],""all_points_y"":[1547,1570,1570,1547]}",{}
4.png,31850550,{},4404,3528,"{""name"":""polygon"",""all_points_x"":[3604,3605,3607,3606],""all_points_y"":[1597,1624,1623,1596]}",{}
4.png,31850550,{},4404,3529,"{""name"":""polygon"",""all_points_x"":[4065,4063,4084,4085],""all_points_y"":[1828,1829,1861,1859]}",{}
4.png,31850550,{},4404,3530,"{""name"":""polygon"",""all_points_x"":[4035,4033,4055,4057],""all_points_y"":[1866,1867,1908,1906]}",{}
4.png,31850550,{},4404,3531,"{""name"":""polygon"",""all_points_x"":[4017,4015,4030,4031],""all_points_y"":[1833,1835,1860,1858]}",{}
4.png,31850550,{},4404,3532,"{""name"":""polygon"",""all_points_x"":[4037,4034,4048,4051],""all_points_y"":[1854,1856,1885,1885]}",{}
4.png,31850550,{},4404,3533,"{""name"":""polygon"",""all_points_x"":[4053,4050,4057,4060],""all_points_y"":[1851,1851,1874,1873]}",{}
4.png,31850550,{},4404,3534,"{""name"":""polygon"",""all_points_x"":[4118,4116,4139,4141],""all_points_y"":[1778,1779,1806,1805]}",{}
4.png,31850550,{},4404,3535,"{""name"":""polygon"",""all_points_x"":[3928,3927,3953,3960,3960],""all_points_y"":[1725,1727,1743,1746,1743]}",{}
4.png,31850550,{},4404,3536,"{""name"":""polygon"",""all_points_x"":[3905,3902,3925,3950,3954],""all_points_y"":[2047,2048,2075,2105,2106]}",{}
4.png,31850550,{},4404,3537,"{""name"":""polygon"",""all_points_x"":[3904,3902,3928,3954,3956],""all_points_y"":[2039,2041,2062,2081,2080]}",{}
4.png,31850550,{},4404,3538,"{""name"":""polygon"",""all_points_x"":[4076,4073,4100,4104],""all_points_y"":[2020,2020,2107,2109]}",{}
4.png,31850550,{},4404,3539,"{""name"":""polygon"",""all_points_x"":[4076,4069,4098,4104,4105],""all_points_y"":[2053,2055,2111,2121,2116]}",{}
4.png,31850550,{},4404,3540,"{""name"":""polygon"",""all_points_x"":[4108,4105,4111,4114],""all_points_y"":[2106,2106,2129,2129]}",{}
4.png,31850550,{},4404,3541,"{""name"":""polygon"",""all_points_x"":[4121,4119,4139,4141],""all_points_y"":[2149,2150,2207,2208]}",{}
4.png,31850550,{},4404,3542,"{""name"":""polygon"",""all_points_x"":[4129,4127,4137,4153,4154],""all_points_y"":[2153,2155,2182,2211,2211]}",{}
4.png,31850550,{},4404,3543,"{""name"":""polygon"",""all_points_x"":[4079,4100,4141,4136,4110,4092,4079],""all_points_y"":[2106,2135,2221,2222,2159,2128,2110]}",{}
4.png,31850550,{},4404,3544,"{""name"":""polygon"",""all_points_x"":[4154,4152,4183,4184],""all_points_y"":[2245,2250,2278,2276]}",{}
4.png,31850550,{},4404,3545,"{""name"":""polygon"",""all_points_x"":[4014,4013,4035,4050,4059,4060,4031],""all_points_y"":[2208,2211,2251,2271,2283,2281,2239]}",{}
4.png,31850550,{},4404,3546,"{""name"":""polygon"",""all_points_x"":[4021,4031,4032,4022],""all_points_y"":[2201,2223,2221,2200]}",{}
4.png,31850550,{},4404,3547,"{""name"":""polygon"",""all_points_x"":[3987,3988,4007,4008],""all_points_y"":[2148,2152,2158,2154]}",{}
4.png,31850550,{},4404,3548,"{""name"":""polygon"",""all_points_x"":[3908,3910,3892,3890],""all_points_y"":[2162,2163,2127,2127]}",{}
4.png,31850550,{},4404,3549,"{""name"":""polygon"",""all_points_x"":[3867,3867,3892,3892],""all_points_y"":[2115,2117,2143,2138]}",{}
4.png,31850550,{},4404,3550,"{""name"":""polygon"",""all_points_x"":[3955,3954,3983,3983],""all_points_y"":[2216,2219,2244,2241]}",{}
4.png,31850550,{},4404,3551,"{""name"":""polygon"",""all_points_x"":[3948,3946,3983,3991,3992],""all_points_y"":[2218,2221,2249,2256,2253]}",{}
4.png,31850550,{},4404,3552,"{""name"":""polygon"",""all_points_x"":[4003,4000,4026,4026],""all_points_y"":[2239,2239,2279,2275]}",{}
4.png,31850550,{},4404,3553,"{""name"":""polygon"",""all_points_x"":[3957,3956,3982,3984],""all_points_y"":[2278,2281,2302,2301]}",{}
4.png,31850550,{},4404,3554,"{""name"":""polygon"",""all_points_x"":[4031,4029,4055,4056],""all_points_y"":[2120,2121,2145,2143]}",{}
4.png,31850550,{},4404,3555,"{""name"":""polygon"",""all_points_x"":[3975,3972,3996,3998],""all_points_y"":[2268,2271,2298,2298]}",{}
4.png,31850550,{},4404,3556,"{""name"":""polygon"",""all_points_x"":[4100,4100,4117,4119],""all_points_y"":[2191,2198,2216,2212]}",{}
4.png,31850550,{},4404,3557,"{""name"":""polygon"",""all_points_x"":[4050,4048,4064,4066],""all_points_y"":[1793,1794,1820,1819]}",{}
4.png,31850550,{},4404,3558,"{""name"":""polygon"",""all_points_x"":[3990,3988,4009,4037,4035],""all_points_y"":[1414,1416,1432,1451,1446]}",{}
4.png,31850550,{},4404,3559,"{""name"":""polygon"",""all_points_x"":[3985,3982,3993,3996],""all_points_y"":[1419,1423,1432,1429]}",{}
4.png,31850550,{},4404,3560,"{""name"":""polygon"",""all_points_x"":[3865,3864,3894,3894],""all_points_y"":[1506,1509,1519,1517]}",{}
4.png,31850550,{},4404,3561,"{""name"":""polygon"",""all_points_x"":[3941,3937,3947,3949],""all_points_y"":[1321,1322,1336,1335]}",{}
4.png,31850550,{},4404,3562,"{""name"":""polygon"",""all_points_x"":[3959,3957,3961,3962],""all_points_y"":[1240,1260,1258,1242]}",{}
4.png,31850550,{},4404,3563,"{""name"":""polygon"",""all_points_x"":[4286,4284,4273,4274],""all_points_y"":[1372,1374,1362,1362]}",{}
4.png,31850550,{},4404,3564,"{""name"":""polygon"",""all_points_x"":[4287,4314,4313,4280,4282],""all_points_y"":[1361,1382,1384,1360,1357]}",{}
4.png,31850550,{},4404,3565,"{""name"":""polygon"",""all_points_x"":[4326,4324,4340,4342],""all_points_y"":[1370,1374,1392,1390]}",{}
4.png,31850550,{},4404,3566,"{""name"":""polygon"",""all_points_x"":[3954,3954,3971,3968],""all_points_y"":[1600,1603,1614,1606]}",{}
4.png,31850550,{},4404,3567,"{""name"":""polygon"",""all_points_x"":[3894,3892,3913,3914],""all_points_y"":[1659,1662,1681,1678]}",{}
4.png,31850550,{},4404,3568,"{""name"":""polygon"",""all_points_x"":[3923,3920,3952,3952],""all_points_y"":[1681,1682,1710,1707]}",{}
4.png,31850550,{},4404,3569,"{""name"":""polygon"",""all_points_x"":[4242,4239,4260,4261],""all_points_y"":[1632,1635,1652,1649]}",{}
4.png,31850550,{},4404,3570,"{""name"":""polygon"",""all_points_x"":[4204,4206,4221,4217],""all_points_y"":[1556,1556,1581,1582]}",{}
4.png,31850550,{},4404,3571,"{""name"":""polygon"",""all_points_x"":[4387,4386,4419,4446,4448],""all_points_y"":[1504,1505,1572,1628,1626]}",{}
4.png,31850550,{},4404,3572,"{""name"":""polygon"",""all_points_x"":[4472,4470,4497,4502],""all_points_y"":[1614,1616,1698,1695]}",{}
4.png,31850550,{},4404,3573,"{""name"":""polygon"",""all_points_x"":[4454,4452,4464,4466],""all_points_y"":[1568,1570,1601,1601]}",{}
4.png,31850550,{},4404,3574,"{""name"":""polygon"",""all_points_x"":[4506,4503,4549,4551],""all_points_y"":[1524,1524,1625,1625]}",{}
4.png,31850550,{},4404,3575,"{""name"":""polygon"",""all_points_x"":[4512,4509,4523,4526],""all_points_y"":[1516,1519,1550,1548]}",{}
4.png,31850550,{},4404,3576,"{""name"":""polygon"",""all_points_x"":[4414,4412,4438,4441],""all_points_y"":[1604,1606,1641,1641]}",{}
4.png,31850550,{},4404,3577,"{""name"":""polygon"",""all_points_x"":[4447,4444,4465,4467],""all_points_y"":[1646,1648,1679,1674]}",{}
4.png,31850550,{},4404,3578,"{""name"":""polygon"",""all_points_x"":[4453,4469,4472,4455],""all_points_y"":[1637,1667,1666,1635]}",{}
4.png,31850550,{},4404,3579,"{""name"":""polygon"",""all_points_x"":[4449,4449,4463,4459],""all_points_y"":[1643,1641,1657,1660]}",{}
4.png,31850550,{},4404,3580,"{""name"":""polygon"",""all_points_x"":[4459,4458,4483,4483],""all_points_y"":[1626,1630,1663,1657]}",{}
4.png,31850550,{},4404,3581,"{""name"":""polygon"",""all_points_x"":[4434,4430,4440,4442],""all_points_y"":[1831,1828,1849,1847]}",{}
4.png,31850550,{},4404,3582,"{""name"":""polygon"",""all_points_x"":[4512,4514,4523,4520],""all_points_y"":[1928,1926,1991,1990]}",{}
4.png,31850550,{},4404,3583,"{""name"":""polygon"",""all_points_x"":[4532,4532,4554,4555],""all_points_y"":[1936,1939,1960,1958]}",{}
4.png,31850550,{},4404,3584,"{""name"":""polygon"",""all_points_x"":[4560,4558,4580,4580],""all_points_y"":[1961,1964,1980,1979]}",{}
4.png,31850550,{},4404,3585,"{""name"":""polygon"",""all_points_x"":[4477,4473,4489,4491],""all_points_y"":[2117,2119,2170,2170]}",{}
4.png,31850550,{},4404,3586,"{""name"":""polygon"",""all_points_x"":[4484,4481,4504,4504],""all_points_y"":[2165,2169,2189,2185]}",{}
4.png,31850550,{},4404,3587,"{""name"":""polygon"",""all_points_x"":[4506,4502,4535,4537],""all_points_y"":[2160,2159,2301,2301]}",{}
4.png,31850550,{},4404,3588,"{""name"":""polygon"",""all_points_x"":[4355,4353,4358,4360],""all_points_y"":[2286,2288,2299,2298]}",{}
4.png,31850550,{},4404,3589,"{""name"":""polygon"",""all_points_x"":[4485,4482,4502,4504],""all_points_y"":[2213,2213,2290,2291]}",{}
4.png,31850550,{},4404,3590,"{""name"":""polygon"",""all_points_x"":[4483,4509,4511,4490],""all_points_y"":[2185,2297,2297,2196]}",{}
4.png,31850550,{},4404,3591,"{""name"":""polygon"",""all_points_x"":[4509,4507,4522,4525],""all_points_y"":[2241,2242,2298,2298]}",{}
4.png,31850550,{},4404,3592,"{""name"":""polygon"",""all_points_x"":[4538,4538,4557,4564,4564],""all_points_y"":[2237,2239,2255,2259,2255]}",{}
4.png,31850550,{},4404,3593,"{""name"":""polygon"",""all_points_x"":[4540,4538,4540,4542],""all_points_y"":[2152,2217,2221,2152]}",{}
4.png,31850550,{},4404,3594,"{""name"":""polygon"",""all_points_x"":[4535,4533,4541,4543],""all_points_y"":[2211,2212,2239,2239]}",{}
4.png,31850550,{},4404,3595,"{""name"":""polygon"",""all_points_x"":[4545,4559,4563,4547],""all_points_y"":[2251,2301,2301,2250]}",{}
4.png,31850550,{},4404,3596,"{""name"":""polygon"",""all_points_x"":[4532,4534,4534,4542,4540,4532],""all_points_y"":[2245,2245,2260,2298,2300,2256]}",{}
4.png,31850550,{},4404,3597,"{""name"":""polygon"",""all_points_x"":[4586,4578,4580,4588],""all_points_y"":[2268,2279,2282,2272]}",{}
4.png,31850550,{},4404,3598,"{""name"":""polygon"",""all_points_x"":[4575,4572,4585,4588],""all_points_y"":[2186,2188,2261,2262]}",{}
4.png,31850550,{},4404,3599,"{""name"":""polygon"",""all_points_x"":[4591,4594,4590,4588],""all_points_y"":[2292,2294,2272,2274]}",{}
4.png,31850550,{},4404,3600,"{""name"":""polygon"",""all_points_x"":[4573,4574,4597,4597],""all_points_y"":[2257,2260,2269,2267]}",{}
4.png,31850550,{},4404,3601,"{""name"":""polygon"",""all_points_x"":[4564,4562,4576,4578],""all_points_y"":[2190,2189,2256,2256]}",{}
4.png,31850550,{},4404,3602,"{""name"":""polygon"",""all_points_x"":[4579,4580,4581,4581],""all_points_y"":[2266,2272,2271,2266]}",{}
4.png,31850550,{},4404,3603,"{""name"":""polygon"",""all_points_x"":[4560,4559,4568,4570],""all_points_y"":[2228,2228,2255,2255]}",{}
4.png,31850550,{},4404,3604,"{""name"":""polygon"",""all_points_x"":[4552,4551,4573,4574],""all_points_y"":[2228,2230,2273,2271]}",{}
4.png,31850550,{},4404,3605,"{""name"":""polygon"",""all_points_x"":[4578,4583,4586,4580],""all_points_y"":[2285,2300,2300,2284]}",{}
4.png,31850550,{},4404,3606,"{""name"":""polygon"",""all_points_x"":[4549,4546,4568,4570],""all_points_y"":[2136,2138,2177,2175]}",{}
4.png,31850550,{},4404,3607,"{""name"":""polygon"",""all_points_x"":[4568,4565,4570,4571],""all_points_y"":[2146,2146,2180,2180]}",{}
4.png,31850550,{},4404,3608,"{""name"":""polygon"",""all_points_x"":[4588,4552,4553,4590],""all_points_y"":[1991,2044,2048,1991]}",{}
4.png,31850550,{},4404,3609,"{""name"":""polygon"",""all_points_x"":[4586,4583,4585,4590],""all_points_y"":[1957,1979,1980,1958]}",{}
4.png,31850550,{},4404,3610,"{""name"":""polygon"",""all_points_x"":[4587,4586,4605,4605],""all_points_y"":[1983,1984,2003,1999]}",{}
4.png,31850550,{},4404,3611,"{""name"":""polygon"",""all_points_x"":[4574,4570,4591,4595,4597],""all_points_y"":[2024,2023,2065,2068,2067]}",{}
4.png,31850550,{},4404,3612,"{""name"":""polygon"",""all_points_x"":[4603,4587,4588,4603],""all_points_y"":[2025,2044,2046,2029]}",{}
4.png,31850550,{},4404,3613,"{""name"":""polygon"",""all_points_x"":[4586,4583,4592,4595],""all_points_y"":[2024,2026,2034,2031]}",{}
4.png,31850550,{},4404,3614,"{""name"":""polygon"",""all_points_x"":[4601,4597,4606,4606],""all_points_y"":[2037,2039,2044,2042]}",{}
4.png,31850550,{},4404,3615,"{""name"":""polygon"",""all_points_x"":[4563,4560,4570,4576,4576,4571],""all_points_y"":[2040,2041,2068,2076,2072,2061]}",{}
4.png,31850550,{},4404,3616,"{""name"":""polygon"",""all_points_x"":[4572,4570,4575,4578],""all_points_y"":[2038,2038,2056,2056]}",{}
4.png,31850550,{},4404,3617,"{""name"":""polygon"",""all_points_x"":[4527,4527,4529,4529],""all_points_y"":[2051,2076,2076,2053]}",{}
4.png,31850550,{},4404,3618,"{""name"":""polygon"",""all_points_x"":[4444,4438,4449,4453],""all_points_y"":[2104,2105,2133,2132]}",{}
4.png,31850550,{},4404,3619,"{""name"":""polygon"",""all_points_x"":[4425,4423,4435,4438],""all_points_y"":[2081,2082,2118,2118]}",{}
4.png,31850550,{},4404,3620,"{""name"":""polygon"",""all_points_x"":[4413,4410,4426,4430],""all_points_y"":[2072,2073,2107,2106]}",{}
4.png,31850550,{},4404,3621,"{""name"":""polygon"",""all_points_x"":[4422,4427,4429,4429,4424],""all_points_y"":[2134,2167,2167,2158,2136]}",{}
4.png,31850550,{},4404,3622,"{""name"":""polygon"",""all_points_x"":[4236,4233,4254,4256],""all_points_y"":[2065,2065,2114,2113]}",{}
4.png,31850550,{},4404,3623,"{""name"":""polygon"",""all_points_x"":[4037,4036,4034,4061,4062],""all_points_y"":[2278,2278,2279,2303,2302]}",{}
4.png,31850550,{},4404,3624,"{""name"":""polygon"",""all_points_x"":[4079,4073,4090,4093],""all_points_y"":[2231,2230,2279,2277]}",{}
4.png,31850550,{},4404,3625,"{""name"":""polygon"",""all_points_x"":[3941,3940,3956,3976,3976],""all_points_y"":[1997,1999,2005,2013,2010]}",{}
4.png,31850550,{},4404,3626,"{""name"":""polygon"",""all_points_x"":[4011,4007,4031,4046,4047],""all_points_y"":[2022,2025,2049,2065,2064]}",{}
4.png,31850550,{},4404,3627,"{""name"":""polygon"",""all_points_x"":[4271,4268,4290,4292],""all_points_y"":[1722,1722,1756,1758]}",{}
4.png,31850550,{},4404,3628,"{""name"":""polygon"",""all_points_x"":[4495,4496,4498,4496,4494],""all_points_y"":[1789,1847,1847,1761,1760]}",{}
4.png,31850550,{},4404,3629,"{""name"":""polygon"",""all_points_x"":[4500,4499,4525,4527],""all_points_y"":[1791,1796,1872,1871]}",{}
4.png,31850550,{},4404,3630,"{""name"":""polygon"",""all_points_x"":[4586,4557,4561,4589],""all_points_y"":[1840,1932,1929,1843]}",{}
4.png,31850550,{},4404,3631,"{""name"":""polygon"",""all_points_x"":[4593,4591,4603,4606],""all_points_y"":[1844,1843,1921,1921]}",{}
4.png,31850550,{},4404,3632,"{""name"":""polygon"",""all_points_x"":[4598,4601,4589,4586],""all_points_y"":[1913,1913,1884,1887]}",{}
4.png,31850550,{},4404,3633,"{""name"":""polygon"",""all_points_x"":[4585,4581,4580,4581],""all_points_y"":[1877,1879,1872,1870]}",{}
4.png,31850550,{},4404,3634,"{""name"":""polygon"",""all_points_x"":[4557,4577,4580,4559],""all_points_y"":[1817,1866,1863,1814]}",{}
4.png,31850550,{},4404,3635,"{""name"":""polygon"",""all_points_x"":[4562,4567,4569,4564],""all_points_y"":[1836,1888,1887,1838]}",{}
4.png,31850550,{},4404,3636,"{""name"":""polygon"",""all_points_x"":[4578,4581,4586,4579],""all_points_y"":[1892,1915,1915,1883]}",{}
4.png,31850550,{},4404,3637,"{""name"":""polygon"",""all_points_x"":[4515,4514,4553,4553],""all_points_y"":[1876,1880,1928,1925]}",{}
4.png,31850550,{},4404,3638,"{""name"":""polygon"",""all_points_x"":[4442,4440,4451,4452],""all_points_y"":[1847,1849,1873,1870]}",{}
4.png,31850550,{},4404,3639,"{""name"":""polygon"",""all_points_x"":[4451,4468,4471,4454],""all_points_y"":[1857,1928,1928,1857]}",{}
4.png,31850550,{},4404,3640,"{""name"":""polygon"",""all_points_x"":[4472,4482,4485,4474],""all_points_y"":[1902,1934,1934,1901]}",{}
4.png,31850550,{},4404,3641,"{""name"":""polygon"",""all_points_x"":[4545,4552,4569,4571,4558,4549],""all_points_y"":[1925,1943,1966,1965,1942,1926]}",{}
4.png,31850550,{},4404,3642,"{""name"":""polygon"",""all_points_x"":[4579,4575,4606,4607],""all_points_y"":[1643,1644,1702,1696]}",{}
4.png,31850550,{},4404,3643,"{""name"":""polygon"",""all_points_x"":[4595,4591,4607,4607],""all_points_y"":[1648,1649,1673,1670]}",{}
4.png,31850550,{},4404,3644,"{""name"":""polygon"",""all_points_x"":[4150,4150,4179,4179],""all_points_y"":[1523,1524,1541,1537]}",{}
4.png,31850550,{},4404,3645,"{""name"":""polygon"",""all_points_x"":[4566,4562,4604,4607],""all_points_y"":[1522,1524,1588,1590]}",{}
4.png,31850550,{},4404,3646,"{""name"":""polygon"",""all_points_x"":[4470,4469,4506,4505],""all_points_y"":[1539,1541,1563,1557]}",{}
4.png,31850550,{},4404,3647,"{""name"":""polygon"",""all_points_x"":[4558,4556,4606,4607],""all_points_y"":[1526,1527,1597,1593]}",{}
4.png,31850550,{},4404,3648,"{""name"":""polygon"",""all_points_x"":[4590,4587,4607,4607],""all_points_y"":[1531,1534,1561,1555]}",{}
4.png,31850550,{},4404,3649,"{""name"":""polygon"",""all_points_x"":[4582,4581,4605,4606],""all_points_y"":[1504,1505,1531,1529]}",{}
4.png,31850550,{},4404,3650,"{""name"":""polygon"",""all_points_x"":[4119,4117,4128,4132],""all_points_y"":[1401,1401,1423,1422]}",{}
4.png,31850550,{},4404,3651,"{""name"":""polygon"",""all_points_x"":[4215,4234,4233,4215],""all_points_y"":[1563,1586,1589,1568]}",{}
4.png,31850550,{},4404,3652,"{""name"":""polygon"",""all_points_x"":[4162,4160,4175,4175],""all_points_y"":[1556,1559,1568,1564]}",{}
4.png,31850550,{},4404,3653,"{""name"":""polygon"",""all_points_x"":[4196,4223,4224,4200],""all_points_y"":[1587,1616,1614,1588]}",{}
4.png,31850550,{},4404,3654,"{""name"":""polygon"",""all_points_x"":[4228,4227,4253,4253],""all_points_y"":[1609,1614,1635,1632]}",{}
4.png,31850550,{},4404,3655,"{""name"":""polygon"",""all_points_x"":[4302,4298,4320,4323],""all_points_y"":[1911,1913,1947,1947]}",{}
4.png,31850550,{},4404,3656,"{""name"":""polygon"",""all_points_x"":[4280,4279,4314,4315],""all_points_y"":[1877,1881,1913,1909]}",{}
4.png,31850550,{},4404,3657,"{""name"":""polygon"",""all_points_x"":[4419,4419,4430,4442,4445,4426],""all_points_y"":[1602,1604,1617,1635,1634,1609]}",{}
4.png,31850550,{},4404,3658,"{""name"":""polygon"",""all_points_x"":[4532,4525,4575,4579],""all_points_y"":[1449,1448,1518,1514]}",{}
4.png,31850550,{},4404,3659,"{""name"":""polygon"",""all_points_x"":[4397,4430,4432,4402],""all_points_y"":[1288,1327,1325,1287]}",{}
4.png,31850550,{},4404,3660,"{""name"":""polygon"",""all_points_x"":[4437,4435,4474,4476],""all_points_y"":[1322,1326,1366,1362]}",{}
4.png,31850550,{},4404,3661,"{""name"":""polygon"",""all_points_x"":[4517,4549,4550,4520],""all_points_y"":[1315,1376,1376,1315]}",{}
4.png,31850550,{},4404,3662,"{""name"":""polygon"",""all_points_x"":[4367,4367,4388,4390],""all_points_y"":[1394,1398,1417,1415]}",{}
4.png,31850550,{},4404,3663,"{""name"":""polygon"",""all_points_x"":[4335,4331,4364,4366],""all_points_y"":[1193,1196,1221,1219]}",{}
4.png,31850550,{},4404,3664,"{""name"":""polygon"",""all_points_x"":[4350,4353,4362,4359],""all_points_y"":[1212,1214,1220,1222]}",{}
4.png,31850550,{},4404,3665,"{""name"":""polygon"",""all_points_x"":[4372,4370,4384,4388],""all_points_y"":[1222,1224,1239,1235]}",{}
4.png,31850550,{},4404,3666,"{""name"":""polygon"",""all_points_x"":[4391,4389,4399,4400],""all_points_y"":[1240,1243,1251,1250]}",{}
4.png,31850550,{},4404,3667,"{""name"":""polygon"",""all_points_x"":[4383,4379,4408,4440,4442],""all_points_y"":[1203,1205,1229,1256,1255]}",{}
4.png,31850550,{},4404,3668,"{""name"":""polygon"",""all_points_x"":[4429,4457,4460,4431],""all_points_y"":[1251,1279,1275,1250]}",{}
4.png,31850550,{},4404,3669,"{""name"":""polygon"",""all_points_x"":[4441,4439,4457,4460],""all_points_y"":[1221,1221,1264,1263]}",{}
4.png,31850550,{},4404,3670,"{""name"":""polygon"",""all_points_x"":[4479,4479,4505,4507],""all_points_y"":[1350,1353,1376,1372]}",{}
4.png,31850550,{},4404,3671,"{""name"":""polygon"",""all_points_x"":[4393,4391,4416,4418],""all_points_y"":[1504,1504,1562,1561]}",{}
4.png,31850550,{},4404,3672,"{""name"":""polygon"",""all_points_x"":[4541,4539,4597,4599],""all_points_y"":[1390,1393,1456,1454]}",{}
4.png,31850550,{},4404,3673,"{""name"":""polygon"",""all_points_x"":[4572,4575,4591,4587],""all_points_y"":[1436,1436,1459,1460]}",{}
4.png,31850550,{},4404,3674,"{""name"":""polygon"",""all_points_x"":[4557,4556,4583,4586],""all_points_y"":[1431,1434,1480,1479]}",{}
4.png,31850550,{},4404,3675,"{""name"":""polygon"",""all_points_x"":[4574,4576,4574,4568],""all_points_y"":[1494,1494,1466,1459]}",{}
4.png,31850550,{},4404,3676,"{""name"":""polygon"",""all_points_x"":[4527,4523,4603,4604],""all_points_y"":[1320,1321,1424,1422]}",{}
4.png,31850550,{},4404,3677,"{""name"":""polygon"",""all_points_x"":[4555,4550,4582,4586],""all_points_y"":[1378,1381,1434,1434]}",{}
4.png,31850550,{},4404,3678,"{""name"":""polygon"",""all_points_x"":[4263,4260,4281,4282],""all_points_y"":[1219,1221,1240,1239]}",{}
4.png,31850550,{},4404,3679,"{""name"":""polygon"",""all_points_x"":[4493,4496,4574,4571],""all_points_y"":[1125,1125,1257,1257]}",{}
4.png,31850550,{},4404,3680,"{""name"":""polygon"",""all_points_x"":[4529,4527,4542,4560,4576,4578,4550,4534],""all_points_y"":[1208,1208,1237,1260,1277,1273,1243,1219]}",{}
4.png,31850550,{},4404,3681,"{""name"":""polygon"",""all_points_x"":[4327,4324,4424,4435],""all_points_y"":[1127,1130,1241,1248]}",{}
4.png,31850550,{},4404,3682,"{""name"":""polygon"",""all_points_x"":[4407,4409,4405,4410,4419,4441,4458,4454,4427,4411,4402,4403],""all_points_y"":[1127,1127,1150,1184,1210,1247,1271,1268,1233,1196,1157,1142]}",{}
4.png,31850550,{},4404,3683,"{""name"":""polygon"",""all_points_x"":[4350,4348,4382,4399,4400],""all_points_y"":[1104,1107,1131,1140,1137]}",{}
4.png,31850550,{},4404,3684,"{""name"":""polygon"",""all_points_x"":[4575,4560,4564,4580],""all_points_y"":[1062,1195,1198,1061]}",{}
4.png,31850550,{},4404,3685,"{""name"":""polygon"",""all_points_x"":[4560,4555,4557,4564],""all_points_y"":[1139,1195,1195,1140]}",{}
4.png,31850550,{},4404,3686,"{""name"":""polygon"",""all_points_x"":[4501,4496,4543,4544],""all_points_y"":[1300,1302,1377,1375]}",{}
4.png,31850550,{},4404,3687,"{""name"":""polygon"",""all_points_x"":[4578,4575,4538,4541],""all_points_y"":[1401,1404,1347,1347]}",{}
4.png,31850550,{},4404,3688,"{""name"":""polygon"",""all_points_x"":[4542,4540,4564,4569],""all_points_y"":[1174,1175,1215,1219]}",{}
4.png,31850550,{},4404,3689,"{""name"":""polygon"",""all_points_x"":[4568,4607,4607,4572],""all_points_y"":[1223,1290,1283,1220]}",{}
4.png,31850550,{},4404,3690,"{""name"":""polygon"",""all_points_x"":[4524,4522,4552,4569,4571],""all_points_y"":[1211,1211,1262,1290,1287]}",{}
4.png,31850550,{},4404,3691,"{""name"":""polygon"",""all_points_x"":[4513,4509,4542,4543],""all_points_y"":[1265,1268,1310,1308]}",{}
4.png,31850550,{},4404,3692,"{""name"":""polygon"",""all_points_x"":[4518,4517,4564,4567],""all_points_y"":[1296,1299,1345,1343]}",{}
4.png,31850550,{},4404,3693,"{""name"":""polygon"",""all_points_x"":[4449,4448,4466,4468],""all_points_y"":[1130,1133,1150,1147]}",{}
4.png,31850550,{},4404,3694,"{""name"":""polygon"",""all_points_x"":[4474,4470,4506,4506],""all_points_y"":[1154,1155,1187,1184]}",{}
4.png,31850550,{},4404,3695,"{""name"":""polygon"",""all_points_x"":[4270,4268,4355,4356],""all_points_y"":[1125,1127,1194,1191]}",{}
4.png,31850550,{},4404,3696,"{""name"":""polygon"",""all_points_x"":[4313,4351,4360,4315],""all_points_y"":[1165,1206,1212,1164]}",{}
4.png,31850550,{},4404,3697,"{""name"":""polygon"",""all_points_x"":[4301,4298,4333,4333],""all_points_y"":[1157,1160,1192,1188]}",{}
4.png,31850550,{},4404,3698,"{""name"":""polygon"",""all_points_x"":[4265,4263,4267,4268],""all_points_y"":[1120,1162,1162,1122]}",{}
4.png,31850550,{},4404,3699,"{""name"":""polygon"",""all_points_x"":[4223,4220,4234,4237],""all_points_y"":[1114,1114,1139,1137]}",{}
4.png,31850550,{},4404,3700,"{""name"":""polygon"",""all_points_x"":[4213,4212,4222,4223],""all_points_y"":[1116,1117,1138,1138]}",{}
4.png,31850550,{},4404,3701,"{""name"":""polygon"",""all_points_x"":[4204,4207,4178,4177],""all_points_y"":[1138,1139,1088,1091]}",{}
4.png,31850550,{},4404,3702,"{""name"":""polygon"",""all_points_x"":[4187,4189,4175,4176],""all_points_y"":[1128,1128,1106,1111]}",{}
4.png,31850550,{},4404,3703,"{""name"":""polygon"",""all_points_x"":[4140,4136,4158,4160],""all_points_y"":[1031,1032,1080,1078]}",{}
4.png,31850550,{},4404,3704,"{""name"":""polygon"",""all_points_x"":[4152,4148,4159,4161],""all_points_y"":[1043,1042,1065,1063]}",{}
4.png,31850550,{},4404,3705,"{""name"":""polygon"",""all_points_x"":[4230,4227,4180,4180],""all_points_y"":[1087,1091,1069,1065]}",{}
4.png,31850550,{},4404,3706,"{""name"":""polygon"",""all_points_x"":[4127,4124,4137,4138],""all_points_y"":[1045,1043,1070,1070]}",{}
4.png,31850550,{},4404,3707,"{""name"":""polygon"",""all_points_x"":[4153,4152,4168,4170],""all_points_y"":[1086,1088,1114,1112]}",{}
4.png,31850550,{},4404,3708,"{""name"":""polygon"",""all_points_x"":[4121,4120,4140,4141],""all_points_y"":[1092,1096,1114,1112]}",{}
4.png,31850550,{},4404,3709,"{""name"":""polygon"",""all_points_x"":[4165,4164,4186,4187],""all_points_y"":[1154,1156,1175,1170]}",{}
4.png,31850550,{},4404,3710,"{""name"":""polygon"",""all_points_x"":[4317,4314,4345,4348],""all_points_y"":[1026,1028,1065,1064]}",{}
4.png,31850550,{},4404,3711,"{""name"":""polygon"",""all_points_x"":[4263,4260,4289,4289],""all_points_y"":[1008,1007,1035,1034]}",{}
4.png,31850550,{},4404,3712,"{""name"":""polygon"",""all_points_x"":[4340,4338,4356,4360],""all_points_y"":[1037,1037,1063,1061]}",{}
4.png,31850550,{},4404,3713,"{""name"":""polygon"",""all_points_x"":[4340,4339,4337,4383,4385],""all_points_y"":[1075,1075,1077,1109,1106]}",{}
4.png,31850550,{},4404,3714,"{""name"":""polygon"",""all_points_x"":[4042,4041,4062,4064],""all_points_y"":[1439,1441,1468,1466]}",{}
4.png,31850550,{},4404,3715,"{""name"":""polygon"",""all_points_x"":[4137,4141,4175,4175],""all_points_y"":[1501,1509,1530,1526]}",{}
4.png,31850550,{},4404,3716,"{""name"":""polygon"",""all_points_x"":[4433,4430,4447,4448],""all_points_y"":[1164,1165,1190,1187]}",{}
4.png,31850550,{},4404,3717,"{""name"":""polygon"",""all_points_x"":[4461,4457,4493,4493],""all_points_y"":[1048,1053,1077,1075]}",{}
4.png,31850550,{},4404,3718,"{""name"":""polygon"",""all_points_x"":[4453,4497,4497,4453],""all_points_y"":[1057,1087,1081,1053]}",{}
4.png,31850550,{},4404,3719,"{""name"":""polygon"",""all_points_x"":[4393,4388,4442,4442],""all_points_y"":[1008,1012,1049,1045]}",{}
4.png,31850550,{},4404,3720,"{""name"":""polygon"",""all_points_x"":[4383,4364,4367,4386],""all_points_y"":[920,969,971,921]}",{}
4.png,31850550,{},4404,3721,"{""name"":""polygon"",""all_points_x"":[4369,4350,4353,4371],""all_points_y"":[924,957,958,924]}",{}
4.png,31850550,{},4404,3722,"{""name"":""polygon"",""all_points_x"":[4363,4341,4346,4365],""all_points_y"":[975,1020,1021,977]}",{}
4.png,31850550,{},4404,3723,"{""name"":""polygon"",""all_points_x"":[4369,4366,4356,4359],""all_points_y"":[978,976,1024,1024]}",{}
4.png,31850550,{},4404,3724,"{""name"":""polygon"",""all_points_x"":[4382,4368,4371,4385],""all_points_y"":[973,1037,1039,970]}",{}
4.png,31850550,{},4404,3725,"{""name"":""polygon"",""all_points_x"":[4472,4450,4448,4450,4460,4475],""all_points_y"":[857,945,964,967,922,857]}",{}
4.png,31850550,{},4404,3726,"{""name"":""polygon"",""all_points_x"":[4470,4504,4508,4464,4462],""all_points_y"":[931,968,966,920,922]}",{}
4.png,31850550,{},4404,3727,"{""name"":""polygon"",""all_points_x"":[4512,4510,4482,4482],""all_points_y"":[958,960,941,937]}",{}
4.png,31850550,{},4404,3728,"{""name"":""polygon"",""all_points_x"":[4534,4534,4606,4606],""all_points_y"":[966,970,1033,1029]}",{}
4.png,31850550,{},4404,3729,"{""name"":""polygon"",""all_points_x"":[4570,4568,4597,4597],""all_points_y"":[1021,1024,1048,1043]}",{}
4.png,31850550,{},4404,3730,"{""name"":""polygon"",""all_points_x"":[4564,4594,4606,4607,4591,4566],""all_points_y"":[1025,1056,1064,1059,1048,1024]}",{}
4.png,31850550,{},4404,3731,"{""name"":""polygon"",""all_points_x"":[4573,4606,4606,4576],""all_points_y"":[1048,1077,1072,1046]}",{}
4.png,31850550,{},4404,3732,"{""name"":""polygon"",""all_points_x"":[4522,4520,4538,4541],""all_points_y"":[1025,1026,1048,1046]}",{}
4.png,31850550,{},4404,3733,"{""name"":""polygon"",""all_points_x"":[4414,4418,4446,4438],""all_points_y"":[955,956,1029,1026]}",{}
4.png,31850550,{},4404,3734,"{""name"":""polygon"",""all_points_x"":[4455,4454,4493,4492],""all_points_y"":[1008,1010,1037,1032]}",{}
4.png,31850550,{},4404,3735,"{""name"":""polygon"",""all_points_x"":[4468,4466,4427,4426],""all_points_y"":[1005,1007,982,978]}",{}
4.png,31850550,{},4404,3736,"{""name"":""polygon"",""all_points_x"":[4489,4487,4494,4534,4537,4493],""all_points_y"":[1006,1007,1019,1059,1055,1013]}",{}
4.png,31850550,{},4404,3737,"{""name"":""polygon"",""all_points_x"":[4307,4308,4309,4306],""all_points_y"":[904,903,972,973]}",{}
4.png,31850550,{},4404,3738,"{""name"":""polygon"",""all_points_x"":[4303,4294,4297,4305],""all_points_y"":[856,918,918,855]}",{}
4.png,31850550,{},4404,3739,"{""name"":""polygon"",""all_points_x"":[4283,4287,4293,4291],""all_points_y"":[843,843,927,927]}",{}
4.png,31850550,{},4404,3740,"{""name"":""polygon"",""all_points_x"":[4346,4317,4319,4344],""all_points_y"":[979,1005,1007,984]}",{}
4.png,31850550,{},4404,3741,"{""name"":""polygon"",""all_points_x"":[4387,4387,4447,4448],""all_points_y"":[992,996,1044,1041]}",{}
4.png,31850550,{},4404,3742,"{""name"":""polygon"",""all_points_x"":[4389,4387,4397,4398],""all_points_y"":[985,987,996,994]}",{}
4.png,31850550,{},4404,3743,"{""name"":""polygon"",""all_points_x"":[4415,4433,4443,4445,4418],""all_points_y"":[932,956,966,962,931]}",{}
4.png,31850550,{},4404,3744,"{""name"":""polygon"",""all_points_x"":[4474,4473,4502,4517,4534,4536],""all_points_y"":[885,888,923,936,952,951]}",{}
4.png,31850550,{},4404,3745,"{""name"":""polygon"",""all_points_x"":[4515,4515,4559,4555],""all_points_y"":[905,911,941,935]}",{}
4.png,31850550,{},4404,3746,"{""name"":""polygon"",""all_points_x"":[4501,4498,4536,4570,4572],""all_points_y"":[846,846,909,953,952]}",{}
4.png,31850550,{},4404,3747,"{""name"":""polygon"",""all_points_x"":[4521,4520,4555,4564,4564],""all_points_y"":[860,862,885,889,885]}",{}
4.png,31850550,{},4404,3748,"{""name"":""polygon"",""all_points_x"":[4517,4512,4523,4539,4541],""all_points_y"":[836,835,849,868,869]}",{}
4.png,31850550,{},4404,3749,"{""name"":""polygon"",""all_points_x"":[4510,4508,4538,4538],""all_points_y"":[821,823,849,845]}",{}
4.png,31850550,{},4404,3750,"{""name"":""polygon"",""all_points_x"":[4348,4351,4341,4334,4330],""all_points_y"":[840,840,880,913,913]}",{}
4.png,31850550,{},4404,3751,"{""name"":""polygon"",""all_points_x"":[4330,4324,4328,4332],""all_points_y"":[920,938,938,920]}",{}
4.png,31850550,{},4404,3752,"{""name"":""polygon"",""all_points_x"":[4314,4301,4293,4295,4308,4317],""all_points_y"":[841,905,940,941,890,841]}",{}
4.png,31850550,{},4404,3753,"{""name"":""polygon"",""all_points_x"":[4300,4299,4303,4305],""all_points_y"":[971,971,915,915]}",{}
4.png,31850550,{},4404,3754,"{""name"":""polygon"",""all_points_x"":[4336,4311,4311,4336],""all_points_y"":[970,970,973,974]}",{}
4.png,31850550,{},4404,3755,"{""name"":""polygon"",""all_points_x"":[4266,4264,4269,4272],""all_points_y"":[893,893,928,928]}",{}
4.png,31850550,{},4404,3756,"{""name"":""polygon"",""all_points_x"":[4275,4284,4287,4277],""all_points_y"":[936,984,984,932]}",{}
4.png,31850550,{},4404,3757,"{""name"":""polygon"",""all_points_x"":[4356,4351,4354,4359],""all_points_y"":[884,920,920,884]}",{}
4.png,31850550,{},4404,3758,"{""name"":""polygon"",""all_points_x"":[4414,4415,4416,4416],""all_points_y"":[890,924,925,888]}",{}
4.png,31850550,{},4404,3759,"{""name"":""polygon"",""all_points_x"":[4421,4419,4427,4433,4434],""all_points_y"":[888,890,916,928,928]}",{}
4.png,31850550,{},4404,3760,"{""name"":""polygon"",""all_points_x"":[4435,4432,4444,4446],""all_points_y"":[908,911,936,936]}",{}
4.png,31850550,{},4404,3761,"{""name"":""polygon"",""all_points_x"":[4270,4267,4297,4297],""all_points_y"":[1000,1003,1025,1021]}",{}
4.png,31850550,{},4404,3762,"{""name"":""polygon"",""all_points_x"":[4374,4372,4394,4395],""all_points_y"":[1055,1058,1070,1068]}",{}
4.png,31850550,{},4404,3763,"{""name"":""polygon"",""all_points_x"":[4369,4366,4377,4379],""all_points_y"":[1071,1071,1086,1086]}",{}
4.png,31850550,{},4404,3764,"{""name"":""polygon"",""all_points_x"":[4421,4418,4431,4433],""all_points_y"":[1120,1122,1135,1132]}",{}
4.png,31850550,{},4404,3765,"{""name"":""polygon"",""all_points_x"":[4445,4441,4452,4456],""all_points_y"":[1143,1144,1158,1158]}",{}
4.png,31850550,{},4404,3766,"{""name"":""polygon"",""all_points_x"":[4526,4524,4560,4563],""all_points_y"":[1108,1112,1139,1136]}",{}
4.png,31850550,{},4404,3767,"{""name"":""polygon"",""all_points_x"":[4500,4494,4494,4497,4499,4503],""all_points_y"":[770,808,824,824,801,770]}",{}
4.png,31850550,{},4404,3768,"{""name"":""polygon"",""all_points_x"":[4584,4599,4602,4587],""all_points_y"":[776,851,852,775]}",{}
4.png,31850550,{},4404,3769,"{""name"":""polygon"",""all_points_x"":[2712,2712,2731,2764,2764,2733],""all_points_y"":[169,172,169,172,168,166]}",{}
4.png,31850550,{},4404,3770,"{""name"":""polygon"",""all_points_x"":[2356,2353,2366,2369],""all_points_y"":[756,757,775,775]}",{}
4.png,31850550,{},4404,3771,"{""name"":""polygon"",""all_points_x"":[2215,2212,2249,2251],""all_points_y"":[804,805,829,827]}",{}
4.png,31850550,{},4404,3772,"{""name"":""polygon"",""all_points_x"":[4032,4032,4014,3998,4001,4017],""all_points_y"":[1417,1420,1411,1395,1395,1410]}",{}
4.png,31850550,{},4404,3773,"{""name"":""polygon"",""all_points_x"":[4538,4533,4556,4561],""all_points_y"":[1486,1486,1521,1519]}",{}
4.png,31850550,{},4404,3774,"{""name"":""polygon"",""all_points_x"":[4422,4433,4435,4425],""all_points_y"":[1645,1670,1670,1644]}",{}
4.png,31850550,{},4404,3775,"{""name"":""polygon"",""all_points_x"":[4441,4437,4446,4449],""all_points_y"":[1670,1666,1692,1692]}",{}
4.png,31850550,{},4404,3776,"{""name"":""polygon"",""all_points_x"":[4592,4586,4605,4607],""all_points_y"":[1720,1720,1777,1774]}",{}
4.png,31850550,{},4404,3777,"{""name"":""polygon"",""all_points_x"":[4429,4429,4432,4431],""all_points_y"":[826,867,869,826]}",{}
4.png,31850550,{},4404,3778,"{""name"":""polygon"",""all_points_x"":[4453,4434,4433,4454],""all_points_y"":[833,859,864,834]}",{}
4.png,31850550,{},4404,3779,"{""name"":""polygon"",""all_points_x"":[4488,4485,4499,4501],""all_points_y"":[851,852,891,889]}",{}
4.png,31850550,{},4404,3780,"{""name"":""polygon"",""all_points_x"":[4493,4495,4500,4495],""all_points_y"":[851,853,879,870]}",{}
4.png,31850550,{},4404,3781,"{""name"":""polygon"",""all_points_x"":[4501,4511,4517,4504],""all_points_y"":[896,926,928,894]}",{}
4.png,31850550,{},4404,3782,"{""name"":""polygon"",""all_points_x"":[4467,4473,4476,4478,4469],""all_points_y"":[714,779,788,788,717]}",{}
4.png,31850550,{},4404,3783,"{""name"":""polygon"",""all_points_x"":[4595,4595,4591,4602,4604],""all_points_y"":[698,698,698,780,777]}",{}
4.png,31850550,{},4404,3784,"{""name"":""polygon"",""all_points_x"":[4466,4464,4492,4493],""all_points_y"":[626,630,654,649]}",{}
4.png,31850550,{},4404,3785,"{""name"":""polygon"",""all_points_x"":[4517,4498,4501,4519],""all_points_y"":[594,626,627,597]}",{}
4.png,31850550,{},4404,3786,"{""name"":""polygon"",""all_points_x"":[4441,4446,4449,4445],""all_points_y"":[620,640,641,622]}",{}
4.png,31850550,{},4404,3787,"{""name"":""polygon"",""all_points_x"":[4544,4542,4582,4586],""all_points_y"":[756,758,826,826]}",{}
4.png,31850550,{},4404,3788,"{""name"":""polygon"",""all_points_x"":[4442,4442,4457,4460],""all_points_y"":[790,792,814,814]}",{}
4.png,31850550,{},4404,3789,"{""name"":""polygon"",""all_points_x"":[4515,4496,4493,4494,4517],""all_points_y"":[426,476,489,489,427]}",{}
4.png,31850550,{},4404,3790,"{""name"":""polygon"",""all_points_x"":[4586,4563,4565,4589],""all_points_y"":[418,479,481,418]}",{}
4.png,31850550,{},4404,3791,"{""name"":""polygon"",""all_points_x"":[4606,4573,4574,4607],""all_points_y"":[398,472,473,403]}",{}
4.png,31850550,{},4404,3792,"{""name"":""polygon"",""all_points_x"":[4148,4115,4117,4151],""all_points_y"":[395,446,446,396]}",{}
4.png,31850550,{},4404,3793,"{""name"":""polygon"",""all_points_x"":[4105,4101,4103,4109],""all_points_y"":[584,609,609,585]}",{}
4.png,31850550,{},4404,3794,"{""name"":""polygon"",""all_points_x"":[4146,4118,4120,4149],""all_points_y"":[535,575,578,535]}",{}
4.png,31850550,{},4404,3795,"{""name"":""polygon"",""all_points_x"":[4129,4115,4118,4129],""all_points_y"":[552,568,569,555]}",{}
4.png,31850550,{},4404,3796,"{""name"":""polygon"",""all_points_x"":[4266,4251,4253,4268],""all_points_y"":[466,488,491,466]}",{}
4.png,31850550,{},4404,3797,"{""name"":""polygon"",""all_points_x"":[4249,4250,4268,4264],""all_points_y"":[514,515,473,473]}",{}
4.png,31850550,{},4404,3798,"{""name"":""polygon"",""all_points_x"":[4326,4267,4270,4330],""all_points_y"":[285,319,322,286]}",{}
4.png,31850550,{},4404,3799,"{""name"":""polygon"",""all_points_x"":[4282,4277,4280,4283],""all_points_y"":[289,311,311,297]}",{}
4.png,31850550,{},4404,3800,"{""name"":""polygon"",""all_points_x"":[4247,4245,4269,4270],""all_points_y"":[312,314,324,323]}",{}
4.png,31850550,{},4404,3801,"{""name"":""polygon"",""all_points_x"":[4253,4254,4264,4261],""all_points_y"":[327,328,325,323]}",{}
4.png,31850550,{},4404,3802,"{""name"":""polygon"",""all_points_x"":[3631,3631,3648,3648],""all_points_y"":[303,304,308,306]}",{}
4.png,31850550,{},4404,3803,"{""name"":""polygon"",""all_points_x"":[3661,3662,3723,3734,3735,3709],""all_points_y"":[306,309,318,320,319,314]}",{}
4.png,31850550,{},4404,3804,"{""name"":""polygon"",""all_points_x"":[3655,3659,3669,3692,3691],""all_points_y"":[342,343,334,317,316]}",{}
4.png,31850550,{},4404,3805,"{""name"":""polygon"",""all_points_x"":[3661,3662,3688,3687],""all_points_y"":[329,330,316,313]}",{}
4.png,31850550,{},4404,3806,"{""name"":""polygon"",""all_points_x"":[3832,3808,3809,3832],""all_points_y"":[290,296,299,292]}",{}
4.png,31850550,{},4404,3807,"{""name"":""polygon"",""all_points_x"":[3871,3857,3860,3874],""all_points_y"":[263,272,274,264]}",{}
4.png,31850550,{},4404,3808,"{""name"":""polygon"",""all_points_x"":[3857,3838,3839,3859],""all_points_y"":[272,288,289,274]}",{}
4.png,31850550,{},4404,3809,"{""name"":""polygon"",""all_points_x"":[3883,3869,3872,3884],""all_points_y"":[301,320,322,303]}",{}
4.png,31850550,{},4404,3810,"{""name"":""polygon"",""all_points_x"":[3802,3802,3852,3850],""all_points_y"":[381,383,392,389]}",{}
4.png,31850550,{},4404,3811,"{""name"":""polygon"",""all_points_x"":[3950,3909,3912,3952],""all_points_y"":[325,396,396,326]}",{}
4.png,31850550,{},4404,3812,"{""name"":""polygon"",""all_points_x"":[4019,3966,3969,4021],""all_points_y"":[285,369,369,285]}",{}
4.png,31850550,{},4404,3813,"{""name"":""polygon"",""all_points_x"":[3926,3950,3959,3959,3942,3926],""all_points_y"":[376,374,372,369,374,374]}",{}
4.png,31850550,{},4404,3814,"{""name"":""polygon"",""all_points_x"":[3873,3851,3854,3877],""all_points_y"":[465,506,506,466]}",{}
4.png,31850550,{},4404,3815,"{""name"":""polygon"",""all_points_x"":[3838,3809,3804,3807,3812,3839],""all_points_y"":[517,523,533,533,527,519]}",{}
4.png,31850550,{},4404,3816,"{""name"":""polygon"",""all_points_x"":[3812,3795,3797,3816],""all_points_y"":[468,491,493,471]}",{}
4.png,31850550,{},4404,3817,"{""name"":""polygon"",""all_points_x"":[3767,3731,3731,3769],""all_points_y"":[473,478,482,474]}",{}
4.png,31850550,{},4404,3818,"{""name"":""polygon"",""all_points_x"":[3753,3746,3748,3757],""all_points_y"":[439,467,467,439]}",{}
4.png,31850550,{},4404,3819,"{""name"":""polygon"",""all_points_x"":[3876,3868,3870,3879],""all_points_y"":[491,502,504,493]}",{}
4.png,31850550,{},4404,3820,"{""name"":""polygon"",""all_points_x"":[3780,3772,3769,3773,3777,3783],""all_points_y"":[498,526,546,542,521,498]}",{}
4.png,31850550,{},4404,3821,"{""name"":""polygon"",""all_points_x"":[3767,3762,3726,3730,3757,3768],""all_points_y"":[285,287,314,316,294,287]}",{}
4.png,31850550,{},4404,3822,"{""name"":""polygon"",""all_points_x"":[3765,3723,3695,3699,3730,3766],""all_points_y"":[270,290,308,309,289,273]}",{}
4.png,31850550,{},4404,3823,"{""name"":""polygon"",""all_points_x"":[3741,3703,3701,3739],""all_points_y"":[287,310,308,286]}",{}
4.png,31850550,{},4404,3824,"{""name"":""polygon"",""all_points_x"":[3903,3879,3883,3903],""all_points_y"":[261,274,276,265]}",{}
4.png,31850550,{},4404,3825,"{""name"":""polygon"",""all_points_x"":[3935,3906,3908,3936],""all_points_y"":[298,318,321,298]}",{}
4.png,31850550,{},4404,3826,"{""name"":""polygon"",""all_points_x"":[3899,3886,3889,3900],""all_points_y"":[325,338,339,326]}",{}
4.png,31850550,{},4404,3827,"{""name"":""polygon"",""all_points_x"":[4047,4023,4023,4047],""all_points_y"":[294,306,309,298]}",{}
4.png,31850550,{},4404,3828,"{""name"":""polygon"",""all_points_x"":[3873,3872,3892,3893],""all_points_y"":[391,395,399,397]}",{}
4.png,31850550,{},4404,3829,"{""name"":""polygon"",""all_points_x"":[3944,3903,3905,3947],""all_points_y"":[402,418,421,404]}",{}
4.png,31850550,{},4404,3830,"{""name"":""polygon"",""all_points_x"":[3719,3671,3674,3718],""all_points_y"":[331,347,350,334]}",{}
4.png,31850550,{},4404,3831,"{""name"":""polygon"",""all_points_x"":[3697,3696,3716,3716],""all_points_y"":[344,342,335,339]}",{}
4.png,31850550,{},4404,3832,"{""name"":""polygon"",""all_points_x"":[3692,3661,3661,3692],""all_points_y"":[395,406,409,398]}",{}
4.png,31850550,{},4404,3833,"{""name"":""polygon"",""all_points_x"":[3664,3665,3682,3681],""all_points_y"":[397,401,397,394]}",{}
4.png,31850550,{},4404,3834,"{""name"":""polygon"",""all_points_x"":[3675,3659,3649,3652,3661,3673,3676],""all_points_y"":[408,419,432,432,421,416,411]}",{}
4.png,31850550,{},4404,3835,"{""name"":""polygon"",""all_points_x"":[3957,3930,3935,3961],""all_points_y"":[201,240,241,202]}",{}
4.png,31850550,{},4404,3836,"{""name"":""polygon"",""all_points_x"":[3729,3730,3710,3708],""all_points_y"":[344,347,359,356]}",{}
4.png,31850550,{},4404,3837,"{""name"":""polygon"",""all_points_x"":[4581,4576,4590,4602,4604],""all_points_y"":[174,174,202,225,224]}",{}
4.png,31850550,{},4404,3838,"{""name"":""polygon"",""all_points_x"":[4588,4586,4594,4595],""all_points_y"":[169,169,195,195]}",{}
4.png,31850550,{},4404,3839,"{""name"":""polygon"",""all_points_x"":[4492,4492,4512,4512],""all_points_y"":[27,30,33,28]}",{}
4.png,31850550,{},4404,3840,"{""name"":""polygon"",""all_points_x"":[4526,4526,4541,4540],""all_points_y"":[30,33,34,31]}",{}
4.png,31850550,{},4404,3841,"{""name"":""polygon"",""all_points_x"":[4566,4536,4536,4567],""all_points_y"":[11,18,21,14]}",{}
4.png,31850550,{},4404,3842,"{""name"":""polygon"",""all_points_x"":[4507,4504,4506,4510],""all_points_y"":[1,19,19,1]}",{}
4.png,31850550,{},4404,3843,"{""name"":""polygon"",""all_points_x"":[4480,4444,4445,4483],""all_points_y"":[43,60,61,46]}",{}
4.png,31850550,{},4404,3844,"{""name"":""polygon"",""all_points_x"":[4444,4438,4440,4447],""all_points_y"":[33,49,49,33]}",{}
4.png,31850550,{},4404,3845,"{""name"":""polygon"",""all_points_x"":[4440,4431,4433,4442],""all_points_y"":[26,47,48,27]}",{}
4.png,31850550,{},4404,3846,"{""name"":""polygon"",""all_points_x"":[4438,4428,4431,4439],""all_points_y"":[28,42,43,26]}",{}
4.png,31850550,{},4404,3847,"{""name"":""polygon"",""all_points_x"":[4430,4422,4424,4433],""all_points_y"":[22,38,38,23]}",{}
4.png,31850550,{},4404,3848,"{""name"":""polygon"",""all_points_x"":[4489,4471,4473,4490],""all_points_y"":[76,83,84,78]}",{}
4.png,31850550,{},4404,3849,"{""name"":""polygon"",""all_points_x"":[4371,4309,4309,4371],""all_points_y"":[156,192,195,158]}",{}
4.png,31850550,{},4404,3850,"{""name"":""polygon"",""all_points_x"":[4407,4371,4366,4369,4384,4411],""all_points_y"":[115,159,166,167,149,117]}",{}
4.png,31850550,{},4404,3851,"{""name"":""polygon"",""all_points_x"":[4359,4350,4353,4359],""all_points_y"":[175,187,187,179]}",{}
4.png,31850550,{},4404,3852,"{""name"":""polygon"",""all_points_x"":[4433,4411,4413,4434],""all_points_y"":[213,229,231,215]}",{}
4.png,31850550,{},4404,3853,"{""name"":""polygon"",""all_points_x"":[4436,4435,4429,4433,4439,4439],""all_points_y"":[259,266,284,284,264,259]}",{}
4.png,31850550,{},4404,3854,"{""name"":""polygon"",""all_points_x"":[4457,4454,4454,4456],""all_points_y"":[265,264,302,300]}",{}
4.png,31850550,{},4404,3855,"{""name"":""polygon"",""all_points_x"":[4444,4443,4446,4446],""all_points_y"":[300,313,313,300]}",{}
4.png,31850550,{},4404,3856,"{""name"":""polygon"",""all_points_x"":[4510,4507,4513,4516],""all_points_y"":[363,363,398,399]}",{}
4.png,31850550,{},4404,3857,"{""name"":""polygon"",""all_points_x"":[4606,4571,4573,4607],""all_points_y"":[353,399,402,357]}",{}
4.png,31850550,{},4404,3858,"{""name"":""polygon"",""all_points_x"":[4578,4581,4603,4594],""all_points_y"":[404,404,366,374]}",{}
4.png,31850550,{},4404,3859,"{""name"":""polygon"",""all_points_x"":[4352,4348,4351,4353],""all_points_y"":[390,429,430,391]}",{}
4.png,31850550,{},4404,3860,"{""name"":""polygon"",""all_points_x"":[4367,4365,4373,4375],""all_points_y"":[370,372,387,383]}",{}
4.png,31850550,{},4404,3861,"{""name"":""polygon"",""all_points_x"":[4303,4302,4276,4268,4268],""all_points_y"":[334,339,347,348,345]}",{}
4.png,31850550,{},4404,3862,"{""name"":""polygon"",""all_points_x"":[4279,4277,4289,4294,4295,4288],""all_points_y"":[324,326,334,335,332,330]}",{}
4.png,31850550,{},4404,3863,"{""name"":""polygon"",""all_points_x"":[4258,4246,4246,4261],""all_points_y"":[331,341,343,331]}",{}
4.png,31850550,{},4404,3864,"{""name"":""polygon"",""all_points_x"":[4247,4212,4216,4249],""all_points_y"":[256,315,315,256]}",{}
4.png,31850550,{},4404,3865,"{""name"":""polygon"",""all_points_x"":[4207,4202,4206,4211],""all_points_y"":[324,337,337,323]}",{}
4.png,31850550,{},4404,3866,"{""name"":""polygon"",""all_points_x"":[4238,4188,4188,4235],""all_points_y"":[304,330,332,308]}",{}
4.png,31850550,{},4404,3867,"{""name"":""polygon"",""all_points_x"":[4238,4239,4240,4237],""all_points_y"":[323,323,301,299]}",{}
4.png,31850550,{},4404,3868,"{""name"":""polygon"",""all_points_x"":[4296,4296,4284,4282],""all_points_y"":[210,213,224,221]}",{}
4.png,31850550,{},4404,3869,"{""name"":""polygon"",""all_points_x"":[4358,4338,4342,4362],""all_points_y"":[126,172,172,125]}",{}
4.png,31850550,{},4404,3870,"{""name"":""polygon"",""all_points_x"":[4384,4356,4354,4384],""all_points_y"":[122,145,148,125]}",{}
4.png,31850550,{},4404,3871,"{""name"":""polygon"",""all_points_x"":[4356,4339,4342,4359],""all_points_y"":[60,107,107,60]}",{}
4.png,31850550,{},4404,3872,"{""name"":""polygon"",""all_points_x"":[4385,4370,4362,4365,4389],""all_points_y"":[3,30,43,44,1]}",{}
4.png,31850550,{},4404,3873,"{""name"":""polygon"",""all_points_x"":[4378,4371,4375,4380],""all_points_y"":[56,79,79,57]}",{}
4.png,31850550,{},4404,3874,"{""name"":""polygon"",""all_points_x"":[4380,4367,4368,4383],""all_points_y"":[44,67,69,44]}",{}
4.png,31850550,{},4404,3875,"{""name"":""polygon"",""all_points_x"":[4342,4370,4369,4342],""all_points_y"":[38,26,29,42]}",{}
4.png,31850550,{},4404,3876,"{""name"":""polygon"",""all_points_x"":[4349,4329,4331,4351],""all_points_y"":[66,106,108,68]}",{}
4.png,31850550,{},4404,3877,"{""name"":""polygon"",""all_points_x"":[4327,4315,4317,4330],""all_points_y"":[91,168,168,89]}",{}
4.png,31850550,{},4404,3878,"{""name"":""polygon"",""all_points_x"":[4352,4332,4336,4354],""all_points_y"":[125,169,171,125]}",{}
4.png,31850550,{},4404,3879,"{""name"":""polygon"",""all_points_x"":[4270,4259,4261,4272],""all_points_y"":[102,130,131,104]}",{}
4.png,31850550,{},4404,3880,"{""name"":""polygon"",""all_points_x"":[4291,4280,4274,4276,4293],""all_points_y"":[100,136,155,157,101]}",{}
4.png,31850550,{},4404,3881,"{""name"":""polygon"",""all_points_x"":[4270,4252,4256,4274],""all_points_y"":[166,198,200,164]}",{}
4.png,31850550,{},4404,3882,"{""name"":""polygon"",""all_points_x"":[4243,4229,4231,4246],""all_points_y"":[212,243,244,213]}",{}
4.png,31850550,{},4404,3883,"{""name"":""polygon"",""all_points_x"":[4201,4174,4144,4146,4173,4177,4201],""all_points_y"":[178,197,236,238,202,197,181]}",{}
4.png,31850550,{},4404,3884,"{""name"":""polygon"",""all_points_x"":[4207,4208,4211,4209],""all_points_y"":[196,224,222,195]}",{}
4.png,31850550,{},4404,3885,"{""name"":""polygon"",""all_points_x"":[4169,4172,4174,4170],""all_points_y"":[254,287,287,253]}",{}
4.png,31850550,{},4404,3886,"{""name"":""polygon"",""all_points_x"":[4198,4181,4184,4200],""all_points_y"":[261,302,302,263]}",{}
4.png,31850550,{},4404,3887,"{""name"":""polygon"",""all_points_x"":[4245,4224,4206,4202,4206,4224,4247],""all_points_y"":[248,271,291,297,295,274,250]}",{}
4.png,31850550,{},4404,3888,"{""name"":""polygon"",""all_points_x"":[4232,4221,4226,4233],""all_points_y"":[251,271,267,251]}",{}
4.png,31850550,{},4404,3889,"{""name"":""polygon"",""all_points_x"":[4182,4180,4182,4185],""all_points_y"":[246,276,276,246]}",{}
4.png,31850550,{},4404,3890,"{""name"":""polygon"",""all_points_x"":[4259,4245,4245,4259],""all_points_y"":[293,301,304,297]}",{}
4.png,31850550,{},4404,3891,"{""name"":""polygon"",""all_points_x"":[4116,4089,4090,4118],""all_points_y"":[209,239,241,209]}",{}
4.png,31850550,{},4404,3892,"{""name"":""polygon"",""all_points_x"":[4113,4095,4096,4114],""all_points_y"":[262,270,271,265]}",{}
4.png,31850550,{},4404,3893,"{""name"":""polygon"",""all_points_x"":[4337,4332,4336,4340],""all_points_y"":[374,423,423,374]}",{}
4.png,31850550,{},4404,3894,"{""name"":""polygon"",""all_points_x"":[4149,4137,4140,4151],""all_points_y"":[352,375,378,353]}",{}
4.png,31850550,{},4404,3895,"{""name"":""polygon"",""all_points_x"":[4121,4098,4098,4126],""all_points_y"":[408,435,437,407]}",{}
4.png,31850550,{},4404,3896,"{""name"":""polygon"",""all_points_x"":[4121,4104,4106,4125],""all_points_y"":[417,474,474,415]}",{}
4.png,31850550,{},4404,3897,"{""name"":""polygon"",""all_points_x"":[4485,4461,4463,4488],""all_points_y"":[573,613,613,575]}",{}
4.png,31850550,{},4404,3898,"{""name"":""polygon"",""all_points_x"":[4503,4499,4501,4506],""all_points_y"":[543,603,604,542]}",{}
4.png,31850550,{},4404,3899,"{""name"":""polygon"",""all_points_x"":[4123,4112,4098,4100,4124],""all_points_y"":[720,723,733,734,720]}",{}
4.png,31850550,{},4404,3900,"{""name"":""polygon"",""all_points_x"":[4124,4109,4098,4099,4126],""all_points_y"":[716,721,724,726,717]}",{}
4.png,31850550,{},4404,3901,"{""name"":""polygon"",""all_points_x"":[3961,3930,3932,3962],""all_points_y"":[751,778,779,753]}",{}
4.png,31850550,{},4404,3902,"{""name"":""polygon"",""all_points_x"":[3962,3954,3953,3956,3957,3963],""all_points_y"":[770,793,813,813,795,770]}",{}
4.png,31850550,{},4404,3903,"{""name"":""polygon"",""all_points_x"":[3775,3758,3749,3741,3743,3753,3777],""all_points_y"":[549,587,611,642,644,608,550]}",{}
4.png,31850550,{},4404,3904,"{""name"":""polygon"",""all_points_x"":[3817,3814,3897,3908,3909,3841],""all_points_y"":[651,654,683,686,682,661]}",{}
4.png,31850550,{},4404,3905,"{""name"":""polygon"",""all_points_x"":[3875,3855,3858,3877],""all_points_y"":[651,662,664,653]}",{}
4.png,31850550,{},4404,3906,"{""name"":""polygon"",""all_points_x"":[3820,3818,3838],""all_points_y"":[643,646,651]}",{}
4.png,31850550,{},4404,3907,"{""name"":""polygon"",""all_points_x"":[3848,3847,3865,3869],""all_points_y"":[649,652,655,653]}",{}
4.png,31850550,{},4404,3908,"{""name"":""polygon"",""all_points_x"":[3839,3844,3892,3891,3838],""all_points_y"":[707,706,707,711,709]}",{}
4.png,31850550,{},4404,3909,"{""name"":""polygon"",""all_points_x"":[3908,3889,3890,3909],""all_points_y"":[695,701,702,697]}",{}
4.png,31850550,{},4404,3910,"{""name"":""polygon"",""all_points_x"":[3988,3973,3976,3990],""all_points_y"":[651,673,672,651]}",{}
4.png,31850550,{},4404,3911,"{""name"":""polygon"",""all_points_x"":[4002,3988,3985,3983,3986,3989,4003],""all_points_y"":[647,666,674,680,679,670,650]}",{}
4.png,31850550,{},4404,3912,"{""name"":""polygon"",""all_points_x"":[3994,3947,3947,3994],""all_points_y"":[679,696,698,682]}",{}
4.png,31850550,{},4404,3913,"{""name"":""polygon"",""all_points_x"":[3953,3940,3943,3956],""all_points_y"":[699,715,715,697]}",{}
4.png,31850550,{},4404,3914,"{""name"":""polygon"",""all_points_x"":[3815,3815,3836,3854,3871,3872,3853],""all_points_y"":[731,733,733,731,732,729,728]}",{}
4.png,31850550,{},4404,3915,"{""name"":""polygon"",""all_points_x"":[3822,3800,3803,3827],""all_points_y"":[596,642,642,596]}",{}
4.png,31850550,{},4404,3916,"{""name"":""polygon"",""all_points_x"":[3841,3838,3851,3853],""all_points_y"":[597,594,629,630]}",{}
4.png,31850550,{},4404,3917,"{""name"":""polygon"",""all_points_x"":[3918,3871,3876,3923],""all_points_y"":[552,601,601,552]}",{}
4.png,31850550,{},4404,3918,"{""name"":""polygon"",""all_points_x"":[3900,3882,3853,3854,3899],""all_points_y"":[606,610,618,620,608]}",{}
4.png,31850550,{},4404,3919,"{""name"":""polygon"",""all_points_x"":[3913,3877,3879,3914],""all_points_y"":[598,634,635,601]}",{}
4.png,31850550,{},4404,3920,"{""name"":""polygon"",""all_points_x"":[3718,3717,3725,3725],""all_points_y"":[651,654,655,651]}",{}
4.png,31850550,{},4404,3921,"{""name"":""polygon"",""all_points_x"":[3744,3744,3758,3758],""all_points_y"":[655,659,662,659]}",{}
4.png,31850550,{},4404,3922,"{""name"":""polygon"",""all_points_x"":[3762,3766,3774,3800,3800,3776,3769],""all_points_y"":[655,656,645,636,632,639,646]}",{}
4.png,31850550,{},4404,3923,"{""name"":""polygon"",""all_points_x"":[3843,3810,3810,3845],""all_points_y"":[623,634,637,624]}",{}
4.png,31850550,{},4404,3924,"{""name"":""polygon"",""all_points_x"":[3843,3814,3812,3843],""all_points_y"":[617,627,630,620]}",{}
4.png,31850550,{},4404,3925,"{""name"":""polygon"",""all_points_x"":[3805,3772,3747,3748,3775,3806],""all_points_y"":[606,620,634,638,621,609]}",{}
4.png,31850550,{},4404,3926,"{""name"":""polygon"",""all_points_x"":[3824,3826,3838,3840,3840,3829],""all_points_y"":[610,615,612,610,607,609]}",{}
4.png,31850550,{},4404,3927,"{""name"":""polygon"",""all_points_x"":[3757,3764,3796,3796,3767,3760],""all_points_y"":[622,617,605,607,620,622]}",{}
4.png,31850550,{},4404,3928,"{""name"":""polygon"",""all_points_x"":[3925,3899,3901,3928],""all_points_y"":[634,677,678,635]}",{}
4.png,31850550,{},4404,3929,"{""name"":""polygon"",""all_points_x"":[3932,3924,3906,3908,3925,3934],""all_points_y"":[610,614,631,632,618,612]}",{}
4.png,31850550,{},4404,3930,"{""name"":""polygon"",""all_points_x"":[3925,3910,3912,3928],""all_points_y"":[624,633,634,626]}",{}
4.png,31850550,{},4404,3931,"{""name"":""polygon"",""all_points_x"":[3881,3847,3848,3880],""all_points_y"":[580,588,591,583]}",{}
4.png,31850550,{},4404,3932,"{""name"":""polygon"",""all_points_x"":[3908,3844,3844,3911],""all_points_y"":[556,577,580,558]}",{}
4.png,31850550,{},4404,3933,"{""name"":""polygon"",""all_points_x"":[3880,3849,3851,3879],""all_points_y"":[551,561,564,555]}",{}
4.png,31850550,{},4404,3934,"{""name"":""polygon"",""all_points_x"":[3818,3768,3770,3821],""all_points_y"":[556,593,596,558]}",{}
4.png,31850550,{},4404,3935,"{""name"":""polygon"",""all_points_x"":[3856,3832,3834,3855],""all_points_y"":[528,545,549,532]}",{}
4.png,31850550,{},4404,3936,"{""name"":""polygon"",""all_points_x"":[3814,3784,3786,3815],""all_points_y"":[532,548,550,535]}",{}
4.png,31850550,{},4404,3937,"{""name"":""polygon"",""all_points_x"":[3763,3722,3708,3710,3732,3767],""all_points_y"":[558,582,591,594,579,559]}",{}
4.png,31850550,{},4404,3938,"{""name"":""polygon"",""all_points_x"":[3770,3750,3743,3742,3747,3752,3771],""all_points_y"":[521,545,553,558,555,546,523]}",{}
4.png,31850550,{},4404,3939,"{""name"":""polygon"",""all_points_x"":[3748,3730,3730,3746],""all_points_y"":[538,554,557,541]}",{}
4.png,31850550,{},4404,3940,"{""name"":""polygon"",""all_points_x"":[3701,3687,3689,3703],""all_points_y"":[566,588,588,566]}",{}
4.png,31850550,{},4404,3941,"{""name"":""polygon"",""all_points_x"":[3740,3739,3774,3774],""all_points_y"":[664,667,668,666]}",{}
4.png,31850550,{},4404,3942,"{""name"":""polygon"",""all_points_x"":[3832,3828,3847,3861,3863,3846],""all_points_y"":[678,679,690,697,695,687]}",{}
4.png,31850550,{},4404,3943,"{""name"":""polygon"",""all_points_x"":[3871,3887,3880,3870],""all_points_y"":[659,673,671,660]}",{}
4.png,31850550,{},4404,3944,"{""name"":""polygon"",""all_points_x"":[3779,3770,3772,3783],""all_points_y"":[691,717,717,688]}",{}
4.png,31850550,{},4404,3945,"{""name"":""polygon"",""all_points_x"":[3799,3798,3829,3864,3864,3828],""all_points_y"":[744,746,743,737,734,739]}",{}
4.png,31850550,{},4404,3946,"{""name"":""polygon"",""all_points_x"":[3789,3771,3772,3792],""all_points_y"":[736,758,759,738]}",{}
4.png,31850550,{},4404,3947,"{""name"":""polygon"",""all_points_x"":[3670,3672,3675,3671],""all_points_y"":[1467,1492,1492,1464]}",{}
4.png,31850550,{},4404,3948,"{""name"":""polygon"",""all_points_x"":[3593,3593,3606,3613,3614,3600],""all_points_y"":[1240,1244,1245,1245,1244,1243]}",{}
4.png,31850550,{},4404,3949,"{""name"":""polygon"",""all_points_x"":[3617,3611,3611,3612,3614,3620],""all_points_y"":[1159,1172,1178,1178,1173,1159]}",{}
4.png,31850550,{},4404,3950,"{""name"":""polygon"",""all_points_x"":[3549,3546,3549,3551],""all_points_y"":[1209,1225,1225,1215]}",{}
4.png,31850550,{},4404,3951,"{""name"":""polygon"",""all_points_x"":[3562,3559,3567,3574,3575],""all_points_y"":[1296,1299,1318,1329,1328]}",{}
4.png,31850550,{},4404,3952,"{""name"":""polygon"",""all_points_x"":[3632,3629,3650,3653],""all_points_y"":[1859,1860,1887,1887]}",{}
4.png,31850550,{},4404,3953,"{""name"":""polygon"",""all_points_x"":[3594,3592,3638,3634],""all_points_y"":[1837,1840,1876,1869]}",{}
4.png,31850550,{},4404,3954,"{""name"":""polygon"",""all_points_x"":[3464,3462,3528,3528,3478],""all_points_y"":[2073,2076,2100,2099,2077]}",{}
4.png,31850550,{},4404,3955,"{""name"":""polygon"",""all_points_x"":[2936,2936,2937,2975,2975],""all_points_y"":[1119,1120,1122,1114,1112]}",{}
4.png,31850550,{},4404,3956,"{""name"":""polygon"",""all_points_x"":[2857,2859,2892,2893],""all_points_y"":[1199,1202,1196,1194]}",{}
4.png,31850550,{},4404,3957,"{""name"":""polygon"",""all_points_x"":[2945,2922,2924,2947],""all_points_y"":[1232,1262,1263,1236]}",{}
4.png,31850550,{},4404,3958,"{""name"":""polygon"",""all_points_x"":[3084,3076,3068,3071,3078,3085],""all_points_y"":[1237,1247,1264,1266,1251,1241]}",{}
4.png,31850550,{},4404,3959,"{""name"":""polygon"",""all_points_x"":[3124,3111,3110,3112,3127],""all_points_y"":[1291,1306,1310,1310,1293]}",{}
4.png,31850550,{},4404,3960,"{""name"":""polygon"",""all_points_x"":[3095,3086,3087,3098],""all_points_y"":[1328,1342,1342,1328]}",{}
4.png,31850550,{},4404,3961,"{""name"":""polygon"",""all_points_x"":[3123,3103,3104,3123],""all_points_y"":[1340,1346,1348,1343]}",{}
4.png,31850550,{},4404,3962,"{""name"":""polygon"",""all_points_x"":[3155,3131,3132,3152],""all_points_y"":[1373,1385,1386,1377]}",{}
4.png,31850550,{},4404,3963,"{""name"":""polygon"",""all_points_x"":[2877,2855,2858,2881],""all_points_y"":[1229,1252,1254,1227]}",{}
4.png,31850550,{},4404,3964,"{""name"":""polygon"",""all_points_x"":[2886,2876,2878,2887],""all_points_y"":[1247,1272,1273,1252]}",{}
4.png,31850550,{},4404,3965,"{""name"":""polygon"",""all_points_x"":[2956,2934,2936,2957],""all_points_y"":[1318,1339,1340,1321]}",{}
4.png,31850550,{},4404,3966,"{""name"":""polygon"",""all_points_x"":[2947,2919,2921,2946],""all_points_y"":[1319,1345,1347,1324]}",{}
4.png,31850550,{},4404,3967,"{""name"":""polygon"",""all_points_x"":[2977,2959,2960,2979],""all_points_y"":[1391,1404,1406,1393]}",{}
4.png,31850550,{},4404,3968,"{""name"":""polygon"",""all_points_x"":[3049,3032,3035,3052],""all_points_y"":[1344,1360,1361,1345]}",{}
4.png,31850550,{},4404,3969,"{""name"":""polygon"",""all_points_x"":[3014,3020,3020,3014],""all_points_y"":[1376,1371,1373,1378]}",{}
4.png,31850550,{},4404,3970,"{""name"":""polygon"",""all_points_x"":[2327,2310,2306,2306,2330],""all_points_y"":[1545,1556,1559,1561,1548]}",{}
4.png,31850550,{},4404,3971,"{""name"":""polygon"",""all_points_x"":[2374,2346,2347,2374],""all_points_y"":[1568,1574,1576,1571]}",{}
4.png,31850550,{},4404,3972,"{""name"":""polygon"",""all_points_x"":[2341,2326,2326,2342],""all_points_y"":[1575,1576,1578,1577]}",{}
4.png,31850550,{},4404,3973,"{""name"":""polygon"",""all_points_x"":[2411,2390,2391,2414],""all_points_y"":[1521,1533,1534,1523]}",{}
4.png,31850550,{},4404,3974,"{""name"":""polygon"",""all_points_x"":[2432,2434,2471,2467],""all_points_y"":[1778,1779,1756,1754]}",{}
4.png,31850550,{},4404,3975,"{""name"":""polygon"",""all_points_x"":[2589,2569,2569,2589],""all_points_y"":[1726,1734,1737,1729]}",{}
4.png,31850550,{},4404,3976,"{""name"":""polygon"",""all_points_x"":[2654,2643,2644,2656],""all_points_y"":[1763,1789,1791,1763]}",{}
4.png,31850550,{},4404,3977,"{""name"":""polygon"",""all_points_x"":[2656,2646,2647,2658],""all_points_y"":[1771,1793,1794,1773]}",{}
4.png,31850550,{},4404,3978,"{""name"":""polygon"",""all_points_x"":[2396,2366,2367,2392,2397],""all_points_y"":[1874,1896,1897,1882,1876]}",{}
4.png,31850550,{},4404,3979,"{""name"":""polygon"",""all_points_x"":[2255,2280,2281,2257],""all_points_y"":[1697,1677,1680,1698]}",{}
4.png,31850550,{},4404,3980,"{""name"":""polygon"",""all_points_x"":[2310,2303,2267,2265,2291],""all_points_y"":[1686,1686,1698,1701,1692]}",{}
4.png,31850550,{},4404,3981,"{""name"":""polygon"",""all_points_x"":[2286,2266,2266,2289],""all_points_y"":[1730,1735,1737,1732]}",{}
4.png,31850550,{},4404,3982,"{""name"":""polygon"",""all_points_x"":[2257,2251,2251,2259],""all_points_y"":[1737,1740,1742,1739]}",{}
4.png,31850550,{},4404,3983,"{""name"":""polygon"",""all_points_x"":[2239,2220,2221,2241],""all_points_y"":[1742,1752,1753,1744]}",{}
4.png,31850550,{},4404,3984,"{""name"":""polygon"",""all_points_x"":[2277,2276,2293,2294],""all_points_y"":[1718,1720,1731,1730]}",{}
4.png,31850550,{},4404,3985,"{""name"":""polygon"",""all_points_x"":[2357,2342,2342,2362],""all_points_y"":[1602,1611,1614,1604]}",{}
4.png,31850550,{},4404,3986,"{""name"":""polygon"",""all_points_x"":[2318,2297,2298,2319],""all_points_y"":[1624,1637,1638,1626]}",{}
4.png,31850550,{},4404,3987,"{""name"":""polygon"",""all_points_x"":[2136,2136,2159,2159],""all_points_y"":[1550,1552,1553,1551]}",{}
4.png,31850550,{},4404,3988,"{""name"":""polygon"",""all_points_x"":[2135,2155,2152,2136],""all_points_y"":[1557,1558,1555,1555]}",{}
4.png,31850550,{},4404,3989,"{""name"":""polygon"",""all_points_x"":[2182,2170,2170,2182],""all_points_y"":[1593,1596,1599,1595]}",{}
4.png,31850550,{},4404,3990,"{""name"":""polygon"",""all_points_x"":[2082,2044,2046,2085],""all_points_y"":[1705,1734,1735,1706]}",{}
4.png,31850550,{},4404,3991,"{""name"":""polygon"",""all_points_x"":[2188,2166,2168,2190],""all_points_y"":[1708,1734,1735,1712]}",{}
4.png,31850550,{},4404,3992,"{""name"":""polygon"",""all_points_x"":[1970,1954,1957,1972],""all_points_y"":[1749,1767,1768,1750]}",{}
4.png,31850550,{},4404,3993,"{""name"":""polygon"",""all_points_x"":[1980,1969,1972,1980],""all_points_y"":[1757,1787,1786,1761]}",{}
4.png,31850550,{},4404,3994,"{""name"":""polygon"",""all_points_x"":[2100,2095,2098,2103],""all_points_y"":[1787,1816,1816,1788]}",{}
4.png,31850550,{},4404,3995,"{""name"":""polygon"",""all_points_x"":[1936,1925,1922,1933],""all_points_y"":[1843,1865,1864,1843]}",{}
4.png,31850550,{},4404,3996,"{""name"":""polygon"",""all_points_x"":[1926,1908,1916,1930],""all_points_y"":[1799,1818,1816,1800]}",{}
4.png,31850550,{},4404,3997,"{""name"":""polygon"",""all_points_x"":[1889,1866,1869,1891],""all_points_y"":[1828,1854,1855,1831]}",{}
4.png,31850550,{},4404,3998,"{""name"":""polygon"",""all_points_x"":[2297,2282,2282,2296],""all_points_y"":[1809,1818,1813,1806]}",{}
4.png,31850550,{},4404,3999,"{""name"":""polygon"",""all_points_x"":[1905,1901,1921,1941,1941,1917],""all_points_y"":[1877,1881,1873,1854,1850,1871]}",{}
4.png,31850550,{},4404,4000,"{""name"":""polygon"",""all_points_x"":[1857,1857,1885,1916,1915,1881],""all_points_y"":[1627,1631,1625,1615,1612,1623]}",{}
4.png,31850550,{},4404,4001,"{""name"":""polygon"",""all_points_x"":[1901,1896,1918,1920],""all_points_y"":[1594,1594,1613,1611]}",{}
4.png,31850550,{},4404,4002,"{""name"":""polygon"",""all_points_x"":[2036,2001,1999,2036],""all_points_y"":[1639,1644,1648,1642]}",{}
4.png,31850550,{},4404,4003,"{""name"":""polygon"",""all_points_x"":[2199,2174,2170,2198],""all_points_y"":[1847,1854,1857,1850]}",{}
4.png,31850550,{},4404,4004,"{""name"":""polygon"",""all_points_x"":[2108,2106,2121,2147,2146],""all_points_y"":[1868,1870,1868,1862,1860]}",{}
4.png,31850550,{},4404,4005,"{""name"":""polygon"",""all_points_x"":[2064,2051,2044,2040,2033,2027,2026,2038,2041,2052,2060,2066],""all_points_y"":[2062,2084,2092,2095,2110,2118,2121,2110,2097,2088,2077,2062]}",{}
4.png,31850550,{},4404,4006,"{""name"":""polygon"",""all_points_x"":[1882,1849,1849,1885],""all_points_y"":[2030,2046,2049,2033]}",{}
4.png,31850550,{},4404,4007,"{""name"":""polygon"",""all_points_x"":[2984,2982,3015,3038,3060,3067,3068,3049],""all_points_y"":[66,70,70,70,72,74,70,66]}",{}
4.png,31850550,{},4404,4008,"{""name"":""polygon"",""all_points_x"":[2991,2988,3018,3020],""all_points_y"":[51,53,65,63]}",{}
4.png,31850550,{},4404,4009,"{""name"":""polygon"",""all_points_x"":[3135,3079,3057,3006,3004,3043,3065,3130],""all_points_y"":[1,22,28,56,53,30,22,1]}",{}
4.png,31850550,{},4404,4010,"{""name"":""polygon"",""all_points_x"":[3097,3068,3063,3093],""all_points_y"":[0,21,19,1]}",{}
4.png,31850550,{},4404,4011,"{""name"":""polygon"",""all_points_x"":[3009,3015,3026,3066,3087,3087,3057,3025],""all_points_y"":[24,25,17,7,3,1,6,14]}",{}
4.png,31850550,{},4404,4012,"{""name"":""polygon"",""all_points_x"":[3107,3085,3089,3111],""all_points_y"":[27,59,60,30]}",{}
4.png,31850550,{},4404,4013,"{""name"":""polygon"",""all_points_x"":[3208,3207,3220,3220],""all_points_y"":[40,42,43,41]}",{}
4.png,31850550,{},4404,4014,"{""name"":""polygon"",""all_points_x"":[3413,3399,3388,3375,3375,3390,3399,3415],""all_points_y"":[48,57,60,69,70,64,60,49]}",{}
4.png,31850550,{},4404,4015,"{""name"":""polygon"",""all_points_x"":[3150,3130,3132,3150],""all_points_y"":[43,63,65,45]}",{}
4.png,31850550,{},4404,4016,"{""name"":""polygon"",""all_points_x"":[3130,3131,3158,3160],""all_points_y"":[33,36,28,24]}",{}
4.png,31850550,{},4404,4017,"{""name"":""polygon"",""all_points_x"":[3142,3142,3157,3157],""all_points_y"":[17,19,17,15]}",{}
4.png,31850550,{},4404,4018,"{""name"":""polygon"",""all_points_x"":[3162,3162,3173,3174],""all_points_y"":[13,16,15,13]}",{}
4.png,31850550,{},4404,4019,"{""name"":""polygon"",""all_points_x"":[3203,3226,3226,3206],""all_points_y"":[7,5,2,5]}",{}
4.png,31850550,{},4404,4020,"{""name"":""polygon"",""all_points_x"":[3396,3396,3413,3410],""all_points_y"":[26,28,27,24]}",{}
4.png,31850550,{},4404,4021,"{""name"":""polygon"",""all_points_x"":[3437,3418,3421,3438],""all_points_y"":[4,17,19,6]}",{}
4.png,31850550,{},4404,4022,"{""name"":""polygon"",""all_points_x"":[3282,3273,3267,3251,3246,3247,3251,3282],""all_points_y"":[142,146,148,156,163,163,158,146]}",{}
4.png,31850550,{},4404,4023,"{""name"":""polygon"",""all_points_x"":[3290,3295,3298,3295],""all_points_y"":[175,206,204,175]}",{}
4.png,31850550,{},4404,4024,"{""name"":""polygon"",""all_points_x"":[3367,3350,3347,3351,3354,3369],""all_points_y"":[156,179,188,189,178,159]}",{}
4.png,31850550,{},4404,4025,"{""name"":""polygon"",""all_points_x"":[3387,3346,3349,3369,3387],""all_points_y"":[128,170,173,152,134]}",{}
4.png,31850550,{},4404,4026,"{""name"":""polygon"",""all_points_x"":[3423,3410,3381,3381,3421],""all_points_y"":[203,207,216,218,206]}",{}
4.png,31850550,{},4404,4027,"{""name"":""polygon"",""all_points_x"":[3437,3413,3415,3438],""all_points_y"":[163,204,204,166]}",{}
4.png,31850550,{},4404,4028,"{""name"":""polygon"",""all_points_x"":[3408,3401,3404,3412],""all_points_y"":[212,227,227,211]}",{}
4.png,31850550,{},4404,4029,"{""name"":""polygon"",""all_points_x"":[3406,3375,3376,3408],""all_points_y"":[231,238,241,234]}",{}
4.png,31850550,{},4404,4030,"{""name"":""polygon"",""all_points_x"":[3181,3177,3194,3196],""all_points_y"":[223,223,246,245]}",{}
4.png,31850550,{},4404,4031,"{""name"":""polygon"",""all_points_x"":[3324,3321,3335,3337],""all_points_y"":[248,251,262,259]}",{}
4.png,31850550,{},4404,4032,"{""name"":""polygon"",""all_points_x"":[2954,2951,2957,2961,2963,2960],""all_points_y"":[165,163,184,198,198,179]}",{}
4.png,31850550,{},4404,4033,"{""name"":""polygon"",""all_points_x"":[2893,2869,2869,2894],""all_points_y"":[216,226,229,220]}",{}
4.png,31850550,{},4404,4034,"{""name"":""polygon"",""all_points_x"":[2440,2474,2476,2443],""all_points_y"":[481,497,494,480]}",{}
4.png,31850550,{},4404,4035,"{""name"":""polygon"",""all_points_x"":[2476,2476,2505,2503],""all_points_y"":[507,510,514,509]}",{}
4.png,31850550,{},4404,4036,"{""name"":""polygon"",""all_points_x"":[2751,2739,2742,2753],""all_points_y"":[721,740,740,724]}",{}
4.png,31850550,{},4404,4037,"{""name"":""polygon"",""all_points_x"":[2649,2651,2672,2688,2688],""all_points_y"":[784,787,786,786,784]}",{}
4.png,31850550,{},4404,4038,"{""name"":""polygon"",""all_points_x"":[2624,2626,2662,2662],""all_points_y"":[780,781,774,772]}",{}
4.png,31850550,{},4404,4039,"{""name"":""polygon"",""all_points_x"":[1867,1868,1941,1941],""all_points_y"":[764,761,751,754]}",{}
4.png,31850550,{},4404,4040,"{""name"":""polygon"",""all_points_x"":[1976,1953,1954,1976],""all_points_y"":[1118,1129,1131,1122]}",{}
4.png,31850550,{},4404,4041,"{""name"":""polygon"",""all_points_x"":[1524,1525,1594,1596,1531],""all_points_y"":[1200,1199,1180,1184,1204]}",{}
4.png,31850550,{},4404,4042,"{""name"":""polygon"",""all_points_x"":[1622,1606,1605,1625],""all_points_y"":[1172,1174,1178,1174]}",{}
4.png,31850550,{},4404,4043,"{""name"":""polygon"",""all_points_x"":[1827,1811,1813,1829],""all_points_y"":[1173,1177,1180,1177]}",{}
4.png,31850550,{},4404,4044,"{""name"":""polygon"",""all_points_x"":[2065,2065,2045,2016,2017],""all_points_y"":[884,887,889,890,888]}",{}
4.png,31850550,{},4404,4045,"{""name"":""polygon"",""all_points_x"":[2171,2168,2210,2210],""all_points_y"":[573,577,582,580]}",{}
4.png,31850550,{},4404,4046,"{""name"":""polygon"",""all_points_x"":[2229,2228,2258,2259],""all_points_y"":[591,594,609,607]}",{}
4.png,31850550,{},4404,4047,"{""name"":""polygon"",""all_points_x"":[2307,2306,2350,2350],""all_points_y"":[627,630,647,645]}",{}
4.png,31850550,{},4404,4048,"{""name"":""polygon"",""all_points_x"":[2256,2255,2298,2299],""all_points_y"":[456,459,473,470]}",{}
4.png,31850550,{},4404,4049,"{""name"":""polygon"",""all_points_x"":[1807,1805,1862,1862],""all_points_y"":[524,528,528,524]}",{}
4.png,31850550,{},4404,4050,"{""name"":""polygon"",""all_points_x"":[4312,4297,4298,4313],""all_points_y"":[180,200,202,181]}",{}
4.png,31850550,{},4404,4051,"{""name"":""polygon"",""all_points_x"":[3782,3746,3746,3788],""all_points_y"":[182,195,197,184]}",{}
4.png,31850550,{},4404,4052,"{""name"":""polygon"",""all_points_x"":[3725,3693,3694,3724],""all_points_y"":[202,212,215,205]}",{}
4.png,31850550,{},4404,4053,"{""name"":""polygon"",""all_points_x"":[3727,3724,3725,3729],""all_points_y"":[255,272,273,255]}",{}
4.png,31850550,{},4404,4054,"{""name"":""polygon"",""all_points_x"":[3772,3749,3729,3730,3749,3773],""all_points_y"":[251,266,282,284,270,254]}",{}
4.png,31850550,{},4404,4055,"{""name"":""polygon"",""all_points_x"":[3800,3767,3768,3803],""all_points_y"":[298,312,317,303]}",{}
4.png,31850550,{},4404,4056,"{""name"":""polygon"",""all_points_x"":[3747,3746,3769,3768],""all_points_y"":[351,353,356,354]}",{}
4.png,31850550,{},4404,4057,"{""name"":""polygon"",""all_points_x"":[3641,3613,3614,3644],""all_points_y"":[769,787,791,770]}",{}
4.png,31850550,{},4404,4058,"{""name"":""polygon"",""all_points_x"":[3563,3565,3567,3566],""all_points_y"":[248,278,277,248]}",{}
4.png,31850550,{},4404,4059,"{""name"":""polygon"",""all_points_x"":[3625,3540,3542,3622],""all_points_y"":[251,290,292,255]}",{}
4.png,31850550,{},4404,4060,"{""name"":""polygon"",""all_points_x"":[3652,3632,3625,3616,3616,3617,3621,3653],""all_points_y"":[219,242,252,266,270,269,262,222]}",{}
4.png,31850550,{},4404,4061,"{""name"":""polygon"",""all_points_x"":[3581,3582,3615,3615],""all_points_y"":[279,281,266,263]}",{}
4.png,31850550,{},4404,4062,"{""name"":""polygon"",""all_points_x"":[3790,3745,3745,3794],""all_points_y"":[165,181,184,168]}",{}
4.png,31850550,{},4404,4063,"{""name"":""polygon"",""all_points_x"":[3610,3595,3596,3616],""all_points_y"":[77,89,91,77]}",{}
4.png,31850550,{},4404,4064,"{""name"":""polygon"",""all_points_x"":[3655,3645,3649,3658],""all_points_y"":[65,87,90,66]}",{}
4.png,31850550,{},4404,4065,"{""name"":""polygon"",""all_points_x"":[3732,3699,3701,3734],""all_points_y"":[72,95,97,74]}",{}
4.png,31850550,{},4404,4066,"{""name"":""polygon"",""all_points_x"":[3738,3718,3719,3738],""all_points_y"":[83,97,99,87]}",{}
4.png,31850550,{},4404,4067,"{""name"":""polygon"",""all_points_x"":[3752,3670,3671,3752],""all_points_y"":[124,187,191,128]}",{}
4.png,31850550,{},4404,4068,"{""name"":""polygon"",""all_points_x"":[3741,3682,3684,3742],""all_points_y"":[143,190,195,145]}",{}
4.png,31850550,{},4404,4069,"{""name"":""polygon"",""all_points_x"":[3790,3770,3772,3793],""all_points_y"":[105,119,120,106]}",{}
4.png,31850550,{},4404,4070,"{""name"":""polygon"",""all_points_x"":[3665,3632,3620,3605,3597,3599,3611,3630,3667],""all_points_y"":[136,177,201,234,259,260,228,189,137]}",{}
4.png,31850550,{},4404,4071,"{""name"":""polygon"",""all_points_x"":[3702,3679,3678,3703],""all_points_y"":[125,130,134,127]}",{}
4.png,31850550,{},4404,4072,"{""name"":""polygon"",""all_points_x"":[3668,3648,3648,3671],""all_points_y"":[148,166,168,151]}",{}
4.png,31850550,{},4404,4073,"{""name"":""polygon"",""all_points_x"":[3671,3640,3642,3670],""all_points_y"":[155,179,175,154]}",{}
4.png,31850550,{},4404,4074,"{""name"":""polygon"",""all_points_x"":[3661,3630,3629,3658],""all_points_y"":[168,197,193,168]}",{}
4.png,31850550,{},4404,4075,"{""name"":""polygon"",""all_points_x"":[3616,3584,3585,3617],""all_points_y"":[190,220,221,192]}",{}
4.png,31850550,{},4404,4076,"{""name"":""polygon"",""all_points_x"":[3615,3598,3599,3616],""all_points_y"":[199,214,215,200]}",{}
4.png,31850550,{},4404,4077,"{""name"":""polygon"",""all_points_x"":[3588,3514,3502,3464,3466,3504,3579],""all_points_y"":[230,245,247,263,266,249,235]}",{}
4.png,31850550,{},4404,4078,"{""name"":""polygon"",""all_points_x"":[3548,3505,3506,3551],""all_points_y"":[245,263,265,246]}",{}
4.png,31850550,{},4404,4079,"{""name"":""polygon"",""all_points_x"":[3580,3574,3573,3574,3578,3582],""all_points_y"":[198,217,228,228,215,199]}",{}
4.png,31850550,{},4404,4080,"{""name"":""polygon"",""all_points_x"":[3583,3549,3549,3581],""all_points_y"":[191,208,211,193]}",{}
4.png,31850550,{},4404,4081,"{""name"":""polygon"",""all_points_x"":[3590,3557,3557,3586],""all_points_y"":[177,192,195,182]}",{}
4.png,31850550,{},4404,4082,"{""name"":""polygon"",""all_points_x"":[3514,3464,3466,3516],""all_points_y"":[228,258,260,229]}",{}
4.png,31850550,{},4404,4083,"{""name"":""polygon"",""all_points_x"":[3525,3510,3514,3529],""all_points_y"":[204,242,242,205]}",{}
4.png,31850550,{},4404,4084,"{""name"":""polygon"",""all_points_x"":[3518,3490,3490,3518],""all_points_y"":[207,222,224,209]}",{}
4.png,31850550,{},4404,4085,"{""name"":""polygon"",""all_points_x"":[3485,3469,3470,3488],""all_points_y"":[226,236,237,227]}",{}
4.png,31850550,{},4404,4086,"{""name"":""polygon"",""all_points_x"":[3477,3464,3466,3478],""all_points_y"":[224,233,234,225]}",{}
4.png,31850550,{},4404,4087,"{""name"":""polygon"",""all_points_x"":[3404,3372,3376,3407],""all_points_y"":[262,309,309,262]}",{}
4.png,31850550,{},4404,4088,"{""name"":""polygon"",""all_points_x"":[3394,3372,3373,3395],""all_points_y"":[294,329,330,294]}",{}
4.png,31850550,{},4404,4089,"{""name"":""polygon"",""all_points_x"":[3398,3381,3382,3396],""all_points_y"":[321,329,331,324]}",{}
4.png,31850550,{},4404,4090,"{""name"":""polygon"",""all_points_x"":[3589,3543,3545,3591],""all_points_y"":[93,129,129,94]}",{}
4.png,31850550,{},4404,4091,"{""name"":""polygon"",""all_points_x"":[3599,3597,3621,3624],""all_points_y"":[119,122,130,129]}",{}
4.png,31850550,{},4404,4092,"{""name"":""polygon"",""all_points_x"":[3632,3630,3646,3646],""all_points_y"":[132,133,140,138]}",{}
4.png,31850550,{},4404,4093,"{""name"":""polygon"",""all_points_x"":[3657,3588,3589,3658],""all_points_y"":[137,164,168,140]}",{}
4.png,31850550,{},4404,4094,"{""name"":""polygon"",""all_points_x"":[3581,3578,3610,3611],""all_points_y"":[134,138,148,146]}",{}
4.png,31850550,{},4404,4095,"{""name"":""polygon"",""all_points_x"":[3586,3583,3599,3602],""all_points_y"":[130,132,141,140]}",{}
4.png,31850550,{},4404,4096,"{""name"":""polygon"",""all_points_x"":[3597,3575,3539,3529,3520,3517,3540,3594],""all_points_y"":[56,76,105,115,125,123,100,56]}",{}
4.png,31850550,{},4404,4097,"{""name"":""polygon"",""all_points_x"":[3505,3504,3529,3531],""all_points_y"":[94,96,108,106]}",{}
4.png,31850550,{},4404,4098,"{""name"":""polygon"",""all_points_x"":[3516,3525,3528,3518],""all_points_y"":[108,113,111,107]}",{}
4.png,31850550,{},4404,4099,"{""name"":""polygon"",""all_points_x"":[3505,3497,3493,3484,3487,3508],""all_points_y"":[134,144,151,161,162,136]}",{}
4.png,31850550,{},4404,4100,"{""name"":""polygon"",""all_points_x"":[3489,3478,3478,3491],""all_points_y"":[165,170,172,168]}",{}
4.png,31850550,{},4404,4101,"{""name"":""polygon"",""all_points_x"":[3514,3502,3504,3516],""all_points_y"":[144,156,157,145]}",{}
4.png,31850550,{},4404,4102,"{""name"":""polygon"",""all_points_x"":[3533,3531,3546,3547],""all_points_y"":[114,115,122,120]}",{}
4.png,31850550,{},4404,4103,"{""name"":""polygon"",""all_points_x"":[3603,3601,3584,3557,3562,3583,3589],""all_points_y"":[113,116,112,125,119,110,111]}",{}
4.png,31850550,{},4404,4104,"{""name"":""polygon"",""all_points_x"":[3512,3512,3578,3579],""all_points_y"":[65,68,65,63]}",{}
4.png,31850550,{},4404,4105,"{""name"":""polygon"",""all_points_x"":[3512,3486,3489,3514],""all_points_y"":[42,98,97,44]}",{}
4.png,31850550,{},4404,4106,"{""name"":""polygon"",""all_points_x"":[3466,3459,3463,3469],""all_points_y"":[146,168,168,146]}",{}
4.png,31850550,{},4404,4107,"{""name"":""polygon"",""all_points_x"":[3442,3444,3467,3466],""all_points_y"":[198,200,195,193]}",{}
4.png,31850550,{},4404,4108,"{""name"":""polygon"",""all_points_x"":[3538,3535,3551,3553],""all_points_y"":[109,111,119,117]}",{}
4.png,31850550,{},4404,4109,"{""name"":""polygon"",""all_points_x"":[3506,3507,3518,3553,3555],""all_points_y"":[76,79,81,88,85]}",{}
4.png,31850550,{},4404,4110,"{""name"":""polygon"",""all_points_x"":[3532,3534,3547,3547],""all_points_y"":[47,50,47,45]}",{}
4.png,31850550,{},4404,4111,"{""name"":""polygon"",""all_points_x"":[3521,3517,3541,3544],""all_points_y"":[3,6,45,45]}",{}
4.png,31850550,{},4404,4112,"{""name"":""polygon"",""all_points_x"":[3553,3554,3580,3605,3607,3582],""all_points_y"":[42,44,41,38,35,37]}",{}
4.png,31850550,{},4404,4113,"{""name"":""polygon"",""all_points_x"":[3581,3582,3584,3583],""all_points_y"":[2,35,35,1]}",{}
4.png,31850550,{},4404,4114,"{""name"":""polygon"",""all_points_x"":[3656,3585,3592,3654],""all_points_y"":[2,34,33,5]}",{}
4.png,31850550,{},4404,4115,"{""name"":""polygon"",""all_points_x"":[3565,3563,3587,3588],""all_points_y"":[87,89,93,91]}",{}
4.png,31850550,{},4404,4116,"{""name"":""polygon"",""all_points_x"":[3560,3582,3583,3560],""all_points_y"":[92,97,93,89]}",{}
4.png,31850550,{},4404,4117,"{""name"":""polygon"",""all_points_x"":[3510,3510,3513,3513],""all_points_y"":[3,27,27,1]}",{}
4.png,31850550,{},4404,4118,"{""name"":""polygon"",""all_points_x"":[3630,3606,3608,3633],""all_points_y"":[127,141,141,130]}",{}
4.png,31850550,{},4404,4119,"{""name"":""polygon"",""all_points_x"":[3732,3707,3708,3734],""all_points_y"":[520,548,549,522]}",{}
4.png,31850550,{},4404,4120,"{""name"":""polygon"",""all_points_x"":[3688,3665,3666,3691],""all_points_y"":[802,816,819,803]}",{}
4.png,31850550,{},4404,4121,"{""name"":""polygon"",""all_points_x"":[3789,3768,3767,3788],""all_points_y"":[785,799,802,789]}",{}
4.png,31850550,{},4404,4122,"{""name"":""polygon"",""all_points_x"":[3019,3019,3044,3044],""all_points_y"":[1657,1659,1659,1657]}",{}
4.png,31850550,{},4404,4123,"{""name"":""polygon"",""all_points_x"":[3349,3346,3348,3351],""all_points_y"":[1617,1634,1634,1618]}",{}
4.png,31850550,{},4404,4124,"{""name"":""polygon"",""all_points_x"":[3501,3498,3499,3501],""all_points_y"":[1540,1540,1580,1580]}",{}
4.png,31850550,{},4404,4125,"{""name"":""polygon"",""all_points_x"":[3479,3478,3494,3495],""all_points_y"":[1508,1511,1530,1529]}",{}
4.png,31850550,{},4404,4126,"{""name"":""polygon"",""all_points_x"":[3622,3621,3648,3648],""all_points_y"":[2276,2278,2302,2301]}",{}
4.png,31850550,{},4404,4127,"{""name"":""polygon"",""all_points_x"":[3372,3373,3393,3393],""all_points_y"":[2229,2232,2229,2225]}",{}
4.png,31850550,{},4404,4128,"{""name"":""polygon"",""all_points_x"":[3464,3462,3464,3467],""all_points_y"":[2230,2243,2244,2231]}",{}
4.png,31850550,{},4404,4129,"{""name"":""polygon"",""all_points_x"":[3070,3068,3082,3084],""all_points_y"":[2253,2255,2272,2270]}",{}
4.png,31850550,{},4404,4130,"{""name"":""polygon"",""all_points_x"":[3029,3026,3043,3045],""all_points_y"":[1881,1882,1921,1921]}",{}
4.png,31850550,{},4404,4131,"{""name"":""polygon"",""all_points_x"":[3017,3014,3025,3026],""all_points_y"":[1877,1877,1910,1909]}",{}
4.png,31850550,{},4404,4132,"{""name"":""polygon"",""all_points_x"":[3016,3012,3014,3019],""all_points_y"":[1896,1911,1914,1895]}",{}
4.png,31850550,{},4404,4133,"{""name"":""polygon"",""all_points_x"":[897,895,921,922],""all_points_y"":[1031,1033,1079,1075]}",{}
4.png,31850550,{},4404,4134,"{""name"":""polygon"",""all_points_x"":[939,936,956,959],""all_points_y"":[997,999,1023,1020]}",{}
4.png,31850550,{},4404,4135,"{""name"":""polygon"",""all_points_x"":[599,597,602,605],""all_points_y"":[1245,1271,1270,1245]}",{}
4.png,31850550,{},4404,4136,"{""name"":""polygon"",""all_points_x"":[1117,1118,1148,1148],""all_points_y"":[1975,1978,1977,1975]}",{}
4.png,31850550,{},4404,4137,"{""name"":""polygon"",""all_points_x"":[1182,1181,1157,1162,1182],""all_points_y"":[2239,2239,2258,2258,2244]}",{}
4.png,31850550,{},4404,4138,"{""name"":""polygon"",""all_points_x"":[2482,2479,2496,2498],""all_points_y"":[2004,2007,2021,2017]}",{}
4.png,31850550,{},4404,4139,"{""name"":""polygon"",""all_points_x"":[4459,4456,4466,4469],""all_points_y"":[763,763,802,802]}",{}
4.png,31850550,{},4404,4140,"{""name"":""polygon"",""all_points_x"":[4025,4023,4038,4040],""all_points_y"":[1526,1527,1543,1542]}",{}
4.png,31850550,{},4404,4141,"{""name"":""polygon"",""all_points_x"":[4268,4264,4271,4274],""all_points_y"":[1553,1553,1577,1576]}",{}
4.png,31850550,{},4404,4142,"{""name"":""polygon"",""all_points_x"":[4351,4349,4371,4373],""all_points_y"":[1548,1551,1573,1570]}",{}
4.png,31850550,{},4404,4143,"{""name"":""polygon"",""all_points_x"":[4469,4467,4480,4481],""all_points_y"":[1323,1327,1336,1335]}",{}
4.png,31850550,{},4404,4144,"{""name"":""polygon"",""all_points_x"":[4491,4489,4513,4517],""all_points_y"":[1341,1345,1373,1369]}",{}
4.png,31850550,{},4404,4145,"{""name"":""polygon"",""all_points_x"":[4165,4163,4169,4171],""all_points_y"":[1084,1088,1102,1100]}",{}
4.png,31850550,{},4404,4146,"{""name"":""polygon"",""all_points_x"":[4266,4266,4290,4290],""all_points_y"":[1100,1103,1117,1114]}",{}
4.png,31850550,{},4404,4147,"{""name"":""polygon"",""all_points_x"":[4556,4554,4554,4555],""all_points_y"":[731,730,763,763]}",{}
4.png,31850550,{},4404,4148,"{""name"":""polygon"",""all_points_x"":[4567,4565,4572,4575],""all_points_y"":[749,750,775,774]}",{}
4.png,31850550,{},4404,4149,"{""name"":""polygon"",""all_points_x"":[3783,3786,3781,3779],""all_points_y"":[727,726,701,701]}",{}
4.png,31850550,{},4404,4150,"{""name"":""polygon"",""all_points_x"":[3638,3635,3646,3650],""all_points_y"":[1407,1410,1432,1429]}",{}
4.png,31850550,{},4404,4151,"{""name"":""polygon"",""all_points_x"":[3716,3714,3727,3728],""all_points_y"":[1465,1469,1480,1477]}",{}
4.png,31850550,{},4404,4152,"{""name"":""polygon"",""all_points_x"":[3750,3749,3770,3771],""all_points_y"":[1887,1892,1904,1902]}",{}
4.png,31850550,{},4404,4153,"{""name"":""polygon"",""all_points_x"":[3947,3921,3922,3949],""all_points_y"":[499,529,530,501]}",{}
4.png,31850550,{},4404,4154,"{""name"":""polygon"",""all_points_x"":[3969,3960,3961,3972],""all_points_y"":[482,492,493,484]}",{}
4.png,31850550,{},4404,4155,"{""name"":""polygon"",""all_points_x"":[3854,3839,3835,3855],""all_points_y"":[443,452,451,440]}",{}
4.png,31850550,{},4404,4156,"{""name"":""polygon"",""all_points_x"":[3194,3160,3160,3198],""all_points_y"":[611,622,625,613]}",{}
4.png,31850550,{},4404,4157,"{""name"":""polygon"",""all_points_x"":[3144,3106,3105,3142],""all_points_y"":[585,598,595,585]}",{}
4.png,31850550,{},4404,4158,"{""name"":""polygon"",""all_points_x"":[2924,2893,2893,2925],""all_points_y"":[609,616,618,612]}",{}
4.png,31850550,{},4404,4159,"{""name"":""polygon"",""all_points_x"":[2629,2629,2677,2678],""all_points_y"":[668,670,672,670]}",{}
4.png,31850550,{},4404,4160,"{""name"":""polygon"",""all_points_x"":[2660,2659,2656,2660,2663],""all_points_y"":[597,625,637,637,600]}",{}
4.png,31850550,{},4404,4161,"{""name"":""polygon"",""all_points_x"":[2322,2322,2292,2295],""all_points_y"":[460,464,466,462]}",{}
4.png,31850550,{},4404,4162,"{""name"":""polygon"",""all_points_x"":[2063,2061,2069,2072],""all_points_y"":[124,131,134,131]}",{}
4.png,31850550,{},4404,4163,"{""name"":""polygon"",""all_points_x"":[2079,2095,2094,2081],""all_points_y"":[138,146,140,136]}",{}
4.png,31850550,{},4404,4164,"{""name"":""polygon"",""all_points_x"":[2163,2161,2173,2174],""all_points_y"":[111,114,118,116]}",{}
4.png,31850550,{},4404,4165,"{""name"":""polygon"",""all_points_x"":[2192,2193,2215,2215],""all_points_y"":[120,123,132,130]}",{}
4.png,31850550,{},4404,4166,"{""name"":""polygon"",""all_points_x"":[2409,2407,2419,2420],""all_points_y"":[29,30,49,48]}",{}
4.png,31850550,{},4404,4167,"{""name"":""polygon"",""all_points_x"":[2367,2367,2386,2386],""all_points_y"":[443,446,444,443]}",{}
4.png,31850550,{},4404,4168,"{""name"":""polygon"",""all_points_x"":[2329,2327,2350,2350],""all_points_y"":[438,440,451,448]}",{}
4.png,31850550,{},4404,4169,"{""name"":""polygon"",""all_points_x"":[2361,2361,2291,2294],""all_points_y"":[625,629,607,605]}",{}
4.png,31850550,{},4404,4170,"{""name"":""polygon"",""all_points_x"":[2425,2417,2418,2427],""all_points_y"":[990,1000,1001,992]}",{}
4.png,31850550,{},4404,4171,"{""name"":""polygon"",""all_points_x"":[2402,2402,2434,2434],""all_points_y"":[1046,1048,1047,1044]}",{}
4.png,31850550,{},4404,4172,"{""name"":""polygon"",""all_points_x"":[2184,2183,2216,2216],""all_points_y"":[981,984,979,975]}",{}
4.png,31850550,{},4404,4173,"{""name"":""polygon"",""all_points_x"":[2639,2616,2621,2643],""all_points_y"":[850,887,886,850]}",{}
4.png,31850550,{},4404,4174,"{""name"":""polygon"",""all_points_x"":[2490,2520,2518,2487],""all_points_y"":[1204,1216,1219,1207]}",{}
4.png,31850550,{},4404,4175,"{""name"":""polygon"",""all_points_x"":[2309,2308,2332,2330],""all_points_y"":[1502,1506,1514,1511]}",{}
4.png,31850550,{},4404,4176,"{""name"":""polygon"",""all_points_x"":[2207,2184,2185,2194,2207],""all_points_y"":[2103,2114,2117,2115,2105]}",{}
4.png,31850550,{},4404,4177,"{""name"":""polygon"",""all_points_x"":[2270,2247,2247,2269],""all_points_y"":[2056,2060,2063,2059]}",{}
4.png,31850550,{},4404,4178,"{""name"":""polygon"",""all_points_x"":[1796,1796,1831,1831],""all_points_y"":[2206,2210,2205,2201]}",{}
4.png,31850550,{},4404,4179,"{""name"":""polygon"",""all_points_x"":[1756,1758,1780,1780],""all_points_y"":[2273,2276,2278,2277]}",{}
4.png,31850550,{},4404,4180,"{""name"":""polygon"",""all_points_x"":[1817,1814,1855,1854],""all_points_y"":[2274,2276,2275,2271]}",{}
4.png,31850550,{},4404,4181,"{""name"":""polygon"",""all_points_x"":[1787,1750,1752,1787],""all_points_y"":[2250,2268,2270,2254]}",{}
4.png,31850550,{},4404,4182,"{""name"":""polygon"",""all_points_x"":[1672,1642,1642,1671],""all_points_y"":[2251,2262,2265,2255]}",{}
4.png,31850550,{},4404,4183,"{""name"":""polygon"",""all_points_x"":[1747,1735,1737,1750],""all_points_y"":[2156,2174,2175,2157]}",{}
4.png,31850550,{},4404,4184,"{""name"":""polygon"",""all_points_x"":[1770,1753,1755,1773],""all_points_y"":[2136,2166,2167,2136]}",{}
4.png,31850550,{},4404,4185,"{""name"":""polygon"",""all_points_x"":[1805,1781,1781,1803],""all_points_y"":[2129,2137,2140,2134]}",{}
4.png,31850550,{},4404,4186,"{""name"":""polygon"",""all_points_x"":[1696,1663,1665,1698],""all_points_y"":[2042,2074,2075,2046]}",{}
4.png,31850550,{},4404,4187,"{""name"":""polygon"",""all_points_x"":[1745,1748,1776,1772],""all_points_y"":[2297,2300,2279,2278]}",{}
4.png,31850550,{},4404,4188,"{""name"":""polygon"",""all_points_x"":[1534,1533,1566,1566],""all_points_y"":[1747,1751,1759,1758]}",{}
4.png,31850550,{},4404,4189,"{""name"":""polygon"",""all_points_x"":[1073,1075,1088,1084],""all_points_y"":[1743,1746,1746,1742]}",{}
4.png,31850550,{},4404,4190,"{""name"":""polygon"",""all_points_x"":[1015,1012,1025,1026],""all_points_y"":[1688,1692,1690,1689]}",{}
4.png,31850550,{},4404,4191,"{""name"":""polygon"",""all_points_x"":[1310,1312,1351,1349],""all_points_y"":[2267,2270,2257,2254]}",{}
4.png,31850550,{},4404,4192,"{""name"":""polygon"",""all_points_x"":[1321,1321,1333,1333],""all_points_y"":[1986,1989,1988,1986]}",{}
4.png,31850550,{},4404,4193,"{""name"":""polygon"",""all_points_x"":[1408,1388,1389,1408],""all_points_y"":[1981,1986,1988,1983]}",{}
4.png,31850550,{},4404,4194,"{""name"":""polygon"",""all_points_x"":[1087,1087,1122,1122],""all_points_y"":[1599,1600,1593,1592]}",{}
4.png,31850550,{},4404,4195,"{""name"":""polygon"",""all_points_x"":[978,980,1008,1006],""all_points_y"":[1659,1661,1649,1645]}",{}
4.png,31850550,{},4404,4196,"{""name"":""polygon"",""all_points_x"":[1289,1292,1294,1290,1287],""all_points_y"":[1163,1167,1220,1219,1171]}",{}
4.png,31850550,{},4404,4197,"{""name"":""polygon"",""all_points_x"":[1424,1423,1455,1455],""all_points_y"":[1153,1157,1158,1155]}",{}
4.png,31850550,{},4404,4198,"{""name"":""polygon"",""all_points_x"":[1969,1917,1919,1973],""all_points_y"":[58,74,78,60]}",{}
4.png,31850550,{},4404,4199,"{""name"":""polygon"",""all_points_x"":[1859,1858,1896,1898],""all_points_y"":[71,75,79,76]}",{}
4.png,31850550,{},4404,4200,"{""name"":""polygon"",""all_points_x"":[2099,2078,2078,2101],""all_points_y"":[82,92,93,84]}",{}
4.png,31850550,{},4404,4201,"{""name"":""polygon"",""all_points_x"":[2029,2011,2010,2034],""all_points_y"":[95,102,105,97]}",{}
4.png,31850550,{},4404,4202,"{""name"":""polygon"",""all_points_x"":[2181,2157,2160,2184],""all_points_y"":[310,322,323,311]}",{}
4.png,31850550,{},4404,4203,"{""name"":""polygon"",""all_points_x"":[1941,1937,1946,1950],""all_points_y"":[269,267,307,307]}",{}
4.png,31850550,{},4404,4204,"{""name"":""polygon"",""all_points_x"":[1883,1878,1905,1906],""all_points_y"":[309,311,316,312]}",{}
4.png,31850550,{},4404,4205,"{""name"":""polygon"",""all_points_x"":[1617,1616,1640,1641],""all_points_y"":[257,260,275,274]}",{}
4.png,31850550,{},4404,4206,"{""name"":""polygon"",""all_points_x"":[1626,1628,1647,1645],""all_points_y"":[140,141,171,172]}",{}
4.png,31850550,{},4404,4207,"{""name"":""polygon"",""all_points_x"":[1708,1709,1759,1758],""all_points_y"":[125,128,114,109]}",{}
4.png,31850550,{},4404,4208,"{""name"":""polygon"",""all_points_x"":[1811,1809,1834,1836],""all_points_y"":[23,26,41,38]}",{}
4.png,31850550,{},4404,4209,"{""name"":""polygon"",""all_points_x"":[1992,1993,2003,2005],""all_points_y"":[405,410,410,405]}",{}
4.png,31850550,{},4404,4210,"{""name"":""polygon"",""all_points_x"":[1966,1965,1984,1982],""all_points_y"":[422,425,425,423]}",{}
4.png,31850550,{},4404,4211,"{""name"":""polygon"",""all_points_x"":[1926,1924,1947,1947],""all_points_y"":[421,425,425,423]}",{}
4.png,31850550,{},4404,4212,"{""name"":""polygon"",""all_points_x"":[1860,1860,1834,1837],""all_points_y"":[423,426,425,422]}",{}
4.png,31850550,{},4404,4213,"{""name"":""polygon"",""all_points_x"":[2144,2123,2126,2145],""all_points_y"":[423,429,432,425]}",{}
4.png,31850550,{},4404,4214,"{""name"":""polygon"",""all_points_x"":[2035,2050,2047,2037],""all_points_y"":[410,411,413,412]}",{}
4.png,31850550,{},4404,4215,"{""name"":""polygon"",""all_points_x"":[2129,2127,2149,2150],""all_points_y"":[283,286,293,289]}",{}
4.png,31850550,{},4404,4216,"{""name"":""polygon"",""all_points_x"":[2199,2199,2225,2225],""all_points_y"":[294,296,307,304]}",{}
4.png,31850550,{},4404,4217,"{""name"":""polygon"",""all_points_x"":[2279,2278,2299,2299],""all_points_y"":[293,296,299,297]}",{}
4.png,31850550,{},4404,4218,"{""name"":""polygon"",""all_points_x"":[2303,2301,2323,2326],""all_points_y"":[296,299,324,323]}",{}
4.png,31850550,{},4404,4219,"{""name"":""polygon"",""all_points_x"":[1959,1960,1993,1993],""all_points_y"":[796,799,798,794]}",{}
4.png,31850550,{},4404,4220,"{""name"":""polygon"",""all_points_x"":[1978,1974,1999,2001],""all_points_y"":[775,779,797,796]}",{}
4.png,31850550,{},4404,4221,"{""name"":""polygon"",""all_points_x"":[2101,2080,2081,2102],""all_points_y"":[2109,2136,2139,2111]}",{}
4.png,31850550,{},4404,4222,"{""name"":""polygon"",""all_points_x"":[2114,2101,2104,2114],""all_points_y"":[2104,2123,2126,2107]}",{}
4.png,31850550,{},4404,4223,"{""name"":""polygon"",""all_points_x"":[2157,2130,2131,2160],""all_points_y"":[2174,2193,2197,2177]}",{}
4.png,31850550,{},4404,4224,"{""name"":""polygon"",""all_points_x"":[2098,2079,2081,2099],""all_points_y"":[2230,2247,2249,2231]}",{}
4.png,31850550,{},4404,4225,"{""name"":""polygon"",""all_points_x"":[2113,2088,2090,2114],""all_points_y"":[2227,2249,2251,2229]}",{}
4.png,31850550,{},4404,4226,"{""name"":""polygon"",""all_points_x"":[1841,1837,1857,1886,1886,1855],""all_points_y"":[2242,2245,2245,2238,2235,2242]}",{}
4.png,31850550,{},4404,4227,"{""name"":""polygon"",""all_points_x"":[1836,1814,1816,1836],""all_points_y"":[2259,2270,2271,2263]}",{}
4.png,31850550,{},4404,4228,"{""name"":""polygon"",""all_points_x"":[1847,1846,1875,1875],""all_points_y"":[488,491,498,496]}",{}
4.png,31850550,{},4404,4229,"{""name"":""polygon"",""all_points_x"":[2233,2247,2250,2235],""all_points_y"":[30,60,58,28]}",{}
4.png,31850550,{},4404,4230,"{""name"":""polygon"",""all_points_x"":[2136,2090,2090,2138],""all_points_y"":[476,496,499,480]}",{}
4.png,31850550,{},4404,4231,"{""name"":""polygon"",""all_points_x"":[2272,2272,2290,2292],""all_points_y"":[820,823,830,829]}",{}
4.png,31850550,{},4404,4232,"{""name"":""polygon"",""all_points_x"":[2219,2217,2255,2253],""all_points_y"":[883,887,903,900]}",{}
4.png,31850550,{},4404,4233,"{""name"":""polygon"",""all_points_x"":[2296,2336,2334,2296],""all_points_y"":[646,657,661,652]}",{}
4.png,31850550,{},4404,4234,"{""name"":""polygon"",""all_points_x"":[2291,2278,2281,2294],""all_points_y"":[682,688,691,686]}",{}
4.png,31850550,{},4404,4235,"{""name"":""polygon"",""all_points_x"":[2317,2316,2340,2342],""all_points_y"":[716,719,726,725]}",{}
4.png,31850550,{},4404,4236,"{""name"":""polygon"",""all_points_x"":[2282,2278,2307,2308],""all_points_y"":[750,753,765,763]}",{}
4.png,31850550,{},4404,4237,"{""name"":""polygon"",""all_points_x"":[1829,1829,1853,1853],""all_points_y"":[1032,1036,1038,1035]}",{}
4.png,31850550,{},4404,4238,"{""name"":""polygon"",""all_points_x"":[1749,1762,1765,1748],""all_points_y"":[1031,1033,1031,1029]}",{}
4.png,31850550,{},4404,4239,"{""name"":""polygon"",""all_points_x"":[2431,2418,2422,2434],""all_points_y"":[999,1012,1013,1002]}",{}
4.png,31850550,{},4404,4240,"{""name"":""polygon"",""all_points_x"":[2458,2442,2444,2460],""all_points_y"":[973,986,988,973]}",{}
4.png,31850550,{},4404,4241,"{""name"":""polygon"",""all_points_x"":[2454,2454,2471,2471],""all_points_y"":[1427,1430,1435,1431]}",{}
4.png,31850550,{},4404,4242,"{""name"":""polygon"",""all_points_x"":[3122,3132,3136,3124],""all_points_y"":[1886,1913,1913,1884]}",{}
4.png,31850550,{},4404,4243,"{""name"":""polygon"",""all_points_x"":[3154,3150,3159,3160],""all_points_y"":[1950,1951,1974,1973]}",{}
4.png,31850550,{},4404,4244,"{""name"":""polygon"",""all_points_x"":[3099,3095,3105,3106],""all_points_y"":[1849,1849,1875,1874]}",{}
4.png,31850550,{},4404,4245,"{""name"":""polygon"",""all_points_x"":[3068,3067,3075,3079],""all_points_y"":[1890,1892,1923,1923]}",{}
4.png,31850550,{},4404,4246,"{""name"":""polygon"",""all_points_x"":[3331,3327,3330,3333],""all_points_y"":[1836,1837,1871,1874]}",{}
4.png,31850550,{},4404,4247,"{""name"":""polygon"",""all_points_x"":[3303,3300,3308,3314,3316,3308],""all_points_y"":[1755,1753,1781,1793,1791,1770]}",{}
4.png,31850550,{},4404,4248,"{""name"":""polygon"",""all_points_x"":[3239,3232,3234,3241],""all_points_y"":[1883,1913,1913,1885]}",{}
4.png,31850550,{},4404,4249,"{""name"":""polygon"",""all_points_x"":[3105,3104,3140,3141],""all_points_y"":[1527,1529,1543,1541]}",{}
4.png,31850550,{},4404,4250,"{""name"":""polygon"",""all_points_x"":[3302,3300,3310,3313],""all_points_y"":[1423,1425,1461,1461]}",{}
4.png,31850550,{},4404,4251,"{""name"":""polygon"",""all_points_x"":[3010,2997,2999,3005,3011],""all_points_y"":[966,977,979,975,967]}",{}
4.png,31850550,{},4404,4252,"{""name"":""polygon"",""all_points_x"":[2555,2556,2537,2537],""all_points_y"":[1401,1405,1410,1407]}",{}
4.png,31850550,{},4404,4253,"{""name"":""polygon"",""all_points_x"":[2520,2510,2510,2521],""all_points_y"":[1412,1417,1420,1415]}",{}
4.png,31850550,{},4404,4254,"{""name"":""polygon"",""all_points_x"":[2653,2652,2668,2669],""all_points_y"":[1390,1393,1394,1393]}",{}
4.png,31850550,{},4404,4255,"{""name"":""polygon"",""all_points_x"":[2867,2850,2851,2870],""all_points_y"":[1359,1390,1390,1360]}",{}
4.png,31850550,{},4404,4256,"{""name"":""polygon"",""all_points_x"":[2634,2621,2623,2635],""all_points_y"":[928,945,946,933]}",{}
4.png,31850550,{},4404,4257,"{""name"":""polygon"",""all_points_x"":[2530,2526,2571,2572],""all_points_y"":[739,741,766,763]}",{}
4.png,31850550,{},4404,4258,"{""name"":""polygon"",""all_points_x"":[2470,2470,2504,2504],""all_points_y"":[638,642,647,645]}",{}
4.png,31850550,{},4404,4259,"{""name"":""polygon"",""all_points_x"":[2588,2585,2596,2599],""all_points_y"":[749,749,767,766]}",{}
4.png,31850550,{},4404,4260,"{""name"":""polygon"",""all_points_x"":[2386,2386,2410,2410],""all_points_y"":[689,691,695,693]}",{}
4.png,31850550,{},4404,4261,"{""name"":""polygon"",""all_points_x"":[2284,2270,2270,2289],""all_points_y"":[532,537,540,534]}",{}
4.png,31850550,{},4404,4262,"{""name"":""polygon"",""all_points_x"":[2250,2204,2205,2245],""all_points_y"":[546,559,557,544]}",{}
4.png,31850550,{},4404,4263,"{""name"":""polygon"",""all_points_x"":[2189,2211,2217,2215,2191],""all_points_y"":[569,578,579,575,567]}",{}
4.png,31850550,{},4404,4264,"{""name"":""polygon"",""all_points_x"":[2088,2089,2141,2142],""all_points_y"":[601,605,610,607]}",{}
4.png,31850550,{},4404,4265,"{""name"":""polygon"",""all_points_x"":[2493,2493,2512,2512],""all_points_y"":[528,530,532,530]}",{}
4.png,31850550,{},4404,4266,"{""name"":""polygon"",""all_points_x"":[2171,2172,2155,2155],""all_points_y"":[503,505,516,514]}",{}
4.png,31850550,{},4404,4267,"{""name"":""polygon"",""all_points_x"":[2148,2129,2130,2146],""all_points_y"":[516,524,526,519]}",{}
4.png,31850550,{},4404,4268,"{""name"":""polygon"",""all_points_x"":[2731,2711,2713,2735],""all_points_y"":[680,704,704,681]}",{}
4.png,31850550,{},4404,4269,"{""name"":""polygon"",""all_points_x"":[2551,2555,2560,2554],""all_points_y"":[678,706,706,675]}",{}
4.png,31850550,{},4404,4270,"{""name"":""polygon"",""all_points_x"":[2266,2265,2286,2288],""all_points_y"":[664,668,672,668]}",{}
4.png,31850550,{},4404,4271,"{""name"":""polygon"",""all_points_x"":[2220,2193,2196,2220],""all_points_y"":[788,795,797,791]}",{}
4.png,31850550,{},4404,4272,"{""name"":""polygon"",""all_points_x"":[2409,2412,2414,2411],""all_points_y"":[186,212,212,186]}",{}
4.png,31850550,{},4404,4273,"{""name"":""polygon"",""all_points_x"":[2421,2430,2433,2425],""all_points_y"":[216,241,238,215]}",{}
4.png,31850550,{},4404,4274,"{""name"":""polygon"",""all_points_x"":[1934,1918,1921,1938],""all_points_y"":[2021,2035,2038,2021]}",{}
4.png,31850550,{},4404,4275,"{""name"":""polygon"",""all_points_x"":[3309,3310,3329,3332],""all_points_y"":[2101,2105,2123,2120]}",{}
4.png,31850550,{},4404,4276,"{""name"":""polygon"",""all_points_x"":[3367,3361,3364,3371],""all_points_y"":[2114,2143,2143,2115]}",{}
4.png,31850550,{},4404,4277,"{""name"":""polygon"",""all_points_x"":[3199,3200,3202,3203],""all_points_y"":[1630,1658,1658,1632]}",{}
4.png,31850550,{},4404,4278,"{""name"":""polygon"",""all_points_x"":[2447,2404,2404,2451],""all_points_y"":[1354,1377,1381,1355]}",{}
4.png,31850550,{},4404,4279,"{""name"":""polygon"",""all_points_x"":[372,369,388,401,403],""all_points_y"":[424,427,451,467,465]}",{}
4.png,31850550,{},4404,4280,"{""name"":""polygon"",""all_points_x"":[344,358,373,393,404,400,385,365,341],""all_points_y"":[914,922,928,936,941,945,938,929,919]}",{}
4.png,31850550,{},4404,4281,"{""name"":""polygon"",""all_points_x"":[320,337,346,348,342,329,326],""all_points_y"":[939,963,976,974,963,945,941]}",{}
4.png,31850550,{},4404,4282,"{""name"":""polygon"",""all_points_x"":[247,278,299,313,313,282,247],""all_points_y"":[1259,1264,1269,1272,1275,1270,1262]}",{}
4.png,31850550,{},4404,4283,"{""name"":""polygon"",""all_points_x"":[286,291,304,317,312,297],""all_points_y"":[1529,1527,1557,1579,1581,1551]}",{}
4.png,31850550,{},4404,4284,"{""name"":""polygon"",""all_points_x"":[1487,1488,1508,1543,1570,1597,1594,1558,1531],""all_points_y"":[1305,1309,1300,1283,1269,1255,1253,1271,1285]}",{}
4.png,31850550,{},4404,4285,"{""name"":""polyline"",""all_points_x"":[3941,3923],""all_points_y"":[1230,1263]}",{}
4.png,31850550,{},4404,4286,"{""name"":""polyline"",""all_points_x"":[3854,3910],""all_points_y"":[1799,1827]}",{}
4.png,31850550,{},4404,4287,"{""name"":""polyline"",""all_points_x"":[3948,3963,3987],""all_points_y"":[1880,1901,1926]}",{}
4.png,31850550,{},4404,4288,"{""name"":""polyline"",""all_points_x"":[3893,3924],""all_points_y"":[1992,2020]}",{}
4.png,31850550,{},4404,4289,"{""name"":""polygon"",""all_points_x"":[3782,3801,3824,3829,3805,3786],""all_points_y"":[2209,2232,2261,2255,2227,2209]}",{}
4.png,31850550,{},4404,4290,"{""name"":""polyline"",""all_points_x"":[3999,4030],""all_points_y"":[2193,2251]}",{}
4.png,31850550,{},4404,4291,"{""name"":""polyline"",""all_points_x"":[4352,4372],""all_points_y"":[2051,2100]}",{}
4.png,31850550,{},4404,4292,"{""name"":""polyline"",""all_points_x"":[4115,4156],""all_points_y"":[1700,1741]}",{}
4.png,31850550,{},4404,4293,"{""name"":""polyline"",""all_points_x"":[4203,4238],""all_points_y"":[1691,1738]}",{}
4.png,31850550,{},4404,4294,"{""name"":""polyline"",""all_points_x"":[4582,4607],""all_points_y"":[1148,1222]}",{}
4.png,31850550,{},4404,4295,"{""name"":""polyline"",""all_points_x"":[4590,4607],""all_points_y"":[1218,1253]}",{}
4.png,31850550,{},4404,4296,"{""name"":""polyline"",""all_points_x"":[4607,4580],""all_points_y"":[1263,1231]}",{}
4.png,31850550,{},4404,4297,"{""name"":""polyline"",""all_points_x"":[4585,4605],""all_points_y"":[931,959]}",{}
4.png,31850550,{},4404,4298,"{""name"":""polyline"",""all_points_x"":[4569,4560],""all_points_y"":[334,405]}",{}
4.png,31850550,{},4404,4299,"{""name"":""polyline"",""all_points_x"":[4597,4603],""all_points_y"":[2204,2303]}",{}
4.png,31850550,{},4404,4300,"{""name"":""polyline"",""all_points_x"":[4585,4606],""all_points_y"":[2224,2295]}",{}
4.png,31850550,{},4404,4301,"{""name"":""polyline"",""all_points_x"":[4607,4598],""all_points_y"":[2187,2208]}",{}
4.png,31850550,{},4404,4302,"{""name"":""polyline"",""all_points_x"":[4181,4124],""all_points_y"":[2261,2216]}",{}
4.png,31850550,{},4404,4303,"{""name"":""polyline"",""all_points_x"":[1833,1833,1826,1815],""all_points_y"":[2051,2072,2089,2101]}",{}
4.png,31850550,{},4404,4304,"{""name"":""polyline"",""all_points_x"":[1388,1443],""all_points_y"":[1763,1773]}",{}
4.png,31850550,{},4404,4305,"{""name"":""polyline"",""all_points_x"":[1380,1399],""all_points_y"":[1731,1762]}",{}
4.png,31850550,{},4404,4306,"{""name"":""polyline"",""all_points_x"":[950,968,987,1013],""all_points_y"":[1658,1658,1651,1637]}",{}
4.png,31850550,{},4404,4307,"{""name"":""polygon"",""all_points_x"":[45,46,25,0,1],""all_points_y"":[2179,2184,2187,2190,2185]}",{}
4.png,31850550,{},4404,4308,"{""name"":""polyline"",""all_points_x"":[27,0],""all_points_y"":[2220,2226]}",{}
4.png,31850550,{},4404,4309,"{""name"":""polyline"",""all_points_x"":[249,222],""all_points_y"":[1897,1929]}",{}
4.png,31850550,{},4404,4310,"{""name"":""polyline"",""all_points_x"":[191,161,133],""all_points_y"":[2022,2026,2024]}",{}
4.png,31850550,{},4404,4311,"{""name"":""polyline"",""all_points_x"":[146,157],""all_points_y"":[1558,1597]}",{}
4.png,31850550,{},4404,4312,"{""name"":""polyline"",""all_points_x"":[136,147],""all_points_y"":[1557,1588]}",{}
4.png,31850550,{},4404,4313,"{""name"":""polyline"",""all_points_x"":[395,358],""all_points_y"":[1540,1543]}",{}
4.png,31850550,{},4404,4314,"{""name"":""polyline"",""all_points_x"":[394,362],""all_points_y"":[1546,1548]}",{}
4.png,31850550,{},4404,4315,"{""name"":""polyline"",""all_points_x"":[13,60],""all_points_y"":[1444,1512]}",{}
4.png,31850550,{},4404,4316,"{""name"":""polyline"",""all_points_x"":[389,421],""all_points_y"":[1485,1495]}",{}
4.png,31850550,{},4404,4317,"{""name"":""polyline"",""all_points_x"":[396,428],""all_points_y"":[1465,1475]}",{}
4.png,31850550,{},4404,4318,"{""name"":""polyline"",""all_points_x"":[1673,1732],""all_points_y"":[1510,1525]}",{}
4.png,31850550,{},4404,4319,"{""name"":""polyline"",""all_points_x"":[1671,1725],""all_points_y"":[1513,1527]}",{}
4.png,31850550,{},4404,4320,"{""name"":""polyline"",""all_points_x"":[4560,4576],""all_points_y"":[1648,1704]}",{}
4.png,31850550,{},4404,4321,"{""name"":""polyline"",""all_points_x"":[4011,4026,4033],""all_points_y"":[1095,1123,1141]}",{}
4.png,31850550,{},4404,4322,"{""name"":""polyline"",""all_points_x"":[3776,3800],""all_points_y"":[1757,1802]}",{}
4.png,31850550,{},4404,4323,"{""name"":""polyline"",""all_points_x"":[3670,3705],""all_points_y"":[1761,1801]}",{}
4.png,31850550,{},4404,4324,"{""name"":""polyline"",""all_points_x"":[3716,3698],""all_points_y"":[2283,2244]}",{}
4.png,31850550,{},4404,4325,"{""name"":""polyline"",""all_points_x"":[3270,3266],""all_points_y"":[2089,2158]}",{}
4.png,31850550,{},4404,4326,"{""name"":""polyline"",""all_points_x"":[3260,3256],""all_points_y"":[2096,2155]}",{}
4.png,31850550,{},4404,4327,"{""name"":""polyline"",""all_points_x"":[1583,1656],""all_points_y"":[1734,1714]}",{}
4.png,31850550,{},4404,4328,"{""name"":""polyline"",""all_points_x"":[1579,1633],""all_points_y"":[1701,1666]}",{}
4.png,31850550,{},4404,4329,"{""name"":""polyline"",""all_points_x"":[1650,1687],""all_points_y"":[1491,1507]}",{}
4.png,31850550,{},4404,4330,"{""name"":""polyline"",""all_points_x"":[1628,1650],""all_points_y"":[718,716]}",{}
4.png,31850550,{},4404,4331,"{""name"":""polyline"",""all_points_x"":[800,824,837,852],""all_points_y"":[1891,1896,1904,1909]}",{}
4.png,31850550,{},4404,4332,"{""name"":""polyline"",""all_points_x"":[290,338],""all_points_y"":[1974,1978]}",{}
4.png,31850550,{},4404,4333,"{""name"":""polyline"",""all_points_x"":[1343,1302],""all_points_y"":[2187,2210]}",{}
4.png,31850550,{},4404,4334,"{""name"":""polyline"",""all_points_x"":[3568,3576],""all_points_y"":[1629,1708]}",{}
4.png,31850550,{},4404,4335,"{""name"":""polyline"",""all_points_x"":[660,621],""all_points_y"":[1295,1287]}",{}
4.png,31850550,{},4404,4336,"{""name"":""polyline"",""all_points_x"":[455,432],""all_points_y"":[1538,1558]}",{}
4.png,31850550,{},4404,4337,"{""name"":""polyline"",""all_points_x"":[443,437,430],""all_points_y"":[1538,1548,1555]}",{}
4.png,31850550,{},4404,4338,"{""name"":""polyline"",""all_points_x"":[490,512],""all_points_y"":[2046,2076]}",{}
4.png,31850550,{},4404,4339,"{""name"":""polyline"",""all_points_x"":[701,659],""all_points_y"":[2223,2244]}",{}
4.png,31850550,{},4404,4340,"{""name"":""polyline"",""all_points_x"":[1031,1063],""all_points_y"":[2042,2104]}",{}
4.png,31850550,{},4404,4341,"{""name"":""polygon"",""all_points_x"":[1151,1149,1211,1212],""all_points_y"":[1840,1845,1849,1844]}",{}
4.png,31850550,{},4404,4342,"{""name"":""polyline"",""all_points_x"":[820,866],""all_points_y"":[1840,1859]}",{}
4.png,31850550,{},4404,4343,"{""name"":""polyline"",""all_points_x"":[1167,1117],""all_points_y"":[1881,1905]}",{}
4.png,31850550,{},4404,4344,"{""name"":""polyline"",""all_points_x"":[1137,1182],""all_points_y"":[1623,1636]}",{}
4.png,31850550,{},4404,4345,"{""name"":""polyline"",""all_points_x"":[1180,1203],""all_points_y"":[1633,1652]}",{}
4.png,31850550,{},4404,4346,"{""name"":""polyline"",""all_points_x"":[980,1024],""all_points_y"":[1618,1626]}",{}
4.png,31850550,{},4404,4347,"{""name"":""polyline"",""all_points_x"":[991,1032],""all_points_y"":[1617,1613]}",{}
4.png,31850550,{},4404,4348,"{""name"":""polyline"",""all_points_x"":[1095,1085,1072,1065],""all_points_y"":[1571,1580,1587,1595]}",{}
4.png,31850550,{},4404,4349,"{""name"":""polygon"",""all_points_x"":[1071,1071,1082,1096,1109,1123,1135,1135,1115],""all_points_y"":[1644,1648,1649,1652,1654,1656,1657,1654,1652]}",{}
4.png,31850550,{},4404,4350,"{""name"":""polyline"",""all_points_x"":[1275,1227],""all_points_y"":[1623,1635]}",{}
4.png,31850550,{},4404,4351,"{""name"":""polyline"",""all_points_x"":[984,1019,1043],""all_points_y"":[1471,1462,1450]}",{}
4.png,31850550,{},4404,4352,"{""name"":""polyline"",""all_points_x"":[1013,1064],""all_points_y"":[1383,1422]}",{}
4.png,31850550,{},4404,4353,"{""name"":""polyline"",""all_points_x"":[1010,1024,1046],""all_points_y"":[1362,1368,1382]}",{}
4.png,31850550,{},4404,4354,"{""name"":""polyline"",""all_points_x"":[1611,1645],""all_points_y"":[10,25]}",{}
4.png,31850550,{},4404,4355,"{""name"":""polyline"",""all_points_x"":[1677,1629],""all_points_y"":[549,559]}",{}
4.png,31850550,{},4404,4356,"{""name"":""polyline"",""all_points_x"":[1535,1547],""all_points_y"":[828,886]}",{}
4.png,31850550,{},4404,4357,"{""name"":""polyline"",""all_points_x"":[1462,1478,1507],""all_points_y"":[744,763,805]}",{}
4.png,31850550,{},4404,4358,"{""name"":""polygon"",""all_points_x"":[1430,1434,1438,1442,1439,1435,1430,1435],""all_points_y"":[726,726,750,776,804,846,842,778]}",{}
4.png,31850550,{},4404,4359,"{""name"":""polyline"",""all_points_x"":[1663,1602],""all_points_y"":[750,760]}",{}
4.png,31850550,{},4404,4360,"{""name"":""polyline"",""all_points_x"":[1540,1511,1474],""all_points_y"":[1012,1028,1045]}",{}
4.png,31850550,{},4404,4361,"{""name"":""polyline"",""all_points_x"":[1569,1601],""all_points_y"":[1174,1167]}",{}
4.png,31850550,{},4404,4362,"{""name"":""polyline"",""all_points_x"":[1442,1473,1492],""all_points_y"":[1249,1249,1246]}",{}
4.png,31850550,{},4404,4363,"{""name"":""polyline"",""all_points_x"":[1562,1543,1522],""all_points_y"":[1561,1573,1585]}",{}
4.png,31850550,{},4404,4364,"{""name"":""polyline"",""all_points_x"":[1619,1668],""all_points_y"":[1593,1613]}",{}
4.png,31850550,{},4404,4365,"{""name"":""polyline"",""all_points_x"":[1526,1536],""all_points_y"":[2223,2260]}",{}
4.png,31850550,{},4404,4366,"{""name"":""polyline"",""all_points_x"":[1528,1498],""all_points_y"":[2263,2286]}",{}
4.png,31850550,{},4404,4367,"{""name"":""polyline"",""all_points_x"":[2185,2167],""all_points_y"":[1641,1689]}",{}
4.png,31850550,{},4404,4368,"{""name"":""polyline"",""all_points_x"":[1962,1982,2006,2031],""all_points_y"":[1512,1519,1525,1529]}",{}
4.png,31850550,{},4404,4369,"{""name"":""polyline"",""all_points_x"":[1914,1950],""all_points_y"":[1190,1184]}",{}
4.png,31850550,{},4404,4370,"{""name"":""polyline"",""all_points_x"":[2302,2312,2322],""all_points_y"":[1,34,56]}",{}
4.png,31850550,{},4404,4371,"{""name"":""polyline"",""all_points_x"":[2324,2325,2334],""all_points_y"":[14,30,61]}",{}
4.png,31850550,{},4404,4372,"{""name"":""polyline"",""all_points_x"":[2492,2451],""all_points_y"":[405,410]}",{}
4.png,31850550,{},4404,4373,"{""name"":""polyline"",""all_points_x"":[2398,2433],""all_points_y"":[441,462]}",{}
4.png,31850550,{},4404,4374,"{""name"":""polyline"",""all_points_x"":[2299,2343,2376],""all_points_y"":[612,630,641]}",{}
4.png,31850550,{},4404,4375,"{""name"":""polyline"",""all_points_x"":[3160,3171,3183],""all_points_y"":[993,1017,1043]}",{}
4.png,31850550,{},4404,4376,"{""name"":""polyline"",""all_points_x"":[3105,3117],""all_points_y"":[969,1010]}",{}
4.png,31850550,{},4404,4377,"{""name"":""polyline"",""all_points_x"":[2779,2783],""all_points_y"":[920,957]}",{}
4.png,31850550,{},4404,4378,"{""name"":""polyline"",""all_points_x"":[3559,3541],""all_points_y"":[668,707]}",{}
4.png,31850550,{},4404,4379,"{""name"":""polyline"",""all_points_x"":[3543,3537],""all_points_y"":[667,708]}",{}
4.png,31850550,{},4404,4380,"{""name"":""polyline"",""all_points_x"":[3273,3302,3334],""all_points_y"":[1092,1084,1077]}",{}
4.png,31850550,{},4404,4381,"{""name"":""polyline"",""all_points_x"":[3427,3448],""all_points_y"":[1707,1779]}",{}
4.png,31850550,{},4404,4382,"{""name"":""polyline"",""all_points_x"":[3841,3899],""all_points_y"":[1827,1870]}",{}
4.png,31850550,{},4404,4383,"{""name"":""polyline"",""all_points_x"":[4591,4607],""all_points_y"":[978,990]}",{}
4.png,31850550,{},4404,4384,"{""name"":""polyline"",""all_points_x"":[4407,4414,4420],""all_points_y"":[946,982,1004]}",{}
4.png,31850550,{},4404,4385,"{""name"":""polyline"",""all_points_x"":[4161,4177],""all_points_y"":[1065,1090]}",{}
4.png,31850550,{},4404,4386,"{""name"":""polyline"",""all_points_x"":[4169,4163,4159],""all_points_y"":[1054,1084,1093]}",{}
4.png,31850550,{},4404,4387,"{""name"":""polyline"",""all_points_x"":[4165,4159],""all_points_y"":[1048,1085]}",{}
4.png,31850550,{},4404,4388,"{""name"":""polyline"",""all_points_x"":[4497,4525],""all_points_y"":[1638,1686]}",{}
4.png,31850550,{},4404,4389,"{""name"":""polyline"",""all_points_x"":[4515,4529],""all_points_y"":[2255,2294]}",{}
4.png,31850550,{},4404,4390,"{""name"":""polyline"",""all_points_x"":[4503,4513],""all_points_y"":[2249,2286]}",{}
4.png,31850550,{},4404,4391,"{""name"":""polyline"",""all_points_x"":[4105,4117],""all_points_y"":[2121,2165]}",{}
4.png,31850550,{},4404,4392,"{""name"":""polyline"",""all_points_x"":[3872,3917],""all_points_y"":[2012,2074]}",{}
4.png,31850550,{},4404,4393,"{""name"":""polyline"",""all_points_x"":[4011,4044],""all_points_y"":[2064,2091]}",{}
4.png,31850550,{},4404,4394,"{""name"":""polyline"",""all_points_x"":[4050,4070,4103],""all_points_y"":[1656,1687,1732]}",{}
4.png,31850550,{},4404,4395,"{""name"":""polyline"",""all_points_x"":[113,144,167],""all_points_y"":[1347,1357,1362]}",{}
4.png,31850550,{},4404,4396,"{""name"":""polyline"",""all_points_x"":[126,156,184],""all_points_y"":[1345,1352,1361]}",{}
4.png,31850550,{},4404,4397,"{""name"":""polyline"",""all_points_x"":[176,222,250,270],""all_points_y"":[1170,1182,1192,1202]}",{}
4.png,31850550,{},4404,4398,"{""name"":""polyline"",""all_points_x"":[205,242],""all_points_y"":[1162,1193]}",{}
4.png,31850550,{},4404,4399,"{""name"":""polyline"",""all_points_x"":[292,255],""all_points_y"":[1177,1201]}",{}
4.png,31850550,{},4404,4400,"{""name"":""polyline"",""all_points_x"":[234,288],""all_points_y"":[1291,1290]}",{}
4.png,31850550,{},4404,4401,"{""name"":""polygon"",""all_points_x"":[290,294,313,335,351,347,324],""all_points_y"":[1697,1701,1681,1657,1639,1636,1662]}",{}
4.png,31850550,{},4404,4402,"{""name"":""polyline"",""all_points_x"":[565,524],""all_points_y"":[1873,1882]}",{}
4.png,31850550,{},4404,4403,"{""name"":""polyline"",""all_points_x"":[564,606],""all_points_y"":[1968,1974]}",{}
