filename,file_size,file_attributes,region_count,region_id,region_shape_attributes,region_attributes
40.png,28311606,{},1362,0,"{""name"":""polygon"",""all_points_x"":[6,4,14,35,70,131,153,144,83,50,24],""all_points_y"":[47,62,56,47,34,10,0,0,24,36,44]}",{}
40.png,28311606,{},1362,1,"{""name"":""polygon"",""all_points_x"":[41,51,51,53,57,52,49,46],""all_points_y"":[108,107,91,59,15,16,52,74]}",{}
40.png,28311606,{},1362,2,"{""name"":""polygon"",""all_points_x"":[0,0,9,26,51,43],""all_points_y"":[30,37,29,18,0,0]}",{}
40.png,28311606,{},1362,3,"{""name"":""polygon"",""all_points_x"":[38,43,41,39,37,34],""all_points_y"":[203,202,192,178,150,152]}",{}
40.png,28311606,{},1362,4,"{""name"":""polygon"",""all_points_x"":[32,34,30,24,21],""all_points_y"":[131,130,106,72,72]}",{}
40.png,28311606,{},1362,5,"{""name"":""polygon"",""all_points_x"":[129,132,132,127,122,113,105,99,98,106,117,123],""all_points_y"":[133,133,127,118,108,93,80,68,71,87,106,116]}",{}
40.png,28311606,{},1362,6,"{""name"":""polygon"",""all_points_x"":[96,101,102,97,88,80,74,70,67,66,63,63,65,70,75,81],""all_points_y"":[251,256,250,236,199,161,120,93,66,45,45,66,83,120,149,186]}",{}
40.png,28311606,{},1362,7,"{""name"":""polygon"",""all_points_x"":[49,73,101,102,75,51],""all_points_y"":[216,243,273,255,231,205]}",{}
40.png,28311606,{},1362,8,"{""name"":""polygon"",""all_points_x"":[171,178,190,217,251,302,334,331,272],""all_points_y"":[156,162,156,136,114,83,65,62,95]}",{}
40.png,28311606,{},1362,9,"{""name"":""polygon"",""all_points_x"":[141,148,159,184,214,245,277,328,325,280,248],""all_points_y"":[236,241,231,213,188,165,140,107,105,134,157]}",{}
40.png,28311606,{},1362,10,"{""name"":""polygon"",""all_points_x"":[359,370,364,352,338,313,302,295,288],""all_points_y"":[296,290,276,251,217,158,133,111,115]}",{}
40.png,28311606,{},1362,11,"{""name"":""polygon"",""all_points_x"":[250,258,253,245,237,234,228,238],""all_points_y"":[255,253,238,209,186,176,181,211]}",{}
40.png,28311606,{},1362,12,"{""name"":""polygon"",""all_points_x"":[203,211,219,228,236,228],""all_points_y"":[149,151,116,76,45,44]}",{}
40.png,28311606,{},1362,13,"{""name"":""polygon"",""all_points_x"":[502,506,491,469,453,435,428,426,444],""all_points_y"":[166,163,142,108,83,56,47,50,79]}",{}
40.png,28311606,{},1362,14,"{""name"":""polygon"",""all_points_x"":[111,125,153,189,242,313,357,406,465,499,520,562,563,539,463,410,348,251,214,169,136,122],""all_points_y"":[176,188,209,232,266,307,331,359,396,415,426,448,443,429,384,351,314,257,234,204,181,172]}",{}
40.png,28311606,{},1362,15,"{""name"":""polygon"",""all_points_x"":[159,167,169,174,183,192,188,180,169],""all_points_y"":[308,309,297,277,245,214,213,232,267]}",{}
40.png,28311606,{},1362,16,"{""name"":""polygon"",""all_points_x"":[405,412,409,406,399,395,388,384,378,371,370,366,374,385],""all_points_y"":[325,326,319,303,278,258,228,207,184,155,150,151,185,229]}",{}
40.png,28311606,{},1362,17,"{""name"":""polygon"",""all_points_x"":[171,169,190,219,261,292,313,336,355,354,336,311,290,262,220,195],""all_points_y"":[251,259,259,259,258,254,250,248,246,243,245,247,250,253,255,255]}",{}
40.png,28311606,{},1362,18,"{""name"":""polyline"",""all_points_x"":[212,241,288],""all_points_y"":[300,266,204]}",{}
40.png,28311606,{},1362,19,"{""name"":""polyline"",""all_points_x"":[167,229,263],""all_points_y"":[62,134,178]}",{}
40.png,28311606,{},1362,20,"{""name"":""polyline"",""all_points_x"":[143,168],""all_points_y"":[49,117]}",{}
40.png,28311606,{},1362,21,"{""name"":""polyline"",""all_points_x"":[420,456],""all_points_y"":[107,198]}",{}
40.png,28311606,{},1362,22,"{""name"":""polyline"",""all_points_x"":[163,105],""all_points_y"":[241,263]}",{}
40.png,28311606,{},1362,23,"{""name"":""polygon"",""all_points_x"":[276,281,286,293,303,311,308,298,286],""all_points_y"":[270,273,262,244,219,194,192,219,247]}",{}
40.png,28311606,{},1362,24,"{""name"":""polygon"",""all_points_x"":[299,304,306,311,318,322,323,319,317,313,308],""all_points_y"":[284,287,277,261,236,213,205,205,221,237,258]}",{}
40.png,28311606,{},1362,25,"{""name"":""polygon"",""all_points_x"":[306,311,325,349,374,389,406,426,440,437,418,379,364,348,337],""all_points_y"":[327,330,320,298,270,252,233,211,194,193,215,257,273,292,303]}",{}
40.png,28311606,{},1362,26,"{""name"":""polygon"",""all_points_x"":[349,355,359,367,377,385,392,397,399,401,403,400,396,394,390,383,375],""all_points_y"":[382,384,370,349,323,298,272,244,223,193,170,171,208,237,263,288,312]}",{}
40.png,28311606,{},1362,27,"{""name"":""polygon"",""all_points_x"":[265,268,261,247,239,236,247],""all_points_y"":[230,226,217,196,181,183,202]}",{}
40.png,28311606,{},1362,28,"{""name"":""polyline"",""all_points_x"":[150,152],""all_points_y"":[222,328]}",{}
40.png,28311606,{},1362,29,"{""name"":""polyline"",""all_points_x"":[340,437],""all_points_y"":[183,221]}",{}
40.png,28311606,{},1362,30,"{""name"":""polyline"",""all_points_x"":[247,262],""all_points_y"":[80,162]}",{}
40.png,28311606,{},1362,31,"{""name"":""polygon"",""all_points_x"":[36,39,41,42,45,47,42,41,39],""all_points_y"":[207,207,219,237,250,274,274,256,239]}",{}
40.png,28311606,{},1362,32,"{""name"":""polygon"",""all_points_x"":[341,365,397,433,463,487,507,527,524,509,414,369,346,339],""all_points_y"":[309,301,290,274,261,251,241,231,228,236,278,294,302,308]}",{}
40.png,28311606,{},1362,33,"{""name"":""polygon"",""all_points_x"":[434,442,453,462,457],""all_points_y"":[280,279,251,229,229]}",{}
40.png,28311606,{},1362,34,"{""name"":""polygon"",""all_points_x"":[299,303,315,339,335,311],""all_points_y"":[356,360,346,322,318,342]}",{}
40.png,28311606,{},1362,35,"{""name"":""polygon"",""all_points_x"":[481,486,494,503,522,543,556,551,530,512],""all_points_y"":[68,66,80,96,122,153,176,180,147,120]}",{}
40.png,28311606,{},1362,36,"{""name"":""polygon"",""all_points_x"":[463,461,470,485,499,514,532,545,548],""all_points_y"":[49,53,57,65,71,78,88,94,91]}",{}
40.png,28311606,{},1362,37,"{""name"":""polyline"",""all_points_x"":[523,486,469],""all_points_y"":[143,191,217]}",{}
40.png,28311606,{},1362,38,"{""name"":""polygon"",""all_points_x"":[532,562,589,643,658,650,605,577,549,520],""all_points_y"":[60,82,104,142,151,162,131,111,94,70]}",{}
40.png,28311606,{},1362,39,"{""name"":""polygon"",""all_points_x"":[550,550,558,580,600,616,638,665,691,713,722,722,705,686,637,599],""all_points_y"":[159,163,167,173,180,181,185,190,196,202,205,200,192,187,178,171]}",{}
40.png,28311606,{},1362,40,"{""name"":""polygon"",""all_points_x"":[614,623,629,652,671,692,688,667,658,643,630,623],""all_points_y"":[211,216,207,173,139,102,99,134,148,172,193,203]}",{}
40.png,28311606,{},1362,41,"{""name"":""polygon"",""all_points_x"":[716,719,728,746,756,752],""all_points_y"":[59,61,49,25,9,8]}",{}
40.png,28311606,{},1362,42,"{""name"":""polygon"",""all_points_x"":[413,421,420,414,410,406,403,397,394,391,395],""all_points_y"":[328,330,319,290,263,240,210,170,147,148,182]}",{}
40.png,28311606,{},1362,43,"{""name"":""polygon"",""all_points_x"":[419,431,451,468,489,512,531,540,545,536,513,489,466,447,424],""all_points_y"":[198,212,235,253,278,302,320,332,325,316,296,270,245,224,196]}",{}
40.png,28311606,{},1362,44,"{""name"":""polygon"",""all_points_x"":[388,384,416,430,464,502,532,555,569,579,566,517,444,416],""all_points_y"":[318,332,340,344,355,366,374,381,384,378,375,362,340,330]}",{}
40.png,28311606,{},1362,45,"{""name"":""polyline"",""all_points_x"":[228,283],""all_points_y"":[311,240]}",{}
40.png,28311606,{},1362,46,"{""name"":""polyline"",""all_points_x"":[207,238,263],""all_points_y"":[330,305,282]}",{}
40.png,28311606,{},1362,47,"{""name"":""polyline"",""all_points_x"":[400,370],""all_points_y"":[357,396]}",{}
40.png,28311606,{},1362,48,"{""name"":""polyline"",""all_points_x"":[481,511,535,551],""all_points_y"":[234,270,304,327]}",{}
40.png,28311606,{},1362,49,"{""name"":""polygon"",""all_points_x"":[479,482,493,510,515,512],""all_points_y"":[342,345,332,312,306,303]}",{}
40.png,28311606,{},1362,50,"{""name"":""polygon"",""all_points_x"":[474,478,486,495,507,524,538,554,573,604,602,586,558,534,517,501,486],""all_points_y"":[336,339,329,318,307,295,285,274,260,235,233,245,266,285,295,309,322]}",{}
40.png,28311606,{},1362,51,"{""name"":""polygon"",""all_points_x"":[559,556,571,595,614,641,678,714,745,780,780,751,700,643,608,579],""all_points_y"":[220,232,235,238,242,248,255,261,266,273,267,263,253,242,234,228]}",{}
40.png,28311606,{},1362,52,"{""name"":""polygon"",""all_points_x"":[176,180,175,167,156,153,147,156,165],""all_points_y"":[114,113,94,66,19,0,3,39,80]}",{}
40.png,28311606,{},1362,53,"{""name"":""polygon"",""all_points_x"":[569,574,596,628,661,654,618],""all_points_y"":[14,22,16,10,1,0,7]}",{}
40.png,28311606,{},1362,54,"{""name"":""polygon"",""all_points_x"":[763,770,768,767,761],""all_points_y"":[253,252,234,215,216]}",{}
40.png,28311606,{},1362,55,"{""name"":""polygon"",""all_points_x"":[525,528,536,556,571,585,581,554],""all_points_y"":[352,354,344,318,297,279,279,313]}",{}
40.png,28311606,{},1362,56,"{""name"":""polygon"",""all_points_x"":[545,549,555,567,580,602,625,649,646,619,584],""all_points_y"":[382,386,382,365,349,324,300,274,272,301,338]}",{}
40.png,28311606,{},1362,57,"{""name"":""polygon"",""all_points_x"":[597,599,610,630,655,689,716,747,772,771,740,682,639,627],""all_points_y"":[353,358,356,353,345,334,326,317,310,307,315,332,344,348]}",{}
40.png,28311606,{},1362,58,"{""name"":""polygon"",""all_points_x"":[655,660,662,666,668,675,680,687,691,687,680,668,662],""all_points_y"":[432,433,416,401,386,362,340,311,293,292,324,373,397]}",{}
40.png,28311606,{},1362,59,"{""name"":""polygon"",""all_points_x"":[671,676,675,672,673,675,676,673,671,669,669,670],""all_points_y"":[416,416,402,376,342,305,274,275,311,350,387,409]}",{}
40.png,28311606,{},1362,60,"{""name"":""polygon"",""all_points_x"":[631,649,667,681,687,669,650,634],""all_points_y"":[307,330,350,367,357,342,324,305]}",{}
40.png,28311606,{},1362,61,"{""name"":""polygon"",""all_points_x"":[538,555,587,621,664,697,725,760,786,785,740,692,639,587,556,533],""all_points_y"":[392,404,421,435,455,467,479,491,501,503,489,472,453,431,415,398]}",{}
40.png,28311606,{},1362,62,"{""name"":""polygon"",""all_points_x"":[381,378,395,421,455,493,490,454,420],""all_points_y"":[386,390,392,397,405,415,411,402,393]}",{}
40.png,28311606,{},1362,63,"{""name"":""polygon"",""all_points_x"":[278,288,280,263,242,216,191,164,141,140,166,187,210,241,265,273],""all_points_y"":[508,508,498,485,470,454,438,421,409,414,427,442,455,475,492,501]}",{}
40.png,28311606,{},1362,64,"{""name"":""polygon"",""all_points_x"":[122,135,160,178,213,240,264,285,324,341,358,374,388,386,402,398,372,342,321,270,221,165,142,125],""all_points_y"":[376,383,398,408,424,438,448,457,473,479,484,489,487,483,484,471,472,471,464,443,423,396,384,374]}",{}
40.png,28311606,{},1362,65,"{""name"":""polygon"",""all_points_x"":[359,396,397,359],""all_points_y"":[492,488,493,497]}",{}
40.png,28311606,{},1362,66,"{""name"":""polygon"",""all_points_x"":[8,29,46,51,42,25,12],""all_points_y"":[244,279,305,303,290,264,244]}",{}
40.png,28311606,{},1362,67,"{""name"":""polygon"",""all_points_x"":[6,13,18,25,31,36,30,23,18,9],""all_points_y"":[252,271,290,313,340,340,318,293,279,252]}",{}
40.png,28311606,{},1362,68,"{""name"":""polygon"",""all_points_x"":[9,16,22,24,19,14,10,4,0,0],""all_points_y"":[349,373,395,392,373,350,327,310,294,308]}",{}
40.png,28311606,{},1362,69,"{""name"":""polygon"",""all_points_x"":[162,166,171,185,203,217,213,198],""all_points_y"":[465,468,456,425,383,349,348,383]}",{}
40.png,28311606,{},1362,70,"{""name"":""polygon"",""all_points_x"":[217,247,289,321,344,380,383,355,303,264,234,221],""all_points_y"":[344,366,397,418,433,457,451,433,398,372,352,342]}",{}
40.png,28311606,{},1362,71,"{""name"":""polygon"",""all_points_x"":[297,295,312,352,383,403,422,450,478,514,540,539,510,458,422,392,308],""all_points_y"":[440,446,448,455,459,463,467,474,479,484,490,485,479,471,462,457,441]}",{}
40.png,28311606,{},1362,72,"{""name"":""polygon"",""all_points_x"":[254,256,284,324,366,392,391,367,334],""all_points_y"":[508,513,512,514,512,511,504,505,507]}",{}
40.png,28311606,{},1362,73,"{""name"":""polygon"",""all_points_x"":[414,388,384,391,411,422],""all_points_y"":[420,456,465,468,439,420]}",{}
40.png,28311606,{},1362,74,"{""name"":""polyline"",""all_points_x"":[290,336,364],""all_points_y"":[369,403,424]}",{}
40.png,28311606,{},1362,75,"{""name"":""polyline"",""all_points_x"":[262,303],""all_points_y"":[380,333]}",{}
40.png,28311606,{},1362,76,"{""name"":""polygon"",""all_points_x"":[786,802,818,849,864,885,889,871,837,817,790],""all_points_y"":[0,19,40,78,96,117,112,96,55,30,0]}",{}
40.png,28311606,{},1362,77,"{""name"":""polygon"",""all_points_x"":[568,590,619,623,604,582,575],""all_points_y"":[236,259,293,288,268,240,233]}",{}
40.png,28311606,{},1362,78,"{""name"":""polygon"",""all_points_x"":[579,578,590,619,637,675,697,709,710,662],""all_points_y"":[392,398,404,420,431,448,457,461,459,436]}",{}
40.png,28311606,{},1362,79,"{""name"":""polygon"",""all_points_x"":[642,644,662,684,702,702,665],""all_points_y"":[415,420,420,420,418,415,416]}",{}
40.png,28311606,{},1362,80,"{""name"":""polygon"",""all_points_x"":[596,615,645,660,669,688,712,734,757,766,768,737,698,653,624,602],""all_points_y"":[367,380,402,414,417,429,444,458,473,478,474,456,430,402,381,361]}",{}
40.png,28311606,{},1362,81,"{""name"":""polygon"",""all_points_x"":[184,189,207,223,219,205,196],""all_points_y"":[181,214,290,287,264,216,181]}",{}
40.png,28311606,{},1362,82,"{""name"":""polygon"",""all_points_x"":[60,68,60,47,43,54],""all_points_y"":[670,665,639,601,603,643]}",{}
40.png,28311606,{},1362,83,"{""name"":""polygon"",""all_points_x"":[35,40,34,22,10,6,1,5,17,29],""all_points_y"":[573,572,552,504,457,426,429,459,505,553]}",{}
40.png,28311606,{},1362,84,"{""name"":""polygon"",""all_points_x"":[110,126,160,181,204,243,262,279,303,307,298,267,246,208,169,129,114],""all_points_y"":[462,471,487,497,508,528,537,545,560,554,546,527,516,503,487,468,461]}",{}
40.png,28311606,{},1362,85,"{""name"":""polygon"",""all_points_x"":[299,300,319,363,398,396,370],""all_points_y"":[519,523,523,523,523,519,520]}",{}
40.png,28311606,{},1362,86,"{""name"":""polyline"",""all_points_x"":[484,462],""all_points_y"":[408,449]}",{}
40.png,28311606,{},1362,87,"{""name"":""polyline"",""all_points_x"":[442,472],""all_points_y"":[454,415]}",{}
40.png,28311606,{},1362,88,"{""name"":""polyline"",""all_points_x"":[645,720],""all_points_y"":[546,522]}",{}
40.png,28311606,{},1362,89,"{""name"":""polygon"",""all_points_x"":[435,442,454,478,495,517,551,595,592,548,513,487,477],""all_points_y"":[697,700,681,644,610,571,517,452,451,513,567,609,629]}",{}
40.png,28311606,{},1362,90,"{""name"":""polygon"",""all_points_x"":[621,626,642,700,696,663],""all_points_y"":[516,524,519,499,495,505]}",{}
40.png,28311606,{},1362,91,"{""name"":""polygon"",""all_points_x"":[39,60,90,120,151,177,183,169,126,81,42],""all_points_y"":[560,572,588,601,616,628,627,620,600,579,559]}",{}
40.png,28311606,{},1362,92,"{""name"":""polygon"",""all_points_x"":[223,250,274,294,310,307,276,246,229],""all_points_y"":[650,665,680,688,701,688,674,658,647]}",{}
40.png,28311606,{},1362,93,"{""name"":""polygon"",""all_points_x"":[452,461,474,486,510,537,565,576,573,552,516,483,467],""all_points_y"":[714,717,687,666,616,568,512,485,485,522,593,654,688]}",{}
40.png,28311606,{},1362,94,"{""name"":""polygon"",""all_points_x"":[666,670,688,720,743,740,695],""all_points_y"":[563,568,557,537,523,519,546]}",{}
40.png,28311606,{},1362,95,"{""name"":""polygon"",""all_points_x"":[540,537,555,590,633,678,717,750,787,786,760,721,681,639,619,588],""all_points_y"":[623,631,638,650,661,669,678,683,682,678,678,674,665,656,652,643]}",{}
40.png,28311606,{},1362,96,"{""name"":""polygon"",""all_points_x"":[365,366,372,376,382,394,403,421,444,441,424,407,394,379],""all_points_y"":[816,820,820,804,784,756,730,687,648,645,669,704,739,780]}",{}
40.png,28311606,{},1362,97,"{""name"":""polyline"",""all_points_x"":[403,385],""all_points_y"":[650,756]}",{}
40.png,28311606,{},1362,98,"{""name"":""polyline"",""all_points_x"":[518,584,631],""all_points_y"":[748,719,692]}",{}
40.png,28311606,{},1362,99,"{""name"":""polyline"",""all_points_x"":[661,625,610],""all_points_y"":[639,667,682]}",{}
40.png,28311606,{},1362,100,"{""name"":""polyline"",""all_points_x"":[600,634,656],""all_points_y"":[668,688,704]}",{}
40.png,28311606,{},1362,101,"{""name"":""polygon"",""all_points_x"":[280,286,278,270,261,253,248,244,251,267],""all_points_y"":[871,867,838,808,771,737,723,725,748,818]}",{}
40.png,28311606,{},1362,102,"{""name"":""polygon"",""all_points_x"":[291,300,302,305,309,315,311,306,299],""all_points_y"":[948,946,915,875,837,795,796,827,871]}",{}
40.png,28311606,{},1362,103,"{""name"":""polygon"",""all_points_x"":[326,331,332,336,338,342,347,350,347,341,337,334,330,327],""all_points_y"":[1000,1000,976,947,909,861,826,800,801,842,877,911,949,978]}",{}
40.png,28311606,{},1362,104,"{""name"":""polygon"",""all_points_x"":[370,374,390,414,457,494,491,452,414,393],""all_points_y"":[833,837,824,804,779,762,758,778,799,814]}",{}
40.png,28311606,{},1362,105,"{""name"":""polygon"",""all_points_x"":[367,370,389,415,448,470,467,443],""all_points_y"":[829,831,816,796,770,752,749,769]}",{}
40.png,28311606,{},1362,106,"{""name"":""polygon"",""all_points_x"":[390,389,401,427,458,485,512,534,553,570,588,612,611,588,569,542,497,470,451],""all_points_y"":[1012,1018,1022,1029,1038,1046,1051,1056,1058,1061,1062,1063,1060,1059,1057,1052,1044,1036,1031]}",{}
40.png,28311606,{},1362,107,"{""name"":""polygon"",""all_points_x"":[217,223,241,266,305,335,373,394,392,380,327,286,263],""all_points_y"":[1086,1092,1081,1066,1044,1025,1005,994,991,997,1024,1049,1062]}",{}
40.png,28311606,{},1362,108,"{""name"":""polygon"",""all_points_x"":[0,4,9,5,0],""all_points_y"":[545,567,597,597,578]}",{}
40.png,28311606,{},1362,109,"{""name"":""polygon"",""all_points_x"":[2,9,14,15,1],""all_points_y"":[550,559,563,560,543]}",{}
40.png,28311606,{},1362,110,"{""name"":""polygon"",""all_points_x"":[71,85,112,132,146,173,209,232,258,257,220,171,153,131,106,87,72],""all_points_y"":[547,551,561,567,566,573,582,589,592,582,572,564,563,558,550,545,542]}",{}
40.png,28311606,{},1362,111,"{""name"":""polyline"",""all_points_x"":[12,67],""all_points_y"":[524,551]}",{}
40.png,28311606,{},1362,112,"{""name"":""polyline"",""all_points_x"":[474,464,460],""all_points_y"":[751,779,805]}",{}
40.png,28311606,{},1362,113,"{""name"":""polyline"",""all_points_x"":[442,469],""all_points_y"":[812,763]}",{}
40.png,28311606,{},1362,114,"{""name"":""polyline"",""all_points_x"":[330,321],""all_points_y"":[339,389]}",{}
40.png,28311606,{},1362,115,"{""name"":""polygon"",""all_points_x"":[475,484,495,514,534,548,563,574,571,555,525],""all_points_y"":[719,723,691,644,597,565,533,508,507,542,605]}",{}
40.png,28311606,{},1362,116,"{""name"":""polygon"",""all_points_x"":[0,12,29,50,62,76,93,90,79,42,11,0],""all_points_y"":[697,708,726,747,759,772,789,790,786,751,716,701]}",{}
40.png,28311606,{},1362,117,"{""name"":""polygon"",""all_points_x"":[174,177,175,173,169],""all_points_y"":[734,734,761,807,803]}",{}
40.png,28311606,{},1362,118,"{""name"":""polygon"",""all_points_x"":[102,107,106,102,99,94,94,89,90,93,96],""all_points_y"":[786,787,802,826,848,897,933,932,903,870,840]}",{}
40.png,28311606,{},1362,119,"{""name"":""polygon"",""all_points_x"":[492,495,509,536,571,612,661,708,757,799,797,769,727,679,631,581,541,503],""all_points_y"":[900,905,896,887,875,860,845,828,813,802,799,807,819,834,850,864,878,893]}",{}
40.png,28311606,{},1362,120,"{""name"":""polygon"",""all_points_x"":[616,617,629,658,692,712,711,681,655,632],""all_points_y"":[790,794,794,792,788,784,782,786,788,790]}",{}
40.png,28311606,{},1362,121,"{""name"":""polygon"",""all_points_x"":[681,685,699,727,754,782,795,792,770,744,726],""all_points_y"":[805,808,797,778,759,734,720,719,739,760,774]}",{}
40.png,28311606,{},1362,122,"{""name"":""polygon"",""all_points_x"":[552,563,576,605,631,623,595,586,573,558],""all_points_y"":[911,922,907,884,863,859,881,889,899,909]}",{}
40.png,28311606,{},1362,123,"{""name"":""polygon"",""all_points_x"":[583,586,600,621,658,654,595],""all_points_y"":[915,916,896,868,817,817,896]}",{}
40.png,28311606,{},1362,124,"{""name"":""polyline"",""all_points_x"":[556,645],""all_points_y"":[882,946]}",{}
40.png,28311606,{},1362,125,"{""name"":""polygon"",""all_points_x"":[622,628,632,639,644,657,672,681,677,663,650,640,633],""all_points_y"":[950,950,940,919,901,876,854,842,840,860,877,902,920]}",{}
40.png,28311606,{},1362,126,"{""name"":""polygon"",""all_points_x"":[665,668,687,696,713,739,761,781,817,813,799,761,744,728,710,688],""all_points_y"":[898,906,899,895,883,862,846,830,808,804,814,837,851,864,876,890]}",{}
40.png,28311606,{},1362,127,"{""name"":""polygon"",""all_points_x"":[658,661,670,696,723,749,746,727,700],""all_points_y"":[882,889,884,866,847,829,826,838,856]}",{}
40.png,28311606,{},1362,128,"{""name"":""polygon"",""all_points_x"":[440,448,470,475,463,444],""all_points_y"":[826,840,876,869,853,823]}",{}
40.png,28311606,{},1362,129,"{""name"":""polygon"",""all_points_x"":[495,495,499,505,511,506,504,498],""all_points_y"":[841,854,874,913,910,886,873,846]}",{}
40.png,28311606,{},1362,130,"{""name"":""polyline"",""all_points_x"":[655,739],""all_points_y"":[831,791]}",{}
40.png,28311606,{},1362,131,"{""name"":""polyline"",""all_points_x"":[629,565],""all_points_y"":[889,920]}",{}
40.png,28311606,{},1362,132,"{""name"":""polyline"",""all_points_x"":[725,682,646,615,581],""all_points_y"":[928,939,948,954,964]}",{}
40.png,28311606,{},1362,133,"{""name"":""polyline"",""all_points_x"":[415,467],""all_points_y"":[981,959]}",{}
40.png,28311606,{},1362,134,"{""name"":""polyline"",""all_points_x"":[27,71,118,162,212],""all_points_y"":[955,959,967,974,976]}",{}
40.png,28311606,{},1362,135,"{""name"":""polygon"",""all_points_x"":[377,391,427,459,490,526,547,578,583,566,538,497,457,431,392,380],""all_points_y"":[883,893,917,939,964,997,1013,1042,1040,1023,997,961,931,912,887,878]}",{}
40.png,28311606,{},1362,136,"{""name"":""polyline"",""all_points_x"":[679,679,680],""all_points_y"":[814,864,890]}",{}
40.png,28311606,{},1362,137,"{""name"":""polyline"",""all_points_x"":[579,635,665],""all_points_y"":[976,996,1007]}",{}
40.png,28311606,{},1362,138,"{""name"":""polyline"",""all_points_x"":[576,655],""all_points_y"":[962,992]}",{}
40.png,28311606,{},1362,139,"{""name"":""polyline"",""all_points_x"":[292,284],""all_points_y"":[969,1048]}",{}
40.png,28311606,{},1362,140,"{""name"":""polyline"",""all_points_x"":[681,679],""all_points_y"":[931,984]}",{}
40.png,28311606,{},1362,141,"{""name"":""polyline"",""all_points_x"":[684,684],""all_points_y"":[934,989]}",{}
40.png,28311606,{},1362,142,"{""name"":""polygon"",""all_points_x"":[696,702,698,697,697,700,694,691,692],""all_points_y"":[929,930,948,967,983,994,995,980,962]}",{}
40.png,28311606,{},1362,143,"{""name"":""polygon"",""all_points_x"":[362,369,374,378,384,374,373,365],""all_points_y"":[802,803,785,760,725,729,750,782]}",{}
40.png,28311606,{},1362,144,"{""name"":""polyline"",""all_points_x"":[618,655],""all_points_y"":[902,851]}",{}
40.png,28311606,{},1362,145,"{""name"":""polygon"",""all_points_x"":[792,794,801,811,822,833,845,858,855,844,832,813,801],""all_points_y"":[849,850,840,826,815,803,789,780,776,785,798,818,834]}",{}
40.png,28311606,{},1362,146,"{""name"":""polygon"",""all_points_x"":[699,703,718,734,757,779,799,818,841,842,829,818,800,783,748,728,708],""all_points_y"":[996,998,995,994,991,988,985,984,987,984,981,981,981,984,989,991,992]}",{}
40.png,28311606,{},1362,147,"{""name"":""polyline"",""all_points_x"":[428,409,382],""all_points_y"":[841,821,789]}",{}
40.png,28311606,{},1362,148,"{""name"":""polyline"",""all_points_x"":[318,387],""all_points_y"":[773,772]}",{}
40.png,28311606,{},1362,149,"{""name"":""polyline"",""all_points_x"":[827,797,785],""all_points_y"":[813,884,924]}",{}
40.png,28311606,{},1362,150,"{""name"":""polyline"",""all_points_x"":[831,819],""all_points_y"":[812,844]}",{}
40.png,28311606,{},1362,151,"{""name"":""polyline"",""all_points_x"":[810,783],""all_points_y"":[867,922]}",{}
40.png,28311606,{},1362,152,"{""name"":""polyline"",""all_points_x"":[502,472],""all_points_y"":[723,749]}",{}
40.png,28311606,{},1362,153,"{""name"":""polygon"",""all_points_x"":[781,785,782,781,779,776,775,771,773,778],""all_points_y"":[930,931,940,953,974,1001,1017,1017,993,948]}",{}
40.png,28311606,{},1362,154,"{""name"":""polygon"",""all_points_x"":[740,744,750,766,762,751,744],""all_points_y"":[995,996,982,951,951,970,984]}",{}
40.png,28311606,{},1362,155,"{""name"":""polyline"",""all_points_x"":[577,523],""all_points_y"":[966,988]}",{}
40.png,28311606,{},1362,156,"{""name"":""polygon"",""all_points_x"":[2,12,15,24,15,6,0,1],""all_points_y"":[1036,1056,1063,1057,1039,1021,1009,1031]}",{}
40.png,28311606,{},1362,157,"{""name"":""polygon"",""all_points_x"":[227,232,253,262,253,233],""all_points_y"":[1002,1006,986,975,970,991]}",{}
40.png,28311606,{},1362,158,"{""name"":""polygon"",""all_points_x"":[7,9,25,51,101,124,164,203,231,229,198,146,78,55],""all_points_y"":[1134,1138,1130,1120,1099,1090,1073,1051,1033,1032,1050,1077,1104,1113]}",{}
40.png,28311606,{},1362,159,"{""name"":""polygon"",""all_points_x"":[51,61,80,118,143,165,196,197,173,155,127,103,83,57],""all_points_y"":[1097,1104,1114,1141,1159,1176,1198,1195,1177,1163,1142,1124,1111,1091]}",{}
40.png,28311606,{},1362,160,"{""name"":""polygon"",""all_points_x"":[106,109,129,154,183,213,245,259,256,227,189,143],""all_points_y"":[1207,1209,1194,1172,1145,1121,1097,1087,1084,1105,1136,1175]}",{}
40.png,28311606,{},1362,161,"{""name"":""polygon"",""all_points_x"":[437,439,454,477,504,522,518,495,485],""all_points_y"":[1139,1143,1137,1130,1122,1117,1112,1120,1122]}",{}
40.png,28311606,{},1362,162,"{""name"":""polyline"",""all_points_x"":[286,314,356],""all_points_y"":[1216,1196,1172]}",{}
40.png,28311606,{},1362,163,"{""name"":""polyline"",""all_points_x"":[188,203],""all_points_y"":[1241,1287]}",{}
40.png,28311606,{},1362,164,"{""name"":""polyline"",""all_points_x"":[224,254,275,292,300],""all_points_y"":[971,992,1004,1017,1020]}",{}
40.png,28311606,{},1362,165,"{""name"":""polyline"",""all_points_x"":[841,784],""all_points_y"":[742,777]}",{}
40.png,28311606,{},1362,166,"{""name"":""polygon"",""all_points_x"":[534,546,558,592,630,663,696,691,665,611,583,555],""all_points_y"":[1174,1179,1165,1144,1127,1108,1092,1087,1100,1129,1142,1159]}",{}
40.png,28311606,{},1362,167,"{""name"":""polygon"",""all_points_x"":[693,706,711,717,728,762,776,803,810,811,798,756,721,719,710,696],""all_points_y"":[1110,1120,1133,1144,1156,1196,1213,1248,1251,1246,1235,1182,1139,1133,1116,1106]}",{}
40.png,28311606,{},1362,168,"{""name"":""polygon"",""all_points_x"":[668,687,708,731,753,781,814,840,868,871,842,807,779,757,727,699,674],""all_points_y"":[1034,1051,1070,1091,1112,1140,1171,1196,1223,1220,1192,1159,1130,1107,1078,1051,1031]}",{}
40.png,28311606,{},1362,169,"{""name"":""polygon"",""all_points_x"":[724,748,771,802,819,846,868,882,884,854,808,772,749,730],""all_points_y"":[1058,1079,1099,1127,1141,1163,1181,1192,1188,1163,1126,1095,1073,1055]}",{}
40.png,28311606,{},1362,170,"{""name"":""polygon"",""all_points_x"":[696,709,738,770,799,825,850,873,892,893,873,818,769,728,700],""all_points_y"":[1018,1030,1054,1080,1103,1124,1145,1166,1184,1179,1161,1111,1072,1039,1014]}",{}
40.png,28311606,{},1362,171,"{""name"":""polygon"",""all_points_x"":[818,825,828,837,829,824],""all_points_y"":[1221,1222,1198,1143,1151,1187]}",{}
40.png,28311606,{},1362,172,"{""name"":""polygon"",""all_points_x"":[21,28,30,33,34,34,33,32,30,27,28,30,30,27],""all_points_y"":[1342,1344,1329,1293,1262,1239,1199,1178,1158,1160,1191,1221,1251,1285]}",{}
40.png,28311606,{},1362,173,"{""name"":""polygon"",""all_points_x"":[271,275,271,264,260,254,244,242,246,260,265],""all_points_y"":[1360,1359,1342,1298,1273,1243,1189,1192,1221,1294,1331]}",{}
40.png,28311606,{},1362,174,"{""name"":""polygon"",""all_points_x"":[24,40,59,70,83,62,36,25],""all_points_y"":[1135,1157,1183,1203,1194,1167,1133,1122]}",{}
40.png,28311606,{},1362,175,"{""name"":""polygon"",""all_points_x"":[35,41,41,42,42,43,38,36,35],""all_points_y"":[1346,1346,1332,1297,1264,1237,1238,1295,1326]}",{}
40.png,28311606,{},1362,176,"{""name"":""polygon"",""all_points_x"":[221,226,231,236,248,254,250,247,232],""all_points_y"":[1379,1382,1372,1351,1308,1291,1289,1298,1343]}",{}
40.png,28311606,{},1362,177,"{""name"":""polygon"",""all_points_x"":[44,61,77,101,125,133,143,148,119,91,68,48],""all_points_y"":[1393,1409,1421,1446,1472,1484,1491,1486,1456,1428,1407,1389]}",{}
40.png,28311606,{},1362,178,"{""name"":""polygon"",""all_points_x"":[99,111,106,99,91,90,77,88],""all_points_y"":[1539,1535,1516,1487,1446,1439,1443,1476]}",{}
40.png,28311606,{},1362,179,"{""name"":""polygon"",""all_points_x"":[208,211,202,193,183,174,168,159,149,146,156,167,180,192],""all_points_y"":[1512,1505,1486,1461,1438,1417,1396,1368,1344,1348,1371,1408,1441,1473]}",{}
40.png,28311606,{},1362,180,"{""name"":""polygon"",""all_points_x"":[181,186,190,190,193,197,201,196,192,189,186,185],""all_points_y"":[1531,1531,1473,1439,1401,1372,1355,1356,1380,1407,1440,1473]}",{}
40.png,28311606,{},1362,181,"{""name"":""polygon"",""all_points_x"":[263,266,281,311,331,353,350,309,278],""all_points_y"":[1437,1442,1433,1414,1401,1388,1385,1410,1429]}",{}
40.png,28311606,{},1362,182,"{""name"":""polygon"",""all_points_x"":[26,42,51,59,52,42,31],""all_points_y"":[1388,1412,1437,1434,1421,1401,1388]}",{}
40.png,28311606,{},1362,183,"{""name"":""polygon"",""all_points_x"":[275,282,287,292,296,304,307,298,292,287,279],""all_points_y"":[1074,1085,1104,1126,1140,1150,1147,1132,1107,1085,1073]}",{}
40.png,28311606,{},1362,184,"{""name"":""polygon"",""all_points_x"":[336,339,343,349,356,361,368,376,372,359,346,339],""all_points_y"":[1434,1435,1421,1381,1349,1324,1293,1252,1252,1314,1379,1415]}",{}
40.png,28311606,{},1362,185,"{""name"":""polygon"",""all_points_x"":[227,230,237,244,252,260,271,286,284,267,260,245],""all_points_y"":[1507,1510,1500,1482,1456,1436,1412,1393,1392,1411,1425,1460]}",{}
40.png,28311606,{},1362,186,"{""name"":""polygon"",""all_points_x"":[532,537,544,551,558,559,564,561,557,545,536],""all_points_y"":[1226,1246,1270,1297,1312,1333,1333,1309,1301,1263,1223]}",{}
40.png,28311606,{},1362,187,"{""name"":""polygon"",""all_points_x"":[402,414,437,448,449,439,414,406],""all_points_y"":[1187,1208,1243,1261,1257,1239,1201,1186]}",{}
40.png,28311606,{},1362,188,"{""name"":""polygon"",""all_points_x"":[644,644,660,686,713,738,770,793,806,805,790,760,726,690],""all_points_y"":[1292,1298,1296,1297,1300,1302,1307,1309,1310,1307,1306,1301,1298,1293]}",{}
40.png,28311606,{},1362,189,"{""name"":""polygon"",""all_points_x"":[616,621,623,629,635,641,649,646,635,623],""all_points_y"":[1361,1358,1346,1323,1294,1267,1237,1238,1274,1326]}",{}
40.png,28311606,{},1362,190,"{""name"":""polygon"",""all_points_x"":[585,591,602,618,620,625,616,599,589],""all_points_y"":[1258,1270,1289,1316,1323,1313,1299,1272,1257]}",{}
40.png,28311606,{},1362,191,"{""name"":""polygon"",""all_points_x"":[494,497,503,501,496,490,486,482,478,485],""all_points_y"":[1407,1429,1428,1414,1391,1355,1320,1295,1296,1349]}",{}
40.png,28311606,{},1362,192,"{""name"":""polygon"",""all_points_x"":[654,658,687,721,766,809,869,870,785],""all_points_y"":[1498,1502,1490,1473,1451,1429,1397,1392,1436]}",{}
40.png,28311606,{},1362,193,"{""name"":""polygon"",""all_points_x"":[577,582,583,583,585,581],""all_points_y"":[1270,1270,1283,1309,1346,1345]}",{}
40.png,28311606,{},1362,194,"{""name"":""polygon"",""all_points_x"":[539,541,545,547,549,554,558,560,557,552,547],""all_points_y"":[1267,1267,1284,1300,1318,1346,1363,1375,1375,1356,1324]}",{}
40.png,28311606,{},1362,195,"{""name"":""polygon"",""all_points_x"":[554,558,555,556,563,559,552,552],""all_points_y"":[1265,1266,1288,1311,1339,1342,1303,1278]}",{}
40.png,28311606,{},1362,196,"{""name"":""polygon"",""all_points_x"":[817,772,776,801,819],""all_points_y"":[1179,1199,1202,1191,1182]}",{}
40.png,28311606,{},1362,197,"{""name"":""polygon"",""all_points_x"":[340,350,361,365,354,344],""all_points_y"":[1268,1287,1309,1304,1284,1265]}",{}
40.png,28311606,{},1362,198,"{""name"":""polygon"",""all_points_x"":[31,40,51,61,75,87,102,109,93,77,64,47,35],""all_points_y"":[1491,1510,1540,1568,1603,1637,1669,1665,1632,1595,1559,1519,1490]}",{}
40.png,28311606,{},1362,199,"{""name"":""polygon"",""all_points_x"":[113,117,133,171,215,254,291,305,300,279,238,193,151],""all_points_y"":[1732,1739,1732,1714,1690,1667,1647,1638,1636,1649,1671,1696,1716]}",{}
40.png,28311606,{},1362,200,"{""name"":""polygon"",""all_points_x"":[106,119,124,136,150,171,181,197,206,199,188,168,141,116],""all_points_y"":[1783,1786,1766,1731,1694,1644,1616,1584,1562,1557,1580,1617,1684,1754]}",{}
40.png,28311606,{},1362,201,"{""name"":""polygon"",""all_points_x"":[102,112,120,137,152,168,157,137,110],""all_points_y"":[1590,1585,1599,1627,1648,1673,1680,1648,1605]}",{}
40.png,28311606,{},1362,202,"{""name"":""polygon"",""all_points_x"":[317,324,332,347,354,352,354,346,347,326],""all_points_y"":[1512,1518,1507,1476,1464,1436,1415,1417,1461,1503]}",{}
40.png,28311606,{},1362,203,"{""name"":""polygon"",""all_points_x"":[272,280,296,308,320,328,344,334,320,309,292,281],""all_points_y"":[1577,1614,1675,1727,1780,1809,1808,1782,1719,1678,1613,1573]}",{}
40.png,28311606,{},1362,204,"{""name"":""polygon"",""all_points_x"":[221,236,258,278,304,330,359,380,380,364,331,296,273,247,220],""all_points_y"":[1566,1580,1605,1624,1642,1656,1667,1672,1678,1674,1662,1644,1625,1601,1571]}",{}
40.png,28311606,{},1362,205,"{""name"":""polygon"",""all_points_x"":[396,390,383,375,363,347,332,326,334,343,354,367,380,393,401,401],""all_points_y"":[1387,1426,1457,1499,1566,1669,1739,1766,1771,1730,1684,1606,1517,1443,1398,1384]}",{}
40.png,28311606,{},1362,206,"{""name"":""polygon"",""all_points_x"":[303,324,338,349,341,326,312],""all_points_y"":[1543,1584,1612,1607,1594,1566,1535]}",{}
40.png,28311606,{},1362,207,"{""name"":""polygon"",""all_points_x"":[404,406,407,409,410,416,416,412,412,406],""all_points_y"":[1459,1473,1496,1511,1543,1542,1523,1497,1474,1456]}",{}
40.png,28311606,{},1362,208,"{""name"":""polygon"",""all_points_x"":[538,551,569,586,590,604,630,653,656,635,621,613,591,589,569,540],""all_points_y"":[1533,1548,1564,1585,1591,1608,1627,1647,1642,1624,1611,1608,1583,1579,1557,1531]}",{}
40.png,28311606,{},1362,209,"{""name"":""polyline"",""all_points_x"":[448,468,486,498,511,534],""all_points_y"":[1449,1464,1481,1493,1513,1530]}",{}
40.png,28311606,{},1362,210,"{""name"":""polyline"",""all_points_x"":[481,497,510,539],""all_points_y"":[1450,1470,1482,1531]}",{}
40.png,28311606,{},1362,211,"{""name"":""polyline"",""all_points_x"":[443,470,492,506,513,538],""all_points_y"":[1473,1497,1511,1519,1520,1533]}",{}
40.png,28311606,{},1362,212,"{""name"":""polygon"",""all_points_x"":[441,457,452,448,446,431,437],""all_points_y"":[1512,1514,1555,1593,1648,1647,1589]}",{}
40.png,28311606,{},1362,213,"{""name"":""polygon"",""all_points_x"":[312,315,329,347,365,375,370,351,326],""all_points_y"":[1621,1623,1606,1577,1546,1529,1528,1560,1602]}",{}
40.png,28311606,{},1362,214,"{""name"":""polygon"",""all_points_x"":[394,361,364,398],""all_points_y"":[1575,1623,1627,1577]}",{}
40.png,28311606,{},1362,215,"{""name"":""polyline"",""all_points_x"":[343,329],""all_points_y"":[1530,1568]}",{}
40.png,28311606,{},1362,216,"{""name"":""polygon"",""all_points_x"":[576,574,569,566,561,559,566,569,572,574,581,583],""all_points_y"":[1523,1541,1574,1606,1635,1651,1651,1625,1599,1570,1530,1521]}",{}
40.png,28311606,{},1362,217,"{""name"":""polygon"",""all_points_x"":[659,661,672,685,705,716,732,752,749,737,685],""all_points_y"":[1721,1723,1705,1686,1649,1631,1604,1571,1569,1589,1677]}",{}
40.png,28311606,{},1362,218,"{""name"":""polygon"",""all_points_x"":[354,359,367,381,398,418,442,461,482,499,494,478,447,416,397],""all_points_y"":[1744,1755,1750,1736,1722,1714,1704,1695,1689,1677,1673,1683,1694,1707,1716]}",{}
40.png,28311606,{},1362,219,"{""name"":""polygon"",""all_points_x"":[582,589,596,613,627,640,653,649,633,619,606],""all_points_y"":[1775,1779,1766,1736,1710,1688,1675,1674,1688,1713,1736]}",{}
40.png,28311606,{},1362,220,"{""name"":""polygon"",""all_points_x"":[704,710,726,751,787,815,849,881,896,893,852,783],""all_points_y"":[1707,1714,1699,1677,1644,1621,1591,1564,1552,1550,1582,1639]}",{}
40.png,28311606,{},1362,221,"{""name"":""polygon"",""all_points_x"":[588,580,587,590,595],""all_points_y"":[1534,1579,1583,1568,1536]}",{}
40.png,28311606,{},1362,222,"{""name"":""polygon"",""all_points_x"":[592,574,558,553,559,568,595],""all_points_y"":[1446,1470,1494,1507,1511,1492,1450]}",{}
40.png,28311606,{},1362,223,"{""name"":""polyline"",""all_points_x"":[683,644,613],""all_points_y"":[1313,1341,1368]}",{}
40.png,28311606,{},1362,224,"{""name"":""polygon"",""all_points_x"":[572,588,607,609,602,576],""all_points_y"":[978,1002,1028,1025,1011,974]}",{}
40.png,28311606,{},1362,225,"{""name"":""polygon"",""all_points_x"":[800,806,824,840,851,861,853,834,815],""all_points_y"":[1315,1314,1347,1373,1392,1410,1411,1379,1344]}",{}
40.png,28311606,{},1362,226,"{""name"":""polygon"",""all_points_x"":[731,732,755,782,790,820,863,859,845,815,795,789,780,776],""all_points_y"":[1390,1394,1388,1381,1376,1369,1359,1356,1358,1366,1371,1370,1375,1378]}",{}
40.png,28311606,{},1362,227,"{""name"":""polygon"",""all_points_x"":[247,256,263,274,280,284,270,253],""all_points_y"":[1492,1511,1532,1550,1551,1542,1523,1491]}",{}
40.png,28311606,{},1362,228,"{""name"":""polyline"",""all_points_x"":[306,283,272],""all_points_y"":[1463,1491,1504]}",{}
40.png,28311606,{},1362,229,"{""name"":""polygon"",""all_points_x"":[785,787,800,830,856,850],""all_points_y"":[1443,1446,1439,1424,1412,1410]}",{}
40.png,28311606,{},1362,230,"{""name"":""polygon"",""all_points_x"":[407,415,415,418,420,419,420,423,423,418,415,414,413],""all_points_y"":[1888,1889,1872,1832,1786,1738,1694,1649,1638,1638,1698,1761,1798]}",{}
40.png,28311606,{},1362,231,"{""name"":""polygon"",""all_points_x"":[472,470,466,462,469,473,475,478,478],""all_points_y"":[1716,1750,1793,1826,1822,1804,1780,1751,1715]}",{}
40.png,28311606,{},1362,232,"{""name"":""polygon"",""all_points_x"":[486,489,494,498,507,516,522,527,524,518,506,494],""all_points_y"":[1874,1875,1866,1845,1818,1793,1771,1742,1742,1766,1808,1844]}",{}
40.png,28311606,{},1362,233,"{""name"":""polygon"",""all_points_x"":[547,555,557,563,569,580,592,588,577,562,556],""all_points_y"":[1868,1870,1852,1821,1794,1754,1720,1720,1752,1804,1832]}",{}
40.png,28311606,{},1362,234,"{""name"":""polyline"",""all_points_x"":[109,119,137],""all_points_y"":[1543,1567,1596]}",{}
40.png,28311606,{},1362,235,"{""name"":""polyline"",""all_points_x"":[611,627,637],""all_points_y"":[1583,1612,1636]}",{}
40.png,28311606,{},1362,236,"{""name"":""polyline"",""all_points_x"":[226,231],""all_points_y"":[1433,1478]}",{}
40.png,28311606,{},1362,237,"{""name"":""polyline"",""all_points_x"":[169,170],""all_points_y"":[1437,1492]}",{}
40.png,28311606,{},1362,238,"{""name"":""polygon"",""all_points_x"":[298,303,301,301,299,298,291,292,294,297],""all_points_y"":[1809,1810,1789,1761,1716,1697,1701,1728,1761,1800]}",{}
40.png,28311606,{},1362,239,"{""name"":""polygon"",""all_points_x"":[232,237,240,246,253,259,266,262,253,240],""all_points_y"":[1956,1959,1939,1913,1878,1854,1823,1823,1860,1914]}",{}
40.png,28311606,{},1362,240,"{""name"":""polygon"",""all_points_x"":[659,660,679,707,731,738,776,815,850,885,929,926,910,830,774,729,681],""all_points_y"":[1802,1806,1804,1800,1795,1792,1785,1780,1773,1768,1760,1757,1761,1773,1780,1787,1799]}",{}
40.png,28311606,{},1362,241,"{""name"":""polygon"",""all_points_x"":[678,677,690,724,746,779,799,814,817,793,750,719,695],""all_points_y"":[1786,1791,1794,1806,1815,1826,1837,1844,1840,1827,1811,1800,1791]}",{}
40.png,28311606,{},1362,242,"{""name"":""polygon"",""all_points_x"":[767,771,775,784,793,804,815,810,799,778],""all_points_y"":[1802,1803,1789,1747,1699,1651,1600,1600,1649,1748]}",{}
40.png,28311606,{},1362,243,"{""name"":""polygon"",""all_points_x"":[169,177,169,153,139,123,111,121,142,161],""all_points_y"":[1854,1857,1872,1915,1954,2000,1995,1959,1914,1868]}",{}
40.png,28311606,{},1362,244,"{""name"":""polyline"",""all_points_x"":[417,419,421],""all_points_y"":[1946,1974,1995]}",{}
40.png,28311606,{},1362,245,"{""name"":""polygon"",""all_points_x"":[671,677,689,711,734,754,776,771,746,722,695],""all_points_y"":[2066,2073,2053,2014,1971,1933,1900,1899,1935,1976,2025]}",{}
40.png,28311606,{},1362,246,"{""name"":""polygon"",""all_points_x"":[646,652,658,667,683,699,707,709,703,692,669,654],""all_points_y"":[2064,2069,2057,2033,1988,1948,1924,1917,1918,1947,2006,2046]}",{}
40.png,28311606,{},1362,247,"{""name"":""polygon"",""all_points_x"":[629,628,627,631,632,632],""all_points_y"":[2010,2028,2063,2062,2036,2009]}",{}
40.png,28311606,{},1362,248,"{""name"":""polygon"",""all_points_x"":[508,512,524,555,557,552,535],""all_points_y"":[1947,1950,1936,1898,1889,1887,1911]}",{}
40.png,28311606,{},1362,249,"{""name"":""polygon"",""all_points_x"":[299,308,309,312,313,316,316,312,308],""all_points_y"":[2135,2139,2123,2072,2034,1992,1970,1970,2034]}",{}
40.png,28311606,{},1362,250,"{""name"":""polygon"",""all_points_x"":[95,102,104,105,101,104,104,100,99,97,98],""all_points_y"":[2210,2210,2190,2165,2145,2113,2078,2080,2116,2153,2166]}",{}
40.png,28311606,{},1362,251,"{""name"":""polygon"",""all_points_x"":[424,430,426,419,414],""all_points_y"":[2087,2089,2099,2128,2126]}",{}
40.png,28311606,{},1362,252,"{""name"":""polygon"",""all_points_x"":[584,587,589,595,599,607,609,607,601,595],""all_points_y"":[2252,2254,2247,2231,2215,2195,2189,2188,2197,2212]}",{}
40.png,28311606,{},1362,253,"{""name"":""polygon"",""all_points_x"":[603,618,655,682,708,738,782,821,870,870,843,789,745,701,659,603],""all_points_y"":[2215,2209,2195,2185,2172,2162,2148,2137,2125,2121,2127,2141,2153,2169,2186,2205]}",{}
40.png,28311606,{},1362,254,"{""name"":""polygon"",""all_points_x"":[249,270,289,297,307,295,280,267,253],""all_points_y"":[2156,2179,2207,2215,2201,2192,2174,2158,2147]}",{}
40.png,28311606,{},1362,255,"{""name"":""polyline"",""all_points_x"":[430,448,489,536],""all_points_y"":[2092,2091,2089,2086]}",{}
40.png,28311606,{},1362,256,"{""name"":""polygon"",""all_points_x"":[802,803,803,803,808,807,808,806],""all_points_y"":[1997,2030,2068,2085,2083,2059,2023,1996]}",{}
40.png,28311606,{},1362,257,"{""name"":""polyline"",""all_points_x"":[1,45],""all_points_y"":[1856,1839]}",{}
40.png,28311606,{},1362,258,"{""name"":""polyline"",""all_points_x"":[9,57],""all_points_y"":[1850,1818]}",{}
40.png,28311606,{},1362,259,"{""name"":""polyline"",""all_points_x"":[286,310,323],""all_points_y"":[2327,2270,2246]}",{}
40.png,28311606,{},1362,260,"{""name"":""polyline"",""all_points_x"":[231,215],""all_points_y"":[2328,2397]}",{}
40.png,28311606,{},1362,261,"{""name"":""polyline"",""all_points_x"":[437,426],""all_points_y"":[1555,1600]}",{}
40.png,28311606,{},1362,262,"{""name"":""polyline"",""all_points_x"":[808,843],""all_points_y"":[2194,2257]}",{}
40.png,28311606,{},1362,263,"{""name"":""polyline"",""all_points_x"":[265,268],""all_points_y"":[2206,2263]}",{}
40.png,28311606,{},1362,264,"{""name"":""polygon"",""all_points_x"":[12,17,8,1,1],""all_points_y"":[2158,2161,2178,2188,2179]}",{}
40.png,28311606,{},1362,265,"{""name"":""polyline"",""all_points_x"":[479,492],""all_points_y"":[1959,1999]}",{}
40.png,28311606,{},1362,266,"{""name"":""polygon"",""all_points_x"":[545,561,583,586,568,550],""all_points_y"":[2155,2173,2188,2182,2169,2153]}",{}
40.png,28311606,{},1362,267,"{""name"":""polygon"",""all_points_x"":[543,555,578,575,553,543],""all_points_y"":[2160,2169,2186,2192,2174,2163]}",{}
40.png,28311606,{},1362,268,"{""name"":""polygon"",""all_points_x"":[96,112,129,151,160,168,157,119,103],""all_points_y"":[3010,3026,3041,3063,3072,3072,3061,3024,3008]}",{}
40.png,28311606,{},1362,269,"{""name"":""polygon"",""all_points_x"":[197,208,218,230,250,267,292,302,297,275,245,218],""all_points_y"":[2918,2925,2901,2871,2836,2802,2762,2744,2743,2779,2831,2882]}",{}
40.png,28311606,{},1362,270,"{""name"":""polygon"",""all_points_x"":[265,299,321,350,389,399,408,397,367,320,296,273],""all_points_y"":[2855,2872,2881,2895,2912,2917,2918,2907,2895,2874,2863,2853]}",{}
40.png,28311606,{},1362,271,"{""name"":""polygon"",""all_points_x"":[459,448,415,420,433,451,466],""all_points_y"":[2765,2775,2809,2812,2803,2783,2766]}",{}
40.png,28311606,{},1362,272,"{""name"":""polygon"",""all_points_x"":[242,243,250,260,279,292,299,286,268,251,247],""all_points_y"":[2603,2616,2628,2639,2659,2675,2672,2657,2636,2616,2602]}",{}
40.png,28311606,{},1362,273,"{""name"":""polygon"",""all_points_x"":[84,94,91,81,75,70,70,67,65,68,71,75],""all_points_y"":[2622,2622,2604,2563,2522,2468,2437,2439,2475,2507,2545,2572]}",{}
40.png,28311606,{},1362,274,"{""name"":""polygon"",""all_points_x"":[134,139,153,182,216,266,316,362,407,434,430,377,306,235,182],""all_points_y"":[2625,2636,2626,2614,2602,2584,2569,2553,2538,2530,2527,2543,2565,2588,2605]}",{}
40.png,28311606,{},1362,275,"{""name"":""polygon"",""all_points_x"":[575,581,584,595,603,613,621,626,624,616,604,588],""all_points_y"":[2539,2541,2528,2481,2435,2388,2339,2310,2310,2345,2410,2480]}",{}
40.png,28311606,{},1362,276,"{""name"":""polygon"",""all_points_x"":[538,544,542,540,537,534,534],""all_points_y"":[2518,2517,2498,2464,2426,2428,2454]}",{}
40.png,28311606,{},1362,277,"{""name"":""polygon"",""all_points_x"":[659,666,674,690,716,740,755,751],""all_points_y"":[2503,2507,2497,2476,2443,2412,2391,2390]}",{}
40.png,28311606,{},1362,278,"{""name"":""polyline"",""all_points_x"":[543,554,578],""all_points_y"":[2432,2452,2490]}",{}
40.png,28311606,{},1362,279,"{""name"":""polygon"",""all_points_x"":[684,690,699,713,731,748,757,754,739,722],""all_points_y"":[2593,2594,2571,2535,2495,2449,2422,2421,2460,2499]}",{}
40.png,28311606,{},1362,280,"{""name"":""polygon"",""all_points_x"":[684,689,697,710,724,729,724,714,696],""all_points_y"":[2528,2530,2516,2480,2448,2435,2435,2456,2504]}",{}
40.png,28311606,{},1362,281,"{""name"":""polygon"",""all_points_x"":[707,712,721,735,744,766,776,773,751,730,728],""all_points_y"":[2593,2596,2586,2566,2549,2521,2507,2506,2533,2559,2568]}",{}
40.png,28311606,{},1362,282,"{""name"":""polyline"",""all_points_x"":[520,539,581,607],""all_points_y"":[2545,2544,2541,2537]}",{}
40.png,28311606,{},1362,283,"{""name"":""polyline"",""all_points_x"":[275,269],""all_points_y"":[2981,3065]}",{}
40.png,28311606,{},1362,284,"{""name"":""polyline"",""all_points_x"":[390,311],""all_points_y"":[2955,3031]}",{}
40.png,28311606,{},1362,285,"{""name"":""polyline"",""all_points_x"":[567,580],""all_points_y"":[3049,2918]}",{}
40.png,28311606,{},1362,286,"{""name"":""polyline"",""all_points_x"":[569,578],""all_points_y"":[2959,3047]}",{}
40.png,28311606,{},1362,287,"{""name"":""polyline"",""all_points_x"":[680,632],""all_points_y"":[2981,3044]}",{}
40.png,28311606,{},1362,288,"{""name"":""polyline"",""all_points_x"":[724,698,660],""all_points_y"":[3005,3023,3056]}",{}
40.png,28311606,{},1362,289,"{""name"":""polyline"",""all_points_x"":[711,675],""all_points_y"":[3028,3045]}",{}
40.png,28311606,{},1362,290,"{""name"":""polyline"",""all_points_x"":[667,620],""all_points_y"":[2957,3040]}",{}
40.png,28311606,{},1362,291,"{""name"":""polyline"",""all_points_x"":[692,637],""all_points_y"":[2886,2909]}",{}
40.png,28311606,{},1362,292,"{""name"":""polyline"",""all_points_x"":[757,716],""all_points_y"":[2929,2957]}",{}
40.png,28311606,{},1362,293,"{""name"":""polyline"",""all_points_x"":[729,701],""all_points_y"":[2974,3014]}",{}
40.png,28311606,{},1362,294,"{""name"":""polygon"",""all_points_x"":[405,410,417,429,442,449,445,425],""all_points_y"":[3024,3026,3011,2983,2950,2931,2930,2975]}",{}
40.png,28311606,{},1362,295,"{""name"":""polygon"",""all_points_x"":[546,563,570,580,590,594,577,569,553],""all_points_y"":[2837,2844,2825,2791,2751,2734,2733,2760,2821]}",{}
40.png,28311606,{},1362,296,"{""name"":""polygon"",""all_points_x"":[590,588,602,627,649,684,712,735,736,706,651,604],""all_points_y"":[2772,2780,2785,2797,2806,2821,2833,2844,2840,2828,2802,2780]}",{}
40.png,28311606,{},1362,297,"{""name"":""polyline"",""all_points_x"":[760,729,704,676],""all_points_y"":[2741,2771,2804,2846]}",{}
40.png,28311606,{},1362,298,"{""name"":""polygon"",""all_points_x"":[474,481,478,478,472,464,458,467,471],""all_points_y"":[2762,2761,2733,2711,2666,2638,2644,2696,2726]}",{}
40.png,28311606,{},1362,299,"{""name"":""polygon"",""all_points_x"":[495,497,508,503,501,500,496,490,491],""all_points_y"":[2726,2752,2752,2724,2684,2646,2623,2627,2649]}",{}
40.png,28311606,{},1362,300,"{""name"":""polygon"",""all_points_x"":[674,681,691,706,722,736,748,754,745,735,710,691,678],""all_points_y"":[2589,2603,2615,2643,2669,2690,2704,2696,2688,2678,2641,2606,2585]}",{}
40.png,28311606,{},1362,301,"{""name"":""polygon"",""all_points_x"":[762,756,749,741,748,750,758,766,766,762],""all_points_y"":[2570,2592,2618,2655,2650,2639,2604,2570,2564,2566]}",{}
40.png,28311606,{},1362,302,"{""name"":""polyline"",""all_points_x"":[835,822],""all_points_y"":[2679,2751]}",{}
40.png,28311606,{},1362,303,"{""name"":""polyline"",""all_points_x"":[841,801],""all_points_y"":[2641,2700]}",{}
40.png,28311606,{},1362,304,"{""name"":""polygon"",""all_points_x"":[694,705,716,722,728,718,711,708,695],""all_points_y"":[2660,2672,2697,2709,2706,2687,2671,2665,2655]}",{}
40.png,28311606,{},1362,305,"{""name"":""polygon"",""all_points_x"":[792,801,812,818,826,820,813,802,795],""all_points_y"":[2552,2580,2618,2651,2648,2626,2602,2572,2550]}",{}
40.png,28311606,{},1362,306,"{""name"":""polygon"",""all_points_x"":[802,807,812,818,820,810,805],""all_points_y"":[2554,2573,2596,2617,2611,2572,2555]}",{}
40.png,28311606,{},1362,307,"{""name"":""polygon"",""all_points_x"":[795,787,774,778,790,798,799],""all_points_y"":[2452,2483,2527,2528,2489,2464,2451]}",{}
40.png,28311606,{},1362,308,"{""name"":""polygon"",""all_points_x"":[838,843,842,843,850,851,850,849,842],""all_points_y"":[2453,2466,2485,2513,2513,2497,2474,2463,2450]}",{}
40.png,28311606,{},1362,309,"{""name"":""polygon"",""all_points_x"":[835,833,833,838,838,839],""all_points_y"":[2443,2459,2483,2481,2460,2443]}",{}
40.png,28311606,{},1362,310,"{""name"":""polygon"",""all_points_x"":[110,99,92,88,92,97,101,107,114],""all_points_y"":[2280,2304,2333,2368,2368,2345,2314,2296,2283]}",{}
40.png,28311606,{},1362,311,"{""name"":""polyline"",""all_points_x"":[194,251],""all_points_y"":[2163,2159]}",{}
40.png,28311606,{},1362,312,"{""name"":""polyline"",""all_points_x"":[506,539,549,564],""all_points_y"":[2238,2276,2283,2302]}",{}
40.png,28311606,{},1362,313,"{""name"":""polygon"",""all_points_x"":[832,836,839,841,839,846,846,848,845,843,840,836],""all_points_y"":[2906,2917,2942,2978,2994,2996,2982,2973,2954,2937,2920,2904]}",{}
40.png,28311606,{},1362,314,"{""name"":""polygon"",""all_points_x"":[785,789,799,822,842,868,864,837,804],""all_points_y"":[2350,2351,2340,2318,2296,2273,2270,2296,2328]}",{}
40.png,28311606,{},1362,315,"{""name"":""polyline"",""all_points_x"":[720,762],""all_points_y"":[125,209]}",{}
40.png,28311606,{},1362,316,"{""name"":""polyline"",""all_points_x"":[794,771,769],""all_points_y"":[172,192,226]}",{}
40.png,28311606,{},1362,317,"{""name"":""polyline"",""all_points_x"":[13,42,78],""all_points_y"":[701,715,730]}",{}
40.png,28311606,{},1362,318,"{""name"":""polyline"",""all_points_x"":[286,352],""all_points_y"":[702,783]}",{}
40.png,28311606,{},1362,319,"{""name"":""polyline"",""all_points_x"":[589,592,593,583],""all_points_y"":[2654,2684,2700,2733]}",{}
40.png,28311606,{},1362,320,"{""name"":""polyline"",""all_points_x"":[586,592,589,594],""all_points_y"":[2554,2580,2598,2619]}",{}
40.png,28311606,{},1362,321,"{""name"":""polyline"",""all_points_x"":[617,619,616],""all_points_y"":[2538,2562,2607]}",{}
40.png,28311606,{},1362,322,"{""name"":""polyline"",""all_points_x"":[24,23],""all_points_y"":[2614,2672]}",{}
40.png,28311606,{},1362,323,"{""name"":""polyline"",""all_points_x"":[26,29],""all_points_y"":[2631,2670]}",{}
40.png,28311606,{},1362,324,"{""name"":""polyline"",""all_points_x"":[57,55],""all_points_y"":[2618,2665]}",{}
40.png,28311606,{},1362,325,"{""name"":""polyline"",""all_points_x"":[788,768,745,712],""all_points_y"":[2579,2606,2622,2633]}",{}
40.png,28311606,{},1362,326,"{""name"":""polyline"",""all_points_x"":[568,576],""all_points_y"":[2675,2732]}",{}
40.png,28311606,{},1362,327,"{""name"":""polygon"",""all_points_x"":[724,726,744,776,809,850,884,910,956,989,989,925,872,779],""all_points_y"":[411,420,422,427,433,442,448,452,459,463,459,450,441,421]}",{}
40.png,28311606,{},1362,328,"{""name"":""polygon"",""all_points_x"":[690,689,713,767,795,834,863,887,916,916,850,780,745],""all_points_y"":[374,380,386,396,399,406,411,415,421,416,403,392,386]}",{}
40.png,28311606,{},1362,329,"{""name"":""polygon"",""all_points_x"":[739,740,754,784,836,869,896,921,950,974,973,937,908,884,832],""all_points_y"":[398,403,402,399,393,388,387,385,379,376,373,378,382,382,389]}",{}
40.png,28311606,{},1362,330,"{""name"":""polygon"",""all_points_x"":[750,753,767,782,801,823,850,870,871,852,822,792,766,755],""all_points_y"":[476,477,473,473,471,467,462,459,457,457,463,468,470,471]}",{}
40.png,28311606,{},1362,331,"{""name"":""polygon"",""all_points_x"":[694,710,721,737,758,774,793,818,847,862,871,891,891,863,833,771,747,702],""all_points_y"":[425,430,432,434,438,442,445,449,451,454,456,461,457,450,447,436,430,423]}",{}
40.png,28311606,{},1362,332,"{""name"":""polygon"",""all_points_x"":[617,630,668,671,645,625],""all_points_y"":[389,399,433,428,405,388]}",{}
40.png,28311606,{},1362,333,"{""name"":""polyline"",""all_points_x"":[1016,1041,1060],""all_points_y"":[9,13,18]}",{}
40.png,28311606,{},1362,334,"{""name"":""polyline"",""all_points_x"":[899,913,948],""all_points_y"":[42,60,92]}",{}
40.png,28311606,{},1362,335,"{""name"":""polyline"",""all_points_x"":[836,885],""all_points_y"":[111,154]}",{}
40.png,28311606,{},1362,336,"{""name"":""polyline"",""all_points_x"":[921,977],""all_points_y"":[146,167]}",{}
40.png,28311606,{},1362,337,"{""name"":""polygon"",""all_points_x"":[998,995,1003,1031,1065,1086,1116,1117,1099,1080,1048,1031],""all_points_y"":[49,54,62,78,96,106,120,115,107,99,81,71]}",{}
40.png,28311606,{},1362,338,"{""name"":""polygon"",""all_points_x"":[1079,1098,1120,1139,1152,1160,1146,1118,1104,1082],""all_points_y"":[129,149,170,192,203,196,184,160,147,127]}",{}
40.png,28311606,{},1362,339,"{""name"":""polygon"",""all_points_x"":[1115,1122,1131,1150,1169,1193,1210,1206,1170,1151,1132],""all_points_y"":[246,251,242,220,200,171,155,152,189,211,231]}",{}
40.png,28311606,{},1362,340,"{""name"":""polygon"",""all_points_x"":[1146,1155,1162,1169,1185,1200,1214,1222,1232,1227,1219,1207,1190],""all_points_y"":[378,380,368,347,309,277,244,220,191,191,213,246,284]}",{}
40.png,28311606,{},1362,341,"{""name"":""polygon"",""all_points_x"":[1065,1074,1083,1103,1124,1152,1153,1150,1141,1109,1077],""all_points_y"":[377,386,372,344,312,272,266,266,280,321,364]}",{}
40.png,28311606,{},1362,342,"{""name"":""polygon"",""all_points_x"":[1399,1412,1437,1470,1507,1541,1591,1627,1663,1690,1733,1777,1768,1746,1659,1584,1486,1437,1397],""all_points_y"":[163,172,185,202,221,242,272,296,317,333,358,381,390,376,328,280,219,192,171]}",{}
40.png,28311606,{},1362,343,"{""name"":""polygon"",""all_points_x"":[1561,1561,1564,1568,1573,1570,1566,1564],""all_points_y"":[147,167,195,224,223,204,169,146]}",{}
40.png,28311606,{},1362,344,"{""name"":""polygon"",""all_points_x"":[1398,1401,1418,1442,1471,1493,1493,1471,1436],""all_points_y"":[26,35,32,31,29,29,24,22,25]}",{}
40.png,28311606,{},1362,345,"{""name"":""polygon"",""all_points_x"":[1521,1534,1552,1569,1587,1606,1607,1591,1559,1539,1523],""all_points_y"":[37,44,56,69,79,93,85,75,55,42,34]}",{}
40.png,28311606,{},1362,346,"{""name"":""polygon"",""all_points_x"":[1295,1306,1327,1353,1372,1374,1354,1333,1313,1300],""all_points_y"":[103,104,119,137,145,141,131,116,104,96]}",{}
40.png,28311606,{},1362,347,"{""name"":""polyline"",""all_points_x"":[1319,1338,1362,1385],""all_points_y"":[129,133,143,151]}",{}
40.png,28311606,{},1362,348,"{""name"":""polyline"",""all_points_x"":[1001,1095],""all_points_y"":[293,314]}",{}
40.png,28311606,{},1362,349,"{""name"":""polyline"",""all_points_x"":[1095,1144],""all_points_y"":[171,210]}",{}
40.png,28311606,{},1362,350,"{""name"":""polyline"",""all_points_x"":[1212,1229,1271],""all_points_y"":[463,447,417]}",{}
40.png,28311606,{},1362,351,"{""name"":""polyline"",""all_points_x"":[1015,1025,1043],""all_points_y"":[336,345,357]}",{}
40.png,28311606,{},1362,352,"{""name"":""polygon"",""all_points_x"":[1066,1078,1091,1106,1112,1103,1092,1081,1068],""all_points_y"":[435,440,453,473,470,456,442,437,433]}",{}
40.png,28311606,{},1362,353,"{""name"":""polyline"",""all_points_x"":[1178,1097],""all_points_y"":[585,663]}",{}
40.png,28311606,{},1362,354,"{""name"":""polyline"",""all_points_x"":[968,1003,1043,1092],""all_points_y"":[687,682,681,680]}",{}
40.png,28311606,{},1362,355,"{""name"":""polygon"",""all_points_x"":[1106,1109,1127,1162,1188,1207,1204,1181,1153],""all_points_y"":[664,668,662,650,642,635,631,639,647]}",{}
40.png,28311606,{},1362,356,"{""name"":""polygon"",""all_points_x"":[1241,1242,1256,1280,1321,1349,1383,1405,1404,1362,1301],""all_points_y"":[689,695,694,691,686,682,678,675,671,678,684]}",{}
40.png,28311606,{},1362,357,"{""name"":""polyline"",""all_points_x"":[1202,1264],""all_points_y"":[618,617]}",{}
40.png,28311606,{},1362,358,"{""name"":""polyline"",""all_points_x"":[1234,1201],""all_points_y"":[583,615]}",{}
40.png,28311606,{},1362,359,"{""name"":""polygon"",""all_points_x"":[913,942,969,1008,1035,1039,1020,980,943,919],""all_points_y"":[611,620,627,638,646,641,635,624,615,609]}",{}
40.png,28311606,{},1362,360,"{""name"":""polygon"",""all_points_x"":[833,836,849,866,893,912,924,921,896],""all_points_y"":[708,714,712,708,702,698,696,690,695]}",{}
40.png,28311606,{},1362,361,"{""name"":""polygon"",""all_points_x"":[882,887,900,928,954,952,932,921],""all_points_y"":[708,710,702,685,669,665,677,685]}",{}
40.png,28311606,{},1362,362,"{""name"":""polygon"",""all_points_x"":[1086,1089,1097,1120,1139,1154,1183,1187,1176,1146,1124,1097],""all_points_y"":[772,775,773,763,757,755,752,749,749,751,757,766]}",{}
40.png,28311606,{},1362,363,"{""name"":""polygon"",""all_points_x"":[1177,1180,1189,1209,1232,1252,1274,1289,1291,1274,1238,1226,1213,1197,1187],""all_points_y"":[842,846,836,818,807,807,808,811,807,804,801,801,809,820,828]}",{}
40.png,28311606,{},1362,364,"{""name"":""polygon"",""all_points_x"":[1074,1076,1091,1116,1131,1144,1146,1168,1199,1225,1224,1205,1171,1149,1140,1114],""all_points_y"":[810,814,810,803,799,797,793,785,780,774,770,774,780,785,793,798]}",{}
40.png,28311606,{},1362,365,"{""name"":""polygon"",""all_points_x"":[961,966,975,987,997,1015,1033,1046,1049,1042,1022,1004,991],""all_points_y"":[850,854,855,856,858,864,873,878,876,872,863,855,852]}",{}
40.png,28311606,{},1362,366,"{""name"":""polygon"",""all_points_x"":[1033,1032,1044,1057,1069,1081,1097,1097,1074],""all_points_y"":[818,820,831,839,850,858,870,866,848]}",{}
40.png,28311606,{},1362,367,"{""name"":""polygon"",""all_points_x"":[792,797,811,841,863,886,912,934,963,995,992,979,928,896,874,839,818],""all_points_y"":[1077,1081,1072,1050,1031,1010,988,971,946,921,918,928,968,992,1012,1043,1056]}",{}
40.png,28311606,{},1362,368,"{""name"":""polygon"",""all_points_x"":[1106,1110,1112,1116,1118,1123,1129,1135,1131,1125,1120,1114,1111],""all_points_y"":[984,984,971,934,904,869,838,799,799,828,849,901,930]}",{}
40.png,28311606,{},1362,369,"{""name"":""polygon"",""all_points_x"":[1094,1099,1107,1129,1152,1171,1199,1208,1210,1206,1197,1143,1120,1108],""all_points_y"":[1027,1032,1023,1001,973,945,911,899,891,892,906,973,1000,1014]}",{}
40.png,28311606,{},1362,370,"{""name"":""polygon"",""all_points_x"":[838,840,844,846,849,862,868,877,888,882,871,851],""all_points_y"":[1100,1109,1110,1097,1073,1036,1006,973,936,935,978,1050]}",{}
40.png,28311606,{},1362,371,"{""name"":""polygon"",""all_points_x"":[877,879,891,920,955,989,1023,1060,1096,1134,1134,1106,1067,1026,976,928],""all_points_y"":[1071,1080,1077,1074,1073,1074,1075,1077,1081,1087,1083,1079,1073,1069,1066,1067]}",{}
40.png,28311606,{},1362,372,"{""name"":""polygon"",""all_points_x"":[848,851,864,888,907,926,948,967,992,1017,1039,1061,1078,1088,1088,1067,1014,968,936,906,868],""all_points_y"":[1122,1127,1129,1126,1125,1127,1132,1137,1143,1149,1154,1159,1166,1167,1165,1157,1143,1133,1124,1120,1120]}",{}
40.png,28311606,{},1362,373,"{""name"":""polygon"",""all_points_x"":[1086,1089,1075,1059,1035,1002,1000,1021,1040],""all_points_y"":[1109,1115,1120,1124,1130,1139,1131,1126,1122]}",{}
40.png,28311606,{},1362,374,"{""name"":""polygon"",""all_points_x"":[968,972,987,1018,1042,1067,1068,1045,1024,1000],""all_points_y"":[1106,1112,1106,1094,1085,1079,1071,1076,1083,1091]}",{}
40.png,28311606,{},1362,375,"{""name"":""polygon"",""all_points_x"":[870,873,888,910,932,957,1003,998,963,903,885],""all_points_y"":[1027,1030,1018,1002,985,965,925,924,953,1000,1013]}",{}
40.png,28311606,{},1362,376,"{""name"":""polygon"",""all_points_x"":[930,935,961,992,1025,1053,1085,1106,1131,1139,1141,1119,1082,1039,995,956],""all_points_y"":[1190,1198,1210,1222,1238,1251,1266,1276,1289,1294,1290,1277,1260,1238,1218,1201]}",{}
40.png,28311606,{},1362,377,"{""name"":""polygon"",""all_points_x"":[1021,1026,1052,1083,1125,1151,1189,1222,1241,1236,1199,1155,1123,1066],""all_points_y"":[1208,1210,1197,1181,1158,1146,1128,1117,1109,1107,1121,1139,1154,1183]}",{}
40.png,28311606,{},1362,378,"{""name"":""polygon"",""all_points_x"":[1146,1148,1166,1192,1216,1229,1224,1202],""all_points_y"":[1053,1056,1052,1047,1038,1033,1028,1039]}",{}
40.png,28311606,{},1362,379,"{""name"":""polygon"",""all_points_x"":[1453,1458,1476,1521,1563,1593,1637,1672,1700,1718,1732,1732,1708,1663,1631,1583,1534],""all_points_y"":[923,929,929,929,931,933,937,941,947,948,952,946,941,935,930,925,923]}",{}
40.png,28311606,{},1362,380,"{""name"":""polygon"",""all_points_x"":[783,804,834,864,866,841,816,786],""all_points_y"":[1395,1402,1411,1421,1415,1408,1400,1391]}",{}
40.png,28311606,{},1362,381,"{""name"":""polygon"",""all_points_x"":[810,817,834,852,870,892,893,867,836,818,812],""all_points_y"":[1374,1384,1406,1428,1446,1471,1467,1437,1399,1377,1370]}",{}
40.png,28311606,{},1362,382,"{""name"":""polygon"",""all_points_x"":[983,986,993,1016,1038,1063,1084,1093,1090,1070,1044],""all_points_y"":[1323,1326,1320,1296,1273,1247,1228,1222,1220,1235,1260]}",{}
40.png,28311606,{},1362,383,"{""name"":""polygon"",""all_points_x"":[956,960,970,993,1019,1046,1077,1107,1136,1155,1153,1128,1103,1061],""all_points_y"":[1375,1380,1373,1354,1330,1307,1281,1257,1236,1226,1223,1236,1254,1287]}",{}
40.png,28311606,{},1362,384,"{""name"":""polygon"",""all_points_x"":[1097,1100,1118,1153,1188,1227,1255,1268,1265,1229,1156,1107],""all_points_y"":[1235,1240,1229,1213,1199,1185,1176,1171,1168,1179,1205,1228]}",{}
40.png,28311606,{},1362,385,"{""name"":""polygon"",""all_points_x"":[947,954,973,1003,1033,1060,1096,1126,1150,1160,1157,1119,1065],""all_points_y"":[1444,1451,1437,1416,1397,1378,1358,1338,1325,1318,1314,1335,1367]}",{}
40.png,28311606,{},1362,386,"{""name"":""polygon"",""all_points_x"":[885,905,940,962,987,1011,1013,1004,979,959,931,910,890],""all_points_y"":[1423,1434,1453,1464,1480,1494,1490,1483,1467,1456,1440,1430,1416]}",{}
40.png,28311606,{},1362,387,"{""name"":""polygon"",""all_points_x"":[957,962,983,1005,1038,1079,1109,1129,1122,1099,1053,1015,997],""all_points_y"":[1463,1468,1460,1448,1428,1405,1385,1372,1371,1384,1411,1433,1443]}",{}
40.png,28311606,{},1362,388,"{""name"":""polygon"",""all_points_x"":[989,993,1004,1030,1062,1099,1131,1161,1158,1117,1061,1012],""all_points_y"":[1529,1534,1523,1500,1478,1451,1430,1411,1409,1435,1471,1507]}",{}
40.png,28311606,{},1362,389,"{""name"":""polygon"",""all_points_x"":[1293,1271,1245,1202,1166,1121,1094,1072,1076,1138,1166,1213,1266,1294],""all_points_y"":[1309,1323,1339,1367,1392,1424,1445,1463,1464,1419,1397,1364,1330,1312]}",{}
40.png,28311606,{},1362,390,"{""name"":""polygon"",""all_points_x"":[1092,1096,1117,1144,1165,1165,1142],""all_points_y"":[1433,1438,1424,1406,1391,1387,1402]}",{}
40.png,28311606,{},1362,391,"{""name"":""polygon"",""all_points_x"":[1079,1082,1093,1119,1122,1116,1104],""all_points_y"":[1482,1485,1476,1455,1450,1451,1460]}",{}
40.png,28311606,{},1362,392,"{""name"":""polygon"",""all_points_x"":[1127,1131,1147,1181,1210,1236,1262,1290,1318,1315,1284,1233],""all_points_y"":[1455,1459,1449,1429,1411,1395,1377,1360,1341,1340,1359,1391]}",{}
40.png,28311606,{},1362,393,"{""name"":""polygon"",""all_points_x"":[1244,1228,1206,1197,1199,1214,1234,1248],""all_points_y"":[1351,1362,1377,1384,1387,1377,1363,1354]}",{}
40.png,28311606,{},1362,394,"{""name"":""polygon"",""all_points_x"":[821,842,874,881,857,840,828],""all_points_y"":[1704,1683,1656,1662,1681,1696,1709]}",{}
40.png,28311606,{},1362,395,"{""name"":""polygon"",""all_points_x"":[932,940,966,996,1016,1032,1026,1009,977,954],""all_points_y"":[1599,1606,1582,1554,1532,1517,1514,1532,1562,1583]}",{}
40.png,28311606,{},1362,396,"{""name"":""polygon"",""all_points_x"":[1030,1039,1052,1070,1101,1132,1158,1183,1206,1213,1223,1220,1193,1161,1122],""all_points_y"":[1572,1580,1570,1555,1535,1516,1501,1487,1474,1472,1463,1461,1475,1493,1514]}",{}
40.png,28311606,{},1362,397,"{""name"":""polygon"",""all_points_x"":[1092,1098,1125,1170,1203,1211,1206,1186,1124],""all_points_y"":[1525,1527,1511,1485,1465,1461,1460,1470,1505]}",{}
40.png,28311606,{},1362,398,"{""name"":""polygon"",""all_points_x"":[1236,1240,1245,1251,1257,1269,1280,1274,1262,1250],""all_points_y"":[1572,1577,1575,1527,1488,1442,1399,1398,1442,1498]}",{}
40.png,28311606,{},1362,399,"{""name"":""polygon"",""all_points_x"":[1404,1407,1411,1417,1421,1428,1427,1420,1412,1407],""all_points_y"":[1238,1265,1292,1321,1341,1338,1322,1306,1267,1240]}",{}
40.png,28311606,{},1362,400,"{""name"":""polygon"",""all_points_x"":[1383,1390,1400,1414,1433,1449,1468,1494,1512,1508,1479,1461,1429],""all_points_y"":[1354,1364,1349,1330,1303,1285,1265,1238,1218,1216,1244,1263,1299]}",{}
40.png,28311606,{},1362,401,"{""name"":""polyline"",""all_points_x"":[1561,1539,1512],""all_points_y"":[1024,1074,1125]}",{}
40.png,28311606,{},1362,402,"{""name"":""polyline"",""all_points_x"":[1561,1557],""all_points_y"":[1026,1101]}",{}
40.png,28311606,{},1362,403,"{""name"":""polyline"",""all_points_x"":[1411,1418],""all_points_y"":[954,1049]}",{}
40.png,28311606,{},1362,404,"{""name"":""polyline"",""all_points_x"":[1316,1347,1400],""all_points_y"":[1004,1003,1006]}",{}
40.png,28311606,{},1362,405,"{""name"":""polyline"",""all_points_x"":[1406,1373],""all_points_y"":[870,909]}",{}
40.png,28311606,{},1362,406,"{""name"":""polyline"",""all_points_x"":[1319,1346,1377],""all_points_y"":[789,778,771]}",{}
40.png,28311606,{},1362,407,"{""name"":""polyline"",""all_points_x"":[1317,1354,1390],""all_points_y"":[777,768,763]}",{}
40.png,28311606,{},1362,408,"{""name"":""polyline"",""all_points_x"":[1326,1370,1400],""all_points_y"":[765,760,758]}",{}
40.png,28311606,{},1362,409,"{""name"":""polyline"",""all_points_x"":[1267,1296,1311,1328,1357],""all_points_y"":[732,736,737,740,749]}",{}
40.png,28311606,{},1362,410,"{""name"":""polygon"",""all_points_x"":[1290,1303,1319,1329,1333,1320,1301,1292],""all_points_y"":[617,633,656,670,666,648,623,614]}",{}
40.png,28311606,{},1362,411,"{""name"":""polyline"",""all_points_x"":[1401,1400,1395,1380],""all_points_y"":[61,88,109,139]}",{}
40.png,28311606,{},1362,412,"{""name"":""polygon"",""all_points_x"":[1433,1450,1471,1499,1528,1561,1589,1614,1613,1593,1566,1541,1510,1484,1454,1430],""all_points_y"":[664,671,678,685,691,697,702,704,707,706,702,699,693,688,680,671]}",{}
40.png,28311606,{},1362,413,"{""name"":""polygon"",""all_points_x"":[1411,1427,1451,1483,1511,1532,1556,1579,1602,1625,1639,1639,1619,1597,1578,1546,1525,1500,1481,1448,1428,1412],""all_points_y"":[624,628,635,645,651,653,657,660,661,661,661,664,665,665,663,660,657,653,650,641,635,629]}",{}
40.png,28311606,{},1362,414,"{""name"":""polygon"",""all_points_x"":[1400,1401,1415,1438,1464,1481,1501,1526,1552,1578,1599,1623,1641,1639,1619,1581,1555,1527,1504,1485],""all_points_y"":[590,598,598,601,604,607,608,607,606,608,607,607,607,603,603,603,602,602,602,601]}",{}
40.png,28311606,{},1362,415,"{""name"":""polygon"",""all_points_x"":[1521,1535,1559,1586,1614,1624,1628,1616,1583,1543,1526],""all_points_y"":[223,230,244,257,273,274,268,266,250,229,221]}",{}
40.png,28311606,{},1362,416,"{""name"":""polygon"",""all_points_x"":[899,903,917,941,965,984,1000,1007,1005,988,962,932],""all_points_y"":[837,839,830,811,795,783,775,771,768,776,791,811]}",{}
40.png,28311606,{},1362,417,"{""name"":""polyline"",""all_points_x"":[882,913,976],""all_points_y"":[743,738,730]}",{}
40.png,28311606,{},1362,418,"{""name"":""polygon"",""all_points_x"":[966,969,987,1010,1037,1062,1061,1028],""all_points_y"":[735,741,741,739,737,734,730,733]}",{}
40.png,28311606,{},1362,419,"{""name"":""polygon"",""all_points_x"":[1296,1300,1309,1332,1361,1389,1413,1433,1429,1406,1373,1331],""all_points_y"":[1478,1481,1476,1457,1440,1422,1406,1395,1391,1405,1425,1451]}",{}
40.png,28311606,{},1362,420,"{""name"":""polygon"",""all_points_x"":[1291,1295,1304,1321,1344,1363,1383,1378,1360,1334],""all_points_y"":[1432,1435,1423,1397,1354,1325,1289,1288,1320,1360]}",{}
40.png,28311606,{},1362,421,"{""name"":""polygon"",""all_points_x"":[953,944,961,1003,1049,1079,1107,1146,1155,1153,1131,1078,1039,1010],""all_points_y"":[1769,1780,1779,1775,1767,1762,1756,1747,1746,1738,1743,1753,1760,1765]}",{}
40.png,28311606,{},1362,422,"{""name"":""polygon"",""all_points_x"":[1285,1291,1297,1315,1330,1352,1369,1383,1409,1434,1448,1459,1454,1436,1424,1400,1381,1363,1347,1326,1309],""all_points_y"":[1780,1787,1772,1729,1695,1652,1629,1608,1584,1567,1549,1529,1530,1556,1567,1581,1597,1625,1648,1688,1725]}",{}
40.png,28311606,{},1362,423,"{""name"":""polygon"",""all_points_x"":[1458,1439,1420,1405,1379,1386,1401,1411,1426,1444,1458],""all_points_y"":[1504,1517,1536,1560,1598,1598,1577,1562,1538,1522,1509]}",{}
40.png,28311606,{},1362,424,"{""name"":""polygon"",""all_points_x"":[1262,1267,1274,1287,1287,1295,1306,1309,1305,1295,1283,1275],""all_points_y"":[1794,1794,1776,1741,1730,1705,1671,1658,1656,1689,1725,1754]}",{}
40.png,28311606,{},1362,425,"{""name"":""polygon"",""all_points_x"":[1409,1394,1381,1361,1364,1376,1388,1398,1412],""all_points_y"":[1594,1613,1634,1668,1670,1652,1633,1614,1596]}",{}
40.png,28311606,{},1362,426,"{""name"":""polygon"",""all_points_x"":[1376,1382,1383,1382,1381,1377],""all_points_y"":[1689,1695,1680,1653,1630,1631]}",{}
40.png,28311606,{},1362,427,"{""name"":""polyline"",""all_points_x"":[1322,1316],""all_points_y"":[1551,1605]}",{}
40.png,28311606,{},1362,428,"{""name"":""polyline"",""all_points_x"":[1304,1293],""all_points_y"":[1547,1590]}",{}
40.png,28311606,{},1362,429,"{""name"":""polygon"",""all_points_x"":[1358,1363,1376,1394,1420,1443,1456,1454,1431,1399],""all_points_y"":[1410,1416,1407,1390,1369,1349,1338,1336,1353,1379]}",{}
40.png,28311606,{},1362,430,"{""name"":""polygon"",""all_points_x"":[1043,1049,1063,1085,1109,1122,1118,1100,1070],""all_points_y"":[1320,1325,1314,1299,1281,1269,1266,1279,1300]}",{}
40.png,28311606,{},1362,431,"{""name"":""polygon"",""all_points_x"":[1193,1201,1179,1145,1135],""all_points_y"":[1206,1212,1228,1251,1249]}",{}
40.png,28311606,{},1362,432,"{""name"":""polyline"",""all_points_x"":[1181,1138],""all_points_y"":[1027,1049]}",{}
40.png,28311606,{},1362,433,"{""name"":""polyline"",""all_points_x"":[1133,1171],""all_points_y"":[1048,1023]}",{}
40.png,28311606,{},1362,434,"{""name"":""polyline"",""all_points_x"":[977,1016],""all_points_y"":[1443,1429]}",{}
40.png,28311606,{},1362,435,"{""name"":""polygon"",""all_points_x"":[1392,1400,1407,1420,1428,1441,1467,1478,1472,1460,1435,1416,1406],""all_points_y"":[1719,1724,1711,1686,1668,1640,1597,1579,1577,1597,1639,1675,1696]}",{}
40.png,28311606,{},1362,436,"{""name"":""polygon"",""all_points_x"":[996,1003,1010,1016,1026,1035,1044,1053,1063,1072,1077,1081,1079,1066,1053,1043,1033,1026,1006,1000],""all_points_y"":[1792,1810,1828,1842,1876,1910,1942,1982,2020,2058,2074,2074,2060,2011,1960,1916,1879,1853,1801,1787]}",{}
40.png,28311606,{},1362,437,"{""name"":""polygon"",""all_points_x"":[1157,1161,1175,1199,1208,1227,1268,1305,1337,1359,1357,1343,1306,1268,1225],""all_points_y"":[1986,1989,1981,1966,1958,1946,1921,1899,1884,1872,1869,1876,1893,1915,1941]}",{}
40.png,28311606,{},1362,438,"{""name"":""polygon"",""all_points_x"":[1017,1022,1024,1029,1033,1041,1048,1054,1058,1061,1064,1063,1057,1053,1042,1030],""all_points_y"":[1779,1779,1788,1807,1825,1857,1885,1916,1936,1957,1984,1995,1973,1942,1894,1830]}",{}
40.png,28311606,{},1362,439,"{""name"":""polygon"",""all_points_x"":[967,986,1008,1041,1057,1059,1047,1015,987,970],""all_points_y"":[1982,2003,2026,2059,2076,2072,2060,2028,1999,1980]}",{}
40.png,28311606,{},1362,440,"{""name"":""polygon"",""all_points_x"":[933,937,939,940,943,944,943,941,938],""all_points_y"":[1955,1969,1993,2019,2021,2005,1985,1967,1954]}",{}
40.png,28311606,{},1362,441,"{""name"":""polygon"",""all_points_x"":[1067,1072,1081,1091,1110,1131,1151,1146,1119,1097],""all_points_y"":[2123,2125,2117,2110,2095,2083,2069,2068,2085,2100]}",{}
40.png,28311606,{},1362,442,"{""name"":""polygon"",""all_points_x"":[1156,1163,1171,1184,1199,1211,1216,1231,1235,1223,1210,1186,1167,1159],""all_points_y"":[2013,2030,2046,2062,2089,2112,2129,2134,2126,2112,2093,2055,2025,2010]}",{}
40.png,28311606,{},1362,443,"{""name"":""polygon"",""all_points_x"":[947,960,971,985,995,1008,1013,1008,998,966,947],""all_points_y"":[2010,2028,2046,2062,2078,2100,2111,2112,2097,2048,2021]}",{}
40.png,28311606,{},1362,444,"{""name"":""polygon"",""all_points_x"":[1293,1295,1308,1338,1378,1409,1437,1468,1467,1440,1400,1361,1325],""all_points_y"":[1984,1989,1985,1969,1953,1943,1935,1927,1925,1930,1941,1954,1969]}",{}
40.png,28311606,{},1362,445,"{""name"":""polygon"",""all_points_x"":[1315,1320,1339,1366,1408,1447,1475,1491,1492,1471,1388,1352],""all_points_y"":[2009,2022,2017,2009,1995,1984,1979,1975,1967,1973,1993,2002]}",{}
40.png,28311606,{},1362,446,"{""name"":""polyline"",""all_points_x"":[1430,1368],""all_points_y"":[1951,1995]}",{}
40.png,28311606,{},1362,447,"{""name"":""polygon"",""all_points_x"":[888,872,854,842,847,858,870,887,893],""all_points_y"":[1813,1831,1855,1873,1875,1862,1844,1823,1814]}",{}
40.png,28311606,{},1362,448,"{""name"":""polygon"",""all_points_x"":[1180,1162,1142,1146,1157,1173,1184],""all_points_y"":[1913,1934,1959,1962,1949,1928,1915]}",{}
40.png,28311606,{},1362,449,"{""name"":""polygon"",""all_points_x"":[1309,1313,1323,1337,1355,1373,1386,1397,1392,1383,1374,1358,1340],""all_points_y"":[2059,2068,2062,2056,2053,2053,2053,2050,2043,2046,2048,2047,2050]}",{}
40.png,28311606,{},1362,450,"{""name"":""polygon"",""all_points_x"":[1204,1217,1230,1248,1253,1240,1221,1206],""all_points_y"":[2170,2187,2202,2223,2219,2206,2184,2167]}",{}
40.png,28311606,{},1362,451,"{""name"":""polygon"",""all_points_x"":[1158,1166,1173,1182,1184,1190,1186,1179,1170,1162],""all_points_y"":[2171,2193,2214,2240,2247,2245,2234,2214,2189,2169]}",{}
40.png,28311606,{},1362,452,"{""name"":""polygon"",""all_points_x"":[1136,1138,1147,1161,1185,1204,1230,1240,1237,1214,1186,1162,1152],""all_points_y"":[2216,2221,2217,2210,2194,2183,2168,2164,2162,2174,2188,2203,2209]}",{}
40.png,28311606,{},1362,453,"{""name"":""polygon"",""all_points_x"":[1132,1134,1137,1142,1146,1148,1156,1162,1156,1152,1145,1138,1136],""all_points_y"":[2148,2167,2187,2208,2225,2237,2259,2254,2239,2224,2197,2168,2149]}",{}
40.png,28311606,{},1362,454,"{""name"":""polygon"",""all_points_x"":[935,940,946,959,975,987,983,973,957],""all_points_y"":[2304,2306,2295,2255,2218,2193,2192,2213,2248]}",{}
40.png,28311606,{},1362,455,"{""name"":""polygon"",""all_points_x"":[899,899,903,906,910,915,927,932,926,918,911,903],""all_points_y"":[2270,2280,2291,2303,2321,2340,2371,2367,2355,2335,2308,2280]}",{}
40.png,28311606,{},1362,456,"{""name"":""polygon"",""all_points_x"":[1041,1046,1056,1066,1097,1124,1146,1143,1109,1080],""all_points_y"":[2308,2314,2309,2301,2287,2277,2269,2266,2278,2289]}",{}
40.png,28311606,{},1362,457,"{""name"":""polygon"",""all_points_x"":[868,884,895,901,893,880,872],""all_points_y"":[2300,2324,2344,2342,2330,2311,2297]}",{}
40.png,28311606,{},1362,458,"{""name"":""polygon"",""all_points_x"":[1098,1100,1113,1132,1155,1183,1203,1221,1254,1269,1270,1247,1218,1197,1178],""all_points_y"":[2334,2339,2344,2349,2354,2362,2370,2378,2389,2395,2391,2382,2371,2361,2356]}",{}
40.png,28311606,{},1362,459,"{""name"":""polygon"",""all_points_x"":[954,951,950,951,951,954,959,964,964,958,956,955,956,956],""all_points_y"":[2316,2336,2364,2386,2407,2432,2479,2478,2472,2422,2397,2378,2328,2315]}",{}
40.png,28311606,{},1362,460,"{""name"":""polygon"",""all_points_x"":[1267,1271,1281,1300,1317,1344,1340,1320,1288],""all_points_y"":[2304,2308,2304,2299,2295,2288,2285,2291,2296]}",{}
40.png,28311606,{},1362,461,"{""name"":""polygon"",""all_points_x"":[1146,1156,1170,1188,1203,1209,1193,1175,1146],""all_points_y"":[2059,2078,2095,2118,2136,2129,2106,2084,2049]}",{}
40.png,28311606,{},1362,462,"{""name"":""polygon"",""all_points_x"":[1290,1294,1305,1321,1342,1367,1378,1396,1409,1404,1381,1369,1336,1309],""all_points_y"":[2189,2193,2186,2174,2155,2133,2124,2113,2105,2101,2118,2125,2153,2177]}",{}
40.png,28311606,{},1362,463,"{""name"":""polygon"",""all_points_x"":[1293,1295,1309,1338,1368,1402,1421,1448,1457,1455,1429,1392,1356,1308],""all_points_y"":[2183,2187,2179,2151,2123,2094,2077,2057,2050,2047,2065,2096,2127,2171]}",{}
40.png,28311606,{},1362,464,"{""name"":""polygon"",""all_points_x"":[1348,1351,1362,1379,1386,1382],""all_points_y"":[2127,2130,2117,2097,2087,2085]}",{}
40.png,28311606,{},1362,465,"{""name"":""polygon"",""all_points_x"":[1361,1366,1378,1405,1440,1436,1403,1391],""all_points_y"":[2066,2071,2062,2037,2015,2011,2030,2039]}",{}
40.png,28311606,{},1362,466,"{""name"":""polygon"",""all_points_x"":[982,991,990,987,988,990,984,983,981],""all_points_y"":[2333,2332,2307,2271,2238,2209,2209,2236,2266]}",{}
40.png,28311606,{},1362,467,"{""name"":""polygon"",""all_points_x"":[911,914,921,927,933,935,941,938,934,931,927,918,914],""all_points_y"":[2170,2189,2219,2237,2273,2299,2295,2277,2249,2234,2224,2188,2170]}",{}
40.png,28311606,{},1362,468,"{""name"":""polygon"",""all_points_x"":[1059,1063,1070,1076,1081,1079,1072,1063],""all_points_y"":[2202,2222,2245,2270,2270,2259,2234,2202]}",{}
40.png,28311606,{},1362,469,"{""name"":""polygon"",""all_points_x"":[1353,1356,1372,1396,1429,1442,1440,1401],""all_points_y"":[2162,2166,2159,2150,2139,2134,2130,2143]}",{}
40.png,28311606,{},1362,470,"{""name"":""polygon"",""all_points_x"":[1351,1356,1370,1390,1419,1451,1465,1465,1427,1393,1363],""all_points_y"":[2151,2158,2152,2144,2136,2127,2125,2121,2127,2136,2146]}",{}
40.png,28311606,{},1362,471,"{""name"":""polygon"",""all_points_x"":[1579,1588,1607,1610,1621,1617,1587,1576],""all_points_y"":[378,388,411,416,431,434,395,380]}",{}
40.png,28311606,{},1362,472,"{""name"":""polyline"",""all_points_x"":[1415,1382],""all_points_y"":[882,912]}",{}
40.png,28311606,{},1362,473,"{""name"":""polyline"",""all_points_x"":[1571,1494],""all_points_y"":[860,906]}",{}
40.png,28311606,{},1362,474,"{""name"":""polyline"",""all_points_x"":[1601,1476],""all_points_y"":[901,922]}",{}
40.png,28311606,{},1362,475,"{""name"":""polygon"",""all_points_x"":[1427,1434,1443,1456,1465,1461],""all_points_y"":[967,971,961,940,922,921]}",{}
40.png,28311606,{},1362,476,"{""name"":""polygon"",""all_points_x"":[1158,1162,1163,1165,1166,1166,1158,1152,1148,1157,1161,1161,1160,1158],""all_points_y"":[972,971,982,990,1005,1013,1028,1036,1034,1020,1010,1001,986,980]}",{}
40.png,28311606,{},1362,477,"{""name"":""polygon"",""all_points_x"":[1370,1373,1389,1406,1429,1446,1463,1483,1501,1518,1535,1545,1548,1541,1529,1513,1492,1466,1450,1434,1409,1392],""all_points_y"":[1059,1063,1053,1042,1033,1029,1030,1033,1038,1041,1042,1049,1046,1039,1036,1035,1030,1024,1022,1026,1036,1045]}",{}
40.png,28311606,{},1362,478,"{""name"":""polygon"",""all_points_x"":[1612,1590,1596,1602,1616],""all_points_y"":[1000,1038,1041,1030,1004]}",{}
40.png,28311606,{},1362,479,"{""name"":""polyline"",""all_points_x"":[1414,1460],""all_points_y"":[1103,1122]}",{}
40.png,28311606,{},1362,480,"{""name"":""polyline"",""all_points_x"":[1577,1562,1526],""all_points_y"":[1333,1354,1437]}",{}
40.png,28311606,{},1362,481,"{""name"":""polyline"",""all_points_x"":[1482,1430],""all_points_y"":[1633,1684]}",{}
40.png,28311606,{},1362,482,"{""name"":""polygon"",""all_points_x"":[1421,1423,1428,1446,1464,1479,1476,1459,1441],""all_points_y"":[1484,1489,1483,1464,1444,1432,1428,1443,1461]}",{}
40.png,28311606,{},1362,483,"{""name"":""polygon"",""all_points_x"":[1394,1397,1398,1402,1408,1420,1440,1455,1452,1434,1412,1402,1397,1394],""all_points_y"":[1497,1498,1488,1475,1466,1455,1439,1429,1427,1440,1456,1468,1477,1489]}",{}
40.png,28311606,{},1362,484,"{""name"":""polygon"",""all_points_x"":[1419,1395,1400,1410,1438,1434],""all_points_y"":[1457,1489,1492,1476,1443,1441]}",{}
40.png,28311606,{},1362,485,"{""name"":""polygon"",""all_points_x"":[1540,1513,1497,1488,1493,1507,1521,1541,1548],""all_points_y"":[1868,1891,1903,1912,1914,1903,1893,1878,1872]}",{}
40.png,28311606,{},1362,486,"{""name"":""polygon"",""all_points_x"":[1182,1208,1244,1244,1213,1181],""all_points_y"":[1733,1727,1726,1730,1731,1738]}",{}
40.png,28311606,{},1362,487,"{""name"":""polygon"",""all_points_x"":[1519,1492,1468,1449,1429,1431,1455,1483,1513,1525],""all_points_y"":[2058,2068,2078,2086,2096,2099,2090,2077,2064,2060]}",{}
40.png,28311606,{},1362,488,"{""name"":""polygon"",""all_points_x"":[1569,1531,1510,1509,1524,1564,1572],""all_points_y"":[2067,2065,2064,2067,2068,2071,2071]}",{}
40.png,28311606,{},1362,489,"{""name"":""polygon"",""all_points_x"":[1470,1474,1483,1505,1531,1550,1574,1583,1581,1551,1512],""all_points_y"":[1986,1989,1983,1967,1948,1935,1920,1915,1912,1929,1955]}",{}
40.png,28311606,{},1362,490,"{""name"":""polygon"",""all_points_x"":[1442,1446,1462,1484,1502,1497],""all_points_y"":[1977,1980,1973,1960,1951,1945]}",{}
40.png,28311606,{},1362,491,"{""name"":""polygon"",""all_points_x"":[1505,1507,1518,1538,1557,1582,1606,1605,1587,1565,1537,1516],""all_points_y"":[2028,2031,2026,2017,2013,2008,2006,2002,2003,2006,2012,2021]}",{}
40.png,28311606,{},1362,492,"{""name"":""polygon"",""all_points_x"":[1490,1488,1495,1509,1524,1537,1546,1548,1534,1516,1502,1500],""all_points_y"":[2159,2163,2169,2183,2198,2212,2222,2219,2205,2186,2169,2167]}",{}
40.png,28311606,{},1362,493,"{""name"":""polygon"",""all_points_x"":[1414,1434,1456,1483,1480,1452,1435,1411],""all_points_y"":[2236,2246,2254,2263,2265,2257,2251,2240]}",{}
40.png,28311606,{},1362,494,"{""name"":""polygon"",""all_points_x"":[1308,1323,1340,1371,1398,1405,1403,1388,1380,1354,1323,1307],""all_points_y"":[2233,2239,2243,2251,2256,2258,2260,2257,2255,2249,2241,2237]}",{}
40.png,28311606,{},1362,495,"{""name"":""polygon"",""all_points_x"":[1192,1198,1198,1197,1198,1199,1201,1202,1204,1200,1198,1195,1193,1192],""all_points_y"":[2485,2486,2464,2435,2397,2374,2345,2312,2283,2284,2311,2371,2421,2442]}",{}
40.png,28311606,{},1362,496,"{""name"":""polygon"",""all_points_x"":[1046,1055,1061,1064,1072,1081,1085,1079,1073,1067],""all_points_y"":[2509,2515,2499,2475,2442,2414,2388,2387,2413,2442]}",{}
40.png,28311606,{},1362,497,"{""name"":""polygon"",""all_points_x"":[970,962,965,974,982,990,1000,1013,1025,1018,1011,985,970],""all_points_y"":[2340,2328,2326,2340,2362,2386,2413,2445,2465,2466,2451,2384,2341]}",{}
40.png,28311606,{},1362,498,"{""name"":""polygon"",""all_points_x"":[975,980,986,995,1006,1023,1033,1027,1017,998,978],""all_points_y"":[2421,2426,2421,2411,2396,2373,2362,2358,2369,2397,2418]}",{}
40.png,28311606,{},1362,499,"{""name"":""polygon"",""all_points_x"":[1011,1017,1009,998,989,976,972,972,980,992,1000],""all_points_y"":[2394,2392,2369,2333,2312,2298,2293,2300,2314,2337,2361]}",{}
40.png,28311606,{},1362,500,"{""name"":""polygon"",""all_points_x"":[989,995,995,998,994],""all_points_y"":[2374,2375,2357,2312,2312]}",{}
40.png,28311606,{},1362,501,"{""name"":""polygon"",""all_points_x"":[1057,1061,1058,1052,1045,1041,1038,1034,1037,1040,1045],""all_points_y"":[2436,2435,2425,2401,2376,2351,2323,2323,2347,2370,2391]}",{}
40.png,28311606,{},1362,502,"{""name"":""polygon"",""all_points_x"":[819,832,842,854,860,874,898,919,949,951,928,897,870,852,841,821],""all_points_y"":[2359,2371,2380,2393,2395,2404,2420,2432,2454,2446,2433,2413,2397,2385,2373,2356]}",{}
40.png,28311606,{},1362,503,"{""name"":""polygon"",""all_points_x"":[901,913,927,941,951,966,970,960,946,933,915,904],""all_points_y"":[2425,2444,2466,2488,2500,2526,2524,2507,2486,2467,2441,2424]}",{}
40.png,28311606,{},1362,504,"{""name"":""polygon"",""all_points_x"":[917,923,938,958,985,1013,1044,1069,1093,1095,1051,983,942],""all_points_y"":[2554,2568,2565,2556,2549,2542,2538,2534,2532,2524,2530,2543,2552]}",{}
40.png,28311606,{},1362,505,"{""name"":""polygon"",""all_points_x"":[931,946,962,989,1011,1036,1055,1052,1014,976,942,926],""all_points_y"":[2587,2600,2614,2637,2655,2675,2689,2694,2666,2633,2603,2588]}",{}
40.png,28311606,{},1362,506,"{""name"":""polygon"",""all_points_x"":[953,963,986,1007,1011,1015,1003,978,957],""all_points_y"":[2564,2579,2616,2645,2649,2646,2633,2597,2563]}",{}
40.png,28311606,{},1362,507,"{""name"":""polygon"",""all_points_x"":[1095,1099,1104,1111,1117,1122,1126,1123,1116,1106,1098,1098],""all_points_y"":[2375,2392,2414,2439,2459,2471,2471,2461,2440,2406,2377,2374]}",{}
40.png,28311606,{},1362,508,"{""name"":""polygon"",""all_points_x"":[1474,1479,1488,1499,1513,1524,1537,1531,1518,1507,1490],""all_points_y"":[2509,2513,2495,2472,2439,2406,2362,2361,2403,2436,2476]}",{}
40.png,28311606,{},1362,509,"{""name"":""polygon"",""all_points_x"":[1331,1333,1341,1356,1382,1395,1413,1431,1429,1398,1367,1348],""all_points_y"":[2398,2402,2398,2394,2387,2384,2378,2373,2370,2378,2386,2391]}",{}
40.png,28311606,{},1362,510,"{""name"":""polygon"",""all_points_x"":[1484,1487,1498,1518,1548,1570,1595,1591,1540,1516],""all_points_y"":[2317,2323,2319,2312,2299,2289,2279,2277,2296,2306]}",{}
40.png,28311606,{},1362,511,"{""name"":""polygon"",""all_points_x"":[1365,1368,1383,1416,1443,1436],""all_points_y"":[2177,2182,2177,2166,2154,2153]}",{}
40.png,28311606,{},1362,512,"{""name"":""polygon"",""all_points_x"":[1370,1372,1394,1441,1474,1507,1529,1529,1492,1456],""all_points_y"":[2169,2174,2167,2151,2140,2126,2117,2113,2128,2142]}",{}
40.png,28311606,{},1362,513,"{""name"":""polygon"",""all_points_x"":[1603,1606,1608,1611,1616,1621,1626,1623,1619,1614,1606],""all_points_y"":[2118,2127,2134,2145,2164,2182,2181,2170,2156,2141,2117]}",{}
40.png,28311606,{},1362,514,"{""name"":""polygon"",""all_points_x"":[1079,1087,1095,1099,1082],""all_points_y"":[2029,2048,2068,2064,2027]}",{}
40.png,28311606,{},1362,515,"{""name"":""polygon"",""all_points_x"":[1383,1386,1404,1436,1458,1456,1423],""all_points_y"":[2180,2184,2179,2171,2165,2162,2169]}",{}
40.png,28311606,{},1362,516,"{""name"":""polygon"",""all_points_x"":[1486,1478,1467,1463,1467,1475,1479,1484,1490],""all_points_y"":[2351,2366,2398,2405,2407,2400,2389,2367,2353]}",{}
40.png,28311606,{},1362,517,"{""name"":""polyline"",""all_points_x"":[1036,1081],""all_points_y"":[2263,2303]}",{}
40.png,28311606,{},1362,518,"{""name"":""polyline"",""all_points_x"":[1266,1290,1317,1338],""all_points_y"":[2271,2269,2266,2266]}",{}
40.png,28311606,{},1362,519,"{""name"":""polyline"",""all_points_x"":[1054,1071],""all_points_y"":[2391,2427]}",{}
40.png,28311606,{},1362,520,"{""name"":""polyline"",""all_points_x"":[969,994],""all_points_y"":[2469,2521]}",{}
40.png,28311606,{},1362,521,"{""name"":""polygon"",""all_points_x"":[1002,1006,1010,1015,1020,1018,1012,1006],""all_points_y"":[2201,2201,2214,2231,2239,2242,2236,2218]}",{}
40.png,28311606,{},1362,522,"{""name"":""polygon"",""all_points_x"":[1072,1083,1092,1103,1107,1099,1089,1076],""all_points_y"":[2131,2148,2159,2180,2177,2162,2146,2130]}",{}
40.png,28311606,{},1362,523,"{""name"":""polyline"",""all_points_x"":[1226,1257],""all_points_y"":[2402,2484]}",{}
40.png,28311606,{},1362,524,"{""name"":""polygon"",""all_points_x"":[1519,1534,1539,1524,1508,1476,1438,1403,1365,1351,1326,1312,1301,1270,1254,1251,1261,1278,1284,1311,1314,1312,1335,1353,1364,1374,1411,1444,1472,1498,1514],""all_points_y"":[2961,2964,2957,2938,2916,2877,2831,2791,2753,2742,2698,2680,2657,2595,2566,2569,2591,2626,2639,2694,2706,2715,2745,2766,2775,2780,2820,2858,2893,2927,2951]}",{}
40.png,28311606,{},1362,525,"{""name"":""polyline"",""all_points_x"":[1587,1601,1609],""all_points_y"":[2907,2968,3014]}",{}
40.png,28311606,{},1362,526,"{""name"":""polyline"",""all_points_x"":[1349,1422],""all_points_y"":[2579,2585]}",{}
40.png,28311606,{},1362,527,"{""name"":""polyline"",""all_points_x"":[1434,1422,1407,1392],""all_points_y"":[2173,2182,2188,2201]}",{}
40.png,28311606,{},1362,528,"{""name"":""polyline"",""all_points_x"":[1106,1132],""all_points_y"":[2273,2330]}",{}
40.png,28311606,{},1362,529,"{""name"":""polygon"",""all_points_x"":[1077,1082,1084,1085,1096,1094,1087,1080],""all_points_y"":[2213,2212,2222,2237,2253,2261,2253,2238]}",{}
40.png,28311606,{},1362,530,"{""name"":""polygon"",""all_points_x"":[1090,1094,1095,1098,1094],""all_points_y"":[2495,2495,2483,2458,2459]}",{}
40.png,28311606,{},1362,531,"{""name"":""polygon"",""all_points_x"":[1096,1100,1102,1100],""all_points_y"":[2501,2501,2462,2462]}",{}
40.png,28311606,{},1362,532,"{""name"":""polygon"",""all_points_x"":[1256,1266,1269,1277,1270,1262],""all_points_y"":[2419,2447,2455,2453,2436,2417]}",{}
40.png,28311606,{},1362,533,"{""name"":""polygon"",""all_points_x"":[1076,1082,1083,1081,1075,1069,1076],""all_points_y"":[2587,2586,2599,2621,2639,2634,2612]}",{}
40.png,28311606,{},1362,534,"{""name"":""polygon"",""all_points_x"":[1112,1122,1141,1145,1150,1136,1115],""all_points_y"":[2591,2603,2628,2635,2620,2605,2586]}",{}
40.png,28311606,{},1362,535,"{""name"":""polygon"",""all_points_x"":[1149,1159,1169,1175,1165,1154],""all_points_y"":[2588,2604,2626,2620,2603,2583]}",{}
40.png,28311606,{},1362,536,"{""name"":""polygon"",""all_points_x"":[1134,1146,1165,1191,1210,1235,1245,1247,1232,1193,1175,1156,1143],""all_points_y"":[2755,2769,2793,2822,2845,2875,2887,2882,2865,2817,2794,2771,2750]}",{}
40.png,28311606,{},1362,537,"{""name"":""polyline"",""all_points_x"":[1201,1205,1218,1242],""all_points_y"":[2720,2733,2769,2826]}",{}
40.png,28311606,{},1362,538,"{""name"":""polygon"",""all_points_x"":[1036,1042,1038,1032,1025,1017,1011,1000,997,1001,1006,1013,1021,1030],""all_points_y"":[3038,3038,3017,2986,2944,2893,2838,2758,2759,2794,2839,2896,2944,3002]}",{}
40.png,28311606,{},1362,539,"{""name"":""polygon"",""all_points_x"":[1044,1055,1059,1067,1073,1078,1076,1072,1058],""all_points_y"":[3007,3011,2994,2964,2937,2920,2912,2914,2968]}",{}
40.png,28311606,{},1362,540,"{""name"":""polygon"",""all_points_x"":[1014,1022,1015,1004,995,983,978,987],""all_points_y"":[3037,3034,3021,2992,2970,2941,2945,2966]}",{}
40.png,28311606,{},1362,541,"{""name"":""polygon"",""all_points_x"":[947,951,961,965,955,950],""all_points_y"":[2860,2877,2904,2902,2871,2858]}",{}
40.png,28311606,{},1362,542,"{""name"":""polygon"",""all_points_x"":[1175,1178,1187,1210,1230,1246,1240],""all_points_y"":[3003,3008,3003,2988,2974,2962,2958]}",{}
40.png,28311606,{},1362,543,"{""name"":""polygon"",""all_points_x"":[1144,1152,1168,1184,1202,1206,1197,1183,1170,1148],""all_points_y"":[2931,2939,2953,2966,2985,2982,2973,2958,2947,2929]}",{}
40.png,28311606,{},1362,544,"{""name"":""polygon"",""all_points_x"":[1155,1161,1164,1168,1174,1182,1186,1179,1170,1162],""all_points_y"":[2817,2816,2829,2844,2865,2887,2896,2897,2874,2848]}",{}
40.png,28311606,{},1362,545,"{""name"":""polygon"",""all_points_x"":[1178,1192,1228,1252,1259,1259,1246,1213,1184,1168,1168],""all_points_y"":[2950,2947,2943,2940,2939,2943,2946,2950,2954,2959,2956]}",{}
40.png,28311606,{},1362,546,"{""name"":""polygon"",""all_points_x"":[1388,1385,1378,1374,1381,1383,1387,1392,1392],""all_points_y"":[2929,2947,2974,2984,2987,2976,2958,2941,2930]}",{}
40.png,28311606,{},1362,547,"{""name"":""polyline"",""all_points_x"":[1402,1423],""all_points_y"":[2882,2969]}",{}
40.png,28311606,{},1362,548,"{""name"":""polygon"",""all_points_x"":[1612,1617,1619,1622,1626,1630,1631,1628,1624,1617],""all_points_y"":[3016,3020,3013,2993,2964,2941,2934,2933,2959,2994]}",{}
40.png,28311606,{},1362,549,"{""name"":""polyline"",""all_points_x"":[1557,1637],""all_points_y"":[2790,2815]}",{}
40.png,28311606,{},1362,550,"{""name"":""polyline"",""all_points_x"":[1641,1604,1582],""all_points_y"":[2738,2757,2766]}",{}
40.png,28311606,{},1362,551,"{""name"":""polyline"",""all_points_x"":[1424,1443,1454,1465,1472,1476,1474],""all_points_y"":[2813,2803,2793,2774,2762,2744,2719]}",{}
40.png,28311606,{},1362,552,"{""name"":""polyline"",""all_points_x"":[1387,1332,1311],""all_points_y"":[2797,2830,2838]}",{}
40.png,28311606,{},1362,553,"{""name"":""polyline"",""all_points_x"":[1300,1363],""all_points_y"":[2821,2793]}",{}
40.png,28311606,{},1362,554,"{""name"":""polyline"",""all_points_x"":[1279,1300,1327,1353],""all_points_y"":[2806,2806,2795,2779]}",{}
40.png,28311606,{},1362,555,"{""name"":""polyline"",""all_points_x"":[1272,1304,1345],""all_points_y"":[2774,2777,2783]}",{}
40.png,28311606,{},1362,556,"{""name"":""polyline"",""all_points_x"":[848,900],""all_points_y"":[2995,2989]}",{}
40.png,28311606,{},1362,557,"{""name"":""polyline"",""all_points_x"":[851,897],""all_points_y"":[2998,2998]}",{}
40.png,28311606,{},1362,558,"{""name"":""polygon"",""all_points_x"":[967,970,977,986,989,996,989,980,973,970],""all_points_y"":[2957,2974,2998,3030,3038,3032,3014,2986,2965,2955]}",{}
40.png,28311606,{},1362,559,"{""name"":""polygon"",""all_points_x"":[1256,1260,1265,1273,1279,1284,1291,1295,1287,1281,1274,1261,1259],""all_points_y"":[2860,2874,2884,2901,2918,2928,2940,2937,2920,2904,2890,2864,2858]}",{}
40.png,28311606,{},1362,560,"{""name"":""polygon"",""all_points_x"":[1083,1089,1092,1097,1102,1110,1107,1102,1088],""all_points_y"":[2860,2863,2851,2827,2806,2769,2769,2789,2844]}",{}
40.png,28311606,{},1362,561,"{""name"":""polygon"",""all_points_x"":[1329,1333,1346,1377,1394,1413,1435,1430,1408,1382],""all_points_y"":[2556,2562,2555,2539,2531,2519,2501,2499,2516,2530]}",{}
40.png,28311606,{},1362,562,"{""name"":""polygon"",""all_points_x"":[976,987,1001,1020,1042,1044,1023,1008,980],""all_points_y"":[2564,2574,2587,2606,2620,2611,2599,2587,2563]}",{}
40.png,28311606,{},1362,563,"{""name"":""polygon"",""all_points_x"":[758,770,780,791,796,785,770,762],""all_points_y"":[2617,2633,2649,2661,2656,2642,2622,2615]}",{}
40.png,28311606,{},1362,564,"{""name"":""polyline"",""all_points_x"":[1356,1352,1346,1333,1328,1321],""all_points_y"":[2585,2597,2607,2623,2630,2642]}",{}
40.png,28311606,{},1362,565,"{""name"":""polyline"",""all_points_x"":[1301,1306,1309,1308],""all_points_y"":[2555,2572,2596,2627]}",{}
40.png,28311606,{},1362,566,"{""name"":""polygon"",""all_points_x"":[1191,1200,1217,1229,1246,1252,1238,1218,1206,1195],""all_points_y"":[2552,2564,2590,2610,2634,2631,2612,2584,2566,2548]}",{}
40.png,28311606,{},1362,567,"{""name"":""polygon"",""all_points_x"":[1200,1208,1214,1224,1234,1239,1240,1232,1218,1215,1207],""all_points_y"":[2520,2535,2547,2562,2579,2585,2581,2571,2546,2535,2518]}",{}
40.png,28311606,{},1362,568,"{""name"":""polygon"",""all_points_x"":[1357,1377,1398,1427,1453,1452,1423,1398,1379,1367,1343,1351],""all_points_y"":[2554,2559,2563,2567,2571,2576,2571,2568,2564,2563,2565,2553]}",{}
40.png,28311606,{},1362,569,"{""name"":""polyline"",""all_points_x"":[1307,1314,1315,1316,1315,1318,1319],""all_points_y"":[2562,2577,2592,2607,2625,2638,2653]}",{}
40.png,28311606,{},1362,570,"{""name"":""polyline"",""all_points_x"":[1465,1431],""all_points_y"":[2517,2539]}",{}
40.png,28311606,{},1362,571,"{""name"":""polyline"",""all_points_x"":[1414,1392],""all_points_y"":[2485,2518]}",{}
40.png,28311606,{},1362,572,"{""name"":""polyline"",""all_points_x"":[879,896],""all_points_y"":[2418,2458]}",{}
40.png,28311606,{},1362,573,"{""name"":""polyline"",""all_points_x"":[1058,1064,1066,1074],""all_points_y"":[2323,2340,2358,2374]}",{}
40.png,28311606,{},1362,574,"{""name"":""polygon"",""all_points_x"":[1361,1364,1372,1386,1405,1403,1381,1369],""all_points_y"":[2268,2270,2265,2259,2252,2249,2257,2263]}",{}
40.png,28311606,{},1362,575,"{""name"":""polygon"",""all_points_x"":[1199,1196,1188,1188,1193,1196,1203,1203],""all_points_y"":[3014,3026,3042,3050,3050,3038,3023,3012]}",{}
40.png,28311606,{},1362,576,"{""name"":""polyline"",""all_points_x"":[851,862],""all_points_y"":[2693,2746]}",{}
40.png,28311606,{},1362,577,"{""name"":""polyline"",""all_points_x"":[853,899],""all_points_y"":[2760,2740]}",{}
40.png,28311606,{},1362,578,"{""name"":""polyline"",""all_points_x"":[1100,1100,1108],""all_points_y"":[2918,2937,2957]}",{}
40.png,28311606,{},1362,579,"{""name"":""polyline"",""all_points_x"":[1308,1312,1316],""all_points_y"":[2511,2551,2566]}",{}
40.png,28311606,{},1362,580,"{""name"":""polyline"",""all_points_x"":[1179,1200,1225,1241],""all_points_y"":[2479,2490,2498,2497]}",{}
40.png,28311606,{},1362,581,"{""name"":""polyline"",""all_points_x"":[1167,1168,1171],""all_points_y"":[2385,2410,2428]}",{}
40.png,28311606,{},1362,582,"{""name"":""polygon"",""all_points_x"":[1141,1146,1132,1126,1119,1129,1136],""all_points_y"":[2426,2434,2450,2459,2452,2445,2434]}",{}
40.png,28311606,{},1362,583,"{""name"":""polyline"",""all_points_x"":[1164,1238],""all_points_y"":[2280,2216]}",{}
40.png,28311606,{},1362,584,"{""name"":""polygon"",""all_points_x"":[1387,1419,1449,1448,1426,1401,1382],""all_points_y"":[2206,2209,2209,2218,2218,2217,2213]}",{}
40.png,28311606,{},1362,585,"{""name"":""polygon"",""all_points_x"":[1483,1462,1442,1408,1411,1429,1464,1484],""all_points_y"":[2187,2188,2190,2192,2197,2199,2194,2190]}",{}
40.png,28311606,{},1362,586,"{""name"":""polygon"",""all_points_x"":[1413,1383,1367,1372,1391,1414,1418],""all_points_y"":[1829,1848,1859,1862,1850,1835,1830]}",{}
40.png,28311606,{},1362,587,"{""name"":""polyline"",""all_points_x"":[1528,1516,1499],""all_points_y"":[1601,1616,1638]}",{}
40.png,28311606,{},1362,588,"{""name"":""polyline"",""all_points_x"":[1515,1493,1469],""all_points_y"":[1578,1595,1615]}",{}
40.png,28311606,{},1362,589,"{""name"":""polyline"",""all_points_x"":[1475,1459],""all_points_y"":[1596,1623]}",{}
40.png,28311606,{},1362,590,"{""name"":""polyline"",""all_points_x"":[1006,1042],""all_points_y"":[1398,1381]}",{}
40.png,28311606,{},1362,591,"{""name"":""polyline"",""all_points_x"":[873,931],""all_points_y"":[1392,1356]}",{}
40.png,28311606,{},1362,592,"{""name"":""polygon"",""all_points_x"":[1068,1071,1060,1044,1011,986,981,1009,1035],""all_points_y"":[1249,1252,1262,1271,1290,1306,1300,1285,1270]}",{}
40.png,28311606,{},1362,593,"{""name"":""polygon"",""all_points_x"":[1015,1019,1034,1053,1071,1103,1140,1162,1189,1210,1227,1262,1294,1331,1328,1296,1254,1218,1178,1103,1046],""all_points_y"":[1215,1221,1213,1205,1199,1191,1177,1168,1161,1155,1147,1140,1138,1141,1136,1133,1136,1144,1159,1184,1202]}",{}
40.png,28311606,{},1362,594,"{""name"":""polyline"",""all_points_x"":[947,964,993],""all_points_y"":[1167,1171,1176]}",{}
40.png,28311606,{},1362,595,"{""name"":""polyline"",""all_points_x"":[1004,987,967],""all_points_y"":[957,970,988]}",{}
40.png,28311606,{},1362,596,"{""name"":""polyline"",""all_points_x"":[871,894,923],""all_points_y"":[1086,1084,1084]}",{}
40.png,28311606,{},1362,597,"{""name"":""polyline"",""all_points_x"":[1413,1398,1385],""all_points_y"":[824,843,858]}",{}
40.png,28311606,{},1362,598,"{""name"":""polyline"",""all_points_x"":[1461,1444,1427],""all_points_y"":[830,853,868]}",{}
40.png,28311606,{},1362,599,"{""name"":""polyline"",""all_points_x"":[1440,1408],""all_points_y"":[838,870]}",{}
40.png,28311606,{},1362,600,"{""name"":""polyline"",""all_points_x"":[1287,1287,1284,1284,1280],""all_points_y"":[132,152,163,171,188]}",{}
40.png,28311606,{},1362,601,"{""name"":""polyline"",""all_points_x"":[1268,1231],""all_points_y"":[83,127]}",{}
40.png,28311606,{},1362,602,"{""name"":""polyline"",""all_points_x"":[957,961,959,973],""all_points_y"":[51,62,80,107]}",{}
40.png,28311606,{},1362,603,"{""name"":""polyline"",""all_points_x"":[1483,1455],""all_points_y"":[225,259]}",{}
40.png,28311606,{},1362,604,"{""name"":""polyline"",""all_points_x"":[1348,1309],""all_points_y"":[1007,1034]}",{}
40.png,28311606,{},1362,605,"{""name"":""polygon"",""all_points_x"":[1514,1516,1490,1462,1445,1446,1478],""all_points_y"":[1103,1108,1115,1123,1127,1123,1113]}",{}
40.png,28311606,{},1362,606,"{""name"":""polygon"",""all_points_x"":[1481,1483,1465,1447,1421,1421,1452,1470],""all_points_y"":[1097,1102,1111,1119,1125,1116,1110,1103]}",{}
40.png,28311606,{},1362,607,"{""name"":""polygon"",""all_points_x"":[1425,1426,1427,1430,1436,1440,1448,1442,1437,1431,1430],""all_points_y"":[1265,1284,1302,1322,1345,1359,1356,1341,1317,1287,1266]}",{}
40.png,28311606,{},1362,608,"{""name"":""polyline"",""all_points_x"":[1372,1332],""all_points_y"":[1268,1289]}",{}
40.png,28311606,{},1362,609,"{""name"":""polyline"",""all_points_x"":[1313,1271],""all_points_y"":[1225,1249]}",{}
40.png,28311606,{},1362,610,"{""name"":""polygon"",""all_points_x"":[898,906,904,897,891,886,893],""all_points_y"":[1456,1460,1468,1486,1494,1488,1477]}",{}
40.png,28311606,{},1362,611,"{""name"":""polyline"",""all_points_x"":[1346,1303],""all_points_y"":[2175,2188]}",{}
40.png,28311606,{},1362,612,"{""name"":""polyline"",""all_points_x"":[1341,1336,1334],""all_points_y"":[2400,2414,2438]}",{}
40.png,28311606,{},1362,613,"{""name"":""polyline"",""all_points_x"":[1284,1286,1290,1298],""all_points_y"":[2563,2579,2593,2616]}",{}
40.png,28311606,{},1362,614,"{""name"":""polygon"",""all_points_x"":[1463,1478,1491,1517,1517,1490,1473,1463],""all_points_y"":[2593,2596,2599,2598,2603,2603,2600,2599]}",{}
40.png,28311606,{},1362,615,"{""name"":""polyline"",""all_points_x"":[808,771],""all_points_y"":[2787,2805]}",{}
40.png,28311606,{},1362,616,"{""name"":""polyline"",""all_points_x"":[733,744,755,767],""all_points_y"":[3030,3043,3054,3071]}",{}
40.png,28311606,{},1362,617,"{""name"":""polyline"",""all_points_x"":[838,851,870,876,882],""all_points_y"":[3071,3065,3060,3059,3050]}",{}
40.png,28311606,{},1362,618,"{""name"":""polyline"",""all_points_x"":[1346,1386],""all_points_y"":[2514,2527]}",{}
40.png,28311606,{},1362,619,"{""name"":""polyline"",""all_points_x"":[1550,1490,1466],""all_points_y"":[1989,1999,1999]}",{}
40.png,28311606,{},1362,620,"{""name"":""polygon"",""all_points_x"":[1223,1227,1247,1272,1305,1321,1317,1275],""all_points_y"":[1951,1958,1947,1933,1916,1903,1899,1923]}",{}
40.png,28311606,{},1362,621,"{""name"":""polygon"",""all_points_x"":[1051,1054,1068,1095,1114,1110],""all_points_y"":[1522,1526,1518,1504,1493,1491]}",{}
40.png,28311606,{},1362,622,"{""name"":""polygon"",""all_points_x"":[1901,1918,1950,1981,2006,2027,2065,2097,2135,2139,2118,2080,2008,1985,1955,1924,1910],""all_points_y"":[111,123,144,165,183,199,228,248,276,269,255,228,172,156,136,114,104]}",{}
40.png,28311606,{},1362,623,"{""name"":""polygon"",""all_points_x"":[1915,1910,1936,1971,2011,2064,2099,2142,2179,2181,2147,2113,2060,2004,1956,1926],""all_points_y"":[96,107,121,142,165,190,209,230,249,237,223,205,177,148,122,105]}",{}
40.png,28311606,{},1362,624,"{""name"":""polygon"",""all_points_x"":[1880,1898,1942,1974,2013,2046,2073,2118,2119,2072,2029,1999,1963,1928,1898,1885],""all_points_y"":[63,69,85,96,111,125,134,152,146,127,111,98,83,71,61,58]}",{}
40.png,28311606,{},1362,625,"{""name"":""polygon"",""all_points_x"":[1845,1859,1883,1912,1925,1935,1926,1884,1858,1850],""all_points_y"":[1,10,23,41,48,45,39,16,1,0]}",{}
40.png,28311606,{},1362,626,"{""name"":""polygon"",""all_points_x"":[1766,1773,1790,1808,1819,1823,1819,1803,1784,1775],""all_points_y"":[1,9,28,49,61,58,50,34,10,0]}",{}
40.png,28311606,{},1362,627,"{""name"":""polygon"",""all_points_x"":[1648,1653,1663,1673,1678,1685,1678,1665,1655,1653],""all_points_y"":[1,15,42,67,78,75,60,32,6,0]}",{}
40.png,28311606,{},1362,628,"{""name"":""polygon"",""all_points_x"":[1735,1752,1767,1786,1789,1767,1743],""all_points_y"":[13,30,47,67,60,38,12]}",{}
40.png,28311606,{},1362,629,"{""name"":""polygon"",""all_points_x"":[1809,1831,1854,1860,1851,1816],""all_points_y"":[101,127,152,142,130,98]}",{}
40.png,28311606,{},1362,630,"{""name"":""polygon"",""all_points_x"":[1794,1806,1818,1820,1823,1823,1807,1798],""all_points_y"":[124,145,163,168,165,157,134,120]}",{}
40.png,28311606,{},1362,631,"{""name"":""polygon"",""all_points_x"":[1596,1605,1615,1622,1640,1651,1656,1670,1678,1670,1654,1634,1613],""all_points_y"":[0,1,18,38,65,80,96,125,139,142,112,71,37]}",{}
40.png,28311606,{},1362,632,"{""name"":""polygon"",""all_points_x"":[1692,1698,1695,1692,1688,1686,1685,1688,1691,1685,1682,1680,1682,1686],""all_points_y"":[117,122,135,159,174,192,216,235,249,249,231,211,185,153]}",{}
40.png,28311606,{},1362,633,"{""name"":""polygon"",""all_points_x"":[1704,1720,1731,1749,1770,1791,1811,1822,1805,1759,1732,1714,1704,1698],""all_points_y"":[207,236,259,290,324,359,391,387,361,287,242,210,181,188]}",{}
40.png,28311606,{},1362,634,"{""name"":""polygon"",""all_points_x"":[1697,1711,1728,1745,1758,1777,1800,1820,1827,1808,1778,1744,1724,1710,1703,1696],""all_points_y"":[128,159,199,242,270,313,356,387,384,352,292,218,169,138,113,118]}",{}
40.png,28311606,{},1362,635,"{""name"":""polygon"",""all_points_x"":[1631,1649,1697,1699,1678,1646,1621,1622],""all_points_y"":[266,263,252,255,262,269,275,269]}",{}
40.png,28311606,{},1362,636,"{""name"":""polygon"",""all_points_x"":[2016,2022,2023,2023,2025,2026,2026,2023,2018],""all_points_y"":[217,219,226,240,258,281,287,285,253]}",{}
40.png,28311606,{},1362,637,"{""name"":""polygon"",""all_points_x"":[1789,1805,1835,1851,1851,1829,1796,1785,1783],""all_points_y"":[297,295,293,290,295,297,300,300,298]}",{}
40.png,28311606,{},1362,638,"{""name"":""polygon"",""all_points_x"":[1713,1711,1726,1743,1769,1796,1824,1847,1866,1864,1836,1800,1776,1753],""all_points_y"":[427,434,436,438,441,444,446,449,451,446,443,441,438,432]}",{}
40.png,28311606,{},1362,639,"{""name"":""polyline"",""all_points_x"":[1830,1901],""all_points_y"":[328,340]}",{}
40.png,28311606,{},1362,640,"{""name"":""polyline"",""all_points_x"":[1839,1899],""all_points_y"":[275,316]}",{}
40.png,28311606,{},1362,641,"{""name"":""polyline"",""all_points_x"":[1814,1868],""all_points_y"":[208,187]}",{}
40.png,28311606,{},1362,642,"{""name"":""polyline"",""all_points_x"":[1793,1852],""all_points_y"":[215,235]}",{}
40.png,28311606,{},1362,643,"{""name"":""polyline"",""all_points_x"":[1851,1805],""all_points_y"":[99,126]}",{}
40.png,28311606,{},1362,644,"{""name"":""polyline"",""all_points_x"":[1749,1772,1805],""all_points_y"":[95,90,83]}",{}
40.png,28311606,{},1362,645,"{""name"":""polyline"",""all_points_x"":[1847,1901,1948],""all_points_y"":[344,351,361]}",{}
40.png,28311606,{},1362,646,"{""name"":""polyline"",""all_points_x"":[1515,1557,1590,1637,1661,1678],""all_points_y"":[159,174,187,206,217,228]}",{}
40.png,28311606,{},1362,647,"{""name"":""polyline"",""all_points_x"":[1677,1677,1678,1680],""all_points_y"":[164,192,223,251]}",{}
40.png,28311606,{},1362,648,"{""name"":""polygon"",""all_points_x"":[1901,1901,1901,1905,1905,1904,1904],""all_points_y"":[197,222,246,247,234,202,196]}",{}
40.png,28311606,{},1362,649,"{""name"":""polyline"",""all_points_x"":[1757,1794],""all_points_y"":[105,82]}",{}
40.png,28311606,{},1362,650,"{""name"":""polygon"",""all_points_x"":[1610,1632,1661,1691,1706,1729,1725,1688,1665,1640,1616],""all_points_y"":[325,335,346,358,365,370,365,352,343,334,324]}",{}
40.png,28311606,{},1362,651,"{""name"":""polygon"",""all_points_x"":[1657,1640,1624,1631,1638,1657,1661],""all_points_y"":[404,424,441,441,433,413,408]}",{}
40.png,28311606,{},1362,652,"{""name"":""polygon"",""all_points_x"":[1651,1659,1667,1675,1676,1669,1661,1655],""all_points_y"":[392,407,423,431,425,415,403,390]}",{}
40.png,28311606,{},1362,653,"{""name"":""polygon"",""all_points_x"":[1842,1843,1859,1882,1917,1940,1962,1975,1974,1946,1888,1859],""all_points_y"":[392,397,398,400,402,403,405,406,402,400,395,393]}",{}
40.png,28311606,{},1362,654,"{""name"":""polygon"",""all_points_x"":[2110,2118,2126,2139,2151,2164,2172,2185,2188,2180,2166,2145,2128],""all_points_y"":[373,371,385,405,429,452,469,492,497,499,474,433,403]}",{}
40.png,28311606,{},1362,655,"{""name"":""polyline"",""all_points_x"":[1883,1822],""all_points_y"":[163,203]}",{}
40.png,28311606,{},1362,656,"{""name"":""polyline"",""all_points_x"":[1663,1671,1682],""all_points_y"":[482,521,577]}",{}
40.png,28311606,{},1362,657,"{""name"":""polygon"",""all_points_x"":[1915,1920,1934,1964,1994,2024,2024,2000,1952],""all_points_y"":[570,579,572,560,552,544,541,545,558]}",{}
40.png,28311606,{},1362,658,"{""name"":""polygon"",""all_points_x"":[1881,1880,1893,1913,1943,1972,1995,1996],""all_points_y"":[497,503,507,511,519,525,530,527]}",{}
40.png,28311606,{},1362,659,"{""name"":""polygon"",""all_points_x"":[1928,1929,1943,1959,1989,2013,2032,2057,2085,2089,2065,2021,1993],""all_points_y"":[522,528,527,525,523,526,529,528,526,523,524,522,519]}",{}
40.png,28311606,{},1362,660,"{""name"":""polygon"",""all_points_x"":[1923,1953,1984,2011,2036,2059,2059,2037,2021,1969,1939,1923],""all_points_y"":[480,481,482,483,484,483,486,488,488,485,485,484]}",{}
40.png,28311606,{},1362,661,"{""name"":""polygon"",""all_points_x"":[2127,2129,2141,2163,2188,2211,2215,2214,2156],""all_points_y"":[382,385,382,378,373,369,367,364,376]}",{}
40.png,28311606,{},1362,662,"{""name"":""polygon"",""all_points_x"":[2133,2136,2152,2193,2228,2276,2290,2287,2265,2212,2180,2149,2140],""all_points_y"":[389,393,387,383,379,374,373,368,370,375,379,383,385]}",{}
40.png,28311606,{},1362,663,"{""name"":""polygon"",""all_points_x"":[2140,2143,2142,2139,2134,2130],""all_points_y"":[330,331,339,356,381,381]}",{}
40.png,28311606,{},1362,664,"{""name"":""polygon"",""all_points_x"":[1824,1830,1838,1848,1858,1875,1888,1902,1911,1921,1932,1937,1955,1978,1993,2005,2016,2011,1995,1976,1953,1920,1888],""all_points_y"":[593,590,605,621,640,670,693,719,736,757,775,789,826,876,910,933,955,960,930,885,837,770,708]}",{}
40.png,28311606,{},1362,665,"{""name"":""polygon"",""all_points_x"":[1805,1810,1832,1860,1895,1910,1907,1882,1836],""all_points_y"":[565,571,560,544,526,517,516,527,549]}",{}
40.png,28311606,{},1362,666,"{""name"":""polygon"",""all_points_x"":[1800,1802,1815,1838,1864,1877,1903,1937,1949,1948,1935,1882,1862],""all_points_y"":[781,788,783,772,760,758,752,745,742,738,741,753,757]}",{}
40.png,28311606,{},1362,667,"{""name"":""polygon"",""all_points_x"":[1626,1634,1641,1657,1671,1686,1702,1723,1732,1729,1717,1685,1642],""all_points_y"":[820,827,816,787,766,742,718,687,672,670,684,731,797]}",{}
40.png,28311606,{},1362,668,"{""name"":""polygon"",""all_points_x"":[1596,1607,1620,1637,1650,1672,1686,1684,1648,1626,1605,1595],""all_points_y"":[791,801,816,832,841,858,870,872,845,829,807,795]}",{}
40.png,28311606,{},1362,669,"{""name"":""polygon"",""all_points_x"":[1674,1687,1701,1718,1735,1740,1716,1691,1678],""all_points_y"":[868,882,896,912,927,922,901,878,867]}",{}
40.png,28311606,{},1362,670,"{""name"":""polygon"",""all_points_x"":[1894,1893,1909,1943,1970,2014,2039,2067,2068,2046,2012,1978,1950,1919],""all_points_y"":[771,777,783,792,803,822,835,849,845,833,815,800,788,778]}",{}
40.png,28311606,{},1362,671,"{""name"":""polygon"",""all_points_x"":[1999,2002,2018,2042,2056,2067,2079,2076,2052],""all_points_y"":[727,730,717,697,684,677,667,665,682]}",{}
40.png,28311606,{},1362,672,"{""name"":""polyline"",""all_points_x"":[1797,1794,1792,1787],""all_points_y"":[678,711,750,785]}",{}
40.png,28311606,{},1362,673,"{""name"":""polyline"",""all_points_x"":[1797,1796,1795,1794,1794,1793],""all_points_y"":[747,780,813,856,874,885]}",{}
40.png,28311606,{},1362,674,"{""name"":""polyline"",""all_points_x"":[1882,1884,1887,1891],""all_points_y"":[784,816,843,868]}",{}
40.png,28311606,{},1362,675,"{""name"":""polyline"",""all_points_x"":[1893,1907,1958],""all_points_y"":[696,702,725]}",{}
40.png,28311606,{},1362,676,"{""name"":""polyline"",""all_points_x"":[1794,1857],""all_points_y"":[615,654]}",{}
40.png,28311606,{},1362,677,"{""name"":""polyline"",""all_points_x"":[2049,1989],""all_points_y"":[425,472]}",{}
40.png,28311606,{},1362,678,"{""name"":""polyline"",""all_points_x"":[1647,1689],""all_points_y"":[482,544]}",{}
40.png,28311606,{},1362,679,"{""name"":""polygon"",""all_points_x"":[1607,1621,1645,1654,1653,1622,1608],""all_points_y"":[279,290,307,312,306,284,276]}",{}
40.png,28311606,{},1362,680,"{""name"":""polyline"",""all_points_x"":[1866,1893,1909],""all_points_y"":[433,413,404]}",{}
40.png,28311606,{},1362,681,"{""name"":""polyline"",""all_points_x"":[1824,1799],""all_points_y"":[398,425]}",{}
40.png,28311606,{},1362,682,"{""name"":""polyline"",""all_points_x"":[1685,1683,1681],""all_points_y"":[494,536,555]}",{}
40.png,28311606,{},1362,683,"{""name"":""polyline"",""all_points_x"":[1678,1678,1677],""all_points_y"":[495,516,542]}",{}
40.png,28311606,{},1362,684,"{""name"":""polyline"",""all_points_x"":[1671,1671],""all_points_y"":[480,511]}",{}
40.png,28311606,{},1362,685,"{""name"":""polyline"",""all_points_x"":[1737,1767],""all_points_y"":[498,482]}",{}
40.png,28311606,{},1362,686,"{""name"":""polyline"",""all_points_x"":[1826,1874],""all_points_y"":[673,654]}",{}
40.png,28311606,{},1362,687,"{""name"":""polyline"",""all_points_x"":[2042,2027,2012,1987],""all_points_y"":[606,606,612,626]}",{}
40.png,28311606,{},1362,688,"{""name"":""polyline"",""all_points_x"":[1781,1808,1832],""all_points_y"":[690,684,681]}",{}
40.png,28311606,{},1362,689,"{""name"":""polygon"",""all_points_x"":[1889,1893,1908,1928,1948,1945],""all_points_y"":[677,679,673,662,651,648]}",{}
40.png,28311606,{},1362,690,"{""name"":""polyline"",""all_points_x"":[1742,1774,1802],""all_points_y"":[681,720,749]}",{}
40.png,28311606,{},1362,691,"{""name"":""polyline"",""all_points_x"":[1625,1591],""all_points_y"":[735,778]}",{}
40.png,28311606,{},1362,692,"{""name"":""polygon"",""all_points_x"":[1594,1613,1626,1630,1616,1598],""all_points_y"":[747,764,774,769,759,744]}",{}
40.png,28311606,{},1362,693,"{""name"":""polygon"",""all_points_x"":[1605,1627,1641,1638,1619,1602],""all_points_y"":[776,794,805,810,795,779]}",{}
40.png,28311606,{},1362,694,"{""name"":""polyline"",""all_points_x"":[1606,1635,1648],""all_points_y"":[860,858,856]}",{}
40.png,28311606,{},1362,695,"{""name"":""polyline"",""all_points_x"":[1882,1921,1956],""all_points_y"":[794,799,802]}",{}
40.png,28311606,{},1362,696,"{""name"":""polygon"",""all_points_x"":[1673,1677,1677,1677,1674,1670,1664,1656,1653,1659,1664,1670,1672],""all_points_y"":[953,953,963,979,993,1017,1042,1069,1065,1046,1023,990,972]}",{}
40.png,28311606,{},1362,697,"{""name"":""polygon"",""all_points_x"":[1688,1708,1726,1746,1764,1767,1755,1731,1711,1693,1679,1676],""all_points_y"":[1030,1020,1013,1005,997,1002,1009,1018,1027,1035,1046,1040]}",{}
40.png,28311606,{},1362,698,"{""name"":""polygon"",""all_points_x"":[1653,1656,1660,1659,1654,1646,1640,1637],""all_points_y"":[931,923,924,930,944,958,972,970]}",{}
40.png,28311606,{},1362,699,"{""name"":""polygon"",""all_points_x"":[1625,1634,1658,1660,1659,1647,1632,1625],""all_points_y"":[879,877,870,876,878,880,881,882]}",{}
40.png,28311606,{},1362,700,"{""name"":""polyline"",""all_points_x"":[1820,1826,1868],""all_points_y"":[756,752,742]}",{}
40.png,28311606,{},1362,701,"{""name"":""polyline"",""all_points_x"":[1781,1787,1793,1804,1820],""all_points_y"":[659,676,691,716,761]}",{}
40.png,28311606,{},1362,702,"{""name"":""polyline"",""all_points_x"":[1800,1822,1844,1870],""all_points_y"":[689,691,693,695]}",{}
40.png,28311606,{},1362,703,"{""name"":""polyline"",""all_points_x"":[1512,1548],""all_points_y"":[1217,1172]}",{}
40.png,28311606,{},1362,704,"{""name"":""polyline"",""all_points_x"":[1560,1542],""all_points_y"":[1101,1135]}",{}
40.png,28311606,{},1362,705,"{""name"":""polygon"",""all_points_x"":[1646,1649,1658,1674,1688,1693,1701,1713,1725,1750,1757,1765,1776,1781,1778,1768,1755,1739,1709,1696,1680,1670],""all_points_y"":[1301,1302,1293,1276,1261,1250,1234,1220,1199,1161,1153,1137,1115,1104,1103,1122,1144,1168,1213,1233,1257,1268]}",{}
40.png,28311606,{},1362,706,"{""name"":""polygon"",""all_points_x"":[1576,1579,1589,1604,1621,1639,1644,1641,1611],""all_points_y"":[1388,1390,1378,1359,1336,1314,1308,1306,1344]}",{}
40.png,28311606,{},1362,707,"{""name"":""polygon"",""all_points_x"":[1412,1416,1423,1429,1438,1459,1456,1435],""all_points_y"":[1476,1479,1471,1465,1453,1430,1428,1450]}",{}
40.png,28311606,{},1362,708,"{""name"":""polygon"",""all_points_x"":[1499,1499,1512,1534,1544,1544,1525,1510],""all_points_y"":[2092,2095,2097,2101,2104,2098,2095,2092]}",{}
40.png,28311606,{},1362,709,"{""name"":""polygon"",""all_points_x"":[1652,1659,1659,1657,1655,1648,1651,1651,1653],""all_points_y"":[2076,2076,2056,2028,2001,2003,2020,2042,2068]}",{}
40.png,28311606,{},1362,710,"{""name"":""polygon"",""all_points_x"":[1621,1641,1671,1717,1747,1774,1773,1764,1741,1706,1673,1641,1620],""all_points_y"":[1928,1924,1920,1913,1909,1907,1913,1912,1914,1920,1926,1930,1934]}",{}
40.png,28311606,{},1362,711,"{""name"":""polygon"",""all_points_x"":[1590,1606,1623,1645,1668,1695,1713,1717,1702,1677,1651,1625,1589],""all_points_y"":[1948,1948,1947,1945,1941,1939,1935,1941,1944,1946,1949,1954,1954]}",{}
40.png,28311606,{},1362,712,"{""name"":""polygon"",""all_points_x"":[1540,1555,1576,1590,1586,1577,1536],""all_points_y"":[1962,1961,1962,1962,1969,1967,1967]}",{}
40.png,28311606,{},1362,713,"{""name"":""polygon"",""all_points_x"":[1644,1647,1657,1675,1704,1702,1656],""all_points_y"":[1971,1976,1974,1972,1967,1963,1970]}",{}
40.png,28311606,{},1362,714,"{""name"":""polygon"",""all_points_x"":[1706,1694,1680,1666,1661,1668,1672,1679,1690,1702,1710],""all_points_y"":[1922,1933,1951,1967,1975,1976,1972,1960,1947,1933,1925]}",{}
40.png,28311606,{},1362,715,"{""name"":""polygon"",""all_points_x"":[1646,1650,1661,1678,1699,1721,1730,1725,1707,1676,1658],""all_points_y"":[1999,2002,1997,1990,1983,1975,1973,1970,1975,1987,1993]}",{}
40.png,28311606,{},1362,716,"{""name"":""polygon"",""all_points_x"":[1673,1691,1714,1734,1759,1777,1797,1794,1772,1752,1735,1707,1680,1659,1666],""all_points_y"":[1995,1995,1995,1994,1992,1991,1990,1993,1995,1997,1999,2000,2001,1999,1995]}",{}
40.png,28311606,{},1362,717,"{""name"":""polygon"",""all_points_x"":[1632,1648,1682,1691,1704,1712,1710,1697,1679,1662,1648,1637,1630],""all_points_y"":[1903,1901,1891,1889,1885,1885,1889,1892,1897,1901,1905,1908,1908]}",{}
40.png,28311606,{},1362,718,"{""name"":""polygon"",""all_points_x"":[1608,1617,1630,1648,1666,1682,1704,1725,1727,1726,1719,1705,1686,1672,1657,1644,1631,1617,1609],""all_points_y"":[1884,1874,1864,1854,1846,1839,1832,1828,1828,1831,1831,1836,1843,1847,1854,1861,1868,1879,1886]}",{}
40.png,28311606,{},1362,719,"{""name"":""polygon"",""all_points_x"":[1514,1520,1523,1529,1537,1544,1551,1544,1539,1535,1528,1519,1515,1513],""all_points_y"":[1812,1805,1797,1779,1760,1743,1722,1720,1739,1753,1767,1782,1798,1810]}",{}
40.png,28311606,{},1362,720,"{""name"":""polygon"",""all_points_x"":[1570,1585,1608,1627,1653,1678,1708,1724,1726,1716,1694,1678,1660,1636,1613,1588,1571],""all_points_y"":[1718,1706,1692,1680,1665,1649,1626,1614,1617,1625,1641,1653,1666,1680,1695,1710,1720]}",{}
40.png,28311606,{},1362,721,"{""name"":""polyline"",""all_points_x"":[1662,1637,1557],""all_points_y"":[1650,1667,1718]}",{}
40.png,28311606,{},1362,722,"{""name"":""polygon"",""all_points_x"":[1808,1815,1827,1847,1871,1897,1915,1912,1847,1837,1831],""all_points_y"":[1693,1699,1693,1681,1667,1651,1641,1638,1674,1680,1680]}",{}
40.png,28311606,{},1362,723,"{""name"":""polygon"",""all_points_x"":[1784,1790,1799,1824,1852,1875,1902,1927,1941,1939,1920,1871,1816],""all_points_y"":[1682,1688,1685,1675,1663,1655,1643,1632,1626,1619,1628,1649,1671]}",{}
40.png,28311606,{},1362,724,"{""name"":""polygon"",""all_points_x"":[1753,1756,1766,1787,1807,1835,1831,1796],""all_points_y"":[1643,1646,1641,1631,1618,1604,1602,1620]}",{}
40.png,28311606,{},1362,725,"{""name"":""polygon"",""all_points_x"":[1653,1658,1679,1704,1731,1755,1778,1775],""all_points_y"":[1560,1565,1557,1549,1540,1533,1524,1521]}",{}
40.png,28311606,{},1362,726,"{""name"":""polygon"",""all_points_x"":[1532,1542,1554,1568,1576,1584,1588,1578,1556,1541,1534],""all_points_y"":[1777,1787,1797,1810,1817,1824,1819,1811,1794,1782,1775]}",{}
40.png,28311606,{},1362,727,"{""name"":""polyline"",""all_points_x"":[1500,1503,1508,1516,1525],""all_points_y"":[1700,1715,1734,1753,1774]}",{}
40.png,28311606,{},1362,728,"{""name"":""polyline"",""all_points_x"":[1488,1485,1483],""all_points_y"":[1794,1827,1856]}",{}
40.png,28311606,{},1362,729,"{""name"":""polyline"",""all_points_x"":[1640,1639,1637,1635],""all_points_y"":[1548,1560,1573,1596]}",{}
40.png,28311606,{},1362,730,"{""name"":""polyline"",""all_points_x"":[1875,1843,1800],""all_points_y"":[1629,1643,1669]}",{}
40.png,28311606,{},1362,731,"{""name"":""polygon"",""all_points_x"":[1587,1588,1583,1576,1573,1577,1583,1588,1593,1591],""all_points_y"":[1713,1725,1739,1759,1771,1770,1760,1745,1726,1712]}",{}
40.png,28311606,{},1362,732,"{""name"":""polygon"",""all_points_x"":[1566,1570,1578,1594,1603,1624,1640,1647,1649,1637,1617,1592],""all_points_y"":[1821,1825,1821,1816,1812,1809,1806,1808,1803,1802,1804,1811]}",{}
40.png,28311606,{},1362,733,"{""name"":""polygon"",""all_points_x"":[1833,1835,1851,1883,1909,1907,1881],""all_points_y"":[1617,1623,1617,1606,1598,1593,1602]}",{}
40.png,28311606,{},1362,734,"{""name"":""polygon"",""all_points_x"":[1809,1813,1820,1834,1848,1864,1874,1871,1852,1835,1820],""all_points_y"":[1888,1890,1882,1869,1855,1839,1831,1829,1843,1860,1875]}",{}
40.png,28311606,{},1362,735,"{""name"":""polygon"",""all_points_x"":[1519,1523,1532,1550,1560,1554,1542],""all_points_y"":[1907,1910,1900,1883,1869,1868,1883]}",{}
40.png,28311606,{},1362,736,"{""name"":""polygon"",""all_points_x"":[1535,1538,1545,1561,1571,1567],""all_points_y"":[1899,1901,1896,1886,1879,1875]}",{}
40.png,28311606,{},1362,737,"{""name"":""polygon"",""all_points_x"":[1939,1942,1953,1970,1992,2016,2027,2022,2008,1969],""all_points_y"":[1943,1947,1941,1930,1918,1906,1900,1897,1905,1925]}",{}
40.png,28311606,{},1362,738,"{""name"":""polygon"",""all_points_x"":[1883,1901,1920,1935,1936,1916,1894,1882],""all_points_y"":[1882,1878,1875,1872,1876,1878,1884,1886]}",{}
40.png,28311606,{},1362,739,"{""name"":""polygon"",""all_points_x"":[1916,1922,1930,1938,1947,1953,1957,1947,1943,1929,1920],""all_points_y"":[1916,1923,1937,1955,1977,1986,1982,1964,1952,1928,1914]}",{}
40.png,28311606,{},1362,740,"{""name"":""polygon"",""all_points_x"":[1701,1708,1727,1756,1788,1822,1854,1877,1876,1849,1827,1801,1765,1742,1730,1707,1698],""all_points_y"":[2054,2056,2055,2051,2047,2043,2041,2038,2043,2048,2050,2051,2056,2060,2062,2062,2060]}",{}
40.png,28311606,{},1362,741,"{""name"":""polygon"",""all_points_x"":[1755,1765,1767,1770,1774,1775,1775,1769,1766,1763],""all_points_y"":[2201,2202,2193,2168,2135,2100,2089,2089,2106,2139]}",{}
40.png,28311606,{},1362,742,"{""name"":""polygon"",""all_points_x"":[1736,1749,1768,1790,1811,1826,1827,1817,1802,1787,1776,1757,1750,1735],""all_points_y"":[2132,2128,2123,2118,2110,2105,2108,2114,2119,2123,2125,2130,2133,2136]}",{}
40.png,28311606,{},1362,743,"{""name"":""polygon"",""all_points_x"":[1660,1664,1665,1668,1672,1674,1671,1669,1664,1663],""all_points_y"":[2216,2217,2206,2188,2166,2151,2151,2164,2191,2196]}",{}
40.png,28311606,{},1362,744,"{""name"":""polygon"",""all_points_x"":[1644,1647,1650,1654,1658,1662,1658,1653,1649,1646],""all_points_y"":[2143,2152,2166,2181,2190,2187,2176,2158,2148,2141]}",{}
40.png,28311606,{},1362,745,"{""name"":""polygon"",""all_points_x"":[1778,1785,1796,1807,1815,1826,1839,1862,1875,1892,1897,1887,1861,1837,1824,1814,1802,1786],""all_points_y"":[2102,2113,2128,2140,2151,2169,2187,2214,2230,2247,2238,2226,2198,2169,2148,2133,2120,2100]}",{}
40.png,28311606,{},1362,746,"{""name"":""polygon"",""all_points_x"":[1706,1710,1713,1717,1727,1738,1750,1756,1740,1727,1722,1713],""all_points_y"":[1987,1991,2005,2024,2041,2054,2069,2064,2045,2031,2012,1987]}",{}
40.png,28311606,{},1362,747,"{""name"":""polygon"",""all_points_x"":[1801,1801,1819,1831,1862,1884,1905,1904,1889,1852],""all_points_y"":[2172,2180,2179,2180,2181,2181,2182,2177,2178,2176]}",{}
40.png,28311606,{},1362,748,"{""name"":""polygon"",""all_points_x"":[1947,1950,1955,1961,1969,1975,1979,1983,1980,1971,1961,1954,1950],""all_points_y"":[2075,2087,2104,2124,2145,2162,2178,2174,2162,2137,2112,2088,2075]}",{}
40.png,28311606,{},1362,749,"{""name"":""polygon"",""all_points_x"":[1958,1962,1968,1975,1981,1987,1993,1997,1991,1977,1970,1962,1961],""all_points_y"":[2083,2094,2111,2130,2149,2166,2179,2176,2162,2127,2107,2087,2083]}",{}
40.png,28311606,{},1362,750,"{""name"":""polygon"",""all_points_x"":[2063,2072,2061,2053,2038,2030,2022,2017,2011,2004,2002,2000,2004,2008,2018,2029,2044,2051],""all_points_y"":[2240,2237,2202,2176,2127,2097,2069,2054,2029,1995,1987,1990,2009,2032,2073,2110,2161,2187]}",{}
40.png,28311606,{},1362,751,"{""name"":""polygon"",""all_points_x"":[2076,2088,2083,2077,2075,2071,2068,2065,2060,2057,2060,2063,2071,2072],""all_points_y"":[2241,2238,2218,2201,2169,2137,2106,2087,2060,2061,2077,2109,2182,2210]}",{}
40.png,28311606,{},1362,752,"{""name"":""polygon"",""all_points_x"":[1792,1795,1800,1809,1817,1829,1839,1849,1860,1871,1867,1858,1833,1824,1808,1803],""all_points_y"":[2406,2409,2403,2384,2363,2327,2302,2272,2244,2218,2217,2240,2302,2331,2371,2384]}",{}
40.png,28311606,{},1362,753,"{""name"":""polygon"",""all_points_x"":[1683,1689,1695,1714,1732,1752,1757,1754,1737,1704],""all_points_y"":[2340,2343,2331,2304,2277,2247,2237,2236,2263,2311]}",{}
40.png,28311606,{},1362,754,"{""name"":""polygon"",""all_points_x"":[1976,1991,2005,2019,2037,2051,2058,2065,2068,2062,2042,2024,2013,2002,1980],""all_points_y"":[2345,2367,2384,2406,2432,2456,2467,2470,2468,2457,2426,2400,2384,2368,2343]}",{}
40.png,28311606,{},1362,755,"{""name"":""polygon"",""all_points_x"":[2034,2036,2041,2058,2074,2099,2121,2142,2167,2180,2180,2176,2162,2131,2108,2086,2061],""all_points_y"":[2450,2452,2447,2428,2408,2381,2358,2335,2312,2297,2291,2292,2307,2340,2364,2389,2418]}",{}
40.png,28311606,{},1362,756,"{""name"":""polygon"",""all_points_x"":[1654,1667,1688,1699,1712,1709,1698,1682,1667,1652],""all_points_y"":[2379,2394,2417,2428,2443,2446,2435,2417,2402,2382]}",{}
40.png,28311606,{},1362,757,"{""name"":""polygon"",""all_points_x"":[1647,1652,1657,1658,1663,1661,1653,1651],""all_points_y"":[2311,2333,2355,2361,2361,2350,2319,2310]}",{}
40.png,28311606,{},1362,758,"{""name"":""polygon"",""all_points_x"":[1599,1610,1624,1627,1619,1604],""all_points_y"":[2341,2355,2375,2372,2356,2340]}",{}
40.png,28311606,{},1362,759,"{""name"":""polygon"",""all_points_x"":[1628,1638,1652,1654,1642,1630],""all_points_y"":[2290,2279,2265,2270,2282,2293]}",{}
40.png,28311606,{},1362,760,"{""name"":""polygon"",""all_points_x"":[1491,1503,1521,1534,1533,1523,1502,1492],""all_points_y"":[2278,2275,2276,2276,2280,2281,2281,2282]}",{}
40.png,28311606,{},1362,761,"{""name"":""polygon"",""all_points_x"":[1550,1565,1590,1618,1632,1632,1616,1599,1580,1564,1549],""all_points_y"":[2045,2046,2049,2053,2055,2058,2057,2055,2053,2050,2049]}",{}
40.png,28311606,{},1362,762,"{""name"":""polygon"",""all_points_x"":[1612,1625,1641,1666,1692,1692,1674,1653,1639,1621,1612],""all_points_y"":[2077,2074,2075,2077,2079,2083,2082,2081,2079,2080,2082]}",{}
40.png,28311606,{},1362,763,"{""name"":""polygon"",""all_points_x"":[1925,1942,1964,1984,2004,2011,2001,1987,1971,1948,1920],""all_points_y"":[2272,2280,2289,2300,2309,2314,2317,2309,2303,2292,2278]}",{}
40.png,28311606,{},1362,764,"{""name"":""polygon"",""all_points_x"":[1796,1807,1815,1824,1842,1858,1875,1887,1896,1891,1873,1845,1826,1809,1793],""all_points_y"":[2235,2252,2263,2276,2299,2321,2344,2361,2373,2375,2349,2309,2284,2264,2235]}",{}
40.png,28311606,{},1362,765,"{""name"":""polygon"",""all_points_x"":[1742,1744,1752,1765,1761,1749,1740,1736],""all_points_y"":[2322,2333,2348,2379,2380,2350,2334,2322]}",{}
40.png,28311606,{},1362,766,"{""name"":""polygon"",""all_points_x"":[1761,1754,1748,1741,1747,1749,1756,1764],""all_points_y"":[2096,2111,2124,2138,2141,2137,2119,2098]}",{}
40.png,28311606,{},1362,767,"{""name"":""polygon"",""all_points_x"":[1790,1794,1803,1817,1835,1852,1865,1881,1878],""all_points_y"":[2336,2339,2331,2317,2296,2278,2265,2250,2247]}",{}
40.png,28311606,{},1362,768,"{""name"":""polygon"",""all_points_x"":[2120,2127,2135,2148,2151,2148,2135,2126,2123],""all_points_y"":[2173,2183,2199,2222,2220,2212,2191,2176,2172]}",{}
40.png,28311606,{},1362,769,"{""name"":""polygon"",""all_points_x"":[2111,2120,2132,2134,2126,2115],""all_points_y"":[2196,2210,2229,2224,2211,2193]}",{}
40.png,28311606,{},1362,770,"{""name"":""polygon"",""all_points_x"":[2118,2120,2127,2139,2155,2170,2185,2197,2208,2211,2206,2198,2195,2186,2171,2155,2145,2122],""all_points_y"":[2399,2400,2391,2376,2353,2332,2314,2295,2275,2269,2267,2269,2279,2300,2322,2341,2360,2389]}",{}
40.png,28311606,{},1362,771,"{""name"":""polygon"",""all_points_x"":[1836,1850,1860,1879,1887,1892,1886,1865,1845],""all_points_y"":[2340,2358,2370,2391,2402,2396,2382,2361,2337]}",{}
40.png,28311606,{},1362,772,"{""name"":""polygon"",""all_points_x"":[1831,1833,1838,1857,1872,1891,1901,1898,1872,1848,1832],""all_points_y"":[2345,2348,2344,2335,2327,2318,2315,2309,2322,2335,2343]}",{}
40.png,28311606,{},1362,773,"{""name"":""polygon"",""all_points_x"":[1900,1899,1898,1895,1896,1900,1900,1903,1904,1904],""all_points_y"":[2191,2204,2225,2232,2245,2246,2234,2218,2203,2192]}",{}
40.png,28311606,{},1362,774,"{""name"":""polygon"",""all_points_x"":[1950,1956,1961,1966,1971,1975,1972,1963,1953],""all_points_y"":[2250,2265,2281,2305,2318,2318,2305,2275,2247]}",{}
40.png,28311606,{},1362,775,"{""name"":""polygon"",""all_points_x"":[1999,2003,2019,2047,2069,2095,2118,2138,2154,2180,2199,2208,2205,2189,2159,2137,2089,2029,2015],""all_points_y"":[1127,1135,1127,1113,1103,1092,1081,1070,1059,1045,1037,1030,1028,1036,1051,1063,1088,1114,1122]}",{}
40.png,28311606,{},1362,776,"{""name"":""polygon"",""all_points_x"":[1963,1966,1967,1973,1978,1975,1972,1970,1968],""all_points_y"":[1131,1142,1153,1173,1169,1165,1149,1138,1130]}",{}
40.png,28311606,{},1362,777,"{""name"":""polygon"",""all_points_x"":[1747,1764,1783,1809,1835,1863,1859,1831,1804,1770,1757,1747],""all_points_y"":[1169,1160,1152,1140,1128,1108,1106,1125,1138,1153,1157,1164]}",{}
40.png,28311606,{},1362,778,"{""name"":""polygon"",""all_points_x"":[1910,1916,1936,1972,2008,2045,2037,2004,1949],""all_points_y"":[1507,1518,1513,1503,1491,1476,1464,1477,1494]}",{}
40.png,28311606,{},1362,779,"{""name"":""polygon"",""all_points_x"":[1999,2003,2015,2055,2112,2113,2144,2171,2209,2216,2217,2193,2157,2125,2075,2011],""all_points_y"":[1466,1474,1471,1466,1458,1458,1456,1454,1454,1454,1451,1450,1451,1453,1457,1466]}",{}
40.png,28311606,{},1362,780,"{""name"":""polygon"",""all_points_x"":[1672,1691,1710,1734,1757,1782,1806,1818,1832,1831,1817,1794,1755,1728,1706,1666],""all_points_y"":[1430,1436,1441,1449,1459,1469,1478,1482,1487,1490,1485,1478,1464,1454,1449,1436]}",{}
40.png,28311606,{},1362,781,"{""name"":""polygon"",""all_points_x"":[1658,1659,1676,1699,1733,1760,1801,1836,1825,1777,1737,1699,1681],""all_points_y"":[1444,1461,1459,1454,1445,1436,1424,1412,1401,1418,1428,1437,1441]}",{}
40.png,28311606,{},1362,782,"{""name"":""polygon"",""all_points_x"":[1897,1919,1944,1979,2000,2029,2046,2051,2030,2012,1985,1957,1934,1909,1901],""all_points_y"":[1378,1369,1361,1349,1342,1328,1321,1330,1340,1350,1360,1369,1377,1386,1388]}",{}
40.png,28311606,{},1362,783,"{""name"":""polygon"",""all_points_x"":[1725,1731,1751,1782,1800,1824,1853,1872,1868,1846,1784],""all_points_y"":[1391,1397,1389,1377,1370,1358,1345,1335,1328,1340,1367]}",{}
40.png,28311606,{},1362,784,"{""name"":""polyline"",""all_points_x"":[1895,1910,1934,1964,2023],""all_points_y"":[1736,1743,1761,1783,1828]}",{}
40.png,28311606,{},1362,785,"{""name"":""polyline"",""all_points_x"":[2020,2004,1976,1957],""all_points_y"":[1753,1771,1804,1828]}",{}
40.png,28311606,{},1362,786,"{""name"":""polyline"",""all_points_x"":[1987,1953],""all_points_y"":[1803,1846]}",{}
40.png,28311606,{},1362,787,"{""name"":""polyline"",""all_points_x"":[1999,1978,1971],""all_points_y"":[1686,1716,1730]}",{}
40.png,28311606,{},1362,788,"{""name"":""polyline"",""all_points_x"":[1907,1913],""all_points_y"":[1558,1630]}",{}
40.png,28311606,{},1362,789,"{""name"":""polyline"",""all_points_x"":[1694,1710,1737],""all_points_y"":[1426,1428,1427]}",{}
40.png,28311606,{},1362,790,"{""name"":""polyline"",""all_points_x"":[1805,1836,1864,1895,1929],""all_points_y"":[1356,1335,1317,1300,1283]}",{}
40.png,28311606,{},1362,791,"{""name"":""polygon"",""all_points_x"":[1614,1602,1588,1594,1599,1610,1618],""all_points_y"":[1260,1279,1298,1300,1290,1275,1259]}",{}
40.png,28311606,{},1362,792,"{""name"":""polygon"",""all_points_x"":[2198,2202,2206,2207,2215,2212,2206],""all_points_y"":[952,973,994,1002,999,987,955]}",{}
40.png,28311606,{},1362,793,"{""name"":""polygon"",""all_points_x"":[2195,2192,2191,2194,2198,2198,2198,2201],""all_points_y"":[946,962,983,999,998,980,964,947]}",{}
40.png,28311606,{},1362,794,"{""name"":""polygon"",""all_points_x"":[1829,1840,1864,1891,1909,1910,1891,1867,1848,1834,1828],""all_points_y"":[1449,1442,1431,1420,1412,1414,1423,1433,1442,1449,1452]}",{}
40.png,28311606,{},1362,795,"{""name"":""polygon"",""all_points_x"":[2002,1993,1987,1981,1979,1976,1981,1983,1988,1992,1995,2004],""all_points_y"":[1272,1280,1297,1320,1333,1349,1348,1331,1311,1293,1285,1272]}",{}
40.png,28311606,{},1362,796,"{""name"":""polygon"",""all_points_x"":[1829,1840,1865,1876,1878,1866,1848,1838],""all_points_y"":[1899,1889,1867,1857,1860,1872,1889,1902]}",{}
40.png,28311606,{},1362,797,"{""name"":""polyline"",""all_points_x"":[2049,2023],""all_points_y"":[260,288]}",{}
40.png,28311606,{},1362,798,"{""name"":""polyline"",""all_points_x"":[1993,1973],""all_points_y"":[425,454]}",{}
40.png,28311606,{},1362,799,"{""name"":""polyline"",""all_points_x"":[1778,1750,1746,1725],""all_points_y"":[508,571,583,616]}",{}
40.png,28311606,{},1362,800,"{""name"":""polyline"",""all_points_x"":[1703,1713,1740],""all_points_y"":[465,459,433]}",{}
40.png,28311606,{},1362,801,"{""name"":""polyline"",""all_points_x"":[2092,2068],""all_points_y"":[694,724]}",{}
40.png,28311606,{},1362,802,"{""name"":""polyline"",""all_points_x"":[1352,1369,1389],""all_points_y"":[1176,1181,1183]}",{}
40.png,28311606,{},1362,803,"{""name"":""polyline"",""all_points_x"":[1667,1636,1619],""all_points_y"":[1320,1342,1358]}",{}
40.png,28311606,{},1362,804,"{""name"":""polyline"",""all_points_x"":[1598,1574],""all_points_y"":[1379,1402]}",{}
40.png,28311606,{},1362,805,"{""name"":""polyline"",""all_points_x"":[1664,1728],""all_points_y"":[1369,1319]}",{}
40.png,28311606,{},1362,806,"{""name"":""polyline"",""all_points_x"":[1659,1672,1717],""all_points_y"":[1421,1415,1409]}",{}
40.png,28311606,{},1362,807,"{""name"":""polyline"",""all_points_x"":[1653,1672],""all_points_y"":[1414,1409]}",{}
40.png,28311606,{},1362,808,"{""name"":""polyline"",""all_points_x"":[1697,1727],""all_points_y"":[1406,1395]}",{}
40.png,28311606,{},1362,809,"{""name"":""polygon"",""all_points_x"":[1723,1739,1757,1775,1782,1779,1768,1756,1739,1721,1711,1720],""all_points_y"":[1397,1400,1402,1398,1401,1404,1405,1406,1407,1403,1405,1397]}",{}
40.png,28311606,{},1362,810,"{""name"":""polygon"",""all_points_x"":[1981,1985,1990,1998,2011,2029,2026,1997],""all_points_y"":[1561,1564,1558,1547,1529,1509,1507,1543]}",{}
40.png,28311606,{},1362,811,"{""name"":""polygon"",""all_points_x"":[2003,2017,2035,2058,2076,2098,2091,2069,2048,2026,2003],""all_points_y"":[1434,1437,1439,1442,1447,1455,1458,1451,1449,1444,1440]}",{}
40.png,28311606,{},1362,812,"{""name"":""polyline"",""all_points_x"":[1919,1903,1878],""all_points_y"":[1432,1450,1485]}",{}
40.png,28311606,{},1362,813,"{""name"":""polyline"",""all_points_x"":[1857,1835,1823,1804],""all_points_y"":[1439,1463,1480,1505]}",{}
40.png,28311606,{},1362,814,"{""name"":""polyline"",""all_points_x"":[1706,1713,1746],""all_points_y"":[1497,1489,1462]}",{}
40.png,28311606,{},1362,815,"{""name"":""polyline"",""all_points_x"":[1783,1748],""all_points_y"":[1476,1506]}",{}
40.png,28311606,{},1362,816,"{""name"":""polyline"",""all_points_x"":[1757,1810],""all_points_y"":[1457,1459]}",{}
40.png,28311606,{},1362,817,"{""name"":""polygon"",""all_points_x"":[2050,2068,2088,2109,2124,2126,2113,2093,2079,2059,2048],""all_points_y"":[1358,1360,1363,1367,1368,1376,1372,1369,1368,1366,1365]}",{}
40.png,28311606,{},1362,818,"{""name"":""polygon"",""all_points_x"":[2041,2055,2073,2083,2084,2074,2061,2039],""all_points_y"":[1363,1368,1373,1375,1378,1376,1374,1368]}",{}
40.png,28311606,{},1362,819,"{""name"":""polygon"",""all_points_x"":[1762,1778,1812,1841,1870,1870,1841,1817,1798,1783,1766],""all_points_y"":[1584,1581,1580,1577,1575,1582,1582,1585,1587,1587,1594]}",{}
40.png,28311606,{},1362,820,"{""name"":""polygon"",""all_points_x"":[1757,1769,1787,1801,1821,1823,1806,1790,1779,1768,1756],""all_points_y"":[1654,1647,1636,1629,1618,1621,1630,1639,1646,1652,1657]}",{}
40.png,28311606,{},1362,821,"{""name"":""polyline"",""all_points_x"":[1655,1684],""all_points_y"":[1552,1535]}",{}
40.png,28311606,{},1362,822,"{""name"":""polyline"",""all_points_x"":[1771,1807,1823],""all_points_y"":[1673,1660,1651]}",{}
40.png,28311606,{},1362,823,"{""name"":""polyline"",""all_points_x"":[1351,1347,1348],""all_points_y"":[1837,1853,1895]}",{}
40.png,28311606,{},1362,824,"{""name"":""polyline"",""all_points_x"":[1353,1372],""all_points_y"":[1837,1876]}",{}
40.png,28311606,{},1362,825,"{""name"":""polyline"",""all_points_x"":[1460,1441],""all_points_y"":[1799,1836]}",{}
40.png,28311606,{},1362,826,"{""name"":""polyline"",""all_points_x"":[1579,1538],""all_points_y"":[1727,1774]}",{}
40.png,28311606,{},1362,827,"{""name"":""polyline"",""all_points_x"":[1545,1580],""all_points_y"":[1744,1725]}",{}
40.png,28311606,{},1362,828,"{""name"":""polygon"",""all_points_x"":[1587,1595,1604,1623,1642,1657,1660,1653,1643,1633,1622,1607,1598,1595,1589],""all_points_y"":[1824,1810,1800,1789,1782,1773,1775,1783,1788,1791,1795,1804,1814,1822,1826]}",{}
40.png,28311606,{},1362,829,"{""name"":""polygon"",""all_points_x"":[1675,1670,1655,1637,1618,1625,1633,1641,1655,1679],""all_points_y"":[1747,1751,1755,1765,1792,1788,1777,1767,1760,1751]}",{}
40.png,28311606,{},1362,830,"{""name"":""polygon"",""all_points_x"":[1718,1731,1755,1758,1742,1729,1720],""all_points_y"":[1741,1730,1714,1718,1729,1738,1744]}",{}
40.png,28311606,{},1362,831,"{""name"":""polygon"",""all_points_x"":[1717,1732,1755,1770,1770,1750,1739,1716],""all_points_y"":[1751,1747,1743,1743,1747,1747,1749,1755]}",{}
40.png,28311606,{},1362,832,"{""name"":""polygon"",""all_points_x"":[1900,1905,1903,1901,1898,1894],""all_points_y"":[1778,1779,1787,1800,1816,1814]}",{}
40.png,28311606,{},1362,833,"{""name"":""polygon"",""all_points_x"":[1916,1917,1919,1919,1923,1923,1923,1921],""all_points_y"":[1685,1701,1713,1732,1731,1719,1709,1687]}",{}
40.png,28311606,{},1362,834,"{""name"":""polygon"",""all_points_x"":[1761,1777,1803,1835,1836,1820,1801,1783,1761],""all_points_y"":[1867,1864,1861,1854,1859,1862,1866,1870,1876]}",{}
40.png,28311606,{},1362,835,"{""name"":""polygon"",""all_points_x"":[1834,1847,1863,1882,1884,1872,1852,1840,1837],""all_points_y"":[1968,1957,1942,1925,1929,1939,1958,1970,1974]}",{}
40.png,28311606,{},1362,836,"{""name"":""polygon"",""all_points_x"":[1799,1815,1839,1847,1847,1833,1813,1800],""all_points_y"":[1929,1928,1929,1929,1932,1932,1933,1933]}",{}
40.png,28311606,{},1362,837,"{""name"":""polyline"",""all_points_x"":[2023,2021,2019,2016,2009],""all_points_y"":[1917,1934,1951,1975,2000]}",{}
40.png,28311606,{},1362,838,"{""name"":""polyline"",""all_points_x"":[1767,1796],""all_points_y"":[1972,1949]}",{}
40.png,28311606,{},1362,839,"{""name"":""polyline"",""all_points_x"":[1809,1793],""all_points_y"":[1942,1972]}",{}
40.png,28311606,{},1362,840,"{""name"":""polygon"",""all_points_x"":[1872,1888,1910,1937,1947,1946,1930,1912,1899,1886,1872],""all_points_y"":[1794,1797,1797,1797,1798,1804,1803,1803,1802,1802,1798]}",{}
40.png,28311606,{},1362,841,"{""name"":""polygon"",""all_points_x"":[1987,1991,2002,2011,2019,2036,2033,2016,2006,2001,1994,1990],""all_points_y"":[1734,1737,1726,1708,1691,1665,1663,1690,1706,1716,1728,1729]}",{}
40.png,28311606,{},1362,842,"{""name"":""polyline"",""all_points_x"":[1344,1329],""all_points_y"":[1759,1783]}",{}
40.png,28311606,{},1362,843,"{""name"":""polyline"",""all_points_x"":[1455,1487],""all_points_y"":[2213,2244]}",{}
40.png,28311606,{},1362,844,"{""name"":""polyline"",""all_points_x"":[1717,1718,1742],""all_points_y"":[2254,2261,2311]}",{}
40.png,28311606,{},1362,845,"{""name"":""polygon"",""all_points_x"":[1936,1957,1983,2020,2023,2021,2006,1983,1959,1935],""all_points_y"":[2343,2348,2355,2365,2367,2373,2370,2361,2356,2348]}",{}
40.png,28311606,{},1362,846,"{""name"":""polygon"",""all_points_x"":[1928,1956,1983,2003,2022,2015,1990,1965,1937,1924],""all_points_y"":[2318,2328,2341,2352,2365,2373,2355,2342,2330,2319]}",{}
40.png,28311606,{},1362,847,"{""name"":""polyline"",""all_points_x"":[2016,1999,1969],""all_points_y"":[2269,2272,2290]}",{}
40.png,28311606,{},1362,848,"{""name"":""polyline"",""all_points_x"":[1674,1689,1716,1738],""all_points_y"":[2997,3016,3048,3071]}",{}
40.png,28311606,{},1362,849,"{""name"":""polyline"",""all_points_x"":[1737,1717],""all_points_y"":[2886,2980]}",{}
40.png,28311606,{},1362,850,"{""name"":""polygon"",""all_points_x"":[1776,1781,1777,1767,1759,1753,1747,1742,1734,1733,1730,1731,1735,1747,1756,1769],""all_points_y"":[3020,3019,3005,2962,2934,2911,2883,2858,2820,2806,2808,2825,2846,2903,2939,2990]}",{}
40.png,28311606,{},1362,851,"{""name"":""polyline"",""all_points_x"":[1777,1783,1802],""all_points_y"":[2840,2855,2888]}",{}
40.png,28311606,{},1362,852,"{""name"":""polyline"",""all_points_x"":[1910,1898],""all_points_y"":[3043,3071]}",{}
40.png,28311606,{},1362,853,"{""name"":""polygon"",""all_points_x"":[1633,1635,1640,1650,1667,1680,1697,1709,1724,1719,1700,1681,1661,1645,1637],""all_points_y"":[2854,2853,2866,2891,2927,2951,2979,3000,3022,3024,2992,2958,2922,2887,2868]}",{}
40.png,28311606,{},1362,854,"{""name"":""polygon"",""all_points_x"":[1682,1691,1696,1707,1715,1725,1733,1739,1732,1723,1706,1688],""all_points_y"":[3023,3027,3004,2955,2922,2878,2846,2825,2823,2859,2928,3000]}",{}
40.png,28311606,{},1362,855,"{""name"":""polygon"",""all_points_x"":[2103,2106,2100,2090,2078,2066,2052,2041,2033,2028,2037,2068,2095],""all_points_y"":[2945,2948,2960,2976,2994,3016,3038,3056,3071,3071,3055,3002,2957]}",{}
40.png,28311606,{},1362,856,"{""name"":""polygon"",""all_points_x"":[1689,1694,1699,1698,1698,1706,1718,1725,1719,1702,1690],""all_points_y"":[2922,2938,2936,2927,2910,2879,2841,2825,2825,2875,2909]}",{}
40.png,28311606,{},1362,857,"{""name"":""polygon"",""all_points_x"":[1826,1827,1826,1829,1829,1832,1838,1836,1832,1831,1831],""all_points_y"":[2720,2736,2762,2793,2813,2815,2813,2798,2761,2734,2718]}",{}
40.png,28311606,{},1362,858,"{""name"":""polygon"",""all_points_x"":[1369,1370,1376,1373],""all_points_y"":[2996,3027,3026,2996]}",{}
40.png,28311606,{},1362,859,"{""name"":""polygon"",""all_points_x"":[2082,2090,2115,2134,2170,2173,2155,2137,2116,2094,2089],""all_points_y"":[3071,3061,3034,3010,2970,2973,2994,3015,3039,3066,3072]}",{}
40.png,28311606,{},1362,860,"{""name"":""polygon"",""all_points_x"":[2106,2126,2143,2161,2186,2182,2145,2127,2104],""all_points_y"":[3026,3034,3039,3053,3071,3072,3048,3040,3031]}",{}
40.png,28311606,{},1362,861,"{""name"":""polygon"",""all_points_x"":[1669,1682,1714,1749,1748,1727,1710,1683,1669],""all_points_y"":[2865,2854,2832,2825,2830,2834,2840,2859,2868]}",{}
40.png,28311606,{},1362,862,"{""name"":""polyline"",""all_points_x"":[1779,1768,1758],""all_points_y"":[2758,2781,2805]}",{}
40.png,28311606,{},1362,863,"{""name"":""polygon"",""all_points_x"":[1641,1663,1699,1715,1714,1682,1657,1640],""all_points_y"":[2764,2761,2756,2753,2761,2766,2770,2770]}",{}
40.png,28311606,{},1362,864,"{""name"":""polygon"",""all_points_x"":[1715,1732,1752,1756,1737,1716],""all_points_y"":[2694,2687,2677,2683,2691,2699]}",{}
40.png,28311606,{},1362,865,"{""name"":""polygon"",""all_points_x"":[1710,1721,1750,1752,1724,1706],""all_points_y"":[2673,2667,2651,2655,2671,2680]}",{}
40.png,28311606,{},1362,866,"{""name"":""polygon"",""all_points_x"":[1722,1727,1740,1767,1785,1805,1818,1814,1799,1778,1746],""all_points_y"":[2648,2652,2645,2631,2620,2605,2591,2589,2605,2621,2637]}",{}
40.png,28311606,{},1362,867,"{""name"":""polyline"",""all_points_x"":[1291,1299,1299,1298,1295],""all_points_y"":[2550,2569,2578,2593,2606]}",{}
40.png,28311606,{},1362,868,"{""name"":""polyline"",""all_points_x"":[1325,1336],""all_points_y"":[2525,2551]}",{}
40.png,28311606,{},1362,869,"{""name"":""polyline"",""all_points_x"":[1276,1282,1289],""all_points_y"":[2580,2598,2618]}",{}
40.png,28311606,{},1362,870,"{""name"":""polygon"",""all_points_x"":[1445,1440,1448,1450,1450],""all_points_y"":[2476,2505,2506,2493,2477]}",{}
40.png,28311606,{},1362,871,"{""name"":""polygon"",""all_points_x"":[1792,1781,1772,1758,1765,1771,1782,1795],""all_points_y"":[2616,2630,2646,2675,2675,2658,2638,2617]}",{}
40.png,28311606,{},1362,872,"{""name"":""polyline"",""all_points_x"":[1746,1767,1788],""all_points_y"":[2569,2577,2584]}",{}
40.png,28311606,{},1362,873,"{""name"":""polyline"",""all_points_x"":[1660,1691,1714],""all_points_y"":[2559,2600,2633]}",{}
40.png,28311606,{},1362,874,"{""name"":""polyline"",""all_points_x"":[1793,1805,1830,1860],""all_points_y"":[2659,2648,2635,2625]}",{}
40.png,28311606,{},1362,875,"{""name"":""polyline"",""all_points_x"":[1927,1921],""all_points_y"":[2542,2614]}",{}
40.png,28311606,{},1362,876,"{""name"":""polyline"",""all_points_x"":[2095,2052],""all_points_y"":[2872,2908]}",{}
40.png,28311606,{},1362,877,"{""name"":""polyline"",""all_points_x"":[2102,2096,2087],""all_points_y"":[2862,2882,2906]}",{}
40.png,28311606,{},1362,878,"{""name"":""polyline"",""all_points_x"":[1904,1935],""all_points_y"":[2845,2834]}",{}
40.png,28311606,{},1362,879,"{""name"":""polyline"",""all_points_x"":[1331,1351,1373],""all_points_y"":[2574,2567,2566]}",{}
40.png,28311606,{},1362,880,"{""name"":""polygon"",""all_points_x"":[1435,1419,1424,1435,1443,1447,1439],""all_points_y"":[2220,2239,2242,2230,2220,2214,2213]}",{}
40.png,28311606,{},1362,881,"{""name"":""polygon"",""all_points_x"":[1591,1594,1611,1638,1662,1667,1664,1650,1629,1600],""all_points_y"":[2161,2164,2162,2157,2152,2150,2144,2148,2153,2158]}",{}
40.png,28311606,{},1362,882,"{""name"":""polyline"",""all_points_x"":[1609,1651,1680],""all_points_y"":[1895,1893,1893]}",{}
40.png,28311606,{},1362,883,"{""name"":""polyline"",""all_points_x"":[1658,1625],""all_points_y"":[1296,1336]}",{}
40.png,28311606,{},1362,884,"{""name"":""polyline"",""all_points_x"":[1383,1381],""all_points_y"":[1361,1382]}",{}
40.png,28311606,{},1362,885,"{""name"":""polyline"",""all_points_x"":[1387,1423],""all_points_y"":[1371,1374]}",{}
40.png,28311606,{},1362,886,"{""name"":""polyline"",""all_points_x"":[1067,1024],""all_points_y"":[1104,1093]}",{}
40.png,28311606,{},1362,887,"{""name"":""polyline"",""all_points_x"":[1751,1765,1783],""all_points_y"":[739,750,763]}",{}
40.png,28311606,{},1362,888,"{""name"":""polyline"",""all_points_x"":[1816,1794],""all_points_y"":[2131,2151]}",{}
40.png,28311606,{},1362,889,"{""name"":""polyline"",""all_points_x"":[1794,1782],""all_points_y"":[2127,2148]}",{}
40.png,28311606,{},1362,890,"{""name"":""polygon"",""all_points_x"":[1716,1737,1761,1783,1804,1838,1837,1810,1785,1764,1748,1714],""all_points_y"":[2350,2358,2365,2366,2372,2381,2387,2381,2375,2372,2368,2357]}",{}
40.png,28311606,{},1362,891,"{""name"":""polygon"",""all_points_x"":[2206,2222,2238,2252,2262,2277,2285,2283,2268,2247,2234,2221,2208],""all_points_y"":[2945,2969,2997,3028,3051,3072,3072,3063,3039,3002,2978,2956,2941]}",{}
40.png,28311606,{},1362,892,"{""name"":""polygon"",""all_points_x"":[2183,2184,2184,2186,2189,2193,2191,2189,2189,2186],""all_points_y"":[2974,2997,3020,3045,3071,3072,3052,3017,2993,2975]}",{}
40.png,28311606,{},1362,893,"{""name"":""polygon"",""all_points_x"":[2065,2075,2092,2109,2114,2102,2088,2073],""all_points_y"":[2990,2996,3009,3024,3019,3011,2999,2989]}",{}
40.png,28311606,{},1362,894,"{""name"":""polygon"",""all_points_x"":[2288,2301,2313,2321,2333,2345,2363,2370,2362,2343,2330,2317,2309,2302,2294],""all_points_y"":[2824,2845,2870,2890,2920,2946,2985,2982,2965,2927,2896,2869,2852,2839,2824]}",{}
40.png,28311606,{},1362,895,"{""name"":""polygon"",""all_points_x"":[2163,2175,2186,2194,2211,2214,2210,2193,2184,2174,2167],""all_points_y"":[2918,2942,2966,2983,3014,3011,3001,2969,2950,2930,2915]}",{}
40.png,28311606,{},1362,896,"{""name"":""polyline"",""all_points_x"":[2108,2138],""all_points_y"":[2782,2850]}",{}
40.png,28311606,{},1362,897,"{""name"":""polyline"",""all_points_x"":[2103,2129],""all_points_y"":[2865,2839]}",{}
40.png,28311606,{},1362,898,"{""name"":""polyline"",""all_points_x"":[2390,2392],""all_points_y"":[3017,3072]}",{}
40.png,28311606,{},1362,899,"{""name"":""polyline"",""all_points_x"":[2570,2587,2612],""all_points_y"":[3012,3009,3003]}",{}
40.png,28311606,{},1362,900,"{""name"":""polyline"",""all_points_x"":[2520,2548,2593],""all_points_y"":[2960,2960,2960]}",{}
40.png,28311606,{},1362,901,"{""name"":""polygon"",""all_points_x"":[2266,2283,2300,2307,2300,2283,2264],""all_points_y"":[2879,2892,2905,2912,2912,2897,2882]}",{}
40.png,28311606,{},1362,902,"{""name"":""polygon"",""all_points_x"":[2292,2301,2307,2311,2316,2321,2318,2313,2308,2301,2294],""all_points_y"":[2728,2742,2757,2777,2803,2801,2782,2759,2746,2732,2725]}",{}
40.png,28311606,{},1362,903,"{""name"":""polygon"",""all_points_x"":[2244,2251,2256,2259,2260,2259,2262,2263,2263,2262,2259,2255,2246],""all_points_y"":[2834,2841,2855,2866,2884,2911,2911,2902,2881,2866,2850,2839,2829]}",{}
40.png,28311606,{},1362,904,"{""name"":""polyline"",""all_points_x"":[2474,2512],""all_points_y"":[2872,2823]}",{}
40.png,28311606,{},1362,905,"{""name"":""polyline"",""all_points_x"":[2560,2520],""all_points_y"":[2780,2821]}",{}
40.png,28311606,{},1362,906,"{""name"":""polyline"",""all_points_x"":[2554,2534],""all_points_y"":[2806,2846]}",{}
40.png,28311606,{},1362,907,"{""name"":""polyline"",""all_points_x"":[2613,2584],""all_points_y"":[2790,2801]}",{}
40.png,28311606,{},1362,908,"{""name"":""polygon"",""all_points_x"":[2096,2098,2099,2100,2103,2105,2109,2114,2115,2117,2119,2119,2116,2113,2106,2102,2107,2112,2114,2113,2109,2104,2100,2097],""all_points_y"":[2604,2604,2612,2630,2645,2663,2684,2701,2715,2733,2746,2767,2792,2806,2837,2834,2812,2787,2762,2731,2702,2678,2651,2629]}",{}
40.png,28311606,{},1362,909,"{""name"":""polygon"",""all_points_x"":[2192,2198,2197,2197,2196,2193,2189,2190,2192,2193,2193,2194],""all_points_y"":[2789,2788,2771,2733,2697,2666,2665,2680,2707,2737,2759,2783]}",{}
40.png,28311606,{},1362,910,"{""name"":""polygon"",""all_points_x"":[2209,2219,2231,2243,2249,2244,2231,2217,2212],""all_points_y"":[2656,2676,2695,2723,2722,2709,2687,2662,2655]}",{}
40.png,28311606,{},1362,911,"{""name"":""polygon"",""all_points_x"":[2251,2256,2265,2273,2280,2282,2286,2286,2282,2277,2271,2267,2262,2255],""all_points_y"":[2745,2733,2711,2687,2661,2641,2641,2653,2669,2686,2703,2713,2728,2745]}",{}
40.png,28311606,{},1362,912,"{""name"":""polygon"",""all_points_x"":[2440,2440,2441,2443,2444,2438,2449,2450,2451,2447,2444],""all_points_y"":[2651,2671,2688,2717,2739,2766,2770,2758,2731,2695,2650]}",{}
40.png,28311606,{},1362,913,"{""name"":""polygon"",""all_points_x"":[2568,2576,2580,2585,2585,2578,2574],""all_points_y"":[2760,2763,2745,2719,2714,2714,2731]}",{}
40.png,28311606,{},1362,914,"{""name"":""polygon"",""all_points_x"":[2621,2615,2610,2608,2614,2615,2617,2624],""all_points_y"":[2543,2549,2573,2598,2598,2583,2562,2545]}",{}
40.png,28311606,{},1362,915,"{""name"":""polygon"",""all_points_x"":[2195,2199,2201,2204,2207,2202,2201,2198],""all_points_y"":[2398,2396,2411,2437,2482,2480,2452,2425]}",{}
40.png,28311606,{},1362,916,"{""name"":""polygon"",""all_points_x"":[2255,2260,2260,2256,2250,2239,2236,2232,2240],""all_points_y"":[2389,2387,2393,2402,2423,2453,2463,2461,2435]}",{}
40.png,28311606,{},1362,917,"{""name"":""polygon"",""all_points_x"":[2232,2229,2226,2222,2219,2218,2222,2223,2226,2231,2235],""all_points_y"":[2227,2248,2268,2296,2319,2332,2332,2320,2296,2253,2227]}",{}
40.png,28311606,{},1362,918,"{""name"":""polygon"",""all_points_x"":[2192,2197,2206,2209,2205,2197,2195],""all_points_y"":[2305,2332,2364,2362,2348,2315,2300]}",{}
40.png,28311606,{},1362,919,"{""name"":""polygon"",""all_points_x"":[2518,2513,2506,2498,2486,2480,2476,2482,2485,2493,2502,2514,2521],""all_points_y"":[2383,2400,2417,2441,2483,2508,2521,2523,2507,2477,2444,2405,2383]}",{}
40.png,28311606,{},1362,920,"{""name"":""polygon"",""all_points_x"":[2456,2451,2450,2455,2456,2460],""all_points_y"":[2461,2485,2505,2504,2488,2464]}",{}
40.png,28311606,{},1362,921,"{""name"":""polygon"",""all_points_x"":[2649,2601,2581,2559,2562,2571,2588,2609,2627,2639,2650],""all_points_y"":[2423,2470,2488,2511,2513,2505,2488,2467,2450,2438,2425]}",{}
40.png,28311606,{},1362,922,"{""name"":""polygon"",""all_points_x"":[2284,2287,2283,2286,2291,2288,2290,2292,2291],""all_points_y"":[2308,2326,2359,2372,2371,2357,2340,2324,2306]}",{}
40.png,28311606,{},1362,923,"{""name"":""polygon"",""all_points_x"":[2359,2368,2379,2384,2375,2365],""all_points_y"":[2223,2237,2257,2253,2237,2221]}",{}
40.png,28311606,{},1362,924,"{""name"":""polygon"",""all_points_x"":[2389,2410,2417,2421,2409,2393],""all_points_y"":[2209,2234,2241,2236,2220,2205]}",{}
40.png,28311606,{},1362,925,"{""name"":""polygon"",""all_points_x"":[2241,2250,2264,2270,2279,2272,2259,2247],""all_points_y"":[2008,2022,2050,2062,2058,2043,2024,2006]}",{}
40.png,28311606,{},1362,926,"{""name"":""polygon"",""all_points_x"":[2349,2359,2360,2358,2357,2350,2349,2350],""all_points_y"":[2064,2065,2046,2025,2002,2003,2030,2049]}",{}
40.png,28311606,{},1362,927,"{""name"":""polygon"",""all_points_x"":[2049,2063,2088,2102,2117,2124,2128,2110,2090,2067,2053],""all_points_y"":[2024,2032,2046,2055,2065,2069,2063,2053,2043,2031,2023]}",{}
40.png,28311606,{},1362,928,"{""name"":""polygon"",""all_points_x"":[2140,2134,2133,2130,2128,2126,2126,2130,2132,2134,2138,2140,2143],""all_points_y"":[1885,1897,1911,1935,1958,1967,1977,1976,1962,1941,1917,1898,1887]}",{}
40.png,28311606,{},1362,929,"{""name"":""polygon"",""all_points_x"":[2264,2261,2257,2251,2246,2242,2236,2242,2246,2250,2252,2258,2263,2268],""all_points_y"":[1849,1862,1885,1907,1933,1948,1967,1969,1956,1941,1922,1897,1876,1850]}",{}
40.png,28311606,{},1362,930,"{""name"":""polygon"",""all_points_x"":[2204,2224,2244,2265,2285,2300,2298,2271,2251,2222,2203],""all_points_y"":[1954,1966,1979,1992,2004,2013,2015,2001,1987,1969,1957]}",{}
40.png,28311606,{},1362,931,"{""name"":""polygon"",""all_points_x"":[2249,2259,2268,2284,2287,2279,2262,2251,2249],""all_points_y"":[1953,1968,1978,2000,1997,1983,1961,1944,1950]}",{}
40.png,28311606,{},1362,932,"{""name"":""polygon"",""all_points_x"":[2247,2252,2265,2282,2285,2273,2262,2250],""all_points_y"":[2038,2032,2019,2003,2008,2018,2030,2041]}",{}
40.png,28311606,{},1362,933,"{""name"":""polyline"",""all_points_x"":[2116,2152],""all_points_y"":[1988,2007]}",{}
40.png,28311606,{},1362,934,"{""name"":""polygon"",""all_points_x"":[2264,2271,2286,2309,2306,2291,2277,2269,2260],""all_points_y"":[2000,2005,2012,2020,2023,2018,2013,2008,2002]}",{}
40.png,28311606,{},1362,935,"{""name"":""polygon"",""all_points_x"":[2241,2253,2266,2282,2281,2268,2256,2241],""all_points_y"":[1994,2002,2010,2017,2021,2015,2008,1997]}",{}
40.png,28311606,{},1362,936,"{""name"":""polygon"",""all_points_x"":[2337,2343,2351,2360,2367,2376,2386,2388,2384,2378,2371,2361,2350,2339],""all_points_y"":[1981,1990,2007,2024,2039,2059,2090,2088,2075,2054,2035,2016,1996,1979]}",{}
40.png,28311606,{},1362,937,"{""name"":""polygon"",""all_points_x"":[2363,2368,2384,2418,2437,2437,2425,2395,2377,2364],""all_points_y"":[2049,2039,2026,2007,1997,2003,2009,2024,2037,2052]}",{}
40.png,28311606,{},1362,938,"{""name"":""polygon"",""all_points_x"":[2425,2410,2382,2366,2368,2383,2394,2417,2429],""all_points_y"":[2011,2017,2033,2048,2052,2041,2032,2020,2015]}",{}
40.png,28311606,{},1362,939,"{""name"":""polygon"",""all_points_x"":[2312,2330,2357,2381,2397,2398,2380,2361,2342,2326,2315],""all_points_y"":[1942,1940,1938,1935,1933,1937,1940,1943,1946,1948,1950]}",{}
40.png,28311606,{},1362,940,"{""name"":""polygon"",""all_points_x"":[2277,2263,2270,2278,2290,2311,2330,2353,2379,2403,2423,2443,2469,2467,2444,2428,2401,2368,2333],""all_points_y"":[1873,1890,1894,1883,1870,1851,1836,1813,1792,1769,1749,1730,1702,1700,1723,1740,1766,1795,1826]}",{}
40.png,28311606,{},1362,941,"{""name"":""polygon"",""all_points_x"":[2439,2452,2472,2488,2489,2477,2457,2444],""all_points_y"":[2003,1993,1981,1968,1971,1981,1995,2005]}",{}
40.png,28311606,{},1362,942,"{""name"":""polygon"",""all_points_x"":[2457,2462,2463,2467,2471,2475,2477,2473,2471,2465],""all_points_y"":[1979,1979,1966,1936,1911,1885,1862,1863,1886,1920]}",{}
40.png,28311606,{},1362,943,"{""name"":""polygon"",""all_points_x"":[2499,2494,2485,2481,2481,2487,2486,2493,2502],""all_points_y"":[1923,1935,1958,1965,1972,1968,1962,1947,1926]}",{}
40.png,28311606,{},1362,944,"{""name"":""polygon"",""all_points_x"":[2511,2513,2519,2542,2563,2590,2611,2630,2645,2659,2656,2636,2615,2585,2546],""all_points_y"":[1896,1903,1897,1883,1868,1850,1836,1822,1811,1800,1798,1813,1828,1849,1875]}",{}
40.png,28311606,{},1362,945,"{""name"":""polygon"",""all_points_x"":[1936,1943,1947,1958,1961,1957,1951,1947,1939],""all_points_y"":[1899,1916,1933,1956,1954,1944,1929,1915,1897]}",{}
40.png,28311606,{},1362,946,"{""name"":""polygon"",""all_points_x"":[1976,1970,1969,1970,1976,1974,1975,1980],""all_points_y"":[1935,1951,1965,1984,1985,1973,1957,1936]}",{}
40.png,28311606,{},1362,947,"{""name"":""polygon"",""all_points_x"":[2003,2049,2060,2055,2040,2024,2009,2002],""all_points_y"":[1858,1898,1905,1910,1896,1883,1868,1862]}",{}
40.png,28311606,{},1362,948,"{""name"":""polygon"",""all_points_x"":[2054,2058,2063,2066,2070,2068,2066,2060,2058],""all_points_y"":[1774,1794,1819,1832,1831,1822,1808,1782,1775]}",{}
40.png,28311606,{},1362,949,"{""name"":""polygon"",""all_points_x"":[2005,2020,2035,2081,2104,2117,2113,2096,2068,2045,2021,2002],""all_points_y"":[1722,1733,1743,1778,1795,1805,1806,1794,1773,1757,1741,1726]}",{}
40.png,28311606,{},1362,950,"{""name"":""polygon"",""all_points_x"":[2009,2021,2047,2065,2086,2111,2122,2121,2102,2072,2044,2028,2004],""all_points_y"":[1745,1747,1751,1754,1758,1764,1766,1769,1765,1761,1758,1756,1750]}",{}
40.png,28311606,{},1362,951,"{""name"":""polygon"",""all_points_x"":[2192,2188,2185,2180,2184,2186,2189,2193,2196],""all_points_y"":[1751,1763,1778,1796,1797,1791,1776,1762,1751]}",{}
40.png,28311606,{},1362,952,"{""name"":""polygon"",""all_points_x"":[2197,2220,2258,2288,2327,2350,2349,2298,2270,2246,2224,2204,2196],""all_points_y"":[1702,1701,1696,1692,1688,1685,1691,1698,1703,1706,1708,1709,1706]}",{}
40.png,28311606,{},1362,953,"{""name"":""polygon"",""all_points_x"":[1965,1983,2001,2020,2031,2034,2026,2016,2004,1994,1975,1961],""all_points_y"":[1732,1733,1733,1725,1719,1726,1735,1738,1739,1740,1738,1739]}",{}
40.png,28311606,{},1362,954,"{""name"":""polygon"",""all_points_x"":[2457,2456,2467,2495,2522,2549,2569,2587,2607,2603,2583,2540,2498,2482],""all_points_y"":[1848,1857,1855,1852,1848,1844,1842,1841,1840,1833,1836,1839,1845,1847]}",{}
40.png,28311606,{},1362,955,"{""name"":""polygon"",""all_points_x"":[2441,2441,2455,2476,2496,2517,2537,2554,2552,2501],""all_points_y"":[1843,1851,1847,1844,1841,1839,1837,1835,1830,1837]}",{}
40.png,28311606,{},1362,956,"{""name"":""polygon"",""all_points_x"":[2404,2425,2454,2481,2502,2502,2477,2453,2424,2400],""all_points_y"":[1813,1810,1807,1803,1802,1808,1811,1815,1818,1820]}",{}
40.png,28311606,{},1362,957,"{""name"":""polygon"",""all_points_x"":[2175,2196,2218,2239,2265,2293,2315,2339,2353,2347,2325,2301,2258,2215,2189,2170],""all_points_y"":[1558,1567,1577,1585,1596,1607,1616,1625,1631,1633,1623,1615,1598,1582,1572,1563]}",{}
40.png,28311606,{},1362,958,"{""name"":""polygon"",""all_points_x"":[2203,2221,2242,2263,2261,2249,2234,2217,2203],""all_points_y"":[1627,1626,1625,1624,1627,1629,1630,1630,1630]}",{}
40.png,28311606,{},1362,959,"{""name"":""polygon"",""all_points_x"":[2302,2312,2333,2360,2394,2418,2427,2429,2410,2382,2356,2336,2317],""all_points_y"":[1689,1684,1673,1658,1644,1634,1630,1637,1646,1660,1670,1681,1691]}",{}
40.png,28311606,{},1362,960,"{""name"":""polygon"",""all_points_x"":[2291,2297,2298,2293,2304,2310,2310,2308,2304,2302],""all_points_y"":[1612,1626,1640,1657,1658,1656,1647,1631,1618,1613]}",{}
40.png,28311606,{},1362,961,"{""name"":""polygon"",""all_points_x"":[1975,1988,2004,2029,2029,2016,1997,1975],""all_points_y"":[1632,1629,1626,1623,1629,1630,1632,1638]}",{}
40.png,28311606,{},1362,962,"{""name"":""polyline"",""all_points_x"":[2051,2040,2035],""all_points_y"":[1671,1701,1713]}",{}
40.png,28311606,{},1362,963,"{""name"":""polyline"",""all_points_x"":[2048,2024],""all_points_y"":[1657,1704]}",{}
40.png,28311606,{},1362,964,"{""name"":""polyline"",""all_points_x"":[2466,2467,2466],""all_points_y"":[1663,1696,1749]}",{}
40.png,28311606,{},1362,965,"{""name"":""polyline"",""all_points_x"":[2555,2545,2533],""all_points_y"":[1612,1628,1663]}",{}
40.png,28311606,{},1362,966,"{""name"":""polygon"",""all_points_x"":[2224,2225,2239,2264,2290,2325,2357,2357,2335,2286],""all_points_y"":[1548,1553,1550,1544,1538,1531,1525,1522,1525,1535]}",{}
40.png,28311606,{},1362,967,"{""name"":""polygon"",""all_points_x"":[2222,2226,2242,2272,2307,2346,2382,2391,2389,2365,2328,2274,2241],""all_points_y"":[1551,1557,1556,1558,1562,1566,1571,1572,1569,1566,1561,1555,1551]}",{}
40.png,28311606,{},1362,968,"{""name"":""polygon"",""all_points_x"":[2266,2286,2316,2323,2345,2367,2387,2401,2412,2411,2396,2379,2355,2310,2272,2254,2260],""all_points_y"":[1547,1554,1566,1568,1575,1582,1587,1590,1591,1593,1593,1589,1582,1568,1558,1551,1545]}",{}
40.png,28311606,{},1362,969,"{""name"":""polygon"",""all_points_x"":[2328,2346,2366,2392,2414,2433,2450,2447,2430,2408,2388,2344,2305],""all_points_y"":[1565,1569,1573,1581,1585,1588,1592,1595,1592,1588,1583,1573,1562]}",{}
40.png,28311606,{},1362,970,"{""name"":""polygon"",""all_points_x"":[2283,2286,2292,2314,2339,2370,2397,2415,2439,2462,2478,2476,2454,2437,2409,2383,2338,2311,2292,2286],""all_points_y"":[1647,1653,1648,1643,1640,1638,1635,1634,1635,1640,1642,1639,1635,1632,1630,1632,1637,1640,1643,1645]}",{}
40.png,28311606,{},1362,971,"{""name"":""polygon"",""all_points_x"":[2088,2111,2168,2203,2248,2286,2296,2298,2282,2239,2204,2171,2147,2120,2089],""all_points_y"":[1600,1594,1583,1576,1568,1562,1561,1566,1571,1579,1587,1593,1600,1606,1610]}",{}
40.png,28311606,{},1362,972,"{""name"":""polygon"",""all_points_x"":[2112,2134,2170,2191,2210,2208,2192,2150,2089],""all_points_y"":[1459,1465,1474,1480,1485,1492,1487,1475,1457]}",{}
40.png,28311606,{},1362,973,"{""name"":""polygon"",""all_points_x"":[2187,2211,2241,2273,2299,2305,2291,2260,2234,2213,2190],""all_points_y"":[1432,1428,1422,1417,1410,1414,1419,1424,1429,1432,1436]}",{}
40.png,28311606,{},1362,974,"{""name"":""polygon"",""all_points_x"":[2337,2369,2397,2434,2474,2491,2483,2464,2417,2397,2371,2336],""all_points_y"":[1516,1522,1526,1529,1536,1543,1547,1539,1532,1531,1527,1521]}",{}
40.png,28311606,{},1362,975,"{""name"":""polygon"",""all_points_x"":[2378,2401,2438,2477,2503,2540,2562,2573,2573,2547,2514,2501,2473,2447,2428,2404,2377,2376],""all_points_y"":[1520,1518,1516,1512,1511,1507,1506,1507,1512,1511,1514,1516,1516,1519,1521,1523,1525,1520]}",{}
40.png,28311606,{},1362,976,"{""name"":""polygon"",""all_points_x"":[2206,2234,2274,2311,2337,2374,2415,2411,2380,2292,2251,2231,2205],""all_points_y"":[1439,1449,1460,1472,1481,1494,1510,1514,1501,1471,1458,1455,1444]}",{}
40.png,28311606,{},1362,977,"{""name"":""polygon"",""all_points_x"":[2256,2279,2304,2341,2341,2319,2296,2281,2263,2255],""all_points_y"":[1483,1482,1480,1475,1478,1482,1484,1486,1487,1487]}",{}
40.png,28311606,{},1362,978,"{""name"":""polygon"",""all_points_x"":[2102,2113,2132,2151,2172,2189,2211,2230,2245,2245,2233,2210,2188,2174,2152,2140,2118,2101,2096],""all_points_y"":[1552,1548,1541,1539,1540,1540,1535,1532,1532,1539,1540,1541,1545,1546,1544,1545,1551,1562,1557]}",{}
40.png,28311606,{},1362,979,"{""name"":""polygon"",""all_points_x"":[2501,2504,2513,2535,2560,2580,2594,2610,2636,2656,2678,2687,2683,2662,2626,2589,2579,2564,2549,2527,2515],""all_points_y"":[1567,1570,1565,1559,1558,1557,1555,1550,1543,1540,1539,1538,1528,1532,1540,1549,1551,1551,1552,1554,1558]}",{}
40.png,28311606,{},1362,980,"{""name"":""polyline"",""all_points_x"":[2362,2389,2414,2464],""all_points_y"":[1485,1480,1475,1462]}",{}
40.png,28311606,{},1362,981,"{""name"":""polyline"",""all_points_x"":[2445,2443,2442],""all_points_y"":[1438,1445,1498]}",{}
40.png,28311606,{},1362,982,"{""name"":""polyline"",""all_points_x"":[2452,2450,2453,2454],""all_points_y"":[1438,1451,1475,1497]}",{}
40.png,28311606,{},1362,983,"{""name"":""polyline"",""all_points_x"":[2472,2466,2465,2462],""all_points_y"":[1445,1459,1481,1503]}",{}
40.png,28311606,{},1362,984,"{""name"":""polyline"",""all_points_x"":[2485,2467],""all_points_y"":[1449,1503]}",{}
40.png,28311606,{},1362,985,"{""name"":""polyline"",""all_points_x"":[2472,2475,2475,2470],""all_points_y"":[1463,1484,1494,1510]}",{}
40.png,28311606,{},1362,986,"{""name"":""polyline"",""all_points_x"":[2002,1994],""all_points_y"":[1474,1517]}",{}
40.png,28311606,{},1362,987,"{""name"":""polyline"",""all_points_x"":[2137,2162,2185],""all_points_y"":[1422,1413,1401]}",{}
40.png,28311606,{},1362,988,"{""name"":""polygon"",""all_points_x"":[2110,2129,2147,2168,2186,2210,2240,2261,2283,2315,2342,2339,2318,2271,2223,2178,2143,2123,2108],""all_points_y"":[1321,1326,1332,1337,1341,1347,1356,1362,1368,1377,1384,1387,1382,1369,1356,1344,1337,1332,1329]}",{}
40.png,28311606,{},1362,989,"{""name"":""polygon"",""all_points_x"":[2421,2432,2462,2486,2521,2553,2575,2595,2592,2581,2549,2511,2476,2455,2436,2420],""all_points_y"":[1417,1416,1413,1410,1408,1407,1407,1408,1412,1410,1412,1414,1416,1419,1421,1421]}",{}
40.png,28311606,{},1362,990,"{""name"":""polygon"",""all_points_x"":[2420,2441,2469,2524,2562,2603,2644,2692,2724,2747,2745,2725,2685,2635,2598,2557,2518,2486,2461,2439,2420],""all_points_y"":[1428,1430,1431,1430,1430,1429,1430,1428,1428,1428,1432,1432,1433,1435,1437,1437,1438,1439,1439,1439,1436]}",{}
40.png,28311606,{},1362,991,"{""name"":""polygon"",""all_points_x"":[2179,2190,2217,2239,2261,2284,2288,2274,2256,2237,2221,2200,2189],""all_points_y"":[1339,1329,1305,1284,1262,1241,1245,1261,1277,1296,1312,1332,1343]}",{}
40.png,28311606,{},1362,992,"{""name"":""polygon"",""all_points_x"":[2284,2278,2268,2272,2275,2282,2287],""all_points_y"":[1287,1304,1333,1335,1326,1306,1287]}",{}
40.png,28311606,{},1362,993,"{""name"":""polygon"",""all_points_x"":[2031,2047,2067,2082,2088,2084,2073,2057,2042,2030],""all_points_y"":[1186,1198,1213,1223,1228,1232,1224,1212,1201,1192]}",{}
40.png,28311606,{},1362,994,"{""name"":""polygon"",""all_points_x"":[2114,2117,2132,2162,2193,2225,2249,2270,2294,2315,2333,2332,2314,2279,2250,2185,2146],""all_points_y"":[1279,1286,1280,1275,1267,1260,1254,1250,1247,1243,1240,1237,1240,1244,1249,1263,1272]}",{}
40.png,28311606,{},1362,995,"{""name"":""polygon"",""all_points_x"":[2075,2080,2103,2129,2162,2187,2217,2237,2266,2265,2248,2192,2130,2098],""all_points_y"":[1274,1280,1273,1266,1258,1252,1246,1241,1235,1232,1235,1246,1260,1267]}",{}
40.png,28311606,{},1362,996,"{""name"":""polygon"",""all_points_x"":[2125,2135,2145,2154,2162,2165,2172,2178,2184,2187,2183,2176,2168,2168,2161,2150,2144,2143,2127],""all_points_y"":[1273,1255,1233,1216,1200,1189,1173,1158,1144,1147,1158,1176,1195,1199,1213,1235,1251,1262,1276]}",{}
40.png,28311606,{},1362,997,"{""name"":""polygon"",""all_points_x"":[2117,2152,2189,2223,2258,2295,2321,2322,2298,2260,2207,2174,2145,2118],""all_points_y"":[1260,1249,1235,1223,1211,1200,1191,1194,1202,1216,1238,1249,1257,1264]}",{}
40.png,28311606,{},1362,998,"{""name"":""polygon"",""all_points_x"":[2082,2100,2135,2160,2200,2197,2169,2132,2103,2081],""all_points_y"":[1201,1200,1200,1199,1199,1208,1206,1206,1207,1207]}",{}
40.png,28311606,{},1362,999,"{""name"":""polygon"",""all_points_x"":[2083,2097,2115,2133,2152,2158,2149,2125,2096,2081],""all_points_y"":[1194,1195,1195,1194,1196,1198,1202,1200,1200,1197]}",{}
40.png,28311606,{},1362,1000,"{""name"":""polygon"",""all_points_x"":[2124,2144,2161,2220,2232,2235,2222,2161,2135,2122],""all_points_y"":[1137,1136,1134,1131,1127,1132,1135,1141,1144,1145]}",{}
40.png,28311606,{},1362,1001,"{""name"":""polyline"",""all_points_x"":[1983,2049],""all_points_y"":[1276,1249]}",{}
40.png,28311606,{},1362,1002,"{""name"":""polyline"",""all_points_x"":[2459,2442,2436],""all_points_y"":[1232,1247,1260]}",{}
40.png,28311606,{},1362,1003,"{""name"":""polygon"",""all_points_x"":[2293,2297,2316,2337,2369,2396,2422,2457,2486,2512,2531,2559,2579,2589,2612,2629,2646,2664,2676,2676,2659,2640,2613,2597,2578,2539,2494,2444,2382,2347],""all_points_y"":[977,984,976,967,949,933,919,898,882,868,856,843,833,828,820,811,806,800,799,794,797,802,812,818,825,845,868,896,931,950]}",{}
40.png,28311606,{},1362,1004,"{""name"":""polyline"",""all_points_x"":[2547,2568,2600],""all_points_y"":[886,881,873]}",{}
40.png,28311606,{},1362,1005,"{""name"":""polyline"",""all_points_x"":[2402,2319],""all_points_y"":[868,947]}",{}
40.png,28311606,{},1362,1006,"{""name"":""polygon"",""all_points_x"":[2284,2300,2331,2351,2375,2409,2430,2451,2451,2433,2400,2352,2317,2284],""all_points_y"":[954,949,944,941,935,931,926,922,927,930,937,946,953,962]}",{}
40.png,28311606,{},1362,1007,"{""name"":""polygon"",""all_points_x"":[2253,2259,2268,2273,2268,2262,2258],""all_points_y"":[900,918,945,944,932,912,897]}",{}
40.png,28311606,{},1362,1008,"{""name"":""polygon"",""all_points_x"":[2430,2439,2455,2477,2492,2493,2483,2467,2454,2441,2432],""all_points_y"":[837,833,824,814,807,811,816,824,830,837,843]}",{}
40.png,28311606,{},1362,1009,"{""name"":""polygon"",""all_points_x"":[2429,2432,2441,2455,2471,2486,2496,2492,2478],""all_points_y"":[831,835,831,823,815,808,802,800,807]}",{}
40.png,28311606,{},1362,1010,"{""name"":""polygon"",""all_points_x"":[2412,2408,2403,2399,2395,2400,2402,2405,2411,2415,2416,2414,2413,2414,2411,2410,2410,2412],""all_points_y"":[789,806,824,844,861,862,851,831,807,790,779,766,759,751,750,761,767,778]}",{}
40.png,28311606,{},1362,1011,"{""name"":""polygon"",""all_points_x"":[2531,2552,2569,2568,2541,2518],""all_points_y"":[857,857,855,863,864,865]}",{}
40.png,28311606,{},1362,1012,"{""name"":""polygon"",""all_points_x"":[2605,2624,2644,2644,2626,2596],""all_points_y"":[823,820,821,828,826,827]}",{}
40.png,28311606,{},1362,1013,"{""name"":""polyline"",""all_points_x"":[2685,2667,2635],""all_points_y"":[747,761,793]}",{}
40.png,28311606,{},1362,1014,"{""name"":""polyline"",""all_points_x"":[2699,2674,2656],""all_points_y"":[768,783,797]}",{}
40.png,28311606,{},1362,1015,"{""name"":""polyline"",""all_points_x"":[2619,2616],""all_points_y"":[756,798]}",{}
40.png,28311606,{},1362,1016,"{""name"":""polyline"",""all_points_x"":[2355,2369,2389,2440],""all_points_y"":[966,960,956,944]}",{}
40.png,28311606,{},1362,1017,"{""name"":""polyline"",""all_points_x"":[2210,2247],""all_points_y"":[967,983]}",{}
40.png,28311606,{},1362,1018,"{""name"":""polygon"",""all_points_x"":[2257,2265,2275,2288,2295,2301,2296,2282,2266,2263,2261,2257,2253,2256,2258],""all_points_y"":[998,1008,1023,1044,1058,1055,1045,1023,1001,996,976,960,963,974,994]}",{}
40.png,28311606,{},1362,1019,"{""name"":""polygon"",""all_points_x"":[2414,2405,2398,2388,2393,2398,2404,2416,2421],""all_points_y"":[974,994,1015,1032,1037,1035,1023,1002,979]}",{}
40.png,28311606,{},1362,1020,"{""name"":""polygon"",""all_points_x"":[2451,2458,2469,2478,2488,2496,2500,2505,2508,2500,2489,2479,2467,2455],""all_points_y"":[976,990,1012,1032,1055,1080,1089,1088,1077,1057,1029,1011,992,972]}",{}
40.png,28311606,{},1362,1021,"{""name"":""polygon"",""all_points_x"":[2537,2547,2561,2576,2586,2593,2586,2569,2559,2550,2541],""all_points_y"":[887,904,926,951,966,964,955,929,912,900,887]}",{}
40.png,28311606,{},1362,1022,"{""name"":""polygon"",""all_points_x"":[2669,2665,2661,2657,2653,2649,2645,2638,2637,2643,2646,2651,2657,2663,2668,2673],""all_points_y"":[888,906,933,957,980,998,1022,1055,1067,1067,1055,1029,988,952,921,890]}",{}
40.png,28311606,{},1362,1023,"{""name"":""polygon"",""all_points_x"":[2262,2283,2303,2328,2346,2370,2368,2347,2310,2294,2275,2261],""all_points_y"":[464,472,478,486,492,501,504,497,486,481,475,468]}",{}
40.png,28311606,{},1362,1024,"{""name"":""polyline"",""all_points_x"":[2355,2325,2293],""all_points_y"":[455,459,467]}",{}
40.png,28311606,{},1362,1025,"{""name"":""polyline"",""all_points_x"":[2474,2448],""all_points_y"":[367,419]}",{}
40.png,28311606,{},1362,1026,"{""name"":""polyline"",""all_points_x"":[2713,2681,2644],""all_points_y"":[264,281,299]}",{}
40.png,28311606,{},1362,1027,"{""name"":""polyline"",""all_points_x"":[2256,2219],""all_points_y"":[379,413]}",{}
40.png,28311606,{},1362,1028,"{""name"":""polygon"",""all_points_x"":[2184,2213,2230,2255,2279,2303,2318,2315,2304,2275,2251,2228,2200,2178],""all_points_y"":[248,269,280,297,313,326,335,340,334,317,304,288,268,254]}",{}
40.png,28311606,{},1362,1029,"{""name"":""polygon"",""all_points_x"":[2297,2294,2292,2292,2289,2288,2288,2288,2294,2293,2295,2297,2298,2297,2301],""all_points_y"":[235,248,261,279,303,319,339,354,356,341,315,289,274,260,236]}",{}
40.png,28311606,{},1362,1030,"{""name"":""polygon"",""all_points_x"":[2098,2118,2137,2156,2173,2189,2186,2173,2141,2126,2106,2097],""all_points_y"":[215,226,239,250,259,270,274,265,247,238,224,219]}",{}
40.png,28311606,{},1362,1031,"{""name"":""polyline"",""all_points_x"":[2246,2267,2291,2325],""all_points_y"":[286,299,308,320]}",{}
40.png,28311606,{},1362,1032,"{""name"":""polyline"",""all_points_x"":[2338,2362,2387,2400],""all_points_y"":[318,321,324,326]}",{}
40.png,28311606,{},1362,1033,"{""name"":""polygon"",""all_points_x"":[2592,2597,2598,2605,2615,2622,2630,2643,2639,2626,2614,2612],""all_points_y"":[459,460,454,440,423,408,397,384,379,393,408,417]}",{}
40.png,28311606,{},1362,1034,"{""name"":""polygon"",""all_points_x"":[2649,2658,2669,2685,2702,2718,2721,2710,2681,2665,2653],""all_points_y"":[366,355,342,324,302,285,288,302,334,354,367]}",{}
40.png,28311606,{},1362,1035,"{""name"":""polyline"",""all_points_x"":[2660,2664],""all_points_y"":[318,354]}",{}
40.png,28311606,{},1362,1036,"{""name"":""polyline"",""all_points_x"":[2494,2461],""all_points_y"":[309,338]}",{}
40.png,28311606,{},1362,1037,"{""name"":""polygon"",""all_points_x"":[2261,2238,2224,2227,2236,2250,2265],""all_points_y"":[237,259,275,277,268,254,239]}",{}
40.png,28311606,{},1362,1038,"{""name"":""polygon"",""all_points_x"":[2532,2528,2523,2519,2515,2510,2512,2515,2518,2522,2527,2532,2536],""all_points_y"":[243,256,275,293,307,321,327,326,317,300,281,260,244]}",{}
40.png,28311606,{},1362,1039,"{""name"":""polygon"",""all_points_x"":[2371,2375,2380,2382,2385,2389,2394,2398,2409,2405,2399,2396,2393,2387,2382,2379],""all_points_y"":[24,43,74,95,123,170,209,269,266,230,186,153,126,73,44,22]}",{}
40.png,28311606,{},1362,1040,"{""name"":""polygon"",""all_points_x"":[2438,2448,2449,2453,2460,2466,2470,2475,2481,2475,2471,2463,2451,2445,2439],""all_points_y"":[268,268,248,204,155,108,67,36,2,0,25,75,156,200,237]}",{}
40.png,28311606,{},1362,1041,"{""name"":""polygon"",""all_points_x"":[2452,2463,2466,2475,2486,2496,2505,2514,2518,2525,2526,2518,2511,2504,2487],""all_points_y"":[284,285,269,233,179,138,95,58,36,5,1,1,28,61,131]}",{}
40.png,28311606,{},1362,1042,"{""name"":""polygon"",""all_points_x"":[2514,2519,2527,2547,2574,2604,2632,2669,2695,2718,2738,2734,2708,2665,2637,2610,2578],""all_points_y"":[246,256,250,243,230,217,200,178,162,147,134,133,149,175,192,207,222]}",{}
40.png,28311606,{},1362,1043,"{""name"":""polygon"",""all_points_x"":[2534,2530,2525,2522,2518,2517,2511,2517,2520,2523,2527,2531,2535,2537],""all_points_y"":[70,97,124,143,167,185,206,208,197,177,145,119,94,71]}",{}
40.png,28311606,{},1362,1044,"{""name"":""polygon"",""all_points_x"":[2379,2383,2388,2392,2396,2393,2387,2382],""all_points_y"":[17,34,54,73,71,58,35,15]}",{}
40.png,28311606,{},1362,1045,"{""name"":""polygon"",""all_points_x"":[2362,2369,2381,2388,2401,2405,2408,2403,2394,2384,2369,2363],""all_points_y"":[125,137,161,174,203,216,215,198,175,155,130,121]}",{}
40.png,28311606,{},1362,1046,"{""name"":""polyline"",""all_points_x"":[2412,2396],""all_points_y"":[37,71]}",{}
40.png,28311606,{},1362,1047,"{""name"":""polyline"",""all_points_x"":[2443,2405],""all_points_y"":[29,62]}",{}
40.png,28311606,{},1362,1048,"{""name"":""polyline"",""all_points_x"":[2675,2723],""all_points_y"":[11,57]}",{}
40.png,28311606,{},1362,1049,"{""name"":""polyline"",""all_points_x"":[2670,2658],""all_points_y"":[12,65]}",{}
40.png,28311606,{},1362,1050,"{""name"":""polyline"",""all_points_x"":[2590,2604,2618,2641],""all_points_y"":[76,81,90,106]}",{}
40.png,28311606,{},1362,1051,"{""name"":""polyline"",""all_points_x"":[2564,2578,2598],""all_points_y"":[143,161,192]}",{}
40.png,28311606,{},1362,1052,"{""name"":""polyline"",""all_points_x"":[2600,2607,2620],""all_points_y"":[43,62,82]}",{}
40.png,28311606,{},1362,1053,"{""name"":""polyline"",""all_points_x"":[2563,2588],""all_points_y"":[12,43]}",{}
40.png,28311606,{},1362,1054,"{""name"":""polyline"",""all_points_x"":[2803,2779,2769],""all_points_y"":[27,69,91]}",{}
40.png,28311606,{},1362,1055,"{""name"":""polygon"",""all_points_x"":[2489,2501,2511,2527,2522,2509,2493,2489],""all_points_y"":[192,212,229,254,258,234,205,198]}",{}
40.png,28311606,{},1362,1056,"{""name"":""polyline"",""all_points_x"":[2874,2860],""all_points_y"":[0,28]}",{}
40.png,28311606,{},1362,1057,"{""name"":""polyline"",""all_points_x"":[2860,2819],""all_points_y"":[47,66]}",{}
40.png,28311606,{},1362,1058,"{""name"":""polygon"",""all_points_x"":[2754,2762,2775,2784,2792,2803,2816,2820,2815,2803,2789,2779,2771,2756],""all_points_y"":[541,566,599,620,644,676,711,707,696,662,622,599,577,540]}",{}
40.png,28311606,{},1362,1059,"{""name"":""polyline"",""all_points_x"":[2725,2705,2684],""all_points_y"":[678,700,722]}",{}
40.png,28311606,{},1362,1060,"{""name"":""polyline"",""all_points_x"":[2617,2602,2592],""all_points_y"":[585,602,614]}",{}
40.png,28311606,{},1362,1061,"{""name"":""polyline"",""all_points_x"":[2768,2742],""all_points_y"":[788,855]}",{}
40.png,28311606,{},1362,1062,"{""name"":""polyline"",""all_points_x"":[2734,2724],""all_points_y"":[792,826]}",{}
40.png,28311606,{},1362,1063,"{""name"":""polyline"",""all_points_x"":[2239,2258,2278,2296],""all_points_y"":[1129,1120,1112,1099]}",{}
40.png,28311606,{},1362,1064,"{""name"":""polygon"",""all_points_x"":[2369,2377,2386,2400,2416,2424,2428,2415,2400,2392,2368],""all_points_y"":[1161,1155,1153,1146,1140,1136,1140,1144,1151,1156,1165]}",{}
40.png,28311606,{},1362,1065,"{""name"":""polygon"",""all_points_x"":[2364,2362,2357,2359,2365,2367,2369,2381,2397,2414,2409,2394,2374,2365],""all_points_y"":[1125,1142,1156,1158,1151,1137,1124,1113,1104,1099,1097,1101,1111,1121]}",{}
40.png,28311606,{},1362,1066,"{""name"":""polygon"",""all_points_x"":[2524,2528,2545,2574,2598,2626,2652,2676,2710,2729,2752,2776,2798,2810,2808,2785,2754,2728,2699,2662,2631,2602,2569],""all_points_y"":[1278,1288,1280,1264,1253,1242,1234,1229,1223,1220,1219,1216,1216,1217,1210,1210,1212,1214,1218,1224,1232,1242,1256]}",{}
40.png,28311606,{},1362,1067,"{""name"":""polygon"",""all_points_x"":[2534,2550,2579,2619,2651,2668,2704,2710,2706,2693,2661,2644,2610,2582,2561,2539],""all_points_y"":[1289,1285,1277,1267,1259,1257,1254,1255,1251,1249,1252,1256,1262,1268,1274,1284]}",{}
40.png,28311606,{},1362,1068,"{""name"":""polyline"",""all_points_x"":[2585,2581],""all_points_y"":[1155,1240]}",{}
40.png,28311606,{},1362,1069,"{""name"":""polygon"",""all_points_x"":[2573,2571,2570,2568,2567,2571,2572,2573,2576,2577],""all_points_y"":[1298,1320,1353,1383,1395,1395,1381,1358,1324,1297]}",{}
40.png,28311606,{},1362,1070,"{""name"":""polygon"",""all_points_x"":[2604,2608,2612,2617,2619,2624,2620,2613,2609,2607],""all_points_y"":[1297,1317,1342,1364,1372,1370,1356,1328,1310,1296]}",{}
40.png,28311606,{},1362,1071,"{""name"":""polygon"",""all_points_x"":[2549,2549,2547,2547,2546,2549,2550,2551,2552,2552],""all_points_y"":[1295,1322,1353,1379,1400,1401,1373,1351,1321,1295]}",{}
40.png,28311606,{},1362,1072,"{""name"":""polygon"",""all_points_x"":[2541,2549,2565,2580,2593,2604,2611,2597,2587,2578,2565,2552,2541],""all_points_y"":[1358,1350,1330,1311,1293,1275,1277,1297,1314,1327,1339,1354,1362]}",{}
40.png,28311606,{},1362,1073,"{""name"":""polygon"",""all_points_x"":[2612,2616,2625,2631,2640,2647,2653,2659,2669,2672,2669,2662,2657,2651,2645,2638,2629,2622,2615],""all_points_y"":[1260,1250,1228,1207,1176,1151,1130,1107,1069,1070,1084,1108,1132,1153,1173,1202,1228,1249,1262]}",{}
40.png,28311606,{},1362,1074,"{""name"":""polygon"",""all_points_x"":[2120,2135,2151,2166,2172,2171,2163,2147,2133,2119],""all_points_y"":[1588,1581,1575,1571,1572,1575,1579,1584,1590,1592]}",{}
40.png,28311606,{},1362,1075,"{""name"":""polygon"",""all_points_x"":[2470,2470,2469,2469,2467,2471,2472,2473,2473,2475,2473],""all_points_y"":[1665,1685,1705,1727,1751,1750,1738,1720,1701,1685,1667]}",{}
40.png,28311606,{},1362,1076,"{""name"":""polygon"",""all_points_x"":[2477,2478,2480,2482,2485,2487,2491,2491,2487,2483,2481],""all_points_y"":[1671,1688,1707,1724,1751,1757,1755,1746,1725,1695,1672]}",{}
40.png,28311606,{},1362,1077,"{""name"":""polygon"",""all_points_x"":[2472,2484,2503,2525,2555,2579,2586,2584,2569,2546,2492,2472],""all_points_y"":[1756,1758,1763,1770,1779,1786,1790,1794,1787,1782,1765,1760]}",{}
40.png,28311606,{},1362,1078,"{""name"":""polyline"",""all_points_x"":[2447,2509],""all_points_y"":[1739,1793]}",{}
40.png,28311606,{},1362,1079,"{""name"":""polygon"",""all_points_x"":[2508,2513,2523,2532,2549,2551,2547,2536,2528,2512],""all_points_y"":[1653,1663,1684,1708,1748,1747,1731,1708,1686,1653]}",{}
40.png,28311606,{},1362,1080,"{""name"":""polygon"",""all_points_x"":[2561,2564,2572,2589,2605,2626,2639,2643,2640,2625,2609],""all_points_y"":[1744,1748,1743,1732,1722,1713,1707,1705,1703,1710,1715]}",{}
40.png,28311606,{},1362,1081,"{""name"":""polyline"",""all_points_x"":[2428,2448,2464,2501],""all_points_y"":[1850,1837,1827,1806]}",{}
40.png,28311606,{},1362,1082,"{""name"":""polyline"",""all_points_x"":[2528,2584],""all_points_y"":[1790,1763]}",{}
40.png,28311606,{},1362,1083,"{""name"":""polygon"",""all_points_x"":[2541,2550,2574,2600,2628,2649,2646,2626,2601,2574,2554,2542,2537],""all_points_y"":[1699,1693,1695,1696,1695,1694,1698,1698,1699,1700,1700,1706,1702]}",{}
40.png,28311606,{},1362,1084,"{""name"":""polygon"",""all_points_x"":[2601,2597,2593,2589,2583,2579,2577,2572,2570,2569,2574,2573,2575,2579,2584,2588,2595,2605],""all_points_y"":[1575,1588,1604,1621,1642,1664,1686,1710,1733,1763,1763,1749,1725,1697,1666,1641,1611,1576]}",{}
40.png,28311606,{},1362,1085,"{""name"":""polygon"",""all_points_x"":[2606,2603,2597,2601,2604,2610,2611],""all_points_y"":[1734,1753,1782,1782,1770,1749,1735]}",{}
40.png,28311606,{},1362,1086,"{""name"":""polygon"",""all_points_x"":[2621,2613,2608,2611,2617,2625],""all_points_y"":[1742,1763,1779,1780,1765,1741]}",{}
40.png,28311606,{},1362,1087,"{""name"":""polygon"",""all_points_x"":[2639,2626,2615,2618,2627,2639,2643],""all_points_y"":[1737,1758,1775,1776,1765,1747,1741]}",{}
40.png,28311606,{},1362,1088,"{""name"":""polygon"",""all_points_x"":[2675,2673,2671,2668,2673,2674,2676,2678,2679],""all_points_y"":[1727,1745,1766,1799,1800,1788,1756,1736,1727]}",{}
40.png,28311606,{},1362,1089,"{""name"":""polygon"",""all_points_x"":[2608,2615,2619,2625,2619,2613],""all_points_y"":[1673,1695,1711,1708,1690,1671]}",{}
40.png,28311606,{},1362,1090,"{""name"":""polygon"",""all_points_x"":[2604,2621,2643,2672,2695,2709,2726,2752,2770,2789,2802,2823,2833,2836,2818,2802,2787,2777,2761,2751,2717,2705,2682,2655,2632,2607,2604],""all_points_y"":[1650,1649,1649,1648,1647,1648,1643,1631,1628,1630,1634,1640,1643,1648,1644,1639,1635,1634,1635,1638,1653,1653,1653,1656,1655,1655,1655]}",{}
40.png,28311606,{},1362,1091,"{""name"":""polygon"",""all_points_x"":[2788,2804,2825,2847,2859,2877,2874,2857,2844,2828,2791],""all_points_y"":[1628,1628,1628,1629,1627,1634,1637,1631,1634,1635,1632]}",{}
40.png,28311606,{},1362,1092,"{""name"":""polygon"",""all_points_x"":[2691,2687,2686,2681,2678,2677,2680,2683,2686,2689,2692,2695],""all_points_y"":[1722,1747,1763,1787,1814,1824,1824,1813,1793,1768,1745,1724]}",{}
40.png,28311606,{},1362,1093,"{""name"":""polygon"",""all_points_x"":[2631,2635,2639,2646,2653,2650,2640],""all_points_y"":[1831,1832,1823,1803,1783,1782,1805]}",{}
40.png,28311606,{},1362,1094,"{""name"":""polygon"",""all_points_x"":[2567,2556,2542,2547,2549,2556,2560,2571],""all_points_y"":[1676,1689,1725,1729,1721,1702,1690,1678]}",{}
40.png,28311606,{},1362,1095,"{""name"":""polygon"",""all_points_x"":[2586,2595,2602,2611,2617,2621,2618,2606,2598,2591],""all_points_y"":[2267,2295,2324,2351,2366,2362,2353,2316,2289,2268]}",{}
40.png,28311606,{},1362,1096,"{""name"":""polygon"",""all_points_x"":[2743,2744,2745,2747,2748,2753,2752,2750,2747,2746],""all_points_y"":[2973,2995,3020,3042,3072,3071,3053,3028,2994,2972]}",{}
40.png,28311606,{},1362,1097,"{""name"":""polygon"",""all_points_x"":[2809,2832,2866,2898,2917,2916,2898,2869,2837,2824,2807],""all_points_y"":[2886,2888,2892,2894,2895,2904,2901,2898,2894,2892,2892]}",{}
40.png,28311606,{},1362,1098,"{""name"":""polyline"",""all_points_x"":[2907,2928,2944],""all_points_y"":[2918,2908,2901]}",{}
40.png,28311606,{},1362,1099,"{""name"":""polyline"",""all_points_x"":[2977,2985,2991],""all_points_y"":[2907,2934,2951]}",{}
40.png,28311606,{},1362,1100,"{""name"":""polyline"",""all_points_x"":[2979,2985],""all_points_y"":[2809,2889]}",{}
40.png,28311606,{},1362,1101,"{""name"":""polyline"",""all_points_x"":[2956,3015],""all_points_y"":[2772,2870]}",{}
40.png,28311606,{},1362,1102,"{""name"":""polygon"",""all_points_x"":[2969,2980,2986,3007,3024,3033,3027,2995],""all_points_y"":[3071,3071,3061,3028,3002,2987,2987,3031]}",{}
40.png,28311606,{},1362,1103,"{""name"":""polygon"",""all_points_x"":[3071,3055,3059,3070,3072],""all_points_y"":[2915,2939,2942,2926,2921]}",{}
40.png,28311606,{},1362,1104,"{""name"":""polyline"",""all_points_x"":[2646,2666],""all_points_y"":[2878,2866]}",{}
40.png,28311606,{},1362,1105,"{""name"":""polygon"",""all_points_x"":[2855,2848,2841,2847,2851,2856,2858],""all_points_y"":[2672,2707,2736,2736,2717,2685,2674]}",{}
40.png,28311606,{},1362,1106,"{""name"":""polygon"",""all_points_x"":[2836,2829,2828,2833,2835,2841],""all_points_y"":[2766,2794,2799,2798,2787,2766]}",{}
40.png,28311606,{},1362,1107,"{""name"":""polyline"",""all_points_x"":[2637,2656,2682],""all_points_y"":[2791,2783,2775]}",{}
40.png,28311606,{},1362,1108,"{""name"":""polyline"",""all_points_x"":[2792,2825,2841,2859],""all_points_y"":[2601,2614,2619,2627]}",{}
40.png,28311606,{},1362,1109,"{""name"":""polyline"",""all_points_x"":[2865,2893],""all_points_y"":[2652,2681]}",{}
40.png,28311606,{},1362,1110,"{""name"":""polyline"",""all_points_x"":[2915,2977],""all_points_y"":[2539,2541]}",{}
40.png,28311606,{},1362,1111,"{""name"":""polygon"",""all_points_x"":[2724,2732,2762,2766,2760,2751,2740,2729,2721],""all_points_y"":[2486,2497,2522,2526,2531,2519,2511,2498,2487]}",{}
40.png,28311606,{},1362,1112,"{""name"":""polyline"",""all_points_x"":[2600,2625,2648],""all_points_y"":[2675,2665,2661]}",{}
40.png,28311606,{},1362,1113,"{""name"":""polyline"",""all_points_x"":[2556,2573,2592],""all_points_y"":[2619,2630,2648]}",{}
40.png,28311606,{},1362,1114,"{""name"":""polygon"",""all_points_x"":[3071,3057,3053,3059,3067,3071],""all_points_y"":[2526,2543,2551,2555,2542,2533]}",{}
40.png,28311606,{},1362,1115,"{""name"":""polygon"",""all_points_x"":[2286,2303,2321,2343,2359,2355,2338,2314,2298,2282],""all_points_y"":[2424,2431,2438,2449,2457,2465,2457,2445,2435,2427]}",{}
40.png,28311606,{},1362,1116,"{""name"":""polygon"",""all_points_x"":[2530,2542,2552,2558,2555,2546,2533],""all_points_y"":[2363,2378,2394,2398,2391,2377,2361]}",{}
40.png,28311606,{},1362,1117,"{""name"":""polygon"",""all_points_x"":[3026,3038,3037,3038,3039,3045,3052,3057,3061,3068,3071,3072,3071,3067,3056,3048,3041,3034,3029],""all_points_y"":[2449,2450,2434,2408,2387,2358,2323,2298,2271,2246,2230,2226,2217,2231,2277,2315,2346,2382,2414]}",{}
40.png,28311606,{},1362,1118,"{""name"":""polyline"",""all_points_x"":[2973,2985,3004],""all_points_y"":[2481,2495,2520]}",{}
40.png,28311606,{},1362,1119,"{""name"":""polyline"",""all_points_x"":[3036,3055],""all_points_y"":[2340,2376]}",{}
40.png,28311606,{},1362,1120,"{""name"":""polyline"",""all_points_x"":[3041,3064],""all_points_y"":[2389,2397]}",{}
40.png,28311606,{},1362,1121,"{""name"":""polyline"",""all_points_x"":[3044,3054,3063],""all_points_y"":[2371,2383,2400]}",{}
40.png,28311606,{},1362,1122,"{""name"":""polyline"",""all_points_x"":[2264,2272],""all_points_y"":[2335,2357]}",{}
40.png,28311606,{},1362,1123,"{""name"":""polygon"",""all_points_x"":[2979,2989,2990,2992,2994,2997,2999,3001,3003,3000,2997,2996,2992,2989,2985,2984,2983],""all_points_y"":[2322,2323,2298,2269,2243,2207,2166,2129,2119,2117,2129,2146,2187,2229,2271,2298,2309]}",{}
40.png,28311606,{},1362,1124,"{""name"":""polygon"",""all_points_x"":[2760,2782,2806,2836,2866,2894,2921,2953,2952,2949,2932,2897,2865,2834,2804,2785,2758],""all_points_y"":[2216,2217,2218,2217,2218,2220,2219,2219,2223,2227,2226,2225,2225,2224,2222,2222,2219]}",{}
40.png,28311606,{},1362,1125,"{""name"":""polygon"",""all_points_x"":[2791,2809,2834,2855,2877,2900,2918,2934,2933,2917,2894,2870,2846,2828,2808,2791],""all_points_y"":[2167,2168,2172,2174,2176,2178,2180,2182,2184,2183,2181,2179,2177,2176,2172,2170]}",{}
40.png,28311606,{},1362,1126,"{""name"":""polyline"",""all_points_x"":[2550,2563],""all_points_y"":[2135,2168]}",{}
40.png,28311606,{},1362,1127,"{""name"":""polyline"",""all_points_x"":[2996,3009,3028],""all_points_y"":[2250,2253,2260]}",{}
40.png,28311606,{},1362,1128,"{""name"":""polygon"",""all_points_x"":[2880,2875,2869,2863,2857,2853,2857,2859,2866,2874,2881,2885],""all_points_y"":[2070,2087,2108,2126,2149,2163,2163,2157,2132,2105,2084,2070]}",{}
40.png,28311606,{},1362,1129,"{""name"":""polygon"",""all_points_x"":[2882,2882,2878,2865,2872,2878,2884,2886,2887,2886],""all_points_y"":[2088,2110,2136,2163,2165,2151,2134,2114,2094,2083]}",{}
40.png,28311606,{},1362,1130,"{""name"":""polygon"",""all_points_x"":[2927,2929,2929,2932,2940,2946,2942,2937,2934,2932],""all_points_y"":[2042,2055,2068,2080,2128,2122,2104,2074,2063,2040]}",{}
40.png,28311606,{},1362,1131,"{""name"":""polygon"",""all_points_x"":[2702,2710,2715,2726,2736,2746,2756,2763,2771,2782,2791,2801,2810,2807,2798,2783,2748,2727,2714],""all_points_y"":[2127,2130,2119,2094,2067,2044,2022,2002,1979,1955,1935,1913,1895,1894,1913,1943,2023,2075,2106]}",{}
40.png,28311606,{},1362,1132,"{""name"":""polygon"",""all_points_x"":[2678,2667,2647,2615,2625,2635,2649,2671,2686],""all_points_y"":[1998,2012,2031,2060,2062,2053,2040,2020,2003]}",{}
40.png,28311606,{},1362,1133,"{""name"":""polygon"",""all_points_x"":[2641,2648,2653,2659,2667,2674,2675,2687,2681,2675,2666,2654,2646],""all_points_y"":[1857,1882,1904,1934,1966,2001,2025,2020,1999,1975,1938,1892,1859]}",{}
40.png,28311606,{},1362,1134,"{""name"":""polyline"",""all_points_x"":[2603,2612],""all_points_y"":[1865,1948]}",{}
40.png,28311606,{},1362,1135,"{""name"":""polygon"",""all_points_x"":[2571,2571,2569,2566,2578,2580,2579,2579],""all_points_y"":[1856,1877,1907,1925,1926,1907,1870,1856]}",{}
40.png,28311606,{},1362,1136,"{""name"":""polygon"",""all_points_x"":[2656,2651,2645,2638,2635,2639,2644,2647,2659],""all_points_y"":[1876,1891,1909,1931,1939,1939,1926,1913,1879]}",{}
40.png,28311606,{},1362,1137,"{""name"":""polyline"",""all_points_x"":[2614,2646],""all_points_y"":[2000,1986]}",{}
40.png,28311606,{},1362,1138,"{""name"":""polyline"",""all_points_x"":[2526,2586],""all_points_y"":[1798,1812]}",{}
40.png,28311606,{},1362,1139,"{""name"":""polyline"",""all_points_x"":[2692,2675],""all_points_y"":[2013,2103]}",{}
40.png,28311606,{},1362,1140,"{""name"":""polyline"",""all_points_x"":[2674,2664,2647],""all_points_y"":[2038,2050,2077]}",{}
40.png,28311606,{},1362,1141,"{""name"":""polygon"",""all_points_x"":[2692,2699,2697,2693,2689,2686,2680,2673,2668,2665,2669,2674,2678,2682,2686,2690],""all_points_y"":[2011,2011,1995,1967,1928,1906,1875,1846,1822,1824,1841,1863,1886,1910,1938,1979]}",{}
40.png,28311606,{},1362,1142,"{""name"":""polygon"",""all_points_x"":[2701,2702,2704,2706,2707,2706,2705,2701,2702,2703,2701,2700,2699,2696,2696],""all_points_y"":[2009,1987,1948,1918,1891,1850,1836,1837,1860,1890,1919,1943,1967,1990,2000]}",{}
40.png,28311606,{},1362,1143,"{""name"":""polygon"",""all_points_x"":[2714,2720,2719,2718,2718,2716,2714,2710,2708,2710,2712,2713,2714,2714],""all_points_y"":[2003,2003,1977,1940,1897,1855,1826,1803,1806,1825,1850,1892,1912,1951]}",{}
40.png,28311606,{},1362,1144,"{""name"":""polygon"",""all_points_x"":[2717,2724,2728,2733,2739,2747,2754,2748,2737,2729,2718,2716],""all_points_y"":[1858,1886,1908,1928,1950,1988,1985,1963,1918,1889,1846,1848]}",{}
40.png,28311606,{},1362,1145,"{""name"":""polyline"",""all_points_x"":[2758,2765],""all_points_y"":[1892,1967]}",{}
40.png,28311606,{},1362,1146,"{""name"":""polyline"",""all_points_x"":[2743,2776,2807],""all_points_y"":[1909,1849,1796]}",{}
40.png,28311606,{},1362,1147,"{""name"":""polyline"",""all_points_x"":[2815,2800,2782],""all_points_y"":[1778,1801,1837]}",{}
40.png,28311606,{},1362,1148,"{""name"":""polyline"",""all_points_x"":[2950,2922],""all_points_y"":[2007,2031]}",{}
40.png,28311606,{},1362,1149,"{""name"":""polygon"",""all_points_x"":[2767,2771,2778,2783,2787,2785,2780,2775,2770],""all_points_y"":[2010,2024,2042,2066,2065,2053,2037,2027,2010]}",{}
40.png,28311606,{},1362,1150,"{""name"":""polygon"",""all_points_x"":[2775,2776,2777,2779,2783,2786,2790,2795,2801,2796,2789,2783,2780,2778],""all_points_y"":[1936,1953,1977,1998,2022,2045,2058,2076,2073,2051,2028,1984,1958,1938]}",{}
40.png,28311606,{},1362,1151,"{""name"":""polygon"",""all_points_x"":[2787,2790,2794,2798,2802,2806,2810,2814,2811,2803,2797,2789],""all_points_y"":[1947,1961,1986,2009,2034,2052,2077,2077,2057,2019,1981,1945]}",{}
40.png,28311606,{},1362,1152,"{""name"":""polygon"",""all_points_x"":[2835,2840,2836,2827,2813,2803,2796,2790,2780,2777,2782,2789,2796,2803,2813,2827],""all_points_y"":[2012,2009,1992,1962,1913,1877,1844,1819,1781,1783,1802,1832,1864,1894,1931,1979]}",{}
40.png,28311606,{},1362,1153,"{""name"":""polygon"",""all_points_x"":[2828,2831,2836,2842,2847,2852,2855,2858,2858,2863,2861,2861,2856,2847,2838,2833],""all_points_y"":[1925,1938,1958,1989,2020,2019,2029,2044,2053,2051,2036,2025,2012,1980,1944,1925]}",{}
40.png,28311606,{},1362,1154,"{""name"":""polygon"",""all_points_x"":[2742,2748,2746,2747,2747,2746,2746,2743,2742,2743,2742],""all_points_y"":[1909,1909,1888,1848,1784,1730,1691,1691,1714,1772,1886]}",{}
40.png,28311606,{},1362,1155,"{""name"":""polygon"",""all_points_x"":[2739,2741,2741,2742,2742,2741,2737,2738,2738],""all_points_y"":[1852,1851,1823,1770,1728,1676,1677,1703,1793]}",{}
40.png,28311606,{},1362,1156,"{""name"":""polygon"",""all_points_x"":[2724,2725,2727,2730,2733,2735,2734,2730,2726],""all_points_y"":[1714,1729,1753,1781,1804,1803,1782,1750,1712]}",{}
40.png,28311606,{},1362,1157,"{""name"":""polyline"",""all_points_x"":[2865,2901,2933,2962],""all_points_y"":[2082,2045,2012,1985]}",{}
40.png,28311606,{},1362,1158,"{""name"":""polygon"",""all_points_x"":[2755,2756,2755,2757,2760,2760,2759],""all_points_y"":[1765,1783,1804,1831,1831,1803,1766]}",{}
40.png,28311606,{},1362,1159,"{""name"":""polyline"",""all_points_x"":[2812,2818],""all_points_y"":[1816,1845]}",{}
40.png,28311606,{},1362,1160,"{""name"":""polygon"",""all_points_x"":[2661,2657,2653,2658,2660,2665],""all_points_y"":[1745,1771,1797,1798,1779,1747]}",{}
40.png,28311606,{},1362,1161,"{""name"":""polygon"",""all_points_x"":[2825,2827,2832,2837,2840,2844,2840,2835,2829,2827],""all_points_y"":[1811,1821,1838,1862,1874,1872,1858,1837,1817,1811]}",{}
40.png,28311606,{},1362,1162,"{""name"":""polygon"",""all_points_x"":[2896,2892,2889,2885,2882,2879,2883,2886,2890,2895,2900],""all_points_y"":[1837,1852,1869,1888,1909,1924,1925,1909,1885,1853,1837]}",{}
40.png,28311606,{},1362,1163,"{""name"":""polygon"",""all_points_x"":[2876,2871,2867,2871,2874,2879],""all_points_y"":[1956,1980,1996,1996,1981,1957]}",{}
40.png,28311606,{},1362,1164,"{""name"":""polyline"",""all_points_x"":[2867,2867,2869,2871,2872,2874,2875],""all_points_y"":[1745,1770,1796,1831,1851,1867,1892]}",{}
40.png,28311606,{},1362,1165,"{""name"":""polyline"",""all_points_x"":[2936,2929,2927,2924,2919],""all_points_y"":[98,118,129,137,146]}",{}
40.png,28311606,{},1362,1166,"{""name"":""polyline"",""all_points_x"":[2940,2920],""all_points_y"":[131,154]}",{}
40.png,28311606,{},1362,1167,"{""name"":""polygon"",""all_points_x"":[2892,2903,2905,2908,2910,2911,2913,2916,2918,2919,2920,2918,2913,2913,2913,2911,2906,2902,2898],""all_points_y"":[647,646,620,565,526,472,394,341,309,282,247,216,217,245,269,293,360,419,523]}",{}
40.png,28311606,{},1362,1168,"{""name"":""polygon"",""all_points_x"":[2964,2951,2937,2920,2914,2916,2924,2939,2949,2965],""all_points_y"":[252,271,294,328,339,342,333,301,282,255]}",{}
40.png,28311606,{},1362,1169,"{""name"":""polyline"",""all_points_x"":[2982,2985,2993,3008],""all_points_y"":[301,315,334,355]}",{}
40.png,28311606,{},1362,1170,"{""name"":""polyline"",""all_points_x"":[2953,2964,2980],""all_points_y"":[292,302,333]}",{}
40.png,28311606,{},1362,1171,"{""name"":""polyline"",""all_points_x"":[3014,3003],""all_points_y"":[531,581]}",{}
40.png,28311606,{},1362,1172,"{""name"":""polyline"",""all_points_x"":[2998,3002,3003,3002],""all_points_y"":[501,517,532,554]}",{}
40.png,28311606,{},1362,1173,"{""name"":""polyline"",""all_points_x"":[3047,3027,3010],""all_points_y"":[567,585,596]}",{}
40.png,28311606,{},1362,1174,"{""name"":""polyline"",""all_points_x"":[3010,3034,3053,3062],""all_points_y"":[584,583,582,578]}",{}
40.png,28311606,{},1362,1175,"{""name"":""polyline"",""all_points_x"":[3042,3056,3071],""all_points_y"":[542,532,523]}",{}
40.png,28311606,{},1362,1176,"{""name"":""polygon"",""all_points_x"":[3024,3023,3022,3022,3026,3026,3027,3028],""all_points_y"":[484,498,518,537,537,518,496,483]}",{}
40.png,28311606,{},1362,1177,"{""name"":""polygon"",""all_points_x"":[2952,2959,2965,2972,2982,2995,3005,3005,3001,2996,2978,2972,2960,2957],""all_points_y"":[718,719,700,677,647,613,590,587,587,600,642,661,691,703]}",{}
40.png,28311606,{},1362,1178,"{""name"":""polygon"",""all_points_x"":[2914,2929,2951,2977,2995,3027,3040,3041,3019,2994,2963,2935,2922],""all_points_y"":[670,670,669,668,664,665,666,661,659,658,657,659,659]}",{}
40.png,28311606,{},1362,1179,"{""name"":""polygon"",""all_points_x"":[2691,2697,2705,2714,2729,2745,2758,2776,2788,2801,2821,2845,2861,2873,2893,2887,2873,2862,2851,2829,2780,2739,2702],""all_points_y"":[988,991,982,967,942,917,900,875,857,837,810,771,753,743,709,708,733,746,757,786,856,915,974]}",{}
40.png,28311606,{},1362,1180,"{""name"":""polygon"",""all_points_x"":[2819,2836,2871,2897,2925,2954,2983,3016,3048,3047,3021,2990,2944,2875,2837,2815],""all_points_y"":[845,848,858,864,873,882,891,903,910,914,907,897,884,864,855,848]}",{}
40.png,28311606,{},1362,1181,"{""name"":""polygon"",""all_points_x"":[2865,2868,2897,2934,2974,3003,3032,3054,3066,3063,3035,2965,2922,2887],""all_points_y"":[889,896,893,891,888,886,884,882,880,876,878,882,885,887]}",{}
40.png,28311606,{},1362,1182,"{""name"":""polygon"",""all_points_x"":[2914,2947,2993,3030,3054,3071,3071,3046,3017,2981,2956,2931,2915],""all_points_y"":[882,873,862,853,847,841,846,853,860,870,877,884,886]}",{}
40.png,28311606,{},1362,1183,"{""name"":""polygon"",""all_points_x"":[2994,3004,3013,3021,3029,3042,3046,3041,3019,2998],""all_points_y"":[835,837,812,784,757,722,713,714,766,822]}",{}
40.png,28311606,{},1362,1184,"{""name"":""polygon"",""all_points_x"":[2849,2859,2866,2878,2896,2913,2929,2944,2974,2970,2929,2904,2870],""all_points_y"":[1049,1053,1038,1005,966,929,900,866,799,798,882,928,1000]}",{}
40.png,28311606,{},1362,1185,"{""name"":""polygon"",""all_points_x"":[2967,2960,2946,2935,2940,2948,2962,2970],""all_points_y"":[791,805,835,863,865,841,813,792]}",{}
40.png,28311606,{},1362,1186,"{""name"":""polyline"",""all_points_x"":[2774,2774],""all_points_y"":[802,840]}",{}
40.png,28311606,{},1362,1187,"{""name"":""polyline"",""all_points_x"":[2836,2862,2865],""all_points_y"":[802,834,841]}",{}
40.png,28311606,{},1362,1188,"{""name"":""polyline"",""all_points_x"":[2969,2987,3018,3026,3041],""all_points_y"":[813,807,801,801,798]}",{}
40.png,28311606,{},1362,1189,"{""name"":""polyline"",""all_points_x"":[2841,2862,2889,2902,2911],""all_points_y"":[781,761,741,736,725]}",{}
40.png,28311606,{},1362,1190,"{""name"":""polygon"",""all_points_x"":[2663,2657,2653,2661,2669,2679,2694,2714,2723,2726,2736,2730,2725,2717,2708,2687],""all_points_y"":[1196,1220,1239,1240,1207,1169,1121,1060,1028,1006,968,967,996,1030,1058,1124]}",{}
40.png,28311606,{},1362,1191,"{""name"":""polygon"",""all_points_x"":[2675,2678,2682,2682,2687,2702,2714,2725,2735,2738,2744,2738,2729,2678],""all_points_y"":[1191,1215,1213,1191,1166,1117,1083,1048,1013,995,976,976,1001,1172]}",{}
40.png,28311606,{},1362,1192,"{""name"":""polygon"",""all_points_x"":[2665,2656,2642,2653,2663,2672],""all_points_y"":[1170,1199,1242,1242,1197,1169]}",{}
40.png,28311606,{},1362,1193,"{""name"":""polygon"",""all_points_x"":[2636,2628,2626,2632,2635,2642],""all_points_y"":[1075,1106,1132,1132,1106,1075]}",{}
40.png,28311606,{},1362,1194,"{""name"":""polygon"",""all_points_x"":[2825,2818,2809,2814,2820,2831],""all_points_y"":[1169,1186,1205,1207,1195,1171]}",{}
40.png,28311606,{},1362,1195,"{""name"":""polygon"",""all_points_x"":[2882,2868,2866,2869,2878,2895,2912,2931,2948,2964,2978,2974,2962,2944,2916,2901],""all_points_y"":[1103,1128,1133,1136,1124,1100,1073,1045,1016,992,974,972,987,1012,1056,1079]}",{}
40.png,28311606,{},1362,1196,"{""name"":""polygon"",""all_points_x"":[2931,2906,2895,2881,2887,2901,2922,2935,2963,2974,2965,2938],""all_points_y"":[1059,1089,1102,1122,1128,1109,1084,1065,1038,1022,1020,1047]}",{}
40.png,28311606,{},1362,1197,"{""name"":""polygon"",""all_points_x"":[3007,2998,2986,2973,2964,2970,2978,2990,3003,3011],""all_points_y"":[952,968,986,1005,1017,1020,1008,990,970,954]}",{}
40.png,28311606,{},1362,1198,"{""name"":""polygon"",""all_points_x"":[2934,2931,2927,2924,2917,2922,2926,2932,2936,2938],""all_points_y"":[1083,1096,1124,1143,1197,1198,1172,1133,1108,1083]}",{}
40.png,28311606,{},1362,1199,"{""name"":""polygon"",""all_points_x"":[2989,2994,2999,3016,3029,3034,3050,3061,3071,3071,3065,3051,3030,3016],""all_points_y"":[1072,1075,1066,1041,1022,1015,996,982,967,962,970,987,1011,1028]}",{}
40.png,28311606,{},1362,1200,"{""name"":""polygon"",""all_points_x"":[3057,3048,3035,3023,3017,3022,3029,3042,3054,3063],""all_points_y"":[991,1011,1034,1053,1069,1073,1057,1035,1012,994]}",{}
40.png,28311606,{},1362,1201,"{""name"":""polygon"",""all_points_x"":[3036,3042,3047,3055,3062,3062,3067,3071,3071,3069,3064,3057,3056],""all_points_y"":[1122,1124,1104,1079,1061,1046,1022,1003,1000,1001,1018,1048,1063]}",{}
40.png,28311606,{},1362,1202,"{""name"":""polygon"",""all_points_x"":[3036,3040,3045,3050,3052,3063,3070,3071,3065,3052,3043],""all_points_y"":[1144,1149,1140,1127,1122,1107,1097,1085,1094,1112,1130]}",{}
40.png,28311606,{},1362,1203,"{""name"":""polygon"",""all_points_x"":[2933,2931,2934,2937,2945,2942,2937,2939],""all_points_y"":[982,1005,1030,1055,1054,1033,1001,980]}",{}
40.png,28311606,{},1362,1204,"{""name"":""polyline"",""all_points_x"":[2841,2842,2848,2856],""all_points_y"":[998,1006,1017,1038]}",{}
40.png,28311606,{},1362,1205,"{""name"":""polygon"",""all_points_x"":[2772,2769,2767,2767,2771,2773,2777,2779],""all_points_y"":[1135,1151,1173,1180,1180,1167,1144,1134]}",{}
40.png,28311606,{},1362,1206,"{""name"":""polyline"",""all_points_x"":[3018,3019,3025,3042],""all_points_y"":[1110,1123,1134,1166]}",{}
40.png,28311606,{},1362,1207,"{""name"":""polyline"",""all_points_x"":[2376,2398,2416,2437,2463],""all_points_y"":[1176,1162,1155,1152,1153]}",{}
40.png,28311606,{},1362,1208,"{""name"":""polyline"",""all_points_x"":[2861,2867,2875,2882,2887],""all_points_y"":[1235,1262,1289,1319,1344]}",{}
40.png,28311606,{},1362,1209,"{""name"":""polygon"",""all_points_x"":[2898,2904,2907,2911,2913,2907],""all_points_y"":[1289,1290,1270,1239,1219,1217]}",{}
40.png,28311606,{},1362,1210,"{""name"":""polygon"",""all_points_x"":[2855,2863,2871,2880,2895,2904,2922,2930,2917,2893,2877,2863,2860],""all_points_y"":[1097,1134,1161,1183,1206,1227,1266,1258,1227,1184,1149,1109,1095]}",{}
40.png,28311606,{},1362,1211,"{""name"":""polyline"",""all_points_x"":[2958,2982],""all_points_y"":[1267,1239]}",{}
40.png,28311606,{},1362,1212,"{""name"":""polyline"",""all_points_x"":[2821,2821,2820,2818,2814],""all_points_y"":[1394,1427,1461,1483,1510]}",{}
40.png,28311606,{},1362,1213,"{""name"":""polyline"",""all_points_x"":[2830,2829,2827,2825,2824],""all_points_y"":[1362,1385,1409,1430,1469]}",{}
40.png,28311606,{},1362,1214,"{""name"":""polyline"",""all_points_x"":[2860,2860,2861,2865],""all_points_y"":[1386,1410,1426,1458]}",{}
40.png,28311606,{},1362,1215,"{""name"":""polyline"",""all_points_x"":[2993,2943],""all_points_y"":[1130,1171]}",{}
40.png,28311606,{},1362,1216,"{""name"":""polygon"",""all_points_x"":[2797,2806,2808,2809,2811,2815,2817,2820,2814,2812,2807],""all_points_y"":[1553,1552,1525,1484,1456,1422,1390,1355,1355,1386,1434]}",{}
40.png,28311606,{},1362,1217,"{""name"":""polygon"",""all_points_x"":[2559,2577,2600,2619,2635,2661,2678,2701,2718,2743,2768,2782,2780,2765,2743,2717,2697,2677,2651,2637,2616,2597,2574,2554],""all_points_y"":[1578,1578,1577,1578,1575,1565,1556,1545,1539,1532,1529,1528,1533,1534,1538,1545,1553,1564,1578,1582,1582,1582,1581,1584]}",{}
40.png,28311606,{},1362,1218,"{""name"":""polygon"",""all_points_x"":[2616,2613,2610,2616,2617,2620],""all_points_y"":[1443,1461,1492,1491,1477,1444]}",{}
40.png,28311606,{},1362,1219,"{""name"":""polygon"",""all_points_x"":[2593,2608,2631,2659,2677,2691,2706,2704,2688,2674,2655,2635,2619,2592],""all_points_y"":[1485,1481,1478,1472,1469,1464,1464,1467,1469,1474,1478,1482,1485,1489]}",{}
40.png,28311606,{},1362,1220,"{""name"":""polygon"",""all_points_x"":[2637,2660,2681,2693,2708,2730,2729,2707,2685,2662,2643,2635],""all_points_y"":[1475,1466,1459,1458,1460,1458,1462,1465,1464,1471,1475,1477]}",{}
40.png,28311606,{},1362,1221,"{""name"":""polygon"",""all_points_x"":[2606,2618,2632,2645,2662,2677,2692,2691,2671,2651,2638,2617,2598],""all_points_y"":[1553,1555,1558,1565,1574,1580,1582,1587,1582,1574,1567,1561,1556]}",{}
40.png,28311606,{},1362,1222,"{""name"":""polygon"",""all_points_x"":[2628,2622,2614,2610,2615,2619,2625,2631,2634],""all_points_y"":[1616,1634,1657,1674,1677,1670,1657,1637,1615]}",{}
40.png,28311606,{},1362,1223,"{""name"":""polygon"",""all_points_x"":[2764,2763,2763,2763,2764,2763,2767,2767,2768,2767,2769],""all_points_y"":[1609,1624,1648,1670,1696,1713,1714,1691,1667,1639,1610]}",{}
40.png,28311606,{},1362,1224,"{""name"":""polyline"",""all_points_x"":[2722,2722,2721,2718],""all_points_y"":[1585,1607,1636,1660]}",{}
40.png,28311606,{},1362,1225,"{""name"":""polyline"",""all_points_x"":[2731,2734,2738,2743],""all_points_y"":[1585,1596,1612,1624]}",{}
40.png,28311606,{},1362,1226,"{""name"":""polyline"",""all_points_x"":[2735,2752,2765,2786],""all_points_y"":[1586,1595,1604,1623]}",{}
40.png,28311606,{},1362,1227,"{""name"":""polyline"",""all_points_x"":[2743,2744,2746,2750],""all_points_y"":[1594,1610,1624,1656]}",{}
40.png,28311606,{},1362,1228,"{""name"":""polyline"",""all_points_x"":[2691,2714,2729,2745],""all_points_y"":[2156,2138,2120,2104]}",{}
40.png,28311606,{},1362,1229,"{""name"":""polyline"",""all_points_x"":[2857,2839,2822,2804],""all_points_y"":[2103,2111,2119,2130]}",{}
40.png,28311606,{},1362,1230,"{""name"":""polygon"",""all_points_x"":[2968,2969,2972,2975,2980,2983,2984,2993,2988,2984,2978,2973,2971],""all_points_y"":[1970,1985,2002,2017,2046,2069,2082,2080,2071,2043,2013,1986,1970]}",{}
40.png,28311606,{},1362,1231,"{""name"":""polygon"",""all_points_x"":[2989,2992,2995,3004,3006,3006,3001,2998,3000,3001,2998],""all_points_y"":[2071,2074,2068,2056,2029,2011,1994,1996,2011,2032,2052]}",{}
40.png,28311606,{},1362,1232,"{""name"":""polygon"",""all_points_x"":[2888,2885,2884,2883,2885,2888,2887,2891],""all_points_y"":[1986,2002,2015,2023,2028,2026,2017,1988]}",{}
40.png,28311606,{},1362,1233,"{""name"":""polygon"",""all_points_x"":[2883,2894,2904,2916,2926,2937,2949,2964,2968,2959,2945,2936,2923,2913,2903,2881],""all_points_y"":[2082,2079,2077,2072,2064,2058,2048,2035,2038,2045,2056,2064,2074,2079,2083,2086]}",{}
40.png,28311606,{},1362,1234,"{""name"":""polygon"",""all_points_x"":[2790,2794,2798,2803,2812,2823,2838,2838,2824,2807,2796],""all_points_y"":[2180,2181,2174,2165,2158,2149,2142,2138,2144,2154,2165]}",{}
40.png,28311606,{},1362,1235,"{""name"":""polyline"",""all_points_x"":[2818,2852],""all_points_y"":[2104,2085]}",{}
40.png,28311606,{},1362,1236,"{""name"":""polyline"",""all_points_x"":[3057,3048,3047,3023],""all_points_y"":[2050,2064,2074,2112]}",{}
40.png,28311606,{},1362,1237,"{""name"":""polygon"",""all_points_x"":[3022,3027,3029,3032,3038,3045,3050,3051,3047,3041,3035,3032,3027,3023],""all_points_y"":[2059,2058,2040,2015,1986,1962,1944,1934,1935,1958,1983,1999,2027,2050]}",{}
40.png,28311606,{},1362,1238,"{""name"":""polygon"",""all_points_x"":[3030,3033,3037,3045,3053,3058,3054,3047,3042,3035,3030],""all_points_y"":[2046,2046,2028,2000,1973,1958,1957,1976,1990,2016,2037]}",{}
40.png,28311606,{},1362,1239,"{""name"":""polygon"",""all_points_x"":[2963,2968,2973,2979,2986,3002,3016,3012,2990],""all_points_y"":[1990,1993,1978,1963,1940,1898,1861,1859,1916]}",{}
40.png,28311606,{},1362,1240,"{""name"":""polygon"",""all_points_x"":[2976,2984,2988,2991,2992,2986,2985,2982],""all_points_y"":[1988,1990,1970,1933,1894,1897,1922,1956]}",{}
40.png,28311606,{},1362,1241,"{""name"":""polygon"",""all_points_x"":[3038,3053,3066,3071,3070,3059,3046,3035],""all_points_y"":[2096,2099,2102,2103,2107,2104,2102,2099]}",{}
40.png,28311606,{},1362,1242,"{""name"":""polyline"",""all_points_x"":[2972,2948],""all_points_y"":[2050,2073]}",{}
40.png,28311606,{},1362,1243,"{""name"":""polygon"",""all_points_x"":[3048,3054,3059,3069,3071,3068,3059,3054],""all_points_y"":[1932,1955,1971,1995,1991,1979,1953,1928]}",{}
40.png,28311606,{},1362,1244,"{""name"":""polyline"",""all_points_x"":[3037,3043,3056,3071],""all_points_y"":[1998,1995,1995,1992]}",{}
40.png,28311606,{},1362,1245,"{""name"":""polygon"",""all_points_x"":[3045,3041,3036,3034,3031,3038,3041,3043,3048],""all_points_y"":[1892,1906,1922,1943,1971,1970,1954,1922,1892]}",{}
40.png,28311606,{},1362,1246,"{""name"":""polygon"",""all_points_x"":[2965,2972,2982,2994,3009,3018,3029,3039,3048,3054,3035,3010,2985,2967],""all_points_y"":[1772,1785,1802,1825,1852,1869,1890,1908,1928,1924,1890,1846,1802,1770]}",{}
40.png,28311606,{},1362,1247,"{""name"":""polygon"",""all_points_x"":[2634,2648,2679,2679,2660,2643,2633],""all_points_y"":[1956,1953,1947,1952,1956,1960,1960]}",{}
40.png,28311606,{},1362,1248,"{""name"":""polygon"",""all_points_x"":[2957,2956,2961,2967,2976,2984,2994,2996,2990,2985,2978,2972],""all_points_y"":[1951,1955,1958,1942,1910,1881,1841,1835,1836,1853,1882,1905]}",{}
40.png,28311606,{},1362,1249,"{""name"":""polygon"",""all_points_x"":[2961,2966,2970,2978,2982,2977,2973,2963],""all_points_y"":[1906,1907,1883,1840,1822,1822,1838,1891]}",{}
40.png,28311606,{},1362,1250,"{""name"":""polygon"",""all_points_x"":[2836,2838,2842,2847,2853,2858,2859,2865,2860,2852,2847,2840],""all_points_y"":[1685,1697,1726,1764,1827,1874,1880,1880,1831,1767,1725,1684]}",{}
40.png,28311606,{},1362,1251,"{""name"":""polyline"",""all_points_x"":[2832,2832,2847],""all_points_y"":[1706,1717,1775]}",{}
40.png,28311606,{},1362,1252,"{""name"":""polyline"",""all_points_x"":[2881,2879],""all_points_y"":[1848,1899]}",{}
40.png,28311606,{},1362,1253,"{""name"":""polyline"",""all_points_x"":[2906,2908],""all_points_y"":[1751,1801]}",{}
40.png,28311606,{},1362,1254,"{""name"":""polyline"",""all_points_x"":[2900,2896],""all_points_y"":[1730,1800]}",{}
40.png,28311606,{},1362,1255,"{""name"":""polyline"",""all_points_x"":[2994,2993,2987],""all_points_y"":[1691,1719,1759]}",{}
40.png,28311606,{},1362,1256,"{""name"":""polyline"",""all_points_x"":[3045,3033],""all_points_y"":[1658,1702]}",{}
40.png,28311606,{},1362,1257,"{""name"":""polyline"",""all_points_x"":[2892,2900],""all_points_y"":[1875,1942]}",{}
40.png,28311606,{},1362,1258,"{""name"":""polygon"",""all_points_x"":[2864,2869,2875,2881,2876,2868],""all_points_y"":[1881,1882,1855,1838,1838,1862]}",{}
40.png,28311606,{},1362,1259,"{""name"":""polygon"",""all_points_x"":[2894,2893,2889,2883,2886,2890,2895,2896],""all_points_y"":[1751,1763,1784,1805,1806,1794,1769,1747]}",{}
40.png,28311606,{},1362,1260,"{""name"":""polygon"",""all_points_x"":[2880,2884,2890,2898,2906,2913,2913,2913,2915,2910,2907,2907,2907,2908],""all_points_y"":[1785,1787,1766,1732,1696,1667,1646,1614,1593,1594,1612,1633,1655,1668]}",{}
40.png,28311606,{},1362,1261,"{""name"":""polygon"",""all_points_x"":[2961,2973,2976,2990,3001,3010,3001,2974],""all_points_y"":[1750,1750,1724,1663,1617,1581,1580,1692]}",{}
40.png,28311606,{},1362,1262,"{""name"":""polygon"",""all_points_x"":[2876,2873,2870,2868,2872,2878,2884,2891,2887,2885],""all_points_y"":[1713,1722,1746,1763,1764,1728,1692,1662,1662,1665]}",{}
40.png,28311606,{},1362,1263,"{""name"":""polygon"",""all_points_x"":[2884,2881,2879,2874,2879,2883,2888,2890,2893,2889],""all_points_y"":[1696,1720,1739,1764,1765,1746,1709,1689,1668,1668]}",{}
40.png,28311606,{},1362,1264,"{""name"":""polygon"",""all_points_x"":[2857,2863,2869,2870,2865],""all_points_y"":[1683,1685,1665,1659,1658]}",{}
40.png,28311606,{},1362,1265,"{""name"":""polygon"",""all_points_x"":[2874,2879,2884,2893,2902,2910,2919,2929,2924,2912,2904,2882],""all_points_y"":[1616,1617,1599,1561,1523,1493,1454,1427,1426,1468,1498,1589]}",{}
40.png,28311606,{},1362,1266,"{""name"":""polyline"",""all_points_x"":[2914,2927,2942,2964],""all_points_y"":[1858,1863,1869,1875]}",{}
40.png,28311606,{},1362,1267,"{""name"":""polyline"",""all_points_x"":[2758,2757],""all_points_y"":[1938,1991]}",{}
40.png,28311606,{},1362,1268,"{""name"":""polyline"",""all_points_x"":[2684,2721,2744,2759],""all_points_y"":[1942,1927,1918,1918]}",{}
40.png,28311606,{},1362,1269,"{""name"":""polyline"",""all_points_x"":[2770,2776],""all_points_y"":[1808,1913]}",{}
40.png,28311606,{},1362,1270,"{""name"":""polyline"",""all_points_x"":[2761,2767],""all_points_y"":[1803,1855]}",{}
40.png,28311606,{},1362,1271,"{""name"":""polyline"",""all_points_x"":[2666,2668],""all_points_y"":[1841,1890]}",{}
40.png,28311606,{},1362,1272,"{""name"":""polyline"",""all_points_x"":[2984,2937],""all_points_y"":[1885,1907]}",{}
40.png,28311606,{},1362,1273,"{""name"":""polyline"",""all_points_x"":[2977,2952],""all_points_y"":[2185,2217]}",{}
40.png,28311606,{},1362,1274,"{""name"":""polyline"",""all_points_x"":[2964,2937],""all_points_y"":[2181,2209]}",{}
40.png,28311606,{},1362,1275,"{""name"":""polyline"",""all_points_x"":[3017,3043,3056],""all_points_y"":[2180,2214,2240]}",{}
40.png,28311606,{},1362,1276,"{""name"":""polyline"",""all_points_x"":[2922,2926,2934,2944,2953,2959],""all_points_y"":[1572,1584,1615,1655,1696,1716]}",{}
40.png,28311606,{},1362,1277,"{""name"":""polygon"",""all_points_x"":[2921,2927,2933,2934,2936,2941,2949,2955,2951,2945,2936,2930],""all_points_y"":[1667,1669,1653,1637,1626,1622,1595,1569,1567,1587,1618,1624]}",{}
40.png,28311606,{},1362,1278,"{""name"":""polygon"",""all_points_x"":[2919,2911,2914,2918,2924],""all_points_y"":[1632,1660,1665,1654,1634]}",{}
40.png,28311606,{},1362,1279,"{""name"":""polygon"",""all_points_x"":[2830,2823,2814,2818,2825,2833,2834],""all_points_y"":[1594,1613,1631,1631,1620,1601,1596]}",{}
40.png,28311606,{},1362,1280,"{""name"":""polygon"",""all_points_x"":[2965,2966,2976,2972,2963,2954,2951,2948,2942,2944,2947,2950,2953,2957],""all_points_y"":[1697,1710,1710,1682,1625,1555,1510,1486,1488,1506,1541,1569,1607,1636]}",{}
40.png,28311606,{},1362,1281,"{""name"":""polyline"",""all_points_x"":[3022,2998],""all_points_y"":[1736,1817]}",{}
40.png,28311606,{},1362,1282,"{""name"":""polyline"",""all_points_x"":[3055,3041,3032,3027],""all_points_y"":[1580,1634,1679,1712]}",{}
40.png,28311606,{},1362,1283,"{""name"":""polygon"",""all_points_x"":[2898,2910,2930,2950,2970,2989,3007,3026,3024,3001,2983,2968,2934,2916,2895,2883,2884],""all_points_y"":[1549,1554,1557,1562,1567,1567,1568,1570,1579,1573,1572,1571,1562,1561,1553,1548,1545]}",{}
40.png,28311606,{},1362,1284,"{""name"":""polygon"",""all_points_x"":[2991,3025,3064,3071,3071,3053,3028,2998],""all_points_y"":[1548,1558,1567,1571,1560,1553,1546,1542]}",{}
40.png,28311606,{},1362,1285,"{""name"":""polygon"",""all_points_x"":[2936,2939,2954,2975,2994,3015,3038,3058,3071,3071,3021,2971],""all_points_y"":[1507,1514,1512,1511,1511,1510,1507,1505,1504,1500,1503,1506]}",{}
40.png,28311606,{},1362,1286,"{""name"":""polyline"",""all_points_x"":[2949,2968,2982,2997,3010,3016,3024],""all_points_y"":[1485,1504,1526,1545,1558,1563,1568]}",{}
40.png,28311606,{},1362,1287,"{""name"":""polyline"",""all_points_x"":[2918,2918,2913,2909,2901],""all_points_y"":[1527,1551,1567,1583,1610]}",{}
40.png,28311606,{},1362,1288,"{""name"":""polyline"",""all_points_x"":[2688,2708,2732,2743],""all_points_y"":[1535,1537,1544,1545]}",{}
40.png,28311606,{},1362,1289,"{""name"":""polyline"",""all_points_x"":[2685,2708,2732],""all_points_y"":[1530,1520,1518]}",{}
40.png,28311606,{},1362,1290,"{""name"":""polyline"",""all_points_x"":[2687,2708],""all_points_y"":[1534,1524]}",{}
40.png,28311606,{},1362,1291,"{""name"":""polyline"",""all_points_x"":[2841,2889],""all_points_y"":[1395,1365]}",{}
40.png,28311606,{},1362,1292,"{""name"":""polyline"",""all_points_x"":[2680,2689,2696],""all_points_y"":[1325,1353,1369]}",{}
40.png,28311606,{},1362,1293,"{""name"":""polyline"",""all_points_x"":[2707,2706],""all_points_y"":[1349,1387]}",{}
40.png,28311606,{},1362,1294,"{""name"":""polyline"",""all_points_x"":[2416,2446],""all_points_y"":[1363,1408]}",{}
40.png,28311606,{},1362,1295,"{""name"":""polygon"",""all_points_x"":[2981,2977,2983,2992,3008,3020,3032,3036,3029,3028,3024,3015],""all_points_y"":[1492,1513,1516,1479,1419,1376,1325,1295,1294,1314,1335,1372]}",{}
40.png,28311606,{},1362,1296,"{""name"":""polygon"",""all_points_x"":[3032,3042,3048,3054,3060,3055,3047,3039,3036,3031,3028],""all_points_y"":[1339,1302,1263,1227,1207,1207,1239,1268,1284,1323,1336]}",{}
40.png,28311606,{},1362,1297,"{""name"":""polyline"",""all_points_x"":[2902,2875],""all_points_y"":[660,681]}",{}
40.png,28311606,{},1362,1298,"{""name"":""polyline"",""all_points_x"":[2796,2772],""all_points_y"":[199,222]}",{}
40.png,28311606,{},1362,1299,"{""name"":""polyline"",""all_points_x"":[2560,2573,2578],""all_points_y"":[188,216,220]}",{}
40.png,28311606,{},1362,1300,"{""name"":""polyline"",""all_points_x"":[2633,2609],""all_points_y"":[7,38]}",{}
40.png,28311606,{},1362,1301,"{""name"":""polyline"",""all_points_x"":[2656,2621],""all_points_y"":[2942,2959]}",{}
40.png,28311606,{},1362,1302,"{""name"":""polyline"",""all_points_x"":[1902,1925,1941,1958],""all_points_y"":[2238,2229,2225,2225]}",{}
40.png,28311606,{},1362,1303,"{""name"":""polyline"",""all_points_x"":[1762,1747],""all_points_y"":[2023,2052]}",{}
40.png,28311606,{},1362,1304,"{""name"":""polyline"",""all_points_x"":[1742,1747,1748,1745],""all_points_y"":[2005,2017,2029,2044]}",{}
40.png,28311606,{},1362,1305,"{""name"":""polyline"",""all_points_x"":[2520,2514],""all_points_y"":[1696,1725]}",{}
40.png,28311606,{},1362,1306,"{""name"":""polygon"",""all_points_x"":[2333,2356,2384,2415,2414,2389,2365,2343,2334],""all_points_y"":[1653,1651,1651,1653,1660,1661,1659,1659,1657]}",{}
40.png,28311606,{},1362,1307,"{""name"":""polyline"",""all_points_x"":[2543,2587,2616],""all_points_y"":[1529,1523,1519]}",{}
40.png,28311606,{},1362,1308,"{""name"":""polyline"",""all_points_x"":[2067,2080,2093,2110],""all_points_y"":[1321,1335,1347,1358]}",{}
40.png,28311606,{},1362,1309,"{""name"":""polyline"",""all_points_x"":[2184,2229],""all_points_y"":[1214,1236]}",{}
40.png,28311606,{},1362,1310,"{""name"":""polyline"",""all_points_x"":[1872,1927],""all_points_y"":[1505,1499]}",{}
40.png,28311606,{},1362,1311,"{""name"":""polyline"",""all_points_x"":[2187,2218,2260],""all_points_y"":[1396,1387,1383]}",{}
40.png,28311606,{},1362,1312,"{""name"":""polyline"",""all_points_x"":[2142,2126,2119,2111],""all_points_y"":[848,866,874,907]}",{}
40.png,28311606,{},1362,1313,"{""name"":""polyline"",""all_points_x"":[1849,1873],""all_points_y"":[565,587]}",{}
40.png,28311606,{},1362,1314,"{""name"":""polygon"",""all_points_x"":[2474,2485,2497,2523,2549,2551,2531,2510,2495,2484,2477],""all_points_y"":[254,244,240,226,215,220,230,240,246,254,257]}",{}
40.png,28311606,{},1362,1315,"{""name"":""polygon"",""all_points_x"":[2299,2318,2334,2339,2340,2329,2317,2305,2299],""all_points_y"":[277,279,276,275,277,282,285,283,280]}",{}
40.png,28311606,{},1362,1316,"{""name"":""polyline"",""all_points_x"":[1586,1613],""all_points_y"":[21,41]}",{}
40.png,28311606,{},1362,1317,"{""name"":""polyline"",""all_points_x"":[1349,1327,1301],""all_points_y"":[159,174,184]}",{}
40.png,28311606,{},1362,1318,"{""name"":""polyline"",""all_points_x"":[728,739],""all_points_y"":[94,123]}",{}
40.png,28311606,{},1362,1319,"{""name"":""polyline"",""all_points_x"":[776,802],""all_points_y"":[317,389]}",{}
40.png,28311606,{},1362,1320,"{""name"":""polyline"",""all_points_x"":[188,180],""all_points_y"":[336,400]}",{}
40.png,28311606,{},1362,1321,"{""name"":""polygon"",""all_points_x"":[261,277,284,298,301,284,268],""all_points_y"":[449,477,482,490,482,472,447]}",{}
40.png,28311606,{},1362,1322,"{""name"":""polygon"",""all_points_x"":[220,219,228,235,230,225],""all_points_y"":[350,391,406,405,391,352]}",{}
40.png,28311606,{},1362,1323,"{""name"":""polyline"",""all_points_x"":[496,529],""all_points_y"":[341,356]}",{}
40.png,28311606,{},1362,1324,"{""name"":""polyline"",""all_points_x"":[504,524],""all_points_y"":[329,353]}",{}
40.png,28311606,{},1362,1325,"{""name"":""polyline"",""all_points_x"":[623,607,595,575],""all_points_y"":[632,638,642,653]}",{}
40.png,28311606,{},1362,1326,"{""name"":""polyline"",""all_points_x"":[318,303,287,280,268],""all_points_y"":[910,921,934,949,962]}",{}
40.png,28311606,{},1362,1327,"{""name"":""polyline"",""all_points_x"":[231,254],""all_points_y"":[926,964]}",{}
40.png,28311606,{},1362,1328,"{""name"":""polyline"",""all_points_x"":[624,647,669],""all_points_y"":[1036,1040,1050]}",{}
40.png,28311606,{},1362,1329,"{""name"":""polyline"",""all_points_x"":[814,797],""all_points_y"":[999,1036]}",{}
40.png,28311606,{},1362,1330,"{""name"":""polyline"",""all_points_x"":[303,314,318,333],""all_points_y"":[1050,1080,1089,1105]}",{}
40.png,28311606,{},1362,1331,"{""name"":""polyline"",""all_points_x"":[625,586],""all_points_y"":[1283,1305]}",{}
40.png,28311606,{},1362,1332,"{""name"":""polyline"",""all_points_x"":[594,592,595,596],""all_points_y"":[1278,1299,1308,1334]}",{}
40.png,28311606,{},1362,1333,"{""name"":""polyline"",""all_points_x"":[359,386],""all_points_y"":[1387,1430]}",{}
40.png,28311606,{},1362,1334,"{""name"":""polyline"",""all_points_x"":[454,419,399],""all_points_y"":[1359,1385,1406]}",{}
40.png,28311606,{},1362,1335,"{""name"":""polyline"",""all_points_x"":[419,406,399],""all_points_y"":[1398,1421,1438]}",{}
40.png,28311606,{},1362,1336,"{""name"":""polyline"",""all_points_x"":[416,475],""all_points_y"":[1294,1328]}",{}
40.png,28311606,{},1362,1337,"{""name"":""polyline"",""all_points_x"":[470,492,513],""all_points_y"":[1419,1409,1403]}",{}
40.png,28311606,{},1362,1338,"{""name"":""polygon"",""all_points_x"":[567,567,571,573,578,576,573,571],""all_points_y"":[1446,1466,1492,1525,1518,1485,1458,1446]}",{}
40.png,28311606,{},1362,1339,"{""name"":""polyline"",""all_points_x"":[363,348,341],""all_points_y"":[1556,1582,1590]}",{}
40.png,28311606,{},1362,1340,"{""name"":""polyline"",""all_points_x"":[298,295],""all_points_y"":[1562,1595]}",{}
40.png,28311606,{},1362,1341,"{""name"":""polyline"",""all_points_x"":[283,290],""all_points_y"":[1500,1552]}",{}
40.png,28311606,{},1362,1342,"{""name"":""polyline"",""all_points_x"":[261,257,258],""all_points_y"":[1566,1586,1601]}",{}
40.png,28311606,{},1362,1343,"{""name"":""polygon"",""all_points_x"":[323,310,299,301,307,317,326],""all_points_y"":[1589,1602,1614,1616,1612,1602,1591]}",{}
40.png,28311606,{},1362,1344,"{""name"":""polyline"",""all_points_x"":[390,371],""all_points_y"":[1597,1648]}",{}
40.png,28311606,{},1362,1345,"{""name"":""polyline"",""all_points_x"":[377,385,389],""all_points_y"":[1363,1387,1413]}",{}
40.png,28311606,{},1362,1346,"{""name"":""polyline"",""all_points_x"":[367,367,367],""all_points_y"":[1354,1404,1441]}",{}
40.png,28311606,{},1362,1347,"{""name"":""polyline"",""all_points_x"":[224,205,193],""all_points_y"":[1668,1700,1729]}",{}
40.png,28311606,{},1362,1348,"{""name"":""polyline"",""all_points_x"":[746,728,719,707],""all_points_y"":[1856,1874,1890,1916]}",{}
40.png,28311606,{},1362,1349,"{""name"":""polyline"",""all_points_x"":[700,681],""all_points_y"":[1803,1842]}",{}
40.png,28311606,{},1362,1350,"{""name"":""polyline"",""all_points_x"":[109,102,96],""all_points_y"":[1861,1880,1895]}",{}
40.png,28311606,{},1362,1351,"{""name"":""polyline"",""all_points_x"":[1671,1698],""all_points_y"":[2406,2448]}",{}
40.png,28311606,{},1362,1352,"{""name"":""polyline"",""all_points_x"":[1164,1195],""all_points_y"":[2061,2043]}",{}
40.png,28311606,{},1362,1353,"{""name"":""polyline"",""all_points_x"":[1682,1658,1622],""all_points_y"":[1867,1875,1889]}",{}
40.png,28311606,{},1362,1354,"{""name"":""polyline"",""all_points_x"":[1675,1647],""all_points_y"":[1782,1802]}",{}
40.png,28311606,{},1362,1355,"{""name"":""polyline"",""all_points_x"":[1529,1471],""all_points_y"":[1273,1323]}",{}
40.png,28311606,{},1362,1356,"{""name"":""polyline"",""all_points_x"":[957,1006],""all_points_y"":[1091,1064]}",{}
40.png,28311606,{},1362,1357,"{""name"":""polyline"",""all_points_x"":[893,916],""all_points_y"":[1019,1003]}",{}
40.png,28311606,{},1362,1358,"{""name"":""polyline"",""all_points_x"":[900,917],""all_points_y"":[1032,1007]}",{}
40.png,28311606,{},1362,1359,"{""name"":""polyline"",""all_points_x"":[1072,1126],""all_points_y"":[799,784]}",{}
40.png,28311606,{},1362,1360,"{""name"":""polyline"",""all_points_x"":[934,972],""all_points_y"":[37,26]}",{}
40.png,28311606,{},1362,1361,"{""name"":""polygon"",""all_points_x"":[2054,2070,2081,2085,2079,2066,2057],""all_points_y"":[21,42,55,50,44,29,20]}",{}
