filename,file_size,file_attributes,region_count,region_id,region_shape_attributes,region_attributes
6.png,50331702,{},2346,0,"{""name"":""polygon"",""all_points_x"":[59,53,49,41,42,45,47,55,62,62,62],""all_points_y"":[1506,1522,1590,1672,1675,1675,1659,1588,1522,1516,1507]}",{}
6.png,50331702,{},2346,1,"{""name"":""polygon"",""all_points_x"":[175,170,199,233,235,239,231,207,187,184,181],""all_points_y"":[1499,1508,1571,1631,1636,1632,1620,1572,1530,1518,1511]}",{}
6.png,50331702,{},2346,2,"{""name"":""polygon"",""all_points_x"":[44,40,75,116,119,82],""all_points_y"":[1784,1788,1824,1871,1869,1825]}",{}
6.png,50331702,{},2346,3,"{""name"":""polygon"",""all_points_x"":[194,178,162,160,166,190,195],""all_points_y"":[1574,1565,1558,1559,1568,1577,1577]}",{}
6.png,50331702,{},2346,4,"{""name"":""polygon"",""all_points_x"":[256,251,248,240,252,254,258,259],""all_points_y"":[1424,1438,1464,1475,1468,1457,1442,1438]}",{}
6.png,50331702,{},2346,5,"{""name"":""polygon"",""all_points_x"":[122,105,109,120,126],""all_points_y"":[1599,1651,1650,1626,1601]}",{}
6.png,50331702,{},2346,6,"{""name"":""polygon"",""all_points_x"":[129,105,119],""all_points_y"":[1701,1788,1743]}",{}
6.png,50331702,{},2346,7,"{""name"":""polygon"",""all_points_x"":[184,129,92,85,89,114,146,173,181],""all_points_y"":[1649,1674,1699,1706,1707,1689,1672,1662,1656]}",{}
6.png,50331702,{},2346,8,"{""name"":""polygon"",""all_points_x"":[218,208,200,179,182,188,198,210],""all_points_y"":[1705,1711,1728,1782,1782,1771,1745,1722]}",{}
6.png,50331702,{},2346,9,"{""name"":""polygon"",""all_points_x"":[100,97,118,146,163,167,134],""all_points_y"":[1774,1776,1830,1896,1942,1941,1859]}",{}
6.png,50331702,{},2346,10,"{""name"":""polygon"",""all_points_x"":[350,344,329,308,305,311,333,343,350,352],""all_points_y"":[1621,1624,1679,1722,1727,1728,1683,1653,1628,1624]}",{}
6.png,50331702,{},2346,11,"{""name"":""polygon"",""all_points_x"":[360,358,356,358,356,354,354,352,354,360,361,362,362,362],""all_points_y"":[1729,1727,1748,1758,1796,1833,1853,1865,1865,1832,1806,1776,1749,1740]}",{}
6.png,50331702,{},2346,12,"{""name"":""polygon"",""all_points_x"":[134,129,134,139,145,150,153,156,151,147,143,141,140,138],""all_points_y"":[1786,1792,1797,1827,1857,1868,1873,1869,1854,1845,1816,1803,1795,1794]}",{}
6.png,50331702,{},2346,13,"{""name"":""polygon"",""all_points_x"":[170,165,167,168,170,170,173,176,179,176,174,172,172],""all_points_y"":[1798,1801,1815,1840,1849,1859,1873,1910,1911,1873,1848,1840,1831]}",{}
6.png,50331702,{},2346,14,"{""name"":""polygon"",""all_points_x"":[156,153,168,208,207,191],""all_points_y"":[1864,1866,1881,1915,1910,1897]}",{}
6.png,50331702,{},2346,15,"{""name"":""polygon"",""all_points_x"":[232,228,226],""all_points_y"":[1848,1824,1805]}",{}
6.png,50331702,{},2346,16,"{""name"":""polygon"",""all_points_x"":[226,190,162,189,224],""all_points_y"":[1825,1850,1877,1856,1829]}",{}
6.png,50331702,{},2346,17,"{""name"":""polygon"",""all_points_x"":[179,175,198,206,225,231,231,214,194],""all_points_y"":[1792,1798,1867,1891,1939,1948,1941,1904,1842]}",{}
6.png,50331702,{},2346,18,"{""name"":""polygon"",""all_points_x"":[238,233,238,244,251,261,266,275,278,282,276,268,260,246,244],""all_points_y"":[1797,1800,1811,1835,1860,1903,1926,1952,1974,1972,1941,1914,1874,1822,1807]}",{}
6.png,50331702,{},2346,19,"{""name"":""polygon"",""all_points_x"":[274,269,262,255,261,265,273,273,278,276],""all_points_y"":[1866,1877,1919,1947,1942,1928,1889,1878,1870,1866]}",{}
6.png,50331702,{},2346,20,"{""name"":""polygon"",""all_points_x"":[308,289,279,301,312],""all_points_y"":[1868,1848,1835,1855,1867]}",{}
6.png,50331702,{},2346,21,"{""name"":""polygon"",""all_points_x"":[430,423,409,410,413,418,424,427,432],""all_points_y"":[1648,1662,1727,1734,1733,1714,1688,1668,1653]}",{}
6.png,50331702,{},2346,22,"{""name"":""polygon"",""all_points_x"":[408,403,387,395,402,409,410],""all_points_y"":[1816,1822,1869,1863,1842,1824,1816]}",{}
6.png,50331702,{},2346,23,"{""name"":""polygon"",""all_points_x"":[411,358,359,412],""all_points_y"":[1884,1888,1893,1889]}",{}
6.png,50331702,{},2346,24,"{""name"":""polygon"",""all_points_x"":[414,411,407,406,414,418,416],""all_points_y"":[1847,1860,1874,1878,1871,1857,1846]}",{}
6.png,50331702,{},2346,25,"{""name"":""polygon"",""all_points_x"":[406,402,408,412,417,412,411],""all_points_y"":[1881,1883,1910,1918,1920,1904,1890]}",{}
6.png,50331702,{},2346,26,"{""name"":""polygon"",""all_points_x"":[395,370,348,351,386,397],""all_points_y"":[1951,1965,1987,1987,1960,1954]}",{}
6.png,50331702,{},2346,27,"{""name"":""polygon"",""all_points_x"":[457,450,428,413,420,443,458,458],""all_points_y"":[1891,1890,1919,1939,1939,1911,1896,1891]}",{}
6.png,50331702,{},2346,28,"{""name"":""polygon"",""all_points_x"":[405,391,378,374,387,400,408],""all_points_y"":[1957,1978,1993,1998,1992,1976,1957]}",{}
6.png,50331702,{},2346,29,"{""name"":""polygon"",""all_points_x"":[506,498,432,430,442,497,508,509],""all_points_y"":[1930,1936,1948,1952,1950,1942,1939,1931]}",{}
6.png,50331702,{},2346,30,"{""name"":""polygon"",""all_points_x"":[506,495,485,479,458,464,483,491,510],""all_points_y"":[1902,1924,1945,1951,1994,1992,1953,1948,1902]}",{}
6.png,50331702,{},2346,31,"{""name"":""polygon"",""all_points_x"":[114,110,115,132,134,137,139,143,146,149,144,137,121,123],""all_points_y"":[1780,1782,1805,1888,1916,1929,1942,1956,1983,1981,1931,1891,1802,1795]}",{}
6.png,50331702,{},2346,32,"{""name"":""polygon"",""all_points_x"":[138,135,121,118,136,142],""all_points_y"":[1958,1964,1974,1981,1969,1960]}",{}
6.png,50331702,{},2346,33,"{""name"":""polygon"",""all_points_x"":[233,232,272,289,290,258],""all_points_y"":[1945,1948,1956,1961,1957,1949]}",{}
6.png,50331702,{},2346,34,"{""name"":""polygon"",""all_points_x"":[327,326,287,264,259,270,284,297,312,320,330,337,331],""all_points_y"":[1944,1950,2020,2070,2083,2080,2041,2018,1992,1975,1957,1945,1943]}",{}
6.png,50331702,{},2346,35,"{""name"":""polygon"",""all_points_x"":[255,252,257,278,292,294,270,258],""all_points_y"":[2032,2033,2042,2067,2085,2080,2049,2034]}",{}
6.png,50331702,{},2346,36,"{""name"":""polygon"",""all_points_x"":[169,204,208,176],""all_points_y"":[2013,2056,2051,2010]}",{}
6.png,50331702,{},2346,37,"{""name"":""polygon"",""all_points_x"":[56,51,42,29,29,35,38,43,33,36,46,54,58,61],""all_points_y"":[2025,2040,2064,2096,2119,2131,2139,2136,2114,2087,2067,2049,2036,2027]}",{}
6.png,50331702,{},2346,38,"{""name"":""polygon"",""all_points_x"":[36,32,76,101,122,142,155,158,158,142,130,109,75,65],""all_points_y"":[2038,2043,2078,2100,2119,2142,2151,2150,2147,2134,2119,2099,2069,2059]}",{}
6.png,50331702,{},2346,39,"{""name"":""polygon"",""all_points_x"":[117,113,119,130,140,148,153,154,165,169,171,159,156,141,131],""all_points_y"":[2021,2023,2040,2065,2088,2107,2115,2123,2163,2169,2168,2121,2110,2076,2048]}",{}
6.png,50331702,{},2346,40,"{""name"":""polygon"",""all_points_x"":[282,277,279,287,293,298,292,291,285,285],""all_points_y"":[2141,2140,2159,2193,2222,2220,2195,2179,2167,2142]}",{}
6.png,50331702,{},2346,41,"{""name"":""polygon"",""all_points_x"":[190,183,179,179,174,162,154,149,139,137,146,157,156,168,183,191,193],""all_points_y"":[2129,2128,2140,2149,2172,2226,2243,2264,2301,2307,2297,2262,2251,2231,2164,2132,2129]}",{}
6.png,50331702,{},2346,42,"{""name"":""polygon"",""all_points_x"":[125,118,119,122,126,129,134,131,130,132,128],""all_points_y"":[2216,2223,2231,2237,2296,2321,2319,2261,2255,2242,2230]}",{}
6.png,50331702,{},2346,43,"{""name"":""polygon"",""all_points_x"":[260,267,252,231,226,221,220,217,214,221,223,243],""all_points_y"":[2212,2213,2271,2346,2378,2395,2412,2412,2401,2364,2348,2281]}",{}
6.png,50331702,{},2346,44,"{""name"":""polygon"",""all_points_x"":[380,376,311,298,286,291,315,351,381,383,378],""all_points_y"":[2194,2194,2268,2284,2296,2296,2270,2227,2197,2193,2192]}",{}
6.png,50331702,{},2346,45,"{""name"":""polygon"",""all_points_x"":[23,23,48,67,71,53,44,24],""all_points_y"":[2377,2380,2399,2418,2417,2400,2391,2377]}",{}
6.png,50331702,{},2346,46,"{""name"":""polygon"",""all_points_x"":[426,420,420,419,418,417,417,411,411,414,420,423,422],""all_points_y"":[2178,2179,2212,2234,2262,2273,2311,2327,2334,2334,2317,2298,2265]}",{}
6.png,50331702,{},2346,47,"{""name"":""polygon"",""all_points_x"":[376,357,354,369,372,376],""all_points_y"":[2237,2184,2184,2238,2242,2242]}",{}
6.png,50331702,{},2346,48,"{""name"":""polygon"",""all_points_x"":[472,465,457,457,442,428,434,452,465,467],""all_points_y"":[2148,2147,2179,2187,2243,2307,2306,2227,2184,2170]}",{}
6.png,50331702,{},2346,49,"{""name"":""polygon"",""all_points_x"":[323,280,260,266,290,327],""all_points_y"":[2392,2462,2505,2507,2456,2401]}",{}
6.png,50331702,{},2346,50,"{""name"":""polygon"",""all_points_x"":[314,309,307,301,303,305,310],""all_points_y"":[2424,2426,2441,2472,2497,2495,2452]}",{}
6.png,50331702,{},2346,51,"{""name"":""polygon"",""all_points_x"":[493,465,443,466],""all_points_y"":[2202,2195,2195,2199]}",{}
6.png,50331702,{},2346,52,"{""name"":""polygon"",""all_points_x"":[477,473,440,443,461,478],""all_points_y"":[2135,2137,2178,2180,2156,2137]}",{}
6.png,50331702,{},2346,53,"{""name"":""polygon"",""all_points_x"":[507,479,469,477,495,509,509],""all_points_y"":[2074,2110,2118,2119,2101,2080,2074]}",{}
6.png,50331702,{},2346,54,"{""name"":""polygon"",""all_points_x"":[421,420,455,462,460,450,436],""all_points_y"":[2162,2160,2136,2130,2136,2144,2156]}",{}
6.png,50331702,{},2346,55,"{""name"":""polygon"",""all_points_x"":[413,397,377,376,400,409],""all_points_y"":[2251,2271,2281,2277,2263,2250]}",{}
6.png,50331702,{},2346,56,"{""name"":""polygon"",""all_points_x"":[467,471,471,451,418,405,423,451],""all_points_y"":[2350,2350,2357,2388,2459,2474,2435,2379]}",{}
6.png,50331702,{},2346,57,"{""name"":""polygon"",""all_points_x"":[414,409,403,404,396,384,392,399,411,417],""all_points_y"":[2260,2264,2275,2287,2335,2374,2378,2373,2292,2278]}",{}
6.png,50331702,{},2346,58,"{""name"":""polygon"",""all_points_x"":[479,474,479,488,496,497,500,494],""all_points_y"":[1670,1674,1678,1699,1728,1743,1735,1705]}",{}
6.png,50331702,{},2346,59,"{""name"":""polygon"",""all_points_x"":[502,498,503,515,530,535,535,513,506],""all_points_y"":[1614,1615,1624,1660,1699,1708,1701,1643,1619]}",{}
6.png,50331702,{},2346,60,"{""name"":""polygon"",""all_points_x"":[504,500,501,504,507,511,511,515,513,511,508],""all_points_y"":[1686,1686,1695,1736,1744,1785,1797,1798,1759,1742,1729]}",{}
6.png,50331702,{},2346,61,"{""name"":""polygon"",""all_points_x"":[547,544,541,546,549],""all_points_y"":[1663,1670,1705,1700,1666]}",{}
6.png,50331702,{},2346,62,"{""name"":""polygon"",""all_points_x"":[530,530,560,576,563],""all_points_y"":[1628,1632,1665,1686,1665]}",{}
6.png,50331702,{},2346,63,"{""name"":""polygon"",""all_points_x"":[650,627,589,587,592,626,646,655],""all_points_y"":[1792,1730,1644,1637,1637,1721,1764,1791]}",{}
6.png,50331702,{},2346,64,"{""name"":""polygon"",""all_points_x"":[574,569,578,584,589,592,584],""all_points_y"":[1701,1701,1728,1763,1795,1788,1739]}",{}
6.png,50331702,{},2346,65,"{""name"":""polygon"",""all_points_x"":[601,589,591,600,601],""all_points_y"":[1713,1690,1683,1705,1711]}",{}
6.png,50331702,{},2346,66,"{""name"":""polygon"",""all_points_x"":[618,614,611,611,619,620],""all_points_y"":[1639,1661,1678,1685,1657,1646]}",{}
6.png,50331702,{},2346,67,"{""name"":""polygon"",""all_points_x"":[622,617,622,622,626,627,625],""all_points_y"":[1755,1755,1791,1831,1832,1790,1774]}",{}
6.png,50331702,{},2346,68,"{""name"":""polygon"",""all_points_x"":[696,692,730,732,719],""all_points_y"":[1731,1733,1790,1787,1765]}",{}
6.png,50331702,{},2346,69,"{""name"":""polygon"",""all_points_x"":[688,685,712,735,754,755,731],""all_points_y"":[1751,1753,1788,1817,1842,1839,1807]}",{}
6.png,50331702,{},2346,70,"{""name"":""polygon"",""all_points_x"":[692,691,719,716],""all_points_y"":[1793,1796,1802,1798]}",{}
6.png,50331702,{},2346,71,"{""name"":""polygon"",""all_points_x"":[683,680,697,701,718,720,706,706,694],""all_points_y"":[1802,1804,1836,1842,1881,1876,1845,1838,1823]}",{}
6.png,50331702,{},2346,72,"{""name"":""polygon"",""all_points_x"":[674,671,805,806,708,682],""all_points_y"":[1808,1814,1833,1829,1815,1810]}",{}
6.png,50331702,{},2346,73,"{""name"":""polygon"",""all_points_x"":[721,716,755,755],""all_points_y"":[1635,1634,1651,1648]}",{}
6.png,50331702,{},2346,74,"{""name"":""polygon"",""all_points_x"":[672,668,657,642,643,661],""all_points_y"":[1782,1783,1844,1914,1919,1840]}",{}
6.png,50331702,{},2346,75,"{""name"":""polygon"",""all_points_x"":[681,679,698,716,723,735,733,725,709,693],""all_points_y"":[1847,1849,1882,1917,1934,1953,1944,1930,1895,1863]}",{}
6.png,50331702,{},2346,76,"{""name"":""polygon"",""all_points_x"":[805,799,799,805,808,812,813,817,818,815,812,807],""all_points_y"":[1904,1904,1910,1936,1961,1987,1999,1999,1984,1964,1940,1916]}",{}
6.png,50331702,{},2346,77,"{""name"":""polygon"",""all_points_x"":[685,687,759,820,850,850,845,766,720],""all_points_y"":[2012,2018,2019,2021,2025,2022,2019,2015,2014]}",{}
6.png,50331702,{},2346,78,"{""name"":""polygon"",""all_points_x"":[553,546,559,581,603,614,630,637,653,656,641,624],""all_points_y"":[2019,2022,2049,2087,2128,2148,2183,2205,2242,2240,2195,2151]}",{}
6.png,50331702,{},2346,79,"{""name"":""polygon"",""all_points_x"":[634,628,632,637,640,638,644,647,644,645,638],""all_points_y"":[2007,2009,2025,2063,2071,2079,2104,2098,2075,2069,2024]}",{}
6.png,50331702,{},2346,80,"{""name"":""polygon"",""all_points_x"":[605,601,621,626,613],""all_points_y"":[1791,1792,1834,1832,1799]}",{}
6.png,50331702,{},2346,81,"{""name"":""polygon"",""all_points_x"":[562,558,571,591,600,623,628,601,594,582],""all_points_y"":[1762,1767,1779,1801,1821,1846,1843,1811,1797,1784]}",{}
6.png,50331702,{},2346,82,"{""name"":""polygon"",""all_points_x"":[549,545,561,562,593,595,566,565],""all_points_y"":[1734,1736,1780,1791,1826,1825,1783,1776]}",{}
6.png,50331702,{},2346,83,"{""name"":""polygon"",""all_points_x"":[673,673,731,732],""all_points_y"":[1851,1856,1867,1865]}",{}
6.png,50331702,{},2346,84,"{""name"":""polygon"",""all_points_x"":[695,692,714,732,731,711],""all_points_y"":[1847,1849,1859,1862,1860,1854]}",{}
6.png,50331702,{},2346,85,"{""name"":""polygon"",""all_points_x"":[684,698,700,688],""all_points_y"":[1899,1965,1963,1899]}",{}
6.png,50331702,{},2346,86,"{""name"":""polygon"",""all_points_x"":[676,675,709,738,741,706],""all_points_y"":[1903,1907,1936,1966,1963,1928]}",{}
6.png,50331702,{},2346,87,"{""name"":""polygon"",""all_points_x"":[582,578,575,576,578,580],""all_points_y"":[1899,1900,1929,1966,1965,1927]}",{}
6.png,50331702,{},2346,88,"{""name"":""polygon"",""all_points_x"":[607,586,573,578,589,609],""all_points_y"":[1914,1963,2007,2005,1962,1918]}",{}
6.png,50331702,{},2346,89,"{""name"":""polygon"",""all_points_x"":[563,562,613,622,652,648,625,586],""all_points_y"":[2062,2066,2095,2102,2118,2112,2098,2075]}",{}
6.png,50331702,{},2346,90,"{""name"":""polygon"",""all_points_x"":[572,568,569,575,578,572],""all_points_y"":[1942,1943,1954,1981,1978,1951]}",{}
6.png,50331702,{},2346,91,"{""name"":""polygon"",""all_points_x"":[594,591,597,606,609,602],""all_points_y"":[1958,1960,1978,2050,2051,1982]}",{}
6.png,50331702,{},2346,92,"{""name"":""polygon"",""all_points_x"":[570,565,554,541,543,565,569,575],""all_points_y"":[1965,1982,2010,2047,2052,1995,1984,1967]}",{}
6.png,50331702,{},2346,93,"{""name"":""polygon"",""all_points_x"":[563,555,595,625,650,666,663,643,602,587],""all_points_y"":[2155,2157,2187,2209,2228,2242,2233,2218,2185,2174]}",{}
6.png,50331702,{},2346,94,"{""name"":""polygon"",""all_points_x"":[538,536,541,567,562],""all_points_y"":[2035,2039,2038,2018,2016]}",{}
6.png,50331702,{},2346,95,"{""name"":""polygon"",""all_points_x"":[646,643,665,689,691,662],""all_points_y"":[2030,2033,2050,2065,2062,2042]}",{}
6.png,50331702,{},2346,96,"{""name"":""polygon"",""all_points_x"":[840,840,881,883,850],""all_points_y"":[1922,1925,1947,1944,1927]}",{}
6.png,50331702,{},2346,97,"{""name"":""polygon"",""all_points_x"":[810,806,806,845,845],""all_points_y"":[1882,1882,1885,1888,1885]}",{}
6.png,50331702,{},2346,98,"{""name"":""polygon"",""all_points_x"":[787,782,800,819,821,802],""all_points_y"":[1694,1695,1709,1739,1737,1708]}",{}
6.png,50331702,{},2346,99,"{""name"":""polygon"",""all_points_x"":[792,774,780,796,797],""all_points_y"":[1912,1939,1940,1917,1911]}",{}
6.png,50331702,{},2346,100,"{""name"":""polygon"",""all_points_x"":[661,656,663,731,734,724,690,668],""all_points_y"":[2098,2100,2102,2069,2062,2068,2085,2095]}",{}
6.png,50331702,{},2346,101,"{""name"":""polygon"",""all_points_x"":[728,728,755,780,811,827,836,832,812,801,777,754,748],""all_points_y"":[2135,2140,2146,2156,2169,2179,2180,2179,2165,2161,2151,2144,2141]}",{}
6.png,50331702,{},2346,102,"{""name"":""polygon"",""all_points_x"":[838,834,839,844,849,852,856,858,850,841],""all_points_y"":[2100,2101,2131,2162,2185,2200,2205,2204,2166,2118]}",{}
6.png,50331702,{},2346,103,"{""name"":""polygon"",""all_points_x"":[681,675,682,688,694,699,703,699,698,697,692,688],""all_points_y"":[2099,2102,2127,2164,2191,2222,2223,2202,2187,2176,2148,2129]}",{}
6.png,50331702,{},2346,104,"{""name"":""polygon"",""all_points_x"":[640,634,627,625,623,616,601,605,624,628,630,638],""all_points_y"":[2168,2168,2192,2200,2216,2254,2301,2301,2245,2218,2196,2175]}",{}
6.png,50331702,{},2346,105,"{""name"":""polygon"",""all_points_x"":[615,614,613,611,611,609,607,607,608,606,610,614,612,616,614,618,619,622,621],""all_points_y"":[2203,2213,2230,2253,2266,2294,2308,2324,2337,2345,2347,2319,2307,2291,2275,2237,2219,2207,2203]}",{}
6.png,50331702,{},2346,106,"{""name"":""polygon"",""all_points_x"":[869,862,865,866,864,862,860,860,863,867,869,873,872],""all_points_y"":[1960,1965,1973,1976,2002,2027,2050,2061,2061,2039,2003,1974,1961]}",{}
6.png,50331702,{},2346,107,"{""name"":""polygon"",""all_points_x"":[729,724,796,807,788,749,739],""all_points_y"":[2048,2051,2100,2105,2092,2065,2059]}",{}
6.png,50331702,{},2346,108,"{""name"":""polygon"",""all_points_x"":[715,704,679,695,719,770,772],""all_points_y"":[2026,2028,2034,2033,2030,2026,2022]}",{}
6.png,50331702,{},2346,109,"{""name"":""polygon"",""all_points_x"":[880,878,893,919,930,905,896],""all_points_y"":[1956,1958,1978,2010,2023,1985,1974]}",{}
6.png,50331702,{},2346,110,"{""name"":""polygon"",""all_points_x"":[912,908,906,905,907,908,911,912,914,912,919,917,913,913,912,915,913],""all_points_y"":[2008,2009,2029,2042,2052,2087,2107,2118,2123,2140,2137,2117,2083,2060,2030,2014,2007]}",{}
6.png,50331702,{},2346,111,"{""name"":""polygon"",""all_points_x"":[1034,1030,1034,1042,1046,1052,1063,1068,1067,1062,1052,1046,1042,1039],""all_points_y"":[2056,2058,2068,2083,2089,2095,2113,2117,2113,2100,2087,2077,2071,2064]}",{}
6.png,50331702,{},2346,112,"{""name"":""polygon"",""all_points_x"":[955,950,974,986,1006,1018,1009,983,970],""all_points_y"":[2043,2046,2075,2087,2107,2118,2102,2078,2065]}",{}
6.png,50331702,{},2346,113,"{""name"":""polygon"",""all_points_x"":[1021,1017,1019,1034,1043,1054,1058,1052,1039,1028],""all_points_y"":[2114,2114,2118,2121,2126,2129,2128,2124,2121,2115]}",{}
6.png,50331702,{},2346,114,"{""name"":""polygon"",""all_points_x"":[884,879,888,904,928,933,929,897,886],""all_points_y"":[2030,2032,2043,2070,2114,2119,2106,2048,2030]}",{}
6.png,50331702,{},2346,115,"{""name"":""polygon"",""all_points_x"":[869,865,873,873,878,874,870,870],""all_points_y"":[2059,2061,2093,2105,2105,2079,2065,2061]}",{}
6.png,50331702,{},2346,116,"{""name"":""polygon"",""all_points_x"":[874,879,886,886,888,891,892,894,892,894,892,896,891,890,886,887,886,886,882,882,878],""all_points_y"":[2109,2106,2115,2125,2144,2157,2169,2180,2190,2201,2212,2225,2226,2213,2200,2192,2180,2164,2144,2136,2119]}",{}
6.png,50331702,{},2346,117,"{""name"":""polygon"",""all_points_x"":[951,946,953,957,965,969,976,982,988,991,996,996,988,980,971,964,955],""all_points_y"":[2125,2127,2136,2144,2155,2165,2172,2179,2187,2197,2199,2196,2183,2169,2156,2146,2131]}",{}
6.png,50331702,{},2346,118,"{""name"":""polygon"",""all_points_x"":[904,901,908,917,922,926,925,931,930,930,925,918,909,906],""all_points_y"":[2179,2181,2193,2210,2219,2234,2257,2255,2245,2230,2214,2201,2187,2183]}",{}
6.png,50331702,{},2346,119,"{""name"":""polygon"",""all_points_x"":[1002,999,1000,1007,1013,1017,1023],""all_points_y"":[2142,2145,2154,2171,2189,2203,2205]}",{}
6.png,50331702,{},2346,120,"{""name"":""polygon"",""all_points_x"":[1000,995,995,1006,1012,1016,1014,1007],""all_points_y"":[2183,2183,2188,2198,2210,2210,2199,2192]}",{}
6.png,50331702,{},2346,121,"{""name"":""polygon"",""all_points_x"":[993,987,986,988,983,983,983,982,983,983,988,987],""all_points_y"":[2229,2227,2233,2241,2260,2266,2275,2285,2297,2310,2302,2281]}",{}
6.png,50331702,{},2346,122,"{""name"":""polygon"",""all_points_x"":[1012,1008,1000,993,979,972,975,989,992,1000,1007,1011,1013],""all_points_y"":[2284,2284,2292,2296,2312,2323,2323,2311,2305,2299,2291,2290,2288]}",{}
6.png,50331702,{},2346,123,"{""name"":""polygon"",""all_points_x"":[840,833,830,836,842,842,846,846,853,854,859,865,858,852,852,851,850,843],""all_points_y"":[2316,2320,2328,2333,2352,2362,2368,2380,2396,2407,2415,2415,2396,2380,2364,2358,2349,2332]}",{}
6.png,50331702,{},2346,124,"{""name"":""polygon"",""all_points_x"":[926,921,922,930,939,942,950,954,957,961,957,949,944],""all_points_y"":[2458,2458,2464,2472,2486,2496,2509,2519,2526,2523,2510,2498,2483]}",{}
6.png,50331702,{},2346,125,"{""name"":""polygon"",""all_points_x"":[1066,1061,1057,1059,1051,1035,1033,1019,1011,1007,1009,1015,1024,1031,1037,1043,1053,1057,1064,1067],""all_points_y"":[2295,2293,2299,2302,2322,2349,2360,2376,2395,2401,2407,2406,2381,2375,2362,2348,2330,2319,2308,2295]}",{}
6.png,50331702,{},2346,126,"{""name"":""polygon"",""all_points_x"":[1085,1081,1094,1123,1124],""all_points_y"":[2222,2223,2258,2341,2340]}",{}
6.png,50331702,{},2346,127,"{""name"":""polygon"",""all_points_x"":[1126,1119,1123,1129,1135,1139,1144,1148,1148,1143,1138,1132],""all_points_y"":[2264,2266,2276,2285,2297,2302,2315,2318,2309,2297,2290,2279]}",{}
6.png,50331702,{},2346,128,"{""name"":""polygon"",""all_points_x"":[695,686,686,694,696,696,701,703,703,706,707,708,710,712,713,713,710,708,703,700,695,697,695],""all_points_y"":[2288,2288,2298,2331,2358,2375,2384,2394,2411,2419,2446,2469,2489,2489,2440,2424,2397,2384,2367,2339,2300,2292,2291]}",{}
6.png,50331702,{},2346,129,"{""name"":""polygon"",""all_points_x"":[728,725,724,725,721,721,724,727,725,729],""all_points_y"":[2322,2322,2342,2347,2353,2358,2383,2382,2357,2347]}",{}
6.png,50331702,{},2346,130,"{""name"":""polygon"",""all_points_x"":[747,743,746,751,753,757,760,751,751],""all_points_y"":[2415,2420,2430,2459,2465,2475,2473,2432,2423]}",{}
6.png,50331702,{},2346,131,"{""name"":""polygon"",""all_points_x"":[586,581,588,598,600,603,598,595,591],""all_points_y"":[2285,2288,2301,2331,2336,2335,2317,2306,2296]}",{}
6.png,50331702,{},2346,132,"{""name"":""polygon"",""all_points_x"":[641,636,632,618,617,610,604,610,612,617,623,624,638,640],""all_points_y"":[2299,2299,2315,2351,2362,2384,2409,2414,2397,2384,2362,2353,2313,2304]}",{}
6.png,50331702,{},2346,133,"{""name"":""polygon"",""all_points_x"":[941,936,942,976,982,995,1002,1013,1027,1031,1018,1009,998,984,963],""all_points_y"":[2530,2532,2540,2585,2594,2603,2615,2623,2641,2640,2621,2615,2598,2589,2558]}",{}
6.png,50331702,{},2346,134,"{""name"":""polygon"",""all_points_x"":[476,472,469,466,458,454,443,438,444,447,454,459,463,472,475,477,478],""all_points_y"":[2408,2405,2426,2438,2461,2482,2528,2541,2541,2531,2508,2489,2467,2439,2424,2415,2411]}",{}
6.png,50331702,{},2346,135,"{""name"":""polygon"",""all_points_x"":[419,428,428,427,429,429,432,432,428,426,428,423,424,423,421,422],""all_points_y"":[2429,2432,2456,2465,2474,2484,2496,2505,2506,2506,2493,2486,2475,2468,2456,2438]}",{}
6.png,50331702,{},2346,136,"{""name"":""polygon"",""all_points_x"":[480,475,478,484,485,488,492,497,499,503,510,511,507,501,500,496,492,492,489,485,483,484],""all_points_y"":[2489,2491,2502,2525,2539,2545,2580,2595,2615,2639,2646,2641,2623,2587,2576,2563,2540,2531,2515,2505,2496,2490]}",{}
6.png,50331702,{},2346,137,"{""name"":""polygon"",""all_points_x"":[496,491,528,533,536,533,516],""all_points_y"":[2300,2302,2361,2373,2371,2363,2335]}",{}
6.png,50331702,{},2346,138,"{""name"":""polygon"",""all_points_x"":[526,522,534,542,545,542,535,529,531],""all_points_y"":[2373,2375,2410,2434,2433,2424,2398,2378,2373]}",{}
6.png,50331702,{},2346,139,"{""name"":""polygon"",""all_points_x"":[568,562,563,565,568,574,576,572,575,575,581,577,581,576,568],""all_points_y"":[2394,2395,2408,2418,2430,2450,2455,2460,2475,2488,2486,2463,2459,2433,2406]}",{}
6.png,50331702,{},2346,140,"{""name"":""polygon"",""all_points_x"":[447,443,442,485,511,506,461],""all_points_y"":[2408,2408,2412,2420,2427,2421,2412]}",{}
6.png,50331702,{},2346,141,"{""name"":""polygon"",""all_points_x"":[524,520,537,541],""all_points_y"":[2447,2448,2477,2477]}",{}
6.png,50331702,{},2346,142,"{""name"":""polygon"",""all_points_x"":[371,356,344,345,361,371,374],""all_points_y"":[2528,2513,2504,2509,2524,2532,2530]}",{}
6.png,50331702,{},2346,143,"{""name"":""polygon"",""all_points_x"":[353,354,355,358,358,357],""all_points_y"":[2519,2547,2572,2570,2537,2520]}",{}
6.png,50331702,{},2346,144,"{""name"":""polygon"",""all_points_x"":[610,603,598,590,585,590,600,603,604],""all_points_y"":[2419,2418,2459,2520,2554,2552,2494,2464,2454]}",{}
6.png,50331702,{},2346,145,"{""name"":""polygon"",""all_points_x"":[635,630,652,666,685,685,666,655,640],""all_points_y"":[2535,2537,2569,2585,2611,2606,2581,2567,2546]}",{}
6.png,50331702,{},2346,146,"{""name"":""polygon"",""all_points_x"":[607,601,601,610,616,618,623,626,620,620,614,609],""all_points_y"":[2499,2499,2510,2542,2548,2563,2572,2570,2551,2543,2537,2512]}",{}
6.png,50331702,{},2346,147,"{""name"":""polygon"",""all_points_x"":[188,184,191,196,207,228,234,236,222,202,195],""all_points_y"":[2572,2576,2599,2606,2643,2701,2712,2705,2668,2607,2592]}",{}
6.png,50331702,{},2346,148,"{""name"":""polygon"",""all_points_x"":[208,205,246,250],""all_points_y"":[2542,2545,2573,2573]}",{}
6.png,50331702,{},2346,149,"{""name"":""polygon"",""all_points_x"":[224,205,208,233,231,227],""all_points_y"":[2573,2607,2609,2569,2566,2568]}",{}
6.png,50331702,{},2346,150,"{""name"":""polygon"",""all_points_x"":[318,315,320,327,340,342,331,325],""all_points_y"":[2608,2612,2616,2632,2648,2644,2631,2618]}",{}
6.png,50331702,{},2346,151,"{""name"":""polygon"",""all_points_x"":[360,362,367,376,374,371,367,360],""all_points_y"":[2635,2634,2646,2665,2669,2668,2653,2640]}",{}
6.png,50331702,{},2346,152,"{""name"":""polygon"",""all_points_x"":[332,330,331,328,327,330,333,335,332,332,336,336],""all_points_y"":[2659,2662,2669,2695,2728,2788,2786,2774,2738,2700,2672,2665]}",{}
6.png,50331702,{},2346,153,"{""name"":""polygon"",""all_points_x"":[0,5,3,10,12,12,15,15,17,17,15,12,13,10,6,6,0],""all_points_y"":[2457,2458,2467,2501,2515,2525,2532,2545,2550,2560,2571,2576,2553,2533,2520,2508,2480]}",{}
6.png,50331702,{},2346,154,"{""name"":""polygon"",""all_points_x"":[2,5,8,10,11,7,3,2,0,0],""all_points_y"":[2504,2509,2533,2547,2562,2562,2543,2527,2515,2502]}",{}
6.png,50331702,{},2346,155,"{""name"":""polygon"",""all_points_x"":[488,483,490,498,504,508,500,493],""all_points_y"":[2711,2713,2733,2769,2785,2785,2753,2729]}",{}
6.png,50331702,{},2346,156,"{""name"":""polygon"",""all_points_x"":[454,450,422,425,453],""all_points_y"":[2719,2721,2777,2777,2722]}",{}
6.png,50331702,{},2346,157,"{""name"":""polygon"",""all_points_x"":[557,555,572,581,590,603,607,591,584,567,562],""all_points_y"":[2697,2703,2725,2740,2746,2774,2771,2743,2734,2707,2701]}",{}
6.png,50331702,{},2346,158,"{""name"":""polygon"",""all_points_x"":[576,575,590,643,647,590],""all_points_y"":[2612,2617,2625,2660,2657,2620]}",{}
6.png,50331702,{},2346,159,"{""name"":""polygon"",""all_points_x"":[589,582,595,611,620,622,615,601],""all_points_y"":[2563,2568,2605,2629,2639,2638,2626,2605]}",{}
6.png,50331702,{},2346,160,"{""name"":""polygon"",""all_points_x"":[639,633,647,652,666,679,681,672,667,652,644],""all_points_y"":[2651,2654,2700,2717,2755,2787,2786,2756,2747,2694,2664]}",{}
6.png,50331702,{},2346,161,"{""name"":""polygon"",""all_points_x"":[802,798,803,807],""all_points_y"":[2541,2541,2593,2590]}",{}
6.png,50331702,{},2346,162,"{""name"":""polygon"",""all_points_x"":[649,651,685,685,665],""all_points_y"":[2549,2540,2505,2510,2532]}",{}
6.png,50331702,{},2346,163,"{""name"":""polygon"",""all_points_x"":[748,745,765,769,760],""all_points_y"":[2629,2632,2654,2653,2639]}",{}
6.png,50331702,{},2346,164,"{""name"":""polygon"",""all_points_x"":[774,772,770,767,766,756,753,753,758,765,769,773,775,779,779,782,775],""all_points_y"":[2660,2670,2696,2707,2731,2768,2784,2790,2790,2763,2749,2732,2711,2695,2671,2663,2656]}",{}
6.png,50331702,{},2346,165,"{""name"":""polygon"",""all_points_x"":[843,840,837,839],""all_points_y"":[2705,2705,2803,2802]}",{}
6.png,50331702,{},2346,166,"{""name"":""polygon"",""all_points_x"":[524,529,544,555,561,563,549,532],""all_points_y"":[2735,2746,2783,2820,2836,2833,2786,2737]}",{}
6.png,50331702,{},2346,167,"{""name"":""polygon"",""all_points_x"":[462,457,479,487,490,480],""all_points_y"":[2778,2781,2807,2820,2818,2799]}",{}
6.png,50331702,{},2346,168,"{""name"":""polygon"",""all_points_x"":[379,372,395,420,436,457,464,464,456,438,428],""all_points_y"":[2764,2768,2787,2819,2843,2882,2893,2883,2871,2837,2821]}",{}
6.png,50331702,{},2346,169,"{""name"":""polygon"",""all_points_x"":[400,407,428,457,464,448,425],""all_points_y"":[2827,2828,2799,2766,2749,2770,2796]}",{}
6.png,50331702,{},2346,170,"{""name"":""polygon"",""all_points_x"":[390,381,379,384,385,395],""all_points_y"":[2862,2878,2892,2892,2878,2861]}",{}
6.png,50331702,{},2346,171,"{""name"":""polygon"",""all_points_x"":[309,306,304,304,309,310,312],""all_points_y"":[2767,2777,2791,2802,2799,2782,2767]}",{}
6.png,50331702,{},2346,172,"{""name"":""polygon"",""all_points_x"":[448,445,452,452,454,462,464,457,453,452,451],""all_points_y"":[2779,2786,2823,2831,2837,2872,2864,2827,2799,2795,2783]}",{}
6.png,50331702,{},2346,173,"{""name"":""polygon"",""all_points_x"":[486,478,472,478,485,489],""all_points_y"":[2838,2858,2874,2869,2850,2840]}",{}
6.png,50331702,{},2346,174,"{""name"":""polygon"",""all_points_x"":[546,542,567,582,572],""all_points_y"":[2809,2815,2823,2825,2818]}",{}
6.png,50331702,{},2346,175,"{""name"":""polygon"",""all_points_x"":[621,613,618,619,620,626,623,623],""all_points_y"":[2766,2778,2791,2839,2877,2878,2798,2782]}",{}
6.png,50331702,{},2346,176,"{""name"":""polygon"",""all_points_x"":[587,583,594,605,621,626,607],""all_points_y"":[2787,2788,2825,2851,2883,2880,2837]}",{}
6.png,50331702,{},2346,177,"{""name"":""polygon"",""all_points_x"":[627,623,639,641,645,641,632],""all_points_y"":[2893,2896,2923,2931,2926,2914,2903]}",{}
6.png,50331702,{},2346,178,"{""name"":""polygon"",""all_points_x"":[540,533,546,564,573,596,615,624,653,669,690,713,677,664,624,606,585,556],""all_points_y"":[2929,2934,2943,2952,2956,2969,2976,2980,2992,3001,3013,3017,3002,2992,2973,2968,2955,2941]}",{}
6.png,50331702,{},2346,179,"{""name"":""polygon"",""all_points_x"":[505,497,515,532,563,600,601,550,544,523],""all_points_y"":[2904,2908,2927,2949,2985,3030,3025,2961,2954,2929]}",{}
6.png,50331702,{},2346,180,"{""name"":""polygon"",""all_points_x"":[578,576,581,585,656,659,674,662,631,604],""all_points_y"":[2981,2986,2989,2988,3004,3003,3006,3001,2994,2988]}",{}
6.png,50331702,{},2346,181,"{""name"":""polygon"",""all_points_x"":[594,594,630,626],""all_points_y"":[2957,2960,2955,2953]}",{}
6.png,50331702,{},2346,182,"{""name"":""polygon"",""all_points_x"":[419,455,476,471,437,420],""all_points_y"":[2860,2900,2921,2921,2887,2863]}",{}
6.png,50331702,{},2346,183,"{""name"":""polygon"",""all_points_x"":[461,457,455,459,462,459],""all_points_y"":[2953,2956,3013,3026,3026,3003]}",{}
6.png,50331702,{},2346,184,"{""name"":""polygon"",""all_points_x"":[296,293,336,339],""all_points_y"":[2905,2908,3012,3009]}",{}
6.png,50331702,{},2346,185,"{""name"":""polygon"",""all_points_x"":[273,271,338,339],""all_points_y"":[3009,3016,3084,3078]}",{}
6.png,50331702,{},2346,186,"{""name"":""polygon"",""all_points_x"":[380,376,444,463,469],""all_points_y"":[3138,3143,3168,3175,3174]}",{}
6.png,50331702,{},2346,187,"{""name"":""polygon"",""all_points_x"":[312,307,307,309,311,315,312],""all_points_y"":[3045,3046,3113,3153,3167,3167,3105]}",{}
6.png,50331702,{},2346,188,"{""name"":""polygon"",""all_points_x"":[228,223,228,255,259,241,230],""all_points_y"":[2783,2784,2795,2824,2824,2802,2788]}",{}
6.png,50331702,{},2346,189,"{""name"":""polygon"",""all_points_x"":[280,275,269,275],""all_points_y"":[2895,2896,2939,2939]}",{}
6.png,50331702,{},2346,190,"{""name"":""polygon"",""all_points_x"":[530,530,551,594,601,576,558,546],""all_points_y"":[3074,3079,3087,3112,3111,3094,3085,3078]}",{}
6.png,50331702,{},2346,191,"{""name"":""polygon"",""all_points_x"":[269,266,276,279,290,296,298,286,281,273,271],""all_points_y"":[3013,3013,3055,3081,3115,3128,3121,3084,3055,3024,3013]}",{}
6.png,50331702,{},2346,192,"{""name"":""polygon"",""all_points_x"":[159,154,188,221,236,233,219,195],""all_points_y"":[3079,3080,3137,3168,3184,3177,3161,3136]}",{}
6.png,50331702,{},2346,193,"{""name"":""polygon"",""all_points_x"":[215,240,241,217],""all_points_y"":[3155,3152,3156,3157]}",{}
6.png,50331702,{},2346,194,"{""name"":""polygon"",""all_points_x"":[293,247,246,287,296],""all_points_y"":[3170,3175,3177,3174,3173]}",{}
6.png,50331702,{},2346,195,"{""name"":""polygon"",""all_points_x"":[322,318,324,328],""all_points_y"":[3096,3096,3159,3157]}",{}
6.png,50331702,{},2346,196,"{""name"":""polygon"",""all_points_x"":[0,0,2,12,14,9,4,2],""all_points_y"":[2696,2711,2730,2753,2751,2729,2703,2694]}",{}
6.png,50331702,{},2346,197,"{""name"":""polygon"",""all_points_x"":[684,679,688,694],""all_points_y"":[2870,2875,2907,2907]}",{}
6.png,50331702,{},2346,198,"{""name"":""polygon"",""all_points_x"":[765,769,805,838,800],""all_points_y"":[2952,2950,2994,3035,2996]}",{}
6.png,50331702,{},2346,199,"{""name"":""polygon"",""all_points_x"":[817,820,821,809,801,813],""all_points_y"":[3028,3031,3022,2989,2992,3013]}",{}
6.png,50331702,{},2346,200,"{""name"":""polygon"",""all_points_x"":[689,687,731,734],""all_points_y"":[3028,3028,3095,3092]}",{}
6.png,50331702,{},2346,201,"{""name"":""polygon"",""all_points_x"":[378,374,382,390,393,397,392,386],""all_points_y"":[3233,3233,3286,3303,3325,3321,3293,3282]}",{}
6.png,50331702,{},2346,202,"{""name"":""polygon"",""all_points_x"":[459,457,485,483],""all_points_y"":[3098,3102,3125,3116]}",{}
6.png,50331702,{},2346,203,"{""name"":""polygon"",""all_points_x"":[489,475,479,492],""all_points_y"":[3110,3132,3132,3110]}",{}
6.png,50331702,{},2346,204,"{""name"":""polygon"",""all_points_x"":[619,614,642,648,640],""all_points_y"":[3224,3224,3295,3305,3274]}",{}
6.png,50331702,{},2346,205,"{""name"":""polygon"",""all_points_x"":[679,673,690,701,720,722,705,692],""all_points_y"":[3068,3068,3127,3172,3225,3216,3168,3114]}",{}
6.png,50331702,{},2346,206,"{""name"":""polygon"",""all_points_x"":[151,153,200,259,258,191],""all_points_y"":[3259,3263,3274,3295,3290,3269]}",{}
6.png,50331702,{},2346,207,"{""name"":""polygon"",""all_points_x"":[40,36,61,66],""all_points_y"":[3120,3121,3156,3156]}",{}
6.png,50331702,{},2346,208,"{""name"":""polygon"",""all_points_x"":[120,115,139,148,164,184,185,167,151,123],""all_points_y"":[3197,3197,3209,3217,3234,3245,3237,3231,3211,3195]}",{}
6.png,50331702,{},2346,209,"{""name"":""polygon"",""all_points_x"":[77,52,35,32,52,80],""all_points_y"":[2710,2725,2724,2729,2729,2714]}",{}
6.png,50331702,{},2346,210,"{""name"":""polygon"",""all_points_x"":[246,243,238,242,247,253],""all_points_y"":[3328,3386,3462,3460,3419,3325]}",{}
6.png,50331702,{},2346,211,"{""name"":""polygon"",""all_points_x"":[124,130,168,174,174,140,128],""all_points_y"":[3347,3361,3438,3441,3435,3373,3346]}",{}
6.png,50331702,{},2346,212,"{""name"":""polygon"",""all_points_x"":[394,394,412,431,442,445,421,408],""all_points_y"":[3351,3356,3372,3396,3411,3408,3377,3361]}",{}
6.png,50331702,{},2346,213,"{""name"":""polygon"",""all_points_x"":[426,430,452,489,516,508,475,451,448,441],""all_points_y"":[3201,3198,3220,3254,3279,3280,3248,3226,3220,3218]}",{}
6.png,50331702,{},2346,214,"{""name"":""polygon"",""all_points_x"":[481,476,457,445,427,435,448,480],""all_points_y"":[3286,3288,3257,3241,3204,3205,3235,3282]}",{}
6.png,50331702,{},2346,215,"{""name"":""polygon"",""all_points_x"":[459,453,473,479,485,474],""all_points_y"":[3206,3206,3235,3243,3250,3229]}",{}
6.png,50331702,{},2346,216,"{""name"":""polygon"",""all_points_x"":[438,432,486,509,512,464],""all_points_y"":[3196,3197,3263,3291,3287,3227]}",{}
6.png,50331702,{},2346,217,"{""name"":""polygon"",""all_points_x"":[470,456,525,524],""all_points_y"":[3182,3176,3243,3234]}",{}
6.png,50331702,{},2346,218,"{""name"":""polygon"",""all_points_x"":[494,490,511,514],""all_points_y"":[3285,3288,3312,3305]}",{}
6.png,50331702,{},2346,219,"{""name"":""polygon"",""all_points_x"":[162,157,171,174],""all_points_y"":[3174,3174,3257,3257]}",{}
6.png,50331702,{},2346,220,"{""name"":""polygon"",""all_points_x"":[141,134,155,170,175,163,155],""all_points_y"":[3192,3192,3229,3275,3274,3237,3214]}",{}
6.png,50331702,{},2346,221,"{""name"":""polygon"",""all_points_x"":[144,140,178,183],""all_points_y"":[3236,3238,3280,3276]}",{}
6.png,50331702,{},2346,222,"{""name"":""polygon"",""all_points_x"":[241,236,218,203,212,235],""all_points_y"":[3225,3225,3255,3280,3284,3239]}",{}
6.png,50331702,{},2346,223,"{""name"":""polygon"",""all_points_x"":[257,239,224,232,259],""all_points_y"":[3271,3277,3286,3289,3276]}",{}
6.png,50331702,{},2346,224,"{""name"":""polygon"",""all_points_x"":[213,204,212,219,225,229,218],""all_points_y"":[3377,3377,3393,3433,3467,3467,3398]}",{}
6.png,50331702,{},2346,225,"{""name"":""polygon"",""all_points_x"":[208,207,213,217,221,230,232,238,227,223,216,215],""all_points_y"":[3503,3507,3549,3575,3598,3633,3647,3647,3597,3577,3532,3500]}",{}
6.png,50331702,{},2346,226,"{""name"":""polygon"",""all_points_x"":[254,235,232,280,281],""all_points_y"":[3373,3368,3370,3388,3379]}",{}
6.png,50331702,{},2346,227,"{""name"":""polygon"",""all_points_x"":[276,266,269,277],""all_points_y"":[3424,3424,3477,3477]}",{}
6.png,50331702,{},2346,228,"{""name"":""polygon"",""all_points_x"":[252,246,257,264],""all_points_y"":[3427,3430,3460,3455]}",{}
6.png,50331702,{},2346,229,"{""name"":""polygon"",""all_points_x"":[299,257,254,295,341,343],""all_points_y"":[3569,3541,3548,3572,3596,3591]}",{}
6.png,50331702,{},2346,230,"{""name"":""polygon"",""all_points_x"":[291,280,295,310,314,297],""all_points_y"":[3493,3496,3543,3581,3572,3525]}",{}
6.png,50331702,{},2346,231,"{""name"":""polygon"",""all_points_x"":[328,319,328,338],""all_points_y"":[3180,3183,3267,3264]}",{}
6.png,50331702,{},2346,232,"{""name"":""polygon"",""all_points_x"":[351,349,391,392],""all_points_y"":[3398,3406,3435,3430]}",{}
6.png,50331702,{},2346,233,"{""name"":""polygon"",""all_points_x"":[344,341,371,386,390,374],""all_points_y"":[3377,3378,3468,3493,3493,3464]}",{}
6.png,50331702,{},2346,234,"{""name"":""polygon"",""all_points_x"":[342,335,373,405,410,381],""all_points_y"":[3502,3508,3546,3596,3589,3544]}",{}
6.png,50331702,{},2346,235,"{""name"":""polygon"",""all_points_x"":[166,160,164,178,184,171,171,168,166,166],""all_points_y"":[3647,3649,3726,3791,3784,3728,3718,3703,3672,3660]}",{}
6.png,50331702,{},2346,236,"{""name"":""polygon"",""all_points_x"":[406,409,417,420,426,431,425,422,410],""all_points_y"":[3458,3463,3467,3484,3491,3487,3470,3460,3456]}",{}
6.png,50331702,{},2346,237,"{""name"":""polygon"",""all_points_x"":[239,236,249,266,273,289,290,274,270,256,247],""all_points_y"":[3561,3567,3574,3595,3598,3629,3620,3594,3589,3573,3566]}",{}
6.png,50331702,{},2346,238,"{""name"":""polygon"",""all_points_x"":[594,595,603,607,612,606,603,600],""all_points_y"":[3588,3595,3653,3679,3677,3635,3611,3589]}",{}
6.png,50331702,{},2346,239,"{""name"":""polygon"",""all_points_x"":[565,558,595,599],""all_points_y"":[3589,3590,3689,3688]}",{}
6.png,50331702,{},2346,240,"{""name"":""polygon"",""all_points_x"":[528,525,567,567],""all_points_y"":[3417,3419,3453,3447]}",{}
6.png,50331702,{},2346,241,"{""name"":""polygon"",""all_points_x"":[354,350,361,367,383,389,389,370,364],""all_points_y"":[3532,3533,3562,3567,3600,3602,3600,3562,3552]}",{}
6.png,50331702,{},2346,242,"{""name"":""polygon"",""all_points_x"":[454,438,431,427,388,382,388,393,423,435,452],""all_points_y"":[3542,3539,3540,3543,3548,3555,3556,3554,3550,3546,3547]}",{}
6.png,50331702,{},2346,243,"{""name"":""polygon"",""all_points_x"":[536,529,524,522,525,528,533,529,532],""all_points_y"":[3619,3618,3638,3655,3676,3682,3681,3660,3636]}",{}
6.png,50331702,{},2346,244,"{""name"":""polygon"",""all_points_x"":[501,493,501,508,514,515,522,527,532,523,521,518,509,511,506],""all_points_y"":[3588,3590,3617,3648,3678,3723,3738,3759,3756,3716,3675,3657,3614,3608,3600]}",{}
6.png,50331702,{},2346,245,"{""name"":""polygon"",""all_points_x"":[264,258,275,309,326,370,370,319],""all_points_y"":[3619,3628,3620,3610,3605,3596,3591,3600]}",{}
6.png,50331702,{},2346,246,"{""name"":""polygon"",""all_points_x"":[123,117,128,132,126,127],""all_points_y"":[3423,3423,3546,3546,3462,3444]}",{}
6.png,50331702,{},2346,247,"{""name"":""polygon"",""all_points_x"":[50,46,38,41,45,45,48,53,52],""all_points_y"":[3396,3396,3446,3465,3465,3453,3420,3403,3398]}",{}
6.png,50331702,{},2346,248,"{""name"":""polygon"",""all_points_x"":[61,54,56,61,80,107,115,111,84,69],""all_points_y"":[3164,3163,3168,3169,3181,3200,3203,3195,3180,3168]}",{}
6.png,50331702,{},2346,249,"{""name"":""polygon"",""all_points_x"":[15,19,26,29,28,31,25,23,14,11,13],""all_points_y"":[3182,3172,3153,3151,3144,3138,3137,3148,3176,3183,3186]}",{}
6.png,50331702,{},2346,250,"{""name"":""polygon"",""all_points_x"":[166,163,169,195,210,211,215,201,183,172],""all_points_y"":[3132,3137,3136,3152,3166,3168,3165,3151,3140,3133]}",{}
6.png,50331702,{},2346,251,"{""name"":""polygon"",""all_points_x"":[132,125,115,120,124,150,166,179,184,189,189,179,156,139],""all_points_y"":[3555,3549,3556,3559,3562,3612,3645,3669,3675,3675,3671,3653,3603,3571]}",{}
6.png,50331702,{},2346,252,"{""name"":""polygon"",""all_points_x"":[16,14,18,53,59,58,47,25],""all_points_y"":[3524,3527,3530,3511,3508,3503,3508,3520]}",{}
6.png,50331702,{},2346,253,"{""name"":""polygon"",""all_points_x"":[34,28,33,44,52,65,67,75,75,83,82,72,70,65,59,45,39,36],""all_points_y"":[3603,3607,3617,3651,3670,3694,3702,3715,3725,3722,3710,3696,3684,3678,3666,3630,3610,3606]}",{}
6.png,50331702,{},2346,254,"{""name"":""polygon"",""all_points_x"":[35,28,39,49,56,66,84,94,99,76,46,41],""all_points_y"":[3650,3655,3665,3674,3681,3693,3708,3717,3712,3695,3664,3657]}",{}
6.png,50331702,{},2346,255,"{""name"":""polygon"",""all_points_x"":[8,5,8,13,14,18,19,22,18,18,14,11,10],""all_points_y"":[3597,3600,3614,3639,3640,3657,3661,3660,3644,3635,3624,3607,3601]}",{}
6.png,50331702,{},2346,256,"{""name"":""polygon"",""all_points_x"":[43,41,51,64,71,69,59,58,56,52,51],""all_points_y"":[3674,3678,3707,3742,3747,3738,3711,3705,3695,3685,3678]}",{}
6.png,50331702,{},2346,257,"{""name"":""polygon"",""all_points_x"":[5,1,4,15,21,25],""all_points_y"":[3733,3732,3743,3760,3769,3767]}",{}
6.png,50331702,{},2346,258,"{""name"":""polygon"",""all_points_x"":[63,57,61,73,79,90,95,99,102,95,90,84,72,64],""all_points_y"":[3773,3778,3786,3809,3818,3848,3862,3864,3861,3844,3829,3815,3792,3777]}",{}
6.png,50331702,{},2346,259,"{""name"":""polygon"",""all_points_x"":[23,20,26,31,38,46,52,57,52,47,45,40,35,28,25],""all_points_y"":[3922,3925,3942,3955,3979,4004,4019,4014,4003,3989,3978,3962,3947,3929,3921]}",{}
6.png,50331702,{},2346,260,"{""name"":""polygon"",""all_points_x"":[7,4,12,23,32,36,38,23,13],""all_points_y"":[3805,3808,3847,3879,3918,3921,3915,3861,3825]}",{}
6.png,50331702,{},2346,261,"{""name"":""polygon"",""all_points_x"":[91,88,93,101,103,108,118,125,130,130,120,112,99,96],""all_points_y"":[3953,3956,3966,3975,3977,3986,4002,4011,4011,4007,3995,3979,3965,3956]}",{}
6.png,50331702,{},2346,262,"{""name"":""polygon"",""all_points_x"":[5,33,43,63,80,82,63,50,34,20,11],""all_points_y"":[4017,4034,4039,4051,4064,4061,4045,4037,4027,4019,4015]}",{}
6.png,50331702,{},2346,263,"{""name"":""polygon"",""all_points_x"":[179,171,177,190,195,188],""all_points_y"":[3678,3680,3690,3712,3707,3695]}",{}
6.png,50331702,{},2346,264,"{""name"":""polygon"",""all_points_x"":[291,282,273,267,262,249,243,241,237,243,252,261,271],""all_points_y"":[3619,3621,3645,3664,3683,3711,3729,3742,3757,3758,3725,3699,3673]}",{}
6.png,50331702,{},2346,265,"{""name"":""polygon"",""all_points_x"":[279,292,306,319,336,350,334,325,303,290,273,270,277],""all_points_y"":[3667,3680,3691,3701,3710,3717,3715,3711,3697,3687,3672,3663,3663]}",{}
6.png,50331702,{},2346,266,"{""name"":""polygon"",""all_points_x"":[289,281,283,289,295,315,326,335,331,318,301,294],""all_points_y"":[3589,3589,3594,3597,3603,3614,3619,3618,3615,3611,3600,3597]}",{}
6.png,50331702,{},2346,267,"{""name"":""polygon"",""all_points_x"":[177,173,175,181,187,196,203,212,227,234,239,227,219,208,194,186],""all_points_y"":[3923,3924,3934,3941,3951,3963,3973,3985,4002,4010,4010,3994,3983,3969,3951,3940]}",{}
6.png,50331702,{},2346,268,"{""name"":""polygon"",""all_points_x"":[268,263,257,255,261],""all_points_y"":[3736,3735,3757,3764,3764]}",{}
6.png,50331702,{},2346,269,"{""name"":""polygon"",""all_points_x"":[314,309,302,310,316,329,349,355,361,367,371,375,363,353,340,330,323,320,316],""all_points_y"":[3730,3727,3729,3741,3757,3788,3817,3824,3837,3844,3847,3842,3830,3809,3788,3773,3756,3745,3735]}",{}
6.png,50331702,{},2346,270,"{""name"":""polygon"",""all_points_x"":[248,257,273,279,284,286,292,306,301,291,281,275,259,248,243,243],""all_points_y"":[3966,3978,3994,4001,4009,4014,4028,4061,4063,4040,4019,4005,3990,3978,3970,3965]}",{}
6.png,50331702,{},2346,271,"{""name"":""polygon"",""all_points_x"":[236,230,228,229,227,229,226,222,222,226,230,234,234,233],""all_points_y"":[3955,3953,3969,3983,3994,4021,4046,4077,4083,4082,4056,4035,4015,3992]}",{}
6.png,50331702,{},2346,272,"{""name"":""polygon"",""all_points_x"":[289,284,279,289,298,307,316,322,326,325,314,304],""all_points_y"":[3978,3974,3976,3986,3991,3996,4003,4011,4011,4005,3994,3989]}",{}
6.png,50331702,{},2346,273,"{""name"":""polygon"",""all_points_x"":[353,347,344,339,332,331,326,320,314,313,321,329,335,339,351,354],""all_points_y"":[3772,3769,3784,3822,3836,3859,3879,3909,3949,3954,3954,3899,3873,3843,3796,3779]}",{}
6.png,50331702,{},2346,274,"{""name"":""polygon"",""all_points_x"":[409,403,396,396,412,424,438,445,456,465,445,433,423,415],""all_points_y"":[3932,3926,3925,3929,3943,3955,3967,3977,3985,3986,3965,3952,3943,3935]}",{}
6.png,50331702,{},2346,275,"{""name"":""polygon"",""all_points_x"":[431,428,420,417,399,390,385,375,370,366,360,368,379,387,403,412,422,429,431],""all_points_y"":[3944,3942,3958,3965,3995,4015,4030,4051,4067,4083,4095,4094,4063,4039,4005,3991,3971,3961,3950]}",{}
6.png,50331702,{},2346,276,"{""name"":""polygon"",""all_points_x"":[289,289,288,283,282,283,286,292,291,288,289,288],""all_points_y"":[4076,4066,4056,4055,4070,4079,4094,4093,4087,4072,4061,4056]}",{}
6.png,50331702,{},2346,277,"{""name"":""polygon"",""all_points_x"":[310,313,313,318,322,326,331,323,322,318,318],""all_points_y"":[3758,3767,3775,3782,3800,3813,3813,3785,3780,3771,3756]}",{}
6.png,50331702,{},2346,278,"{""name"":""polygon"",""all_points_x"":[299,303,306,308,315,318,313,306,301,300],""all_points_y"":[3894,3896,3887,3881,3873,3864,3862,3873,3883,3888]}",{}
6.png,50331702,{},2346,279,"{""name"":""polygon"",""all_points_x"":[30,26,24,27,30,35,40,41,34,33,32],""all_points_y"":[4054,4053,4058,4067,4080,4094,4096,4091,4073,4061,4056]}",{}
6.png,50331702,{},2346,280,"{""name"":""polygon"",""all_points_x"":[385,380,379,385,394,400,418,427,432,441,445,444,427,398],""all_points_y"":[3978,3980,3983,3984,3984,3985,3989,3991,3992,3995,3995,3990,3986,3979]}",{}
6.png,50331702,{},2346,281,"{""name"":""polygon"",""all_points_x"":[433,428,437,455,462,468,483,492,496,492,484,469,451,443],""all_points_y"":[3879,3883,3894,3921,3929,3938,3972,3994,3997,3977,3960,3927,3904,3890]}",{}
6.png,50331702,{},2346,282,"{""name"":""polygon"",""all_points_x"":[476,469,475,486,496,507,517,520,536,544,548,543,521,508,499],""all_points_y"":[3734,3735,3743,3759,3775,3786,3796,3801,3823,3833,3832,3824,3795,3780,3769]}",{}
6.png,50331702,{},2346,283,"{""name"":""polygon"",""all_points_x"":[484,487,487,480,479,483,489,499,501,505,497,489],""all_points_y"":[3690,3688,3683,3687,3693,3701,3716,3731,3735,3735,3720,3705]}",{}
6.png,50331702,{},2346,284,"{""name"":""polygon"",""all_points_x"":[549,542,533,527,530,538,545,550,552],""all_points_y"":[3805,3811,3826,3845,3849,3827,3816,3811,3806]}",{}
6.png,50331702,{},2346,285,"{""name"":""polygon"",""all_points_x"":[529,525,520,526,530,535,537,538,534,532],""all_points_y"":[3701,3688,3689,3713,3726,3738,3738,3730,3721,3711]}",{}
6.png,50331702,{},2346,286,"{""name"":""polygon"",""all_points_x"":[39,39,43,47,44,43,45,48,51,46,41],""all_points_y"":[4065,4055,4047,4048,4054,4068,4076,4086,4095,4094,4078]}",{}
6.png,50331702,{},2346,287,"{""name"":""polygon"",""all_points_x"":[159,166,169,178,184,194,198,197,195,193,187,183,175,169,166],""all_points_y"":[4088,4073,4070,4053,4043,4031,4029,4035,4037,4041,4050,4054,4069,4078,4086]}",{}
6.png,50331702,{},2346,288,"{""name"":""polygon"",""all_points_x"":[204,199,197,200,206,209,214,217,220,221,224,222,219,218,211,211,208,205],""all_points_y"":[4012,4012,4016,4021,4027,4039,4043,4057,4062,4063,4063,4057,4049,4042,4032,4027,4020,4016]}",{}
6.png,50331702,{},2346,289,"{""name"":""polygon"",""all_points_x"":[475,476,477,473,470,469,469,469,468,473,475,475],""all_points_y"":[4006,3980,3970,3966,3966,3984,4000,4017,4037,4037,4024,4013]}",{}
6.png,50331702,{},2346,290,"{""name"":""polygon"",""all_points_x"":[364,366,366,364,359,359,361,366],""all_points_y"":[4033,4024,4022,4019,4026,4045,4053,4053]}",{}
6.png,50331702,{},2346,291,"{""name"":""polygon"",""all_points_x"":[538,536,529,531,533,535,536,537,540,545,544,542,542,541,539],""all_points_y"":[3976,3969,3972,3988,4016,4044,4071,4094,4095,4095,4067,4047,4027,4002,3984]}",{}
6.png,50331702,{},2346,292,"{""name"":""polygon"",""all_points_x"":[354,349,348,350,355,358,363,368,371,366,363,358,356],""all_points_y"":[3911,3912,3918,3924,3934,3960,3983,3994,3986,3958,3937,3921,3916]}",{}
6.png,50331702,{},2346,293,"{""name"":""polygon"",""all_points_x"":[550,558,568,584,597,602,602,572,560,551,544,545],""all_points_y"":[3765,3773,3781,3795,3807,3811,3818,3794,3782,3776,3768,3763]}",{}
6.png,50331702,{},2346,294,"{""name"":""polygon"",""all_points_x"":[547,558,571,581,595,600,600,585,571,563,554,548,546],""all_points_y"":[3821,3828,3840,3849,3857,3862,3859,3846,3833,3825,3817,3813,3815]}",{}
6.png,50331702,{},2346,295,"{""name"":""polygon"",""all_points_x"":[650,645,641,651,660,670,676,683,689,700,711,722,737,747,752,742,733,714,702,685,673,663,655],""all_points_y"":[3785,3780,3785,3799,3809,3823,3835,3843,3850,3867,3878,3890,3907,3921,3921,3904,3892,3872,3856,3834,3816,3802,3792]}",{}
6.png,50331702,{},2346,296,"{""name"":""polygon"",""all_points_x"":[379,401,458,484,489,499,492,479,467,438,409,398,389,380],""all_points_y"":[774,750,706,684,677,667,683,694,705,727,752,761,772,778]}",{}
6.png,50331702,{},2346,297,"{""name"":""polygon"",""all_points_x"":[519,489,489,521],""all_points_y"":[548,550,556,554]}",{}
6.png,50331702,{},2346,298,"{""name"":""polygon"",""all_points_x"":[542,549,565,576,574,565,551],""all_points_y"":[540,541,527,519,515,521,533]}",{}
6.png,50331702,{},2346,299,"{""name"":""polygon"",""all_points_x"":[384,386,452,485,497,496,476,437,396],""all_points_y"":[523,530,534,536,534,528,530,529,526]}",{}
6.png,50331702,{},2346,300,"{""name"":""polygon"",""all_points_x"":[304,305,368,389,430,428,410,374,323],""all_points_y"":[527,533,529,530,527,523,525,523,525]}",{}
6.png,50331702,{},2346,301,"{""name"":""polygon"",""all_points_x"":[370,362,369,373,378,384,393,402,411,415,418,410,400,396,384,379,374],""all_points_y"":[0,1,22,40,55,70,93,119,142,144,144,120,93,75,44,23,8]}",{}
6.png,50331702,{},2346,302,"{""name"":""polygon"",""all_points_x"":[48,49,53,58,61,66,66,65,57,55,53,52],""all_points_y"":[174,189,193,213,222,223,219,212,191,183,175,172]}",{}
6.png,50331702,{},2346,303,"{""name"":""polygon"",""all_points_x"":[34,36,38,38,38,41,46,49,49,45,44,44,43,41,40],""all_points_y"":[212,225,234,241,261,310,326,326,317,300,273,255,234,223,215]}",{}
6.png,50331702,{},2346,304,"{""name"":""polygon"",""all_points_x"":[268,261,260,263,268,272,277,281,284,288,286,281,277,273,269,268],""all_points_y"":[521,518,523,538,559,576,603,625,629,628,620,596,574,550,534,529]}",{}
6.png,50331702,{},2346,305,"{""name"":""polygon"",""all_points_x"":[348,343,341,339,338,343,346,346,349],""all_points_y"":[342,342,355,371,374,374,357,350,343]}",{}
6.png,50331702,{},2346,306,"{""name"":""polygon"",""all_points_x"":[422,417,413,407,412,415,417,422,424],""all_points_y"":[344,342,358,373,378,372,365,353,348]}",{}
6.png,50331702,{},2346,307,"{""name"":""polygon"",""all_points_x"":[401,395,398,403,424,442,447,465,469,468,457,454,448,411,405],""all_points_y"":[920,923,931,936,972,1004,1018,1046,1049,1041,1023,1015,1004,938,926]}",{}
6.png,50331702,{},2346,308,"{""name"":""polygon"",""all_points_x"":[290,285,283,283,283,284,284,285,288,290,290,290,292],""all_points_y"":[882,882,888,895,909,920,930,935,933,926,908,901,891]}",{}
6.png,50331702,{},2346,309,"{""name"":""polygon"",""all_points_x"":[18,12,11,17,24,34,43,49,54,51,41,33,28],""all_points_y"":[736,739,743,756,778,798,823,846,843,832,806,778,767]}",{}
6.png,50331702,{},2346,310,"{""name"":""polygon"",""all_points_x"":[137,138,153,168,176,163,148],""all_points_y"":[705,713,712,716,714,707,706]}",{}
6.png,50331702,{},2346,311,"{""name"":""polygon"",""all_points_x"":[235,228,218,213,201,187,183,190,197,209,218,221,235,240,241,236],""all_points_y"":[621,631,651,658,674,689,692,694,685,672,662,656,634,624,619,619]}",{}
6.png,50331702,{},2346,312,"{""name"":""polygon"",""all_points_x"":[160,156,160,194,212,232,229,195,171],""all_points_y"":[724,726,729,715,705,697,695,710,720]}",{}
6.png,50331702,{},2346,313,"{""name"":""polygon"",""all_points_x"":[211,212,221,234,246,256,258,252,232,217],""all_points_y"":[693,698,692,689,685,684,679,678,685,689]}",{}
6.png,50331702,{},2346,314,"{""name"":""polygon"",""all_points_x"":[158,151,153,167,190,194,204,213,213,203,192,187,178,170],""all_points_y"":[774,775,779,779,777,775,775,776,772,771,771,772,772,774]}",{}
6.png,50331702,{},2346,315,"{""name"":""polygon"",""all_points_x"":[201,204,208,210,217,221,226,229,230,224,222,217,208],""all_points_y"":[849,852,850,838,828,823,810,801,794,794,805,816,830]}",{}
6.png,50331702,{},2346,316,"{""name"":""polygon"",""all_points_x"":[359,356,363,367,372,375,372,370,368,364],""all_points_y"":[50,55,66,79,87,87,76,71,61,50]}",{}
6.png,50331702,{},2346,317,"{""name"":""polygon"",""all_points_x"":[52,49,73,76],""all_points_y"":[444,446,508,506]}",{}
6.png,50331702,{},2346,318,"{""name"":""polygon"",""all_points_x"":[240,235,237,241],""all_points_y"":[433,435,469,467]}",{}
6.png,50331702,{},2346,319,"{""name"":""polygon"",""all_points_x"":[238,210,208,188,169,171,201,219,233,241,241],""all_points_y"":[643,653,657,668,679,681,666,657,652,649,644]}",{}
6.png,50331702,{},2346,320,"{""name"":""polygon"",""all_points_x"":[178,173,163,112,91,73,79,104,167,177,183],""all_points_y"":[722,725,731,765,779,794,794,776,738,730,726]}",{}
6.png,50331702,{},2346,321,"{""name"":""polygon"",""all_points_x"":[69,63,71,78,83,80],""all_points_y"":[1341,1344,1382,1419,1413,1408]}",{}
6.png,50331702,{},2346,322,"{""name"":""polygon"",""all_points_x"":[70,66,69,75],""all_points_y"":[1412,1412,1383,1384]}",{}
6.png,50331702,{},2346,323,"{""name"":""polygon"",""all_points_x"":[7,36,40,64,75,87,89,78,55,43,34,31,7],""all_points_y"":[1350,1347,1349,1349,1348,1345,1348,1352,1354,1354,1353,1353,1356]}",{}
6.png,50331702,{},2346,324,"{""name"":""polygon"",""all_points_x"":[159,154,154,158,159,164,170,173,180,174,169,165,163],""all_points_y"":[661,657,663,670,679,691,703,712,706,695,681,675,667]}",{}
6.png,50331702,{},2346,325,"{""name"":""polygon"",""all_points_x"":[144,132,126,134,144,148],""all_points_y"":[613,583,569,571,598,609]}",{}
6.png,50331702,{},2346,326,"{""name"":""polygon"",""all_points_x"":[43,40,92,93],""all_points_y"":[911,917,958,952]}",{}
6.png,50331702,{},2346,327,"{""name"":""polygon"",""all_points_x"":[89,98,134,134,126],""all_points_y"":[1013,1017,954,948,956]}",{}
6.png,50331702,{},2346,328,"{""name"":""polygon"",""all_points_x"":[1,0,18,30,43,53,53,34],""all_points_y"":[970,978,987,998,999,1004,997,991]}",{}
6.png,50331702,{},2346,329,"{""name"":""polygon"",""all_points_x"":[48,52,67,68,77,74,61],""all_points_y"":[1011,1013,991,985,971,968,990]}",{}
6.png,50331702,{},2346,330,"{""name"":""polygon"",""all_points_x"":[75,80,81,82,77],""all_points_y"":[994,992,950,939,939]}",{}
6.png,50331702,{},2346,331,"{""name"":""polygon"",""all_points_x"":[89,93,115,118,111,108,94],""all_points_y"":[963,967,943,933,933,943,960]}",{}
6.png,50331702,{},2346,332,"{""name"":""polygon"",""all_points_x"":[159,164,171,166],""all_points_y"":[870,871,843,843]}",{}
6.png,50331702,{},2346,333,"{""name"":""polygon"",""all_points_x"":[146,147,171,183,181,162],""all_points_y"":[854,858,856,852,849,853]}",{}
6.png,50331702,{},2346,334,"{""name"":""polygon"",""all_points_x"":[314,310,308,313],""all_points_y"":[2,4,38,38]}",{}
6.png,50331702,{},2346,335,"{""name"":""polygon"",""all_points_x"":[155,149,151,156,159,155],""all_points_y"":[880,880,918,936,936,905]}",{}
6.png,50331702,{},2346,336,"{""name"":""polygon"",""all_points_x"":[379,340,338,342,356,369,385],""all_points_y"":[1123,1073,1068,1068,1086,1101,1121]}",{}
6.png,50331702,{},2346,337,"{""name"":""polygon"",""all_points_x"":[768,760,787,814,825,827,818,790],""all_points_y"":[0,0,35,73,82,79,69,30]}",{}
6.png,50331702,{},2346,338,"{""name"":""polygon"",""all_points_x"":[799,792,805,816,822,826,840,845,843,832,829,825,813,803],""all_points_y"":[107,110,138,162,174,186,206,207,200,183,174,165,140,120]}",{}
6.png,50331702,{},2346,339,"{""name"":""polygon"",""all_points_x"":[807,804,815,822,847,851,850],""all_points_y"":[72,76,88,93,116,116,110]}",{}
6.png,50331702,{},2346,340,"{""name"":""polygon"",""all_points_x"":[837,810,800,782,767,772,808,828,841,841],""all_points_y"":[16,23,29,44,53,56,32,23,21,15]}",{}
6.png,50331702,{},2346,341,"{""name"":""polygon"",""all_points_x"":[794,772,764,748,749,767,776,794],""all_points_y"":[137,139,138,142,145,143,144,144]}",{}
6.png,50331702,{},2346,342,"{""name"":""polygon"",""all_points_x"":[759,754,746,750,762,781,794,801,808,804,789,774],""all_points_y"":[116,119,120,128,120,117,117,112,111,107,111,112]}",{}
6.png,50331702,{},2346,343,"{""name"":""polygon"",""all_points_x"":[763,759,759,773,785,794,797,785,781],""all_points_y"":[99,100,106,126,147,164,159,136,126]}",{}
6.png,50331702,{},2346,344,"{""name"":""polygon"",""all_points_x"":[854,861,869,885,889],""all_points_y"":[0,29,49,89,82]}",{}
6.png,50331702,{},2346,345,"{""name"":""polygon"",""all_points_x"":[844,838,843,845,846,849,849],""all_points_y"":[5,5,34,72,90,90,49]}",{}
6.png,50331702,{},2346,346,"{""name"":""polygon"",""all_points_x"":[753,741,731,728,733,742,755,760,760,758],""all_points_y"":[39,39,33,29,27,32,34,35,40,41]}",{}
6.png,50331702,{},2346,347,"{""name"":""polygon"",""all_points_x"":[722,723,737,744,760,774,780,783,780,767,757,747,734,728],""all_points_y"":[50,57,60,64,66,64,63,62,58,60,61,58,54,50]}",{}
6.png,50331702,{},2346,348,"{""name"":""polygon"",""all_points_x"":[980,956,936,941,980],""all_points_y"":[85,90,94,97,90]}",{}
6.png,50331702,{},2346,349,"{""name"":""polygon"",""all_points_x"":[856,851,849,855,863,866,872,876,881,883,887,891,897,902,907,911,910,903,897,890,888,884,879,875,871,864,862],""all_points_y"":[85,85,92,96,110,117,126,134,143,150,155,159,168,176,181,181,175,167,159,147,140,133,126,119,111,97,90]}",{}
6.png,50331702,{},2346,350,"{""name"":""polygon"",""all_points_x"":[814,809,811,815,837,840,850,858,862,866,869,851,847,833,825,820],""all_points_y"":[252,254,260,264,299,301,319,334,341,343,340,311,301,281,265,258]}",{}
6.png,50331702,{},2346,351,"{""name"":""polygon"",""all_points_x"":[831,826,827,835,839,849,855,861,866,875,879,888,893,891,880,871,862,854,841,844,833],""all_points_y"":[128,131,138,153,157,179,190,203,211,232,239,254,255,250,229,206,190,172,148,142,135]}",{}
6.png,50331702,{},2346,352,"{""name"":""polygon"",""all_points_x"":[851,845,842,842,842,846,847,849],""all_points_y"":[131,130,179,199,208,205,189,176]}",{}
6.png,50331702,{},2346,353,"{""name"":""polygon"",""all_points_x"":[996,989,990,991,991,991,991,991,991,997,997,997],""all_points_y"":[0,0,27,36,78,97,105,113,120,119,94,69]}",{}
6.png,50331702,{},2346,354,"{""name"":""polygon"",""all_points_x"":[1090,1084,1084,1089,1101,1110,1122,1131,1139,1143,1142,1130],""all_points_y"":[74,75,82,83,103,117,136,148,154,157,151,137]}",{}
6.png,50331702,{},2346,355,"{""name"":""polygon"",""all_points_x"":[1101,1097,1098,1103,1110,1118,1135,1142,1139,1131],""all_points_y"":[138,138,144,148,155,163,183,186,179,169]}",{}
6.png,50331702,{},2346,356,"{""name"":""polygon"",""all_points_x"":[1084,1077,1081,1084,1089,1097,1102,1115,1125,1135,1147,1150,1133,1123,1116,1109,1101,1091,1088],""all_points_y"":[19,21,27,31,39,51,64,81,98,115,135,133,101,85,74,64,49,33,26]}",{}
6.png,50331702,{},2346,357,"{""name"":""polygon"",""all_points_x"":[1084,1078,1083,1097,1105,1112,1128,1130,1133,1113,1099],""all_points_y"":[161,164,168,177,182,188,200,202,199,182,172]}",{}
6.png,50331702,{},2346,358,"{""name"":""polygon"",""all_points_x"":[1034,1029,1020,1015,1008,1002,1001,1002,1005,1005,1008,1022],""all_points_y"":[133,135,107,95,77,48,38,36,36,42,58,99]}",{}
6.png,50331702,{},2346,359,"{""name"":""polygon"",""all_points_x"":[1015,1010,1010,1013,1032,1043,1056,1067,1076,1070,1045,1021],""all_points_y"":[149,148,155,153,161,167,174,181,182,176,162,151]}",{}
6.png,50331702,{},2346,360,"{""name"":""polygon"",""all_points_x"":[1007,1003,1005,1008,1013,1012,1016,1020,1020,1018,1016,1012,1011,1009],""all_points_y"":[119,120,138,162,180,189,208,205,194,186,171,160,140,127]}",{}
6.png,50331702,{},2346,361,"{""name"":""polygon"",""all_points_x"":[1209,1197,1203,1206,1211,1218,1225,1236,1243,1263,1277,1282,1287,1289,1286,1266,1247,1230,1213],""all_points_y"":[301,306,310,311,316,321,327,335,343,359,375,382,386,384,376,354,337,322,310]}",{}
6.png,50331702,{},2346,362,"{""name"":""polygon"",""all_points_x"":[1207,1203,1201,1204,1207,1213,1219,1225,1231,1239,1243,1247,1256,1268,1273,1277,1278,1278,1258,1254,1248,1242,1235,1228,1222,1218,1213,1215],""all_points_y"":[327,328,333,334,336,346,355,363,375,381,387,392,407,425,432,436,435,429,402,392,382,376,367,355,347,341,335,331]}",{}
6.png,50331702,{},2346,363,"{""name"":""polygon"",""all_points_x"":[1056,1051,1054,1059,1066,1069,1072,1071,1075,1076,1073,1071,1077,1081,1080,1077,1075,1070,1066,1062,1060],""all_points_y"":[349,350,355,369,391,408,414,421,428,441,447,451,452,440,431,420,409,386,371,360,353]}",{}
6.png,50331702,{},2346,364,"{""name"":""polygon"",""all_points_x"":[961,953,949,961,971,978,987,984,977],""all_points_y"":[265,265,272,273,273,273,273,268,267]}",{}
6.png,50331702,{},2346,365,"{""name"":""polygon"",""all_points_x"":[896,890,908,930,939,942,936,925,915],""all_points_y"":[314,317,269,226,213,218,228,247,267]}",{}
6.png,50331702,{},2346,366,"{""name"":""polygon"",""all_points_x"":[992,987,984,983,975,974,959,951,953,957,963,967,970,976,981,982,986,990,992],""all_points_y"":[342,344,342,336,327,319,289,271,267,269,281,288,297,310,320,325,332,336,338]}",{}
6.png,50331702,{},2346,367,"{""name"":""polygon"",""all_points_x"":[1021,1018,1028,1033,1047,1051,1030],""all_points_y"":[90,93,111,118,145,153,106]}",{}
6.png,50331702,{},2346,368,"{""name"":""polygon"",""all_points_x"":[1064,1067,1039,1032,1030,1037],""all_points_y"":[158,157,112,102,107,116]}",{}
6.png,50331702,{},2346,369,"{""name"":""polygon"",""all_points_x"":[944,938,941,942,944,945,945,950,949,955,954,950,950,950,948,946],""all_points_y"":[210,212,224,231,236,266,272,281,290,290,274,264,246,239,224,216]}",{}
6.png,50331702,{},2346,370,"{""name"":""polygon"",""all_points_x"":[939,927,921,918,922,930,942,942,940],""all_points_y"":[245,273,295,307,306,278,249,245,244]}",{}
6.png,50331702,{},2346,371,"{""name"":""polygon"",""all_points_x"":[1034,1029,1041,1044,1053,1062,1070,1074,1079,1082,1089,1092,1095,1095,1085,1081,1072],""all_points_y"":[215,216,240,245,262,280,295,299,305,317,327,332,331,327,313,299,287]}",{}
6.png,50331702,{},2346,372,"{""name"":""polygon"",""all_points_x"":[959,955,959,961,964,968,972,964,963,961],""all_points_y"":[210,215,253,257,282,292,291,253,215,213]}",{}
6.png,50331702,{},2346,373,"{""name"":""polygon"",""all_points_x"":[969,962,965,966,971,972,978,969],""all_points_y"":[208,211,247,251,262,266,267,249]}",{}
6.png,50331702,{},2346,374,"{""name"":""polygon"",""all_points_x"":[891,885,887,896,899,912,912,900,897],""all_points_y"":[379,380,384,386,384,388,383,379,379]}",{}
6.png,50331702,{},2346,375,"{""name"":""polygon"",""all_points_x"":[848,844,846,853,891,896,887],""all_points_y"":[409,413,417,413,389,387,386]}",{}
6.png,50331702,{},2346,376,"{""name"":""polygon"",""all_points_x"":[896,891,895,897,901,908,911,916,921,919,913,904,900],""all_points_y"":[388,390,400,405,408,418,425,436,439,429,415,404,401]}",{}
6.png,50331702,{},2346,377,"{""name"":""polygon"",""all_points_x"":[1175,1152,1143,1134,1131,1139,1147,1157,1163,1186,1185],""all_points_y"":[274,273,269,265,270,273,277,279,278,279,275]}",{}
6.png,50331702,{},2346,378,"{""name"":""polygon"",""all_points_x"":[1109,1104,1106,1110,1114,1118,1127,1128,1132,1119,1116,1113],""all_points_y"":[15,17,26,39,44,65,93,95,94,49,37,28]}",{}
6.png,50331702,{},2346,379,"{""name"":""polygon"",""all_points_x"":[1135,1132,1131,1134,1152,1181,1189,1193,1191,1185,1163,1148],""all_points_y"":[7,7,10,14,34,63,70,73,65,60,38,23]}",{}
6.png,50331702,{},2346,380,"{""name"":""polygon"",""all_points_x"":[1134,1132,1133,1135,1144,1155,1163,1167,1174,1179,1172,1162,1154,1141,1137,1141,1138],""all_points_y"":[63,64,68,74,92,112,119,122,130,128,119,112,98,75,67,65,62]}",{}
6.png,50331702,{},2346,381,"{""name"":""polygon"",""all_points_x"":[1129,1123,1119,1113,1106,1112,1116,1123,1128,1135],""all_points_y"":[1,10,16,18,29,29,22,19,15,1]}",{}
6.png,50331702,{},2346,382,"{""name"":""polygon"",""all_points_x"":[959,955,964,971,979,984,986,979,975,971],""all_points_y"":[304,304,321,333,349,357,353,335,331,321]}",{}
6.png,50331702,{},2346,383,"{""name"":""polygon"",""all_points_x"":[1185,1165,1143,1126,1132,1153,1167,1174,1176,1187],""all_points_y"":[346,341,340,339,346,345,347,348,351,351]}",{}
6.png,50331702,{},2346,384,"{""name"":""polygon"",""all_points_x"":[1114,1119,1124,1138,1143,1134,1132,1117],""all_points_y"":[428,426,436,462,470,467,461,434]}",{}
6.png,50331702,{},2346,385,"{""name"":""polygon"",""all_points_x"":[1230,1222,1226,1233,1259,1274,1281,1284,1286,1291,1293,1287,1270,1261],""all_points_y"":[454,455,461,463,489,504,512,517,522,526,524,511,493,483]}",{}
6.png,50331702,{},2346,386,"{""name"":""polygon"",""all_points_x"":[1250,1244,1246,1256,1267,1282,1288,1291,1295,1297,1290,1274,1261],""all_points_y"":[436,436,441,442,449,460,464,468,471,465,459,448,439]}",{}
6.png,50331702,{},2346,387,"{""name"":""polygon"",""all_points_x"":[947,944,947,947,947,951,952,951,950],""all_points_y"":[350,352,362,401,437,430,364,355,352]}",{}
6.png,50331702,{},2346,388,"{""name"":""polygon"",""all_points_x"":[960,956,969,982,989,995,1000,996],""all_points_y"":[449,453,474,496,508,519,517,510]}",{}
6.png,50331702,{},2346,389,"{""name"":""polygon"",""all_points_x"":[964,956,941,942,958,963,967],""all_points_y"":[349,349,357,363,354,355,353]}",{}
6.png,50331702,{},2346,390,"{""name"":""polygon"",""all_points_x"":[937,930,938,945,945,949,946],""all_points_y"":[454,458,488,540,544,544,504]}",{}
6.png,50331702,{},2346,391,"{""name"":""polygon"",""all_points_x"":[1023,1051,1056,1026],""all_points_y"":[405,445,442,405]}",{}
6.png,50331702,{},2346,392,"{""name"":""polygon"",""all_points_x"":[1218,1212,1206,1201,1196,1186,1170,1170,1172,1182,1187,1190,1194,1198,1201,1206,1210,1217],""all_points_y"":[481,479,479,477,479,475,479,482,485,482,481,484,486,486,484,485,484,487]}",{}
6.png,50331702,{},2346,393,"{""name"":""polygon"",""all_points_x"":[1223,1219,1218,1225,1251,1252,1266,1273,1293,1298,1299,1282,1272,1264],""all_points_y"":[568,569,576,577,594,594,604,605,614,614,610,605,600,597]}",{}
6.png,50331702,{},2346,394,"{""name"":""polygon"",""all_points_x"":[842,836,838,846,850,854],""all_points_y"":[490,491,504,532,546,547]}",{}
6.png,50331702,{},2346,395,"{""name"":""polygon"",""all_points_x"":[946,941,938,934,939,945],""all_points_y"":[329,329,359,369,369,352]}",{}
6.png,50331702,{},2346,396,"{""name"":""polygon"",""all_points_x"":[805,797,807,820,828,833,826,818,810],""all_points_y"":[194,197,202,203,204,205,199,198,197]}",{}
6.png,50331702,{},2346,397,"{""name"":""polygon"",""all_points_x"":[768,750,751,781,788,814,821,824,817,801,792,781],""all_points_y"":[229,228,232,233,236,238,241,239,234,231,230,228]}",{}
6.png,50331702,{},2346,398,"{""name"":""polygon"",""all_points_x"":[704,703,724,737,755,773,773,745,712],""all_points_y"":[269,279,275,277,286,296,292,275,271]}",{}
6.png,50331702,{},2346,399,"{""name"":""polygon"",""all_points_x"":[694,688,693,735,744,742,735,706],""all_points_y"":[319,321,326,304,301,298,299,314]}",{}
6.png,50331702,{},2346,400,"{""name"":""polygon"",""all_points_x"":[807,804,732,735,808],""all_points_y"":[205,202,249,252,207]}",{}
6.png,50331702,{},2346,401,"{""name"":""polygon"",""all_points_x"":[695,696,720,750,752,728,699],""all_points_y"":[249,256,262,277,271,260,252]}",{}
6.png,50331702,{},2346,402,"{""name"":""polygon"",""all_points_x"":[684,676,668,675,685,718,743,749,762,768,783,796,798,798,758,747],""all_points_y"":[568,578,585,586,574,553,536,531,531,527,520,513,511,508,527,528]}",{}
6.png,50331702,{},2346,403,"{""name"":""polygon"",""all_points_x"":[661,654,659,671,695,708,715,709,693,667],""all_points_y"":[594,599,603,594,583,579,575,571,578,591]}",{}
6.png,50331702,{},2346,404,"{""name"":""polygon"",""all_points_x"":[657,655,663,690,697,699,712,708,685,665,659],""all_points_y"":[626,632,631,612,608,606,597,594,610,623,625]}",{}
6.png,50331702,{},2346,405,"{""name"":""polygon"",""all_points_x"":[897,894,895,907,912,915,918,920,925,923,917,913],""all_points_y"":[656,661,666,694,705,710,711,716,716,707,703,692]}",{}
6.png,50331702,{},2346,406,"{""name"":""polygon"",""all_points_x"":[994,989,992,1000,1003,1005,1005,1006,1011,1013,1009,999,999],""all_points_y"":[651,653,659,682,696,702,706,712,714,706,693,661,653]}",{}
6.png,50331702,{},2346,407,"{""name"":""polygon"",""all_points_x"":[746,740,745,747,754,756,761,761,753,752,751,748],""all_points_y"":[657,661,672,691,716,725,725,714,691,676,671,665]}",{}
6.png,50331702,{},2346,408,"{""name"":""polygon"",""all_points_x"":[794,789,798,808,819,823,820,812,805],""all_points_y"":[706,710,724,749,776,775,761,742,725]}",{}
6.png,50331702,{},2346,409,"{""name"":""polygon"",""all_points_x"":[761,768,769,772,779,782,790,784,778,773,764],""all_points_y"":[775,770,779,794,816,830,848,849,836,813,785]}",{}
6.png,50331702,{},2346,410,"{""name"":""polygon"",""all_points_x"":[847,841,842,849,856,861,867,875,878,882,860],""all_points_y"":[669,669,675,677,682,691,696,706,707,704,680]}",{}
6.png,50331702,{},2346,411,"{""name"":""polygon"",""all_points_x"":[816,811,813,820,832,842,846,852,851],""all_points_y"":[725,727,734,742,761,773,780,783,777]}",{}
6.png,50331702,{},2346,412,"{""name"":""polygon"",""all_points_x"":[846,840,846,858,864,872,876,866,858,847],""all_points_y"":[753,755,782,813,825,843,840,815,799,766]}",{}
6.png,50331702,{},2346,413,"{""name"":""polygon"",""all_points_x"":[922,913,901,906,918,923,927],""all_points_y"":[1010,1056,1124,1122,1058,1032,1012]}",{}
6.png,50331702,{},2346,414,"{""name"":""polygon"",""all_points_x"":[973,960,958,959,954,955,955,961,962,967,968,971],""all_points_y"":[1184,1184,1213,1232,1263,1290,1296,1296,1263,1236,1218,1195]}",{}
6.png,50331702,{},2346,415,"{""name"":""polygon"",""all_points_x"":[1028,987,967,973,1004,1021,1033],""all_points_y"":[1203,1244,1266,1264,1236,1219,1207]}",{}
6.png,50331702,{},2346,416,"{""name"":""polygon"",""all_points_x"":[1039,1029,1040,1048,1063,1072,1087,1090,1096],""all_points_y"":[1298,1304,1327,1349,1380,1402,1434,1442,1437]}",{}
6.png,50331702,{},2346,417,"{""name"":""polygon"",""all_points_x"":[1052,1051,1065,1079,1095,1105,1113,1115,1088,1065],""all_points_y"":[892,898,904,912,918,925,930,923,908,897]}",{}
6.png,50331702,{},2346,418,"{""name"":""polygon"",""all_points_x"":[1204,1197,1213,1229,1232,1236,1248,1252,1255,1241,1236,1225,1215],""all_points_y"":[985,990,1004,1014,1017,1021,1029,1032,1026,1017,1009,1003,997]}",{}
6.png,50331702,{},2346,419,"{""name"":""polygon"",""all_points_x"":[1300,1290,1301,1313,1317,1321,1335,1353,1357],""all_points_y"":[1086,1094,1100,1117,1120,1125,1142,1164,1160]}",{}
6.png,50331702,{},2346,420,"{""name"":""polygon"",""all_points_x"":[1326,1320,1327,1332,1332,1340,1341,1356,1359,1348,1344,1338,1333,1330],""all_points_y"":[1144,1148,1154,1164,1172,1181,1190,1207,1199,1186,1176,1169,1153,1147]}",{}
6.png,50331702,{},2346,421,"{""name"":""polygon"",""all_points_x"":[1083,1088,1099,1105,1109,1125,1128,1122,1107,1099,1085,1079],""all_points_y"":[1086,1087,1099,1106,1112,1127,1131,1129,1119,1110,1097,1090]}",{}
6.png,50331702,{},2346,422,"{""name"":""polygon"",""all_points_x"":[1439,1432,1438,1448,1459,1463,1465,1469,1464],""all_points_y"":[821,823,833,859,891,898,903,902,886]}",{}
6.png,50331702,{},2346,423,"{""name"":""polygon"",""all_points_x"":[1145,1147,1153,1163,1167,1172,1172,1165,1154,1151,1148],""all_points_y"":[980,988,995,1015,1025,1025,1017,1002,986,980,976]}",{}
6.png,50331702,{},2346,424,"{""name"":""polygon"",""all_points_x"":[1217,1211,1214,1226,1230,1235,1236,1234,1231,1225,1220],""all_points_y"":[1086,1088,1101,1130,1148,1147,1142,1136,1122,1108,1093]}",{}
6.png,50331702,{},2346,425,"{""name"":""polygon"",""all_points_x"":[1302,1295,1296,1304,1318,1340,1359,1380,1386,1395,1396,1370,1353,1329,1321],""all_points_y"":[1210,1213,1220,1221,1231,1253,1272,1288,1298,1304,1299,1272,1255,1229,1219]}",{}
6.png,50331702,{},2346,426,"{""name"":""polygon"",""all_points_x"":[1242,1231,1226,1215,1199,1201,1223,1227,1240,1249],""all_points_y"":[0,8,12,24,38,41,24,16,9,1]}",{}
6.png,50331702,{},2346,427,"{""name"":""polygon"",""all_points_x"":[1308,1303,1311,1323,1341,1359,1364,1367,1350],""all_points_y"":[63,67,79,96,119,144,150,140,120]}",{}
6.png,50331702,{},2346,428,"{""name"":""polygon"",""all_points_x"":[1257,1253,1266,1276,1284,1285,1290,1290,1286],""all_points_y"":[82,88,116,140,166,183,184,169,148]}",{}
6.png,50331702,{},2346,429,"{""name"":""polygon"",""all_points_x"":[1094,1124,1125,1118,1097],""all_points_y"":[875,874,880,882,884]}",{}
6.png,50331702,{},2346,430,"{""name"":""polygon"",""all_points_x"":[1088,1092,1096,1100,1117,1132,1135,1119,1105,1095],""all_points_y"":[876,888,896,899,900,911,906,893,891,875]}",{}
6.png,50331702,{},2346,431,"{""name"":""polygon"",""all_points_x"":[894,887,895,899,907,911,904],""all_points_y"":[912,917,931,945,954,951,936]}",{}
6.png,50331702,{},2346,432,"{""name"":""polygon"",""all_points_x"":[919,945,973,972,919],""all_points_y"":[943,939,934,939,948]}",{}
6.png,50331702,{},2346,433,"{""name"":""polygon"",""all_points_x"":[918,913,933,937],""all_points_y"":[757,762,786,779]}",{}
6.png,50331702,{},2346,434,"{""name"":""polygon"",""all_points_x"":[952,947,962,977,981,964],""all_points_y"":[840,842,886,911,908,879]}",{}
6.png,50331702,{},2346,435,"{""name"":""polygon"",""all_points_x"":[781,774,785,792,802,803,809],""all_points_y"":[1178,1181,1201,1216,1240,1245,1240]}",{}
6.png,50331702,{},2346,436,"{""name"":""polygon"",""all_points_x"":[804,799,800,805,816,824,828,832,825,809],""all_points_y"":[1204,1207,1210,1217,1231,1245,1253,1249,1234,1214]}",{}
6.png,50331702,{},2346,437,"{""name"":""polygon"",""all_points_x"":[917,912,907,905,904,904,911,912,913],""all_points_y"":[1118,1119,1154,1182,1199,1227,1226,1191,1182]}",{}
6.png,50331702,{},2346,438,"{""name"":""polygon"",""all_points_x"":[1139,1127,1130,1139,1144,1152,1163,1171,1179,1192,1201,1199,1186,1170,1160],""all_points_y"":[1355,1357,1364,1369,1380,1388,1398,1411,1418,1426,1428,1423,1414,1397,1386]}",{}
6.png,50331702,{},2346,439,"{""name"":""polygon"",""all_points_x"":[1075,1087,1088,1108,1105,1083,1071],""all_points_y"":[1026,1038,1044,1062,1065,1044,1029]}",{}
6.png,50331702,{},2346,440,"{""name"":""polygon"",""all_points_x"":[926,918,921,927,934,948,950,940],""all_points_y"":[1151,1153,1160,1161,1170,1184,1184,1167]}",{}
6.png,50331702,{},2346,441,"{""name"":""polygon"",""all_points_x"":[921,917,923,934,949,949,950,946,942],""all_points_y"":[1190,1194,1195,1175,1148,1144,1141,1141,1152]}",{}
6.png,50331702,{},2346,442,"{""name"":""polygon"",""all_points_x"":[923,895,894,894,906,914,925],""all_points_y"":[1370,1374,1377,1380,1377,1377,1377]}",{}
6.png,50331702,{},2346,443,"{""name"":""polygon"",""all_points_x"":[895,888,890,909,913],""all_points_y"":[1332,1336,1341,1334,1329]}",{}
6.png,50331702,{},2346,444,"{""name"":""polygon"",""all_points_x"":[864,852,843,847,855,865,868,867],""all_points_y"":[1254,1258,1265,1267,1262,1258,1256,1254]}",{}
6.png,50331702,{},2346,445,"{""name"":""polygon"",""all_points_x"":[806,803,809,820,830,839,844,847],""all_points_y"":[805,808,824,838,849,861,866,862]}",{}
6.png,50331702,{},2346,446,"{""name"":""polygon"",""all_points_x"":[1439,1418,1412,1403,1400,1413,1420,1434,1449,1458,1462],""all_points_y"":[112,106,107,103,106,112,109,115,121,125,122]}",{}
6.png,50331702,{},2346,447,"{""name"":""polygon"",""all_points_x"":[1414,1404,1402,1403,1410,1423,1431,1435,1436,1425,1417,1409],""all_points_y"":[58,56,57,61,62,64,68,70,65,61,59,57]}",{}
6.png,50331702,{},2346,448,"{""name"":""polygon"",""all_points_x"":[1454,1460,1463,1475,1484,1503,1534,1545,1559,1569,1576,1581,1578,1571,1545,1511,1479,1466,1459],""all_points_y"":[45,55,53,59,62,71,85,91,98,102,109,109,104,97,86,70,53,47,45]}",{}
6.png,50331702,{},2346,449,"{""name"":""polygon"",""all_points_x"":[1469,1463,1472,1482,1498,1507,1508,1510,1473],""all_points_y"":[18,18,32,48,78,93,94,83,23]}",{}
6.png,50331702,{},2346,450,"{""name"":""polygon"",""all_points_x"":[1487,1472,1479,1494,1514,1525,1524,1504,1477],""all_points_y"":[16,15,21,22,26,30,25,19,16]}",{}
6.png,50331702,{},2346,451,"{""name"":""polygon"",""all_points_x"":[1474,1473,1482,1491,1494,1524,1550,1559,1574,1593,1595,1592,1558,1501],""all_points_y"":[21,27,34,40,43,64,80,86,98,111,110,105,80,42]}",{}
6.png,50331702,{},2346,452,"{""name"":""polygon"",""all_points_x"":[1634,1629,1642,1661,1667,1688,1690,1670],""all_points_y"":[87,88,103,120,127,140,135,122]}",{}
6.png,50331702,{},2346,453,"{""name"":""polygon"",""all_points_x"":[1716,1711,1709,1713,1715,1720,1723,1721,1716,1716,1714,1715],""all_points_y"":[122,120,103,84,76,56,59,75,90,96,104,116]}",{}
6.png,50331702,{},2346,454,"{""name"":""polygon"",""all_points_x"":[1693,1687,1687,1691,1692,1696,1697,1694],""all_points_y"":[106,106,120,136,140,138,132,120]}",{}
6.png,50331702,{},2346,455,"{""name"":""polygon"",""all_points_x"":[1532,1524,1525,1550,1562,1559],""all_points_y"":[143,139,146,158,166,160]}",{}
6.png,50331702,{},2346,456,"{""name"":""polygon"",""all_points_x"":[1613,1606,1610,1620,1624,1631,1634,1637,1643,1645,1637,1633],""all_points_y"":[226,229,238,259,269,286,297,305,314,307,289,273]}",{}
6.png,50331702,{},2346,457,"{""name"":""polygon"",""all_points_x"":[1550,1537,1539,1554,1560,1579,1586,1585,1570,1556],""all_points_y"":[116,110,118,126,126,129,129,123,122,119]}",{}
6.png,50331702,{},2346,458,"{""name"":""polygon"",""all_points_x"":[1477,1471,1478,1480,1486,1478],""all_points_y"":[347,351,374,384,382,360]}",{}
6.png,50331702,{},2346,459,"{""name"":""polygon"",""all_points_x"":[1634,1634,1637,1644,1648,1640,1640],""all_points_y"":[0,7,6,19,14,2,1]}",{}
6.png,50331702,{},2346,460,"{""name"":""polygon"",""all_points_x"":[1581,1575,1573,1576,1574,1578,1581,1578,1582],""all_points_y"":[212,212,251,260,289,291,259,237,214]}",{}
6.png,50331702,{},2346,461,"{""name"":""polygon"",""all_points_x"":[1282,1277,1281,1289,1292,1300,1302,1296,1291],""all_points_y"":[395,395,406,420,428,439,433,425,411]}",{}
6.png,50331702,{},2346,462,"{""name"":""polygon"",""all_points_x"":[1553,1546,1546,1542,1534,1532,1529,1533,1538,1538,1541],""all_points_y"":[492,495,504,516,564,575,600,598,581,574,557]}",{}
6.png,50331702,{},2346,463,"{""name"":""polygon"",""all_points_x"":[858,857,886,890],""all_points_y"":[449,453,491,489]}",{}
6.png,50331702,{},2346,464,"{""name"":""polygon"",""all_points_x"":[872,868,876,876,879,880],""all_points_y"":[440,440,457,465,465,455]}",{}
6.png,50331702,{},2346,465,"{""name"":""polygon"",""all_points_x"":[1239,1202,1202,1240],""all_points_y"":[517,518,513,511]}",{}
6.png,50331702,{},2346,466,"{""name"":""polygon"",""all_points_x"":[1225,1199,1201,1228,1227],""all_points_y"":[529,532,538,535,529]}",{}
6.png,50331702,{},2346,467,"{""name"":""polygon"",""all_points_x"":[1112,1080,1082,1112],""all_points_y"":[517,518,523,523]}",{}
6.png,50331702,{},2346,468,"{""name"":""polygon"",""all_points_x"":[1074,1067,1053,1056,1069,1076],""all_points_y"":[522,524,528,534,529,527]}",{}
6.png,50331702,{},2346,469,"{""name"":""polygon"",""all_points_x"":[948,943,959,977,978,959],""all_points_y"":[730,732,747,760,754,740]}",{}
6.png,50331702,{},2346,470,"{""name"":""polygon"",""all_points_x"":[1096,1088,1078,1080,1090,1099],""all_points_y"":[530,534,545,550,538,534]}",{}
6.png,50331702,{},2346,471,"{""name"":""polygon"",""all_points_x"":[1129,1124,1118,1115,1114,1106,1112,1119,1121,1125,1129],""all_points_y"":[554,556,566,586,594,606,609,594,578,563,558]}",{}
6.png,50331702,{},2346,472,"{""name"":""polygon"",""all_points_x"":[1286,1279,1282,1321,1342,1362,1373,1376,1351,1309,1291],""all_points_y"":[665,669,679,720,745,762,773,767,741,696,675]}",{}
6.png,50331702,{},2346,473,"{""name"":""polygon"",""all_points_x"":[1220,1215,1224,1230,1236,1230],""all_points_y"":[0,0,30,64,64,27]}",{}
6.png,50331702,{},2346,474,"{""name"":""polygon"",""all_points_x"":[1066,1054,1034,1037,1057,1067],""all_points_y"":[301,300,305,310,305,306]}",{}
6.png,50331702,{},2346,475,"{""name"":""polygon"",""all_points_x"":[955,982,1024,1023,981,959],""all_points_y"":[1108,1117,1134,1130,1111,1105]}",{}
6.png,50331702,{},2346,476,"{""name"":""polygon"",""all_points_x"":[1251,1246,1241,1232,1230,1234,1243,1252],""all_points_y"":[1196,1194,1204,1218,1229,1229,1211,1199]}",{}
6.png,50331702,{},2346,477,"{""name"":""polygon"",""all_points_x"":[757,764,798,816,838,835,804],""all_points_y"":[1556,1557,1486,1455,1418,1412,1463]}",{}
6.png,50331702,{},2346,478,"{""name"":""polygon"",""all_points_x"":[927,907,901,898,917,929,931],""all_points_y"":[1269,1282,1282,1279,1267,1263,1267]}",{}
6.png,50331702,{},2346,479,"{""name"":""polygon"",""all_points_x"":[812,835,847,848,835,814],""all_points_y"":[1576,1572,1569,1573,1577,1581]}",{}
6.png,50331702,{},2346,480,"{""name"":""polygon"",""all_points_x"":[1158,1150,1152,1156,1167,1172,1164],""all_points_y"":[1401,1404,1413,1419,1441,1435,1419]}",{}
6.png,50331702,{},2346,481,"{""name"":""polygon"",""all_points_x"":[1283,1279,1278,1289,1302,1304,1288],""all_points_y"":[1319,1322,1329,1332,1334,1327,1323]}",{}
6.png,50331702,{},2346,482,"{""name"":""polygon"",""all_points_x"":[1277,1285,1288,1280,1271,1267,1248,1236,1243,1266],""all_points_y"":[1348,1332,1325,1322,1342,1352,1389,1410,1411,1367]}",{}
6.png,50331702,{},2346,483,"{""name"":""polygon"",""all_points_x"":[1174,1177,1212,1223,1221,1213,1196],""all_points_y"":[1483,1490,1479,1475,1471,1471,1478]}",{}
6.png,50331702,{},2346,484,"{""name"":""polygon"",""all_points_x"":[1185,1181,1198,1211,1223,1226,1208],""all_points_y"":[1462,1465,1492,1507,1518,1512,1495]}",{}
6.png,50331702,{},2346,485,"{""name"":""polygon"",""all_points_x"":[1294,1282,1276,1271,1283,1293],""all_points_y"":[1255,1258,1263,1256,1251,1251]}",{}
6.png,50331702,{},2346,486,"{""name"":""polygon"",""all_points_x"":[1203,1189,1175,1180,1194,1208],""all_points_y"":[1298,1304,1317,1321,1310,1302]}",{}
6.png,50331702,{},2346,487,"{""name"":""polygon"",""all_points_x"":[1180,1176,1205,1218,1225,1232,1236,1241,1243,1238,1231,1227,1220,1211,1192],""all_points_y"":[1302,1306,1340,1353,1371,1375,1379,1392,1388,1370,1367,1357,1347,1337,1316]}",{}
6.png,50331702,{},2346,488,"{""name"":""polygon"",""all_points_x"":[1276,1281,1269,1263,1257,1243,1236,1256,1270],""all_points_y"":[1369,1375,1385,1392,1394,1414,1406,1389,1373]}",{}
6.png,50331702,{},2346,489,"{""name"":""polygon"",""all_points_x"":[1180,1174,1168,1167,1167,1174,1173,1176,1176,1182],""all_points_y"":[1356,1357,1372,1389,1409,1405,1393,1382,1371,1360]}",{}
6.png,50331702,{},2346,490,"{""name"":""polygon"",""all_points_x"":[1190,1189,1196,1204,1212,1221,1225,1225,1213,1204,1195],""all_points_y"":[1403,1408,1411,1415,1415,1420,1420,1415,1410,1408,1404]}",{}
6.png,50331702,{},2346,491,"{""name"":""polygon"",""all_points_x"":[1183,1194,1199,1204,1208,1204,1193,1180,1172,1177],""all_points_y"":[1494,1501,1504,1508,1507,1501,1492,1485,1487,1492]}",{}
6.png,50331702,{},2346,492,"{""name"":""polygon"",""all_points_x"":[1188,1194,1203,1206,1213,1224,1229,1235,1230,1221,1220,1213,1211,1203,1200,1195],""all_points_y"":[1728,1731,1720,1708,1694,1677,1665,1649,1644,1661,1669,1681,1684,1695,1705,1719]}",{}
6.png,50331702,{},2346,493,"{""name"":""polygon"",""all_points_x"":[1212,1200,1203,1212,1220,1228,1233,1230],""all_points_y"":[1604,1613,1617,1611,1607,1605,1600,1598]}",{}
6.png,50331702,{},2346,494,"{""name"":""polygon"",""all_points_x"":[1290,1286,1286,1288,1292,1296,1300,1303,1296,1291,1293],""all_points_y"":[1276,1276,1293,1308,1321,1338,1351,1349,1315,1287,1278]}",{}
6.png,50331702,{},2346,495,"{""name"":""polygon"",""all_points_x"":[1353,1348,1343,1342,1335,1332,1338,1348],""all_points_y"":[1280,1279,1304,1314,1336,1350,1350,1319]}",{}
6.png,50331702,{},2346,496,"{""name"":""polygon"",""all_points_x"":[1315,1310,1308,1308,1312,1314,1317],""all_points_y"":[1310,1310,1323,1355,1353,1322,1311]}",{}
6.png,50331702,{},2346,497,"{""name"":""polygon"",""all_points_x"":[1426,1429,1432,1439,1448,1456,1462,1466,1453,1443,1436,1432],""all_points_y"":[1491,1498,1514,1541,1567,1578,1585,1583,1559,1530,1502,1489]}",{}
6.png,50331702,{},2346,498,"{""name"":""polygon"",""all_points_x"":[1399,1393,1392,1391,1393,1392,1394,1396,1397,1403,1401,1402,1400,1399,1400,1400,1400],""all_points_y"":[1522,1523,1528,1538,1580,1589,1599,1629,1635,1632,1608,1598,1588,1548,1531,1528,1525]}",{}
6.png,50331702,{},2346,499,"{""name"":""polygon"",""all_points_x"":[1408,1392,1386,1384,1385,1374,1374,1380,1385,1393,1391,1399,1410],""all_points_y"":[1607,1614,1620,1624,1628,1638,1644,1647,1637,1629,1625,1618,1611]}",{}
6.png,50331702,{},2346,500,"{""name"":""polygon"",""all_points_x"":[1459,1449,1448,1438,1435,1434,1441,1443,1451,1455,1461],""all_points_y"":[1627,1628,1636,1653,1660,1667,1666,1656,1642,1635,1630]}",{}
6.png,50331702,{},2346,501,"{""name"":""polygon"",""all_points_x"":[1500,1487,1483,1473,1477,1482,1488,1495,1503],""all_points_y"":[1708,1717,1723,1734,1739,1735,1726,1721,1715]}",{}
6.png,50331702,{},2346,502,"{""name"":""polygon"",""all_points_x"":[1329,1323,1344,1351,1352],""all_points_y"":[1777,1780,1799,1802,1797]}",{}
6.png,50331702,{},2346,503,"{""name"":""polygon"",""all_points_x"":[1389,1367,1363,1354,1342,1333,1334,1347,1359,1371,1371,1392],""all_points_y"":[1419,1429,1438,1450,1455,1455,1459,1460,1452,1440,1437,1426]}",{}
6.png,50331702,{},2346,504,"{""name"":""polygon"",""all_points_x"":[1389,1390,1405,1418,1423,1408],""all_points_y"":[1107,1112,1112,1118,1113,1108]}",{}
6.png,50331702,{},2346,505,"{""name"":""polygon"",""all_points_x"":[1459,1461,1466,1471,1467,1464,1463],""all_points_y"":[434,452,476,476,458,445,435]}",{}
6.png,50331702,{},2346,506,"{""name"":""polygon"",""all_points_x"":[1340,1345,1364,1370,1374,1374,1366,1349,1343],""all_points_y"":[357,358,353,351,353,356,357,363,365]}",{}
6.png,50331702,{},2346,507,"{""name"":""polygon"",""all_points_x"":[1393,1384,1385,1423,1422],""all_points_y"":[595,593,598,605,601]}",{}
6.png,50331702,{},2346,508,"{""name"":""polygon"",""all_points_x"":[1475,1472,1471,1461,1469,1475,1478,1480],""all_points_y"":[731,737,745,763,767,752,740,734]}",{}
6.png,50331702,{},2346,509,"{""name"":""polygon"",""all_points_x"":[1465,1443,1439,1435,1432,1435,1439,1447,1466],""all_points_y"":[856,860,856,851,857,865,861,865,860]}",{}
6.png,50331702,{},2346,510,"{""name"":""polygon"",""all_points_x"":[1391,1400,1407,1420,1429,1429,1420,1402,1395],""all_points_y"":[877,875,874,871,871,876,875,880,881]}",{}
6.png,50331702,{},2346,511,"{""name"":""polygon"",""all_points_x"":[1436,1422,1407,1408,1423,1435],""all_points_y"":[892,894,896,903,899,898]}",{}
6.png,50331702,{},2346,512,"{""name"":""polygon"",""all_points_x"":[1329,1307,1285,1287,1310,1324,1332,1332],""all_points_y"":[774,773,774,782,780,781,781,776]}",{}
6.png,50331702,{},2346,513,"{""name"":""polygon"",""all_points_x"":[1477,1475,1492,1519,1532,1531,1512,1499],""all_points_y"":[1193,1198,1209,1224,1229,1225,1215,1208]}",{}
6.png,50331702,{},2346,514,"{""name"":""polygon"",""all_points_x"":[1453,1459,1483,1490,1491,1485,1480],""all_points_y"":[1282,1282,1240,1224,1219,1223,1236]}",{}
6.png,50331702,{},2346,515,"{""name"":""polygon"",""all_points_x"":[1504,1514,1536,1552,1568,1577,1579,1565,1542,1519,1503],""all_points_y"":[1502,1500,1486,1471,1457,1453,1459,1471,1494,1506,1507]}",{}
6.png,50331702,{},2346,516,"{""name"":""polygon"",""all_points_x"":[1566,1559,1558,1554,1551,1542,1536,1532,1525,1522,1530,1541,1552,1558,1566],""all_points_y"":[1439,1439,1448,1459,1470,1500,1519,1531,1553,1566,1568,1528,1496,1477,1452]}",{}
6.png,50331702,{},2346,517,"{""name"":""polygon"",""all_points_x"":[1576,1568,1563,1552,1544,1549,1562,1571],""all_points_y"":[1570,1568,1578,1595,1610,1615,1597,1586]}",{}
6.png,50331702,{},2346,518,"{""name"":""polygon"",""all_points_x"":[1538,1545,1554,1567,1568,1577,1574,1563,1558,1546,1538,1530,1536],""all_points_y"":[1573,1595,1621,1665,1673,1669,1663,1622,1614,1573,1544,1544,1564]}",{}
6.png,50331702,{},2346,519,"{""name"":""polygon"",""all_points_x"":[1584,1579,1592,1615,1629,1648,1664,1666,1671,1640,1618,1612,1601,1594,1589],""all_points_y"":[1524,1531,1551,1599,1623,1656,1680,1684,1679,1627,1584,1569,1547,1536,1526]}",{}
6.png,50331702,{},2346,520,"{""name"":""polygon"",""all_points_x"":[1632,1620,1618,1621,1621,1621,1621,1619,1617,1616,1624,1626,1628,1630],""all_points_y"":[1474,1474,1482,1492,1530,1557,1581,1612,1636,1657,1657,1620,1584,1559]}",{}
6.png,50331702,{},2346,521,"{""name"":""polygon"",""all_points_x"":[1614,1608,1608,1610,1610,1611,1615,1615,1614],""all_points_y"":[1744,1745,1769,1788,1807,1813,1810,1789,1770]}",{}
6.png,50331702,{},2346,522,"{""name"":""polygon"",""all_points_x"":[1723,1710,1710,1708,1705,1698,1688,1695,1705,1711],""all_points_y"":[1757,1760,1770,1784,1813,1816,1853,1852,1822,1816]}",{}
6.png,50331702,{},2346,523,"{""name"":""polygon"",""all_points_x"":[1212,1225,1252,1257,1277,1286,1286,1259,1246,1214],""all_points_y"":[1861,1857,1844,1839,1832,1832,1837,1847,1856,1868]}",{}
6.png,50331702,{},2346,524,"{""name"":""polygon"",""all_points_x"":[1011,1022,1036,1044,1057,1056,1033,1012],""all_points_y"":[1825,1820,1816,1813,1812,1818,1825,1832]}",{}
6.png,50331702,{},2346,525,"{""name"":""polygon"",""all_points_x"":[1094,1089,1090,1094,1096,1098,1104,1108,1106,1105,1111,1112,1121,1113,1114,1111,1105,1101,1099,1096],""all_points_y"":[1782,1782,1803,1840,1860,1879,1889,1907,1918,1924,1934,1941,1936,1918,1903,1886,1873,1835,1806,1789]}",{}
6.png,50331702,{},2346,526,"{""name"":""polygon"",""all_points_x"":[1140,1136,1142,1146,1150,1156,1152,1150,1144],""all_points_y"":[1836,1838,1864,1886,1913,1911,1887,1872,1841]}",{}
6.png,50331702,{},2346,527,"{""name"":""polygon"",""all_points_x"":[1083,1073,1075,1083,1094,1105,1121,1143,1166,1173,1159,1119,1105,1090],""all_points_y"":[1838,1838,1846,1849,1861,1868,1885,1902,1918,1912,1907,1872,1860,1848]}",{}
6.png,50331702,{},2346,528,"{""name"":""polygon"",""all_points_x"":[1133,1114,1119,1124,1136,1150,1165,1169,1175,1174,1169,1161,1152,1145,1134,1131,1135],""all_points_y"":[1876,1882,1891,1890,1911,1932,1959,1967,1965,1959,1953,1938,1921,1909,1892,1882,1881]}",{}
6.png,50331702,{},2346,529,"{""name"":""polygon"",""all_points_x"":[1274,1267,1261,1252,1242,1237,1245,1255,1260,1262,1268,1271,1274],""all_points_y"":[1867,1866,1878,1890,1906,1915,1918,1899,1895,1888,1885,1877,1871]}",{}
6.png,50331702,{},2346,530,"{""name"":""polygon"",""all_points_x"":[1225,1218,1227,1232,1236,1241,1237],""all_points_y"":[1886,1889,1926,1952,1977,1974,1937]}",{}
6.png,50331702,{},2346,531,"{""name"":""polygon"",""all_points_x"":[1188,1181,1182,1184,1184,1183,1182,1181,1177,1183,1188,1190,1192,1191,1191,1189],""all_points_y"":[2171,2173,2188,2211,2227,2243,2269,2277,2290,2294,2282,2240,2234,2220,2202,2176]}",{}
6.png,50331702,{},2346,532,"{""name"":""polygon"",""all_points_x"":[1216,1201,1209,1217,1235,1244,1251,1260,1271,1276,1265,1251,1233,1218],""all_points_y"":[2292,2292,2311,2320,2348,2357,2365,2375,2399,2396,2368,2352,2331,2305]}",{}
6.png,50331702,{},2346,533,"{""name"":""polygon"",""all_points_x"":[1245,1235,1238,1241,1252,1257,1263,1268,1277,1280,1287,1285,1276,1273,1267],""all_points_y"":[2257,2261,2267,2269,2290,2299,2308,2315,2334,2340,2337,2331,2313,2307,2302]}",{}
6.png,50331702,{},2346,534,"{""name"":""polygon"",""all_points_x"":[1269,1263,1267,1287,1297,1296,1292,1275],""all_points_y"":[1922,1926,1930,1922,1918,1913,1912,1919]}",{}
6.png,50331702,{},2346,535,"{""name"":""polygon"",""all_points_x"":[1252,1245,1228,1214,1212,1219,1229,1250],""all_points_y"":[1989,1987,1997,2009,2013,2016,2006,1992]}",{}
6.png,50331702,{},2346,536,"{""name"":""polygon"",""all_points_x"":[1304,1299,1296,1294,1290,1282,1284,1276,1277,1286,1283,1290,1294,1292,1301,1304,1308,1321,1317,1312],""all_points_y"":[1891,1892,1903,1927,1956,1988,2001,2043,2070,2069,2045,2011,1993,1978,1934,1912,1901,1898,1893,1890]}",{}
6.png,50331702,{},2346,537,"{""name"":""polygon"",""all_points_x"":[1332,1333,1317,1299,1266,1254,1249,1256,1279,1303],""all_points_y"":[1953,1961,1975,1986,2004,2016,2011,2001,1990,1975]}",{}
6.png,50331702,{},2346,538,"{""name"":""polygon"",""all_points_x"":[1278,1286,1286,1289,1293,1292,1292,1293,1292,1294,1297,1289,1287,1285,1287,1284,1284],""all_points_y"":[1947,1947,1956,1985,1998,2008,2018,2037,2043,2055,2070,2071,2054,2043,2026,2006,1998]}",{}
6.png,50331702,{},2346,539,"{""name"":""polygon"",""all_points_x"":[1105,1100,1109,1123,1133,1149,1149,1130,1115,1110],""all_points_y"":[1962,1969,1975,1979,1984,1989,1984,1978,1973,1969]}",{}
6.png,50331702,{},2346,540,"{""name"":""polygon"",""all_points_x"":[1217,1208,1211,1213,1217,1223,1230,1226,1219],""all_points_y"":[2047,2051,2057,2073,2100,2126,2127,2100,2068]}",{}
6.png,50331702,{},2346,541,"{""name"":""polygon"",""all_points_x"":[1195,1188,1190,1188,1190,1186,1190,1195,1191,1194,1196,1194,1197],""all_points_y"":[2074,2076,2083,2103,2114,2138,2148,2146,2135,2118,2113,2094,2079]}",{}
6.png,50331702,{},2346,542,"{""name"":""polygon"",""all_points_x"":[1335,1326,1327,1327,1325,1328,1335,1335,1337,1340,1340,1350,1346],""all_points_y"":[2015,2023,2034,2083,2116,2121,2117,2094,2036,2033,2025,2018,2012]}",{}
6.png,50331702,{},2346,543,"{""name"":""polygon"",""all_points_x"":[1348,1341,1360,1380,1386,1389,1394,1400,1405,1411,1406,1399,1393,1385,1378],""all_points_y"":[1950,1957,1988,2033,2048,2058,2065,2079,2085,2078,2073,2057,2040,2023,2006]}",{}
6.png,50331702,{},2346,544,"{""name"":""polygon"",""all_points_x"":[1418,1413,1420,1425,1436,1453,1466,1471,1480,1485,1486,1477,1468,1456,1439,1435,1428,1429],""all_points_y"":[1988,1995,2005,2014,2043,2083,2122,2132,2160,2158,2150,2128,2101,2067,2025,2012,2001,1990]}",{}
6.png,50331702,{},2346,545,"{""name"":""polygon"",""all_points_x"":[1413,1405,1401,1398,1394,1395,1394,1401,1401,1401,1404,1408,1410,1413],""all_points_y"":[1868,1867,1902,1947,1986,2002,2021,2022,2003,1983,1943,1907,1883,1870]}",{}
6.png,50331702,{},2346,546,"{""name"":""polygon"",""all_points_x"":[1414,1387,1387,1413,1419],""all_points_y"":[1939,1957,1963,1947,1943]}",{}
6.png,50331702,{},2346,547,"{""name"":""polygon"",""all_points_x"":[977,971,977,982,990,997,1007,1016,1029,1038,1042,1046,1041,1031,1015,1006,986],""all_points_y"":[2635,2641,2647,2647,2652,2658,2664,2672,2688,2702,2708,2700,2690,2680,2660,2652,2638]}",{}
6.png,50331702,{},2346,548,"{""name"":""polygon"",""all_points_x"":[1100,1095,1105,1114,1119,1125,1131,1132,1124],""all_points_y"":[2564,2568,2589,2606,2611,2630,2637,2628,2611]}",{}
6.png,50331702,{},2346,549,"{""name"":""polygon"",""all_points_x"":[1023,1019,1015,1020],""all_points_y"":[2589,2590,2634,2634]}",{}
6.png,50331702,{},2346,550,"{""name"":""polygon"",""all_points_x"":[1240,1232,1234,1233,1235,1238,1241,1240,1242],""all_points_y"":[2418,2418,2435,2452,2465,2468,2464,2443,2436]}",{}
6.png,50331702,{},2346,551,"{""name"":""polygon"",""all_points_x"":[1195,1188,1189,1195,1201,1210,1219,1223,1213,1207,1201],""all_points_y"":[2431,2431,2436,2440,2451,2459,2465,2463,2454,2449,2436]}",{}
6.png,50331702,{},2346,552,"{""name"":""polygon"",""all_points_x"":[1219,1212,1215,1217,1221],""all_points_y"":[2350,2352,2383,2417,2413]}",{}
6.png,50331702,{},2346,553,"{""name"":""polygon"",""all_points_x"":[1163,1159,1157,1153,1153,1158,1158,1162,1163],""all_points_y"":[2531,2529,2552,2572,2598,2598,2568,2550,2538]}",{}
6.png,50331702,{},2346,554,"{""name"":""polygon"",""all_points_x"":[1138,1134,1147,1150],""all_points_y"":[2561,2564,2598,2594]}",{}
6.png,50331702,{},2346,555,"{""name"":""polygon"",""all_points_x"":[1279,1276,1285,1292,1294],""all_points_y"":[2628,2633,2674,2689,2687]}",{}
6.png,50331702,{},2346,556,"{""name"":""polygon"",""all_points_x"":[1087,1087,1102,1114,1127,1140,1139,1115,1098],""all_points_y"":[2714,2718,2733,2744,2758,2771,2763,2739,2722]}",{}
6.png,50331702,{},2346,557,"{""name"":""polygon"",""all_points_x"":[1099,1094,1111,1116,1123,1128,1133,1141,1146,1149,1142,1137,1126],""all_points_y"":[2812,2817,2836,2842,2853,2859,2866,2879,2887,2884,2874,2865,2847]}",{}
6.png,50331702,{},2346,558,"{""name"":""polygon"",""all_points_x"":[993,986,992,998,1011,1014,1019,1017,1012,1007,1004],""all_points_y"":[2815,2817,2847,2879,2922,2941,2939,2920,2904,2881,2871]}",{}
6.png,50331702,{},2346,559,"{""name"":""polygon"",""all_points_x"":[956,948,939,938,953,966,976,983,993,1002,1017,1024,1034,1045,1050,1026,1019,1012,1006,996,989,979],""all_points_y"":[2737,2736,2736,2749,2747,2762,2772,2782,2786,2797,2809,2818,2820,2829,2823,2809,2802,2798,2788,2782,2777,2763]}",{}
6.png,50331702,{},2346,560,"{""name"":""polygon"",""all_points_x"":[865,856,860,861,866,869,868,873,875,874,870,867],""all_points_y"":[2861,2862,2888,2906,2931,2949,2978,2979,2949,2930,2911,2882]}",{}
6.png,50331702,{},2346,561,"{""name"":""polygon"",""all_points_x"":[889,897,900,902,906,907,908,910,913,916,918,909,908,905,903,902,900,897,895,892,888],""all_points_y"":[2846,2843,2862,2884,2910,2932,2945,2958,2976,2988,2994,2996,2989,2968,2955,2947,2934,2912,2894,2875,2853]}",{}
6.png,50331702,{},2346,562,"{""name"":""polygon"",""all_points_x"":[1176,1170,1173,1177,1216,1228,1255,1266,1276,1285,1292,1267,1229,1214],""all_points_y"":[2789,2794,2798,2798,2823,2828,2845,2851,2855,2861,2853,2847,2822,2814]}",{}
6.png,50331702,{},2346,563,"{""name"":""polygon"",""all_points_x"":[1148,1143,1144,1151,1152,1158,1159,1167,1171,1169,1168,1166,1163],""all_points_y"":[2819,2821,2833,2860,2877,2905,2931,2977,2975,2953,2940,2931,2904]}",{}
6.png,50331702,{},2346,564,"{""name"":""polygon"",""all_points_x"":[1189,1183,1186,1194,1221,1233,1250,1262,1274,1315,1328,1346,1345,1325,1313,1280,1271,1256],""all_points_y"":[2971,2970,2977,2978,2982,2984,2989,2992,2992,3001,3001,3005,3000,2995,2995,2988,2985,2984]}",{}
6.png,50331702,{},2346,565,"{""name"":""polygon"",""all_points_x"":[1164,1163,1166,1181,1199,1206,1213,1224,1232,1245,1247,1228,1211,1181,1172,1171],""all_points_y"":[2978,2983,2985,3001,3021,3028,3034,3046,3055,3071,3066,3043,3024,2995,2982,2978]}",{}
6.png,50331702,{},2346,566,"{""name"":""polygon"",""all_points_x"":[1203,1200,1217,1221],""all_points_y"":[2845,2845,2943,2941]}",{}
6.png,50331702,{},2346,567,"{""name"":""polygon"",""all_points_x"":[1167,1161,1175,1191,1216,1218,1194],""all_points_y"":[2833,2836,2849,2864,2881,2875,2859]}",{}
6.png,50331702,{},2346,568,"{""name"":""polygon"",""all_points_x"":[1030,1031,1082,1114,1112,1058],""all_points_y"":[2784,2790,2795,2800,2796,2788]}",{}
6.png,50331702,{},2346,569,"{""name"":""polygon"",""all_points_x"":[991,991,1051,1093,1119,1115],""all_points_y"":[2751,2757,2764,2771,2775,2770]}",{}
6.png,50331702,{},2346,570,"{""name"":""polygon"",""all_points_x"":[911,906,922,943,949,930],""all_points_y"":[2722,2724,2752,2794,2789,2756]}",{}
6.png,50331702,{},2346,571,"{""name"":""polygon"",""all_points_x"":[1004,986,986,1003,1013,1022,1032,1045,1057,1073,1077,1063,1046,1031,1013],""all_points_y"":[2841,2833,2838,2848,2854,2860,2866,2877,2881,2895,2894,2879,2869,2859,2848]}",{}
6.png,50331702,{},2346,572,"{""name"":""polygon"",""all_points_x"":[1165,1159,1154,1151,1147,1146,1152,1153,1157,1157],""all_points_y"":[2653,2654,2681,2700,2722,2742,2742,2717,2703,2694]}",{}
6.png,50331702,{},2346,573,"{""name"":""polygon"",""all_points_x"":[1204,1197,1203,1210,1211,1216,1219,1226,1218,1213],""all_points_y"":[2712,2713,2749,2774,2789,2807,2817,2816,2786,2765]}",{}
6.png,50331702,{},2346,574,"{""name"":""polygon"",""all_points_x"":[1226,1238,1242,1230,1225,1218,1214,1219],""all_points_y"":[2798,2816,2810,2796,2787,2777,2780,2790]}",{}
6.png,50331702,{},2346,575,"{""name"":""polygon"",""all_points_x"":[1328,1324,1327,1336,1348,1366,1370,1375,1364,1355,1348,1332,1333],""all_points_y"":[2489,2491,2504,2519,2537,2559,2566,2564,2548,2538,2525,2499,2492]}",{}
6.png,50331702,{},2346,576,"{""name"":""polygon"",""all_points_x"":[1147,1142,1141,1150,1166,1179,1185,1188,1185,1177,1150],""all_points_y"":[3025,3023,3027,3041,3066,3086,3096,3093,3086,3072,3030]}",{}
6.png,50331702,{},2346,577,"{""name"":""polygon"",""all_points_x"":[1078,1071,1080,1081,1087,1093,1097,1096,1090,1086,1085,1081],""all_points_y"":[2911,2914,2933,2942,2954,2970,2973,2967,2947,2939,2929,2921]}",{}
6.png,50331702,{},2346,578,"{""name"":""polygon"",""all_points_x"":[1105,1100,1102,1107,1112,1112,1118,1113],""all_points_y"":[2975,2977,2994,3027,3050,3067,3065,3035]}",{}
6.png,50331702,{},2346,579,"{""name"":""polygon"",""all_points_x"":[1136,1132,1131,1126,1131,1133,1139],""all_points_y"":[2911,2910,2922,2943,2945,2935,2912]}",{}
6.png,50331702,{},2346,580,"{""name"":""polygon"",""all_points_x"":[788,782,792,809,815,801],""all_points_y"":[2931,2934,2943,2961,2958,2946]}",{}
6.png,50331702,{},2346,581,"{""name"":""polygon"",""all_points_x"":[746,740,752,770,783,794,805,809,794,779],""all_points_y"":[2966,2969,2983,3002,3016,3033,3049,3047,3025,3004]}",{}
6.png,50331702,{},2346,582,"{""name"":""polygon"",""all_points_x"":[657,652,663,674,679],""all_points_y"":[2889,2892,2905,2919,2916]}",{}
6.png,50331702,{},2346,583,"{""name"":""polygon"",""all_points_x"":[921,917,879,884,911,921],""all_points_y"":[3041,3041,3096,3099,3061,3046]}",{}
6.png,50331702,{},2346,584,"{""name"":""polygon"",""all_points_x"":[1350,1356,1368,1382,1395,1408,1404,1379,1363],""all_points_y"":[2447,2460,2459,2451,2444,2436,2430,2445,2454]}",{}
6.png,50331702,{},2346,585,"{""name"":""polygon"",""all_points_x"":[1350,1355,1378,1382,1369,1359],""all_points_y"":[2460,2472,2529,2526,2492,2462]}",{}
6.png,50331702,{},2346,586,"{""name"":""polygon"",""all_points_x"":[1408,1417,1408,1386,1363,1357,1385,1404],""all_points_y"":[2553,2555,2538,2504,2468,2475,2515,2544]}",{}
6.png,50331702,{},2346,587,"{""name"":""polygon"",""all_points_x"":[1412,1416,1426,1439,1461,1474,1489,1491,1485,1461,1446,1430],""all_points_y"":[2437,2434,2446,2462,2481,2495,2511,2516,2517,2490,2476,2460]}",{}
6.png,50331702,{},2346,588,"{""name"":""polygon"",""all_points_x"":[1398,1392,1405,1412,1427,1439,1449,1468,1479,1481,1457],""all_points_y"":[2450,2458,2466,2472,2483,2492,2498,2516,2526,2521,2499]}",{}
6.png,50331702,{},2346,589,"{""name"":""polygon"",""all_points_x"":[1418,1411,1419,1424,1428,1437,1446,1450,1435,1430],""all_points_y"":[2461,2462,2493,2513,2527,2546,2565,2561,2531,2515]}",{}
6.png,50331702,{},2346,590,"{""name"":""polygon"",""all_points_x"":[1431,1428,1440,1451,1466,1494,1498,1493,1471,1458,1454],""all_points_y"":[2418,2425,2437,2454,2467,2496,2496,2490,2465,2453,2444]}",{}
6.png,50331702,{},2346,591,"{""name"":""polygon"",""all_points_x"":[1048,1086,1083,1049],""all_points_y"":[832,835,841,839]}",{}
6.png,50331702,{},2346,592,"{""name"":""polygon"",""all_points_x"":[1586,1582,1578,1574,1579],""all_points_y"":[538,533,571,601,599]}",{}
6.png,50331702,{},2346,593,"{""name"":""polygon"",""all_points_x"":[1634,1629,1637,1644,1648,1642],""all_points_y"":[508,510,548,566,559,546]}",{}
6.png,50331702,{},2346,594,"{""name"":""polygon"",""all_points_x"":[1626,1622,1625,1629,1633,1637,1632,1629],""all_points_y"":[529,531,549,568,576,571,560,536]}",{}
6.png,50331702,{},2346,595,"{""name"":""polygon"",""all_points_x"":[1831,1828,1808,1797,1782,1788,1808,1813,1828,1831],""all_points_y"":[1098,1096,1127,1151,1173,1176,1143,1131,1105,1099]}",{}
6.png,50331702,{},2346,596,"{""name"":""polygon"",""all_points_x"":[1753,1746,1733,1728,1725,1725,1728,1733,1738,1739,1747,1749,1749],""all_points_y"":[1236,1236,1284,1293,1300,1310,1308,1295,1286,1277,1257,1250,1246]}",{}
6.png,50331702,{},2346,597,"{""name"":""polygon"",""all_points_x"":[1948,1929,1923,1917,1911,1894,1890,1886,1883,1894,1903,1910,1922,1929,1939,1948,1950],""all_points_y"":[1066,1074,1079,1088,1106,1147,1155,1162,1173,1166,1151,1134,1103,1090,1082,1075,1073]}",{}
6.png,50331702,{},2346,598,"{""name"":""polygon"",""all_points_x"":[1837,1830,1835,1838,1839,1846,1842,1842,1839],""all_points_y"":[1261,1264,1288,1316,1336,1332,1316,1296,1274]}",{}
6.png,50331702,{},2346,599,"{""name"":""polygon"",""all_points_x"":[1572,1585,1603,1625,1633,1643,1646,1638,1631,1619,1604,1591,1576],""all_points_y"":[1896,1884,1879,1860,1857,1852,1859,1863,1866,1876,1885,1888,1900]}",{}
6.png,50331702,{},2346,600,"{""name"":""polygon"",""all_points_x"":[1738,1732,1726,1710,1710,1713,1714,1721,1723,1729,1733,1739],""all_points_y"":[1766,1764,1795,1867,1876,1877,1876,1847,1832,1813,1783,1769]}",{}
6.png,50331702,{},2346,601,"{""name"":""polygon"",""all_points_x"":[1552,1547,1548,1550,1564,1578,1590,1588,1578,1569,1561],""all_points_y"":[1878,1887,1890,1890,1876,1868,1862,1857,1862,1868,1869]}",{}
6.png,50331702,{},2346,602,"{""name"":""polygon"",""all_points_x"":[1708,1703,1707,1707,1711,1713,1718,1716,1713,1711],""all_points_y"":[1898,1900,1919,1929,1939,1953,1950,1938,1930,1913]}",{}
6.png,50331702,{},2346,603,"{""name"":""polygon"",""all_points_x"":[1754,1749,1741,1734,1735,1727,1731,1742,1742,1742,1745,1752,1756,1757],""all_points_y"":[1843,1855,1890,1944,1952,1976,1979,1951,1943,1935,1898,1866,1853,1848]}",{}
6.png,50331702,{},2346,604,"{""name"":""polygon"",""all_points_x"":[1700,1696,1683,1687,1687,1690,1692,1697,1698,1696,1694,1694,1702],""all_points_y"":[1972,1971,1987,2046,2090,2137,2173,2168,2085,2036,2013,1991,1978]}",{}
6.png,50331702,{},2346,605,"{""name"":""polygon"",""all_points_x"":[1553,1545,1552,1564,1569,1586,1591,1597,1610,1614,1594],""all_points_y"":[1896,1902,1915,1967,1981,2047,2056,2075,2113,2108,2045]}",{}
6.png,50331702,{},2346,606,"{""name"":""polygon"",""all_points_x"":[1569,1563,1567,1575,1597,1602,1604,1616,1621,1626,1639,1645,1630,1621,1610],""all_points_y"":[1903,1905,1924,1950,2010,2024,2031,2050,2063,2078,2101,2101,2074,2045,2028]}",{}
6.png,50331702,{},2346,607,"{""name"":""polygon"",""all_points_x"":[1778,1773,1765,1767,1776,1789,1803,1811,1823,1833,1847,1852,1837,1832,1823,1821,1813,1789],""all_points_y"":[1979,1981,1979,1985,1988,2005,2021,2034,2044,2054,2069,2064,2048,2041,2034,2029,2023,1993]}",{}
6.png,50331702,{},2346,608,"{""name"":""polygon"",""all_points_x"":[1563,1556,1562,1561,1566,1567,1569],""all_points_y"":[1966,1973,1980,2050,2050,1980,1971]}",{}
6.png,50331702,{},2346,609,"{""name"":""polygon"",""all_points_x"":[1775,1770,1761,1754,1746,1738,1745,1747,1759,1766,1775,1776],""all_points_y"":[2009,2012,2064,2118,2156,2185,2189,2175,2134,2072,2028,2012]}",{}
6.png,50331702,{},2346,610,"{""name"":""polygon"",""all_points_x"":[1724,1729,1722,1718,1709,1705,1691,1680,1675,1683,1697,1703,1718],""all_points_y"":[2124,2115,2110,2119,2134,2159,2201,2241,2258,2262,2215,2199,2151]}",{}
6.png,50331702,{},2346,611,"{""name"":""polygon"",""all_points_x"":[1683,1683,1708,1724,1727,1727,1716,1708,1696],""all_points_y"":[2208,2216,2215,2210,2204,2199,2202,2205,2207]}",{}
6.png,50331702,{},2346,612,"{""name"":""polygon"",""all_points_x"":[1896,1887,1882,1881,1877,1876,1883,1886,1893,1901,1905,1908,1911],""all_points_y"":[2087,2153,2179,2194,2217,2229,2233,2212,2169,2136,2111,2096,2086]}",{}
6.png,50331702,{},2346,613,"{""name"":""polygon"",""all_points_x"":[1822,1813,1818,1830,1835],""all_points_y"":[2150,2151,2203,2253,2251]}",{}
6.png,50331702,{},2346,614,"{""name"":""polygon"",""all_points_x"":[1537,1531,1540,1572,1574,1552],""all_points_y"":[1948,1953,1957,2001,1994,1963]}",{}
6.png,50331702,{},2346,615,"{""name"":""polygon"",""all_points_x"":[1486,1481,1488,1503,1512,1498],""all_points_y"":[2120,2124,2147,2191,2189,2154]}",{}
6.png,50331702,{},2346,616,"{""name"":""polygon"",""all_points_x"":[1575,1574,1569,1569,1554,1542,1542,1551,1561,1566,1567,1572,1575,1581],""all_points_y"":[2066,2066,2073,2084,2135,2193,2204,2193,2139,2125,2116,2103,2090,2072]}",{}
6.png,50331702,{},2346,617,"{""name"":""polygon"",""all_points_x"":[1578,1572,1569,1566,1567,1566,1569,1572,1573,1573],""all_points_y"":[2105,2105,2156,2161,2173,2186,2193,2180,2163,2155]}",{}
6.png,50331702,{},2346,618,"{""name"":""polygon"",""all_points_x"":[1560,1552,1550,1547,1547,1542,1537,1540,1545,1553],""all_points_y"":[2238,2238,2257,2265,2276,2321,2361,2376,2368,2286]}",{}
6.png,50331702,{},2346,619,"{""name"":""polygon"",""all_points_x"":[1528,1522,1492,1490,1496,1515,1529],""all_points_y"":[2227,2234,2299,2301,2306,2263,2235]}",{}
6.png,50331702,{},2346,620,"{""name"":""polygon"",""all_points_x"":[1541,1532,1532,1531,1523,1517,1518,1523,1526,1529,1542],""all_points_y"":[2222,2225,2233,2238,2253,2282,2292,2284,2268,2252,2232]}",{}
6.png,50331702,{},2346,621,"{""name"":""polygon"",""all_points_x"":[1855,1852,1833,1827,1817,1810,1817,1832,1836,1839,1846,1853,1858,1866,1866],""all_points_y"":[1663,1663,1735,1762,1807,1832,1833,1775,1764,1745,1722,1695,1674,1669,1661]}",{}
6.png,50331702,{},2346,622,"{""name"":""polygon"",""all_points_x"":[1889,1880,1880,1882,1882,1882,1884,1882,1881,1883,1882,1882,1881,1882,1882,1881,1886,1889,1888,1890,1890,1890,1891,1889,1891,1890,1890,1890,1891],""all_points_y"":[1670,1674,1680,1682,1710,1734,1750,1758,1772,1786,1797,1805,1828,1837,1866,1880,1885,1847,1826,1812,1804,1785,1774,1768,1750,1734,1708,1689,1676]}",{}
6.png,50331702,{},2346,623,"{""name"":""polygon"",""all_points_x"":[1843,1838,1847,1852,1858,1863,1874,1876,1874,1877,1880,1884,1881,1882,1882,1874,1867,1862,1855,1849],""all_points_y"":[1605,1611,1641,1660,1692,1719,1765,1781,1806,1836,1839,1838,1806,1784,1768,1730,1692,1673,1642,1616]}",{}
6.png,50331702,{},2346,624,"{""name"":""polygon"",""all_points_x"":[1987,1979,1969,1958,1949,1944,1933,1939,1952,1959,1971,1978,1985,1991],""all_points_y"":[1808,1817,1840,1862,1884,1895,1916,1916,1893,1877,1850,1839,1823,1814]}",{}
6.png,50331702,{},2346,625,"{""name"":""polygon"",""all_points_x"":[1958,1922,1895,1892,1900,1901,1924,1945,1960],""all_points_y"":[1992,1951,1916,1911,1908,1913,1944,1969,1987]}",{}
6.png,50331702,{},2346,626,"{""name"":""polygon"",""all_points_x"":[1871,1863,1863,1862,1861,1861,1862,1863,1857,1857,1854,1852,1855,1863,1868,1865,1870,1871,1874,1877],""all_points_y"":[1829,1894,1900,1902,1907,1921,1929,1940,1951,1956,1976,1984,1983,1951,1943,1916,1890,1871,1849,1831]}",{}
6.png,50331702,{},2346,627,"{""name"":""polygon"",""all_points_x"":[1923,1919,1918,1917,1918,1923,1922,1925,1924],""all_points_y"":[1858,1861,1873,1884,1906,1904,1884,1871,1862]}",{}
6.png,50331702,{},2346,628,"{""name"":""polygon"",""all_points_x"":[1890,1882,1881,1881,1891,1902,1912,1896,1887,1890,1901],""all_points_y"":[1918,1928,1946,1951,1966,1978,1972,1962,1947,1929,1918]}",{}
6.png,50331702,{},2346,629,"{""name"":""polygon"",""all_points_x"":[1982,1972,1949,1930,1914,1921,1940,1958,1967,1983,1986],""all_points_y"":[1781,1779,1766,1769,1780,1784,1773,1780,1788,1789,1784]}",{}
6.png,50331702,{},2346,630,"{""name"":""polygon"",""all_points_x"":[2012,2006,2005,2004,2001,1998,1996,1996,1993,1990,1985,1985,1990,1997,2000,2002,2010,2015,2015],""all_points_y"":[1547,1547,1560,1591,1623,1650,1657,1666,1677,1688,1737,1745,1745,1693,1671,1660,1606,1557,1551]}",{}
6.png,50331702,{},2346,631,"{""name"":""polygon"",""all_points_x"":[1956,1940,1943,1943,1941,1939,1939,1938,1934,1931,1928,1937,1939,1943,1947,1948,1952,1953,1956],""all_points_y"":[1424,1421,1435,1470,1500,1521,1544,1559,1573,1601,1636,1632,1581,1564,1556,1507,1459,1437,1431]}",{}
6.png,50331702,{},2346,632,"{""name"":""polygon"",""all_points_x"":[2124,2109,2105,2104,2101,2095,2089,2086,2081,2076,2084,2094,2098,2111,2118,2127],""all_points_y"":[1479,1486,1493,1507,1523,1553,1590,1606,1632,1648,1647,1609,1577,1521,1493,1489]}",{}
6.png,50331702,{},2346,633,"{""name"":""polygon"",""all_points_x"":[2090,2086,2085,2083,2083,2085,2086,2092,2090,2090,2091,2094],""all_points_y"":[1716,1713,1730,1750,1758,1776,1793,1789,1754,1742,1732,1720]}",{}
6.png,50331702,{},2346,634,"{""name"":""polygon"",""all_points_x"":[2124,2111,2117,2115,2114,2110,2110,2108,2106,2105,2112,2119,2122,2125,2126],""all_points_y"":[1709,1716,1724,1762,1790,1816,1830,1876,1903,1924,1925,1811,1786,1723,1718]}",{}
6.png,50331702,{},2346,635,"{""name"":""polygon"",""all_points_x"":[2138,2135,2180,2184,2204,2217,2222,2209,2176],""all_points_y"":[2028,2036,2096,2102,2135,2156,2151,2130,2078]}",{}
6.png,50331702,{},2346,636,"{""name"":""polygon"",""all_points_x"":[2046,2038,2039,2034,2029,2027,2021,2019,2015,2022,2027,2033,2035,2044],""all_points_y"":[2116,2116,2130,2148,2186,2215,2224,2252,2287,2287,2228,2218,2182,2133]}",{}
6.png,50331702,{},2346,637,"{""name"":""polygon"",""all_points_x"":[1971,1961,1961,1963,1965,1964,1965,1962,1965,1965,1970,1973,1972,1972],""all_points_y"":[2029,2036,2043,2043,2075,2129,2169,2201,2238,2249,2252,2185,2128,2064]}",{}
6.png,50331702,{},2346,638,"{""name"":""polygon"",""all_points_x"":[1890,1885,1887,1887,1888,1886,1884,1873,1881,1890,1894,1898,1894,1895],""all_points_y"":[2209,2215,2238,2260,2300,2311,2320,2348,2349,2323,2311,2301,2244,2237]}",{}
6.png,50331702,{},2346,639,"{""name"":""polygon"",""all_points_x"":[1466,1464,1473,1488,1493,1499,1507,1503,1488,1473],""all_points_y"":[2305,2309,2324,2343,2353,2363,2368,2350,2336,2309]}",{}
6.png,50331702,{},2346,640,"{""name"":""polygon"",""all_points_x"":[1556,1550,1550,1559,1585,1605,1617,1624,1637,1651,1653,1633,1617,1599],""all_points_y"":[2325,2324,2331,2334,2350,2363,2376,2382,2391,2401,2393,2379,2363,2350]}",{}
6.png,50331702,{},2346,641,"{""name"":""polygon"",""all_points_x"":[1609,1601,1618,1643,1666,1676,1670,1650,1618],""all_points_y"":[2196,2199,2216,2238,2262,2273,2259,2237,2209]}",{}
6.png,50331702,{},2346,642,"{""name"":""polygon"",""all_points_x"":[1626,1626,1653,1672,1695,1707,1713,1723,1747,1752,1753,1742,1716,1709,1685,1661,1641],""all_points_y"":[2225,2234,2254,2272,2292,2304,2314,2321,2342,2346,2338,2330,2303,2292,2272,2254,2234]}",{}
6.png,50331702,{},2346,643,"{""name"":""polygon"",""all_points_x"":[1756,1748,1742,1735,1723,1717,1701,1711,1737,1742,1749],""all_points_y"":[2287,2285,2305,2335,2367,2387,2420,2424,2353,2340,2312]}",{}
6.png,50331702,{},2346,644,"{""name"":""polygon"",""all_points_x"":[1714,1714,1718,1732,1748,1762,1775,1792,1806,1815,1819,1809,1785,1758,1726,1720],""all_points_y"":[2318,2329,2334,2348,2366,2380,2392,2406,2424,2439,2432,2410,2389,2362,2330,2316]}",{}
6.png,50331702,{},2346,645,"{""name"":""polygon"",""all_points_x"":[2152,2156,2163,2169,2169,2163,2158,2158,2154,2142,2126,2112,2097,2088,2081,2097,2124,2142,2150],""all_points_y"":[1035,1031,1024,1023,1027,1034,1038,1046,1052,1078,1110,1134,1166,1189,1183,1151,1097,1059,1039]}",{}
6.png,50331702,{},2346,646,"{""name"":""polygon"",""all_points_x"":[1993,1992,1988,1983,1988,1991,1999,2002,2010,2016,2024,2017,2009,2002,1997,1994],""all_points_y"":[1273,1270,1273,1278,1287,1299,1325,1346,1375,1408,1401,1374,1327,1296,1282,1277]}",{}
6.png,50331702,{},2346,647,"{""name"":""polygon"",""all_points_x"":[2014,2009,2027,2038,2043,2047,2050,2053,2055,2053,2050,2038,2033,2029],""all_points_y"":[1343,1348,1422,1459,1480,1492,1535,1535,1527,1498,1481,1434,1416,1399]}",{}
6.png,50331702,{},2346,648,"{""name"":""polygon"",""all_points_x"":[1964,1955,1964,1976,1982,2003,2025,2034,2043,2042,2026,1991],""all_points_y"":[1559,1559,1547,1516,1497,1454,1407,1399,1393,1400,1423,1495]}",{}
6.png,50331702,{},2346,649,"{""name"":""polygon"",""all_points_x"":[2041,2035,2031,2024,2031,2038,2043],""all_points_y"":[1071,1077,1094,1123,1119,1086,1078]}",{}
6.png,50331702,{},2346,650,"{""name"":""polygon"",""all_points_x"":[2112,2122,2112,2101,2086,2074,2069,2064,2057,2059,2063,2093],""all_points_y"":[1170,1177,1197,1222,1253,1276,1290,1311,1310,1297,1280,1218]}",{}
6.png,50331702,{},2346,651,"{""name"":""polygon"",""all_points_x"":[2357,2345,2345,2343,2342,2342,2343,2345,2345,2345,2352,2352,2350,2350],""all_points_y"":[1283,1283,1299,1347,1400,1430,1446,1451,1472,1483,1473,1446,1441,1366]}",{}
6.png,50331702,{},2346,652,"{""name"":""polygon"",""all_points_x"":[2239,2235,2229,2231,2231,2229,2224,2224,2219,2214,2211,2219,2224,2229,2233,2233,2239,2239,2242,2247,2245],""all_points_y"":[1122,1124,1125,1132,1141,1161,1185,1198,1220,1244,1254,1258,1239,1214,1199,1187,1153,1138,1130,1129,1124]}",{}
6.png,50331702,{},2346,653,"{""name"":""polygon"",""all_points_x"":[2172,2169,2170,2169,2172,2181,2181,2176,2174,2174,2180],""all_points_y"":[1257,1261,1267,1295,1316,1325,1320,1308,1283,1265,1258]}",{}
6.png,50331702,{},2346,654,"{""name"":""polygon"",""all_points_x"":[2208,2201,2185,2190,2197,2211,2213],""all_points_y"":[1329,1344,1378,1380,1368,1343,1332]}",{}
6.png,50331702,{},2346,655,"{""name"":""polygon"",""all_points_x"":[2392,2389,2419,2438,2445,2424],""all_points_y"":[1274,1284,1317,1361,1361,1313]}",{}
6.png,50331702,{},2346,656,"{""name"":""polygon"",""all_points_x"":[2101,2120,2151,2155,2125,2106],""all_points_y"":[1288,1288,1278,1282,1293,1294]}",{}
6.png,50331702,{},2346,657,"{""name"":""polygon"",""all_points_x"":[2225,2221,2230,2245,2253,2256],""all_points_y"":[1330,1334,1348,1376,1393,1388]}",{}
6.png,50331702,{},2346,658,"{""name"":""polygon"",""all_points_x"":[2379,2375,2373,2368,2366,2366,2358,2358,2358,2366,2368,2375,2375,2382,2385],""all_points_y"":[1345,1366,1383,1403,1433,1443,1475,1494,1500,1498,1466,1440,1417,1367,1347]}",{}
6.png,50331702,{},2346,659,"{""name"":""polygon"",""all_points_x"":[2229,2223,2217,2218,2223,2229,2225,2227,2230,2232,2235,2232,2229,2225,2227,2230,2234],""all_points_y"":[1365,1367,1375,1382,1400,1411,1425,1442,1441,1413,1413,1401,1397,1376,1374,1372,1367]}",{}
6.png,50331702,{},2346,660,"{""name"":""polygon"",""all_points_x"":[2053,2047,2058,2070,2076,2080,2080,2100,2102,2106,2086,2079,2076],""all_points_y"":[1251,1252,1278,1322,1375,1400,1407,1442,1447,1444,1407,1356,1322]}",{}
6.png,50331702,{},2346,661,"{""name"":""polygon"",""all_points_x"":[2123,2118,2126,2139,2155,2167,2175,2183,2151],""all_points_y"":[1603,1606,1613,1632,1655,1676,1687,1684,1639]}",{}
6.png,50331702,{},2346,662,"{""name"":""polygon"",""all_points_x"":[2329,2317,2295,2295,2274,2271,2271,2255,2245,2253,2273,2278,2302,2334],""all_points_y"":[1334,1358,1399,1406,1441,1445,1449,1474,1485,1489,1453,1446,1403,1341]}",{}
6.png,50331702,{},2346,663,"{""name"":""polygon"",""all_points_x"":[2273,2248,2231,2197,2185,2192,2217,2245,2252,2273,2280],""all_points_y"":[1434,1455,1474,1508,1523,1523,1495,1469,1459,1443,1434]}",{}
6.png,50331702,{},2346,664,"{""name"":""polygon"",""all_points_x"":[2420,2417,2412,2419,2433,2447,2457,2475,2475,2479,2486,2491,2482,2478,2454,2442,2431],""all_points_y"":[1489,1491,1494,1501,1539,1577,1608,1659,1672,1682,1691,1690,1667,1645,1573,1542,1513]}",{}
6.png,50331702,{},2346,665,"{""name"":""polygon"",""all_points_x"":[2338,2331,2337,2339,2341,2341,2344,2344,2352,2350,2347,2347,2341],""all_points_y"":[1458,1461,1502,1535,1563,1598,1646,1653,1652,1623,1574,1556,1495]}",{}
6.png,50331702,{},2346,666,"{""name"":""polygon"",""all_points_x"":[2211,2208,2202,2197,2194,2192,2189,2183,2183,2189,2197,2202,2211,2214],""all_points_y"":[1635,1635,1653,1682,1709,1738,1770,1813,1820,1822,1769,1713,1662,1639]}",{}
6.png,50331702,{},2346,667,"{""name"":""polygon"",""all_points_x"":[2080,2073,2070,2065,2061,2060,2063,2067,2070,2075,2077],""all_points_y"":[1858,1855,1865,1889,1904,1912,1916,1903,1888,1876,1867]}",{}
6.png,50331702,{},2346,668,"{""name"":""polygon"",""all_points_x"":[2211,2206,2204,2207,2209,2213,2216,2218,2222,2222,2228,2224,2218],""all_points_y"":[1510,1510,1521,1546,1567,1596,1633,1658,1677,1684,1684,1651,1586]}",{}
6.png,50331702,{},2346,669,"{""name"":""polygon"",""all_points_x"":[2294,2287,2281,2278,2270,2257,2245,2236,2245,2249,2253,2262],""all_points_y"":[1653,1648,1661,1678,1708,1748,1777,1808,1810,1786,1770,1754]}",{}
6.png,50331702,{},2346,670,"{""name"":""polygon"",""all_points_x"":[2231,2225,2222,2222,2217,2213,2211,2210,2214,2221,2223],""all_points_y"":[1745,1745,1762,1774,1790,1813,1828,1839,1841,1815,1792]}",{}
6.png,50331702,{},2346,671,"{""name"":""polygon"",""all_points_x"":[2292,2282,2282,2280,2278,2276,2278,2275,2275,2273,2271,2271,2273,2277,2278,2284,2289],""all_points_y"":[1707,1709,1718,1739,1762,1773,1776,1788,1804,1827,1839,1855,1860,1857,1827,1778,1730]}",{}
6.png,50331702,{},2346,672,"{""name"":""polygon"",""all_points_x"":[2243,2239,2269,2303,2323,2337,2350,2354,2343,2329,2308],""all_points_y"":[1766,1771,1805,1836,1856,1875,1887,1882,1869,1850,1829]}",{}
6.png,50331702,{},2346,673,"{""name"":""polygon"",""all_points_x"":[2165,2158,2153,2167,2190,2207,2221,2228,2241,2249,2258,2266,2262,2253,2234,2229,2225,2204,2180,2165,2167],""all_points_y"":[1858,1858,1868,1887,1917,1940,1957,1963,1980,1991,2007,2007,1994,1984,1958,1954,1951,1919,1889,1866,1862]}",{}
6.png,50331702,{},2346,674,"{""name"":""polygon"",""all_points_x"":[2289,2287,2280,2284,2288,2288,2288,2292,2298,2294,2295,2292],""all_points_y"":[1801,1791,1793,1826,1846,1856,1861,1874,1871,1857,1853,1836]}",{}
6.png,50331702,{},2346,675,"{""name"":""polygon"",""all_points_x"":[2203,2233,2244,2244,2230,2192,2194],""all_points_y"":[1818,1822,1823,1828,1827,1822,1818]}",{}
6.png,50331702,{},2346,676,"{""name"":""polygon"",""all_points_x"":[2375,2373,2365,2356,2347,2343,2341,2339,2345,2347,2351,2361,2366,2376,2384,2386,2375],""all_points_y"":[1845,1858,1889,1942,1996,2011,2025,2048,2049,2027,2014,1949,1925,1877,1846,1835,1835]}",{}
6.png,50331702,{},2346,677,"{""name"":""polygon"",""all_points_x"":[2067,2053,2051,2051,2048,2045,2045,2044,2041,2041,2051,2051,2048,2051,2052,2054,2058,2061,2073],""all_points_y"":[2113,2120,2130,2161,2178,2191,2217,2234,2255,2288,2288,2271,2260,2249,2215,2186,2161,2126,2120]}",{}
6.png,50331702,{},2346,678,"{""name"":""polygon"",""all_points_x"":[2172,2167,2165,2160,2155,2165,2167,2170,2174],""all_points_y"":[2160,2158,2195,2237,2270,2271,2241,2208,2165]}",{}
6.png,50331702,{},2346,679,"{""name"":""polygon"",""all_points_x"":[2099,2089,2091,2086,2086,2081,2077,2076,2069,2065,2060,2066,2075,2079,2086,2098,2100],""all_points_y"":[2123,2126,2139,2178,2188,2207,2228,2248,2281,2299,2322,2323,2276,2270,2223,2151,2134]}",{}
6.png,50331702,{},2346,680,"{""name"":""polygon"",""all_points_x"":[2128,2120,2116,2113,2111,2108,2101,2099,2107,2118,2121],""all_points_y"":[2276,2273,2287,2302,2309,2327,2357,2373,2373,2315,2292]}",{}
6.png,50331702,{},2346,681,"{""name"":""polygon"",""all_points_x"":[2111,2119,2121,2118,2116,2112,2109,2102,2097,2091,2086,2081,2076,2087,2095],""all_points_y"":[2111,2111,2123,2129,2135,2163,2183,2218,2242,2260,2285,2298,2292,2246,2217]}",{}
6.png,50331702,{},2346,682,"{""name"":""polygon"",""all_points_x"":[1975,1975,1984,1991,1999,2012,2017,2019,2024,2024,2009,1996,1993],""all_points_y"":[2338,2346,2349,2370,2406,2437,2456,2473,2473,2451,2410,2356,2343]}",{}
6.png,50331702,{},2346,683,"{""name"":""polygon"",""all_points_x"":[2186,2185,2185,2182,2180,2174,2170,2169,2163,2172,2179,2188,2195,2194,2192],""all_points_y"":[2161,2176,2191,2221,2237,2279,2299,2307,2337,2338,2296,2246,2198,2171,2161]}",{}
6.png,50331702,{},2346,684,"{""name"":""polygon"",""all_points_x"":[2372,2362,2366,2366,2369,2373,2375,2375,2378,2382,2385,2382,2373],""all_points_y"":[2066,2067,2074,2099,2123,2151,2171,2194,2211,2227,2221,2187,2101]}",{}
6.png,50331702,{},2346,685,"{""name"":""polygon"",""all_points_x"":[2262,2257,2257,2260,2268,2273,2277,2281,2284,2287,2295,2287,2282,2269,2269],""all_points_y"":[2179,2180,2193,2207,2242,2264,2296,2310,2331,2337,2337,2300,2263,2207,2188]}",{}
6.png,50331702,{},2346,686,"{""name"":""polygon"",""all_points_x"":[2292,2287,2295,2299,2301,2302,2302,2304,2308,2311,2315,2322,2316,2310,2299,2296],""all_points_y"":[2314,2320,2363,2380,2398,2410,2420,2426,2447,2480,2491,2491,2460,2407,2350,2319]}",{}
6.png,50331702,{},2346,687,"{""name"":""polygon"",""all_points_x"":[2217,2211,2208,2204,2197,2190,2185,2183,2176,2171,2176,2185,2194,2200,2207,2216,2218],""all_points_y"":[2258,2258,2263,2274,2310,2330,2352,2365,2384,2404,2404,2376,2355,2332,2300,2267,2263]}",{}
6.png,50331702,{},2346,688,"{""name"":""polygon"",""all_points_x"":[2179,2167,2168,2168,2169,2167,2165,2174,2174,2176,2175,2176,2174],""all_points_y"":[2308,2308,2347,2368,2387,2412,2438,2437,2412,2393,2366,2343,2328]}",{}
6.png,50331702,{},2346,689,"{""name"":""polygon"",""all_points_x"":[2218,2209,2208,2208,2208,2208,2209,2211,2213,2218,2218,2216,2217,2216,2217],""all_points_y"":[2306,2315,2343,2366,2401,2413,2434,2463,2493,2491,2465,2410,2398,2368,2329]}",{}
6.png,50331702,{},2346,690,"{""name"":""polygon"",""all_points_x"":[1950,1971,2002,2128,2142,2139,2106,2028,1991,1956,1949,1945],""all_points_y"":[2492,2490,2487,2475,2476,2482,2482,2490,2494,2496,2503,2497]}",{}
6.png,50331702,{},2346,691,"{""name"":""polygon"",""all_points_x"":[2106,2109,2116,2121,2125,2130,2134,2125,2122,2116,2113],""all_points_y"":[2439,2461,2506,2549,2588,2610,2603,2540,2501,2447,2436]}",{}
6.png,50331702,{},2346,692,"{""name"":""polygon"",""all_points_x"":[1991,1986,2003,2033,2050,2068,2086,2109,2114,2120,2117,2104,2072,2039,2019],""all_points_y"":[2456,2459,2477,2510,2526,2547,2567,2589,2596,2593,2584,2577,2542,2503,2482]}",{}
6.png,50331702,{},2346,693,"{""name"":""polygon"",""all_points_x"":[2077,2088,2100,2104,2107,2101,2090,2083],""all_points_y"":[2521,2501,2463,2456,2459,2475,2506,2528]}",{}
6.png,50331702,{},2346,694,"{""name"":""polygon"",""all_points_x"":[2268,2258,2259,2260,2262,2264,2264,2265,2264,2264,2271,2270,2272,2271,2272,2269],""all_points_y"":[2378,2383,2405,2434,2457,2482,2492,2510,2520,2538,2539,2522,2514,2492,2477,2445]}",{}
6.png,50331702,{},2346,695,"{""name"":""polygon"",""all_points_x"":[1467,1462,1467,1476,1485,1496,1508,1517,1524,1529,1546,1553,1556,1533,1512,1493,1483,1475,1469,1470],""all_points_y"":[2278,2282,2294,2305,2318,2333,2347,2358,2366,2369,2390,2397,2394,2368,2343,2319,2304,2296,2286,2281]}",{}
6.png,50331702,{},2346,696,"{""name"":""polygon"",""all_points_x"":[1466,1451,1449,1449,1446,1441,1434,1428,1419,1417,1415,1418,1434,1445,1450,1450,1453,1456,1474,1474,1469],""all_points_y"":[2321,2332,2340,2345,2350,2357,2370,2376,2384,2388,2393,2395,2379,2366,2355,2353,2350,2335,2324,2322,2319]}",{}
6.png,50331702,{},2346,697,"{""name"":""polygon"",""all_points_x"":[1599,1593,1596,1600,1615,1632,1642,1655,1665,1674,1685,1691,1696,1696,1682,1657],""all_points_y"":[2409,2414,2419,2419,2441,2460,2474,2490,2502,2513,2534,2540,2541,2536,2516,2485]}",{}
6.png,50331702,{},2346,698,"{""name"":""polygon"",""all_points_x"":[1565,1569,1578,1593,1601,1612,1628,1629,1632,1636,1634,1634,1626,1617,1606,1598,1585],""all_points_y"":[2376,2385,2390,2399,2407,2420,2434,2441,2444,2443,2438,2434,2426,2413,2403,2396,2387]}",{}
6.png,50331702,{},2346,699,"{""name"":""polygon"",""all_points_x"":[1711,1701,1692,1684,1675,1670,1674,1679,1686,1693,1700,1703,1707,1713,1718,1717],""all_points_y"":[2442,2452,2463,2474,2480,2489,2491,2489,2482,2476,2466,2461,2455,2452,2448,2443]}",{}
6.png,50331702,{},2346,700,"{""name"":""polygon"",""all_points_x"":[1549,1539,1536,1545,1553,1580,1583,1581,1574],""all_points_y"":[2654,2658,2664,2665,2664,2655,2649,2646,2647]}",{}
6.png,50331702,{},2346,701,"{""name"":""polygon"",""all_points_x"":[1638,1633,1636,1642,1650,1670,1685,1697,1716,1724,1728,1734,1743,1751,1756,1757,1743,1722,1680],""all_points_y"":[2563,2566,2572,2581,2589,2610,2625,2636,2657,2662,2668,2675,2685,2697,2697,2692,2674,2650,2608]}",{}
6.png,50331702,{},2346,702,"{""name"":""polygon"",""all_points_x"":[1658,1686,1693,1712,1734,1751,1762,1769,1776,1776,1769,1756,1732,1720,1709,1692,1671,1660,1655,1650],""all_points_y"":[2625,2592,2583,2568,2554,2540,2533,2527,2524,2531,2536,2546,2566,2573,2581,2593,2621,2636,2641,2632]}",{}
6.png,50331702,{},2346,703,"{""name"":""polygon"",""all_points_x"":[1701,1698,1693,1690,1693,1699,1705,1707,1708,1714,1716,1723,1728,1735,1738,1739,1744,1746,1735,1731,1723,1719,1715,1712,1708,1701],""all_points_y"":[2485,2472,2472,2482,2488,2505,2521,2529,2540,2553,2559,2574,2581,2593,2600,2605,2605,2597,2580,2572,2554,2541,2528,2516,2506,2492]}",{}
6.png,50331702,{},2346,704,"{""name"":""polygon"",""all_points_x"":[1787,1783,1787,1795,1802,1806,1814,1815,1819,1820,1823,1825,1828,1833,1827,1827,1824,1817,1807],""all_points_y"":[2304,2308,2313,2320,2327,2330,2333,2336,2340,2348,2360,2369,2373,2373,2357,2347,2333,2328,2322]}",{}
6.png,50331702,{},2346,705,"{""name"":""polygon"",""all_points_x"":[1753,1761,1763,1767,1767,1769,1773,1773,1774,1775,1776,1770,1768,1767,1765,1760,1759,1757,1754],""all_points_y"":[2495,2496,2509,2521,2527,2536,2546,2555,2564,2574,2580,2584,2568,2558,2545,2531,2523,2510,2500]}",{}
6.png,50331702,{},2346,706,"{""name"":""polygon"",""all_points_x"":[1858,1858,1850,1846,1844,1842,1838,1834,1829,1826,1824,1823,1830,1835,1838,1842,1848,1850,1852,1860,1865,1868,1869,1864],""all_points_y"":[2418,2430,2452,2464,2476,2486,2498,2513,2528,2541,2557,2562,2560,2535,2523,2506,2495,2485,2475,2446,2433,2419,2415,2412]}",{}
6.png,50331702,{},2346,707,"{""name"":""polygon"",""all_points_x"":[1863,1857,1858,1853,1850,1851,1851,1852,1852,1852,1862,1860,1860,1858,1862,1863,1868,1869],""all_points_y"":[2406,2410,2430,2469,2492,2508,2539,2556,2567,2575,2573,2556,2515,2494,2466,2444,2428,2409]}",{}
6.png,50331702,{},2346,708,"{""name"":""polygon"",""all_points_x"":[1819,1812,1802,1800,1797,1794,1789,1786,1779,1778,1784,1797,1808,1812,1819],""all_points_y"":[2473,2476,2502,2511,2518,2530,2545,2560,2577,2581,2581,2543,2512,2495,2479]}",{}
6.png,50331702,{},2346,709,"{""name"":""polygon"",""all_points_x"":[1834,1828,1832,1844,1865,1876,1888,1900,1916,1925,1929,1923,1906,1893,1878],""all_points_y"":[2502,2506,2512,2522,2545,2555,2571,2590,2608,2620,2618,2610,2588,2567,2549]}",{}
6.png,50331702,{},2346,710,"{""name"":""polygon"",""all_points_x"":[1901,1897,1893,1888,1883,1882,1875,1873,1870,1865,1861,1865,1879,1883,1888,1893,1900,1905],""all_points_y"":[2471,2472,2490,2507,2520,2529,2554,2562,2580,2597,2615,2618,2568,2548,2533,2512,2491,2473]}",{}
6.png,50331702,{},2346,711,"{""name"":""polygon"",""all_points_x"":[1785,1804,1813,1823,1832,1840,1840,1843,1846,1850,1848,1843,1836,1828,1823,1811,1805,1793,1789],""all_points_y"":[2614,2588,2574,2564,2558,2546,2539,2537,2528,2533,2541,2553,2563,2568,2574,2589,2598,2614,2619]}",{}
6.png,50331702,{},2346,712,"{""name"":""polygon"",""all_points_x"":[1824,1818,1815,1813,1814,1820,1821,1826],""all_points_y"":[2283,2286,2300,2319,2330,2330,2307,2287]}",{}
6.png,50331702,{},2346,713,"{""name"":""polygon"",""all_points_x"":[1761,1757,1753,1755,1756,1755,1756,1763,1763,1763,1762,1764],""all_points_y"":[2558,2558,2573,2583,2600,2621,2627,2625,2607,2595,2575,2564]}",{}
6.png,50331702,{},2346,714,"{""name"":""polygon"",""all_points_x"":[1447,1434,1427,1424,1428,1438,1444,1448,1451],""all_points_y"":[2576,2590,2602,2611,2611,2593,2591,2585,2580]}",{}
6.png,50331702,{},2346,715,"{""name"":""polygon"",""all_points_x"":[1530,1522,1517,1515,1514,1515,1516,1519,1522,1522,1526,1525,1532,1535,1535],""all_points_y"":[2703,2718,2729,2738,2748,2755,2766,2773,2770,2741,2730,2725,2714,2708,2703]}",{}
6.png,50331702,{},2346,716,"{""name"":""polygon"",""all_points_x"":[1693,1690,1694,1697,1702,1709,1712,1715,1719,1710,1704,1698,1696],""all_points_y"":[2686,2688,2690,2696,2707,2723,2733,2738,2735,2716,2701,2688,2685]}",{}
6.png,50331702,{},2346,717,"{""name"":""polygon"",""all_points_x"":[1575,1571,1580,1588,1600,1607,1612,1617,1624,1636,1658,1676,1686,1694,1700,1703,1689,1666,1628,1614,1596,1586,1580],""all_points_y"":[2864,2870,2883,2891,2907,2916,2924,2931,2941,2961,2990,3012,3027,3034,3038,3032,3018,2990,2933,2913,2889,2878,2870]}",{}
6.png,50331702,{},2346,718,"{""name"":""polygon"",""all_points_x"":[1622,1616,1613,1614,1620,1623,1633,1635,1640,1633,1627,1621,1619,1620,1624],""all_points_y"":[2743,2743,2761,2784,2819,2837,2872,2880,2878,2852,2819,2784,2765,2761,2745]}",{}
6.png,50331702,{},2346,719,"{""name"":""polygon"",""all_points_x"":[1675,1657,1648,1635,1627,1623,1620,1619,1623,1627,1628,1636,1641,1649,1652,1662,1671,1678,1683,1678],""all_points_y"":[2962,2914,2877,2829,2798,2775,2761,2757,2755,2755,2770,2797,2820,2851,2870,2901,2931,2952,2961,2964]}",{}
6.png,50331702,{},2346,720,"{""name"":""polygon"",""all_points_x"":[1646,1645,1643,1640,1636,1634,1627,1622,1629,1633,1640,1641,1645,1650,1652],""all_points_y"":[2724,2733,2752,2766,2773,2784,2822,2847,2844,2819,2787,2776,2765,2744,2726]}",{}
6.png,50331702,{},2346,721,"{""name"":""polygon"",""all_points_x"":[1407,1403,1402,1406,1412,1428,1438,1447,1464,1473,1477,1477,1449,1426,1416],""all_points_y"":[2959,2961,2963,2969,2977,2995,3006,3020,3043,3056,3056,3050,3010,2982,2971]}",{}
6.png,50331702,{},2346,722,"{""name"":""polygon"",""all_points_x"":[1418,1414,1412,1410,1408,1409,1414,1413,1417,1419],""all_points_y"":[3099,3099,3109,3119,3140,3144,3141,3134,3109,3101]}",{}
6.png,50331702,{},2346,723,"{""name"":""polygon"",""all_points_x"":[1485,1479,1491,1502,1515,1530,1536,1539,1545,1546,1538,1522,1500],""all_points_y"":[3054,3059,3072,3088,3110,3132,3144,3148,3148,3144,3136,3109,3072]}",{}
6.png,50331702,{},2346,724,"{""name"":""polygon"",""all_points_x"":[1494,1484,1480,1473,1469,1465,1454,1461,1466,1470,1474,1478,1484,1489,1493],""all_points_y"":[2740,2753,2756,2771,2780,2789,2789,2779,2769,2760,2754,2748,2741,2735,2734]}",{}
6.png,50331702,{},2346,725,"{""name"":""polygon"",""all_points_x"":[1487,1483,1485,1483,1486,1488,1492,1493,1484,1485,1479,1478,1477,1478,1477,1480,1485,1489],""all_points_y"":[2762,2773,2791,2802,2849,2864,2875,2880,2880,2876,2858,2841,2817,2797,2771,2766,2757,2757]}",{}
6.png,50331702,{},2346,726,"{""name"":""polygon"",""all_points_x"":[1389,1375,1373,1378,1393,1406,1415,1425,1434,1429,1415,1406],""all_points_y"":[2862,2864,2867,2872,2870,2866,2863,2858,2853,2848,2854,2858]}",{}
6.png,50331702,{},2346,727,"{""name"":""polygon"",""all_points_x"":[1440,1430,1417,1409,1400,1387,1379,1378,1384,1397,1412,1421,1436,1441,1445],""all_points_y"":[2817,2829,2847,2858,2878,2902,2919,2927,2926,2896,2867,2850,2834,2824,2819]}",{}
6.png,50331702,{},2346,728,"{""name"":""polygon"",""all_points_x"":[1472,1472,1490,1501,1507,1513,1493,1485],""all_points_y"":[2783,2791,2821,2845,2852,2849,2817,2802]}",{}
6.png,50331702,{},2346,729,"{""name"":""polygon"",""all_points_x"":[1460,1454,1461,1474,1480,1485,1500,1504,1506,1497,1492,1484,1471],""all_points_y"":[3176,3176,3154,3138,3132,3124,3112,3110,3114,3123,3128,3140,3149]}",{}
6.png,50331702,{},2346,730,"{""name"":""polygon"",""all_points_x"":[1406,1405,1420,1427,1432,1439,1447,1451,1450,1437,1426,1418,1409],""all_points_y"":[3072,3068,3061,3054,3049,3045,3042,3042,3048,3053,3063,3070,3073]}",{}
6.png,50331702,{},2346,731,"{""name"":""polyline"",""all_points_x"":[656,664],""all_points_y"":[3167,3247]}",{}
6.png,50331702,{},2346,732,"{""name"":""polyline"",""all_points_x"":[704,734,769],""all_points_y"":[3116,3146,3189]}",{}
6.png,50331702,{},2346,733,"{""name"":""polyline"",""all_points_x"":[683,747,759,793],""all_points_y"":[3347,3389,3401,3423]}",{}
6.png,50331702,{},2346,734,"{""name"":""polyline"",""all_points_x"":[705,725,738],""all_points_y"":[3211,3253,3281]}",{}
6.png,50331702,{},2346,735,"{""name"":""polyline"",""all_points_x"":[723,724,720],""all_points_y"":[3243,3280,3333]}",{}
6.png,50331702,{},2346,736,"{""name"":""polyline"",""all_points_x"":[701,718,724,727],""all_points_y"":[3345,3419,3448,3475]}",{}
6.png,50331702,{},2346,737,"{""name"":""polyline"",""all_points_x"":[637,662,691],""all_points_y"":[3512,3528,3543]}",{}
6.png,50331702,{},2346,738,"{""name"":""polygon"",""all_points_x"":[635,650,662,678,685,694,699,685,679,666,661,644,639],""all_points_y"":[3378,3409,3442,3479,3492,3510,3504,3476,3465,3434,3418,3384,3374]}",{}
6.png,50331702,{},2346,739,"{""name"":""polygon"",""all_points_x"":[693,723,746,785,795,800,800,780,765,744,702,691],""all_points_y"":[3597,3606,3612,3617,3619,3621,3625,3620,3619,3616,3605,3601]}",{}
6.png,50331702,{},2346,740,"{""name"":""polygon"",""all_points_x"":[623,657,676,684,696,705,710,688,678,662,656,647,628],""all_points_y"":[3517,3552,3571,3579,3588,3597,3596,3574,3567,3548,3540,3533,3516]}",{}
6.png,50331702,{},2346,741,"{""name"":""polygon"",""all_points_x"":[653,648,657,669,677,684,687,691,703,714,724,726,725,716,707,700,694,691,680,671,668,661],""all_points_y"":[3693,3695,3702,3717,3734,3746,3754,3757,3767,3774,3778,3775,3772,3768,3763,3754,3750,3742,3723,3707,3699,3694]}",{}
6.png,50331702,{},2346,742,"{""name"":""polygon"",""all_points_x"":[786,799,807,819,825,832,842,845,849,848,838,836,830,825,815,805,800,794,791],""all_points_y"":[3652,3681,3698,3718,3729,3745,3762,3769,3766,3761,3746,3740,3725,3715,3700,3679,3666,3656,3649]}",{}
6.png,50331702,{},2346,743,"{""name"":""polygon"",""all_points_x"":[548,552,578,575],""all_points_y"":[3801,3800,3830,3833]}",{}
6.png,50331702,{},2346,744,"{""name"":""polygon"",""all_points_x"":[581,578,585,593,600,603,606,614,618,620,615,609,606,597,592,584],""all_points_y"":[3837,3839,3858,3883,3900,3916,3930,3951,3959,3958,3939,3918,3901,3880,3865,3840]}",{}
6.png,50331702,{},2346,745,"{""name"":""polygon"",""all_points_x"":[557,561,567,574,579,576,573,571,568,566,565],""all_points_y"":[3960,3992,4028,4055,4056,4028,4016,3994,3981,3972,3958]}",{}
6.png,50331702,{},2346,746,"{""name"":""polygon"",""all_points_x"":[663,664,668,671,671,672,670,670,670,671,672,678,676,676,677,679,678,677,675,672,671],""all_points_y"":[3832,3842,3852,3879,3906,3913,3939,3971,3984,4004,4012,4010,3975,3952,3929,3907,3888,3861,3847,3837,3833]}",{}
6.png,50331702,{},2346,747,"{""name"":""polygon"",""all_points_x"":[594,588,594,602,614,623,624,615,606,600,599,597],""all_points_y"":[4011,4012,4032,4054,4075,4084,4081,4066,4050,4034,4029,4022]}",{}
6.png,50331702,{},2346,748,"{""name"":""polygon"",""all_points_x"":[627,633,634,642,644,648,652,655,656,663,661,657,655,649,646,645,644,641,638,633],""all_points_y"":[4027,4005,3997,3953,3938,3921,3910,3895,3892,3895,3906,3914,3926,3952,3972,3980,3990,4004,4017,4026]}",{}
6.png,50331702,{},2346,749,"{""name"":""polygon"",""all_points_x"":[654,646,639,629,624,632,641,648,657],""all_points_y"":[3998,4001,4012,4020,4033,4035,4016,4010,4001]}",{}
6.png,50331702,{},2346,750,"{""name"":""polygon"",""all_points_x"":[384,386,388,395,393,392,388,383],""all_points_y"":[4081,4087,4095,4095,4090,4083,4071,4072]}",{}
6.png,50331702,{},2346,751,"{""name"":""polygon"",""all_points_x"":[689,685,696,708,720,734,743,746,744,725,714,706,697,691],""all_points_y"":[3894,3898,3912,3933,3953,3973,3983,3982,3977,3949,3931,3917,3904,3895]}",{}
6.png,50331702,{},2346,752,"{""name"":""polygon"",""all_points_x"":[696,710,723,728,737,744,751,751,738,728,718,714,709,704,700],""all_points_y"":[3936,3972,3996,4005,4017,4025,4032,4025,4009,3993,3978,3964,3955,3944,3936]}",{}
6.png,50331702,{},2346,753,"{""name"":""polygon"",""all_points_x"":[751,760,765,772,776,778,782,776,772,767,764,761,755],""all_points_y"":[3896,3917,3934,3960,3976,3978,3976,3957,3935,3922,3909,3899,3893]}",{}
6.png,50331702,{},2346,754,"{""name"":""polygon"",""all_points_x"":[653,652,663,673,679,686,690,695,685,678,668,658],""all_points_y"":[4055,4060,4070,4077,4083,4094,4095,4096,4084,4074,4065,4056]}",{}
6.png,50331702,{},2346,755,"{""name"":""polygon"",""all_points_x"":[784,784,784,784,783,787,788,790,794,796,800,796,793,791,788,788,789,788,784],""all_points_y"":[3959,3969,3987,4001,4019,4036,4051,4076,4089,4095,4095,4078,4051,4020,3994,3971,3961,3956,3956]}",{}
6.png,50331702,{},2346,756,"{""name"":""polygon"",""all_points_x"":[749,748,747,749,755,755,754,756,754,750],""all_points_y"":[4046,4066,4084,4095,4095,4072,4062,4049,4044,4042]}",{}
6.png,50331702,{},2346,757,"{""name"":""polygon"",""all_points_x"":[771,771,772,773,779,777,777,774],""all_points_y"":[4064,4078,4088,4095,4094,4080,4067,4061]}",{}
6.png,50331702,{},2346,758,"{""name"":""polygon"",""all_points_x"":[723,725,728,735,738,740,734,731,729],""all_points_y"":[4095,4088,4070,4051,4044,4049,4071,4081,4094]}",{}
6.png,50331702,{},2346,759,"{""name"":""polygon"",""all_points_x"":[687,681,684,692,721,739,774,792,799,799,775,752,715,709,695],""all_points_y"":[3433,3432,3438,3441,3458,3469,3493,3506,3510,3504,3486,3470,3447,3441,3435]}",{}
6.png,50331702,{},2346,760,"{""name"":""polygon"",""all_points_x"":[727,724,727,726,727,733,734,733,732,730,730],""all_points_y"":[3480,3487,3507,3533,3569,3564,3535,3528,3503,3496,3487]}",{}
6.png,50331702,{},2346,761,"{""name"":""polygon"",""all_points_x"":[740,738,764,781,799,815,832,836,819,807,800,777],""all_points_y"":[3449,3453,3471,3484,3495,3511,3522,3518,3508,3496,3489,3474]}",{}
6.png,50331702,{},2346,762,"{""name"":""polygon"",""all_points_x"":[739,737,764,774,785,789,776],""all_points_y"":[3410,3418,3435,3443,3454,3452,3438]}",{}
6.png,50331702,{},2346,763,"{""name"":""polygon"",""all_points_x"":[735,734,754,781,791,807,826,838,854,857,843,826,807,780,762,745],""all_points_y"":[3426,3436,3451,3465,3475,3485,3500,3512,3527,3522,3506,3491,3476,3457,3449,3435]}",{}
6.png,50331702,{},2346,764,"{""name"":""polygon"",""all_points_x"":[808,817,822,831,834,837,844,848,850,851,859,856,846,838,831,829,823,820,815,814,809],""all_points_y"":[3311,3351,3377,3407,3419,3437,3456,3465,3473,3483,3482,3469,3441,3408,3380,3369,3351,3335,3313,3304,3304]}",{}
6.png,50331702,{},2346,765,"{""name"":""polygon"",""all_points_x"":[976,970,984,1004,1014,1021,1027,1016],""all_points_y"":[3682,3685,3714,3747,3766,3783,3781,3755]}",{}
6.png,50331702,{},2346,766,"{""name"":""polygon"",""all_points_x"":[791,786,800,811,822,838,847,863,862,843,830,817,806,798],""all_points_y"":[3568,3573,3586,3606,3619,3636,3647,3660,3655,3634,3620,3605,3586,3577]}",{}
6.png,50331702,{},2346,767,"{""name"":""polygon"",""all_points_x"":[810,803,820,830,840,858,875,879,877,866,839],""all_points_y"":[3037,3041,3060,3079,3090,3112,3132,3131,3124,3107,3079]}",{}
6.png,50331702,{},2346,768,"{""name"":""polygon"",""all_points_x"":[912,905,908,919,924,925,933,939,946,952,958,952,938,933,931,929,921],""all_points_y"":[3087,3084,3105,3139,3159,3174,3212,3238,3264,3290,3287,3260,3208,3181,3170,3155,3124]}",{}
6.png,50331702,{},2346,769,"{""name"":""polygon"",""all_points_x"":[828,828,826,824,830,837,838,832,833,833,836,837,833],""all_points_y"":[3102,3120,3144,3161,3182,3190,3179,3163,3148,3138,3118,3107,3098]}",{}
6.png,50331702,{},2346,770,"{""name"":""polygon"",""all_points_x"":[816,812,816,823,833,841,845,848,855,859,865,862,855,852,850,846,841,832,828],""all_points_y"":[3131,3137,3153,3177,3211,3233,3242,3259,3278,3292,3290,3280,3261,3246,3234,3226,3210,3183,3165]}",{}
6.png,50331702,{},2346,771,"{""name"":""polygon"",""all_points_x"":[837,845,848,855,866,878,886,891,887,878,871,864,858,852,845,842],""all_points_y"":[3190,3208,3215,3224,3250,3272,3287,3285,3277,3259,3243,3229,3217,3209,3194,3186]}",{}
6.png,50331702,{},2346,772,"{""name"":""polygon"",""all_points_x"":[856,861,870,876,884,892,894,885,881,876,869,864,860],""all_points_y"":[3175,3188,3201,3206,3219,3231,3225,3212,3207,3200,3193,3183,3175]}",{}
6.png,50331702,{},2346,773,"{""name"":""polygon"",""all_points_x"":[790,792,796,799,805,807,807,811,815,825,828,834,834,829,817,814,814,813,809,801,795],""all_points_y"":[3210,3205,3197,3192,3180,3177,3167,3160,3154,3144,3139,3138,3144,3148,3161,3168,3175,3182,3189,3200,3210]}",{}
6.png,50331702,{},2346,774,"{""name"":""polygon"",""all_points_x"":[754,753,764,782,791,801,809,815,823,828,830,827,817,812,807,803,792,781,777,767,761],""all_points_y"":[3192,3198,3212,3241,3259,3273,3294,3306,3332,3343,3342,3330,3303,3288,3274,3266,3251,3230,3221,3207,3197]}",{}
6.png,50331702,{},2346,775,"{""name"":""polygon"",""all_points_x"":[769,779,784,793,799,805,822,827,812,798,789,782,776],""all_points_y"":[3161,3190,3203,3230,3251,3269,3312,3313,3275,3228,3202,3182,3158]}",{}
6.png,50331702,{},2346,776,"{""name"":""polygon"",""all_points_x"":[978,970,975,978,980,987,989,993,996,998,1003,1000,997,993,987,980,978],""all_points_y"":[3129,3133,3154,3161,3172,3200,3211,3228,3238,3250,3250,3234,3220,3200,3174,3147,3136]}",{}
6.png,50331702,{},2346,777,"{""name"":""polygon"",""all_points_x"":[848,859,863,867,874,886,891,900,905,910,914,909,902,896,891,881,868,863,855,853],""all_points_y"":[3357,3386,3393,3406,3418,3442,3456,3472,3487,3499,3495,3479,3460,3448,3434,3417,3387,3375,3361,3355]}",{}
6.png,50331702,{},2346,778,"{""name"":""polygon"",""all_points_x"":[868,864,870,876,886,895,906,915,919,921,925,923,917,911,896,889,884,874],""all_points_y"":[3363,3365,3373,3377,3388,3394,3403,3413,3419,3427,3424,3415,3408,3400,3389,3383,3376,3370]}",{}
6.png,50331702,{},2346,779,"{""name"":""polygon"",""all_points_x"":[778,796,802,811,820,830,836,842,839,829,815,806,792,776,752,740,738,761],""all_points_y"":[3633,3646,3650,3656,3662,3670,3673,3673,3668,3662,3650,3645,3634,3624,3610,3602,3608,3621]}",{}
6.png,50331702,{},2346,780,"{""name"":""polygon"",""all_points_x"":[1051,1043,1038,1041,1051,1066,1087,1106,1126,1138,1145,1159,1172,1183,1190,1188,1170,1147,1140,1121,1094],""all_points_y"":[3216,3214,3220,3225,3228,3235,3245,3255,3263,3269,3277,3282,3291,3295,3297,3289,3281,3269,3262,3255,3240]}",{}
6.png,50331702,{},2346,781,"{""name"":""polygon"",""all_points_x"":[1036,1031,1031,1037,1062,1094,1114,1138,1155,1163,1175,1183,1186,1173,1170,1141,1089],""all_points_y"":[3134,3137,3143,3148,3175,3206,3226,3249,3265,3275,3290,3303,3299,3280,3273,3243,3192]}",{}
6.png,50331702,{},2346,782,"{""name"":""polygon"",""all_points_x"":[1047,1043,1060,1082,1106,1125,1143,1145,1115,1097,1073,1058],""all_points_y"":[3072,3076,3104,3141,3171,3199,3220,3216,3175,3149,3117,3092]}",{}
6.png,50331702,{},2346,783,"{""name"":""polygon"",""all_points_x"":[1038,1035,1044,1058,1094,1114,1123,1126,1056],""all_points_y"":[3080,3086,3100,3116,3164,3190,3199,3195,3103]}",{}
6.png,50331702,{},2346,784,"{""name"":""polygon"",""all_points_x"":[1046,1042,1051,1062,1078,1091,1095,1106,1112,1117,1124,1126,1116,1110,1103,1089],""all_points_y"":[3116,3117,3131,3144,3165,3180,3186,3196,3199,3211,3220,3217,3199,3192,3185,3172]}",{}
6.png,50331702,{},2346,785,"{""name"":""polygon"",""all_points_x"":[1240,1236,1241,1256,1282,1292,1317,1330,1335,1333,1322,1295],""all_points_y"":[3202,3205,3210,3213,3222,3224,3235,3242,3243,3239,3232,3221]}",{}
6.png,50331702,{},2346,786,"{""name"":""polygon"",""all_points_x"":[1221,1217,1225,1229,1236,1242,1249,1253,1246,1239,1232],""all_points_y"":[3182,3184,3198,3213,3229,3247,3268,3267,3243,3223,3203]}",{}
6.png,50331702,{},2346,787,"{""name"":""polygon"",""all_points_x"":[1203,1205,1206,1208,1210,1211,1215,1213,1211,1211,1210,1207],""all_points_y"":[3211,3228,3232,3249,3272,3279,3280,3252,3240,3225,3220,3209]}",{}
6.png,50331702,{},2346,788,"{""name"":""polyline"",""all_points_x"":[1235,1257,1284,1310],""all_points_y"":[3380,3410,3444,3482]}",{}
6.png,50331702,{},2346,789,"{""name"":""polyline"",""all_points_x"":[1238,1287,1359],""all_points_y"":[3353,3421,3500]}",{}
6.png,50331702,{},2346,790,"{""name"":""polyline"",""all_points_x"":[1247,1306,1363],""all_points_y"":[3382,3446,3517]}",{}
6.png,50331702,{},2346,791,"{""name"":""polyline"",""all_points_x"":[1346,1338,1333,1330,1330],""all_points_y"":[3392,3435,3463,3533,3557]}",{}
6.png,50331702,{},2346,792,"{""name"":""polyline"",""all_points_x"":[1332,1332,1328,1325,1325],""all_points_y"":[3406,3435,3454,3522,3537]}",{}
6.png,50331702,{},2346,793,"{""name"":""polyline"",""all_points_x"":[1117,1118,1120,1119,1116],""all_points_y"":[3480,3494,3523,3569,3592]}",{}
6.png,50331702,{},2346,794,"{""name"":""polyline"",""all_points_x"":[1091,1114,1138],""all_points_y"":[3324,3343,3364]}",{}
6.png,50331702,{},2346,795,"{""name"":""polyline"",""all_points_x"":[1083,1119],""all_points_y"":[3287,3305]}",{}
6.png,50331702,{},2346,796,"{""name"":""polyline"",""all_points_x"":[1196,1209,1210,1225],""all_points_y"":[3445,3479,3489,3534]}",{}
6.png,50331702,{},2346,797,"{""name"":""polyline"",""all_points_x"":[1234,1246,1249,1255],""all_points_y"":[3472,3497,3507,3520]}",{}
6.png,50331702,{},2346,798,"{""name"":""polyline"",""all_points_x"":[1143,1160,1165,1189],""all_points_y"":[3540,3555,3559,3577]}",{}
6.png,50331702,{},2346,799,"{""name"":""polyline"",""all_points_x"":[1145,1157,1163],""all_points_y"":[3545,3560,3573]}",{}
6.png,50331702,{},2346,800,"{""name"":""polyline"",""all_points_x"":[1101,1118,1127,1145],""all_points_y"":[3254,3272,3283,3307]}",{}
6.png,50331702,{},2346,801,"{""name"":""polyline"",""all_points_x"":[1061,1071,1081,1088,1100],""all_points_y"":[3210,3218,3224,3230,3242]}",{}
6.png,50331702,{},2346,802,"{""name"":""polyline"",""all_points_x"":[1232,1245,1260,1268,1278,1297],""all_points_y"":[3273,3284,3300,3304,3313,3329]}",{}
6.png,50331702,{},2346,803,"{""name"":""polyline"",""all_points_x"":[1111,1147,1167,1187],""all_points_y"":[4082,4073,4067,4060]}",{}
6.png,50331702,{},2346,804,"{""name"":""polygon"",""all_points_x"":[980,979,981,985,985,986,989,990,994,994,989,989,986,983],""all_points_y"":[3190,3195,3205,3220,3226,3232,3241,3255,3255,3242,3227,3217,3207,3196]}",{}
6.png,50331702,{},2346,805,"{""name"":""polygon"",""all_points_x"":[975,976,977,976,975,978,981,981,982,983,981,980],""all_points_y"":[3195,3217,3236,3271,3285,3284,3279,3268,3231,3215,3204,3190]}",{}
6.png,50331702,{},2346,806,"{""name"":""polygon"",""all_points_x"":[1127,1122,1128,1144,1156,1171,1173,1162,1145,1134],""all_points_y"":[3270,3273,3280,3303,3321,3340,3337,3320,3297,3278]}",{}
6.png,50331702,{},2346,807,"{""name"":""polygon"",""all_points_x"":[1094,1090,1104,1116,1123,1139,1153,1160,1163,1153,1132,1122,1118,1113,1108,1101],""all_points_y"":[3266,3269,3284,3297,3307,3325,3341,3346,3342,3333,3310,3297,3291,3287,3282,3274]}",{}
6.png,50331702,{},2346,808,"{""name"":""polygon"",""all_points_x"":[1079,1074,1075,1085,1105,1119,1128,1141,1155,1159,1143,1112,1096,1086],""all_points_y"":[3292,3292,3297,3304,3327,3340,3348,3359,3368,3365,3354,3327,3309,3297]}",{}
6.png,50331702,{},2346,809,"{""name"":""polygon"",""all_points_x"":[1077,1073,1084,1101,1110,1116,1121,1132,1145,1148,1142,1127,1121,1113,1099],""all_points_y"":[3259,3264,3277,3303,3315,3322,3329,3340,3353,3350,3343,3327,3319,3309,3290]}",{}
6.png,50331702,{},2346,810,"{""name"":""polygon"",""all_points_x"":[1074,1070,1083,1090,1096,1105,1112,1115,1125,1135,1144,1157,1160,1144,1117,1111,1100,1090,1077],""all_points_y"":[3331,3333,3349,3356,3364,3370,3378,3386,3393,3401,3410,3425,3421,3401,3378,3370,3358,3349,3334]}",{}
6.png,50331702,{},2346,811,"{""name"":""polygon"",""all_points_x"":[1055,1049,1058,1066,1069,1083,1085,1097,1112,1119,1123,1123,1117,1101,1099,1092,1088,1079,1072],""all_points_y"":[3286,3290,3312,3328,3342,3364,3375,3398,3427,3439,3439,3434,3424,3393,3385,3373,3363,3345,3325]}",{}
6.png,50331702,{},2346,812,"{""name"":""polygon"",""all_points_x"":[1136,1158,1173,1191,1197,1193,1172,1159,1140,1133,1131,1133],""all_points_y"":[3513,3534,3550,3570,3577,3578,3559,3544,3523,3517,3516,3512]}",{}
6.png,50331702,{},2346,813,"{""name"":""polygon"",""all_points_x"":[1052,1048,1047,1050,1050,1055,1053,1051,1053],""all_points_y"":[3272,3272,3310,3353,3359,3357,3322,3299,3279]}",{}
6.png,50331702,{},2346,814,"{""name"":""polygon"",""all_points_x"":[1000,996,1007,1032,1050,1068,1084,1089,1095,1097,1076,1057,1045,1033,1016,1008],""all_points_y"":[3310,3313,3327,3350,3370,3393,3412,3419,3423,3417,3394,3370,3357,3344,3327,3317]}",{}
6.png,50331702,{},2346,815,"{""name"":""polygon"",""all_points_x"":[886,886,923,949,974,988,1004,1014,1015,988,968,944],""all_points_y"":[3320,3325,3343,3357,3368,3378,3385,3388,3383,3370,3359,3349]}",{}
6.png,50331702,{},2346,816,"{""name"":""polygon"",""all_points_x"":[1031,1053,1067,1091,1101,1113,1118,1119,1114,1106,1079,1058,1041,1035],""all_points_y"":[3391,3424,3453,3494,3508,3535,3543,3540,3525,3504,3463,3423,3395,3383]}",{}
6.png,50331702,{},2346,817,"{""name"":""polygon"",""all_points_x"":[1032,1035,1038,1041,1039,1041,1047,1047,1047,1043,1042,1041,1038,1037],""all_points_y"":[3409,3425,3449,3458,3469,3478,3478,3461,3454,3441,3430,3424,3415,3408]}",{}
6.png,50331702,{},2346,818,"{""name"":""polygon"",""all_points_x"":[996,1010,1020,1028,1030,1034,1026,1021,1010,1003,1001],""all_points_y"":[3430,3456,3475,3490,3491,3488,3476,3465,3447,3433,3427]}",{}
6.png,50331702,{},2346,819,"{""name"":""polygon"",""all_points_x"":[822,818,834,841,851,862,869,874,872,852,843,831],""all_points_y"":[3582,3586,3598,3603,3614,3625,3629,3631,3624,3609,3599,3589]}",{}
6.png,50331702,{},2346,820,"{""name"":""polygon"",""all_points_x"":[894,891,901,910,914,916,910,903,896],""all_points_y"":[3607,3611,3620,3636,3641,3637,3624,3616,3609]}",{}
6.png,50331702,{},2346,821,"{""name"":""polygon"",""all_points_x"":[853,861,888,909,936,946,970,990,991,952,929,907,882,867,854,851],""all_points_y"":[3657,3663,3677,3687,3703,3708,3722,3734,3727,3705,3692,3679,3666,3658,3651,3654]}",{}
6.png,50331702,{},2346,822,"{""name"":""polygon"",""all_points_x"":[812,822,836,851,876,884,896,901,902,892,882,863,853,842,826,817],""all_points_y"":[3554,3572,3588,3604,3645,3654,3671,3674,3667,3651,3640,3615,3600,3585,3563,3551]}",{}
6.png,50331702,{},2346,823,"{""name"":""polygon"",""all_points_x"":[881,883,869,859,844,836,835,857,865],""all_points_y"":[3631,3628,3611,3596,3583,3579,3585,3603,3615]}",{}
6.png,50331702,{},2346,824,"{""name"":""polygon"",""all_points_x"":[888,907,908,917,922,924,916,914,911,909,902,896,892],""all_points_y"":[3699,3740,3751,3765,3776,3770,3758,3753,3741,3733,3715,3703,3697]}",{}
6.png,50331702,{},2346,825,"{""name"":""polygon"",""all_points_x"":[872,912,925,929,946,959,970,980,978,966,953,935,929,922,904,887,874,871],""all_points_y"":[3822,3858,3868,3876,3888,3900,3905,3906,3901,3898,3887,3873,3868,3860,3842,3826,3815,3817]}",{}
6.png,50331702,{},2346,826,"{""name"":""polygon"",""all_points_x"":[978,992,1006,1023,1028,1038,1043,1051,1053,1048,1043,1027,1014,996,979],""all_points_y"":[3890,3907,3925,3945,3954,3965,3972,3982,3979,3969,3964,3940,3926,3904,3884]}",{}
6.png,50331702,{},2346,827,"{""name"":""polygon"",""all_points_x"":[924,932,942,949,978,984,992,1005,1000,990,980,976,963,957,949,929,920,920],""all_points_y"":[3851,3852,3849,3849,3850,3853,3854,3854,3860,3858,3858,3856,3855,3857,3855,3857,3858,3853]}",{}
6.png,50331702,{},2346,828,"{""name"":""polygon"",""all_points_x"":[896,905,922,940,954,963,970,974,979,987,989,982,972,967,945,940,918,910,899],""all_points_y"":[3850,3861,3878,3896,3911,3919,3929,3935,3939,3946,3943,3935,3924,3915,3894,3889,3868,3860,3846]}",{}
6.png,50331702,{},2346,829,"{""name"":""polygon"",""all_points_x"":[996,1015,1022,1026,1040,1046,1050,1040,1032,1026,1012,1001,997],""all_points_y"":[3968,3998,4009,4014,4039,4047,4042,4028,4012,4003,3984,3969,3965]}",{}
6.png,50331702,{},2346,830,"{""name"":""polygon"",""all_points_x"":[1018,1058,1070,1089,1115,1128,1129,1116,1090,1072,1058,1017],""all_points_y"":[3865,3863,3863,3866,3871,3874,3868,3865,3861,3858,3857,3859]}",{}
6.png,50331702,{},2346,831,"{""name"":""polygon"",""all_points_x"":[1039,1043,1044,1050,1054,1058,1061,1058,1053,1051,1047,1045,1039],""all_points_y"":[3913,3931,3941,3966,3984,3996,3994,3975,3953,3943,3925,3909,3908]}",{}
6.png,50331702,{},2346,832,"{""name"":""polygon"",""all_points_x"":[1035,1037,1037,1039,1041,1043,1046,1043,1044,1043,1043,1042],""all_points_y"":[3832,3850,3866,3879,3901,3905,3905,3878,3867,3852,3836,3830]}",{}
6.png,50331702,{},2346,833,"{""name"":""polygon"",""all_points_x"":[1073,1094,1117,1132,1141,1142,1133,1109,1089,1075,1061,1048,1046,1057,1068],""all_points_y"":[3933,3944,3949,3951,3956,3950,3944,3942,3935,3926,3924,3922,3927,3930,3930]}",{}
6.png,50331702,{},2346,834,"{""name"":""polygon"",""all_points_x"":[1057,1071,1080,1095,1104,1111,1115,1116,1110,1104,1093,1088,1081,1069,1062],""all_points_y"":[3956,3972,3976,3992,3998,4003,4005,4003,3997,3991,3983,3978,3971,3960,3954]}",{}
6.png,50331702,{},2346,835,"{""name"":""polygon"",""all_points_x"":[1021,1018,1030,1044,1055,1079,1104,1121,1134,1135,1110,1093,1060,1032],""all_points_y"":[3538,3542,3554,3566,3576,3598,3620,3635,3647,3641,3619,3602,3571,3544]}",{}
6.png,50331702,{},2346,836,"{""name"":""polygon"",""all_points_x"":[1101,1097,1114,1128,1150,1165,1180,1183,1144,1122,1104],""all_points_y"":[3559,3561,3578,3591,3609,3626,3641,3637,3598,3578,3561]}",{}
6.png,50331702,{},2346,837,"{""name"":""polygon"",""all_points_x"":[1124,1142,1155,1160,1158,1142,1131,1113,1086,1072,1070,1095,1102],""all_points_y"":[3421,3430,3435,3435,3430,3422,3415,3408,3395,3391,3396,3411,3411]}",{}
6.png,50331702,{},2346,838,"{""name"":""polygon"",""all_points_x"":[893,895,902,912,918,928,933,942,949,950,958,948,941,921,910,899],""all_points_y"":[4012,4017,4027,4039,4045,4058,4066,4077,4093,4095,4095,4080,4066,4041,4029,4012]}",{}
6.png,50331702,{},2346,839,"{""name"":""polygon"",""all_points_x"":[1413,1413,1413,1413,1418,1419,1419,1423,1423,1424,1427,1427,1426,1424,1424,1422,1420,1419,1418,1420,1418],""all_points_y"":[3884,3868,3853,3845,3790,3765,3754,3698,3690,3688,3690,3701,3717,3741,3770,3799,3827,3841,3865,3883,3888]}",{}
6.png,50331702,{},2346,840,"{""name"":""polyline"",""all_points_x"":[711,727,730,730,735],""all_points_y"":[3813,3841,3848,3855,3859]}",{}
6.png,50331702,{},2346,841,"{""name"":""polyline"",""all_points_x"":[648,634,630],""all_points_y"":[3759,3798,3813]}",{}
6.png,50331702,{},2346,842,"{""name"":""polyline"",""all_points_x"":[662,660,657],""all_points_y"":[3819,3846,3884]}",{}
6.png,50331702,{},2346,843,"{""name"":""polyline"",""all_points_x"":[701,697,697,693],""all_points_y"":[4092,4053,4048,4026]}",{}
6.png,50331702,{},2346,844,"{""name"":""polyline"",""all_points_x"":[701,746,794],""all_points_y"":[3989,3994,4002]}",{}
6.png,50331702,{},2346,845,"{""name"":""polyline"",""all_points_x"":[822,807,797],""all_points_y"":[4096,4067,4025]}",{}
6.png,50331702,{},2346,846,"{""name"":""polyline"",""all_points_x"":[427,434,461],""all_points_y"":[3857,3863,3880]}",{}
6.png,50331702,{},2346,847,"{""name"":""polyline"",""all_points_x"":[576,559,543],""all_points_y"":[3808,3848,3897]}",{}
6.png,50331702,{},2346,848,"{""name"":""polyline"",""all_points_x"":[562,572,577,582,589],""all_points_y"":[3863,3883,3891,3911,3927]}",{}
6.png,50331702,{},2346,849,"{""name"":""polyline"",""all_points_x"":[214,214,210,210],""all_points_y"":[3886,3903,3920,3933]}",{}
6.png,50331702,{},2346,850,"{""name"":""polyline"",""all_points_x"":[422,435],""all_points_y"":[3652,3689]}",{}
6.png,50331702,{},2346,851,"{""name"":""polyline"",""all_points_x"":[815,826,826,832,838],""all_points_y"":[3746,3775,3794,3822,3858]}",{}
6.png,50331702,{},2346,852,"{""name"":""polyline"",""all_points_x"":[846,869,883,891],""all_points_y"":[3731,3762,3775,3777]}",{}
6.png,50331702,{},2346,853,"{""name"":""polyline"",""all_points_x"":[938,952,958,967],""all_points_y"":[3729,3756,3766,3780]}",{}
6.png,50331702,{},2346,854,"{""name"":""polyline"",""all_points_x"":[939,944,968],""all_points_y"":[3732,3751,3798]}",{}
6.png,50331702,{},2346,855,"{""name"":""polyline"",""all_points_x"":[943,949,958],""all_points_y"":[3762,3773,3790]}",{}
6.png,50331702,{},2346,856,"{""name"":""polyline"",""all_points_x"":[983,1004,1015],""all_points_y"":[3805,3822,3832]}",{}
6.png,50331702,{},2346,857,"{""name"":""polyline"",""all_points_x"":[1010,1020,1027,1041],""all_points_y"":[3822,3816,3815,3808]}",{}
6.png,50331702,{},2346,858,"{""name"":""polyline"",""all_points_x"":[941,964],""all_points_y"":[3514,3541]}",{}
6.png,50331702,{},2346,859,"{""name"":""polyline"",""all_points_x"":[929,952],""all_points_y"":[3546,3566]}",{}
6.png,50331702,{},2346,860,"{""name"":""polyline"",""all_points_x"":[892,907,914,930],""all_points_y"":[3557,3567,3571,3580]}",{}
6.png,50331702,{},2346,861,"{""name"":""polyline"",""all_points_x"":[985,992,996,998],""all_points_y"":[3389,3424,3448,3485]}",{}
6.png,50331702,{},2346,862,"{""name"":""polyline"",""all_points_x"":[993,1000,1002,1006],""all_points_y"":[3408,3443,3461,3485]}",{}
6.png,50331702,{},2346,863,"{""name"":""polyline"",""all_points_x"":[1011,1019,1025],""all_points_y"":[3349,3388,3426]}",{}
6.png,50331702,{},2346,864,"{""name"":""polyline"",""all_points_x"":[1020,1032,1037],""all_points_y"":[3341,3360,3373]}",{}
6.png,50331702,{},2346,865,"{""name"":""polyline"",""all_points_x"":[1032,1035,1037,1041,1043],""all_points_y"":[3277,3297,3313,3342,3349]}",{}
6.png,50331702,{},2346,866,"{""name"":""polyline"",""all_points_x"":[1030,1035,1038],""all_points_y"":[3306,3316,3343]}",{}
6.png,50331702,{},2346,867,"{""name"":""polyline"",""all_points_x"":[1033,1066,1094,1115],""all_points_y"":[3578,3601,3624,3645]}",{}
6.png,50331702,{},2346,868,"{""name"":""polyline"",""all_points_x"":[1030,1051,1058,1099],""all_points_y"":[3572,3587,3594,3629]}",{}
6.png,50331702,{},2346,869,"{""name"":""polyline"",""all_points_x"":[1079,1098,1121,1147],""all_points_y"":[3549,3565,3586,3613]}",{}
6.png,50331702,{},2346,870,"{""name"":""polyline"",""all_points_x"":[1083,1092,1103,1106,1123],""all_points_y"":[3534,3553,3572,3580,3610]}",{}
6.png,50331702,{},2346,871,"{""name"":""polyline"",""all_points_x"":[975,977,983],""all_points_y"":[3487,3499,3529]}",{}
6.png,50331702,{},2346,872,"{""name"":""polyline"",""all_points_x"":[970,979,981,987,988],""all_points_y"":[3435,3464,3474,3497,3529]}",{}
6.png,50331702,{},2346,873,"{""name"":""polyline"",""all_points_x"":[932,947,952,968,976],""all_points_y"":[3376,3393,3396,3417,3436]}",{}
6.png,50331702,{},2346,874,"{""name"":""polyline"",""all_points_x"":[974,971,970,961,952],""all_points_y"":[3402,3417,3428,3449,3463]}",{}
6.png,50331702,{},2346,875,"{""name"":""polyline"",""all_points_x"":[958,939,923,920,914,912,912],""all_points_y"":[3403,3418,3434,3437,3437,3444,3454]}",{}
6.png,50331702,{},2346,876,"{""name"":""polyline"",""all_points_x"":[1007,1005,1000],""all_points_y"":[3491,3524,3566]}",{}
6.png,50331702,{},2346,877,"{""name"":""polyline"",""all_points_x"":[824,849,860,896],""all_points_y"":[3891,3906,3916,3940]}",{}
6.png,50331702,{},2346,878,"{""name"":""polyline"",""all_points_x"":[892,912],""all_points_y"":[3855,3898]}",{}
6.png,50331702,{},2346,879,"{""name"":""polyline"",""all_points_x"":[986,1035,1039,1056],""all_points_y"":[3904,3887,3889,3882]}",{}
6.png,50331702,{},2346,880,"{""name"":""polyline"",""all_points_x"":[814,827,834,855,874],""all_points_y"":[3891,3909,3915,3936,3953]}",{}
6.png,50331702,{},2346,881,"{""name"":""polyline"",""all_points_x"":[870,869,863],""all_points_y"":[3989,3958,3940]}",{}
6.png,50331702,{},2346,882,"{""name"":""polyline"",""all_points_x"":[858,878,899,916,924,937],""all_points_y"":[3906,3950,3977,3997,4001,4013]}",{}
6.png,50331702,{},2346,883,"{""name"":""polyline"",""all_points_x"":[993,1007,1015,1018,1028,1034],""all_points_y"":[3974,4001,4008,4015,4036,4042]}",{}
6.png,50331702,{},2346,884,"{""name"":""polyline"",""all_points_x"":[964,971,978,995,1010],""all_points_y"":[4045,4058,4066,4077,4083]}",{}
6.png,50331702,{},2346,885,"{""name"":""polyline"",""all_points_x"":[980,975,975,973],""all_points_y"":[4080,4049,4028,4021]}",{}
6.png,50331702,{},2346,886,"{""name"":""polyline"",""all_points_x"":[1106,1112,1119,1130,1135,1152,1160],""all_points_y"":[3747,3760,3762,3772,3777,3788,3795]}",{}
6.png,50331702,{},2346,887,"{""name"":""polyline"",""all_points_x"":[1169,1194,1218,1236,1249,1260,1283],""all_points_y"":[3791,3784,3781,3781,3785,3785,3794]}",{}
6.png,50331702,{},2346,888,"{""name"":""polyline"",""all_points_x"":[1127,1138,1148,1152,1161],""all_points_y"":[3671,3683,3692,3703,3715]}",{}
6.png,50331702,{},2346,889,"{""name"":""polyline"",""all_points_x"":[1195,1224,1238,1247,1272,1285,1301],""all_points_y"":[3676,3680,3684,3689,3698,3697,3699]}",{}
6.png,50331702,{},2346,890,"{""name"":""polyline"",""all_points_x"":[1202,1224,1239,1253,1265],""all_points_y"":[3719,3721,3731,3738,3740]}",{}
6.png,50331702,{},2346,891,"{""name"":""polyline"",""all_points_x"":[1167,1172,1179],""all_points_y"":[3673,3690,3704]}",{}
6.png,50331702,{},2346,892,"{""name"":""polyline"",""all_points_x"":[959,978,1001,1029,1055],""all_points_y"":[3636,3643,3647,3657,3670]}",{}
6.png,50331702,{},2346,893,"{""name"":""polyline"",""all_points_x"":[1067,1066,1068,1083],""all_points_y"":[3614,3632,3639,3692]}",{}
6.png,50331702,{},2346,894,"{""name"":""polyline"",""all_points_x"":[1201,1210,1238],""all_points_y"":[3293,3292,3311]}",{}
6.png,50331702,{},2346,895,"{""name"":""polyline"",""all_points_x"":[1187,1218,1227,1247,1276],""all_points_y"":[3415,3439,3444,3471,3502]}",{}
6.png,50331702,{},2346,896,"{""name"":""polyline"",""all_points_x"":[1145,1149,1162,1167,1189,1203,1219,1227],""all_points_y"":[3381,3389,3398,3406,3424,3435,3447,3457]}",{}
6.png,50331702,{},2346,897,"{""name"":""polyline"",""all_points_x"":[1225,1207,1182],""all_points_y"":[3546,3516,3486]}",{}
6.png,50331702,{},2346,898,"{""name"":""polyline"",""all_points_x"":[1241,1303,1340,1353],""all_points_y"":[4069,4069,4073,4078]}",{}
6.png,50331702,{},2346,899,"{""name"":""polyline"",""all_points_x"":[1071,1081],""all_points_y"":[3693,3720]}",{}
6.png,50331702,{},2346,900,"{""name"":""polyline"",""all_points_x"":[1086,1087,1092],""all_points_y"":[3623,3633,3644]}",{}
6.png,50331702,{},2346,901,"{""name"":""polyline"",""all_points_x"":[1094,1104,1110],""all_points_y"":[3650,3658,3666]}",{}
6.png,50331702,{},2346,902,"{""name"":""polyline"",""all_points_x"":[744,751,751,754,759],""all_points_y"":[3685,3711,3722,3732,3744]}",{}
6.png,50331702,{},2346,903,"{""name"":""polygon"",""all_points_x"":[1077,1086,1100,1116,1129,1169,1194,1193,1172,1143,1117,1095,1082],""all_points_y"":[3726,3731,3741,3748,3753,3765,3773,3766,3761,3753,3744,3732,3723]}",{}
6.png,50331702,{},2346,904,"{""name"":""polygon"",""all_points_x"":[1151,1150,1153,1157,1163,1170,1174,1173,1164,1157],""all_points_y"":[3762,3767,3770,3770,3777,3786,3787,3783,3771,3764]}",{}
6.png,50331702,{},2346,905,"{""name"":""polygon"",""all_points_x"":[1030,1032,1031,1033,1038,1036,1038,1035,1034],""all_points_y"":[3707,3736,3759,3776,3774,3759,3739,3717,3707]}",{}
6.png,50331702,{},2346,906,"{""name"":""polygon"",""all_points_x"":[1235,1282,1303,1309,1309,1297,1267,1234],""all_points_y"":[3915,3907,3902,3901,3894,3898,3904,3909]}",{}
6.png,50331702,{},2346,907,"{""name"":""polygon"",""all_points_x"":[1368,1371,1373,1379,1381,1386,1379,1379,1378,1376,1374,1372,1367],""all_points_y"":[3492,3538,3576,3632,3654,3653,3585,3574,3551,3522,3496,3488,3488]}",{}
6.png,50331702,{},2346,908,"{""name"":""polygon"",""all_points_x"":[1352,1347,1351,1355,1359,1363,1360],""all_points_y"":[3540,3541,3555,3574,3597,3594,3575]}",{}
6.png,50331702,{},2346,909,"{""name"":""polygon"",""all_points_x"":[1287,1309,1315,1319,1320,1313,1300,1291,1288],""all_points_y"":[4029,4046,4053,4053,4050,4044,4035,4027,4027]}",{}
6.png,50331702,{},2346,910,"{""name"":""polygon"",""all_points_x"":[1690,1690,1683,1669,1668,1662,1654,1658,1662,1674,1679],""all_points_y"":[1199,1191,1192,1202,1207,1215,1226,1232,1229,1213,1206]}",{}
6.png,50331702,{},2346,911,"{""name"":""polygon"",""all_points_x"":[1653,1660,1664,1665,1663,1663,1664,1663,1663,1662,1661,1661,1654,1656,1655,1654],""all_points_y"":[2954,2950,2958,2970,2980,3011,3028,3041,3059,3079,3087,3095,3093,3068,3023,2996]}",{}
6.png,50331702,{},2346,912,"{""name"":""polygon"",""all_points_x"":[1697,1704,1711,1718,1725,1738,1748,1756,1771,1773,1787,1796,1786,1777,1760,1741,1734,1717,1705],""all_points_y"":[2911,2907,2916,2930,2944,2968,2988,3012,3035,3044,3070,3089,3092,3068,3033,2993,2977,2947,2923]}",{}
6.png,50331702,{},2346,913,"{""name"":""polygon"",""all_points_x"":[1705,1710,1711,1713,1718,1719,1726,1724,1720,1717,1713,1710],""all_points_y"":[2976,2955,2950,2942,2919,2916,2918,2927,2946,2955,2965,2978]}",{}
6.png,50331702,{},2346,914,"{""name"":""polygon"",""all_points_x"":[1843,1834,1839,1840,1838,1840,1839,1839,1838,1836,1836,1837,1836,1843,1847,1847,1846,1848,1848,1849,1848,1850,1849,1847,1848],""all_points_y"":[2897,2897,2911,2930,2949,2964,2982,3001,3025,3038,3044,3059,3081,3081,3069,3061,3031,3008,2985,2968,2943,2929,2918,2903,2897]}",{}
6.png,50331702,{},2346,915,"{""name"":""polygon"",""all_points_x"":[1850,1859,1858,1855,1854,1851,1850,1849,1847,1839,1844,1847],""all_points_y"":[2948,2952,2964,2978,3007,3027,3041,3056,3076,3068,3036,3000]}",{}
6.png,50331702,{},2346,916,"{""name"":""polygon"",""all_points_x"":[1767,1764,1760,1757,1756,1753,1750,1747,1750,1755,1757,1759,1761,1765,1766,1771,1773,1776,1779,1782,1780,1771],""all_points_y"":[2919,2938,2953,2972,2984,3001,3030,3047,3052,3050,3027,3012,2992,2978,2956,2944,2938,2924,2919,2917,2911,2909]}",{}
6.png,50331702,{},2346,917,"{""name"":""polygon"",""all_points_x"":[1520,1530,1547,1549,1568,1576,1594,1601,1615,1619,1608,1599,1589,1575,1568,1550,1537,1529],""all_points_y"":[2929,2948,2973,2977,3004,3018,3046,3060,3083,3079,3063,3045,3030,3005,2995,2966,2945,2926]}",{}
6.png,50331702,{},2346,918,"{""name"":""polygon"",""all_points_x"":[1486,1494,1500,1510,1522,1531,1535,1543,1546,1549,1557,1552,1547,1543,1539,1530,1521,1507],""all_points_y"":[2921,2917,2930,2951,2970,2986,2998,3011,3021,3028,3046,3047,3037,3028,3018,3000,2987,2957]}",{}
6.png,50331702,{},2346,919,"{""name"":""polygon"",""all_points_x"":[1745,1739,1737,1737,1733,1728,1737,1740,1743,1744,1748,1751,1751],""all_points_y"":[2795,2809,2822,2833,2857,2882,2880,2863,2844,2831,2815,2803,2793]}",{}
6.png,50331702,{},2346,920,"{""name"":""polygon"",""all_points_x"":[1709,1698,1705,1716,1729,1750,1757,1766,1775,1777,1770,1759,1745,1732],""all_points_y"":[2799,2800,2807,2816,2825,2834,2837,2844,2856,2847,2840,2831,2823,2819]}",{}
6.png,50331702,{},2346,921,"{""name"":""polygon"",""all_points_x"":[1743,1736,1729,1724,1721,1717,1711,1711,1718,1721,1728,1728,1735,1738,1743,1748,1752,1749],""all_points_y"":[2719,2750,2775,2788,2793,2804,2830,2837,2837,2824,2800,2792,2780,2770,2753,2735,2727,2721]}",{}
6.png,50331702,{},2346,922,"{""name"":""polygon"",""all_points_x"":[1796,1796,1796,1798,1810,1805,1804,1803,1803,1804,1801,1801,1797,1793,1790,1790,1791,1797,1803,1795,1792,1788,1782,1782,1789,1792,1794,1796],""all_points_y"":[2631,2618,2595,2589,2594,2611,2629,2642,2656,2682,2703,2716,2745,2757,2763,2773,2795,2814,2844,2843,2820,2805,2787,2761,2747,2713,2694,2663]}",{}
6.png,50331702,{},2346,923,"{""name"":""polygon"",""all_points_x"":[1437,1446,1458,1460,1463,1465,1454,1446,1440,1437],""all_points_y"":[2880,2879,2889,2896,2893,2886,2879,2874,2873,2873]}",{}
6.png,50331702,{},2346,924,"{""name"":""polygon"",""all_points_x"":[1499,1501,1502,1506,1508,1511,1514,1519,1523,1530,1538,1539,1531,1528,1527,1522,1517,1515,1510,1509,1505,1502],""all_points_y"":[2966,2977,2988,3012,3017,3025,3038,3046,3056,3068,3076,3074,3059,3053,3047,3042,3030,3019,3000,2986,2967,2962]}",{}
6.png,50331702,{},2346,925,"{""name"":""polygon"",""all_points_x"":[1928,1924,1924,1943,1967,1990,2016,2040,2047,2050,2053,2039,2015,1996,1976,1947],""all_points_y"":[2981,2983,2990,3013,3033,3053,3071,3088,3094,3098,3091,3081,3063,3050,3033,3006]}",{}
6.png,50331702,{},2346,926,"{""name"":""polygon"",""all_points_x"":[1507,1511,1514,1518,1530,1535,1539,1546,1550,1561,1564,1567,1563,1557,1550,1545,1536,1525,1515,1508],""all_points_y"":[2966,2979,2987,2993,3019,3025,3037,3056,3064,3082,3091,3086,3078,3068,3049,3032,3015,2993,2977,2960]}",{}
6.png,50331702,{},2346,927,"{""name"":""polygon"",""all_points_x"":[1913,1907,1905,1902,1897,1896,1891,1887,1886,1880,1875,1881,1885,1882,1887,1888,1892,1896,1900,1900,1905,1908,1911,1913,1913],""all_points_y"":[2633,2633,2656,2670,2685,2700,2745,2764,2778,2808,2823,2836,2828,2824,2811,2803,2784,2762,2745,2729,2698,2683,2665,2656,2647]}",{}
6.png,50331702,{},2346,928,"{""name"":""polygon"",""all_points_x"":[1859,1852,1853,1854,1853,1855,1854,1854,1852,1860,1860,1860,1861,1861,1861,1861],""all_points_y"":[2680,2682,2697,2712,2725,2744,2771,2791,2807,2807,2762,2748,2734,2715,2698,2685]}",{}
6.png,50331702,{},2346,929,"{""name"":""polygon"",""all_points_x"":[1891,1887,1882,1882,1879,1872,1870,1875,1883,1888,1889],""all_points_y"":[2588,2588,2599,2608,2619,2637,2641,2641,2619,2611,2603]}",{}
6.png,50331702,{},2346,930,"{""name"":""polygon"",""all_points_x"":[1849,1860,1870,1882,1892,1909,1916,1917,1902,1890,1872,1855],""all_points_y"":[2854,2868,2878,2895,2908,2928,2936,2931,2911,2895,2872,2850]}",{}
6.png,50331702,{},2346,931,"{""name"":""polygon"",""all_points_x"":[1925,1924,1923,1922,1919,1919,1916,1922,1924,1926,1928,1929,1931,1932,1930],""all_points_y"":[2678,2709,2726,2748,2783,2816,2833,2834,2816,2771,2757,2733,2712,2698,2675]}",{}
6.png,50331702,{},2346,932,"{""name"":""polygon"",""all_points_x"":[1892,1895,1898,1904,1906,1906,1906,1906,1911,1911,1911,1910,1904,1902,1893,1887],""all_points_y"":[2797,2804,2814,2823,2838,2843,2848,2859,2858,2842,2837,2824,2810,2802,2785,2786]}",{}
6.png,50331702,{},2346,933,"{""name"":""polygon"",""all_points_x"":[1874,1871,1871,1865,1861,1865,1869,1873,1877,1878,1877,1880,1881,1875],""all_points_y"":[2804,2794,2783,2768,2757,2754,2759,2771,2779,2788,2794,2803,2809,2810]}",{}
6.png,50331702,{},2346,934,"{""name"":""polygon"",""all_points_x"":[2016,2013,2010,2004,1993,1991,1984,1982,1982,1990,1990,1993,1997,2002,2008,2012,2015,2017,2019,2022,2022],""all_points_y"":[2766,2779,2794,2818,2876,2899,2946,2957,2966,2966,2950,2932,2905,2873,2846,2822,2804,2798,2789,2774,2765]}",{}
6.png,50331702,{},2346,935,"{""name"":""polygon"",""all_points_x"":[1964,1959,1963,1964,1970,1971,1976,1978,1975,1972,1970],""all_points_y"":[2909,2909,2926,2936,2966,2978,2979,2974,2956,2941,2925]}",{}
6.png,50331702,{},2346,936,"{""name"":""polygon"",""all_points_x"":[1560,1564,1575,1588,1589,1583,1575,1566,1561],""all_points_y"":[3027,3024,3041,3056,3060,3063,3050,3038,3031]}",{}
6.png,50331702,{},2346,937,"{""name"":""polygon"",""all_points_x"":[1547,1557,1563,1567,1571,1576,1567,1564,1561,1554,1549],""all_points_y"":[3021,3034,3047,3053,3060,3058,3044,3036,3027,3018,3013]}",{}
6.png,50331702,{},2346,938,"{""name"":""polygon"",""all_points_x"":[1832,1827,1827,1826,1826,1825,1820,1817,1823,1827,1831,1834,1832,1833,1834,1834,1833],""all_points_y"":[3164,3165,3182,3201,3225,3241,3279,3296,3299,3270,3251,3243,3228,3204,3194,3175,3170]}",{}
6.png,50331702,{},2346,939,"{""name"":""polygon"",""all_points_x"":[1869,1881,1886,1892,1904,1911,1914,1921,1918,1909,1900,1895,1887,1879,1874],""all_points_y"":[3222,3250,3265,3279,3317,3337,3352,3352,3335,3308,3280,3263,3241,3224,3218]}",{}
6.png,50331702,{},2346,940,"{""name"":""polygon"",""all_points_x"":[1879,1881,1885,1889,1892,1897,1892,1889,1888,1887,1885,1886,1881],""all_points_y"":[3253,3291,3327,3359,3373,3371,3339,3313,3295,3279,3261,3250,3246]}",{}
6.png,50331702,{},2346,941,"{""name"":""polygon"",""all_points_x"":[1583,1589,1596,1600,1603,1610,1618,1625,1628,1634,1624,1614,1610,1606,1604,1594,1592],""all_points_y"":[3167,3182,3193,3204,3219,3235,3248,3259,3259,3259,3247,3225,3212,3198,3193,3177,3165]}",{}
6.png,50331702,{},2346,942,"{""name"":""polygon"",""all_points_x"":[1779,1784,1788,1790,1790,1791,1785,1786,1782,1780],""all_points_y"":[3134,3131,3160,3193,3222,3226,3226,3215,3176,3140]}",{}
6.png,50331702,{},2346,943,"{""name"":""polygon"",""all_points_x"":[1788,1797,1801,1802,1805,1808,1806,1805,1803,1800,1798,1796,1793],""all_points_y"":[3133,3178,3202,3209,3216,3216,3204,3192,3182,3167,3154,3139,3130]}",{}
6.png,50331702,{},2346,944,"{""name"":""polygon"",""all_points_x"":[1767,1764,1763,1759,1755,1753,1749,1747,1753,1757,1760,1761,1765,1768,1774,1770],""all_points_y"":[3171,3195,3203,3223,3238,3247,3265,3271,3272,3251,3244,3233,3217,3203,3176,3173]}",{}
6.png,50331702,{},2346,945,"{""name"":""polygon"",""all_points_x"":[1724,1734,1740,1750,1755,1762,1767,1772,1774,1767,1760,1755,1748,1743,1731,1728,1724],""all_points_y"":[3144,3167,3175,3194,3202,3211,3220,3222,3219,3211,3196,3190,3175,3167,3145,3138,3138]}",{}
6.png,50331702,{},2346,946,"{""name"":""polygon"",""all_points_x"":[1754,1746,1744,1746,1744,1750,1754,1751,1752,1750,1750,1752,1756],""all_points_y"":[3058,3073,3080,3110,3121,3156,3154,3121,3112,3088,3077,3072,3066]}",{}
6.png,50331702,{},2346,947,"{""name"":""polygon"",""all_points_x"":[1735,1731,1728,1725,1721,1716,1717,1720,1723],""all_points_y"":[3107,3103,3117,3133,3158,3186,3209,3207,3178]}",{}
6.png,50331702,{},2346,948,"{""name"":""polygon"",""all_points_x"":[1694,1688,1688,1687,1685,1685,1689,1692,1693,1694,1694],""all_points_y"":[3193,3196,3218,3242,3262,3273,3274,3273,3250,3239,3228]}",{}
6.png,50331702,{},2346,949,"{""name"":""polygon"",""all_points_x"":[1708,1706,1703,1700,1698,1694,1690,1679,1687,1697,1703,1707,1710,1713,1713,1715,1716,1715,1708],""all_points_y"":[3153,3183,3212,3229,3244,3262,3272,3288,3289,3275,3260,3227,3202,3171,3160,3153,3133,3129,3131]}",{}
6.png,50331702,{},2346,950,"{""name"":""polygon"",""all_points_x"":[1593,1607,1613,1618,1623,1628,1634,1633,1625,1621,1614,1611,1607,1604,1599],""all_points_y"":[3102,3146,3170,3182,3192,3196,3197,3190,3182,3173,3155,3141,3130,3118,3102]}",{}
6.png,50331702,{},2346,951,"{""name"":""polygon"",""all_points_x"":[1623,1637,1645,1659,1668,1671,1664,1657,1649,1642,1633,1624],""all_points_y"":[3064,3080,3096,3112,3125,3119,3109,3101,3090,3078,3066,3058]}",{}
6.png,50331702,{},2346,952,"{""name"":""polygon"",""all_points_x"":[1638,1660,1666,1667,1663,1652,1647,1642],""all_points_y"":[3120,3146,3152,3147,3142,3130,3123,3119]}",{}
6.png,50331702,{},2346,953,"{""name"":""polygon"",""all_points_x"":[1650,1646,1638,1635,1638,1641,1643,1650,1652,1654],""all_points_y"":[3125,3145,3152,3171,3174,3165,3154,3149,3142,3128]}",{}
6.png,50331702,{},2346,954,"{""name"":""polygon"",""all_points_x"":[1629,1631,1635,1637,1638,1644,1641,1636,1636,1635],""all_points_y"":[3295,3306,3351,3382,3393,3392,3363,3320,3304,3292]}",{}
6.png,50331702,{},2346,955,"{""name"":""polygon"",""all_points_x"":[1470,1477,1483,1486,1495,1500,1507,1492,1482,1478,1475],""all_points_y"":[3199,3228,3254,3271,3293,3302,3295,3268,3226,3212,3197]}",{}
6.png,50331702,{},2346,956,"{""name"":""polygon"",""all_points_x"":[1967,1962,1964,1964,1964,1965,1967,1965,1965,1972,1974,1973,1973,1971,1969,1971,1970,1971,1971],""all_points_y"":[2545,2545,2581,2590,2605,2633,2645,2662,2676,2672,2666,2652,2645,2629,2607,2578,2567,2555,2548]}",{}
6.png,50331702,{},2346,957,"{""name"":""polygon"",""all_points_x"":[2029,2024,2015,2000,1990,1979,1985,1996,2004,2010,2016,2024,2028],""all_points_y"":[2557,2558,2586,2634,2670,2702,2702,2670,2642,2629,2608,2574,2563]}",{}
6.png,50331702,{},2346,958,"{""name"":""polygon"",""all_points_x"":[2014,2021,2024,2026,2031,2031,2026,2021,2018,2012,2006,2003,1998,2000,2012],""all_points_y"":[2627,2583,2566,2562,2564,2576,2589,2619,2643,2666,2688,2696,2694,2686,2636]}",{}
6.png,50331702,{},2346,959,"{""name"":""polygon"",""all_points_x"":[1978,1997,2020,2031,2033,2024,1996,1989,1981],""all_points_y"":[2585,2610,2638,2651,2644,2635,2600,2590,2579]}",{}
6.png,50331702,{},2346,960,"{""name"":""polygon"",""all_points_x"":[1979,1995,2005,2023,2038,2037,2018,1991,1980,1976],""all_points_y"":[2650,2657,2662,2672,2683,2676,2663,2649,2646,2648]}",{}
6.png,50331702,{},2346,961,"{""name"":""polygon"",""all_points_x"":[2086,2133,2152,2181,2205,2213,2218,2205,2193,2180,2135,2117,2091,2079,2077],""all_points_y"":[2671,2709,2725,2749,2771,2780,2775,2761,2750,2739,2702,2685,2665,2656,2664]}",{}
6.png,50331702,{},2346,962,"{""name"":""polygon"",""all_points_x"":[2093,2087,2073,2070,2060,2048,2047,2052,2067,2081,2091,2094],""all_points_y"":[2288,2290,2319,2331,2352,2383,2389,2390,2354,2319,2299,2293]}",{}
6.png,50331702,{},2346,963,"{""name"":""polygon"",""all_points_x"":[2033,2026,2023,2018,2010,2018,2025,2027,2029,2035,2039],""all_points_y"":[2413,2434,2444,2473,2520,2520,2479,2466,2444,2428,2417]}",{}
6.png,50331702,{},2346,964,"{""name"":""polygon"",""all_points_x"":[2029,2039,2048,2055,2056,2056,2056,2064,2062,2062,2058,2051,2044,2034],""all_points_y"":[2610,2594,2570,2546,2534,2515,2507,2508,2528,2544,2557,2581,2601,2611]}",{}
6.png,50331702,{},2346,965,"{""name"":""polygon"",""all_points_x"":[2179,2196,2223,2241,2245,2250,2224,2204,2190,2171,2170],""all_points_y"":[2439,2466,2498,2521,2526,2522,2491,2461,2439,2423,2434]}",{}
6.png,50331702,{},2346,966,"{""name"":""polygon"",""all_points_x"":[2385,2377,2399,2414,2425,2439,2444,2449,2447,2436,2432,2424,2409],""all_points_y"":[2563,2570,2612,2644,2662,2694,2707,2706,2699,2672,2661,2648,2616]}",{}
6.png,50331702,{},2346,967,"{""name"":""polygon"",""all_points_x"":[2328,2350,2360,2366,2371,2381,2396,2407,2411,2411,2399,2389,2377,2372,2368,2353,2344,2331],""all_points_y"":[2513,2534,2550,2555,2565,2572,2593,2604,2607,2600,2588,2572,2561,2555,2549,2530,2520,2508]}",{}
6.png,50331702,{},2346,968,"{""name"":""polygon"",""all_points_x"":[2205,2213,2223,2236,2254,2269,2290,2295,2297,2302,2306,2303,2301,2282,2275,2264,2236,2215,2207,2200,2202],""all_points_y"":[2574,2583,2593,2605,2621,2633,2656,2662,2665,2676,2675,2666,2658,2638,2629,2620,2598,2573,2565,2562,2570]}",{}
6.png,50331702,{},2346,969,"{""name"":""polygon"",""all_points_x"":[2212,2204,2207,2215,2222,2227,2237,2245,2246,2245,2251,2255,2261,2267,2268,2260,2250,2252],""all_points_y"":[2519,2523,2533,2553,2573,2597,2628,2649,2655,2662,2688,2702,2728,2744,2733,2697,2664,2651]}",{}
6.png,50331702,{},2346,970,"{""name"":""polygon"",""all_points_x"":[2087,2095,2104,2122,2134,2152,2163,2176,2162,2153,2132,2116,2106],""all_points_y"":[2551,2547,2563,2594,2617,2652,2672,2695,2687,2666,2627,2599,2578]}",{}
6.png,50331702,{},2346,971,"{""name"":""polygon"",""all_points_x"":[2216,2197,2193,2187,2194,2202,2211,2220,2226,2231,2224],""all_points_y"":[2600,2647,2657,2682,2682,2649,2631,2610,2597,2588,2582]}",{}
6.png,50331702,{},2346,972,"{""name"":""polygon"",""all_points_x"":[2108,2103,2100,2097,2094,2098,2104,2108,2110],""all_points_y"":[2624,2623,2649,2664,2681,2681,2657,2636,2626]}",{}
6.png,50331702,{},2346,973,"{""name"":""polygon"",""all_points_x"":[2030,2035,2041,2040,2043,2052,2052,2061,2065,2067,2067,2074,2072,2074,2075,2073,2069,2060,2057,2049,2045,2041,2037,2034,2029],""all_points_y"":[2649,2661,2678,2686,2691,2728,2736,2756,2776,2791,2807,2811,2794,2788,2779,2764,2753,2733,2719,2689,2671,2658,2643,2640,2641]}",{}
6.png,50331702,{},2346,974,"{""name"":""polygon"",""all_points_x"":[2148,2149,2150,2151,2152,2150,2151,2156,2156,2161,2158,2155,2159,2157,2158,2157,2162,2156],""all_points_y"":[2766,2800,2827,2851,2878,2890,2907,2931,2937,2937,2911,2894,2878,2847,2808,2779,2773,2765]}",{}
6.png,50331702,{},2346,975,"{""name"":""polygon"",""all_points_x"":[2039,2040,2044,2047,2047,2050,2052,2051,2056,2059,2056,2057,2054,2052,2048,2045,2043],""all_points_y"":[2714,2729,2741,2755,2764,2780,2795,2802,2822,2815,2800,2791,2776,2755,2738,2724,2714]}",{}
6.png,50331702,{},2346,976,"{""name"":""polygon"",""all_points_x"":[2085,2106,2125,2144,2150,2158,2164,2174,2185,2203,2206,2195,2179,2170,2163,2159,2155,2132,2107,2086,2077,2069],""all_points_y"":[2808,2831,2851,2871,2878,2894,2903,2912,2924,2941,2939,2925,2911,2902,2894,2887,2876,2850,2821,2800,2790,2793]}",{}
6.png,50331702,{},2346,977,"{""name"":""polygon"",""all_points_x"":[1941,1941,1941,1942,1941,1945,1950,1946,1946,1946,1946,1946,1944],""all_points_y"":[2688,2712,2726,2757,2767,2778,2776,2764,2735,2712,2702,2689,2684]}",{}
6.png,50331702,{},2346,978,"{""name"":""polygon"",""all_points_x"":[2080,2084,2087,2088,2088,2090,2094,2094,2100,2105,2110,2102,2101,2099,2099,2095,2095,2095,2091,2086],""all_points_y"":[2850,2870,2875,2882,2890,2912,2934,2945,2958,2961,2958,2950,2941,2928,2918,2893,2881,2873,2862,2850]}",{}
6.png,50331702,{},2346,979,"{""name"":""polygon"",""all_points_x"":[2110,2117,2123,2128,2132,2136,2139,2139,2144,2144,2152,2147,2145,2146,2143,2136,2133,2131,2129,2126,2123,2115],""all_points_y"":[2868,2876,2900,2924,2947,2961,2969,2978,2987,2995,2995,2978,2977,2969,2959,2929,2911,2903,2887,2875,2864,2865]}",{}
6.png,50331702,{},2346,980,"{""name"":""polygon"",""all_points_x"":[2177,2175,2173,2169,2168,2163,2164,2159,2157,2148,2154,2162,2163,2166,2170,2170,2172,2175,2177,2180,2183,2182,2184,2185],""all_points_y"":[2872,2899,2922,2957,2973,3009,3030,3036,3062,3085,3087,3065,3057,3038,3029,3014,3000,2970,2956,2928,2907,2900,2880,2872]}",{}
6.png,50331702,{},2346,981,"{""name"":""polygon"",""all_points_x"":[2162,2164,2167,2166,2173,2173,2171,2169,2168,2165,2163,2158,2161],""all_points_y"":[2908,2887,2872,2862,2863,2871,2884,2895,2915,2931,2944,2942,2916]}",{}
6.png,50331702,{},2346,982,"{""name"":""polygon"",""all_points_x"":[1945,1955,1960,1983,2020,2031,2034,2038,2042,2058,2061,2058,2042,2037,2012,1974,1963,1949],""all_points_y"":[2965,2977,2980,3001,3033,3044,3048,3050,3050,3062,3061,3056,3046,3044,3021,2987,2976,2962]}",{}
6.png,50331702,{},2346,983,"{""name"":""polygon"",""all_points_x"":[2061,2071,2077,2087,2096,2100,2105,2101,2086,2077,2076,2072,2066,2062,2060],""all_points_y"":[3025,3060,3077,3106,3126,3137,3134,3124,3090,3062,3057,3044,3020,3019,3022]}",{}
6.png,50331702,{},2346,984,"{""name"":""polygon"",""all_points_x"":[2033,2036,2047,2048,2055,2057,2052,2047,2042],""all_points_y"":[2997,3001,2989,2985,2979,2973,2972,2977,2986]}",{}
6.png,50331702,{},2346,985,"{""name"":""polygon"",""all_points_x"":[2051,2053,2057,2058,2062,2070,2075,2078,2081,2087,2084,2079,2071,2066,2063,2060,2057,2056,2050],""all_points_y"":[3035,3023,3014,3004,2995,2978,2968,2962,2957,2958,2966,2972,2990,3002,3007,3019,3035,3045,3043]}",{}
6.png,50331702,{},2346,986,"{""name"":""polygon"",""all_points_x"":[1452,1462,1469,1473,1477,1481,1485,1493,1487,1482,1477,1471,1464,1460],""all_points_y"":[3431,3453,3468,3479,3492,3499,3511,3510,3495,3487,3475,3455,3439,3426]}",{}
6.png,50331702,{},2346,987,"{""name"":""polygon"",""all_points_x"":[1491,1503,1509,1511,1517,1525,1529,1519,1515,1515,1505,1500,1494,1489],""all_points_y"":[3522,3547,3563,3569,3581,3592,3590,3573,3565,3558,3539,3525,3514,3515]}",{}
6.png,50331702,{},2346,988,"{""name"":""polygon"",""all_points_x"":[1583,1576,1580,1594,1608,1628,1633,1644,1654,1660,1674,1681,1685,1670,1659,1646,1638,1634,1630,1623],""all_points_y"":[3515,3521,3528,3545,3566,3593,3601,3617,3628,3637,3656,3664,3661,3643,3624,3609,3597,3588,3583,3575]}",{}
6.png,50331702,{},2346,989,"{""name"":""polygon"",""all_points_x"":[1551,1557,1563,1567,1574,1572,1566,1560,1557],""all_points_y"":[3339,3355,3363,3373,3371,3365,3356,3348,3337]}",{}
6.png,50331702,{},2346,990,"{""name"":""polygon"",""all_points_x"":[1549,1523,1518,1514,1529,1538,1547,1553,1570,1576],""all_points_y"":[3494,3447,3437,3442,3470,3487,3502,3517,3554,3552]}",{}
6.png,50331702,{},2346,991,"{""name"":""polygon"",""all_points_x"":[1504,1517,1526,1530,1532,1533,1538,1536,1538,1531,1528,1521,1512,1508,1500],""all_points_y"":[3423,3464,3485,3502,3506,3523,3523,3510,3504,3486,3474,3458,3429,3414,3415]}",{}
6.png,50331702,{},2346,992,"{""name"":""polygon"",""all_points_x"":[1506,1525,1546,1561,1561,1541,1527,1508],""all_points_y"":[3497,3514,3530,3543,3537,3522,3507,3492]}",{}
6.png,50331702,{},2346,993,"{""name"":""polygon"",""all_points_x"":[1515,1517,1522,1526,1531,1528,1526,1523,1521,1515],""all_points_y"":[3488,3498,3521,3541,3539,3519,3504,3495,3482,3482]}",{}
6.png,50331702,{},2346,994,"{""name"":""polygon"",""all_points_x"":[1618,1655,1682,1685,1698,1720,1729,1743,1743,1732,1713,1693,1689,1686,1636,1628,1626],""all_points_y"":[3501,3536,3562,3571,3581,3602,3616,3623,3620,3610,3586,3569,3565,3558,3510,3502,3496]}",{}
6.png,50331702,{},2346,995,"{""name"":""polygon"",""all_points_x"":[1593,1604,1607,1619,1638,1647,1662,1678,1679,1670,1637,1612,1607,1599,1595],""all_points_y"":[3524,3535,3540,3555,3578,3589,3604,3627,3621,3606,3571,3540,3532,3522,3520]}",{}
6.png,50331702,{},2346,996,"{""name"":""polygon"",""all_points_x"":[1644,1638,1645,1663,1683,1687,1696,1723,1734,1736,1737,1727,1713,1695,1688],""all_points_y"":[3555,3556,3563,3580,3597,3604,3610,3630,3636,3639,3634,3627,3618,3604,3595]}",{}
6.png,50331702,{},2346,997,"{""name"":""polygon"",""all_points_x"":[1556,1584,1600,1620,1629,1648,1653,1633,1608,1584,1559],""all_points_y"":[3614,3630,3640,3656,3661,3678,3670,3659,3639,3623,3608]}",{}
6.png,50331702,{},2346,998,"{""name"":""polygon"",""all_points_x"":[1560,1587,1603,1609,1624,1628,1603,1593,1578,1566],""all_points_y"":[3582,3608,3625,3631,3647,3645,3618,3606,3593,3579]}",{}
6.png,50331702,{},2346,999,"{""name"":""polygon"",""all_points_x"":[1616,1619,1625,1632,1635,1635,1638,1641,1643,1637,1633,1624,1625],""all_points_y"":[3660,3668,3662,3653,3648,3643,3638,3630,3624,3623,3635,3650,3652]}",{}
6.png,50331702,{},2346,1000,"{""name"":""polygon"",""all_points_x"":[1518,1533,1536,1552,1562,1572,1581,1593,1597,1583,1579,1562,1556,1546,1537,1529,1519,1515],""all_points_y"":[3665,3677,3681,3701,3715,3727,3741,3757,3751,3735,3726,3708,3696,3684,3673,3665,3658,3662]}",{}
6.png,50331702,{},2346,1001,"{""name"":""polygon"",""all_points_x"":[1476,1489,1493,1495,1510,1512,1499,1495,1490,1480],""all_points_y"":[3644,3632,3626,3624,3606,3610,3628,3632,3641,3648]}",{}
6.png,50331702,{},2346,1002,"{""name"":""polygon"",""all_points_x"":[1513,1515,1514,1515,1521,1519,1520,1519,1519,1515],""all_points_y"":[3627,3641,3660,3684,3684,3665,3654,3643,3629,3625]}",{}
6.png,50331702,{},2346,1003,"{""name"":""polygon"",""all_points_x"":[1537,1542,1546,1561,1574,1582,1593,1598,1602,1604,1589,1581,1578,1564,1545,1538],""all_points_y"":[3814,3823,3826,3846,3859,3873,3885,3892,3893,3890,3873,3862,3855,3841,3817,3806]}",{}
6.png,50331702,{},2346,1004,"{""name"":""polygon"",""all_points_x"":[1668,1702,1705,1722,1732,1748,1751,1746,1708,1696,1676,1670],""all_points_y"":[3738,3787,3792,3814,3824,3846,3846,3834,3784,3768,3740,3734]}",{}
6.png,50331702,{},2346,1005,"{""name"":""polygon"",""all_points_x"":[1594,1616,1632,1652,1668,1679,1682,1678,1674,1653,1642,1621,1599],""all_points_y"":[3845,3864,3878,3898,3912,3927,3923,3917,3911,3892,3883,3860,3844]}",{}
6.png,50331702,{},2346,1006,"{""name"":""polygon"",""all_points_x"":[1865,1861,1864,1866,1867,1869,1868,1869,1875,1873,1875,1873,1873,1872,1871,1871,1871,1873],""all_points_y"":[3716,3722,3728,3769,3785,3800,3827,3845,3845,3822,3814,3797,3779,3760,3746,3734,3724,3718]}",{}
6.png,50331702,{},2346,1007,"{""name"":""polygon"",""all_points_x"":[1766,1801,1820,1842,1856,1881,1881,1858,1849,1831,1818,1797,1785,1771],""all_points_y"":[3768,3791,3804,3819,3829,3840,3835,3822,3815,3803,3795,3780,3771,3763]}",{}
6.png,50331702,{},2346,1008,"{""name"":""polygon"",""all_points_x"":[1866,1885,1893,1897,1923,1942,1949,1953,1932,1897,1883,1871],""all_points_y"":[3795,3816,3825,3829,3859,3883,3890,3886,3861,3820,3803,3791]}",{}
6.png,50331702,{},2346,1009,"{""name"":""polygon"",""all_points_x"":[1546,1568,1589,1601,1617,1631,1629,1612,1573,1553],""all_points_y"":[3394,3411,3426,3433,3444,3455,3449,3434,3410,3392]}",{}
6.png,50331702,{},2346,1010,"{""name"":""polygon"",""all_points_x"":[1719,1728,1734,1739,1741,1743,1749,1746,1741,1736,1734,1730,1723],""all_points_y"":[3726,3755,3775,3795,3805,3822,3821,3803,3777,3764,3751,3739,3721]}",{}
6.png,50331702,{},2346,1011,"{""name"":""polygon"",""all_points_x"":[1776,1789,1792,1819,1841,1855,1863,1876,1877,1865,1860,1847,1813,1789,1779],""all_points_y"":[3617,3631,3632,3659,3680,3690,3700,3705,3701,3694,3686,3677,3645,3623,3611]}",{}
6.png,50331702,{},2346,1012,"{""name"":""polygon"",""all_points_x"":[1876,1871,1878,1896,1935,1943,1952,1968,1984,1995,1995,1978,1963,1955,1929,1890,1881],""all_points_y"":[3541,3546,3549,3554,3563,3564,3565,3571,3571,3573,3568,3565,3562,3559,3556,3547,3544]}",{}
6.png,50331702,{},2346,1013,"{""name"":""polygon"",""all_points_x"":[1868,1888,1896,1901,1912,1919,1938,1950,1954,1933,1920,1910,1903,1896,1891,1882,1870],""all_points_y"":[3876,3889,3893,3894,3905,3908,3924,3932,3927,3913,3902,3896,3888,3886,3883,3879,3869]}",{}
6.png,50331702,{},2346,1014,"{""name"":""polygon"",""all_points_x"":[1901,1909,1929,1957,1965,1979,1997,1995,1979,1970,1934,1913,1904],""all_points_y"":[3747,3761,3784,3817,3828,3836,3846,3840,3829,3822,3782,3756,3744]}",{}
6.png,50331702,{},2346,1015,"{""name"":""polygon"",""all_points_x"":[1953,1965,1971,1992,1995,2000,1999,1999,1990,1981,1974,1963,1955],""all_points_y"":[3410,3425,3429,3460,3472,3475,3463,3458,3442,3431,3421,3412,3404]}",{}
6.png,50331702,{},2346,1016,"{""name"":""polygon"",""all_points_x"":[1988,2011,2051,2066,2075,2080,2076,2063,2036,2017,2008,1990],""all_points_y"":[3494,3516,3557,3574,3579,3583,3573,3560,3534,3512,3503,3488]}",{}
6.png,50331702,{},2346,1017,"{""name"":""polygon"",""all_points_x"":[1793,1826,1849,1858,1861,1858,1835,1815,1805,1793,1789],""all_points_y"":[3622,3649,3669,3678,3677,3669,3652,3634,3626,3614,3618]}",{}
6.png,50331702,{},2346,1018,"{""name"":""polygon"",""all_points_x"":[1786,1816,1829,1847,1856,1859,1825,1796,1785],""all_points_y"":[3944,3958,3966,3977,3981,3976,3958,3942,3938]}",{}
6.png,50331702,{},2346,1019,"{""name"":""polygon"",""all_points_x"":[1733,1752,1767,1777,1782,1772,1746,1737,1731],""all_points_y"":[3874,3905,3927,3942,3940,3925,3886,3872,3866]}",{}
6.png,50331702,{},2346,1020,"{""name"":""polygon"",""all_points_x"":[1689,1723,1732,1739,1743,1741,1725,1707,1699,1695],""all_points_y"":[4020,4064,4072,4081,4082,4076,4055,4032,4021,4017]}",{}
6.png,50331702,{},2346,1021,"{""name"":""polygon"",""all_points_x"":[1873,1881,1892,1900,1916,1923,1929,1930,1917,1901,1893,1879,1874],""all_points_y"":[4053,4060,4066,4075,4089,4094,4095,4094,4082,4068,4059,4050,4047]}",{}
6.png,50331702,{},2346,1022,"{""name"":""polygon"",""all_points_x"":[1714,1724,1741,1751,1755,1759,1750,1730,1715,1712],""all_points_y"":[4079,4082,4088,4094,4095,4093,4088,4078,4073,4076]}",{}
6.png,50331702,{},2346,1023,"{""name"":""polygon"",""all_points_x"":[1595,1608,1613,1622,1651,1659,1664,1664,1646,1628,1617,1598],""all_points_y"":[3941,3952,3954,3961,3988,3995,3996,3992,3977,3960,3951,3937]}",{}
6.png,50331702,{},2346,1024,"{""name"":""polygon"",""all_points_x"":[1748,1760,1766,1769,1776,1783,1786,1792,1799,1815,1818,1821,1807,1793,1782,1771,1763,1755],""all_points_y"":[3780,3801,3810,3816,3829,3840,3847,3855,3867,3890,3891,3891,3869,3846,3825,3807,3792,3780]}",{}
6.png,50331702,{},2346,1025,"{""name"":""polygon"",""all_points_x"":[1913,1930,1939,1952,1957,1963,1948,1937,1915],""all_points_y"":[4065,4077,4084,4093,4095,4095,4083,4075,4058]}",{}
6.png,50331702,{},2346,1026,"{""name"":""polygon"",""all_points_x"":[1607,1615,1621,1624,1624,1629,1628,1621,1614],""all_points_y"":[3818,3849,3866,3889,3897,3897,3867,3842,3815]}",{}
6.png,50331702,{},2346,1027,"{""name"":""polygon"",""all_points_x"":[1620,1634,1642,1647,1644,1636,1631,1625],""all_points_y"":[3816,3859,3878,3878,3869,3845,3828,3815]}",{}
6.png,50331702,{},2346,1028,"{""name"":""polygon"",""all_points_x"":[1645,1657,1660,1670,1674,1666,1663,1663,1653],""all_points_y"":[3813,3850,3863,3886,3886,3862,3854,3849,3813]}",{}
6.png,50331702,{},2346,1029,"{""name"":""polygon"",""all_points_x"":[1642,1643,1645,1652,1654,1659,1650,1647,1649],""all_points_y"":[3694,3721,3742,3765,3769,3767,3734,3705,3695]}",{}
6.png,50331702,{},2346,1030,"{""name"":""polygon"",""all_points_x"":[1906,1926,1961,1969,1981,1983,1970,1950,1914,1907,1902,1903],""all_points_y"":[4005,4021,4054,4062,4068,4065,4055,4037,4003,4000,4000,4003]}",{}
6.png,50331702,{},2346,1031,"{""name"":""polygon"",""all_points_x"":[1851,1872,1886,1898,1909,1916,1920,1922,1910,1898,1888,1877,1857,1850,1849],""all_points_y"":[3627,3647,3660,3675,3687,3694,3696,3692,3681,3666,3656,3644,3627,3622,3626]}",{}
6.png,50331702,{},2346,1032,"{""name"":""polygon"",""all_points_x"":[1815,1820,1838,1857,1865,1877,1878,1875,1854,1831,1816],""all_points_y"":[3691,3694,3702,3709,3710,3716,3715,3710,3703,3694,3687]}",{}
6.png,50331702,{},2346,1033,"{""name"":""polygon"",""all_points_x"":[1816,1819,1824,1837,1853,1862,1875,1872,1844,1829,1820],""all_points_y"":[3676,3674,3677,3687,3696,3702,3711,3714,3697,3689,3681]}",{}
6.png,50331702,{},2346,1034,"{""name"":""polygon"",""all_points_x"":[1813,1817,1822,1830,1834,1840,1843,1834,1822,1818],""all_points_y"":[3549,3560,3576,3593,3604,3613,3608,3586,3553,3545]}",{}
6.png,50331702,{},2346,1035,"{""name"":""polygon"",""all_points_x"":[1762,1769,1770,1777,1777,1775,1773,1770,1768,1766,1763],""all_points_y"":[3591,3561,3551,3551,3556,3563,3574,3582,3595,3598,3595]}",{}
6.png,50331702,{},2346,1036,"{""name"":""polygon"",""all_points_x"":[1803,1819,1825,1834,1848,1855,1865,1878,1885,1900,1902,1882,1859,1833,1811,1805],""all_points_y"":[3489,3496,3500,3503,3511,3516,3519,3523,3526,3532,3529,3517,3510,3496,3485,3482]}",{}
6.png,50331702,{},2346,1037,"{""name"":""polygon"",""all_points_x"":[2539,2540,2542,2541,2542,2548,2550,2551,2549,2548,2549,2547,2542],""all_points_y"":[3623,3689,3753,3782,3799,3799,3769,3756,3686,3644,3630,3619,3619]}",{}
6.png,50331702,{},2346,1038,"{""name"":""polygon"",""all_points_x"":[2581,2585,2588,2612,2618,2623,2626,2610,2602,2596,2588,2583],""all_points_y"":[3790,3798,3804,3871,3884,3891,3888,3844,3822,3803,3784,3787]}",{}
6.png,50331702,{},2346,1039,"{""name"":""polygon"",""all_points_x"":[2422,2457,2466,2494,2508,2518,2525,2531,2519,2490,2474,2445,2436,2428,2422],""all_points_y"":[3769,3802,3809,3834,3846,3854,3863,3862,3847,3822,3808,3780,3771,3765,3764]}",{}
6.png,50331702,{},2346,1040,"{""name"":""polygon"",""all_points_x"":[2433,2462,2486,2506,2527,2528,2491,2457,2435],""all_points_y"":[3706,3734,3759,3783,3807,3799,3756,3720,3698]}",{}
6.png,50331702,{},2346,1041,"{""name"":""polygon"",""all_points_x"":[2507,2510,2520,2523,2528,2529,2520,2514,2512,2509],""all_points_y"":[3683,3716,3766,3789,3789,3765,3725,3689,3681,3680]}",{}
6.png,50331702,{},2346,1042,"{""name"":""polygon"",""all_points_x"":[2535,2575,2604,2615,2618,2623,2621,2588,2562,2541,2531,2530],""all_points_y"":[3555,3587,3610,3623,3630,3630,3621,3589,3567,3549,3546,3554]}",{}
6.png,50331702,{},2346,1043,"{""name"":""polygon"",""all_points_x"":[2576,2588,2592,2616,2640,2643,2616,2601,2587,2581],""all_points_y"":[3614,3669,3678,3752,3794,3789,3734,3685,3638,3613]}",{}
6.png,50331702,{},2346,1044,"{""name"":""polygon"",""all_points_x"":[2598,2665,2697,2703,2725,2729,2731,2708,2672,2619,2599,2597],""all_points_y"":[3657,3700,3722,3725,3743,3744,3741,3722,3698,3662,3650,3653]}",{}
6.png,50331702,{},2346,1045,"{""name"":""polygon"",""all_points_x"":[2292,2333,2340,2346,2361,2384,2386,2362,2358,2348,2318,2299,2294],""all_points_y"":[3696,3729,3736,3742,3755,3775,3769,3748,3746,3734,3708,3690,3689]}",{}
6.png,50331702,{},2346,1046,"{""name"":""polygon"",""all_points_x"":[2424,2417,2445,2469,2485,2502,2516,2516,2511,2483,2446,2427],""all_points_y"":[3750,3756,3774,3794,3803,3816,3820,3817,3812,3794,3767,3756]}",{}
6.png,50331702,{},2346,1047,"{""name"":""polygon"",""all_points_x"":[2354,2375,2400,2420,2426,2434,2440,2423,2371,2359],""all_points_y"":[3784,3812,3845,3872,3875,3889,3883,3863,3795,3777]}",{}
6.png,50331702,{},2346,1048,"{""name"":""polygon"",""all_points_x"":[2237,2271,2290,2314,2319,2317,2295,2264,2242,2238],""all_points_y"":[3671,3711,3731,3762,3766,3760,3729,3694,3667,3664]}",{}
6.png,50331702,{},2346,1049,"{""name"":""polygon"",""all_points_x"":[2140,2160,2182,2189,2198,2207,2215,2235,2246,2254,2257,2261,2246,2210,2199,2184,2155,2145],""all_points_y"":[3645,3659,3672,3677,3685,3690,3695,3708,3715,3719,3725,3719,3708,3686,3676,3666,3647,3641]}",{}
6.png,50331702,{},2346,1050,"{""name"":""polygon"",""all_points_x"":[2072,2083,2095,2112,2136,2142,2142,2125,2077,2067,2060,2063],""all_points_y"":[3671,3670,3671,3672,3673,3673,3666,3666,3664,3663,3661,3671]}",{}
6.png,50331702,{},2346,1051,"{""name"":""polygon"",""all_points_x"":[2100,2124,2144,2164,2168,2162,2137,2113,2104],""all_points_y"":[3625,3647,3663,3682,3679,3675,3651,3628,3620]}",{}
6.png,50331702,{},2346,1052,"{""name"":""polygon"",""all_points_x"":[2146,2142,2171,2182,2210,2216,2218,2197,2169,2149],""all_points_y"":[3464,3468,3502,3515,3547,3549,3544,3523,3490,3467]}",{}
6.png,50331702,{},2346,1053,"{""name"":""polygon"",""all_points_x"":[2301,2306,2331,2366,2403,2422,2422,2389,2318,2306],""all_points_y"":[3882,3888,3907,3934,3958,3971,3966,3943,3887,3878]}",{}
6.png,50331702,{},2346,1054,"{""name"":""polygon"",""all_points_x"":[2131,2160,2166,2180,2185,2176,2160,2143,2139,2135,2132],""all_points_y"":[3941,4003,4009,4043,4039,4011,3982,3947,3939,3937,3937]}",{}
6.png,50331702,{},2346,1055,"{""name"":""polygon"",""all_points_x"":[2488,2527,2544,2581,2606,2608,2589,2530,2519,2492],""all_points_y"":[3976,4000,4008,4035,4054,4047,4034,3993,3986,3971]}",{}
6.png,50331702,{},2346,1056,"{""name"":""polygon"",""all_points_x"":[2551,2535,2527,2525,2521,2526,2533,2547,2558,2552],""all_points_y"":[3924,3966,3989,4004,4028,4027,3988,3952,3924,3920]}",{}
6.png,50331702,{},2346,1057,"{""name"":""polygon"",""all_points_x"":[2442,2486,2517,2533,2534,2512,2488,2462,2448],""all_points_y"":[4025,4054,4071,4080,4074,4061,4048,4030,4022]}",{}
6.png,50331702,{},2346,1058,"{""name"":""polygon"",""all_points_x"":[2432,2460,2474,2496,2504,2484,2452,2439,2433],""all_points_y"":[4037,4061,4073,4095,4095,4074,4041,4031,4031]}",{}
6.png,50331702,{},2346,1059,"{""name"":""polygon"",""all_points_x"":[2353,2375,2429,2467,2471,2459,2416,2358,2351],""all_points_y"":[3956,3968,3998,4019,4019,4010,3984,3950,3950]}",{}
6.png,50331702,{},2346,1060,"{""name"":""polygon"",""all_points_x"":[2255,2284,2301,2335,2380,2383,2319,2297,2266,2258],""all_points_y"":[3492,3523,3545,3586,3637,3628,3556,3529,3493,3487]}",{}
6.png,50331702,{},2346,1061,"{""name"":""polygon"",""all_points_x"":[2274,2290,2300,2307,2319,2339,2347,2341,2321,2313,2290,2283,2276],""all_points_y"":[3474,3494,3504,3507,3524,3545,3545,3539,3516,3507,3485,3472,3470]}",{}
6.png,50331702,{},2346,1062,"{""name"":""polygon"",""all_points_x"":[2275,2292,2293,2299,2301,2293,2280,2273,2267],""all_points_y"":[3680,3623,3610,3609,3619,3642,3682,3707,3707]}",{}
6.png,50331702,{},2346,1063,"{""name"":""polygon"",""all_points_x"":[2181,2220,2249,2271,2274,2233,2201,2187],""all_points_y"":[3356,3416,3462,3491,3485,3425,3372,3351]}",{}
6.png,50331702,{},2346,1064,"{""name"":""polygon"",""all_points_x"":[2099,2098,2124,2146,2168,2201,2219,2220,2139],""all_points_y"":[3400,3408,3417,3425,3433,3446,3454,3446,3417]}",{}
6.png,50331702,{},2346,1065,"{""name"":""polygon"",""all_points_x"":[2372,2418,2450,2478,2501,2517,2521,2502,2464,2406,2362,2360],""all_points_y"":[3366,3393,3411,3427,3438,3452,3450,3432,3413,3379,3355,3359]}",{}
6.png,50331702,{},2346,1066,"{""name"":""polygon"",""all_points_x"":[2389,2390,2387,2384,2384,2375,2375,2377,2384,2387,2391,2395,2397,2394],""all_points_y"":[3288,3314,3333,3348,3360,3410,3415,3417,3393,3378,3347,3324,3311,3288]}",{}
6.png,50331702,{},2346,1067,"{""name"":""polygon"",""all_points_x"":[2460,2484,2522,2538,2561,2576,2577,2515,2477,2464],""all_points_y"":[3521,3554,3607,3628,3654,3672,3663,3585,3536,3516]}",{}
6.png,50331702,{},2346,1068,"{""name"":""polygon"",""all_points_x"":[2378,2389,2407,2413,2421,2424,2416,2410,2402,2393,2383],""all_points_y"":[3513,3543,3578,3598,3611,3607,3590,3573,3554,3533,3512]}",{}
6.png,50331702,{},2346,1069,"{""name"":""polygon"",""all_points_x"":[1998,1996,1991,1988,1994,1998,1999,2003],""all_points_y"":[3671,3678,3715,3743,3743,3700,3688,3674]}",{}
6.png,50331702,{},2346,1070,"{""name"":""polygon"",""all_points_x"":[1923,1926,1933,1941,1947,1937,1932,1924,1922,1920,1915,1920],""all_points_y"":[3794,3809,3819,3866,3867,3815,3806,3768,3758,3754,3757,3782]}",{}
6.png,50331702,{},2346,1071,"{""name"":""polygon"",""all_points_x"":[1978,1991,2035,2036,2051,2054,2041,2027,1998,1985,1976],""all_points_y"":[3688,3699,3736,3740,3753,3749,3738,3722,3697,3688,3681]}",{}
6.png,50331702,{},2346,1072,"{""name"":""polygon"",""all_points_x"":[2020,2055,2067,2093,2103,2110,2115,2104,2086,2063,2031,2006,2005],""all_points_y"":[3697,3721,3729,3743,3753,3760,3757,3746,3733,3720,3699,3683,3688]}",{}
6.png,50331702,{},2346,1073,"{""name"":""polygon"",""all_points_x"":[2042,2057,2059,2071,2086,2089,2103,2112,2119,2130,2135,2121,2113,2091,2089,2071,2064,2050],""all_points_y"":[3773,3798,3801,3812,3835,3842,3855,3869,3881,3893,3887,3873,3859,3835,3826,3800,3795,3773]}",{}
6.png,50331702,{},2346,1074,"{""name"":""polygon"",""all_points_x"":[2089,2090,2131,2155,2158,2158,2117,2094],""all_points_y"":[3779,3784,3807,3822,3823,3816,3791,3778]}",{}
6.png,50331702,{},2346,1075,"{""name"":""polygon"",""all_points_x"":[2045,2053,2057,2058,2065,2063,2062,2052,2047],""all_points_y"":[3981,4027,4048,4088,4090,4050,4044,3980,3977]}",{}
6.png,50331702,{},2346,1076,"{""name"":""polygon"",""all_points_x"":[2068,2120,2168,2185,2175,2118,2072,2067],""all_points_y"":[3899,3927,3962,3969,3959,3921,3895,3896]}",{}
6.png,50331702,{},2346,1077,"{""name"":""polygon"",""all_points_x"":[2064,2093,2131,2149,2150,2117,2080,2068],""all_points_y"":[3995,4022,4054,4067,4059,4037,4003,3989]}",{}
6.png,50331702,{},2346,1078,"{""name"":""polygon"",""all_points_x"":[1910,1916,1917,1921,1921,1913,1912],""all_points_y"":[3274,3273,3294,3334,3361,3360,3309]}",{}
6.png,50331702,{},2346,1079,"{""name"":""polygon"",""all_points_x"":[1939,1964,1972,1981,2004,2007,1979,1975,1946,1941],""all_points_y"":[3351,3388,3396,3413,3443,3437,3401,3390,3348,3347]}",{}
6.png,50331702,{},2346,1080,"{""name"":""polygon"",""all_points_x"":[1927,1961,2002,2023,2027,1995,1968,1929],""all_points_y"":[3313,3345,3380,3395,3391,3369,3342,3304]}",{}
6.png,50331702,{},2346,1081,"{""name"":""polygon"",""all_points_x"":[2031,2078,2101,2127,2127,2081,2057,2037],""all_points_y"":[3334,3374,3395,3418,3412,3372,3347,3329]}",{}
6.png,50331702,{},2346,1082,"{""name"":""polygon"",""all_points_x"":[1705,1700,1703,1708,1708,1711,1713,1709],""all_points_y"":[3506,3459,3449,3450,3467,3512,3535,3535]}",{}
6.png,50331702,{},2346,1083,"{""name"":""polygon"",""all_points_x"":[1701,1705,1707,1709,1719,1729,1734,1730,1724,1715],""all_points_y"":[3510,3507,3508,3517,3560,3601,3632,3635,3610,3565]}",{}
6.png,50331702,{},2346,1084,"{""name"":""polygon"",""all_points_x"":[2031,2027,2028,2033,2033,2039,2040,2036],""all_points_y"":[4014,3990,3968,3972,3989,4038,4057,4060]}",{}
6.png,50331702,{},2346,1085,"{""name"":""polygon"",""all_points_x"":[2021,2034,2073,2086,2102,2136,2136,2093,2076,2053,2028,2021],""all_points_y"":[3666,3669,3677,3679,3682,3688,3684,3677,3672,3668,3661,3660]}",{}
6.png,50331702,{},2346,1086,"{""name"":""polygon"",""all_points_x"":[2105,2107,2111,2118,2121,2134,2153,2177,2127,2120],""all_points_y"":[3200,3196,3197,3206,3211,3227,3253,3288,3223,3216]}",{}
6.png,50331702,{},2346,1087,"{""name"":""polygon"",""all_points_x"":[2124,2131,2134,2162,2175,2183,2188,2176,2159,2145,2127,2124],""all_points_y"":[3499,3499,3508,3559,3582,3592,3601,3591,3566,3541,3507,3502]}",{}
6.png,50331702,{},2346,1088,"{""name"":""polygon"",""all_points_x"":[2449,2458,2458,2469,2497,2503,2497,2484,2459,2452],""all_points_y"":[3032,3030,3035,3062,3112,3128,3128,3101,3057,3040]}",{}
6.png,50331702,{},2346,1089,"{""name"":""polygon"",""all_points_x"":[2780,2832,2855,2878,2883,2858,2799,2786],""all_points_y"":[3093,3149,3172,3202,3198,3166,3105,3087]}",{}
6.png,50331702,{},2346,1090,"{""name"":""polygon"",""all_points_x"":[2797,2831,2848,2855,2856,2838,2806,2801,2797],""all_points_y"":[3233,3270,3289,3295,3289,3268,3232,3226,3226]}",{}
6.png,50331702,{},2346,1091,"{""name"":""polygon"",""all_points_x"":[2713,2717,2713,2704,2702,2700,2707,2712,2721,2725,2720,2714],""all_points_y"":[3050,3070,3106,3156,3182,3198,3198,3158,3090,3065,3045,3042]}",{}
6.png,50331702,{},2346,1092,"{""name"":""polygon"",""all_points_x"":[2568,2606,2635,2637,2622,2600,2574],""all_points_y"":[2986,3028,3061,3060,3038,3013,2981]}",{}
6.png,50331702,{},2346,1093,"{""name"":""polygon"",""all_points_x"":[2516,2517,2497,2487,2494,2504,2518,2524,2520],""all_points_y"":[2569,2579,2655,2695,2695,2652,2604,2576,2566]}",{}
6.png,50331702,{},2346,1094,"{""name"":""polygon"",""all_points_x"":[2277,2285,2291,2302,2302,2313,2318,2336,2339,2338,2320,2309,2309,2263,2259,2266],""all_points_y"":[3978,3995,4003,4018,4032,4045,4051,4058,4058,4053,4046,4029,4015,3945,3950,3961]}",{}
6.png,50331702,{},2346,1095,"{""name"":""polygon"",""all_points_x"":[2202,2259,2316,2327,2328,2232,2203],""all_points_y"":[3951,3970,3988,3990,3983,3957,3943]}",{}
6.png,50331702,{},2346,1096,"{""name"":""polygon"",""all_points_x"":[2486,2486,2485,2481,2486,2481,2477,2481,2491,2493,2489,2493,2496,2488],""all_points_y"":[3149,3163,3181,3203,3212,3234,3279,3279,3221,3217,3196,3149,3140,3138]}",{}
6.png,50331702,{},2346,1097,"{""name"":""polygon"",""all_points_x"":[2414,2446,2463,2468,2471,2454,2425,2418],""all_points_y"":[3110,3148,3170,3177,3173,3148,3116,3109]}",{}
6.png,50331702,{},2346,1098,"{""name"":""polygon"",""all_points_x"":[2422,2436,2445,2446,2450,2440,2440,2429,2429,2424],""all_points_y"":[2860,2938,2970,2975,2972,2926,2919,2860,2856,2854]}",{}
6.png,50331702,{},2346,1099,"{""name"":""polygon"",""all_points_x"":[2461,2460,2450,2454,2466,2468,2467,2463],""all_points_y"":[2920,2939,3000,3001,2936,2922,2916,2916]}",{}
6.png,50331702,{},2346,1100,"{""name"":""polygon"",""all_points_x"":[2280,2299,2336,2342,2346,2363,2363,2350,2347,2340,2297,2282,2277],""all_points_y"":[2979,3010,3064,3070,3088,3113,3103,3084,3068,3061,2993,2970,2972]}",{}
6.png,50331702,{},2346,1101,"{""name"":""polygon"",""all_points_x"":[2592,2611,2616,2628,2629,2629,2613,2588,2576,2571],""all_points_y"":[3202,3228,3241,3255,3252,3249,3222,3182,3161,3173]}",{}
6.png,50331702,{},2346,1102,"{""name"":""polygon"",""all_points_x"":[2806,2819,2821,2833,2841,2826,2826,2813,2808],""all_points_y"":[3657,3719,3732,3793,3793,3732,3718,3653,3653]}",{}
6.png,50331702,{},2346,1103,"{""name"":""polygon"",""all_points_x"":[2938,2919,2912,2901,2892,2887,2882,2867,2851,2859,2874,2910,2919,2935,2942,2944,2942],""all_points_y"":[3521,3565,3587,3619,3641,3655,3669,3700,3716,3730,3702,3621,3596,3550,3532,3521,3519]}",{}
6.png,50331702,{},2346,1104,"{""name"":""polygon"",""all_points_x"":[3144,3125,3095,3075,3055,3062,3110,3140,3153,3146],""all_points_y"":[3255,3282,3323,3352,3379,3383,3315,3277,3258,3254]}",{}
6.png,50331702,{},2346,1105,"{""name"":""polygon"",""all_points_x"":[3016,3055,3076,3128,3148,3155,3141,3101,3064,3058,3023],""all_points_y"":[3478,3435,3412,3347,3322,3324,3342,3394,3435,3447,3483]}",{}
6.png,50331702,{},2346,1106,"{""name"":""polygon"",""all_points_x"":[2703,2742,2754,2748,2728,2705,2701],""all_points_y"":[3060,3042,3041,3047,3057,3069,3062]}",{}
6.png,50331702,{},2346,1107,"{""name"":""polygon"",""all_points_x"":[2660,2678,2694,2708,2713,2694,2683,2668,2660],""all_points_y"":[3017,3042,3064,3080,3080,3053,3037,3017,3013]}",{}
6.png,50331702,{},2346,1108,"{""name"":""polygon"",""all_points_x"":[2682,2673,2663,2655,2643,2636,2639,2643,2653,2684,2689],""all_points_y"":[3052,3083,3124,3151,3187,3229,3231,3229,3182,3073,3056]}",{}
6.png,50331702,{},2346,1109,"{""name"":""polygon"",""all_points_x"":[2452,2462,2477,2483,2468,2452,2442],""all_points_y"":[1388,1423,1459,1457,1418,1363,1366]}",{}
6.png,50331702,{},2346,1110,"{""name"":""polygon"",""all_points_x"":[2487,2491,2494,2495,2513,2518,2521,2530,2517,2513,2513,2491,2485],""all_points_y"":[1446,1447,1448,1453,1518,1533,1553,1577,1586,1555,1547,1472,1450]}",{}
6.png,50331702,{},2346,1111,"{""name"":""polygon"",""all_points_x"":[2619,2619,2631,2633,2631,2621,2600,2588,2580,2576,2572,2577,2595],""all_points_y"":[1422,1417,1409,1414,1420,1445,1503,1546,1566,1590,1578,1555,1493]}",{}
6.png,50331702,{},2346,1112,"{""name"":""polygon"",""all_points_x"":[2377,2375,2361,2357,2357,2353,2357,2368,2371,2377,2385,2385,2381],""all_points_y"":[1507,1525,1653,1682,1702,1730,1726,1643,1612,1572,1503,1495,1494]}",{}
6.png,50331702,{},2346,1113,"{""name"":""polygon"",""all_points_x"":[2526,2545,2553,2559,2566,2565,2545,2535,2529],""all_points_y"":[1511,1598,1629,1655,1661,1651,1566,1512,1505]}",{}
6.png,50331702,{},2346,1114,"{""name"":""polygon"",""all_points_x"":[2466,2466,2464,2463,2462,2462,2465,2469,2471,2471,2474,2473,2466],""all_points_y"":[1116,1141,1154,1167,1202,1207,1205,1194,1164,1156,1129,1102,1103]}",{}
6.png,50331702,{},2346,1115,"{""name"":""polygon"",""all_points_x"":[2541,2537,2540,2543,2545,2550,2552,2550,2552,2548],""all_points_y"":[1167,1169,1180,1228,1283,1285,1238,1182,1176,1167]}",{}
6.png,50331702,{},2346,1116,"{""name"":""polygon"",""all_points_x"":[2474,2490,2526,2540,2544,2546,2519,2498,2486,2470,2464],""all_points_y"":[1185,1160,1111,1092,1094,1099,1133,1161,1180,1207,1203]}",{}
6.png,50331702,{},2346,1117,"{""name"":""polygon"",""all_points_x"":[2660,2630,2624,2619,2607,2602,2607,2624,2639,2656,2665,2667,2666],""all_points_y"":[1062,1133,1147,1158,1186,1194,1197,1167,1131,1094,1071,1066,1063]}",{}
6.png,50331702,{},2346,1118,"{""name"":""polygon"",""all_points_x"":[2259,2267,2267,2255,2249,2234,2220,2207,2215,2246],""all_points_y"":[1118,1116,1107,1108,1116,1154,1192,1214,1209,1142]}",{}
6.png,50331702,{},2346,1119,"{""name"":""polygon"",""all_points_x"":[2559,2560,2564,2567,2567,2567,2564,2563,2567,2566,2568,2568,2567,2567,2574,2568,2562,2560,2563,2560,2559,2560,2557,2558,2560],""all_points_y"":[1113,1102,1099,1099,1119,1137,1148,1165,1184,1189,1209,1226,1232,1237,1256,1257,1243,1232,1215,1203,1188,1180,1161,1144,1126]}",{}
6.png,50331702,{},2346,1120,"{""name"":""polygon"",""all_points_x"":[2602,2610,2612,2612,2611,2608,2607,2607,2598,2594,2588,2601,2602,2605,2606,2605],""all_points_y"":[1241,1240,1264,1309,1322,1333,1344,1350,1367,1372,1367,1349,1337,1324,1313,1275]}",{}
6.png,50331702,{},2346,1121,"{""name"":""polygon"",""all_points_x"":[2597,2593,2591,2593,2591,2592,2592,2592,2597,2597,2598,2601,2602,2601,2602,2602],""all_points_y"":[1382,1399,1409,1420,1451,1461,1494,1504,1504,1475,1440,1427,1414,1405,1392,1384]}",{}
6.png,50331702,{},2346,1122,"{""name"":""polygon"",""all_points_x"":[2726,2733,2733,2739,2743,2747,2750,2755,2752,2754,2751,2748,2743,2737,2736,2732],""all_points_y"":[1251,1299,1308,1339,1355,1413,1445,1447,1399,1386,1357,1335,1310,1263,1253,1247]}",{}
6.png,50331702,{},2346,1123,"{""name"":""polygon"",""all_points_x"":[2676,2707,2721,2727,2732,2741,2747,2755,2763,2764,2771,2763,2747,2737,2733,2728,2703,2687,2683,2678],""all_points_y"":[1483,1548,1583,1607,1625,1643,1646,1659,1679,1697,1695,1655,1634,1610,1596,1580,1516,1484,1478,1476]}",{}
6.png,50331702,{},2346,1124,"{""name"":""polygon"",""all_points_x"":[2715,2724,2758,2771,2772,2778,2754,2737,2729,2719,2715],""all_points_y"":[1144,1154,1232,1257,1264,1257,1208,1169,1150,1139,1139]}",{}
6.png,50331702,{},2346,1125,"{""name"":""polygon"",""all_points_x"":[2746,2760,2777,2783,2777,2759,2753,2753,2747],""all_points_y"":[1453,1507,1569,1568,1540,1467,1454,1447,1447]}",{}
6.png,50331702,{},2346,1126,"{""name"":""polygon"",""all_points_x"":[2803,2819,2832,2839,2842,2829,2815,2806,2802],""all_points_y"":[1167,1202,1240,1254,1246,1201,1169,1155,1157]}",{}
6.png,50331702,{},2346,1127,"{""name"":""polygon"",""all_points_x"":[2811,2813,2816,2819,2825,2823,2823,2829,2833,2833,2830,2827,2824,2822,2821,2819,2810],""all_points_y"":[948,973,1004,1043,1068,1108,1119,1119,1079,1065,1050,1034,1013,977,955,941,939]}",{}
6.png,50331702,{},2346,1128,"{""name"":""polygon"",""all_points_x"":[2866,2866,2866,2862,2862,2857,2864,2872,2872,2875,2879,2872,2866],""all_points_y"":[1007,1047,1056,1071,1095,1136,1136,1084,1067,1056,998,991,990]}",{}
6.png,50331702,{},2346,1129,"{""name"":""polygon"",""all_points_x"":[2691,2691,2698,2707,2705,2701,2687,2678,2667,2660,2646,2639,2650,2660,2665,2688],""all_points_y"":[1388,1378,1377,1382,1385,1389,1414,1432,1458,1470,1513,1513,1475,1451,1441,1392]}",{}
6.png,50331702,{},2346,1130,"{""name"":""polygon"",""all_points_x"":[2810,2779,2779,2803,2813,2819,2816],""all_points_y"":[1018,1038,1043,1033,1026,1019,1014]}",{}
6.png,50331702,{},2346,1131,"{""name"":""polygon"",""all_points_x"":[2908,2934,2936,2940,2940,2923,2914],""all_points_y"":[1017,1083,1086,1086,1077,1033,1015]}",{}
6.png,50331702,{},2346,1132,"{""name"":""polygon"",""all_points_x"":[2793,2824,2827,2848,2872,2879,2841,2822,2802,2796],""all_points_y"":[1326,1369,1376,1409,1448,1443,1382,1351,1322,1318]}",{}
6.png,50331702,{},2346,1133,"{""name"":""polygon"",""all_points_x"":[2784,2817,2841,2851,2879,2885,2912,2914,2892,2867,2841,2819,2788],""all_points_y"":[1272,1237,1210,1200,1165,1152,1123,1129,1160,1198,1220,1246,1278]}",{}
6.png,50331702,{},2346,1134,"{""name"":""polygon"",""all_points_x"":[2790,2782,2781,2778,2775,2771,2781,2785,2792,2793,2797,2799,2790],""all_points_y"":[1289,1364,1400,1435,1448,1462,1457,1434,1349,1336,1294,1270,1271]}",{}
6.png,50331702,{},2346,1135,"{""name"":""polygon"",""all_points_x"":[2542,2549,2554,2563,2571,2576,2566,2562,2562,2554,2552,2549,2548,2540,2539],""all_points_y"":[1689,1735,1759,1807,1835,1833,1783,1768,1758,1721,1697,1681,1670,1672,1679]}",{}
6.png,50331702,{},2346,1136,"{""name"":""polygon"",""all_points_x"":[2809,2806,2814,2817,2823,2827,2828,2833,2824,2821,2820,2819,2812],""all_points_y"":[1479,1468,1468,1480,1524,1544,1556,1570,1573,1552,1543,1531,1489]}",{}
6.png,50331702,{},2346,1137,"{""name"":""polygon"",""all_points_x"":[2688,2726,2738,2758,2769,2771,2768,2754,2725,2683,2653,2664],""all_points_y"":[1421,1365,1343,1309,1292,1285,1281,1302,1353,1417,1462,1461]}",{}
6.png,50331702,{},2346,1138,"{""name"":""polygon"",""all_points_x"":[2882,2890,2904,2935,2941,2948,2941,2930,2904,2885,2875],""all_points_y"":[1449,1433,1418,1349,1336,1315,1316,1339,1400,1430,1449]}",{}
6.png,50331702,{},2346,1139,"{""name"":""polygon"",""all_points_x"":[2926,2937,2940,2941,2947,2944,2941,2937,2931,2930,2924,2922,2914,2916,2918,2924],""all_points_y"":[1414,1348,1326,1315,1324,1341,1364,1396,1430,1441,1448,1476,1476,1451,1445,1434]}",{}
6.png,50331702,{},2346,1140,"{""name"":""polygon"",""all_points_x"":[2927,2931,2935,2934,2931,2930,2927,2928,2920,2921,2924],""all_points_y"":[1485,1482,1483,1497,1544,1565,1576,1580,1580,1562,1551]}",{}
6.png,50331702,{},2346,1141,"{""name"":""polygon"",""all_points_x"":[2604,2603,2609,2613,2612,2617,2620,2615],""all_points_y"":[1443,1434,1434,1444,1458,1508,1538,1539]}",{}
6.png,50331702,{},2346,1142,"{""name"":""polygon"",""all_points_x"":[2917,2921,2949,2956,2937,2924,2921,2907,2896,2889,2885,2893,2904,2916],""all_points_y"":[1273,1263,1229,1230,1257,1275,1285,1305,1316,1330,1323,1309,1294,1279]}",{}
6.png,50331702,{},2346,1143,"{""name"":""polygon"",""all_points_x"":[2869,2876,2880,2882,2886,2881,2876],""all_points_y"":[1232,1271,1299,1305,1298,1264,1233]}",{}
6.png,50331702,{},2346,1144,"{""name"":""polygon"",""all_points_x"":[2857,2876,2890,2890,2894,2902,2903,2896,2889,2868,2864],""all_points_y"":[1271,1344,1404,1412,1443,1459,1453,1404,1371,1290,1271]}",{}
6.png,50331702,{},2346,1145,"{""name"":""polygon"",""all_points_x"":[2770,2779,2775,2745,2725,2709,2705,2702,2714,2733],""all_points_y"":[1465,1465,1479,1530,1564,1598,1606,1597,1574,1533]}",{}
6.png,50331702,{},2346,1146,"{""name"":""polygon"",""all_points_x"":[2833,2839,2846,2864,2878,2871,2850,2835],""all_points_y"":[1349,1350,1365,1406,1429,1427,1387,1358]}",{}
6.png,50331702,{},2346,1147,"{""name"":""polygon"",""all_points_x"":[2727,2729,2734,2725,2714,2705,2704,2689,2691,2697,2711,2714,2719,2722],""all_points_y"":[1305,1302,1296,1292,1310,1317,1324,1336,1341,1341,1329,1322,1316,1310]}",{}
6.png,50331702,{},2346,1148,"{""name"":""polygon"",""all_points_x"":[2635,2657,2667,2677,2683,2692,2700,2702,2700,2685,2677,2660,2635],""all_points_y"":[1351,1350,1345,1339,1329,1321,1316,1316,1310,1319,1333,1344,1346]}",{}
6.png,50331702,{},2346,1149,"{""name"":""polygon"",""all_points_x"":[2982,2978,2974,2971,2971,2978,2978,2982,2985,2989,2985],""all_points_y"":[1339,1354,1385,1398,1409,1409,1389,1385,1351,1344,1335]}",{}
6.png,50331702,{},2346,1150,"{""name"":""polygon"",""all_points_x"":[3026,3046,3051,3055,3069,3078,3086,3077,3062,3042,3033,3026],""all_points_y"":[1387,1447,1465,1471,1513,1530,1529,1504,1470,1409,1384,1377]}",{}
6.png,50331702,{},2346,1151,"{""name"":""polygon"",""all_points_x"":[2978,2988,2978,2970,2963,2958,2968,2970],""all_points_y"":[1212,1201,1198,1216,1243,1251,1252,1237]}",{}
6.png,50331702,{},2346,1152,"{""name"":""polygon"",""all_points_x"":[2998,3011,3021,3033,3041,3046,3029,3023,3011,3003],""all_points_y"":[1323,1297,1279,1259,1243,1247,1279,1294,1313,1327]}",{}
6.png,50331702,{},2346,1153,"{""name"":""polygon"",""all_points_x"":[3070,3086,3096,3100,3115,3114,3120,3122,3120,3108,3106,3106,3096,3086,3080,3074,3076,3069,3062],""all_points_y"":[1324,1392,1429,1461,1507,1520,1522,1507,1489,1444,1434,1429,1395,1353,1314,1304,1290,1294,1300]}",{}
6.png,50331702,{},2346,1154,"{""name"":""polygon"",""all_points_x"":[3051,3089,3095,3107,3110,3125,3137,3149,3155,3159,3160,3148,3131,3101,3075,3059,3052],""all_points_y"":[1029,1071,1085,1101,1111,1131,1149,1188,1202,1205,1200,1157,1125,1076,1042,1026,1026]}",{}
6.png,50331702,{},2346,1155,"{""name"":""polygon"",""all_points_x"":[3105,3139,3152,3161,3162,3135,3113,3104],""all_points_y"":[1163,1198,1209,1215,1209,1181,1158,1156]}",{}
6.png,50331702,{},2346,1156,"{""name"":""polygon"",""all_points_x"":[3083,3087,3095,3088,3077,3071,3074,3080],""all_points_y"":[1094,1070,1072,1106,1137,1136,1123,1108]}",{}
6.png,50331702,{},2346,1157,"{""name"":""polygon"",""all_points_x"":[3052,3112,3157,3219,3251,3255,3258,3215,3133,3071,3050,3048],""all_points_y"":[1213,1243,1265,1297,1317,1320,1315,1288,1246,1213,1205,1209]}",{}
6.png,50331702,{},2346,1158,"{""name"":""polygon"",""all_points_x"":[3128,3139,3142,3149,3138,3135,3129,3127,3115,3110,3105,3098,3104,3105,3116,3120],""all_points_y"":[1212,1175,1167,1171,1209,1225,1257,1263,1295,1331,1344,1340,1322,1296,1268,1247]}",{}
6.png,50331702,{},2346,1159,"{""name"":""polygon"",""all_points_x"":[3156,3164,3171,3177,3182,3187,3191,3180,3172,3163,3156],""all_points_y"":[1284,1337,1384,1416,1447,1451,1445,1388,1327,1277,1278]}",{}
6.png,50331702,{},2346,1160,"{""name"":""polygon"",""all_points_x"":[3145,3170,3232,3272,3306,3312,3314,3273,3239,3194,3191,3153,3126,3123],""all_points_y"":[1385,1402,1441,1464,1485,1489,1484,1458,1437,1410,1406,1382,1366,1372]}",{}
6.png,50331702,{},2346,1161,"{""name"":""polygon"",""all_points_x"":[2895,2930,2960,2975,2985,2967,2924,2893,2891],""all_points_y"":[887,914,938,953,955,937,903,877,882]}",{}
6.png,50331702,{},2346,1162,"{""name"":""polygon"",""all_points_x"":[2968,2999,3005,2976],""all_points_y"":[1054,1099,1094,1052]}",{}
6.png,50331702,{},2346,1163,"{""name"":""polygon"",""all_points_x"":[2908,2935,2939,2923,2914,2908],""all_points_y"":[972,1027,1025,991,964,965]}",{}
6.png,50331702,{},2346,1164,"{""name"":""polygon"",""all_points_x"":[2901,2905,2907,2907,2907,2908,2913,2915,2914,2914,2915,2913,2909],""all_points_y"":[498,566,596,630,671,711,710,675,662,632,589,553,497]}",{}
6.png,50331702,{},2346,1165,"{""name"":""polygon"",""all_points_x"":[2852,2875,2898,2907,2911,2929,2940,2946,2947,2952,2935,2918,2912,2887,2866,2857],""all_points_y"":[1613,1658,1715,1736,1739,1773,1800,1808,1811,1808,1771,1732,1726,1665,1623,1606]}",{}
6.png,50331702,{},2346,1166,"{""name"":""polygon"",""all_points_x"":[2877,2907,2932,2957,2980,2992,3017,3022,3022,2985,2938,2890,2876],""all_points_y"":[1613,1652,1682,1718,1745,1762,1784,1786,1782,1742,1675,1616,1605]}",{}
6.png,50331702,{},2346,1167,"{""name"":""polygon"",""all_points_x"":[2990,2963,2929,2911,2905,2907,2912,2936,2974,2997,3013,3033,3030,3005],""all_points_y"":[1737,1697,1656,1634,1625,1619,1621,1654,1700,1733,1758,1775,1776,1758]}",{}
6.png,50331702,{},2346,1168,"{""name"":""polygon"",""all_points_x"":[3237,3239,3239,3239,3236,3239,3244,3243,3245,3247,3247,3239],""all_points_y"":[1478,1517,1558,1585,1615,1645,1645,1597,1547,1503,1475,1472]}",{}
6.png,50331702,{},2346,1169,"{""name"":""polygon"",""all_points_x"":[3098,3092,3083,3058,3047,3044,3038,3044,3052,3052,3060,3071,3078,3084,3088],""all_points_y"":[1360,1364,1409,1490,1517,1545,1576,1574,1545,1525,1512,1479,1448,1429,1413]}",{}
6.png,50331702,{},2346,1170,"{""name"":""polygon"",""all_points_x"":[3378,3378,3371,3365,3374,3378,3380,3383,3386,3387,3381],""all_points_y"":[1001,1033,1126,1161,1157,1129,1118,1050,1005,1003,998]}",{}
6.png,50331702,{},2346,1171,"{""name"":""polygon"",""all_points_x"":[3312,3319,3330,3334,3341,3336,3327,3322,3314,3305,3295,3288,3298,3305],""all_points_y"":[1322,1275,1230,1225,1232,1251,1284,1314,1359,1389,1423,1416,1386,1358]}",{}
6.png,50331702,{},2346,1172,"{""name"":""polygon"",""all_points_x"":[3350,3361,3362,3365,3370,3378,3374,3369,3358,3353,3347],""all_points_y"":[1412,1465,1474,1479,1541,1537,1484,1464,1400,1395,1400]}",{}
6.png,50331702,{},2346,1173,"{""name"":""polygon"",""all_points_x"":[3332,3357,3373,3379,3382,3395,3405,3411,3403,3386,3358,3340,3340,3330,3325],""all_points_y"":[1305,1354,1386,1394,1403,1430,1455,1450,1430,1392,1339,1298,1274,1275,1291]}",{}
6.png,50331702,{},2346,1174,"{""name"":""polygon"",""all_points_x"":[3342,3351,3358,3350,3329,3308,3285,3269,3280,3296],""all_points_y"":[1344,1333,1324,1321,1348,1371,1398,1423,1424,1393]}",{}
6.png,50331702,{},2346,1175,"{""name"":""polygon"",""all_points_x"":[3315,3318,3322,3329,3331,3336,3329,3322,3315,3308],""all_points_y"":[1382,1395,1407,1440,1444,1440,1405,1377,1361,1368]}",{}
6.png,50331702,{},2346,1176,"{""name"":""polygon"",""all_points_x"":[3011,3020,3033,3039,3039,3049,3053,3047,3043,3033,3017,3009,3002],""all_points_y"":[1592,1628,1686,1717,1733,1783,1773,1743,1697,1648,1589,1564,1568]}",{}
6.png,50331702,{},2346,1177,"{""name"":""polygon"",""all_points_x"":[3302,3318,3320,3312,3302,3288,3263,3246,3222,3230,3257],""all_points_y"":[1664,1636,1627,1625,1641,1670,1721,1752,1801,1803,1749]}",{}
6.png,50331702,{},2346,1178,"{""name"":""polygon"",""all_points_x"":[3293,3315,3326,3327,3333,3345,3349,3337,3327,3315,3293,3288,3283],""all_points_y"":[1743,1715,1696,1686,1676,1652,1660,1686,1708,1727,1753,1761,1757]}",{}
6.png,50331702,{},2346,1179,"{""name"":""polygon"",""all_points_x"":[3271,3272,3258,3227,3202,3191,3185,3210,3237,3251,3257],""all_points_y"":[1617,1628,1640,1670,1700,1713,1704,1678,1650,1634,1624]}",{}
6.png,50331702,{},2346,1180,"{""name"":""polygon"",""all_points_x"":[3081,3116,3158,3171,3171,3143,3097,3073,3042,3040,3053,3071],""all_points_y"":[1741,1718,1696,1687,1694,1714,1741,1758,1775,1768,1759,1749]}",{}
6.png,50331702,{},2346,1181,"{""name"":""polygon"",""all_points_x"":[3092,3143,3194,3242,3251,3268,3281,3290,3293,3275,3253,3199,3139,3098],""all_points_y"":[1763,1793,1826,1862,1871,1883,1897,1908,1903,1879,1862,1821,1780,1758]}",{}
6.png,50331702,{},2346,1182,"{""name"":""polygon"",""all_points_x"":[3303,3288,3278,3261,3272,3279,3296,3314,3318,3308],""all_points_y"":[1799,1851,1880,1929,1931,1901,1856,1796,1783,1782]}",{}
6.png,50331702,{},2346,1183,"{""name"":""polygon"",""all_points_x"":[3250,3261,3285,3309,3316,3324,3308,3281,3271,3257,3250],""all_points_y"":[1836,1863,1925,1987,2014,2012,1963,1901,1867,1834,1831]}",{}
6.png,50331702,{},2346,1184,"{""name"":""polygon"",""all_points_x"":[3069,3082,3082,3091,3091,3096,3099,3089,3085,3072,3067,3061],""all_points_y"":[1794,1838,1848,1870,1878,1880,1873,1845,1825,1775,1758,1764]}",{}
6.png,50331702,{},2346,1185,"{""name"":""polygon"",""all_points_x"":[3109,3106,3105,3107,3114,3114,3116,3116,3119,3110],""all_points_y"":[1798,1736,1704,1699,1697,1707,1744,1800,1832,1830]}",{}
6.png,50331702,{},2346,1186,"{""name"":""polygon"",""all_points_x"":[3142,3142,3149,3152,3146,3132,3118,3105,3087,3080,3075,3089],""all_points_y"":[1772,1758,1754,1766,1781,1822,1853,1888,1938,1952,1951,1912]}",{}
6.png,50331702,{},2346,1187,"{""name"":""polygon"",""all_points_x"":[3069,3069,3079,3073,3069,3063,3056,3057],""all_points_y"":[1839,1828,1831,1866,1912,1955,1957,1942]}",{}
6.png,50331702,{},2346,1188,"{""name"":""polygon"",""all_points_x"":[3157,3149,3132,3101,3080,3063,3012,2998,2998,3020,3074,3092,3141,3157,3161],""all_points_y"":[1479,1482,1493,1511,1517,1527,1556,1568,1572,1558,1527,1521,1501,1488,1485]}",{}
6.png,50331702,{},2346,1189,"{""name"":""polygon"",""all_points_x"":[3010,3005,3012,3017,3020,3026,3036,3030,3013],""all_points_y"":[1692,1676,1674,1687,1711,1732,1775,1776,1705]}",{}
6.png,50331702,{},2346,1190,"{""name"":""polygon"",""all_points_x"":[2983,2977,2973,2983,2997,3019,3031,3026],""all_points_y"":[1672,1658,1654,1651,1686,1739,1772,1772]}",{}
6.png,50331702,{},2346,1191,"{""name"":""polygon"",""all_points_x"":[3012,3007,3005,2994,2999,3012,3013,3020,3022,3012],""all_points_y"":[1474,1516,1525,1562,1564,1524,1503,1479,1468,1469]}",{}
6.png,50331702,{},2346,1192,"{""name"":""polygon"",""all_points_x"":[3091,3096,3091,3080,3040,3032,3021,3015,3023,3046,3057],""all_points_y"":[1461,1454,1450,1466,1513,1528,1544,1551,1555,1523,1503]}",{}
6.png,50331702,{},2346,1193,"{""name"":""polygon"",""all_points_x"":[2987,3002,3012,3016,3007,2978,2972,2963,2968,2973,2981],""all_points_y"":[1628,1580,1540,1534,1531,1631,1659,1679,1683,1679,1658]}",{}
6.png,50331702,{},2346,1194,"{""name"":""polygon"",""all_points_x"":[2857,2881,2926,2936,2947,2950,2961,2934,2916,2900,2886,2862],""all_points_y"":[1904,1879,1822,1806,1789,1783,1784,1826,1847,1870,1887,1912]}",{}
6.png,50331702,{},2346,1195,"{""name"":""polygon"",""all_points_x"":[2562,2562,2570,2570,2573,2573,2575,2575,2567,2566,2565,2566],""all_points_y"":[1601,1586,1583,1598,1625,1666,1708,1738,1736,1676,1661,1642]}",{}
6.png,50331702,{},2346,1196,"{""name"":""polygon"",""all_points_x"":[2383,2376,2383,2396,2400,2414,2425,2427,2424,2419],""all_points_y"":[1578,1555,1554,1591,1604,1641,1669,1679,1680,1668]}",{}
6.png,50331702,{},2346,1197,"{""name"":""polygon"",""all_points_x"":[2434,2426,2423,2414,2410,2428,2436,2451,2455,2462,2445],""all_points_y"":[1675,1652,1640,1624,1629,1679,1699,1742,1756,1754,1705]}",{}
6.png,50331702,{},2346,1198,"{""name"":""polygon"",""all_points_x"":[2616,2655,2688,2712,2714,2670,2620,2615],""all_points_y"":[1570,1618,1664,1697,1692,1628,1562,1564]}",{}
6.png,50331702,{},2346,1199,"{""name"":""polygon"",""all_points_x"":[2635,2673,2716,2746,2773,2775,2745,2698,2675,2643,2635],""all_points_y"":[1571,1607,1638,1659,1686,1679,1650,1617,1600,1568,1566]}",{}
6.png,50331702,{},2346,1200,"{""name"":""polygon"",""all_points_x"":[2664,2671,2675,2677,2680,2685,2685,2701,2706,2694,2684,2681,2673,2669],""all_points_y"":[1538,1573,1598,1625,1638,1686,1700,1745,1741,1693,1631,1595,1544,1538]}",{}
6.png,50331702,{},2346,1201,"{""name"":""polygon"",""all_points_x"":[2815,2813,2811,2817,2820,2822,2822,2817],""all_points_y"":[1715,1748,1824,1825,1770,1724,1713,1709]}",{}
6.png,50331702,{},2346,1202,"{""name"":""polygon"",""all_points_x"":[2860,2849,2839,2833,2839,2853,2867],""all_points_y"":[1765,1815,1860,1898,1898,1824,1763]}",{}
6.png,50331702,{},2346,1203,"{""name"":""polygon"",""all_points_x"":[2690,2695,2700,2700,2714,2718,2710,2702],""all_points_y"":[1589,1580,1589,1595,1625,1634,1637,1613]}",{}
6.png,50331702,{},2346,1204,"{""name"":""polygon"",""all_points_x"":[2743,2755,2761,2770,2782,2795,2801,2804,2783,2763,2749,2743],""all_points_y"":[1665,1712,1739,1762,1807,1848,1860,1852,1779,1709,1659,1658]}",{}
6.png,50331702,{},2346,1205,"{""name"":""polygon"",""all_points_x"":[2081,2088,2092,2095,2090,2086,2078,2078,2070,2076],""all_points_y"":[1220,1185,1181,1187,1220,1237,1252,1260,1259,1237]}",{}
6.png,50331702,{},2346,1206,"{""name"":""polygon"",""all_points_x"":[2043,2036,2045,2062,2085,2101,2111,2122,2129,2122,2105,2101,2086,2073,2049],""all_points_y"":[1333,1342,1346,1316,1278,1246,1227,1198,1177,1178,1218,1229,1260,1285,1326]}",{}
6.png,50331702,{},2346,1207,"{""name"":""polygon"",""all_points_x"":[2257,2287,2312,2321,2323,2314,2301,2272,2257,2243,2229,2236],""all_points_y"":[1512,1456,1406,1388,1382,1380,1410,1462,1496,1530,1559,1562]}",{}
6.png,50331702,{},2346,1208,"{""name"":""polygon"",""all_points_x"":[2168,2152,2144,2126,2126,2134,2150,2170,2178,2178,2171],""all_points_y"":[1540,1580,1604,1636,1645,1636,1606,1551,1539,1530,1533]}",{}
6.png,50331702,{},2346,1209,"{""name"":""polygon"",""all_points_x"":[2370,2391,2395,2411,2427,2431,2414,2395,2366,2364,2354,2364],""all_points_y"":[1720,1768,1779,1817,1858,1854,1807,1761,1694,1675,1682,1704]}",{}
6.png,50331702,{},2346,1210,"{""name"":""polygon"",""all_points_x"":[2486,2490,2496,2490,2487,2482,2480,2473,2469,2463,2473,2474,2474],""all_points_y"":[1615,1597,1601,1630,1651,1674,1706,1734,1757,1751,1706,1686,1671]}",{}
6.png,50331702,{},2346,1211,"{""name"":""polygon"",""all_points_x"":[2489,2489,2490,2490,2492,2491,2490,2493,2497,2499,2497,2496,2494,2489],""all_points_y"":[1733,1754,1768,1786,1803,1844,1868,1874,1869,1817,1767,1736,1717,1721]}",{}
6.png,50331702,{},2346,1212,"{""name"":""polygon"",""all_points_x"":[2383,2374,2387,2388,2404,2418,2427,2459,2469,2460,2452,2444],""all_points_y"":[1696,1671,1672,1689,1730,1762,1785,1869,1884,1883,1866,1840]}",{}
6.png,50331702,{},2346,1213,"{""name"":""polygon"",""all_points_x"":[2389,2394,2402,2431,2439,2442,2435,2428,2424],""all_points_y"":[1687,1687,1714,1809,1848,1863,1858,1830,1804]}",{}
6.png,50331702,{},2346,1214,"{""name"":""polygon"",""all_points_x"":[2407,2407,2418,2471,2498,2507,2514,2519,2510,2476],""all_points_y"":[1784,1793,1812,1889,1934,1950,1969,1966,1941,1882]}",{}
6.png,50331702,{},2346,1215,"{""name"":""polygon"",""all_points_x"":[2338,2325,2337,2357,2376,2379,2379,2386,2383,2352],""all_points_y"":[1837,1843,1858,1907,1961,1975,1994,1996,1962,1875]}",{}
6.png,50331702,{},2346,1216,"{""name"":""polygon"",""all_points_x"":[2505,2515,2525,2531,2534,2525,2515,2521,2510],""all_points_y"":[1875,1914,1949,1968,1968,1919,1874,1866,1865]}",{}
6.png,50331702,{},2346,1217,"{""name"":""polygon"",""all_points_x"":[2472,2503,2521,2536,2537,2504,2474,2463,2460],""all_points_y"":[1872,1910,1934,1946,1941,1900,1861,1852,1857]}",{}
6.png,50331702,{},2346,1218,"{""name"":""polygon"",""all_points_x"":[2530,2530,2530,2530,2532,2534,2532,2531,2532,2536,2542,2541,2542,2540,2543,2541,2536],""all_points_y"":[2078,2101,2153,2162,2179,2190,2213,2225,2232,2250,2244,2222,2175,2148,2111,2082,2074]}",{}
6.png,50331702,{},2346,1219,"{""name"":""polygon"",""all_points_x"":[2407,2411,2413,2414,2419,2414,2413,2413,2406],""all_points_y"":[1655,1686,1703,1713,1709,1667,1647,1644,1642]}",{}
6.png,50331702,{},2346,1220,"{""name"":""polygon"",""all_points_x"":[2404,2417,2418,2424,2435,2448,2453,2438,2423,2408,2404],""all_points_y"":[1707,1742,1753,1769,1801,1844,1842,1791,1744,1699,1700]}",{}
6.png,50331702,{},2346,1221,"{""name"":""polygon"",""all_points_x"":[2404,2397,2401,2405,2410,2431,2446,2450,2440,2438],""all_points_y"":[1692,1678,1673,1668,1690,1746,1791,1798,1803,1786]}",{}
6.png,50331702,{},2346,1222,"{""name"":""polygon"",""all_points_x"":[2442,2445,2450,2447,2456,2458,2453,2453,2448,2444],""all_points_y"":[1964,2004,2025,2050,2043,2027,2010,1991,1956,1952]}",{}
6.png,50331702,{},2346,1223,"{""name"":""polygon"",""all_points_x"":[2405,2413,2424,2424,2418,2413,2411,2410,2411,2403,2401,2404,2407],""all_points_y"":[2163,2149,2145,2153,2163,2219,2242,2271,2279,2279,2242,2225,2170]}",{}
6.png,50331702,{},2346,1224,"{""name"":""polygon"",""all_points_x"":[2375,2371,2377,2393,2389,2393,2390,2397,2400,2386,2381,2381,2380,2380],""all_points_y"":[2265,2269,2299,2383,2400,2408,2424,2423,2379,2298,2272,2268,2265,2262]}",{}
6.png,50331702,{},2346,1225,"{""name"":""polygon"",""all_points_x"":[2420,2411,2411,2413,2411,2414,2418,2418,2424,2425,2424,2426,2420,2421,2421,2421,2421],""all_points_y"":[2275,2281,2303,2327,2347,2368,2416,2469,2469,2453,2411,2392,2347,2288,2278,2276,2276]}",{}
6.png,50331702,{},2346,1226,"{""name"":""polygon"",""all_points_x"":[2597,2615,2624,2639,2646,2652,2652,2631,2625,2625,2606,2601,2595],""all_points_y"":[2129,2175,2202,2250,2271,2272,2263,2197,2185,2177,2122,2117,2121]}",{}
6.png,50331702,{},2346,1227,"{""name"":""polygon"",""all_points_x"":[2471,2517,2531,2555,2559,2513,2476,2469],""all_points_y"":[2610,2657,2669,2694,2692,2642,2604,2603]}",{}
6.png,50331702,{},2346,1228,"{""name"":""polygon"",""all_points_x"":[2798,2832,2832,2822,2788,2784,2793],""all_points_y"":[1681,1637,1633,1634,1679,1693,1689]}",{}
6.png,50331702,{},2346,1229,"{""name"":""polygon"",""all_points_x"":[2605,2618,2640,2648,2658,2674,2675,2660,2652,2640,2629,2625,2617,2612,2608],""all_points_y"":[1769,1741,1696,1679,1669,1645,1656,1680,1688,1708,1734,1745,1756,1766,1775]}",{}
6.png,50331702,{},2346,1230,"{""name"":""polygon"",""all_points_x"":[2696,2694,2683,2680,2690,2690,2697,2706,2706,2716,2726,2726,2726,2720,2718,2707],""all_points_y"":[1693,1678,1622,1600,1609,1622,1659,1696,1705,1748,1794,1803,1820,1808,1791,1735]}",{}
6.png,50331702,{},2346,1231,"{""name"":""polygon"",""all_points_x"":[2730,2716,2701,2685,2680,2692,2708,2732,2747,2739],""all_points_y"":[1731,1701,1670,1630,1616,1624,1670,1717,1759,1757]}",{}
6.png,50331702,{},2346,1232,"{""name"":""polygon"",""all_points_x"":[2726,2708,2693,2679,2684,2709,2729,2739,2742,2733],""all_points_y"":[1746,1776,1804,1829,1831,1790,1754,1741,1737,1735]}",{}
6.png,50331702,{},2346,1233,"{""name"":""polygon"",""all_points_x"":[2817,2840,2866,2877,2886,2891,2876,2862,2844,2830,2830,2819],""all_points_y"":[1933,1973,2047,2067,2086,2077,2050,2010,1960,1935,1931,1925]}",{}
6.png,50331702,{},2346,1234,"{""name"":""polygon"",""all_points_x"":[2931,2950,2952,2963,2971,2971,2963,2947,2934,2924,2912,2905,2897,2885,2881,2876,2881,2893],""all_points_y"":[1947,1915,1906,1898,1902,1907,1911,1941,1960,1966,1986,1993,2007,2016,2023,2019,2012,2000]}",{}
6.png,50331702,{},2346,1235,"{""name"":""polygon"",""all_points_x"":[2804,2824,2852,2857,2857,2847,2827,2805,2776,2772],""all_points_y"":[2022,1974,1921,1917,1925,1947,1986,2037,2095,2089]}",{}
6.png,50331702,{},2346,1236,"{""name"":""polygon"",""all_points_x"":[2955,2979,2992,3003,2977,2951,2943,2934,2948],""all_points_y"":[1962,1918,1880,1884,1938,1986,2001,1998,1974]}",{}
6.png,50331702,{},2346,1237,"{""name"":""polygon"",""all_points_x"":[2715,2716,2721,2721,2725,2728,2730,2727,2726,2721,2721,2719,2713,2712,2706],""all_points_y"":[2110,2084,2066,2008,2004,2008,2028,2056,2076,2087,2110,2127,2153,2158,2158]}",{}
6.png,50331702,{},2346,1238,"{""name"":""polygon"",""all_points_x"":[2703,2703,2723,2739,2759,2762,2769,2750,2724,2713,2713,2698,2691,2687],""all_points_y"":[2178,2170,2119,2073,2022,2016,2024,2070,2139,2167,2175,2206,2219,2213]}",{}
6.png,50331702,{},2346,1239,"{""name"":""polygon"",""all_points_x"":[2667,2693,2706,2713,2721,2743,2747,2723,2721,2671,2664],""all_points_y"":[2208,2242,2263,2275,2292,2326,2320,2282,2270,2200,2202]}",{}
6.png,50331702,{},2346,1240,"{""name"":""polygon"",""all_points_x"":[2697,2728,2736,2741,2756,2758,2744,2720,2706,2699,2685,2678,2692],""all_points_y"":[2272,2216,2205,2185,2184,2197,2212,2256,2277,2301,2340,2329,2298]}",{}
6.png,50331702,{},2346,1241,"{""name"":""polygon"",""all_points_x"":[2727,2752,2772,2786,2792,2754,2728,2721],""all_points_y"":[2252,2292,2332,2360,2359,2282,2240,2245]}",{}
6.png,50331702,{},2346,1242,"{""name"":""polygon"",""all_points_x"":[2654,2666,2682,2697,2702,2709,2706,2689,2667,2657,2651],""all_points_y"":[2278,2319,2369,2419,2444,2437,2418,2367,2297,2258,2262]}",{}
6.png,50331702,{},2346,1243,"{""name"":""polygon"",""all_points_x"":[2931,2917,2908,2899,2893,2900,2914,2922,2933,2939,2937],""all_points_y"":[2049,2112,2155,2197,2209,2212,2162,2116,2075,2047,2041]}",{}
6.png,50331702,{},2346,1244,"{""name"":""polygon"",""all_points_x"":[2888,2928,2991,2995,2992,2958,2902,2891],""all_points_y"":[386,400,421,422,416,405,386,381]}",{}
6.png,50331702,{},2346,1245,"{""name"":""polygon"",""all_points_x"":[2917,2993,3007,3015,3032,3048,3051,3049,2983,2952,2919,2914],""all_points_y"":[335,381,389,398,405,415,413,410,369,349,327,331]}",{}
6.png,50331702,{},2346,1246,"{""name"":""polygon"",""all_points_x"":[2934,2930,2941,2958,2959,2961,2964,2962,2952,2946,2939,2939,2938],""all_points_y"":[67,76,107,163,167,168,167,158,125,101,80,71,66]}",{}
6.png,50331702,{},2346,1247,"{""name"":""polygon"",""all_points_x"":[2981,2991,3010,3019,3022,3022,3026,3025,3020,3005,3000,2992,2987,2986,2982],""all_points_y"":[144,182,236,271,286,295,295,273,254,207,189,164,144,140,140]}",{}
6.png,50331702,{},2346,1248,"{""name"":""polygon"",""all_points_x"":[3071,3071,3070,3068,3069,3074,3074,3076,3077,3078,3078,3072],""all_points_y"":[4,46,72,112,146,145,110,70,51,13,3,1]}",{}
6.png,50331702,{},2346,1249,"{""name"":""polygon"",""all_points_x"":[3077,3081,3084,3081,3082,3079,3074],""all_points_y"":[164,174,166,107,47,2,2]}",{}
6.png,50331702,{},2346,1250,"{""name"":""polygon"",""all_points_x"":[3006,3011,3028,3034,3037,3039,3024,3016,3010,3010,3005],""all_points_y"":[274,255,206,189,187,193,229,254,276,283,282]}",{}
6.png,50331702,{},2346,1251,"{""name"":""polygon"",""all_points_x"":[3053,3055,3053,3052,3051,3053,3050,3055,3057,3059,3058,3061,3061,3061,3054],""all_points_y"":[327,335,350,367,403,419,483,481,436,404,372,350,334,325,321]}",{}
6.png,50331702,{},2346,1252,"{""name"":""polygon"",""all_points_x"":[3300,3303,3305,3308,3304,3301,3299,3306,3314,3314,3316,3317,3318,3316,3314,3307],""all_points_y"":[89,102,108,219,289,338,344,345,292,261,247,175,135,95,87,87]}",{}
6.png,50331702,{},2346,1253,"{""name"":""polygon"",""all_points_x"":[3265,3258,3258,3246,3238,3243,3249,3253,3260,3264,3269,3274,3275,3269],""all_points_y"":[200,285,294,379,447,447,406,398,342,320,263,206,198,192]}",{}
6.png,50331702,{},2346,1254,"{""name"":""polygon"",""all_points_x"":[3263,3260,3251,3243,3239,3245,3253,3266,3269,3274,3271,3265],""all_points_y"":[419,437,476,512,541,541,500,445,429,424,416,412]}",{}
6.png,50331702,{},2346,1255,"{""name"":""polygon"",""all_points_x"":[3182,3187,3183,3178,3173,3169,3168,3175,3178,3186,3190,3196,3200,3197,3197,3187],""all_points_y"":[363,373,404,435,471,500,516,513,482,443,427,383,376,368,362,358]}",{}
6.png,50331702,{},2346,1256,"{""name"":""polygon"",""all_points_x"":[2849,2885,2886,2909,2912,2911,2888,2881,2876,2877,2853,2846,2845],""all_points_y"":[130,133,131,140,136,130,125,122,122,127,125,126,131]}",{}
6.png,50331702,{},2346,1257,"{""name"":""polygon"",""all_points_x"":[2882,2898,2901,2903,2890,2881,2866,2847,2832,2832,2841,2868],""all_points_y"":[208,220,220,215,206,202,205,209,212,215,216,210]}",{}
6.png,50331702,{},2346,1258,"{""name"":""polygon"",""all_points_x"":[2860,2867,2883,2895,2900,2904,2900,2880,2868,2858,2844,2842,2855],""all_points_y"":[261,266,266,270,275,272,266,259,259,254,249,255,257]}",{}
6.png,50331702,{},2346,1259,"{""name"":""polygon"",""all_points_x"":[2901,2929,2938,2965,2969,2941,2928,2906],""all_points_y"":[322,357,373,407,402,365,346,320]}",{}
6.png,50331702,{},2346,1260,"{""name"":""polygon"",""all_points_x"":[2946,2937,2935,2934,2936,2940,2939,2942,2941,2945,2947,2952,2949],""all_points_y"":[545,604,619,647,693,691,644,624,612,588,573,548,544]}",{}
6.png,50331702,{},2346,1261,"{""name"":""polygon"",""all_points_x"":[2955,2964,2965,2966,2970,2973,2984,2990,2978,2976,2972,2970,2964,2958,2954],""all_points_y"":[551,585,602,610,620,622,675,673,626,616,605,590,559,545,546]}",{}
6.png,50331702,{},2346,1262,"{""name"":""polygon"",""all_points_x"":[3129,3144,3150,3154,3148,3143,3140,3136,3134,3130],""all_points_y"":[479,579,620,620,566,533,508,485,478,476]}",{}
6.png,50331702,{},2346,1263,"{""name"":""polygon"",""all_points_x"":[3216,3212,3206,3202,3200,3202,3200,3205,3209,3209,3208,3213,3217,3219,3220,3225,3221],""all_points_y"":[477,492,532,561,612,619,666,667,647,616,594,548,518,504,488,478,472]}",{}
6.png,50331702,{},2346,1264,"{""name"":""polygon"",""all_points_x"":[3114,3098,3080,3086,3106,3115,3119,3114],""all_points_y"":[453,519,575,574,510,472,450,448]}",{}
6.png,50331702,{},2346,1265,"{""name"":""polygon"",""all_points_x"":[3128,3155,3172,3175,3153,3147,3133,3123,3120],""all_points_y"":[358,328,311,315,338,343,362,372,367]}",{}
6.png,50331702,{},2346,1266,"{""name"":""polygon"",""all_points_x"":[3369,3365,3361,3361,3363,3359,3363,3369,3372,3369,3374,3375,3375,3378,3371],""all_points_y"":[21,78,131,141,159,194,196,172,147,132,80,59,41,20,18]}",{}
6.png,50331702,{},2346,1267,"{""name"":""polygon"",""all_points_x"":[3322,3314,3314,3321,3325,3333,3355,3359,3351,3348,3330],""all_points_y"":[174,154,152,152,153,176,232,250,251,235,190]}",{}
6.png,50331702,{},2346,1268,"{""name"":""polygon"",""all_points_x"":[3368,3350,3332,3322,3327,3345,3356,3361,3372,3375,3369],""all_points_y"":[289,360,423,448,449,407,365,347,301,283,279]}",{}
6.png,50331702,{},2346,1269,"{""name"":""polygon"",""all_points_x"":[3301,3300,3292,3281,3279,3285,3292,3304,3308,3311,3301],""all_points_y"":[408,427,462,485,500,497,481,450,427,404,403]}",{}
6.png,50331702,{},2346,1270,"{""name"":""polygon"",""all_points_x"":[3335,3332,3327,3321,3318,3322,3334,3336,3340,3344,3343,3337],""all_points_y"":[443,506,560,623,652,653,567,538,507,455,422,417]}",{}
6.png,50331702,{},2346,1271,"{""name"":""polygon"",""all_points_x"":[3315,3361,3381,3387,3394,3376,3329,3304,3295,3292,3301,3310],""all_points_y"":[687,649,628,625,628,644,684,705,708,702,700,693]}",{}
6.png,50331702,{},2346,1272,"{""name"":""polygon"",""all_points_x"":[2866,2879,2883,2888,2890,2892,2885,2874,2866,2863],""all_points_y"":[63,70,75,77,78,75,69,61,58,58]}",{}
6.png,50331702,{},2346,1273,"{""name"":""polygon"",""all_points_x"":[2810,2849,2863,2869,2869,2861,2842,2814,2803],""all_points_y"":[43,19,15,15,11,11,16,36,40]}",{}
6.png,50331702,{},2346,1274,"{""name"":""polygon"",""all_points_x"":[2878,2893,2896,2897,2894,2886,2874,2870,2875],""all_points_y"":[364,335,333,331,328,337,358,367,368]}",{}
6.png,50331702,{},2346,1275,"{""name"":""polygon"",""all_points_x"":[2804,2827,2851,2856,2855,2837,2824,2805,2801],""all_points_y"":[424,428,441,442,435,426,422,416,421]}",{}
6.png,50331702,{},2346,1276,"{""name"":""polygon"",""all_points_x"":[2830,2858,2873,2879,2878,2871,2858,2834,2828],""all_points_y"":[308,298,287,283,282,282,293,302,302]}",{}
6.png,50331702,{},2346,1277,"{""name"":""polygon"",""all_points_x"":[2858,2839,2836,2843,2857,2866,2862],""all_points_y"":[336,326,322,323,330,335,338]}",{}
6.png,50331702,{},2346,1278,"{""name"":""polygon"",""all_points_x"":[2901,2928,2954,2958,2957,2934,2916,2914,2906,2900,2897],""all_points_y"":[397,453,521,521,514,452,416,407,393,383,385]}",{}
6.png,50331702,{},2346,1279,"{""name"":""polygon"",""all_points_x"":[3089,3084,3083,3079,3070,3077,3084,3085,3089,3093,3096,3091],""all_points_y"":[304,327,339,358,387,388,360,354,329,313,304,300]}",{}
6.png,50331702,{},2346,1280,"{""name"":""polygon"",""all_points_x"":[3046,3053,3060,3054,3055,3053,3047],""all_points_y"":[175,211,208,179,172,162,163]}",{}
6.png,50331702,{},2346,1281,"{""name"":""polygon"",""all_points_x"":[3038,3049,3043,3035,3028,3019,3023,3032],""all_points_y"":[131,80,76,123,147,187,187,146]}",{}
6.png,50331702,{},2346,1282,"{""name"":""polygon"",""all_points_x"":[3524,3506,3486,3466,3464,3471,3505,3518,3528,3532,3526],""all_points_y"":[1,45,90,124,129,131,67,36,9,3,0]}",{}
6.png,50331702,{},2346,1283,"{""name"":""polygon"",""all_points_x"":[3466,3472,3475,3463,3459],""all_points_y"":[38,26,36,57,49]}",{}
6.png,50331702,{},2346,1284,"{""name"":""polygon"",""all_points_x"":[3460,3450,3429,3421,3426,3447,3454,3458,3468,3464],""all_points_y"":[20,58,128,158,157,91,68,51,19,17]}",{}
6.png,50331702,{},2346,1285,"{""name"":""polygon"",""all_points_x"":[3439,3433,3423,3414,3403,3400,3393,3398,3413,3421,3431,3437,3443,3443],""all_points_y"":[182,208,249,308,358,367,397,396,348,304,242,222,188,182]}",{}
6.png,50331702,{},2346,1286,"{""name"":""polygon"",""all_points_x"":[3461,3442,3437,3442,3452,3458,3468,3471,3464],""all_points_y"":[266,352,380,380,342,311,272,261,259]}",{}
6.png,50331702,{},2346,1287,"{""name"":""polygon"",""all_points_x"":[3456,3448,3434,3425,3416,3421,3435,3446,3459,3463,3458],""all_points_y"":[189,213,258,294,330,331,280,238,196,189,186]}",{}
6.png,50331702,{},2346,1288,"{""name"":""polygon"",""all_points_x"":[3448,3520,3564,3606,3614,3617,3612,3576,3492,3456,3445,3445],""all_points_y"":[380,431,462,504,515,511,502,462,403,374,372,378]}",{}
6.png,50331702,{},2346,1289,"{""name"":""polygon"",""all_points_x"":[3505,3499,3506,3509,3622,3638,3645,3648,3653,3649,3637,3565,3523,3512],""all_points_y"":[306,314,320,316,404,417,423,429,426,419,408,348,313,306]}",{}
6.png,50331702,{},2346,1290,"{""name"":""polygon"",""all_points_x"":[3577,3572,3511,3509,3508,3512,3519,3542,3570,3586,3586],""all_points_y"":[500,509,572,581,586,587,574,550,524,505,500]}",{}
6.png,50331702,{},2346,1291,"{""name"":""polygon"",""all_points_x"":[3662,3657,3656,3658,3663,3665,3670],""all_points_y"":[1,38,68,83,81,32,0]}",{}
6.png,50331702,{},2346,1292,"{""name"":""polygon"",""all_points_x"":[3683,3668,3662,3651,3656,3660,3665,3670,3672,3681,3689],""all_points_y"":[1,67,86,153,155,145,118,87,76,33,6]}",{}
6.png,50331702,{},2346,1293,"{""name"":""polygon"",""all_points_x"":[3754,3741,3715,3692,3680,3686,3700,3730,3741,3756,3761,3762,3757],""all_points_y"":[53,79,113,145,161,168,145,107,92,69,59,51,50]}",{}
6.png,50331702,{},2346,1294,"{""name"":""polygon"",""all_points_x"":[3726,3789,3843,3859,3875,3878,3861,3814,3769,3735,3727],""all_points_y"":[2,61,110,123,130,126,117,74,34,1,1]}",{}
6.png,50331702,{},2346,1295,"{""name"":""polygon"",""all_points_x"":[3756,3784,3791,3795,3783,3773,3763,3761,3756],""all_points_y"":[38,96,111,105,79,56,38,34,35]}",{}
6.png,50331702,{},2346,1296,"{""name"":""polygon"",""all_points_x"":[3833,3882,3918,3952,3970,3982,3984,3986,3957,3894,3849,3840,3835,3824,3826],""all_points_y"":[82,127,163,200,218,231,232,228,192,127,85,75,70,74,80]}",{}
6.png,50331702,{},2346,1297,"{""name"":""polygon"",""all_points_x"":[3792,3830,3876,3886,3826,3791,3788],""all_points_y"":[81,45,1,1,59,89,84]}",{}
6.png,50331702,{},2346,1298,"{""name"":""polygon"",""all_points_x"":[3754,3776,3791,3822,3832,3810,3803,3796,3794,3784,3769,3756,3750],""all_points_y"":[89,67,42,3,0,28,37,46,48,65,84,96,92]}",{}
6.png,50331702,{},2346,1299,"{""name"":""polygon"",""all_points_x"":[3645,3684,3698,3702,3688,3656,3624,3620,3619],""all_points_y"":[253,197,180,186,204,251,287,288,282]}",{}
6.png,50331702,{},2346,1300,"{""name"":""polygon"",""all_points_x"":[3617,3617,3621,3630,3629,3626,3624,3622,3617,3610,3607,3601,3594,3602,3613,3617,3619],""all_points_y"":[211,201,194,200,213,229,254,264,305,346,373,396,392,365,277,236,218]}",{}
6.png,50331702,{},2346,1301,"{""name"":""polygon"",""all_points_x"":[3715,3729,3734,3738,3742,3741,3733,3715,3699,3685,3680,3673,3669,3677,3681,3692,3698],""all_points_y"":[487,470,465,459,465,472,474,496,516,541,545,553,551,540,536,516,506]}",{}
6.png,50331702,{},2346,1302,"{""name"":""polygon"",""all_points_x"":[3623,3624,3640,3658,3676,3680,3681,3662,3650,3641,3634,3624],""all_points_y"":[348,342,328,306,286,285,291,312,325,339,349,353]}",{}
6.png,50331702,{},2346,1303,"{""name"":""polygon"",""all_points_x"":[3608,3620,3632,3655,3664,3669,3677,3667,3661,3626,3611,3605],""all_points_y"":[415,390,373,347,335,334,344,350,350,391,421,424]}",{}
6.png,50331702,{},2346,1304,"{""name"":""polygon"",""all_points_x"":[3590,3606,3608,3614,3626,3628,3636,3629,3621,3610,3602,3597,3590],""all_points_y"":[451,405,398,378,353,346,350,364,380,410,438,456,454]}",{}
6.png,50331702,{},2346,1305,"{""name"":""polygon"",""all_points_x"":[3538,3541,3559,3569,3574,3560,3548,3543,3540,3535,3534],""all_points_y"":[586,584,553,541,542,564,584,594,597,598,590]}",{}
6.png,50331702,{},2346,1306,"{""name"":""polygon"",""all_points_x"":[3750,3752,3753,3753,3754,3757,3761,3759,3759,3758,3758,3758],""all_points_y"":[414,447,489,514,576,592,590,539,508,486,447,409]}",{}
6.png,50331702,{},2346,1307,"{""name"":""polygon"",""all_points_x"":[3798,3784,3775,3780,3791,3795,3806,3801],""all_points_y"":[464,527,586,586,530,510,465,461]}",{}
6.png,50331702,{},2346,1308,"{""name"":""polygon"",""all_points_x"":[3775,3779,3784,3790,3796,3788,3783,3780,3776],""all_points_y"":[91,120,129,163,157,120,113,86,85]}",{}
6.png,50331702,{},2346,1309,"{""name"":""polygon"",""all_points_x"":[3895,3901,3909,3918,3924,3924,3932,3931,3930,3917,3909,3905,3901,3897],""all_points_y"":[164,192,216,242,270,283,281,268,257,216,190,176,161,160]}",{}
6.png,50331702,{},2346,1310,"{""name"":""polygon"",""all_points_x"":[3974,4062,4075,4074,4067,4019,3974,3970],""all_points_y"":[186,127,117,112,116,150,181,185]}",{}
6.png,50331702,{},2346,1311,"{""name"":""polygon"",""all_points_x"":[4044,4079,4079,4041,4040],""all_points_y"":[70,82,75,65,68]}",{}
6.png,50331702,{},2346,1312,"{""name"":""polygon"",""all_points_x"":[3928,3942,3963,3967,3947,3927],""all_points_y"":[47,49,59,53,44,44]}",{}
6.png,50331702,{},2346,1313,"{""name"":""polygon"",""all_points_x"":[3860,3883,3900,3902,3881,3861],""all_points_y"":[70,73,80,76,67,65]}",{}
6.png,50331702,{},2346,1314,"{""name"":""polygon"",""all_points_x"":[3880,3892,3920,3934,3940,3944,3919,3906,3889,3880,3863,3867],""all_points_y"":[55,64,100,119,129,123,88,72,55,48,55,61]}",{}
6.png,50331702,{},2346,1315,"{""name"":""polygon"",""all_points_x"":[4094,4084,4077,4045,4047,4073,4088,4096,4096],""all_points_y"":[205,210,216,231,236,225,213,210,204]}",{}
6.png,50331702,{},2346,1316,"{""name"":""polygon"",""all_points_x"":[3998,3997,3987,3975,3961,3963,3967,3980,3982,3997,4003,4006,4002],""all_points_y"":[178,186,206,232,274,279,278,242,235,200,187,184,179]}",{}
6.png,50331702,{},2346,1317,"{""name"":""polygon"",""all_points_x"":[3990,3971,3963,3951,3937,3936,3943,3947,3959,3972,3989,3996,3997,3997],""all_points_y"":[340,369,381,407,429,444,444,425,403,381,355,346,342,337]}",{}
6.png,50331702,{},2346,1318,"{""name"":""polygon"",""all_points_x"":[3904,3945,3978,3986,3991,3972,3949,3888,3880],""all_points_y"":[347,385,419,424,420,404,381,327,328]}",{}
6.png,50331702,{},2346,1319,"{""name"":""polygon"",""all_points_x"":[3851,3852,3852,3859,3859,3859,3859,3855],""all_points_y"":[313,339,365,365,338,327,314,313]}",{}
6.png,50331702,{},2346,1320,"{""name"":""polygon"",""all_points_x"":[3845,3845,3848,3862,3876,3881,3868,3854,3853,3847],""all_points_y"":[291,301,307,320,325,321,313,301,291,287]}",{}
6.png,50331702,{},2346,1321,"{""name"":""polygon"",""all_points_x"":[3787,3815,3820,3832,3844,3846,3833,3823,3798,3791],""all_points_y"":[426,463,471,476,493,488,470,464,431,423]}",{}
6.png,50331702,{},2346,1322,"{""name"":""polygon"",""all_points_x"":[3872,3875,3861,3856,3855,3858,3862,3861,3877,3883,3883,3875],""all_points_y"":[399,405,447,462,466,502,500,464,419,401,396,393]}",{}
6.png,50331702,{},2346,1323,"{""name"":""polygon"",""all_points_x"":[3836,3891,3921,3923,3918,3908,3881,3865,3832],""all_points_y"":[596,531,502,498,492,502,533,551,594]}",{}
6.png,50331702,{},2346,1324,"{""name"":""polygon"",""all_points_x"":[3697,3710,3715,3720,3718,3714,3703,3696],""all_points_y"":[520,538,578,578,543,531,514,514]}",{}
6.png,50331702,{},2346,1325,"{""name"":""polygon"",""all_points_x"":[3705,3706,3708,3707,3712,3712,3712,3711,3708,3703],""all_points_y"":[577,625,665,714,715,642,601,578,561,560]}",{}
6.png,50331702,{},2346,1326,"{""name"":""polygon"",""all_points_x"":[3651,3649,3648,3644,3640,3617,3615,3622,3645,3647,3652,3655,3659,3653],""all_points_y"":[609,619,633,675,709,787,791,794,715,703,646,617,607,604]}",{}
6.png,50331702,{},2346,1327,"{""name"":""polygon"",""all_points_x"":[3993,4018,4025,4025,4030,4033,4014,3998,3992],""all_points_y"":[385,429,443,449,450,439,404,381,380]}",{}
6.png,50331702,{},2346,1328,"{""name"":""polygon"",""all_points_x"":[4008,4000,3990,3995,4007,4016,4019,4013],""all_points_y"":[486,514,559,559,510,480,470,470]}",{}
6.png,50331702,{},2346,1329,"{""name"":""polygon"",""all_points_x"":[4020,4011,3999,3996,4004,4012,4020,4026,4020],""all_points_y"":[458,504,563,570,570,527,487,458,456]}",{}
6.png,50331702,{},2346,1330,"{""name"":""polygon"",""all_points_x"":[3900,3907,3911,3921,3925,3927,3934,3928,3914,3913,3906],""all_points_y"":[461,481,495,522,543,554,553,521,480,471,458]}",{}
6.png,50331702,{},2346,1331,"{""name"":""polygon"",""all_points_x"":[4059,4042,4031,4038,4059,4064,4068,4061],""all_points_y"":[431,482,512,512,455,437,424,418]}",{}
6.png,50331702,{},2346,1332,"{""name"":""polygon"",""all_points_x"":[3897,3958,4012,4023,4038,4039,4018,4006,3999,3939,3902,3897],""all_points_y"":[655,681,703,708,709,703,700,693,693,664,650,650]}",{}
6.png,50331702,{},2346,1333,"{""name"":""polygon"",""all_points_x"":[4042,4029,4024,4017,4014,4019,4025,4032,4035,4042,4048,4044],""all_points_y"":[529,574,610,632,652,652,627,608,579,550,532,526]}",{}
6.png,50331702,{},2346,1334,"{""name"":""polygon"",""all_points_x"":[4063,4096,4095,4069,4068,4060,4058],""all_points_y"":[581,649,636,579,574,571,576]}",{}
6.png,50331702,{},2346,1335,"{""name"":""polygon"",""all_points_x"":[4048,4051,4050,4046,4043,4020,4012,4009,4002,4006,4016,4017],""all_points_y"":[562,556,553,555,565,604,617,626,643,642,624,617]}",{}
6.png,50331702,{},2346,1336,"{""name"":""polygon"",""all_points_x"":[3787,3809,3813,3824,3828,3817,3813,3801,3793,3788,3785],""all_points_y"":[707,768,788,808,804,781,760,727,702,700,703]}",{}
6.png,50331702,{},2346,1337,"{""name"":""polygon"",""all_points_x"":[3845,3864,3875,3878,3887,3891,3889,3883,3877,3870,3861,3852,3851,3846],""all_points_y"":[687,743,784,808,845,842,825,796,767,742,711,687,681,683]}",{}
6.png,50331702,{},2346,1338,"{""name"":""polygon"",""all_points_x"":[3853,3870,3905,3915,3920,3936,3941,3939,3922,3913,3869,3865,3857],""all_points_y"":[658,675,702,714,714,730,731,727,710,703,664,657,653]}",{}
6.png,50331702,{},2346,1339,"{""name"":""polygon"",""all_points_x"":[3878,3930,3937,3947,3961,3999,4005,4017,4050,4050,4019,4004,3982,3938,3886,3880],""all_points_y"":[698,743,749,761,768,804,812,825,848,842,817,799,780,741,696,694]}",{}
6.png,50331702,{},2346,1340,"{""name"":""polygon"",""all_points_x"":[3963,3957,3962,3967],""all_points_y"":[587,587,626,622]}",{}
6.png,50331702,{},2346,1341,"{""name"":""polygon"",""all_points_x"":[3957,3957,3957,3956,3958,3962,3961,3963,3964,3964,3959],""all_points_y"":[688,720,751,761,777,776,755,742,710,687,684]}",{}
6.png,50331702,{},2346,1342,"{""name"":""polygon"",""all_points_x"":[3926,3939,3947,3946,3924,3918,3913],""all_points_y"":[505,516,518,514,492,486,488]}",{}
6.png,50331702,{},2346,1343,"{""name"":""polygon"",""all_points_x"":[3859,3870,3871,3875,3878,3879,3877,3865,3858,3851],""all_points_y"":[420,443,457,481,480,455,439,415,407,409]}",{}
6.png,50331702,{},2346,1344,"{""name"":""polygon"",""all_points_x"":[4089,4084,4084,4086,4084,4083,4084,4086,4086,4083,4081,4081,4086,4088,4093,4089,4092,4095,4091],""all_points_y"":[710,716,722,728,761,780,784,790,798,811,826,845,846,812,796,778,734,728,720]}",{}
6.png,50331702,{},2346,1345,"{""name"":""polygon"",""all_points_x"":[4010,4051,4074,4093,4095,4095,4045,4012,4000,4000],""all_points_y"":[769,795,812,825,826,816,782,762,759,767]}",{}
6.png,50331702,{},2346,1346,"{""name"":""polygon"",""all_points_x"":[4044,4095,4095,4046,4029,4031],""all_points_y"":[778,813,806,771,772,778]}",{}
6.png,50331702,{},2346,1347,"{""name"":""polygon"",""all_points_x"":[4017,4024,4028,4034,4040,4040,4033,4027,4025,4022,4012],""all_points_y"":[808,846,873,916,918,912,853,832,809,796,794]}",{}
6.png,50331702,{},2346,1348,"{""name"":""polygon"",""all_points_x"":[3943,3949,3967,3967,3986,3989,3994,3991,3992,3986,3973,3973,3961,3954,3947,3941],""all_points_y"":[962,978,1027,1032,1061,1081,1080,1066,1061,1050,1031,1022,983,959,955,959]}",{}
6.png,50331702,{},2346,1349,"{""name"":""polygon"",""all_points_x"":[4000,4014,4014,4021,4029,4033,4036,4026,4012,4005,3998,3997],""all_points_y"":[978,1016,1021,1035,1063,1068,1065,1027,990,970,966,971]}",{}
6.png,50331702,{},2346,1350,"{""name"":""polygon"",""all_points_x"":[4019,4013,4022,4028,4027,4035,4036,4039,4031,4029,4021],""all_points_y"":[870,860,849,856,871,933,968,1003,997,948,882]}",{}
6.png,50331702,{},2346,1351,"{""name"":""polygon"",""all_points_x"":[4003,4019,4029,4029,4019,4010,4011,4005,3997],""all_points_y"":[910,971,1001,978,936,905,898,898,903]}",{}
6.png,50331702,{},2346,1352,"{""name"":""polygon"",""all_points_x"":[3907,3913,3911,3902,3908,3919,3920,3915,3910],""all_points_y"":[875,898,937,1020,1020,917,898,875,872]}",{}
6.png,50331702,{},2346,1353,"{""name"":""polygon"",""all_points_x"":[3851,3856,3861,3864,3870,3872,3866,3859,3856,3854,3851,3842,3847],""all_points_y"":[866,898,922,930,930,923,914,863,857,854,849,855,863]}",{}
6.png,50331702,{},2346,1354,"{""name"":""polygon"",""all_points_x"":[3790,3791,3781,3774,3773,3779,3780,3781,3792,3797,3799,3795,3790],""all_points_y"":[835,840,897,929,965,966,944,923,874,843,840,831,831]}",{}
6.png,50331702,{},2346,1355,"{""name"":""polygon"",""all_points_x"":[3508,3518,3517,3501,3498,3510,3515,3518,3522,3519,3505,3509,3524,3525,3521,3513,3506],""all_points_y"":[708,731,740,770,779,807,813,829,829,810,782,768,742,727,715,702,702]}",{}
6.png,50331702,{},2346,1356,"{""name"":""polygon"",""all_points_x"":[3409,3411,3415,3430,3441,3449,3454,3459,3447,3433,3418,3417,3414,3412,3406,3404,3405],""all_points_y"":[752,778,797,863,896,911,920,918,895,848,784,755,746,742,741,748,752]}",{}
6.png,50331702,{},2346,1357,"{""name"":""polygon"",""all_points_x"":[3536,3554,3559,3566,3571,3582,3587,3593,3588,3587,3576,3572,3564,3553,3548,3547,3537,3535],""all_points_y"":[952,992,1006,1017,1038,1058,1077,1074,1058,1052,1027,1011,999,968,961,951,945,949]}",{}
6.png,50331702,{},2346,1358,"{""name"":""polygon"",""all_points_x"":[4054,4053,4058,4062,4061,4055,4043,4038,4037,4034,4048],""all_points_y"":[881,877,873,874,883,900,934,944,949,940,901]}",{}
6.png,50331702,{},2346,1359,"{""name"":""polygon"",""all_points_x"":[4066,4073,4095,4095,4062,4040,4043],""all_points_y"":[931,928,901,896,930,950,952]}",{}
6.png,50331702,{},2346,1360,"{""name"":""polygon"",""all_points_x"":[4095,4095,4065,4064,4042,4042,4066,4071],""all_points_y"":[924,917,933,935,944,946,940,934]}",{}
6.png,50331702,{},2346,1361,"{""name"":""polygon"",""all_points_x"":[4084,4067,4047,4051,4078,4089,4093,4088],""all_points_y"":[931,962,1001,1001,957,935,929,926]}",{}
6.png,50331702,{},2346,1362,"{""name"":""polygon"",""all_points_x"":[4051,4045,4039,4039,4043,4057,4058,4058,4062,4058,4054,4051,4051],""all_points_y"":[926,914,908,903,903,923,931,961,984,988,965,960,931]}",{}
6.png,50331702,{},2346,1363,"{""name"":""polygon"",""all_points_x"":[4060,4057,4058,4062,4062,4065],""all_points_y"":[1013,1058,1072,1073,1042,1017]}",{}
6.png,50331702,{},2346,1364,"{""name"":""polygon"",""all_points_x"":[3589,3590,3600,3609,3654,3669,3671,3694,3699,3676,3671,3626,3600,3590],""all_points_y"":[876,879,883,886,918,925,929,940,936,925,920,891,874,871]}",{}
6.png,50331702,{},2346,1365,"{""name"":""polygon"",""all_points_x"":[3634,3639,3654,3655,3654,3662,3662,3657,3641,3644,3641,3639,3632,3630,3629,3633,3637,3637],""all_points_y"":[951,935,889,882,879,877,885,896,948,965,976,982,1011,1010,1009,982,971,956]}",{}
6.png,50331702,{},2346,1366,"{""name"":""polygon"",""all_points_x"":[4007,4029,4033,4037,4032,4020,4017,4014,4007,3999],""all_points_y"":[1048,1013,1007,1009,1019,1041,1047,1048,1066,1059]}",{}
6.png,50331702,{},2346,1367,"{""name"":""polygon"",""all_points_x"":[4081,4096,4096,4087,4087,4088,4079,4074,4080,4083],""all_points_y"":[1059,1021,1038,1061,1065,1073,1109,1105,1084,1071]}",{}
6.png,50331702,{},2346,1368,"{""name"":""polygon"",""all_points_x"":[4051,4045,4035,4043,4053,4058,4059,4051],""all_points_y"":[1058,1041,1022,1024,1041,1058,1063,1061]}",{}
6.png,50331702,{},2346,1369,"{""name"":""polygon"",""all_points_x"":[3915,3917,3917,3917,3918,3911,3910,3912,3916,3924,3936,3938,3941,3922,3918,3917,3926,3924,3924,3917],""all_points_y"":[1034,1042,1051,1058,1067,1073,1078,1098,1109,1119,1134,1134,1130,1109,1096,1076,1068,1037,1033,1029]}",{}
6.png,50331702,{},2346,1370,"{""name"":""polygon"",""all_points_x"":[3962,3982,3987,3990,4002,4012,4017,4017,4025,4016,4001,3999,3977,3963,3956,3943,3944,3954],""all_points_y"":[1075,1117,1128,1139,1163,1190,1201,1207,1200,1185,1147,1142,1086,1062,1056,1054,1060,1063]}",{}
6.png,50331702,{},2346,1371,"{""name"":""polygon"",""all_points_x"":[4032,4035,4035,4035,4036,4039,4043,4044,4044,4049,4048,4048,4046,4042,4041,4038,4036,4034,4028,4027],""all_points_y"":[1105,1131,1139,1149,1157,1159,1185,1205,1210,1213,1186,1177,1164,1148,1129,1116,1103,1099,1099,1104]}",{}
6.png,50331702,{},2346,1372,"{""name"":""polygon"",""all_points_x"":[4002,4008,4012,4016,4022,4026,4029,4036,4040,4047,4041,4027,4021,4020,4016,4010],""all_points_y"":[1073,1096,1128,1153,1165,1180,1201,1205,1231,1233,1200,1158,1147,1131,1110,1074]}",{}
6.png,50331702,{},2346,1373,"{""name"":""polygon"",""all_points_x"":[3955,3965,3975,4001,4020,4027,4020,3980,3963,3949,3947],""all_points_y"":[1178,1190,1203,1230,1256,1250,1243,1194,1173,1169,1176]}",{}
6.png,50331702,{},2346,1374,"{""name"":""polygon"",""all_points_x"":[4034,4043,4051,4075,4075,4058,4046,4035],""all_points_y"":[1249,1261,1265,1283,1279,1261,1255,1245]}",{}
6.png,50331702,{},2346,1375,"{""name"":""polygon"",""all_points_x"":[3924,3924,3922,3921,3920,3920,3920,3917,3919,3923,3922,3926,3926,3928,3930,3931,3931,3925],""all_points_y"":[1122,1137,1166,1174,1189,1201,1224,1240,1261,1259,1238,1216,1189,1177,1162,1120,1115,1115]}",{}
6.png,50331702,{},2346,1376,"{""name"":""polygon"",""all_points_x"":[3891,3905,3916,3931,3936,3945,3957,3960,3945,3926,3904,3898,3889],""all_points_y"":[1175,1194,1210,1234,1239,1246,1249,1245,1239,1217,1180,1169,1165]}",{}
6.png,50331702,{},2346,1377,"{""name"":""polygon"",""all_points_x"":[3900,3894,3896,3900,3908,3924,3932,3937,3940,3931,3913,3904],""all_points_y"":[1128,1133,1139,1150,1179,1244,1277,1279,1275,1249,1166,1136]}",{}
6.png,50331702,{},2346,1378,"{""name"":""polygon"",""all_points_x"":[3946,3951,3953,3957,3964,3967,3978,3981,3983,3988,3987,3977,3974,3968,3963,3960,3957,3955,3953,3946],""all_points_y"":[1572,1601,1625,1644,1666,1675,1707,1725,1739,1740,1714,1679,1667,1655,1628,1612,1591,1579,1562,1561]}",{}
6.png,50331702,{},2346,1379,"{""name"":""polygon"",""all_points_x"":[3813,3819,3819,3822,3827,3831,3835,3837,3844,3852,3857,3846,3843,3841,3835,3831,3826,3823,3823,3817],""all_points_y"":[1393,1426,1437,1450,1486,1507,1516,1533,1560,1585,1582,1548,1530,1511,1496,1472,1434,1401,1392,1390]}",{}
6.png,50331702,{},2346,1380,"{""name"":""polygon"",""all_points_x"":[3772,3803,3838,3856,3868,3872,3841,3811,3773],""all_points_y"":[1424,1456,1495,1515,1532,1526,1491,1456,1416]}",{}
6.png,50331702,{},2346,1381,"{""name"":""polygon"",""all_points_x"":[3868,3926,3951,3967,3993,4015,4024,4039,4047,4051,4036,4012,3976,3964,3936,3892,3875,3867],""all_points_y"":[1257,1295,1310,1320,1335,1350,1358,1367,1368,1362,1358,1341,1316,1313,1294,1265,1251,1252]}",{}
6.png,50331702,{},2346,1382,"{""name"":""polygon"",""all_points_x"":[3878,3874,3870,3864,3861,3857,3857,3850,3854,3857,3863,3864,3867,3871,3875,3877,3878,3883,3884],""all_points_y"":[1210,1216,1241,1262,1281,1294,1306,1338,1343,1325,1306,1292,1272,1259,1244,1236,1224,1215,1210]}",{}
6.png,50331702,{},2346,1383,"{""name"":""polygon"",""all_points_x"":[3833,3850,3868,3881,3888,3899,3901,3906,3906,3896,3885,3874,3853,3838],""all_points_y"":[1333,1296,1271,1249,1237,1224,1218,1217,1223,1232,1252,1272,1304,1333]}",{}
6.png,50331702,{},2346,1384,"{""name"":""polygon"",""all_points_x"":[3994,4018,4034,4080,4094,4094,4038,4025,4006,3998,3994],""all_points_y"":[1321,1335,1352,1384,1394,1388,1347,1333,1322,1316,1316]}",{}
6.png,50331702,{},2346,1385,"{""name"":""polygon"",""all_points_x"":[4016,4033,4048,4051,4026,4021,4019,4012],""all_points_y"":[1311,1333,1348,1344,1316,1307,1305,1305]}",{}
6.png,50331702,{},2346,1386,"{""name"":""polygon"",""all_points_x"":[3706,3708,3709,3710,3710,3705,3704,3708,3715,3715,3719,3715,3714,3713,3715,3714,3708],""all_points_y"":[1004,1059,1084,1104,1114,1133,1137,1138,1119,1110,1104,1076,1039,1016,1007,1002,999]}",{}
6.png,50331702,{},2346,1387,"{""name"":""polygon"",""all_points_x"":[3720,3730,3728,3732,3738,3746,3751,3741,3735,3733,3735,3727,3724,3720],""all_points_y"":[1087,1118,1126,1133,1136,1165,1162,1134,1127,1123,1116,1091,1086,1084]}",{}
6.png,50331702,{},2346,1388,"{""name"":""polygon"",""all_points_x"":[3747,3753,3774,3791,3791,3796,3803,3810,3814,3804,3802,3799,3798,3795,3775,3764,3756,3746,3742],""all_points_y"":[953,957,986,1005,1014,1027,1040,1047,1044,1028,1023,1017,1014,1000,975,960,950,947,951]}",{}
6.png,50331702,{},2346,1389,"{""name"":""polygon"",""all_points_x"":[3761,3763,3767,3774,3776,3779,3788,3789,3793,3786,3779,3773,3770,3767,3761],""all_points_y"":[1008,1013,1018,1043,1051,1065,1099,1103,1100,1068,1038,1019,1010,1006,1005]}",{}
6.png,50331702,{},2346,1390,"{""name"":""polygon"",""all_points_x"":[3749,3748,3748,3748,3748,3754,3756,3755,3757,3758,3761,3756,3754,3753,3748,3749,3749,3753,3752,3752],""all_points_y"":[1051,1047,1037,1031,1027,1028,1033,1043,1061,1087,1100,1110,1123,1139,1139,1131,1118,1101,1081,1070]}",{}
6.png,50331702,{},2346,1391,"{""name"":""polygon"",""all_points_x"":[3744,3749,3759,3764,3770,3775,3770,3768,3764,3760,3750,3748,3748,3743],""all_points_y"":[1069,1094,1119,1148,1165,1165,1148,1133,1119,1108,1074,1064,1056,1057]}",{}
6.png,50331702,{},2346,1392,"{""name"":""polygon"",""all_points_x"":[3681,3679,3682,3692,3697,3698,3703,3704,3694,3688,3686],""all_points_y"":[1038,1031,1017,999,988,983,981,985,1011,1018,1031]}",{}
6.png,50331702,{},2346,1393,"{""name"":""polygon"",""all_points_x"":[3683,3685,3689,3692,3694,3698,3699,3696,3694,3690],""all_points_y"":[950,944,915,883,881,881,888,900,921,957]}",{}
6.png,50331702,{},2346,1394,"{""name"":""polygon"",""all_points_x"":[3652,3665,3679,3683,3684,3696,3701,3690,3689,3687,3678,3664,3664,3658,3658,3651,3648],""all_points_y"":[1097,1138,1175,1185,1192,1238,1235,1199,1191,1183,1160,1118,1113,1094,1089,1089,1092]}",{}
6.png,50331702,{},2346,1395,"{""name"":""polygon"",""all_points_x"":[3682,3694,3705,3715,3716,3703,3698,3688,3682,3678],""all_points_y"":[1167,1184,1200,1209,1200,1185,1175,1162,1161,1162]}",{}
6.png,50331702,{},2346,1396,"{""name"":""polygon"",""all_points_x"":[3801,3802,3799,3800,3801,3807,3809,3808,3808,3807,3809,3804,3798,3798],""all_points_y"":[887,906,918,952,964,964,957,921,904,884,875,872,876,881]}",{}
6.png,50331702,{},2346,1397,"{""name"":""polygon"",""all_points_x"":[3797,3799,3800,3803,3805,3805,3803,3802,3800,3790,3792],""all_points_y"":[1053,1033,1014,1012,1019,1033,1044,1059,1071,1069,1059]}",{}
6.png,50331702,{},2346,1398,"{""name"":""polygon"",""all_points_x"":[3715,3735,3740,3761,3776,3784,3787,3766,3746,3739,3730,3708,3708],""all_points_y"":[900,914,923,939,951,957,954,939,922,913,906,890,894]}",{}
6.png,50331702,{},2346,1399,"{""name"":""polygon"",""all_points_x"":[3224,3216,3216,3212,3212,3219,3223,3232,3247,3251,3253,3244,3239,3241,3245,3233],""all_points_y"":[979,971,964,955,952,951,959,974,1014,1029,1034,1061,1058,1046,1033,1001]}",{}
6.png,50331702,{},2346,1400,"{""name"":""polygon"",""all_points_x"":[3325,3343,3357,3363,3369,3390,3398,3408,3396,3369,3339,3327,3319,3299,3291,3296,3309,3313,3320],""all_points_y"":[1023,989,960,951,934,902,882,885,908,959,1018,1043,1050,1092,1084,1079,1049,1043,1036]}",{}
6.png,50331702,{},2346,1401,"{""name"":""polygon"",""all_points_x"":[3404,3397,3371,3353,3359,3374],""all_points_y"":[817,812,873,918,921,886]}",{}
6.png,50331702,{},2346,1402,"{""name"":""polygon"",""all_points_x"":[3273,3272,3272,3272,3272,3268,3270,3275,3275,3279,3281,3283,3287,3283,3279,3273],""all_points_y"":[854,884,902,921,935,945,958,960,946,935,881,866,857,854,850,851]}",{}
6.png,50331702,{},2346,1403,"{""name"":""polygon"",""all_points_x"":[3280,3290,3301,3361,3389,3394,3385,3376,3346,3338,3316,3292],""all_points_y"":[1016,1021,1005,924,888,880,877,892,924,940,971,1005]}",{}
6.png,50331702,{},2346,1404,"{""name"":""polygon"",""all_points_x"":[3245,3253,3257,3264,3267,3279,3284,3291,3275,3269,3266,3262,3256,3255,3248],""all_points_y"":[869,894,914,952,966,982,994,992,963,933,912,887,871,865,865]}",{}
6.png,50331702,{},2346,1405,"{""name"":""polygon"",""all_points_x"":[3272,3276,3281,3285,3292,3289,3285,3280,3279,3273,3270],""all_points_y"":[986,1017,1032,1063,1060,1048,1026,998,981,977,981]}",{}
6.png,50331702,{},2346,1406,"{""name"":""polygon"",""all_points_x"":[3293,3292,3293,3295,3296,3293,3293,3290,3294,3299,3299,3297,3300,3300,3297,3296,3293],""all_points_y"":[965,953,948,940,916,899,885,882,879,879,882,888,929,942,950,965,968]}",{}
6.png,50331702,{},2346,1407,"{""name"":""polygon"",""all_points_x"":[3333,3352,3354,3364,3371,3397,3409,3414,3385,3358,3356,3339,3334],""all_points_y"":[926,940,945,950,956,972,982,979,959,941,935,923,923]}",{}
6.png,50331702,{},2346,1408,"{""name"":""polygon"",""all_points_x"":[3443,3443,3441,3440,3443,3437,3443,3447,3447,3449,3449,3450,3449,3443],""all_points_y"":[1184,1195,1204,1233,1241,1254,1255,1241,1228,1223,1206,1195,1178,1178]}",{}
6.png,50331702,{},2346,1409,"{""name"":""polygon"",""all_points_x"":[3352,3364,3367,3373,3377,3369,3367,3353,3348],""all_points_y"":[1251,1277,1285,1296,1293,1280,1272,1239,1239]}",{}
6.png,50331702,{},2346,1410,"{""name"":""polygon"",""all_points_x"":[3467,3498,3535,3552,3555,3561,3570,3591,3592,3567,3560,3545,3486,3480,3462,3465],""all_points_y"":[1143,1158,1183,1196,1196,1206,1215,1229,1223,1204,1192,1184,1142,1141,1135,1144]}",{}
6.png,50331702,{},2346,1411,"{""name"":""polygon"",""all_points_x"":[3451,3461,3463,3470,3471,3476,3476,3477,3476,3477,3468,3470,3468,3465,3464,3463,3457,3452,3446,3446,3449],""all_points_y"":[1213,1194,1183,1171,1148,1126,1119,1116,1108,1098,1098,1116,1135,1147,1155,1167,1183,1196,1214,1222,1222]}",{}
6.png,50331702,{},2346,1412,"{""name"":""polygon"",""all_points_x"":[3474,3483,3503,3518,3523,3529,3536,3537,3552,3557,3557,3543,3540,3526,3505,3483,3479,3473],""all_points_y"":[1148,1171,1221,1261,1275,1277,1289,1299,1309,1311,1305,1293,1282,1266,1208,1153,1145,1145]}",{}
6.png,50331702,{},2346,1413,"{""name"":""polygon"",""all_points_x"":[3456,3483,3494,3498,3486,3467,3461],""all_points_y"":[1471,1414,1393,1395,1421,1462,1479]}",{}
6.png,50331702,{},2346,1414,"{""name"":""polygon"",""all_points_x"":[3527,3530,3530,3533,3540,3545,3550,3546,3545,3538,3537,3535,3535,3532,3526],""all_points_y"":[1070,1082,1098,1106,1119,1143,1143,1123,1118,1102,1087,1077,1064,1058,1062]}",{}
6.png,50331702,{},2346,1415,"{""name"":""polygon"",""all_points_x"":[3569,3586,3595,3603,3608,3599,3598,3579,3567,3566],""all_points_y"":[1160,1172,1181,1204,1198,1178,1173,1155,1150,1157]}",{}
6.png,50331702,{},2346,1416,"{""name"":""polygon"",""all_points_x"":[3813,3819,3818,3823,3822,3825,3831,3829,3829,3823,3820,3818,3815,3811,3808],""all_points_y"":[1066,1103,1121,1130,1141,1150,1152,1131,1126,1089,1075,1061,1049,1049,1050]}",{}
6.png,50331702,{},2346,1417,"{""name"":""polygon"",""all_points_x"":[3781,3784,3787,3792,3792,3795,3796,3800,3806,3798,3795,3792,3791,3786,3785,3785,3781],""all_points_y"":[1100,1125,1133,1166,1175,1183,1192,1212,1211,1182,1160,1136,1129,1110,1100,1096,1096]}",{}
6.png,50331702,{},2346,1418,"{""name"":""polygon"",""all_points_x"":[3794,3791,3786,3782,3783,3787,3791,3789,3792,3796,3799,3799],""all_points_y"":[1280,1295,1348,1384,1411,1411,1371,1364,1326,1299,1288,1282]}",{}
6.png,50331702,{},2346,1419,"{""name"":""polygon"",""all_points_x"":[3804,3822,3831,3835,3840,3852,3860,3881,3887,3878,3846,3830,3815,3809],""all_points_y"":[1321,1347,1363,1370,1378,1390,1404,1428,1431,1416,1375,1349,1326,1319]}",{}
6.png,50331702,{},2346,1420,"{""name"":""polygon"",""all_points_x"":[3845,3855,3873,3889,3894,3885,3877,3866,3859,3849,3847,3841],""all_points_y"":[1510,1540,1596,1658,1657,1624,1596,1558,1538,1512,1503,1504]}",{}
6.png,50331702,{},2346,1421,"{""name"":""polygon"",""all_points_x"":[3734,3742,3749,3752,3756,3766,3770,3760,3757,3752,3749,3744,3739,3734],""all_points_y"":[1263,1280,1301,1303,1315,1320,1315,1306,1300,1295,1283,1270,1259,1258]}",{}
6.png,50331702,{},2346,1422,"{""name"":""polygon"",""all_points_x"":[3841,3842,3845,3866,3899,3909,3913,3886,3855,3851,3844],""all_points_y"":[1356,1362,1365,1392,1438,1452,1447,1411,1365,1360,1354]}",{}
6.png,50331702,{},2346,1423,"{""name"":""polygon"",""all_points_x"":[3837,3837,3862,3889,3891,3913,3914,3894,3881],""all_points_y"":[1356,1365,1396,1434,1441,1461,1455,1434,1410]}",{}
6.png,50331702,{},2346,1424,"{""name"":""polygon"",""all_points_x"":[4002,4000,3991,3986,3979,3980,3982,3987,3986,3992,3998,4006,4008,4011,4005],""all_points_y"":[1415,1430,1472,1486,1512,1534,1555,1554,1514,1485,1469,1433,1418,1407,1405]}",{}
6.png,50331702,{},2346,1425,"{""name"":""polygon"",""all_points_x"":[3953,3953,3953,3958,3958,3959,3958,3958,3950],""all_points_y"":[1397,1424,1432,1430,1414,1404,1397,1389,1389]}",{}
6.png,50331702,{},2346,1426,"{""name"":""polygon"",""all_points_x"":[3965,3982,3987,3990,3980,3976,3970,3965],""all_points_y"":[1391,1420,1422,1421,1408,1396,1387,1386]}",{}
6.png,50331702,{},2346,1427,"{""name"":""polygon"",""all_points_x"":[3583,3593,3604,3608,3622,3627,3642,3647,3648,3639,3632,3628,3616,3608,3599,3590,3586,3581],""all_points_y"":[1199,1225,1253,1264,1298,1318,1345,1347,1341,1326,1310,1297,1265,1246,1227,1199,1191,1192]}",{}
6.png,50331702,{},2346,1428,"{""name"":""polygon"",""all_points_x"":[3772,3751,3732,3713,3709,3712,3726,3756,3771,3775,3775],""all_points_y"":[1220,1251,1279,1307,1313,1316,1299,1253,1233,1228,1222]}",{}
6.png,50331702,{},2346,1429,"{""name"":""polygon"",""all_points_x"":[3805,3797,3783,3787,3798,3798,3809,3812,3816,3811,3805],""all_points_y"":[1098,1129,1166,1168,1145,1137,1105,1101,1098,1093,1095]}",{}
6.png,50331702,{},2346,1430,"{""name"":""polygon"",""all_points_x"":[3809,3800,3796,3800,3807,3812,3815,3818,3817,3812],""all_points_y"":[1119,1158,1171,1171,1150,1132,1121,1116,1110,1111]}",{}
6.png,50331702,{},2346,1431,"{""name"":""polygon"",""all_points_x"":[3532,3529,3523,3528,3536,3537,3536,3539,3534],""all_points_y"":[1164,1200,1224,1222,1199,1185,1169,1157,1157]}",{}
6.png,50331702,{},2346,1432,"{""name"":""polygon"",""all_points_x"":[3572,3602,3626,3630,3632,3620,3605,3603,3577,3574,3570],""all_points_y"":[1334,1377,1415,1420,1415,1395,1373,1366,1332,1330,1331]}",{}
6.png,50331702,{},2346,1433,"{""name"":""polygon"",""all_points_x"":[3626,3625,3628,3630,3630,3636,3642,3647,3642,3636,3631,3630,3629,3631],""all_points_y"":[1420,1427,1469,1492,1506,1521,1552,1552,1526,1508,1449,1437,1427,1422]}",{}
6.png,50331702,{},2346,1434,"{""name"":""polygon"",""all_points_x"":[3612,3627,3637,3644,3665,3675,3678,3678,3661,3642,3638,3622,3615],""all_points_y"":[1347,1373,1393,1412,1464,1490,1488,1483,1438,1392,1381,1349,1343]}",{}
6.png,50331702,{},2346,1435,"{""name"":""polygon"",""all_points_x"":[3480,3505,3515,3515,3515,3525,3529,3520,3499,3481,3478],""all_points_y"":[1308,1249,1217,1204,1199,1203,1208,1225,1282,1318,1312]}",{}
6.png,50331702,{},2346,1436,"{""name"":""polygon"",""all_points_x"":[3498,3500,3502,3503,3503,3510,3507,3505,3505,3506,3501,3496],""all_points_y"":[1230,1284,1298,1325,1348,1347,1298,1271,1231,1224,1221,1224]}",{}
6.png,50331702,{},2346,1437,"{""name"":""polygon"",""all_points_x"":[3583,3585,3588,3590,3589,3584],""all_points_y"":[1519,1551,1555,1548,1522,1517]}",{}
6.png,50331702,{},2346,1438,"{""name"":""polygon"",""all_points_x"":[3513,3504,3495,3486,3486,3489,3494,3491,3499,3505,3511,3520,3522,3524,3526,3520,3518,3516],""all_points_y"":[1359,1396,1408,1433,1442,1451,1453,1436,1413,1405,1392,1359,1319,1282,1265,1266,1280,1310]}",{}
6.png,50331702,{},2346,1439,"{""name"":""polygon"",""all_points_x"":[3292,3307,3317,3339,3353,3345,3310,3300,3285,3288],""all_points_y"":[623,599,594,562,537,536,589,594,625,629]}",{}
6.png,50331702,{},2346,1440,"{""name"":""polygon"",""all_points_x"":[3344,3355,3364,3365,3360,3348,3338,3340],""all_points_y"":[571,556,545,542,542,552,571,576]}",{}
6.png,50331702,{},2346,1441,"{""name"":""polygon"",""all_points_x"":[3281,3286,3302,3307,3313,3314,3304],""all_points_y"":[659,662,644,638,637,631,633]}",{}
6.png,50331702,{},2346,1442,"{""name"":""polygon"",""all_points_x"":[3297,3302,3303,3298,3296,3293,3290,3295],""all_points_y"":[720,765,778,779,754,729,721,717]}",{}
6.png,50331702,{},2346,1443,"{""name"":""polygon"",""all_points_x"":[2827,2835,2842,2846,2850,2841,2839,2837,2833,2828],""all_points_y"":[817,883,912,927,925,875,842,827,814,814]}",{}
6.png,50331702,{},2346,1444,"{""name"":""polygon"",""all_points_x"":[2832,2839,2840,2842,2840,2842,2847,2844,2847,2844,2844,2839,2837,2834],""all_points_y"":[746,783,818,840,851,886,888,850,828,799,781,753,744,740]}",{}
6.png,50331702,{},2346,1445,"{""name"":""polygon"",""all_points_x"":[2870,2852,2837,2822,2827,2834,2854,2863,2876],""all_points_y"":[924,843,793,755,752,763,828,866,921]}",{}
6.png,50331702,{},2346,1446,"{""name"":""polygon"",""all_points_x"":[2883,2890,2899,2901,2902,2907,2909,2903,2895,2891,2887,2876],""all_points_y"":[1592,1563,1545,1540,1527,1528,1541,1552,1574,1594,1603,1598]}",{}
6.png,50331702,{},2346,1447,"{""name"":""polygon"",""all_points_x"":[2901,2901,2908,2906,2908,2905,2900,2903,2903],""all_points_y"":[1588,1610,1608,1583,1576,1548,1550,1572,1581]}",{}
6.png,50331702,{},2346,1448,"{""name"":""polygon"",""all_points_x"":[3027,3027,3031,3032,3036,3034,3033,3034,3035,3031],""all_points_y"":[1122,1147,1166,1169,1168,1151,1139,1131,1125,1119]}",{}
6.png,50331702,{},2346,1449,"{""name"":""polygon"",""all_points_x"":[2802,2786,2770,2757,2749,2752,2774,2792,2800,2807,2819,2826,2818,2809,2802],""all_points_y"":[1112,1110,1110,1110,1107,1105,1104,1104,1106,1109,1099,1101,1115,1122,1125]}",{}
6.png,50331702,{},2346,1450,"{""name"":""polygon"",""all_points_x"":[2750,2764,2773,2776,2778,2773,2763,2759,2753,2736,2734,2743],""all_points_y"":[1071,1075,1075,1072,1069,1067,1068,1065,1065,1055,1060,1065]}",{}
6.png,50331702,{},2346,1451,"{""name"":""polygon"",""all_points_x"":[2742,2755,2761,2770,2773,2774,2778,2784,2778,2776,2772,2764,2760,2760,2752,2748,2743],""all_points_y"":[1017,1045,1065,1093,1100,1109,1123,1119,1101,1091,1081,1060,1049,1044,1026,1017,1014]}",{}
6.png,50331702,{},2346,1452,"{""name"":""polygon"",""all_points_x"":[2845,2839,2831,2808,2801,2797,2796,2810,2829,2844,2850,2850],""all_points_y"":[1763,1769,1776,1797,1805,1806,1799,1788,1769,1754,1751,1755]}",{}
6.png,50331702,{},2346,1453,"{""name"":""polygon"",""all_points_x"":[2965,2969,3018,3025,3019,3014,3000,2990,2972],""all_points_y"":[1881,1890,1865,1864,1857,1862,1867,1874,1881]}",{}
6.png,50331702,{},2346,1454,"{""name"":""polygon"",""all_points_x"":[2920,2922,2926,2935,2936,2936,2945,2939,2932,2926,2926,2922,2917,2915,2913,2917,2921],""all_points_y"":[1788,1784,1779,1757,1754,1746,1754,1762,1785,1789,1798,1814,1835,1839,1834,1816,1794]}",{}
6.png,50331702,{},2346,1455,"{""name"":""polygon"",""all_points_x"":[3017,3029,3036,3046,3060,3072,3080,3086,3096,3109,3108,3088,3076,3058,3037,3019,3015],""all_points_y"":[1910,1909,1907,1907,1904,1901,1899,1900,1897,1893,1899,1905,1907,1913,1914,1918,1914]}",{}
6.png,50331702,{},2346,1456,"{""name"":""polygon"",""all_points_x"":[3145,3157,3179,3190,3187,3178,3164,3145],""all_points_y"":[1865,1865,1862,1864,1868,1869,1872,1874]}",{}
6.png,50331702,{},2346,1457,"{""name"":""polygon"",""all_points_x"":[3304,3307,3307,3315,3320,3327,3318,3316,3313,3310,3309,3303],""all_points_y"":[1832,1844,1855,1890,1907,1902,1878,1861,1852,1828,1821,1824]}",{}
6.png,50331702,{},2346,1458,"{""name"":""polygon"",""all_points_x"":[3172,3182,3197,3206,3214,3212,3199,3178,3168,3166],""all_points_y"":[1963,1963,1959,1959,1959,1950,1953,1956,1956,1963]}",{}
6.png,50331702,{},2346,1459,"{""name"":""polygon"",""all_points_x"":[3345,3377,3402,3420,3420,3380,3346,3342,3342],""all_points_y"":[2133,2143,2150,2152,2146,2135,2125,2127,2132]}",{}
6.png,50331702,{},2346,1460,"{""name"":""polygon"",""all_points_x"":[3403,3411,3415,3432,3439,3446,3440,3428,3418,3415,3411],""all_points_y"":[2197,2252,2278,2351,2365,2357,2351,2301,2254,2222,2193]}",{}
6.png,50331702,{},2346,1461,"{""name"":""polygon"",""all_points_x"":[3438,3432,3429,3423,3415,3411,3418,3424,3423,3430,3434,3437,3443,3448,3442],""all_points_y"":[2010,2022,2039,2058,2093,2107,2106,2092,2083,2063,2054,2038,2018,2012,2009]}",{}
6.png,50331702,{},2346,1462,"{""name"":""polygon"",""all_points_x"":[3427,3446,3463,3465,3465,3485,3485,3471,3471,3455,3432],""all_points_y"":[2125,2150,2175,2181,2184,2211,2201,2182,2176,2150,2120]}",{}
6.png,50331702,{},2346,1463,"{""name"":""polygon"",""all_points_x"":[3204,3203,3205,3206,3209,3210,3211,3218,3218,3217,3215,3215,3213,3211,3213,3212,3206],""all_points_y"":[1966,1987,2022,2045,2073,2120,2137,2134,2129,2123,2105,2067,2034,1997,1984,1965,1960]}",{}
6.png,50331702,{},2346,1464,"{""name"":""polygon"",""all_points_x"":[3209,3214,3239,3248,3270,3302,3342,3355,3355,3350,3328,3291,3252],""all_points_y"":[2146,2147,2131,2124,2108,2082,2043,2037,2033,2029,2045,2080,2115]}",{}
6.png,50331702,{},2346,1465,"{""name"":""polygon"",""all_points_x"":[3276,3308,3327,3330,3300,3280],""all_points_y"":[2219,2177,2151,2156,2197,2222]}",{}
6.png,50331702,{},2346,1466,"{""name"":""polygon"",""all_points_x"":[3167,3166,3166,3163,3156,3150,3150,3147,3144,3150,3154,3167,3172,3173,3177,3175,3180,3173],""all_points_y"":[1987,2024,2032,2064,2105,2124,2133,2157,2199,2197,2152,2082,2061,2037,2024,2011,1988,1984]}",{}
6.png,50331702,{},2346,1467,"{""name"":""polygon"",""all_points_x"":[2994,3012,3018,3025,3046,3053,3059,3061,3067,3074,3078,3094,3098,3086,3078,3071,3067,3065,3048,3022,3002],""all_points_y"":[2054,2083,2096,2106,2145,2160,2172,2185,2197,2202,2214,2232,2228,2214,2198,2191,2181,2169,2133,2086,2049]}",{}
6.png,50331702,{},2346,1468,"{""name"":""polygon"",""all_points_x"":[3009,3025,3026,3041,3043,3046,3055,3076,3078,3086,3089,3086,3078,3058,3050,3032,3018,3011,3009,2994,2989,2984,2991,3002,3007],""all_points_y"":[2168,2135,2128,2101,2092,2086,2069,2027,2020,2015,2016,2028,2043,2083,2099,2135,2165,2182,2184,2221,2230,2226,2215,2184,2175]}",{}
6.png,50331702,{},2346,1469,"{""name"":""polygon"",""all_points_x"":[3078,3094,3095,3096,3105,3108,3101,3091,3084,3076,3067,3065,3061,3061,3076,3078],""all_points_y"":[2146,2085,2074,2071,2069,2077,2088,2127,2157,2182,2206,2214,2215,2205,2160,2153]}",{}
6.png,50331702,{},2346,1470,"{""name"":""polygon"",""all_points_x"":[3060,3061,3069,3072,3069,3064,3061,3055,3046,3044,3043,3036,3043,3050,3057],""all_points_y"":[2089,2077,2074,2080,2089,2131,2151,2184,2219,2234,2242,2239,2207,2164,2124]}",{}
6.png,50331702,{},2346,1471,"{""name"":""polygon"",""all_points_x"":[3031,3028,3026,3027,3026,3025,3027,3023,3032,3033,3033,3035,3037,3040,3040,3031],""all_points_y"":[2190,2237,2244,2258,2341,2368,2384,2398,2397,2377,2320,2245,2218,2185,2182,2182]}",{}
6.png,50331702,{},2346,1472,"{""name"":""polygon"",""all_points_x"":[3377,3384,3387,3394,3397,3399,3403,3414,3418,3418,3424,3430,3425,3414,3406,3403,3394,3390,3386],""all_points_y"":[2239,2264,2283,2305,2317,2333,2349,2374,2381,2389,2401,2399,2381,2350,2323,2307,2275,2249,2237]}",{}
6.png,50331702,{},2346,1473,"{""name"":""polygon"",""all_points_x"":[3190,3217,3228,3267,3279,3308,3321,3325,3325,3313,3300,3256,3239,3220,3184,3182,3173,3176,3187],""all_points_y"":[2458,2449,2442,2418,2409,2395,2391,2383,2377,2377,2390,2415,2424,2439,2451,2459,2466,2473,2466]}",{}
6.png,50331702,{},2346,1474,"{""name"":""polygon"",""all_points_x"":[3283,3280,3287,3298,3303,3323,3332,3335,3352,3370,3375,3399,3403,3401,3379,3373,3348,3334,3323,3294],""all_points_y"":[2377,2368,2368,2366,2366,2365,2361,2355,2347,2341,2337,2329,2332,2337,2342,2348,2358,2369,2372,2372]}",{}
6.png,50331702,{},2346,1475,"{""name"":""polygon"",""all_points_x"":[3390,3398,3402,3406,3410,3411,3415,3414,3415,3416,3416,3423,3421,3422,3420,3421,3421,3418,3413,3406,3399,3397],""all_points_y"":[2510,2555,2573,2592,2613,2629,2642,2657,2666,2673,2691,2691,2681,2672,2665,2649,2637,2626,2598,2559,2526,2513]}",{}
6.png,50331702,{},2346,1476,"{""name"":""polygon"",""all_points_x"":[3418,3424,3433,3437,3456,3465,3467,3454,3443,3439,3431,3424],""all_points_y"":[2482,2512,2544,2559,2585,2596,2590,2573,2559,2543,2509,2481]}",{}
6.png,50331702,{},2346,1477,"{""name"":""polygon"",""all_points_x"":[3484,3469,3455,3438,3417,3411,3406,3414,3431,3448,3472,3494,3496,3487],""all_points_y"":[2457,2482,2500,2523,2559,2574,2581,2583,2547,2521,2488,2455,2450,2450]}",{}
6.png,50331702,{},2346,1478,"{""name"":""polygon"",""all_points_x"":[2519,2531,2543,2555,2563,2566,2584,2587,2572,2559,2551,2539,2530,2525,2521],""all_points_y"":[2381,2416,2458,2498,2517,2529,2548,2545,2525,2489,2460,2416,2389,2377,2377]}",{}
6.png,50331702,{},2346,1479,"{""name"":""polygon"",""all_points_x"":[2554,2567,2581,2593,2600,2593,2576,2567,2557,2553,2546,2544,2541,2535,2539,2541],""all_points_y"":[2519,2478,2438,2407,2408,2422,2474,2497,2531,2544,2562,2586,2599,2595,2575,2557]}",{}
6.png,50331702,{},2346,1480,"{""name"":""polygon"",""all_points_x"":[2632,2643,2644,2649,2650,2658,2651,2648,2642,2636,2632],""all_points_y"":[2425,2459,2469,2487,2494,2488,2476,2457,2435,2416,2417]}",{}
6.png,50331702,{},2346,1481,"{""name"":""polygon"",""all_points_x"":[2562,2586,2601,2628,2636,2643,2650,2653,2635,2604,2578,2562],""all_points_y"":[2477,2511,2535,2574,2581,2587,2594,2592,2573,2529,2489,2471]}",{}
6.png,50331702,{},2346,1482,"{""name"":""polygon"",""all_points_x"":[2590,2607,2630,2640,2653,2659,2641,2621,2609,2594],""all_points_y"":[2376,2414,2470,2496,2522,2521,2482,2439,2405,2373]}",{}
6.png,50331702,{},2346,1483,"{""name"":""polygon"",""all_points_x"":[2619,2599,2584,2581,2588,2603,2626,2635,2651,2645],""all_points_y"":[2488,2426,2377,2372,2370,2421,2489,2513,2563,2563]}",{}
6.png,50331702,{},2346,1484,"{""name"":""polygon"",""all_points_x"":[2616,2634,2649,2664,2667,2661,2643,2628,2608,2613],""all_points_y"":[2562,2544,2521,2505,2503,2498,2519,2540,2562,2566]}",{}
6.png,50331702,{},2346,1485,"{""name"":""polygon"",""all_points_x"":[2600,2611,2613,2617,2619,2606,2601,2590,2585,2598],""all_points_y"":[2505,2482,2478,2477,2482,2509,2517,2535,2530,2513]}",{}
6.png,50331702,{},2346,1486,"{""name"":""polygon"",""all_points_x"":[2453,2456,2461,2461,2459,2465,2468,2464,2455,2449,2443,2437,2447,2450],""all_points_y"":[2257,2235,2219,2204,2198,2195,2202,2232,2273,2300,2328,2326,2288,2269]}",{}
6.png,50331702,{},2346,1487,"{""name"":""polygon"",""all_points_x"":[2821,2802,2796,2788,2778,2764,2751,2758,2777,2803,2814,2821,2833,2835,2823],""all_points_y"":[2417,2470,2485,2508,2537,2568,2594,2592,2559,2494,2462,2446,2411,2402,2402]}",{}
6.png,50331702,{},2346,1488,"{""name"":""polygon"",""all_points_x"":[2732,2736,2744,2749,2753,2750,2740,2735,2731],""all_points_y"":[2589,2570,2536,2522,2528,2540,2569,2593,2591]}",{}
6.png,50331702,{},2346,1489,"{""name"":""polygon"",""all_points_x"":[2804,2828,2833,2832,2844,2862,2865,2838,2839,2807,2807,2799],""all_points_y"":[2513,2566,2576,2584,2607,2644,2642,2583,2574,2505,2500,2504]}",{}
6.png,50331702,{},2346,1490,"{""name"":""polygon"",""all_points_x"":[2841,2849,2868,2871,2873,2875,2866,2854,2850,2840,2836],""all_points_y"":[2535,2502,2443,2430,2427,2434,2467,2505,2523,2558,2555]}",{}
6.png,50331702,{},2346,1491,"{""name"":""polygon"",""all_points_x"":[2850,2869,2880,2898,2906,2917,2922,2924,2919,2912,2908,2903,2891,2854],""all_points_y"":[2453,2477,2492,2516,2539,2553,2567,2562,2547,2538,2525,2516,2498,2450]}",{}
6.png,50331702,{},2346,1492,"{""name"":""polygon"",""all_points_x"":[2786,2814,2825,2871,2907,2914,2914,2862,2822,2785,2783],""all_points_y"":[2581,2594,2598,2620,2635,2635,2633,2611,2591,2576,2578]}",{}
6.png,50331702,{},2346,1493,"{""name"":""polygon"",""all_points_x"":[2979,2974,2970,2967,2961,2960,2960,2965,2966,2975,2981,2986,2981],""all_points_y"":[2195,2231,2268,2290,2311,2322,2362,2363,2320,2286,2236,2190,2190]}",{}
6.png,50331702,{},2346,1494,"{""name"":""polygon"",""all_points_x"":[2957,2949,2948,2945,2940,2934,2936,2933,2934,2939,2939,2942,2942,2948,2955,2960,2965,2979,2980,2974],""all_points_y"":[2378,2426,2457,2476,2493,2520,2540,2556,2563,2564,2554,2544,2516,2493,2462,2407,2379,2344,2340,2339]}",{}
6.png,50331702,{},2346,1495,"{""name"":""polygon"",""all_points_x"":[3015,3000,2988,2976,2933,2920,2925,2944,2969,2985,2998,3017,3027,3029,3019],""all_points_y"":[2330,2361,2388,2407,2452,2468,2473,2449,2426,2407,2389,2347,2321,2313,2311]}",{}
6.png,50331702,{},2346,1496,"{""name"":""polygon"",""all_points_x"":[2942,2947,2959,2975,2984,2986,2989,2984,2976,2968,2961,2948,2945,2941],""all_points_y"":[2467,2442,2401,2360,2334,2328,2330,2354,2375,2394,2412,2458,2470,2469]}",{}
6.png,50331702,{},2346,1497,"{""name"":""polygon"",""all_points_x"":[2994,2999,3001,2998,3001,3007,3009,3003,3005,3000,2997,2993],""all_points_y"":[2399,2420,2430,2442,2450,2459,2454,2444,2426,2403,2393,2396]}",{}
6.png,50331702,{},2346,1498,"{""name"":""polygon"",""all_points_x"":[2975,2968,2968,2968,2970,2975,2973,2974,2979,2983,2988,2979,2978],""all_points_y"":[2431,2449,2460,2473,2497,2496,2471,2453,2439,2428,2402,2406,2425]}",{}
6.png,50331702,{},2346,1499,"{""name"":""polygon"",""all_points_x"":[2965,2985,2985,2978,2975,2959,2955,2952,2952,2944,2928,2934,2955,2960],""all_points_y"":[2492,2475,2470,2471,2478,2492,2498,2506,2513,2526,2544,2546,2521,2500]}",{}
6.png,50331702,{},2346,1500,"{""name"":""polygon"",""all_points_x"":[2965,2976,2982,2993,2994,3000,2988,2974,2968,2963],""all_points_y"":[2521,2494,2484,2460,2453,2458,2482,2513,2529,2525]}",{}
6.png,50331702,{},2346,1501,"{""name"":""polygon"",""all_points_x"":[3053,3066,3079,3084,3093,3089,3063,3047,3038,3028,3021,3029],""all_points_y"":[2549,2507,2473,2459,2460,2470,2546,2596,2623,2651,2645,2626]}",{}
6.png,50331702,{},2346,1502,"{""name"":""polygon"",""all_points_x"":[3095,3053,3029,3029,3056,3096],""all_points_y"":[2531,2522,2519,2514,2517,2526]}",{}
6.png,50331702,{},2346,1503,"{""name"":""polygon"",""all_points_x"":[3017,3017,3028,3032,3037,3033,3022,3020,3023,3028,3022],""all_points_y"":[2553,2494,2453,2439,2442,2459,2497,2542,2555,2559,2560]}",{}
6.png,50331702,{},2346,1504,"{""name"":""polygon"",""all_points_x"":[3071,3069,3070,3070,3072,3075,3077,3078,3078,3072],""all_points_y"":[2540,2551,2573,2593,2602,2590,2548,2534,2511,2511]}",{}
6.png,50331702,{},2346,1505,"{""name"":""polygon"",""all_points_x"":[3116,3146,3152,3151,3126,3108,3106],""all_points_y"":[2540,2556,2559,2553,2539,2527,2531]}",{}
6.png,50331702,{},2346,1506,"{""name"":""polygon"",""all_points_x"":[3127,3145,3158,3174,3183,3197,3202,3185,3176,3167,3160,3149,3144,3128,3119,3115],""all_points_y"":[2553,2574,2606,2649,2667,2711,2707,2655,2637,2610,2596,2571,2560,2547,2544,2548]}",{}
6.png,50331702,{},2346,1507,"{""name"":""polygon"",""all_points_x"":[3136,3150,3163,3172,3177,3172,3162,3150,3140,3133,3129,3121,3117,3110,3121,3131],""all_points_y"":[2625,2594,2571,2549,2553,2561,2581,2609,2628,2644,2651,2659,2671,2669,2651,2636]}",{}
6.png,50331702,{},2346,1508,"{""name"":""polygon"",""all_points_x"":[3167,3197,3216,3222,3224,3189,3173],""all_points_y"":[2631,2654,2669,2673,2668,2641,2626]}",{}
6.png,50331702,{},2346,1509,"{""name"":""polygon"",""all_points_x"":[3534,3538,3542,3544,3550,3554,3554,3559,3571,3567,3555,3549,3547,3540],""all_points_y"":[2266,2260,2270,2289,2315,2328,2342,2363,2382,2385,2365,2342,2327,2296]}",{}
6.png,50331702,{},2346,1510,"{""name"":""polygon"",""all_points_x"":[3666,3745,3761,3779,3786,3786,3769,3763,3738,3722,3669],""all_points_y"":[2316,2346,2354,2359,2363,2358,2350,2348,2336,2332,2309]}",{}
6.png,50331702,{},2346,1511,"{""name"":""polygon"",""all_points_x"":[3655,3705,3734,3756,3779,3786,3783,3723,3671,3651,3647,3647],""all_points_y"":[2399,2436,2455,2471,2486,2489,2481,2440,2402,2387,2392,2394]}",{}
6.png,50331702,{},2346,1512,"{""name"":""polygon"",""all_points_x"":[3721,3739,3756,3783,3790,3788,3783,3780,3764,3733,3713,3718],""all_points_y"":[2447,2430,2415,2387,2386,2376,2376,2379,2397,2427,2449,2453]}",{}
6.png,50331702,{},2346,1513,"{""name"":""polygon"",""all_points_x"":[3797,3843,3864,3874,3873,3837,3797],""all_points_y"":[2315,2320,2321,2321,2315,2314,2309]}",{}
6.png,50331702,{},2346,1514,"{""name"":""polygon"",""all_points_x"":[3796,3818,3841,3843,3816,3796,3794],""all_points_y"":[2369,2377,2389,2385,2372,2363,2368]}",{}
6.png,50331702,{},2346,1515,"{""name"":""polygon"",""all_points_x"":[3841,3890,3924,3929,3930,3917,3886,3852,3835,3831],""all_points_y"":[2498,2436,2397,2397,2404,2418,2454,2498,2517,2514]}",{}
6.png,50331702,{},2346,1516,"{""name"":""polygon"",""all_points_x"":[3843,3869,3872,3888,3985,4007,4013,3969,3910,3902,3875,3853,3842,3838],""all_points_y"":[2523,2499,2496,2490,2421,2403,2409,2440,2483,2490,2504,2522,2532,2526]}",{}
6.png,50331702,{},2346,1517,"{""name"":""polygon"",""all_points_x"":[3926,3917,3910,3900,3890,3887,3880,3886,3897,3915,3929,3933,3928],""all_points_y"":[2350,2386,2410,2456,2506,2514,2541,2541,2498,2425,2368,2350,2348]}",{}
6.png,50331702,{},2346,1518,"{""name"":""polygon"",""all_points_x"":[3738,3770,3775,3747,3721,3707,3702,3688,3671,3669,3663,3680,3690,3701,3729],""all_points_y"":[2403,2368,2370,2405,2436,2455,2459,2464,2499,2505,2501,2465,2455,2452,2417]}",{}
6.png,50331702,{},2346,1519,"{""name"":""polygon"",""all_points_x"":[3551,3561,3561,3573,3584,3595,3589,3577,3558,3554,3548,3541,3543],""all_points_y"":[2449,2471,2483,2501,2511,2534,2535,2511,2497,2481,2468,2456,2449]}",{}
6.png,50331702,{},2346,1520,"{""name"":""polygon"",""all_points_x"":[3489,3527,3552,3563,3579,3585,3609,3646,3659,3668,3686,3686,3664,3653,3606,3582,3564,3518,3482,3481],""all_points_y"":[2595,2601,2602,2602,2605,2606,2609,2612,2615,2617,2617,2614,2611,2607,2602,2598,2596,2593,2587,2595]}",{}
6.png,50331702,{},2346,1521,"{""name"":""polygon"",""all_points_x"":[3618,3629,3668,3694,3700,3682,3652,3639,3625,3618,3604,3598,3589,3584,3598,3602,3611],""all_points_y"":[2625,2608,2568,2540,2548,2564,2598,2607,2627,2635,2651,2669,2683,2678,2655,2643,2630]}",{}
6.png,50331702,{},2346,1522,"{""name"":""polygon"",""all_points_x"":[3756,3764,3770,3774,3770,3763,3756],""all_points_y"":[2517,2568,2616,2614,2568,2513,2514]}",{}
6.png,50331702,{},2346,1523,"{""name"":""polygon"",""all_points_x"":[3946,3954,3958,3963,3968,3976,3977,3981,3979,3971,3967,3963,3961,3952],""all_points_y"":[2463,2484,2502,2522,2541,2560,2572,2571,2555,2531,2510,2499,2481,2460]}",{}
6.png,50331702,{},2346,1524,"{""name"":""polygon"",""all_points_x"":[3970,3975,3977,3982,3983,3985,3988,3988,3988,3987,3984,3982,3975,3969],""all_points_y"":[2483,2504,2522,2547,2559,2581,2582,2563,2551,2540,2528,2505,2478,2481]}",{}
6.png,50331702,{},2346,1525,"{""name"":""polygon"",""all_points_x"":[4043,4031,4014,4013,4021,4022,4026,4036,4043,4050],""all_points_y"":[2493,2577,2686,2690,2688,2670,2653,2599,2539,2496]}",{}
6.png,50331702,{},2346,1526,"{""name"":""polygon"",""all_points_x"":[4012,4004,3998,3995,3989,3985,3989,3992,4001,4007,4016,4025,4022,4014,4010],""all_points_y"":[2550,2594,2635,2645,2687,2715,2714,2700,2645,2621,2567,2544,2540,2539,2544]}",{}
6.png,50331702,{},2346,1527,"{""name"":""polygon"",""all_points_x"":[3997,3999,4006,4002,3998,3995,3993,3988,3996],""all_points_y"":[2572,2524,2524,2594,2629,2655,2669,2667,2605]}",{}
6.png,50331702,{},2346,1528,"{""name"":""polygon"",""all_points_x"":[3891,3899,3905,3907,3910,3918,3924,3928,3915,3910,3905,3899,3890],""all_points_y"":[2640,2671,2708,2720,2740,2772,2798,2794,2730,2704,2664,2635,2635]}",{}
6.png,50331702,{},2346,1529,"{""name"":""polygon"",""all_points_x"":[3853,3894,3919,3948,3953,3927,3866,3848,3844],""all_points_y"":[2778,2793,2803,2816,2813,2802,2776,2768,2776]}",{}
6.png,50331702,{},2346,1530,"{""name"":""polygon"",""all_points_x"":[3937,3967,3992,3999,3991,3970,3942,3935],""all_points_y"":[2641,2688,2741,2745,2726,2685,2639,2637]}",{}
6.png,50331702,{},2346,1531,"{""name"":""polygon"",""all_points_x"":[4037,4042,4049,4049,4054,4049,4054,4058,4053,4052,4043],""all_points_y"":[2464,2483,2510,2518,2545,2566,2563,2540,2515,2499,2465]}",{}
6.png,50331702,{},2346,1532,"{""name"":""polygon"",""all_points_x"":[4069,4056,4050,4047,4047,4043,4043,4049,4050,4053,4064,4075,4084,4075,4070],""all_points_y"":[2581,2609,2625,2627,2637,2659,2676,2673,2650,2632,2606,2584,2578,2572,2575]}",{}
6.png,50331702,{},2346,1533,"{""name"":""polygon"",""all_points_x"":[3819,3865,3870,3884,3886,3875,3856,3843,3817,3814,3806,3796,3781,3779,3772,3756,3754,3767,3773,3790,3800,3807],""all_points_y"":[2778,2708,2701,2679,2688,2707,2733,2753,2793,2802,2814,2820,2840,2845,2850,2869,2863,2847,2842,2817,2806,2800]}",{}
6.png,50331702,{},2346,1534,"{""name"":""polygon"",""all_points_x"":[3835,3838,3837,3837,3835,3838,3841,3845,3841,3842,3842,3844,3841],""all_points_y"":[2693,2727,2736,2771,2778,2785,2815,2813,2778,2759,2733,2726,2691]}",{}
6.png,50331702,{},2346,1535,"{""name"":""polygon"",""all_points_x"":[3754,3747,3741,3738,3737,3738,3743,3743,3747,3752,3761,3755],""all_points_y"":[2806,2849,2879,2891,2919,2929,2927,2890,2867,2857,2803,2801]}",{}
6.png,50331702,{},2346,1536,"{""name"":""polygon"",""all_points_x"":[3678,3678,3678,3679,3681,3679,3684,3687,3690,3687,3687,3686,3686,3685,3681],""all_points_y"":[2663,2683,2713,2731,2744,2777,2801,2811,2798,2780,2746,2726,2700,2663,2661]}",{}
6.png,50331702,{},2346,1537,"{""name"":""polygon"",""all_points_x"":[3659,3642,3619,3607,3599,3605,3626,3651,3663],""all_points_y"":[2618,2643,2675,2694,2708,2707,2675,2640,2621]}",{}
6.png,50331702,{},2346,1538,"{""name"":""polygon"",""all_points_x"":[3706,3704,3702,3700,3699,3696,3695,3693,3693,3687,3693,3699,3701,3705,3706,3711,3713,3710],""all_points_y"":[2663,2687,2696,2704,2728,2741,2752,2774,2786,2830,2828,2787,2753,2731,2702,2686,2663,2659]}",{}
6.png,50331702,{},2346,1539,"{""name"":""polygon"",""all_points_x"":[3490,3492,3493,3491,3491,3492,3494,3499,3497,3497,3500,3497,3498],""all_points_y"":[2568,2605,2639,2673,2709,2736,2761,2756,2722,2657,2624,2583,2566]}",{}
6.png,50331702,{},2346,1540,"{""name"":""polygon"",""all_points_x"":[3516,3540,3552,3552,3564,3573,3573,3567,3559,3528,3520,3516,3511,3506,3504,3499,3496,3486,3481,3490,3494,3498,3504,3507],""all_points_y"":[2695,2648,2617,2611,2605,2606,2612,2616,2626,2688,2704,2707,2716,2733,2742,2746,2751,2774,2774,2751,2741,2738,2720,2711]}",{}
6.png,50331702,{},2346,1541,"{""name"":""polygon"",""all_points_x"":[3599,3591,3581,3571,3561,3559,3565,3571,3586,3589,3593,3602,3605],""all_points_y"":[2598,2615,2658,2697,2745,2769,2769,2731,2664,2661,2636,2613,2599]}",{}
6.png,50331702,{},2346,1542,"{""name"":""polygon"",""all_points_x"":[3605,3660,3681,3714,3718,3722,3728,3732,3732,3730,3728,3714,3678,3670,3659,3639,3607,3600],""all_points_y"":[2918,2830,2796,2744,2733,2726,2729,2733,2734,2737,2740,2759,2815,2829,2845,2875,2931,2926]}",{}
6.png,50331702,{},2346,1543,"{""name"":""polygon"",""all_points_x"":[3715,3713,3712,3712,3709,3705,3706,3709,3712,3714,3718,3714,3713,3719,3722,3725,3729,3712],""all_points_y"":[2762,2807,2829,2847,2888,2921,2956,2979,2987,2989,2979,2974,2919,2864,2811,2759,2752,2754]}",{}
6.png,50331702,{},2346,1544,"{""name"":""polygon"",""all_points_x"":[4092,4075,4067,4055,4047,4055,4068,4081,4096,4095],""all_points_y"":[2745,2772,2783,2799,2814,2811,2790,2778,2752,2741]}",{}
6.png,50331702,{},2346,1545,"{""name"":""polygon"",""all_points_x"":[4094,4083,4059,4044,4022,4006,4003,4005,4010,4011,4026,4048,4065,4081,4096],""all_points_y"":[2789,2818,2873,2905,2957,3003,3011,3018,3017,3008,2962,2912,2875,2841,2802]}",{}
6.png,50331702,{},2346,1546,"{""name"":""polygon"",""all_points_x"":[3872,3885,3888,3895,3886,3875],""all_points_y"":[2067,2038,2026,2029,2047,2070]}",{}
6.png,50331702,{},2346,1547,"{""name"":""polygon"",""all_points_x"":[4012,3980,3972,3937,3908,3894,3856,3855,3876,3891,3911,3939,3960,3981,4006],""all_points_y"":[2781,2810,2815,2844,2863,2873,2879,2875,2870,2868,2852,2833,2817,2802,2780]}",{}
6.png,50331702,{},2346,1548,"{""name"":""polygon"",""all_points_x"":[3807,3822,3841,3857,3884,3899,3908,3965,3972,3969,3959,3921,3875,3853,3835,3817,3807,3802],""all_points_y"":[2972,2962,2947,2934,2916,2903,2900,2858,2855,2867,2875,2900,2930,2945,2956,2972,2979,2976]}",{}
6.png,50331702,{},2346,1549,"{""name"":""polygon"",""all_points_x"":[3823,3836,3841,3848,3849,3849,3850,3853,3853,3857,3861,3866,3864,3857,3857,3853,3854,3834,3829],""all_points_y"":[2915,2962,2981,3006,3014,3022,3043,3050,3061,3080,3099,3099,3084,3060,3036,3016,3008,2927,2912]}",{}
6.png,50331702,{},2346,1550,"{""name"":""polygon"",""all_points_x"":[3923,3919,3924,3928,3951,3958,4012,4046,4075,4095,4096,4066,4005,3952,3944,3939],""all_points_y"":[2901,2908,2907,2907,2894,2889,2863,2844,2828,2820,2810,2826,2859,2886,2888,2895]}",{}
6.png,50331702,{},2346,1551,"{""name"":""polygon"",""all_points_x"":[4039,4053,4071,4087,4096,4095,4071,4063,4057,4050,4041],""all_points_y"":[2967,2947,2926,2904,2894,2904,2933,2946,2950,2958,2973]}",{}
6.png,50331702,{},2346,1552,"{""name"":""polygon"",""all_points_x"":[3996,4021,4032,4066,4093,4096,4095,4081,4068,4045,4028,4000],""all_points_y"":[3034,3008,2998,2964,2937,2934,2945,2960,2969,2995,3009,3038]}",{}
6.png,50331702,{},2346,1553,"{""name"":""polygon"",""all_points_x"":[3901,3920,3926,3907,3887,3875,3865,3858,3848,3842,3819,3800,3793,3802,3815,3829,3847],""all_points_y"":[2979,2936,2940,2990,3030,3051,3068,3084,3104,3115,3158,3169,3166,3161,3151,3126,3093]}",{}
6.png,50331702,{},2346,1554,"{""name"":""polygon"",""all_points_x"":[3888,3862,3834,3807,3773,3767,3743,3711,3717,3733,3751,3776,3777,3808,3841,3881,3892],""all_points_y"":[2960,2982,3006,3025,3057,3065,3084,3093,3099,3093,3084,3064,3060,3030,3008,2974,2966]}",{}
6.png,50331702,{},2346,1555,"{""name"":""polygon"",""all_points_x"":[3601,3611,3623,3637,3662,3703,3737,3747,3745,3728,3688,3651,3629,3621,3623,3618,3605,3600],""all_points_y"":[3170,3162,3161,3137,3108,3069,3040,3030,3023,3037,3074,3110,3135,3141,3147,3156,3162,3166]}",{}
6.png,50331702,{},2346,1556,"{""name"":""polygon"",""all_points_x"":[3722,3741,3758,3790,3802,3814,3829,3844,3848,3825,3816,3807,3782,3746,3724,3721],""all_points_y"":[3055,3066,3074,3090,3095,3104,3111,3123,3120,3102,3101,3092,3079,3062,3051,3052]}",{}
6.png,50331702,{},2346,1557,"{""name"":""polygon"",""all_points_x"":[3646,3643,3652,3663,3695,3718,3776,3820,3848,3853,3833,3790,3749,3704,3682,3666,3656,3649],""all_points_y"":[3153,3148,3137,3133,3111,3100,3069,3046,3031,3038,3046,3069,3090,3114,3126,3138,3141,3148]}",{}
6.png,50331702,{},2346,1558,"{""name"":""polygon"",""all_points_x"":[3475,3445,3435,3429,3426,3428,3436,3444,3449,3469,3494,3503,3504,3514,3517,3528,3530,3523,3513,3509,3498,3493],""all_points_y"":[2896,2817,2788,2774,2760,2755,2758,2782,2802,2860,2924,2942,2950,2975,2993,3006,3011,3011,2998,2980,2957,2939]}",{}
6.png,50331702,{},2346,1559,"{""name"":""polygon"",""all_points_x"":[3504,3508,3513,3519,3519,3524,3530,3525,3520,3510,3509,3509,3506,3505,3505,3504,3503,3498,3501,3499,3503,3503,3504],""all_points_y"":[2810,2787,2758,2718,2709,2705,2714,2721,2755,2826,2841,2851,2865,2893,2907,2918,2932,2922,2893,2860,2845,2835,2826]}",{}
6.png,50331702,{},2346,1560,"{""name"":""polygon"",""all_points_x"":[3607,3616,3611,3604,3591,3542,3532,3537,3546],""all_points_y"":[2748,2731,2726,2741,2768,2864,2896,2897,2870]}",{}
6.png,50331702,{},2346,1561,"{""name"":""polygon"",""all_points_x"":[3539,3540,3538,3538,3542,3549,3556,3550,3546,3547,3546,3546,3535],""all_points_y"":[2672,2706,2723,2730,2738,2760,2756,2738,2723,2692,2668,2660,2664]}",{}
6.png,50331702,{},2346,1562,"{""name"":""polygon"",""all_points_x"":[3643,3624,3604,3600,3607,3614,3636,3650,3653,3645],""all_points_y"":[2801,2851,2903,2917,2917,2891,2835,2801,2794,2793]}",{}
6.png,50331702,{},2346,1563,"{""name"":""polygon"",""all_points_x"":[3608,3615,3613,3602,3586,3568,3562,3538,3536,3540,3547,3562,3577],""all_points_y"":[2816,2810,2799,2811,2845,2877,2895,2960,2971,2974,2952,2914,2873]}",{}
6.png,50331702,{},2346,1564,"{""name"":""polygon"",""all_points_x"":[3613,3615,3614,3609,3607,3571,3543,3549,3582,3607],""all_points_y"":[2827,2826,2816,2816,2822,2883,2935,2936,2876,2833]}",{}
6.png,50331702,{},2346,1565,"{""name"":""polygon"",""all_points_x"":[3522,3543,3551,3580,3582,3589,3587,3582,3563,3552,3547,3524,3518],""all_points_y"":[2858,2831,2816,2763,2755,2760,2769,2774,2807,2827,2837,2867,2860]}",{}
6.png,50331702,{},2346,1566,"{""name"":""polygon"",""all_points_x"":[3593,3577,3569,3564,3570,3580,3585,3599,3598,3594],""all_points_y"":[2898,2831,2796,2781,2775,2818,2837,2896,2907,2907]}",{}
6.png,50331702,{},2346,1567,"{""name"":""polygon"",""all_points_x"":[3387,3387,3390,3387,3386,3388,3392,3396,3392,3396,3393,3385],""all_points_y"":[2714,2733,2757,2781,2798,2809,2816,2813,2784,2764,2707,2711]}",{}
6.png,50331702,{},2346,1568,"{""name"":""polygon"",""all_points_x"":[3362,3366,3367,3367,3369,3371,3376,3376,3380,3381,3377,3375,3376,3371],""all_points_y"":[2790,2829,2879,2916,2938,2965,2984,2996,2998,2974,2944,2895,2842,2784]}",{}
6.png,50331702,{},2346,1569,"{""name"":""polygon"",""all_points_x"":[3423,3449,3454,3429],""all_points_y"":[2852,2930,2929,2849]}",{}
6.png,50331702,{},2346,1570,"{""name"":""polygon"",""all_points_x"":[3448,3448,3460,3474,3485,3490,3475,3455,3455,3450],""all_points_y"":[2896,2912,2933,2978,3006,3007,2959,2905,2883,2887]}",{}
6.png,50331702,{},2346,1571,"{""name"":""polygon"",""all_points_x"":[3661,3625,3599,3584,3580,3592,3599,3635,3663],""all_points_y"":[2885,2902,2921,2921,2919,2911,2913,2886,2877]}",{}
6.png,50331702,{},2346,1572,"{""name"":""polygon"",""all_points_x"":[3622,3635,3672,3675,3643,3626],""all_points_y"":[2911,2926,2967,2961,2926,2907]}",{}
6.png,50331702,{},2346,1573,"{""name"":""polygon"",""all_points_x"":[3680,3648,3626,3604,3605,3625,3647,3681],""all_points_y"":[2960,2957,2960,2960,2955,2954,2952,2954]}",{}
6.png,50331702,{},2346,1574,"{""name"":""polygon"",""all_points_x"":[3269,3306,3339,3361,3366,3358,3340,3325,3299,3282,3266],""all_points_y"":[2948,2921,2890,2867,2857,2855,2880,2892,2918,2931,2942]}",{}
6.png,50331702,{},2346,1575,"{""name"":""polygon"",""all_points_x"":[3470,3494,3500,3513,3515,3523,3514,3495,3478,3475,3462,3454,3459,3469],""all_points_y"":[3068,2995,2975,2938,2927,2931,2963,3015,3067,3077,3091,3093,3082,3073]}",{}
6.png,50331702,{},2346,1576,"{""name"":""polygon"",""all_points_x"":[3666,3684,3688,3694,3693,3696,3698,3693,3685,3681,3669,3666,3657,3653,3647],""all_points_y"":[3015,2975,2965,2957,2955,2955,2965,2970,2998,3000,3023,3035,3067,3077,3077]}",{}
6.png,50331702,{},2346,1577,"{""name"":""polygon"",""all_points_x"":[3466,3479,3483,3491,3497,3506,3510,3499,3488,3484,3471],""all_points_y"":[2808,2843,2860,2882,2901,2920,2914,2888,2851,2835,2807]}",{}
6.png,50331702,{},2346,1578,"{""name"":""polygon"",""all_points_x"":[3479,3481,3509,3565,3593,3605,3604,3589,3554,3516,3499],""all_points_y"":[3174,3166,3185,3229,3253,3260,3264,3255,3228,3199,3185]}",{}
6.png,50331702,{},2346,1579,"{""name"":""polygon"",""all_points_x"":[3631,3655,3685,3715,3741,3746,3751,3738,3700,3662,3633,3628],""all_points_y"":[3315,3288,3261,3232,3210,3205,3211,3222,3254,3291,3324,3321]}",{}
6.png,50331702,{},2346,1580,"{""name"":""polygon"",""all_points_x"":[3782,3776,3759,3743,3728,3724,3719,3718,3726,3744,3765,3772,3776,3773,3774,3784,3786],""all_points_y"":[3156,3164,3189,3205,3220,3226,3228,3225,3216,3196,3171,3161,3153,3146,3142,3143,3153]}",{}
6.png,50331702,{},2346,1581,"{""name"":""polygon"",""all_points_x"":[3730,3741,3756,3759,3765,3752,3743,3733],""all_points_y"":[3066,3105,3157,3169,3166,3125,3090,3063]}",{}
6.png,50331702,{},2346,1582,"{""name"":""polygon"",""all_points_x"":[3774,3781,3789,3798,3814,3826,3834,3836,3842,3829,3825,3806,3790,3781,3763,3749,3743,3756],""all_points_y"":[3199,3218,3246,3271,3304,3325,3340,3348,3345,3317,3313,3272,3226,3194,3139,3092,3098,3142]}",{}
6.png,50331702,{},2346,1583,"{""name"":""polygon"",""all_points_x"":[3781,3802,3826,3838,3869,3900,3923,3915,3910,3894,3859,3848,3838,3824,3802,3795,3790,3774],""all_points_y"":[3268,3239,3212,3199,3146,3096,3051,3049,3057,3086,3147,3163,3185,3204,3228,3239,3250,3263]}",{}
6.png,50331702,{},2346,1584,"{""name"":""polygon"",""all_points_x"":[3882,3902,3911,3923,3926,3930,3931,3926,3909,3893,3876,3856,3844,3842,3829,3820,3815,3811,3816,3824,3838,3839,3877],""all_points_y"":[3214,3175,3151,3128,3123,3123,3133,3138,3178,3208,3243,3278,3304,3312,3332,3352,3358,3357,3347,3327,3305,3299,3228]}",{}
6.png,50331702,{},2346,1585,"{""name"":""polygon"",""all_points_x"":[3872,3881,3897,3909,3920,3930,3932,3946,3958,3963,3948,3938,3935,3903,3881,3878,3870],""all_points_y"":[3146,3175,3207,3233,3256,3281,3294,3320,3352,3347,3312,3291,3272,3202,3152,3140,3143]}",{}
6.png,50331702,{},2346,1586,"{""name"":""polygon"",""all_points_x"":[4085,4067,4053,4042,4033,4031,4024,4027,4042,4072,4095,4095],""all_points_y"":[2988,3008,3020,3032,3039,3046,3055,3058,3038,3012,2987,2979]}",{}
6.png,50331702,{},2346,1587,"{""name"":""polygon"",""all_points_x"":[4020,4013,4014,4031,4038,4077,4095,4095,4078,4062,4038],""all_points_y"":[3090,3091,3085,3079,3070,3050,3041,3050,3057,3066,3079]}",{}
6.png,50331702,{},2346,1588,"{""name"":""polygon"",""all_points_x"":[3903,3943,3984,4026,4081,4090,4089,4081,4021,3971,3940,3924,3902],""all_points_y"":[3246,3221,3206,3183,3159,3157,3143,3152,3179,3205,3215,3228,3241]}",{}
6.png,50331702,{},2346,1589,"{""name"":""polygon"",""all_points_x"":[4010,4014,4041,4064,4077,4095,4096,4075,4071,4038,4016],""all_points_y"":[3157,3165,3149,3135,3126,3108,3098,3116,3124,3145,3156]}",{}
6.png,50331702,{},2346,1590,"{""name"":""polygon"",""all_points_x"":[3802,3820,3842,3859,3914,3952,3980,3992,4023,4017,3999,3948,3893,3856,3826,3804],""all_points_y"":[3318,3316,3307,3295,3269,3251,3237,3228,3213,3205,3218,3245,3273,3291,3308,3314]}",{}
6.png,50331702,{},2346,1591,"{""name"":""polygon"",""all_points_x"":[3964,3981,3990,4015,4033,4050,4086,4093,4092,4068,4046,4010,3989,3967,3957,3962],""all_points_y"":[3261,3254,3250,3246,3240,3236,3213,3205,3201,3214,3228,3242,3244,3253,3264,3267]}",{}
6.png,50331702,{},2346,1592,"{""name"":""polygon"",""all_points_x"":[3186,3192,3198,3207,3220,3224,3228,3230,3238,3244,3253,3258,3250,3235,3225,3211,3197,3192,3186,3186],""all_points_y"":[2714,2723,2749,2780,2815,2831,2841,2850,2864,2877,2901,2898,2871,2840,2808,2765,2713,2707,2707,2710]}",{}
6.png,50331702,{},2346,1593,"{""name"":""polygon"",""all_points_x"":[3217,3215,3213,3209,3209,3208,3208,3206,3205,3202,3207,3210,3209,3212,3217,3215,3227,3231,3226,3216],""all_points_y"":[2729,2754,2768,2800,2809,2838,2855,2879,2900,2915,2941,2939,2913,2891,2824,2801,2727,2721,2711,2716]}",{}
6.png,50331702,{},2346,1594,"{""name"":""polygon"",""all_points_x"":[3262,3267,3308,3362,3381,3373,3347,3310,3286,3274],""all_points_y"":[3229,3232,3175,3111,3088,3083,3118,3162,3191,3208]}",{}
6.png,50331702,{},2346,1595,"{""name"":""polygon"",""all_points_x"":[3195,3224,3261,3265,3263,3236,3195,3192,3189],""all_points_y"":[3007,3041,3084,3085,3079,3044,2999,2999,3003]}",{}
6.png,50331702,{},2346,1596,"{""name"":""polygon"",""all_points_x"":[4029,4006,3952,3945,3926,3915,3884,3876,3866,3873,3879,3899,3920,3926,3932,3957,3988,4021,4036,4041,4037,4030],""all_points_y"":[3248,3287,3356,3366,3398,3416,3461,3466,3476,3481,3469,3449,3416,3410,3400,3364,3321,3276,3253,3248,3241,3242]}",{}
6.png,50331702,{},2346,1597,"{""name"":""polygon"",""all_points_x"":[4091,4075,4047,4010,3992,3961,3928,3921,3918,3940,3966,4008,4062,4087,4094,4094],""all_points_y"":[3321,3327,3346,3372,3385,3402,3427,3434,3427,3409,3393,3361,3325,3310,3309,3319]}",{}
6.png,50331702,{},2346,1598,"{""name"":""polygon"",""all_points_x"":[3933,3947,3983,4007,4044,4095,4095,4081,4034,3987,3973,3946,3932],""all_points_y"":[3403,3395,3360,3335,3305,3258,3247,3261,3303,3345,3359,3387,3397]}",{}
6.png,50331702,{},2346,1599,"{""name"":""polygon"",""all_points_x"":[3629,3637,3637,3645,3648,3641,3640,3633],""all_points_y"":[3326,3387,3397,3459,3458,3398,3378,3323]}",{}
6.png,50331702,{},2346,1600,"{""name"":""polygon"",""all_points_x"":[3640,3641,3640,3640,3645,3646,3645],""all_points_y"":[3316,3354,3365,3377,3379,3338,3312]}",{}
6.png,50331702,{},2346,1601,"{""name"":""polygon"",""all_points_x"":[4095,4081,4061,4055,4063,4078,4095],""all_points_y"":[3275,3281,3298,3297,3289,3276,3269]}",{}
6.png,50331702,{},2346,1602,"{""name"":""polygon"",""all_points_x"":[3920,3901,3878,3863,3867,3886,3909,3930,3923],""all_points_y"":[3356,3399,3444,3475,3476,3440,3397,3355,3351]}",{}
6.png,50331702,{},2346,1603,"{""name"":""polygon"",""all_points_x"":[3764,3782,3806,3825,3861,3876,3868,3852,3815,3801,3793,3780,3766,3760],""all_points_y"":[3478,3455,3416,3384,3326,3298,3296,3325,3387,3411,3420,3446,3469,3474]}",{}
6.png,50331702,{},2346,1604,"{""name"":""polygon"",""all_points_x"":[3754,3752,3763,3767,3779,3809,3819,3823,3827,3849,3852,3835,3827,3809,3790,3783,3770,3765],""all_points_y"":[3523,3519,3513,3507,3503,3457,3440,3432,3428,3389,3395,3428,3438,3466,3498,3507,3512,3518]}",{}
6.png,50331702,{},2346,1605,"{""name"":""polygon"",""all_points_x"":[3777,3788,3798,3804,3819,3855,3869,3870,3874,3883,3885,3878,3852,3838,3823,3809,3803,3781],""all_points_y"":[3541,3518,3498,3490,3454,3387,3358,3352,3346,3328,3347,3360,3406,3430,3459,3494,3499,3545]}",{}
6.png,50331702,{},2346,1606,"{""name"":""polygon"",""all_points_x"":[3841,3862,3875,3951,3995,4019,4026,4026,3997,3981,3943,3879,3847,3837,3837],""all_points_y"":[3431,3435,3436,3446,3451,3452,3453,3448,3444,3444,3438,3431,3423,3425,3429]}",{}
6.png,50331702,{},2346,1607,"{""name"":""polygon"",""all_points_x"":[3893,3943,3959,3954,3918,3879],""all_points_y"":[4096,4072,4061,4057,4077,4096]}",{}
6.png,50331702,{},2346,1608,"{""name"":""polygon"",""all_points_x"":[3991,3990,3984,3976,3969,3969,3973,3984,3994,3998,3998],""all_points_y"":[3987,4002,4022,4048,4081,4090,4089,4038,4006,3995,3984]}",{}
6.png,50331702,{},2346,1609,"{""name"":""polygon"",""all_points_x"":[4027,4016,4015,3995,3991,3995,4005,4019,4023,4031],""all_points_y"":[3948,3968,3971,4010,4024,4026,4000,3977,3963,3948]}",{}
6.png,50331702,{},2346,1610,"{""name"":""polygon"",""all_points_x"":[3845,3841,3855,3864,3891,3954,4020,4056,4064,4073,4059,4036,3981,3939,3902,3882,3869,3857],""all_points_y"":[4039,4037,4023,4010,3987,3949,3909,3886,3876,3885,3896,3910,3942,3968,3988,4003,4010,4025]}",{}
6.png,50331702,{},2346,1611,"{""name"":""polygon"",""all_points_x"":[3955,3955,3962,3969,3975,3988,3994,4022,4054,4056,4034,4008,3995,3974,3960],""all_points_y"":[3929,3924,3917,3905,3900,3887,3880,3851,3818,3823,3847,3873,3885,3908,3926]}",{}
6.png,50331702,{},2346,1612,"{""name"":""polygon"",""all_points_x"":[3751,3761,3803,3841,3888,3909,3933,3942,3951,3943,3937,3917,3884,3848,3817,3779,3768,3755],""all_points_y"":[3761,3757,3723,3700,3673,3657,3635,3618,3624,3650,3649,3662,3683,3703,3721,3749,3759,3767]}",{}
6.png,50331702,{},2346,1613,"{""name"":""polygon"",""all_points_x"":[3873,3897,3907,3926,3939,3939,3925,3904,3871,3860,3862],""all_points_y"":[3393,3387,3382,3377,3373,3369,3373,3378,3390,3393,3396]}",{}
6.png,50331702,{},2346,1614,"{""name"":""polygon"",""all_points_x"":[4094,4080,4054,4059,4074,4082,4095],""all_points_y"":[3370,3389,3426,3428,3407,3394,3378]}",{}
6.png,50331702,{},2346,1615,"{""name"":""polygon"",""all_points_x"":[3885,3890,3894,3898,3903,3906,3913,3917,3911,3906,3898,3894,3892,3890,3884],""all_points_y"":[3545,3595,3620,3629,3645,3649,3674,3672,3645,3635,3606,3578,3546,3538,3542]}",{}
6.png,50331702,{},2346,1616,"{""name"":""polygon"",""all_points_x"":[4095,4087,4070,4059,4056,4069,4084,4095],""all_points_y"":[3434,3435,3441,3443,3438,3436,3429,3430]}",{}
6.png,50331702,{},2346,1617,"{""name"":""polygon"",""all_points_x"":[3951,3948,3953,3969,3976,3994,4017,4022,4041,4044,4041,4032,3999,3983,3973,3967],""all_points_y"":[3513,3519,3519,3516,3510,3506,3499,3498,3497,3492,3489,3490,3499,3505,3506,3511]}",{}
6.png,50331702,{},2346,1618,"{""name"":""polygon"",""all_points_x"":[4063,4059,4050,4054,4063,4068,4068,4062],""all_points_y"":[3976,4023,4095,4095,4022,3991,3968,3969]}",{}
6.png,50331702,{},2346,1619,"{""name"":""polygon"",""all_points_x"":[4026,4026,4042,4052,4082,4088,4049,4040],""all_points_y"":[3807,3798,3774,3773,3765,3772,3778,3788]}",{}
6.png,50331702,{},2346,1620,"{""name"":""polygon"",""all_points_x"":[3937,3969,3998,4015,4038,4095,4095,4040,4008,3988,3932],""all_points_y"":[3756,3748,3738,3734,3730,3708,3699,3722,3729,3734,3753]}",{}
6.png,50331702,{},2346,1621,"{""name"":""polygon"",""all_points_x"":[3890,3891,3918,3952,3979,4001,4007,3980,3945,3918,3892],""all_points_y"":[3757,3748,3706,3655,3610,3572,3574,3622,3678,3716,3756]}",{}
6.png,50331702,{},2346,1622,"{""name"":""polygon"",""all_points_x"":[3955,3961,3974,3998,4006,4027,4094,4095,4095,4040,4030,4013,3984,3969,3960,3954],""all_points_y"":[3675,3676,3666,3655,3654,3638,3598,3599,3607,3637,3643,3656,3669,3675,3680,3679]}",{}
6.png,50331702,{},2346,1623,"{""name"":""polygon"",""all_points_x"":[4094,4016,3990,3929,3926,3938,3951,3992,4016,4030,4095,4095],""all_points_y"":[3680,3715,3723,3743,3750,3750,3743,3729,3723,3716,3688,3679]}",{}
6.png,50331702,{},2346,1624,"{""name"":""polygon"",""all_points_x"":[3836,3863,3893,3894,3861,3838,3833],""all_points_y"":[4091,4071,4045,4052,4080,4096,4096]}",{}
6.png,50331702,{},2346,1625,"{""name"":""polygon"",""all_points_x"":[3769,3811,3829,3834,3793,3776,3768],""all_points_y"":[4093,4057,4040,4044,4081,4096,4095]}",{}
6.png,50331702,{},2346,1626,"{""name"":""polygon"",""all_points_x"":[3794,3817,3822,3827,3835,3838,3842,3839,3829,3826,3802,3788,3783],""all_points_y"":[3606,3648,3659,3677,3692,3699,3695,3685,3670,3653,3609,3585,3588]}",{}
6.png,50331702,{},2346,1627,"{""name"":""polygon"",""all_points_x"":[3815,3831,3839,3863,3884,3887,3865,3842,3820,3821,3809,3808,3817],""all_points_y"":[3592,3577,3570,3550,3535,3539,3557,3573,3595,3601,3618,3614,3601]}",{}
6.png,50331702,{},2346,1628,"{""name"":""polygon"",""all_points_x"":[3867,3869,3877,3887,3887,3893,3896,3894,3889,3877,3873,3873,3871,3853,3850],""all_points_y"":[3733,3721,3713,3688,3681,3675,3680,3689,3696,3721,3727,3729,3736,3780,3777]}",{}
6.png,50331702,{},2346,1629,"{""name"":""polygon"",""all_points_x"":[3679,3688,3712,3727,3775,3827,3831,3823,3807,3769,3737,3720,3694,3688,3678],""all_points_y"":[3886,3873,3858,3841,3806,3774,3769,3766,3779,3803,3828,3840,3864,3866,3879]}",{}
6.png,50331702,{},2346,1630,"{""name"":""polygon"",""all_points_x"":[3741,3760,3768,3775,3772,3754,3740,3725,3712,3717,3721,3736],""all_points_y"":[3880,3881,3878,3873,3870,3877,3875,3880,3883,3887,3885,3883]}",{}
6.png,50331702,{},2346,1631,"{""name"":""polygon"",""all_points_x"":[3767,3784,3811,3836,3880,3905,3899,3868,3828,3788,3770,3761,3757,3757,3762],""all_points_y"":[3885,3875,3858,3840,3811,3796,3791,3810,3838,3866,3877,3884,3894,3902,3901]}",{}
6.png,50331702,{},2346,1632,"{""name"":""polygon"",""all_points_x"":[2557,2571,2582,2589,2606,2601,2579,2574,2549,2555],""all_points_y"":[2907,2891,2877,2866,2842,2835,2869,2879,2909,2912]}",{}
6.png,50331702,{},2346,1633,"{""name"":""polygon"",""all_points_x"":[2615,2624,2640,2643,2632,2619,2610,2609],""all_points_y"":[2887,2907,2937,2933,2910,2879,2879,2884]}",{}
6.png,50331702,{},2346,1634,"{""name"":""polygon"",""all_points_x"":[2651,2687,2688,2660,2661,2653],""all_points_y"":[2852,2907,2902,2854,2848,2848]}",{}
6.png,50331702,{},2346,1635,"{""name"":""polygon"",""all_points_x"":[2533,2556,2581,2601,2605,2578,2553,2535],""all_points_y"":[2946,2981,3028,3056,3053,3008,2965,2940]}",{}
6.png,50331702,{},2346,1636,"{""name"":""polygon"",""all_points_x"":[2699,2743,2758,2772,2775,2780,2791,2795,2781,2778,2774,2754,2726,2702,2697],""all_points_y"":[2646,2694,2711,2726,2733,2733,2747,2741,2729,2728,2721,2698,2668,2642,2644]}",{}
6.png,50331702,{},2346,1637,"{""name"":""polygon"",""all_points_x"":[2755,2788,2796,2801,2805,2811,2829,2845,2847,2818,2788,2760],""all_points_y"":[2656,2700,2711,2715,2723,2729,2756,2774,2769,2733,2691,2651]}",{}
6.png,50331702,{},2346,1638,"{""name"":""polygon"",""all_points_x"":[2827,2854,2858,2872,2889,2896,2903,2877,2857,2828,2823],""all_points_y"":[2631,2675,2680,2703,2736,2751,2751,2699,2665,2621,2625]}",{}
6.png,50331702,{},2346,1639,"{""name"":""polygon"",""all_points_x"":[2875,2877,2881,2879,2877,2877,2875,2882,2886,2885,2885,2886,2885,2882,2882,2875],""all_points_y"":[2790,2759,2728,2664,2623,2608,2594,2589,2605,2610,2661,2708,2747,2783,2795,2795]}",{}
6.png,50331702,{},2346,1640,"{""name"":""polygon"",""all_points_x"":[2715,2737,2747,2759,2768,2772,2780,2782,2774,2766,2760,2733,2719],""all_points_y"":[2734,2782,2802,2825,2839,2849,2856,2854,2844,2825,2818,2760,2732]}",{}
6.png,50331702,{},2346,1641,"{""name"":""polygon"",""all_points_x"":[2817,2834,2855,2861,2841,2823],""all_points_y"":[2788,2822,2880,2875,2825,2786]}",{}
6.png,50331702,{},2346,1642,"{""name"":""polygon"",""all_points_x"":[2731,2767,2789,2802,2809,2818,2825,2825,2820,2809,2794,2736,2729],""all_points_y"":[2830,2858,2876,2885,2887,2896,2897,2895,2891,2881,2872,2828,2826]}",{}
6.png,50331702,{},2346,1643,"{""name"":""polygon"",""all_points_x"":[2822,2825,2836,2840,2830,2829],""all_points_y"":[2684,2700,2734,2728,2698,2687]}",{}
6.png,50331702,{},2346,1644,"{""name"":""polygon"",""all_points_x"":[2758,2766,2782,2802,2810,2804,2790,2766,2754],""all_points_y"":[2693,2708,2760,2809,2828,2829,2792,2724,2694]}",{}
6.png,50331702,{},2346,1645,"{""name"":""polygon"",""all_points_x"":[2766,2759,2754,2748,2754,2758,2766,2772,2766],""all_points_y"":[2868,2904,2932,2959,2958,2938,2896,2864,2862]}",{}
6.png,50331702,{},2346,1646,"{""name"":""polygon"",""all_points_x"":[3144,3085,3044,3011,3015,3049,3095,3137,3153,3152],""all_points_y"":[2946,2908,2875,2848,2845,2871,2907,2935,2945,2949]}",{}
6.png,50331702,{},2346,1647,"{""name"":""polygon"",""all_points_x"":[2983,2997,3004,3012,3023,3027,3043,3048,3050,3030,3016,2994,2986,2981],""all_points_y"":[3072,3103,3120,3141,3164,3169,3203,3209,3203,3161,3134,3081,3065,3070]}",{}
6.png,50331702,{},2346,1648,"{""name"":""polygon"",""all_points_x"":[2980,3000,3016,3036,3058,3063,3038,3025,2991,2984],""all_points_y"":[3056,3088,3115,3156,3187,3184,3147,3122,3064,3052]}",{}
6.png,50331702,{},2346,1649,"{""name"":""polygon"",""all_points_x"":[3152,3101,3066,3069,3094,3129,3154],""all_points_y"":[2728,2721,2711,2707,2715,2720,2725]}",{}
6.png,50331702,{},2346,1650,"{""name"":""polygon"",""all_points_x"":[3110,3126,3132,3138,3145,3157,3169,3173,3144,3142,3117,3107,3095,3090],""all_points_y"":[2645,2667,2677,2686,2704,2720,2739,2733,2689,2681,2646,2634,2622,2629]}",{}
6.png,50331702,{},2346,1651,"{""name"":""polygon"",""all_points_x"":[3100,3127,3139,3162,3156,3131,3119,3101,3094,3089,3094],""all_points_y"":[2751,2733,2718,2697,2693,2719,2733,2746,2752,2764,2764]}",{}
6.png,50331702,{},2346,1652,"{""name"":""polygon"",""all_points_x"":[3808,3819,3827,3848,3878,3909,3933,3939,3945,3947,3940,3915,3890,3865,3838,3823,3802,3800],""all_points_y"":[3989,3980,3968,3947,3919,3892,3869,3863,3855,3867,3872,3894,3915,3938,3964,3981,3999,3996]}",{}
6.png,50331702,{},2346,1653,"{""name"":""polygon"",""all_points_x"":[3906,3914,3926,3934,3946,3954,3963,3974,3991,3990,3978,3965,3953,3936,3926,3910,3903],""all_points_y"":[3686,3702,3728,3746,3777,3788,3797,3814,3823,3818,3811,3790,3781,3737,3714,3681,3684]}",{}
6.png,50331702,{},2346,1654,"{""name"":""polygon"",""all_points_x"":[3878,3878,3881,3883,3879,3883,3888,3885,3884,3883],""all_points_y"":[3888,3907,3935,3977,4001,4000,3976,3926,3907,3887]}",{}
6.png,50331702,{},2346,1655,"{""name"":""polygon"",""all_points_x"":[4088,4080,4076,4077,4069,4077,4081,4082,4083,4090,4092],""all_points_y"":[3502,3545,3563,3580,3603,3603,3583,3572,3556,3516,3499]}",{}
6.png,50331702,{},2346,1656,"{""name"":""polygon"",""all_points_x"":[4044,4035,4041,4064,4081,4091,4095,4091,4084,4069,4060,4052],""all_points_y"":[3641,3625,3624,3667,3700,3726,3739,3738,3719,3687,3668,3654]}",{}
6.png,50331702,{},2346,1657,"{""name"":""polygon"",""all_points_x"":[3605,3606,3604,3604,3606,3606,3612,3608,3604,3607,3611,3615,3611,3616,3617,3615,3614,3610,3612,3613,3617,3613,3606,3604],""all_points_y"":[3754,3768,3789,3804,3834,3846,3860,3873,3884,3906,3927,3925,3882,3868,3861,3849,3843,3797,3783,3754,3741,3737,3737,3745]}",{}
6.png,50331702,{},2346,1658,"{""name"":""polygon"",""all_points_x"":[3600,3651,3668,3706,3765,3783,3783,3765,3746,3675,3650,3626,3599,3571,3563,3567,3574],""all_points_y"":[4056,4040,4035,4024,4005,3997,3993,3997,4003,4027,4034,4043,4053,4052,4054,4059,4059]}",{}
6.png,50331702,{},2346,1659,"{""name"":""polygon"",""all_points_x"":[3459,3497,3551,3580,3621,3642,3649,3651,3633,3594,3556,3519,3486,3456,3453,3456],""all_points_y"":[4061,4026,3991,3975,3947,3933,3932,3924,3931,3957,3982,4007,4030,4056,4063,4066]}",{}
6.png,50331702,{},2346,1660,"{""name"":""polygon"",""all_points_x"":[3520,3526,3533,3558,3567,3610,3634,3652,3674,3709,3737,3742,3727,3680,3665,3627,3593,3562,3547,3527],""all_points_y"":[4094,4087,4085,4065,4060,4036,4025,4012,3997,3974,3954,3964,3972,4002,4015,4036,4051,4070,4082,4096]}",{}
6.png,50331702,{},2346,1661,"{""name"":""polygon"",""all_points_x"":[3477,3512,3523,3549,3563,3569,3564,3557,3554,3535,3516,3502,3472],""all_points_y"":[4011,3965,3943,3907,3881,3881,3872,3875,3884,3917,3944,3968,4008]}",{}
6.png,50331702,{},2346,1662,"{""name"":""polygon"",""all_points_x"":[3533,3534,3533,3533,3537,3538,3539,3539,3540,3538,3533],""all_points_y"":[3728,3781,3821,3858,3858,3813,3788,3745,3725,3723,3723]}",{}
6.png,50331702,{},2346,1663,"{""name"":""polygon"",""all_points_x"":[3629,3627,3632,3650,3661,3691,3700,3730,3772,3778,3779,3765,3715,3704,3669,3653,3637,3633],""all_points_y"":[3770,3768,3764,3744,3738,3714,3704,3679,3642,3644,3648,3657,3699,3709,3741,3749,3768,3770]}",{}
6.png,50331702,{},2346,1664,"{""name"":""polygon"",""all_points_x"":[3557,3594,3602,3642,3703,3721,3732,3750,3752,3741,3724,3686,3641,3597,3557],""all_points_y"":[3735,3709,3705,3667,3608,3591,3577,3562,3560,3557,3578,3614,3659,3700,3729]}",{}
6.png,50331702,{},2346,1665,"{""name"":""polygon"",""all_points_x"":[3638,3648,3670,3681,3700,3717,3713,3695,3683,3678,3648,3633],""all_points_y"":[3842,3833,3818,3811,3805,3794,3790,3803,3804,3808,3826,3838]}",{}
6.png,50331702,{},2346,1666,"{""name"":""polygon"",""all_points_x"":[3702,3718,3740,3746,3792,3795,3760,3746,3721,3706],""all_points_y"":[3963,3940,3918,3915,3873,3877,3911,3920,3945,3965]}",{}
6.png,50331702,{},2346,1667,"{""name"":""polygon"",""all_points_x"":[3765,3785,3791,3792,3800,3804,3807,3800,3790,3774,3768,3767,3761],""all_points_y"":[3860,3832,3820,3817,3805,3799,3805,3817,3831,3859,3866,3873,3870]}",{}
6.png,50331702,{},2346,1668,"{""name"":""polygon"",""all_points_x"":[3560,3559,3563,3570,3579,3579,3587,3592,3592,3588,3587,3580,3573],""all_points_y"":[3914,3896,3884,3858,3834,3813,3765,3763,3773,3791,3838,3853,3873]}",{}
6.png,50331702,{},2346,1669,"{""name"":""polygon"",""all_points_x"":[3564,3582,3588,3594,3595,3602,3613,3632,3618,3602,3601,3594,3589,3567],""all_points_y"":[3823,3861,3887,3892,3906,3916,3960,3985,3954,3903,3893,3885,3866,3817]}",{}
6.png,50331702,{},2346,1670,"{""name"":""polygon"",""all_points_x"":[3506,3522,3542,3578,3617,3629,3626,3616,3612,3582,3530,3520,3497,3502],""all_points_y"":[3588,3569,3544,3496,3445,3433,3419,3423,3437,3479,3548,3563,3590,3594]}",{}
6.png,50331702,{},2346,1671,"{""name"":""polygon"",""all_points_x"":[3519,3523,3524,3525,3529,3533,3531,3534,3538,3534,3529,3525,3523,3518],""all_points_y"":[3537,3558,3577,3591,3621,3648,3662,3665,3642,3612,3561,3532,3527,3527]}",{}
6.png,50331702,{},2346,1672,"{""name"":""polygon"",""all_points_x"":[3394,3422,3432,3439,3445,3541,3542,3535,3445,3431,3405,3390],""all_points_y"":[3719,3677,3667,3659,3649,3521,3515,3517,3640,3654,3691,3711]}",{}
6.png,50331702,{},2346,1673,"{""name"":""polygon"",""all_points_x"":[3472,3487,3503,3513,3527,3572,3582,3582,3576,3572,3568,3516,3506,3490,3468],""all_points_y"":[3459,3445,3429,3415,3403,3348,3340,3334,3327,3332,3341,3406,3413,3432,3455]}",{}
6.png,50331702,{},2346,1674,"{""name"":""polygon"",""all_points_x"":[3549,3585,3602,3609,3642,3644,3612,3597,3549],""all_points_y"":[3550,3565,3571,3577,3591,3586,3572,3564,3545]}",{}
6.png,50331702,{},2346,1675,"{""name"":""polygon"",""all_points_x"":[3574,3597,3603,3603,3597,3578,3548,3518,3507,3488,3454,3442,3448,3458,3515,3559],""all_points_y"":[3317,3283,3276,3270,3273,3298,3343,3384,3399,3430,3470,3482,3483,3474,3403,3339]}",{}
6.png,50331702,{},2346,1676,"{""name"":""polygon"",""all_points_x"":[3325,3380,3405,3455,3497,3501,3499,3491,3434,3393,3357,3322],""all_points_y"":[3342,3303,3283,3244,3214,3209,3205,3207,3251,3283,3310,3338]}",{}
6.png,50331702,{},2346,1677,"{""name"":""polygon"",""all_points_x"":[3252,3255,3279,3297,3330,3375,3412,3415,3404,3386,3341,3314,3274],""all_points_y"":[3385,3389,3368,3345,3308,3253,3197,3193,3192,3221,3280,3315,3363]}",{}
6.png,50331702,{},2346,1678,"{""name"":""polygon"",""all_points_x"":[3237,3254,3268,3300,3319,3337,3343,3345,3327,3289,3266,3257,3237,3234],""all_points_y"":[3419,3427,3437,3454,3463,3476,3480,3474,3462,3441,3430,3421,3413,3416]}",{}
6.png,50331702,{},2346,1679,"{""name"":""polygon"",""all_points_x"":[3340,3380,3408,3409,3416,3408,3392,3368,3347,3316,3300,3299,3303],""all_points_y"":[3227,3171,3132,3127,3126,3142,3168,3199,3226,3270,3286,3284,3277]}",{}
6.png,50331702,{},2346,1680,"{""name"":""polygon"",""all_points_x"":[3287,3283,3300,3327,3343,3348,3373,3374,3382,3380,3377,3358,3352,3315,3294],""all_points_y"":[3293,3290,3272,3234,3211,3202,3162,3155,3157,3166,3169,3198,3206,3259,3285]}",{}
6.png,50331702,{},2346,1681,"{""name"":""polygon"",""all_points_x"":[3147,3173,3181,3215,3231,3253,3256,3227,3210,3197,3158,3150],""all_points_y"":[3207,3230,3237,3267,3284,3305,3303,3273,3256,3244,3208,3204]}",{}
6.png,50331702,{},2346,1682,"{""name"":""polygon"",""all_points_x"":[3186,3220,3235,3255,3266,3271,3257,3244,3214,3191,3186,3183],""all_points_y"":[3390,3466,3502,3557,3598,3598,3547,3507,3434,3385,3383,3388]}",{}
6.png,50331702,{},2346,1683,"{""name"":""polygon"",""all_points_x"":[3192,3216,3261,3307,3325,3330,3298,3256,3225,3183,3159,3137,3131,3138,3150,3166],""all_points_y"":[3560,3541,3513,3481,3466,3477,3496,3522,3542,3572,3583,3595,3592,3586,3582,3576]}",{}
6.png,50331702,{},2346,1684,"{""name"":""polygon"",""all_points_x"":[3109,3110,3109,3109,3104,3101,3103,3100,3104,3106,3105,3107,3107,3114,3115,3116,3118,3115],""all_points_y"":[3644,3594,3556,3535,3471,3450,3427,3411,3404,3404,3417,3440,3451,3500,3527,3553,3597,3647]}",{}
6.png,50331702,{},2346,1685,"{""name"":""polygon"",""all_points_x"":[3058,3064,3065,3072,3073,3105,3131,3149,3175,3179,3170,3165,3144,3124,3098,3068,3064,3056],""all_points_y"":[3858,3845,3838,3823,3814,3767,3715,3689,3642,3632,3630,3643,3684,3714,3766,3813,3828,3854]}",{}
6.png,50331702,{},2346,1686,"{""name"":""polygon"",""all_points_x"":[3080,3084,3122,3128,3161,3210,3228,3233,3185,3130,3125,3115,3100,3087],""all_points_y"":[4036,4029,3977,3964,3916,3843,3817,3825,3896,3972,3984,3998,4020,4036]}",{}
6.png,50331702,{},2346,1687,"{""name"":""polygon"",""all_points_x"":[3125,3174,3218,3214,3185,3139,3118],""all_points_y"":[3854,3824,3799,3791,3808,3838,3850]}",{}
6.png,50331702,{},2346,1688,"{""name"":""polygon"",""all_points_x"":[3099,3116,3135,3179,3230,3270,3272,3267,3260,3226,3161,3130,3114,3098],""all_points_y"":[3871,3857,3837,3795,3739,3693,3684,3682,3686,3729,3802,3834,3852,3865]}",{}
6.png,50331702,{},2346,1689,"{""name"":""polygon"",""all_points_x"":[3186,3182,3197,3221,3240,3242,3248,3229,3193,3190],""all_points_y"":[3660,3657,3622,3568,3535,3527,3532,3572,3645,3658]}",{}
6.png,50331702,{},2346,1690,"{""name"":""polygon"",""all_points_x"":[3302,3332,3357,3375,3400,3406,3376,3330,3303,3298],""all_points_y"":[3892,3920,3941,3961,3984,3979,3951,3907,3885,3886]}",{}
6.png,50331702,{},2346,1691,"{""name"":""polygon"",""all_points_x"":[3475,3462,3446,3429,3425,3442,3459,3470,3475,3481,3483],""all_points_y"":[3985,3996,4012,4028,4022,4006,3989,3977,3970,3970,3984]}",{}
6.png,50331702,{},2346,1692,"{""name"":""polygon"",""all_points_x"":[3327,3363,3378,3393,3403,3406,3382,3340,3327,3322],""all_points_y"":[3950,3984,3997,4010,4020,4015,3992,3955,3940,3947]}",{}
6.png,50331702,{},2346,1693,"{""name"":""polygon"",""all_points_x"":[3183,3206,3213,3246,3280,3298,3308,3303,3294,3292,3252,3214,3199,3178],""all_points_y"":[4093,4079,4074,4047,4025,4012,4006,3999,4001,4008,4037,4064,4076,4090]}",{}
6.png,50331702,{},2346,1694,"{""name"":""polygon"",""all_points_x"":[2680,2681,2695,2706,2715,2719,2703,2686,2684],""all_points_y"":[3763,3779,3834,3871,3894,3893,3840,3779,3764]}",{}
6.png,50331702,{},2346,1695,"{""name"":""polygon"",""all_points_x"":[3711,3716,3717,3723,3724,3724,3729,3730,3723,3709,3703,3703],""all_points_y"":[3922,3910,3900,3882,3878,3874,3871,3877,3904,3944,3947,3943]}",{}
6.png,50331702,{},2346,1696,"{""name"":""polygon"",""all_points_x"":[3167,3262,3288,3284,3266,3164,3161],""all_points_y"":[3973,3967,3961,3955,3961,3968,3972]}",{}
6.png,50331702,{},2346,1697,"{""name"":""polygon"",""all_points_x"":[3257,3254,3249,3248,3249,3257,3257,3261,3264,3265,3259],""all_points_y"":[3183,3213,3252,3260,3274,3274,3256,3217,3187,3181,3179]}",{}
6.png,50331702,{},2346,1698,"{""name"":""polygon"",""all_points_x"":[3142,3179,3235,3282,3291,3300,3298,3290,3283,3275,3279,3260,3232,3189,3164,3120,3130],""all_points_y"":[4085,4055,4008,3965,3956,3953,3949,3941,3934,3944,3955,3975,4001,4037,4061,4095,4096]}",{}
6.png,50331702,{},2346,1699,"{""name"":""polygon"",""all_points_x"":[3394,3418,3424,3437,3441,3405,3398],""all_points_y"":[3647,3689,3698,3723,3718,3652,3640]}",{}
6.png,50331702,{},2346,1700,"{""name"":""polygon"",""all_points_x"":[3377,3351,3341,3348,3358,3380,3382],""all_points_y"":[3606,3541,3511,3510,3539,3598,3606]}",{}
6.png,50331702,{},2346,1701,"{""name"":""polygon"",""all_points_x"":[1961,2010,2022,2037,2038,2023,2016,1961,1957],""all_points_y"":[3305,3351,3360,3377,3373,3356,3350,3299,3302]}",{}
6.png,50331702,{},2346,1702,"{""name"":""polygon"",""all_points_x"":[2400,2436,2478,2500,2504,2436,2398,2396,2391],""all_points_y"":[3345,3391,3446,3475,3472,3380,3333,3328,3337]}",{}
6.png,50331702,{},2346,1703,"{""name"":""polygon"",""all_points_x"":[2268,2339,2360,2364,2364,2327,2276,2265,2261],""all_points_y"":[3641,3699,3718,3717,3712,3680,3641,3632,3639]}",{}
6.png,50331702,{},2346,1704,"{""name"":""polygon"",""all_points_x"":[2161,2231,2277,2296,2304,2253,2188,2164,2157],""all_points_y"":[3969,4034,4079,4096,4095,4047,3987,3964,3965]}",{}
6.png,50331702,{},2346,1705,"{""name"":""polygon"",""all_points_x"":[2086,2101,2110,2162,2169,2114,2108,2083,2080],""all_points_y"":[4047,4058,4062,4095,4095,4058,4055,4038,4043]}",{}
6.png,50331702,{},2346,1706,"{""name"":""polygon"",""all_points_x"":[2044,2071,2110,2118,2115,2097,2086,2077,2049],""all_points_y"":[3878,3891,3904,3903,3899,3896,3890,3888,3873]}",{}
6.png,50331702,{},2346,1707,"{""name"":""polygon"",""all_points_x"":[2043,2093,2119,2124,2045],""all_points_y"":[3867,3890,3900,3898,3864]}",{}
6.png,50331702,{},2346,1708,"{""name"":""polygon"",""all_points_x"":[2367,2370,2370,2375,2381,2387,2377,2375,2375,2370,2364],""all_points_y"":[3881,3860,3846,3822,3801,3803,3844,3852,3864,3888,3887]}",{}
6.png,50331702,{},2346,1709,"{""name"":""polygon"",""all_points_x"":[2373,2328,2326,2330,2355,2391,2406,2409,2421,2417,2399,2386],""all_points_y"":[3610,3575,3573,3567,3588,3618,3631,3637,3648,3651,3635,3622]}",{}
6.png,50331702,{},2346,1710,"{""name"":""polygon"",""all_points_x"":[1750,1748,1744,1744,1748,1750,1753,1756],""all_points_y"":[3326,3362,3379,3397,3396,3379,3366,3324]}",{}
6.png,50331702,{},2346,1711,"{""name"":""polygon"",""all_points_x"":[2391,2401,2414,2421,2407,2391,2385,2379,2383],""all_points_y"":[3247,3272,3309,3309,3271,3232,3215,3219,3230]}",{}
6.png,50331702,{},2346,1712,"{""name"":""polygon"",""all_points_x"":[2011,2024,2037,2047,2061,2067,2056,2041,2020,2022,2020,2012],""all_points_y"":[3324,3350,3377,3392,3425,3421,3400,3371,3327,3320,3318,3321]}",{}
6.png,50331702,{},2346,1713,"{""name"":""polygon"",""all_points_x"":[2186,2203,2237,2254,2259,2265,2256,2223,2197,2183,2179],""all_points_y"":[3404,3426,3473,3499,3518,3514,3486,3440,3406,3393,3399]}",{}
6.png,50331702,{},2346,1714,"{""name"":""polygon"",""all_points_x"":[2177,2187,2193,2202,2210,2217,2220,2223,2216,2197,2181],""all_points_y"":[3484,3447,3424,3399,3373,3347,3344,3347,3372,3434,3487]}",{}
6.png,50331702,{},2346,1715,"{""name"":""polygon"",""all_points_x"":[2189,2220,2236,2264,2286,2300,2306,2309,2301,2287,2246,2207,2193,2191,2186,2188],""all_points_y"":[3572,3592,3602,3625,3639,3646,3652,3650,3641,3635,3605,3578,3568,3565,3567,3571]}",{}
6.png,50331702,{},2346,1716,"{""name"":""polygon"",""all_points_x"":[2204,2256,2268,2270,2257,2221,2211,2207,2203],""all_points_y"":[3502,3549,3566,3562,3545,3511,3499,3495,3501]}",{}
6.png,50331702,{},2346,1717,"{""name"":""polygon"",""all_points_x"":[2211,2228,2235,2239,2248,2253,2241,2220,2217],""all_points_y"":[3553,3575,3581,3584,3598,3594,3580,3553,3548]}",{}
6.png,50331702,{},2346,1718,"{""name"":""polygon"",""all_points_x"":[2221,2220,2227,2246,2252,2260,2262,2249,2234,2228,2228],""all_points_y"":[3609,3604,3598,3557,3545,3533,3538,3563,3594,3603,3609]}",{}
6.png,50331702,{},2346,1719,"{""name"":""polygon"",""all_points_x"":[2047,2123,2130,2051,2045],""all_points_y"":[4047,4095,4095,4044,4044]}",{}
6.png,50331702,{},2346,1720,"{""name"":""polygon"",""all_points_x"":[2120,2157,2160,2168,2169,2162,2124,2120],""all_points_y"":[3834,3893,3903,3911,3907,3894,3830,3830]}",{}
6.png,50331702,{},2346,1721,"{""name"":""polygon"",""all_points_x"":[2034,2038,2037,2044,2050,2055,2050,2046,2035,2033,2031],""all_points_y"":[3779,3765,3758,3734,3698,3675,3675,3696,3753,3758,3780]}",{}
6.png,50331702,{},2346,1722,"{""name"":""polygon"",""all_points_x"":[2401,2475,2478,2441,2399,2393,2399],""all_points_y"":[3194,3261,3258,3222,3185,3192,3196]}",{}
6.png,50331702,{},2346,1723,"{""name"":""polygon"",""all_points_x"":[2101,2103,2118,2130,2137,2128,2123,2113,2106,2104,2100],""all_points_y"":[3239,3257,3292,3334,3329,3308,3292,3267,3242,3229,3228]}",{}
6.png,50331702,{},2346,1724,"{""name"":""polygon"",""all_points_x"":[2071,2114,2125,2136,2138,2122,2075,2070],""all_points_y"":[3219,3247,3254,3257,3251,3247,3214,3215]}",{}
6.png,50331702,{},2346,1725,"{""name"":""polygon"",""all_points_x"":[2012,2034,2040,2017],""all_points_y"":[3169,3235,3231,3166]}",{}
6.png,50331702,{},2346,1726,"{""name"":""polygon"",""all_points_x"":[1983,1985,1983,1988,1989,1987,1982],""all_points_y"":[3393,3342,3327,3327,3375,3401,3399]}",{}
6.png,50331702,{},2346,1727,"{""name"":""polygon"",""all_points_x"":[2242,2246,2250,2251,2253,2255,2248,2249,2244],""all_points_y"":[2904,2941,2969,2973,2973,2962,2904,2897,2895]}",{}
6.png,50331702,{},2346,1728,"{""name"":""polygon"",""all_points_x"":[2204,2241,2269,2272,2216,2208,2201],""all_points_y"":[2946,3013,3052,3048,2956,2937,2943]}",{}
6.png,50331702,{},2346,1729,"{""name"":""polygon"",""all_points_x"":[2261,2295,2326,2331,2296,2264],""all_points_y"":[3422,3470,3519,3514,3456,3418]}",{}
6.png,50331702,{},2346,1730,"{""name"":""polygon"",""all_points_x"":[2085,2111,2120,2125,2113,2092],""all_points_y"":[3052,3108,3130,3128,3097,3051]}",{}
6.png,50331702,{},2346,1731,"{""name"":""polygon"",""all_points_x"":[1919,1919,1916,1915,1911,1909,1914,1919,1924,1926,1926,1921],""all_points_y"":[3017,3038,3063,3079,3104,3152,3152,3090,3053,3027,3012,3012]}",{}
6.png,50331702,{},2346,1732,"{""name"":""polygon"",""all_points_x"":[1864,1898,1906,1911,1876,1872],""all_points_y"":[3301,3351,3363,3361,3307,3297]}",{}
6.png,50331702,{},2346,1733,"{""name"":""polygon"",""all_points_x"":[2100,2114,2132,2138,2166,2176,2196,2196,2172,2166,2159,2136,2117,2107],""all_points_y"":[3481,3502,3537,3542,3563,3574,3591,3585,3563,3555,3550,3532,3494,3477]}",{}
6.png,50331702,{},2346,1734,"{""name"":""polygon"",""all_points_x"":[2244,2255,2260,2250,2250,2243],""all_points_y"":[3268,3383,3376,3273,3260,3258]}",{}
6.png,50331702,{},2346,1735,"{""name"":""polygon"",""all_points_x"":[1902,1912,1953,1981,1985,1987,1958,1924,1909,1899,1896],""all_points_y"":[3334,3328,3314,3304,3302,3306,3318,3329,3335,3344,3335]}",{}
6.png,50331702,{},2346,1736,"{""name"":""polygon"",""all_points_x"":[2084,2083,2085,2091,2093,2094,2090,2089,2090],""all_points_y"":[3134,3157,3182,3198,3196,3190,3177,3148,3135]}",{}
6.png,50331702,{},2346,1737,"{""name"":""polygon"",""all_points_x"":[2243,2292,2330,2333,2334,2289,2246,2242],""all_points_y"":[3528,3585,3629,3631,3627,3572,3523,3524]}",{}
6.png,50331702,{},2346,1738,"{""name"":""polygon"",""all_points_x"":[2190,2190,2195,2198,2199,2192],""all_points_y"":[4062,4020,4022,4072,4087,4085]}",{}
6.png,50331702,{},2346,1739,"{""name"":""polygon"",""all_points_x"":[2211,2235,2255,2280,2295,2295,2262,2215,2211,2208],""all_points_y"":[3985,4009,4027,4049,4058,4054,4027,3980,3980,3982]}",{}
6.png,50331702,{},2346,1740,"{""name"":""polygon"",""all_points_x"":[2306,2309,2314,2315,2318,2317,2312,2310],""all_points_y"":[4005,4002,4011,4057,4084,4095,4095,4046]}",{}
6.png,50331702,{},2346,1741,"{""name"":""polygon"",""all_points_x"":[2255,2248,2240,2245,2257,2263,2266,2258],""all_points_y"":[3751,3784,3812,3815,3777,3751,3736,3736]}",{}
6.png,50331702,{},2346,1742,"{""name"":""polygon"",""all_points_x"":[2354,2373,2378,2385,2363,2356,2348],""all_points_y"":[3833,3897,3913,3908,3845,3823,3824]}",{}
6.png,50331702,{},2346,1743,"{""name"":""polygon"",""all_points_x"":[2279,2284,2289,2335,2342,2348,2352,2346,2334,2307,2290,2289,2284,2282,2276,2275],""all_points_y"":[3696,3707,3714,3790,3797,3805,3805,3794,3779,3732,3702,3697,3690,3686,3687,3694]}",{}
6.png,50331702,{},2346,1744,"{""name"":""polygon"",""all_points_x"":[2124,2122,2117,2113,2112,2117,2116,2130,2135,2143,2147,2152,2143,2137,2127],""all_points_y"":[3319,3328,3344,3342,3336,3319,3313,3281,3270,3250,3239,3243,3267,3284,3303]}",{}
6.png,50331702,{},2346,1745,"{""name"":""polygon"",""all_points_x"":[2076,2094,2101,2134,2136,2106,2079],""all_points_y"":[3417,3446,3456,3474,3469,3451,3411]}",{}
6.png,50331702,{},2346,1746,"{""name"":""polygon"",""all_points_x"":[2073,2122,2178,2122,2114,2077],""all_points_y"":[3711,3735,3768,3729,3725,3706]}",{}
6.png,50331702,{},2346,1747,"{""name"":""polygon"",""all_points_x"":[2214,2247,2252,2277,2279,2256,2253,2221],""all_points_y"":[3969,4006,4015,4031,4027,4010,4005,3966]}",{}
6.png,50331702,{},2346,1748,"{""name"":""polygon"",""all_points_x"":[2422,2416,2421,2433,2442,2444,2484,2478,2451,2428],""all_points_y"":[3683,3674,3673,3688,3696,3700,3729,3732,3710,3690]}",{}
6.png,50331702,{},2346,1749,"{""name"":""polygon"",""all_points_x"":[2491,2490,2486,2484,2483,2488,2490,2496,2496],""all_points_y"":[3843,3921,3946,3957,3992,3990,3955,3926,3841]}",{}
6.png,50331702,{},2346,1750,"{""name"":""polygon"",""all_points_x"":[2493,2528,2543,2546,2535,2497],""all_points_y"":[4007,4030,4043,4039,4028,4004]}",{}
6.png,50331702,{},2346,1751,"{""name"":""polygon"",""all_points_x"":[2402,2405,2404,2418,2422,2429,2412,2409,2409,2406,2409,2405],""all_points_y"":[4042,4035,4022,3972,3951,3952,4010,4022,4036,4043,4053,4054]}",{}
6.png,50331702,{},2346,1752,"{""name"":""polygon"",""all_points_x"":[2447,2465,2475,2479,2452],""all_points_y"":[3930,3972,3994,3991,3927]}",{}
6.png,50331702,{},2346,1753,"{""name"":""polygon"",""all_points_x"":[2446,2453,2466,2467,2473,2475,2471,2459,2451],""all_points_y"":[3802,3746,3677,3648,3648,3652,3677,3746,3804]}",{}
6.png,50331702,{},2346,1754,"{""name"":""polygon"",""all_points_x"":[2413,2412,2416,2417,2421,2421,2415,2414],""all_points_y"":[4013,4096,4095,4081,3997,3992,3991,3997]}",{}
6.png,50331702,{},2346,1755,"{""name"":""polygon"",""all_points_x"":[2552,2572,2585,2607,2620,2629,2632,2620,2590,2556,2551],""all_points_y"":[4016,4038,4050,4071,4084,4095,4093,4075,4047,4012,4012]}",{}
6.png,50331702,{},2346,1756,"{""name"":""polygon"",""all_points_x"":[2645,2721,2736,2762,2762,2732,2683,2646],""all_points_y"":[3978,4024,4033,4045,4039,4025,3995,3974]}",{}
6.png,50331702,{},2346,1757,"{""name"":""polygon"",""all_points_x"":[2728,2758,2819,2847,2846,2799,2749,2728,2724],""all_points_y"":[4016,4029,4055,4068,4063,4041,4019,4010,4012]}",{}
6.png,50331702,{},2346,1758,"{""name"":""polygon"",""all_points_x"":[2732,2776,2797,2811,2818,2825,2827,2813,2760,2736,2733,2727],""all_points_y"":[4048,4067,4079,4086,4092,4096,4091,4082,4053,4042,4040,4044]}",{}
6.png,50331702,{},2346,1759,"{""name"":""polygon"",""all_points_x"":[2642,2660,2666,2670,2665,2653,2645,2641,2639],""all_points_y"":[3799,3852,3875,3873,3847,3810,3793,3793,3797]}",{}
6.png,50331702,{},2346,1760,"{""name"":""polygon"",""all_points_x"":[2807,2816,2818,2820,2823,2826,2829,2828,2825,2822,2813,2813,2808,2806],""all_points_y"":[3914,3960,3969,3989,3994,4011,4009,3993,3985,3962,3915,3910,3906,3909]}",{}
6.png,50331702,{},2346,1761,"{""name"":""polygon"",""all_points_x"":[2992,3016,3076,3091,3083,3067,3027,2996,2987,2988],""all_points_y"":[3947,3929,3888,3879,3874,3887,3916,3936,3945,3949]}",{}
6.png,50331702,{},2346,1762,"{""name"":""polygon"",""all_points_x"":[2902,2914,2930,2932,2943,2947,2937,2937,2919,2910,2907,2901],""all_points_y"":[3780,3830,3882,3896,3931,3929,3895,3887,3827,3786,3773,3774]}",{}
6.png,50331702,{},2346,1763,"{""name"":""polygon"",""all_points_x"":[2917,2926,2934,2939,2953,2959,2963,2957,2941,2932,2921,2916],""all_points_y"":[3767,3791,3822,3840,3899,3911,3907,3889,3827,3796,3761,3761]}",{}
6.png,50331702,{},2346,1764,"{""name"":""polygon"",""all_points_x"":[2898,2914,2916,2924,2927,2932,2930,2927,2920,2910,2901],""all_points_y"":[3922,3864,3854,3822,3803,3802,3816,3833,3867,3898,3924]}",{}
6.png,50331702,{},2346,1765,"{""name"":""polygon"",""all_points_x"":[3024,3025,3029,3032,3034,3031,3029,3029,3023,3020],""all_points_y"":[3820,3850,3897,3911,3906,3865,3823,3810,3806,3813]}",{}
6.png,50331702,{},2346,1766,"{""name"":""polygon"",""all_points_x"":[2986,2993,2998,2999,3003,2999,2995,2994,2988,2985],""all_points_y"":[3732,3767,3822,3828,3824,3775,3737,3722,3722,3727]}",{}
6.png,50331702,{},2346,1767,"{""name"":""polygon"",""all_points_x"":[3005,3002,2998,2992,2996,3000,3001,3007],""all_points_y"":[3776,3748,3727,3730,3743,3776,3783,3782]}",{}
6.png,50331702,{},2346,1768,"{""name"":""polygon"",""all_points_x"":[2995,2965,2948,2952,2974,3001,2998],""all_points_y"":[3825,3774,3741,3741,3779,3823,3828]}",{}
6.png,50331702,{},2346,1769,"{""name"":""polygon"",""all_points_x"":[3014,3015,3015,3012,3009,3009,3014,3018,3016,3021,3023,3022,3015],""all_points_y"":[3690,3713,3738,3776,3807,3864,3888,3885,3821,3746,3735,3620,3617]}",{}
6.png,50331702,{},2346,1770,"{""name"":""polygon"",""all_points_x"":[2997,2997,3003,3012,3023,3031,3034,3035,3041,3040,3031,3020,3007,3005],""all_points_y"":[3839,3835,3817,3793,3751,3731,3720,3714,3715,3723,3747,3785,3827,3834]}",{}
6.png,50331702,{},2346,1771,"{""name"":""polygon"",""all_points_x"":[3870,3864,3856,3846,3851,3861,3868,3876,3881,3886,3878],""all_points_y"":[3565,3584,3599,3614,3615,3601,3589,3567,3556,3542,3541]}",{}
6.png,50331702,{},2346,1772,"{""name"":""polygon"",""all_points_x"":[3889,3896,3903,3906,3892,3885,3880],""all_points_y"":[3650,3631,3617,3620,3654,3676,3675]}",{}
6.png,50331702,{},2346,1773,"{""name"":""polygon"",""all_points_x"":[3680,3684,3685,3684,3689,3690,3688,3685,3680],""all_points_y"":[3814,3845,3897,3924,3923,3861,3824,3809,3811]}",{}
6.png,50331702,{},2346,1774,"{""name"":""polygon"",""all_points_x"":[3709,3711,3719,3745,3767,3769,3762],""all_points_y"":[3679,3682,3678,3658,3641,3634,3637]}",{}
6.png,50331702,{},2346,1775,"{""name"":""polygon"",""all_points_x"":[3620,3625,3654,3659,3697,3720,3722,3681,3662,3643,3626],""all_points_y"":[3664,3658,3629,3620,3597,3578,3584,3616,3627,3649,3663]}",{}
6.png,50331702,{},2346,1776,"{""name"":""polygon"",""all_points_x"":[3909,3913,3916,3923,3923,3929,3932,3929,3929,3926,3913,3910],""all_points_y"":[3809,3816,3822,3841,3852,3868,3865,3847,3841,3825,3804,3803]}",{}
6.png,50331702,{},2346,1777,"{""name"":""polygon"",""all_points_x"":[3626,3616,3621,3628,3674,3690,3710,3711,3716,3695,3653,3635],""all_points_y"":[3634,3637,3629,3627,3606,3596,3569,3565,3569,3602,3624,3633]}",{}
6.png,50331702,{},2346,1778,"{""name"":""polygon"",""all_points_x"":[3699,3697,3696,3702,3706,3706,3700,3701],""all_points_y"":[3650,3677,3683,3683,3642,3607,3609,3616]}",{}
6.png,50331702,{},2346,1779,"{""name"":""polygon"",""all_points_x"":[3717,3730,3737,3739,3745,3743,3734,3719,3716],""all_points_y"":[3639,3656,3660,3665,3660,3655,3648,3631,3633]}",{}
6.png,50331702,{},2346,1780,"{""name"":""polygon"",""all_points_x"":[3722,3733,3737,3728,3724,3723,3719],""all_points_y"":[3601,3621,3620,3603,3596,3590,3594]}",{}
6.png,50331702,{},2346,1781,"{""name"":""polygon"",""all_points_x"":[3412,3439,3446,3448,3468,3483,3487,3491,3486,3452,3446,3419,3415,3411,3410],""all_points_y"":[3600,3624,3633,3636,3659,3676,3681,3677,3669,3633,3623,3598,3593,3593,3598]}",{}
6.png,50331702,{},2346,1782,"{""name"":""polygon"",""all_points_x"":[3391,3408,3434,3467,3496,3500,3440,3403,3390,3385],""all_points_y"":[3535,3555,3582,3615,3642,3639,3581,3541,3525,3530]}",{}
6.png,50331702,{},2346,1783,"{""name"":""polygon"",""all_points_x"":[3411,3411,3418,3430,3431,3434,3436,3435,3432,3428,3426,3420,3416,3415,3412,3408,3404],""all_points_y"":[3957,3949,3935,3890,3873,3871,3871,3879,3898,3919,3928,3942,3949,3962,3966,3994,3993]}",{}
6.png,50331702,{},2346,1784,"{""name"":""polygon"",""all_points_x"":[3327,3350,3359,3366,3369,3349,3332],""all_points_y"":[3892,3921,3934,3943,3939,3911,3888]}",{}
6.png,50331702,{},2346,1785,"{""name"":""polygon"",""all_points_x"":[3264,3281,3310,3314,3278,3274,3268],""all_points_y"":[4007,4048,4096,4095,4028,4016,4001]}",{}
6.png,50331702,{},2346,1786,"{""name"":""polygon"",""all_points_x"":[3207,3240,3291,3312,3311,3289,3244,3212],""all_points_y"":[4046,4058,4080,4083,4079,4074,4054,4042]}",{}
6.png,50331702,{},2346,1787,"{""name"":""polygon"",""all_points_x"":[3387,3412,3424,3430,3443,3461,3464,3444,3441,3441,3431,3427,3411,3389,3389,3384,3381],""all_points_y"":[3839,3865,3884,3882,3909,3940,3937,3899,3891,3883,3876,3876,3853,3833,3827,3831,3836]}",{}
6.png,50331702,{},2346,1788,"{""name"":""polygon"",""all_points_x"":[3435,3458,3466,3464,3444,3439,3433,3433],""all_points_y"":[3808,3839,3843,3833,3807,3801,3802,3807]}",{}
6.png,50331702,{},2346,1789,"{""name"":""polygon"",""all_points_x"":[3433,3452,3465,3478,3480,3484,3487,3475,3451,3437],""all_points_y"":[3863,3833,3809,3782,3773,3767,3772,3804,3845,3868]}",{}
6.png,50331702,{},2346,1790,"{""name"":""polygon"",""all_points_x"":[3421,3449,3467,3481,3492,3495,3487,3460,3440,3426],""all_points_y"":[3985,3951,3918,3882,3865,3871,3883,3943,3973,3987]}",{}
6.png,50331702,{},2346,1791,"{""name"":""polygon"",""all_points_x"":[3423,3464,3490,3500,3508,3522,3532,3532,3494,3461,3423,3419],""all_points_y"":[3803,3800,3797,3796,3796,3795,3791,3786,3791,3794,3795,3799]}",{}
6.png,50331702,{},2346,1792,"{""name"":""polygon"",""all_points_x"":[2837,2841,2885,2924,2964,2971,2977,2992,2986,2971,2966,2963,2950,2944,2933,2875],""all_points_y"":[3893,3898,3854,3808,3754,3748,3732,3710,3708,3732,3743,3748,3765,3769,3785,3852]}",{}
6.png,50331702,{},2346,1793,"{""name"":""polygon"",""all_points_x"":[2940,2934,2932,2926,2925,2930,2932,2936,2941,2941,2945,2947],""all_points_y"":[4093,4043,4023,3996,3988,3986,3999,4009,4030,4047,4075,4094]}",{}
6.png,50331702,{},2346,1794,"{""name"":""polygon"",""all_points_x"":[2960,2981,2984,2991,2996,3007,3014,3018,2999,2996,2989,2974,2964,2966,2957],""all_points_y"":[3578,3607,3614,3624,3634,3649,3659,3656,3627,3620,3611,3588,3571,3571,3572]}",{}
6.png,50331702,{},2346,1795,"{""name"":""polygon"",""all_points_x"":[2842,2860,2863,2867,2858,2855,2847,2845,2841],""all_points_y"":[3859,3929,3940,3939,3900,3889,3863,3854,3854]}",{}
6.png,50331702,{},2346,1796,"{""name"":""polygon"",""all_points_x"":[2880,2876,2892,2902,2903,2908,2912,2908,2900],""all_points_y"":[3826,3825,3786,3761,3751,3731,3732,3760,3784]}",{}
6.png,50331702,{},2346,1797,"{""name"":""polygon"",""all_points_x"":[3262,3287,3306,3311,3314,3317,3317,3304,3290,3268],""all_points_y"":[3926,3984,4031,4048,4074,4073,4047,4013,3981,3925]}",{}
6.png,50331702,{},2346,1798,"{""name"":""polygon"",""all_points_x"":[2978,3007,3041,3053,3053,3009,2983,2978,2977],""all_points_y"":[3643,3671,3705,3718,3713,3666,3641,3637,3639]}",{}
6.png,50331702,{},2346,1799,"{""name"":""polygon"",""all_points_x"":[2969,2990,2995,2998,2981,2972,2967],""all_points_y"":[3614,3648,3655,3652,3625,3609,3609]}",{}
6.png,50331702,{},2346,1800,"{""name"":""polygon"",""all_points_x"":[3060,3087,3107,3120,3124,3137,3140,3126,3123,3090,3062,3059,3055],""all_points_y"":[3723,3754,3781,3793,3802,3814,3812,3798,3790,3750,3717,3715,3720]}",{}
6.png,50331702,{},2346,1801,"{""name"":""polygon"",""all_points_x"":[3055,3093,3097,3123,3137,3152,3156,3138,3126,3095,3062,3056],""all_points_y"":[3632,3654,3656,3672,3678,3687,3683,3674,3668,3648,3628,3629]}",{}
6.png,50331702,{},2346,1802,"{""name"":""polygon"",""all_points_x"":[3091,3119,3124,3137,3147,3148,3137,3106,3097],""all_points_y"":[3583,3615,3623,3636,3644,3638,3630,3593,3580]}",{}
6.png,50331702,{},2346,1803,"{""name"":""polygon"",""all_points_x"":[3123,3113,3119,3134,3140,3149,3143,3129],""all_points_y"":[3647,3622,3623,3657,3677,3704,3704,3661]}",{}
6.png,50331702,{},2346,1804,"{""name"":""polygon"",""all_points_x"":[3133,3140,3150,3165,3168,3152,3148,3144,3140,3131,3124,3120,3121],""all_points_y"":[3618,3630,3654,3682,3677,3650,3637,3629,3618,3601,3583,3584,3594]}",{}
6.png,50331702,{},2346,1805,"{""name"":""polygon"",""all_points_x"":[3029,3043,3062,3082,3092,3096,3076,3047,3029,3023,3024],""all_points_y"":[3558,3571,3591,3610,3616,3610,3594,3565,3548,3548,3553]}",{}
6.png,50331702,{},2346,1806,"{""name"":""polygon"",""all_points_x"":[3042,3051,3053,3067,3069,3071,3075,3072,3062,3058,3056,3050,3036,3034,3029,3034],""all_points_y"":[3602,3580,3567,3523,3516,3513,3516,3525,3558,3571,3581,3599,3632,3641,3639,3623]}",{}
6.png,50331702,{},2346,1807,"{""name"":""polygon"",""all_points_x"":[2834,2857,2889,2899,2911,2919,2921,2900,2888,2865,2837,2833],""all_points_y"":[3507,3547,3601,3614,3628,3640,3634,3606,3590,3547,3503,3504]}",{}
6.png,50331702,{},2346,1808,"{""name"":""polygon"",""all_points_x"":[2924,2934,2942,2947,2946,2938,2932,2930],""all_points_y"":[3637,3611,3594,3596,3602,3616,3632,3637]}",{}
6.png,50331702,{},2346,1809,"{""name"":""polygon"",""all_points_x"":[3031,3033,3035,3041,3038,3038,3034,3034,3029,3029,3028],""all_points_y"":[3591,3575,3567,3571,3580,3594,3608,3645,3646,3614,3606]}",{}
6.png,50331702,{},2346,1810,"{""name"":""polygon"",""all_points_x"":[2950,2975,3002,3022,3025,3015,2994,2963,2953],""all_points_y"":[3274,3304,3337,3361,3361,3345,3322,3283,3269]}",{}
6.png,50331702,{},2346,1811,"{""name"":""polygon"",""all_points_x"":[2972,2983,2993,2999,3009,3023,3033,3036,3016,3005,2986,2975,2971],""all_points_y"":[3262,3284,3313,3323,3353,3382,3402,3399,3357,3328,3280,3256,3256]}",{}
6.png,50331702,{},2346,1812,"{""name"":""polygon"",""all_points_x"":[2968,3000,3007,3039,3059,3063,3067,3058,3028,3013,2976,2969,2964],""all_points_y"":[3380,3405,3412,3442,3461,3466,3461,3452,3426,3409,3379,3374,3375]}",{}
6.png,50331702,{},2346,1813,"{""name"":""polygon"",""all_points_x"":[3279,3297,3305,3320,3335,3340,3332,3308,3287,3284,3276],""all_points_y"":[3624,3588,3573,3541,3512,3517,3536,3582,3626,3633,3631]}",{}
6.png,50331702,{},2346,1814,"{""name"":""polygon"",""all_points_x"":[3219,3217,3207,3203,3207,3210,3216,3217,3222,3224,3220],""all_points_y"":[3594,3608,3628,3646,3646,3633,3626,3618,3609,3589,3588]}",{}
6.png,50331702,{},2346,1815,"{""name"":""polygon"",""all_points_x"":[3247,3249,3251,3255,3254,3254,3249,3245],""all_points_y"":[3598,3624,3640,3639,3621,3603,3584,3584]}",{}
6.png,50331702,{},2346,1816,"{""name"":""polygon"",""all_points_x"":[3456,3483,3487,3495,3496,3499,3499,3486,3474,3465],""all_points_y"":[3605,3658,3669,3683,3684,3682,3677,3651,3623,3602]}",{}
6.png,50331702,{},2346,1817,"{""name"":""polygon"",""all_points_x"":[3340,3335,3352,3363,3390,3404,3411,3419,3406,3385,3366,3358],""all_points_y"":[3656,3655,3637,3619,3595,3577,3570,3576,3585,3609,3626,3639]}",{}
6.png,50331702,{},2346,1818,"{""name"":""polygon"",""all_points_x"":[3398,3420,3422,3447,3466,3469,3439,3425,3402,3400,3396,3395],""all_points_y"":[3450,3493,3500,3546,3577,3574,3519,3486,3445,3443,3444,3448]}",{}
6.png,50331702,{},2346,1819,"{""name"":""polygon"",""all_points_x"":[3375,3402,3417,3421,3426,3441,3443,3449,3444,3432,3423,3404,3381,3377,3372],""all_points_y"":[3482,3515,3539,3545,3548,3574,3581,3580,3567,3548,3538,3505,3478,3476,3478]}",{}
6.png,50331702,{},2346,1820,"{""name"":""polygon"",""all_points_x"":[3440,3474,3491,3492,3491,3480,3470,3447,3438],""all_points_y"":[3767,3747,3734,3732,3730,3735,3743,3755,3761]}",{}
6.png,50331702,{},2346,1821,"{""name"":""polygon"",""all_points_x"":[3473,3473,3480,3479,3474,3467],""all_points_y"":[3762,3753,3754,3763,3788,3786]}",{}
6.png,50331702,{},2346,1822,"{""name"":""polygon"",""all_points_x"":[3280,3276,3274,3273,3279,3280,3281,3284,3286,3282],""all_points_y"":[3448,3488,3516,3540,3541,3523,3509,3474,3447,3443]}",{}
6.png,50331702,{},2346,1823,"{""name"":""polygon"",""all_points_x"":[3307,3308,3312,3313,3312,3315,3314,3317,3312,3309,3310],""all_points_y"":[3499,3482,3479,3482,3494,3518,3524,3543,3543,3525,3517]}",{}
6.png,50331702,{},2346,1824,"{""name"":""polygon"",""all_points_x"":[3301,3302,3306,3311,3314,3314,3320,3323,3319,3313,3311,3310,3306,3305],""all_points_y"":[3472,3456,3448,3420,3406,3400,3401,3405,3410,3435,3441,3447,3461,3474]}",{}
6.png,50331702,{},2346,1825,"{""name"":""polygon"",""all_points_x"":[3076,3113,3125,3129,3121,3084,3079,3077,3070],""all_points_y"":[3281,3325,3346,3342,3329,3281,3275,3267,3275]}",{}
6.png,50331702,{},2346,1826,"{""name"":""polygon"",""all_points_x"":[3381,3384,3389,3390,3395,3394,3389,3388,3389,3382],""all_points_y"":[3449,3411,3369,3346,3348,3373,3407,3449,3468,3467]}",{}
6.png,50331702,{},2346,1827,"{""name"":""polygon"",""all_points_x"":[2626,2661,2679,2714,2724,2726,2699,2636,2625],""all_points_y"":[3637,3651,3659,3672,3675,3672,3662,3636,3631]}",{}
6.png,50331702,{},2346,1828,"{""name"":""polygon"",""all_points_x"":[2651,2688,2704,2709,2679,2656],""all_points_y"":[3621,3668,3683,3680,3645,3618]}",{}
6.png,50331702,{},2346,1829,"{""name"":""polygon"",""all_points_x"":[2702,2760,2773,2787,2789,2764,2707,2700,2696],""all_points_y"":[3494,3556,3570,3579,3575,3553,3492,3484,3487]}",{}
6.png,50331702,{},2346,1830,"{""name"":""polygon"",""all_points_x"":[2750,2775,2781,2783,2761,2752,2747],""all_points_y"":[3573,3627,3633,3628,3579,3565,3566]}",{}
6.png,50331702,{},2346,1831,"{""name"":""polygon"",""all_points_x"":[2796,2814,2843,2851,2850,2844,2821,2803],""all_points_y"":[3586,3586,3574,3573,3570,3568,3578,3579]}",{}
6.png,50331702,{},2346,1832,"{""name"":""polygon"",""all_points_x"":[2617,2623,2630,2632,2623,2617,2612],""all_points_y"":[3733,3743,3755,3749,3736,3723,3725]}",{}
6.png,50331702,{},2346,1833,"{""name"":""polygon"",""all_points_x"":[2617,2626,2637,2646,2649,2640,2634,2623],""all_points_y"":[3770,3734,3685,3660,3661,3697,3716,3770]}",{}
6.png,50331702,{},2346,1834,"{""name"":""polygon"",""all_points_x"":[2574,2584,2595,2600,2590,2589,2578],""all_points_y"":[3525,3552,3599,3596,3554,3545,3523]}",{}
6.png,50331702,{},2346,1835,"{""name"":""polygon"",""all_points_x"":[2649,2654,2656,2655,2657,2663,2662,2660,2660,2653,2655,2649],""all_points_y"":[3786,3764,3743,3706,3664,3666,3680,3737,3762,3783,3793,3796]}",{}
6.png,50331702,{},2346,1836,"{""name"":""polygon"",""all_points_x"":[2635,2661,2689,2698,2703,2693,2667,2640],""all_points_y"":[3767,3807,3841,3857,3858,3839,3804,3763]}",{}
6.png,50331702,{},2346,1837,"{""name"":""polygon"",""all_points_x"":[2672,2700,2696,2664,2661,2655,2660,2664,2666],""all_points_y"":[3594,3557,3556,3598,3604,3609,3612,3612,3603]}",{}
6.png,50331702,{},2346,1838,"{""name"":""polygon"",""all_points_x"":[2693,2716,2719,2694,2691,2686],""all_points_y"":[3635,3578,3579,3648,3653,3651]}",{}
6.png,50331702,{},2346,1839,"{""name"":""polygon"",""all_points_x"":[2703,2736,2777,2782,2760,2731,2707,2701,2700],""all_points_y"":[3402,3452,3502,3500,3472,3436,3396,3396,3400]}",{}
6.png,50331702,{},2346,1840,"{""name"":""polygon"",""all_points_x"":[2725,2725,2732,2742,2743,2752,2753,2749,2746,2738,2729,2730,2725],""all_points_y"":[3493,3481,3469,3432,3416,3400,3411,3415,3446,3468,3486,3500,3499]}",{}
6.png,50331702,{},2346,1841,"{""name"":""polygon"",""all_points_x"":[2722,2746,2766,2767,2742,2729,2723,2717],""all_points_y"":[3436,3491,3523,3519,3469,3436,3419,3422]}",{}
6.png,50331702,{},2346,1842,"{""name"":""polygon"",""all_points_x"":[2780,2854,2859,2868,2881,2883,2837,2784],""all_points_y"":[3460,3521,3527,3531,3542,3538,3499,3455]}",{}
6.png,50331702,{},2346,1843,"{""name"":""polygon"",""all_points_x"":[2493,2525,2533,2536,2509,2497,2490],""all_points_y"":[3401,3448,3458,3454,3413,3395,3396]}",{}
6.png,50331702,{},2346,1844,"{""name"":""polygon"",""all_points_x"":[2305,2319,2321,2348,2352,2353,2359,2359,2348,2326,2314,2308],""all_points_y"":[3457,3395,3389,3315,3307,3300,3300,3306,3335,3394,3450,3463]}",{}
6.png,50331702,{},2346,1845,"{""name"":""polygon"",""all_points_x"":[2857,2896,2932,2938,2932,2903,2878,2867,2850,2852,2853],""all_points_y"":[3351,3309,3272,3266,3263,3295,3324,3333,3353,3354,3355]}",{}
6.png,50331702,{},2346,1846,"{""name"":""polygon"",""all_points_x"":[2752,2761,2769,2774,2769,2761,2754,2750],""all_points_y"":[3477,3446,3411,3411,3431,3468,3486,3482]}",{}
6.png,50331702,{},2346,1847,"{""name"":""polygon"",""all_points_x"":[2890,2896,2902,2907,2903,2895],""all_points_y"":[3415,3390,3362,3363,3377,3417]}",{}
6.png,50331702,{},2346,1848,"{""name"":""polygon"",""all_points_x"":[2883,2885,2888,2895,2913,2917,2907,2896,2888,2886,2880],""all_points_y"":[3414,3401,3385,3364,3329,3336,3351,3378,3414,3421,3420]}",{}
6.png,50331702,{},2346,1849,"{""name"":""polygon"",""all_points_x"":[2992,3004,3005,3009,3008,3007,2997,2994,2993,2989,2990],""all_points_y"":[3347,3389,3402,3402,3389,3385,3342,3330,3322,3322,3336]}",{}
6.png,50331702,{},2346,1850,"{""name"":""polygon"",""all_points_x"":[2979,3009,3034,3038,3045,3049,3025,2997,2985,2980,2975],""all_points_y"":[3328,3358,3392,3398,3409,3404,3371,3335,3323,3318,3323]}",{}
6.png,50331702,{},2346,1851,"{""name"":""polygon"",""all_points_x"":[3110,3154,3185,3208,3214,3218,3218,3206,3158,3113,3105,3105],""all_points_y"":[3265,3306,3337,3360,3371,3371,3364,3345,3302,3255,3255,3261]}",{}
6.png,50331702,{},2346,1852,"{""name"":""polygon"",""all_points_x"":[3149,3154,3174,3188,3192,3169,3156,3154,3151,3145,3149,3150],""all_points_y"":[3368,3359,3325,3301,3306,3348,3369,3402,3423,3417,3402,3382]}",{}
6.png,50331702,{},2346,1853,"{""name"":""polygon"",""all_points_x"":[3092,3096,3097,3099,3097,3100,3104,3101,3104,3103,3101,3103,3097,3092],""all_points_y"":[3442,3434,3411,3400,3367,3363,3367,3372,3398,3411,3426,3433,3444,3447]}",{}
6.png,50331702,{},2346,1854,"{""name"":""polygon"",""all_points_x"":[3216,3220,3221,3218,3218,3221,3225,3228,3224,3220,3214],""all_points_y"":[3137,3188,3214,3235,3252,3252,3218,3207,3145,3130,3128]}",{}
6.png,50331702,{},2346,1855,"{""name"":""polygon"",""all_points_x"":[3109,3133,3145,3167,3178,3177,3171,3145,3117,3103,3107],""all_points_y"":[3208,3175,3157,3126,3112,3103,3105,3148,3188,3207,3211]}",{}
6.png,50331702,{},2346,1856,"{""name"":""polygon"",""all_points_x"":[3061,3072,3078,3099,3101,3082,3078,3059,3054],""all_points_y"":[3162,3177,3196,3211,3206,3189,3173,3150,3154]}",{}
6.png,50331702,{},2346,1857,"{""name"":""polygon"",""all_points_x"":[3087,3091,3107,3113,3100,3097,3092],""all_points_y"":[3007,3033,3147,3144,3053,3020,3005]}",{}
6.png,50331702,{},2346,1858,"{""name"":""polygon"",""all_points_x"":[3128,3147,3156,3155,3160,3163,3141,3135,3129],""all_points_y"":[2904,2954,2993,3030,3029,2993,2920,2901,2899]}",{}
6.png,50331702,{},2346,1859,"{""name"":""polygon"",""all_points_x"":[3145,3165,3187,3192,3194,3175,3153,3144,3139],""all_points_y"":[2918,2935,2960,2962,2958,2936,2917,2910,2915]}",{}
6.png,50331702,{},2346,1860,"{""name"":""polygon"",""all_points_x"":[3178,3197,3221,3226,3230,3217,3199,3190,3184,3178],""all_points_y"":[2981,3022,3073,3086,3085,3049,3013,2991,2976,2973]}",{}
6.png,50331702,{},2346,1861,"{""name"":""polygon"",""all_points_x"":[3187,3190,3189,3195,3196,3200,3199,3196,3197,3191,3185],""all_points_y"":[3016,3031,3045,3093,3107,3105,3081,3058,3034,3011,3011]}",{}
6.png,50331702,{},2346,1862,"{""name"":""polygon"",""all_points_x"":[3243,3237,3234,3227,3226,3232,3235,3242,3244,3246,3249],""all_points_y"":[3133,3084,3059,3024,3021,3021,3040,3077,3092,3109,3132]}",{}
6.png,50331702,{},2346,1863,"{""name"":""polygon"",""all_points_x"":[3233,3254,3261,3271,3278,3282,3279,3264,3258,3236],""all_points_y"":[3003,3050,3073,3093,3111,3110,3100,3065,3044,3000]}",{}
6.png,50331702,{},2346,1864,"{""name"":""polygon"",""all_points_x"":[3126,3150,3185,3181,3167,3137,3126],""all_points_y"":[2989,2993,2995,2990,2990,2986,2984]}",{}
6.png,50331702,{},2346,1865,"{""name"":""polygon"",""all_points_x"":[3030,3078,3117,3152,3151,3094,3029],""all_points_y"":[2946,2953,2958,2962,2956,2950,2940]}",{}
6.png,50331702,{},2346,1866,"{""name"":""polygon"",""all_points_x"":[3148,3171,3189,3201,3205,3178,3164,3152],""all_points_y"":[2807,2845,2882,2905,2902,2845,2820,2801]}",{}
6.png,50331702,{},2346,1867,"{""name"":""polygon"",""all_points_x"":[3144,3166,3185,3199,3211,3215,3217,3200,3164,3149,3143],""all_points_y"":[2857,2887,2918,2939,2962,2968,2965,2931,2871,2849,2852]}",{}
6.png,50331702,{},2346,1868,"{""name"":""polygon"",""all_points_x"":[3060,3080,3093,3108,3142,3188,3189,3131,3104,3096,3065,3057,3054],""all_points_y"":[2863,2872,2877,2887,2897,2912,2908,2888,2880,2872,2861,2853,2857]}",{}
6.png,50331702,{},2346,1869,"{""name"":""polygon"",""all_points_x"":[3058,3070,3082,3126,3159,3171,3198,3204,3205,3183,3140,3082,3072,3064],""all_points_y"":[2850,2861,2862,2882,2896,2900,2911,2913,2907,2898,2883,2855,2853,2849]}",{}
6.png,50331702,{},2346,1870,"{""name"":""polygon"",""all_points_x"":[3154,3166,3168,3162,3161,3150],""all_points_y"":[2772,2750,2743,2742,2748,2770]}",{}
6.png,50331702,{},2346,1871,"{""name"":""polygon"",""all_points_x"":[3081,3129,3142,3143,3087,3075,3077],""all_points_y"":[2885,2877,2877,2873,2878,2881,2886]}",{}
6.png,50331702,{},2346,1872,"{""name"":""polygon"",""all_points_x"":[3130,3130,3132,3131,3131,3136,3135,3137,3135,3135,3138,3140,3135],""all_points_y"":[2862,2837,2822,2761,2749,2752,2766,2822,2833,2860,2871,2881,2881]}",{}
6.png,50331702,{},2346,1873,"{""name"":""polygon"",""all_points_x"":[3180,3167,3168,3174,3182,3187,3182],""all_points_y"":[3269,3208,3202,3209,3246,3269,3271]}",{}
6.png,50331702,{},2346,1874,"{""name"":""polygon"",""all_points_x"":[3399,3412,3425,3440,3460,3462,3442,3433,3417,3407,3403],""all_points_y"":[3337,3357,3394,3425,3455,3452,3415,3397,3357,3337,3333]}",{}
6.png,50331702,{},2346,1875,"{""name"":""polygon"",""all_points_x"":[3361,3370,3393,3431,3441,3441,3383,3347,3332,3338],""all_points_y"":[3436,3430,3418,3403,3399,3394,3416,3440,3452,3452]}",{}
6.png,50331702,{},2346,1876,"{""name"":""polygon"",""all_points_x"":[3296,3307,3315,3309,3304],""all_points_y"":[3410,3357,3355,3383,3410]}",{}
6.png,50331702,{},2346,1877,"{""name"":""polygon"",""all_points_x"":[3418,3441,3498,3521,3518,3448,3429,3411,3407,3405],""all_points_y"":[3334,3341,3360,3368,3361,3337,3333,3325,3323,3327]}",{}
6.png,50331702,{},2346,1878,"{""name"":""polygon"",""all_points_x"":[3371,3390,3411,3413,3415,3415,3410,3392,3375],""all_points_y"":[3470,3421,3377,3375,3380,3387,3391,3431,3472]}",{}
6.png,50331702,{},2346,1879,"{""name"":""polygon"",""all_points_x"":[3409,3425,3421,3403,3381,3370,3375,3398,3406],""all_points_y"":[3294,3272,3271,3293,3324,3340,3342,3310,3300]}",{}
6.png,50331702,{},2346,1880,"{""name"":""polygon"",""all_points_x"":[3494,3502,3505,3510,3510,3496,3492,3486,3483,3478,3484,3490],""all_points_y"":[3307,3281,3266,3267,3278,3321,3334,3347,3363,3358,3339,3326]}",{}
6.png,50331702,{},2346,1881,"{""name"":""polygon"",""all_points_x"":[3428,3435,3445,3466,3496,3501,3504,3472,3450,3441,3429,3425],""all_points_y"":[3279,3295,3302,3339,3390,3390,3386,3338,3298,3293,3272,3275]}",{}
6.png,50331702,{},2346,1882,"{""name"":""polygon"",""all_points_x"":[3453,3460,3461,3459,3464,3468,3469,3465,3458],""all_points_y"":[3354,3302,3275,3264,3266,3274,3293,3314,3353]}",{}
6.png,50331702,{},2346,1883,"{""name"":""polygon"",""all_points_x"":[3470,3474,3485,3486,3485,3479,3472],""all_points_y"":[3291,3292,3250,3243,3234,3244,3277]}",{}
6.png,50331702,{},2346,1884,"{""name"":""polygon"",""all_points_x"":[3448,3462,3486,3523,3539,3544,3505,3480,3450],""all_points_y"":[3266,3279,3295,3330,3346,3342,3301,3282,3259]}",{}
6.png,50331702,{},2346,1885,"{""name"":""polygon"",""all_points_x"":[3300,3307,3307,3329,3356,3367,3371,3338,3311,3306,3301],""all_points_y"":[3323,3308,3299,3264,3215,3198,3201,3256,3303,3325,3328]}",{}
6.png,50331702,{},2346,1886,"{""name"":""polygon"",""all_points_x"":[3336,3376,3379,3382,3383,3374,3352,3342,3334,3329],""all_points_y"":[3269,3193,3186,3185,3191,3208,3252,3271,3288,3284]}",{}
6.png,50331702,{},2346,1887,"{""name"":""polygon"",""all_points_x"":[2373,2377,2378,2381,2386,2384,2381,2381,2375],""all_points_y"":[4005,4039,4077,4094,4094,4048,4007,4004,4001]}",{}
6.png,50331702,{},2346,1888,"{""name"":""polygon"",""all_points_x"":[2373,2420,2426,2376,2371],""all_points_y"":[4049,4095,4094,4045,4045]}",{}
6.png,50331702,{},2346,1889,"{""name"":""polygon"",""all_points_x"":[2423,2475,2492,2487,2451,2428,2423],""all_points_y"":[4040,4085,4093,4085,4058,4035,4036]}",{}
6.png,50331702,{},2346,1890,"{""name"":""polygon"",""all_points_x"":[2348,2363,2364,2369,2364,2346,2325,2322,2340],""all_points_y"":[3221,3165,3160,3161,3182,3250,3302,3297,3250]}",{}
6.png,50331702,{},2346,1891,"{""name"":""polygon"",""all_points_x"":[2527,2556,2561,2571,2572,2562,2540,2529,2525],""all_points_y"":[3192,3209,3214,3217,3213,3207,3192,3185,3187]}",{}
6.png,50331702,{},2346,1892,"{""name"":""polygon"",""all_points_x"":[2366,2386,2406,2411,2386,2371],""all_points_y"":[3120,3075,3037,3041,3086,3122]}",{}
6.png,50331702,{},2346,1893,"{""name"":""polygon"",""all_points_x"":[2517,2548,2564,2570,2588,2594,2614,2616,2596,2581,2574,2570,2544,2525,2518],""all_points_y"":[3040,3117,3161,3169,3217,3225,3250,3245,3218,3180,3160,3155,3081,3036,3035]}",{}
6.png,50331702,{},2346,1894,"{""name"":""polygon"",""all_points_x"":[2609,2657,2670,2675,2644,2640,2614,2609],""all_points_y"":[3296,3357,3375,3371,3333,3325,3291,3294]}",{}
6.png,50331702,{},2346,1895,"{""name"":""polygon"",""all_points_x"":[2632,2647,2654,2660,2656,2647,2636],""all_points_y"":[3271,3304,3326,3316,3311,3290,3269]}",{}
6.png,50331702,{},2346,1896,"{""name"":""polygon"",""all_points_x"":[2648,2694,2709,2712,2676,2647,2645],""all_points_y"":[3278,3333,3352,3347,3300,3271,3274]}",{}
6.png,50331702,{},2346,1897,"{""name"":""polygon"",""all_points_x"":[2738,2738,2741,2746,2746,2749,2752,2751,2747,2744,2742],""all_points_y"":[3280,3257,3234,3190,3174,3171,3174,3189,3222,3257,3281]}",{}
6.png,50331702,{},2346,1898,"{""name"":""polygon"",""all_points_x"":[2768,2781,2787,2787,2797,2799,2792,2791,2773],""all_points_y"":[3278,3243,3228,3216,3197,3203,3222,3233,3283]}",{}
6.png,50331702,{},2346,1899,"{""name"":""polygon"",""all_points_x"":[2748,2751,2756,2756,2763,2764,2761,2752,2747],""all_points_y"":[3268,3259,3236,3230,3230,3234,3240,3273,3271]}",{}
6.png,50331702,{},2346,1900,"{""name"":""polygon"",""all_points_x"":[2761,2805,2831,2835,2804,2764,2760],""all_points_y"":[3007,3044,3070,3066,3036,3005,3005]}",{}
6.png,50331702,{},2346,1901,"{""name"":""polygon"",""all_points_x"":[2692,2700,2703,2709,2718,2722,2714,2703,2696],""all_points_y"":[3117,3078,3070,3044,3029,3030,3045,3085,3120]}",{}
6.png,50331702,{},2346,1902,"{""name"":""polygon"",""all_points_x"":[2826,2843,2849,2853,2847,2840,2832],""all_points_y"":[3118,3175,3192,3190,3168,3139,3114]}",{}
6.png,50331702,{},2346,1903,"{""name"":""polygon"",""all_points_x"":[2872,2877,2945,2947,2944],""all_points_y"":[3139,3145,3128,3126,3123]}",{}
6.png,50331702,{},2346,1904,"{""name"":""polygon"",""all_points_x"":[2955,2964,2982,2992,3012,3016,2991,2975,2961],""all_points_y"":[3315,3300,3261,3232,3183,3186,3254,3290,3318]}",{}
6.png,50331702,{},2346,1905,"{""name"":""polygon"",""all_points_x"":[2954,2959,2999,3007,3033,3029,3005,2991,2965],""all_points_y"":[3497,3500,3433,3424,3402,3398,3420,3437,3475]}",{}
6.png,50331702,{},2346,1906,"{""name"":""polygon"",""all_points_x"":[2969,2972,2966,2971,2979,2974,2970],""all_points_y"":[3153,3201,3215,3218,3203,3149,3148]}",{}
6.png,50331702,{},2346,1907,"{""name"":""polygon"",""all_points_x"":[3050,3056,3071,3081,3076,3061,3057],""all_points_y"":[3112,3114,3074,3044,3042,3083,3095]}",{}
6.png,50331702,{},2346,1908,"{""name"":""polygon"",""all_points_x"":[3036,3037,3036,3051,3057,3064,3061,3048,3043,3042],""all_points_y"":[2533,2580,2597,2612,2627,2628,2614,2597,2573,2530]}",{}
6.png,50331702,{},2346,1909,"{""name"":""polygon"",""all_points_x"":[3191,3144,3120,3110,3109,3115,3136,3154,3195,3197],""all_points_y"":[2705,2679,2667,2663,2660,2657,2669,2678,2701,2706]}",{}
6.png,50331702,{},2346,1910,"{""name"":""polygon"",""all_points_x"":[3066,3094,3156,3157,3111,3054,3050],""all_points_y"":[2683,2694,2722,2714,2694,2674,2678]}",{}
6.png,50331702,{},2346,1911,"{""name"":""polygon"",""all_points_x"":[2850,2869,2883,2893,2897,2887,2865,2852,2848],""all_points_y"":[2280,2364,2408,2422,2419,2398,2329,2268,2270]}",{}
6.png,50331702,{},2346,1912,"{""name"":""polygon"",""all_points_x"":[2779,2783,2784,2789,2789,2789,2795,2793,2790,2784,2777],""all_points_y"":[2476,2449,2443,2392,2386,2382,2383,2405,2443,2482,2480]}",{}
6.png,50331702,{},2346,1913,"{""name"":""polygon"",""all_points_x"":[3029,3059,3106,3110,3112,3091,3064,3029],""all_points_y"":[2781,2788,2795,2797,2792,2789,2784,2775]}",{}
6.png,50331702,{},2346,1914,"{""name"":""polygon"",""all_points_x"":[3051,3116,3128,3124,3093,3052],""all_points_y"":[2822,2819,2819,2814,2814,2816]}",{}
6.png,50331702,{},2346,1915,"{""name"":""polygon"",""all_points_x"":[3023,3039,3081,3106,3108,3071,3044,3020,3019],""all_points_y"":[2798,2797,2810,2816,2813,2802,2792,2795,2799]}",{}
6.png,50331702,{},2346,1916,"{""name"":""polygon"",""all_points_x"":[2986,3014,3019,3039,3046,3026,3020,3007,2993,2991,2986,2984],""all_points_y"":[2772,2798,2808,2833,2829,2806,2796,2784,2770,2766,2765,2770]}",{}
6.png,50331702,{},2346,1917,"{""name"":""polygon"",""all_points_x"":[2966,2966,2969,2971,2970,2972,2970,2966],""all_points_y"":[2782,2853,2853,2791,2777,2773,2769,2772]}",{}
6.png,50331702,{},2346,1918,"{""name"":""polygon"",""all_points_x"":[2962,2974,2979,2960,2936,2931],""all_points_y"":[3007,3023,3019,2995,2962,2963]}",{}
6.png,50331702,{},2346,1919,"{""name"":""polygon"",""all_points_x"":[2847,2847,2850,2855,2862,2864,2865,2881,2884,2878,2876,2872,2860,2858,2850],""all_points_y"":[3075,3080,3080,3067,3057,3052,3045,2999,2994,2994,2998,3012,3041,3055,3064]}",{}
6.png,50331702,{},2346,1920,"{""name"":""polygon"",""all_points_x"":[2803,2811,2814,2822,2827,2827,2817,2816,2807,2803,2798],""all_points_y"":[3026,2997,2976,2945,2946,2950,2987,3002,3025,3055,3052]}",{}
6.png,50331702,{},2346,1921,"{""name"":""polygon"",""all_points_x"":[3137,3158,3184,3214,3238,3238,3211,3188,3165,3139],""all_points_y"":[2996,3002,3006,3016,3021,3017,3010,3002,2998,2992]}",{}
6.png,50331702,{},2346,1922,"{""name"":""polygon"",""all_points_x"":[3015,3015,3016,3019,3024,3022,3021,3015,3011],""all_points_y"":[2883,2836,2817,2790,2793,2832,2875,2921,2917]}",{}
6.png,50331702,{},2346,1923,"{""name"":""polygon"",""all_points_x"":[3026,3039,3062,3069,3077,3080,3069,3047,3043,3030,3024,3021],""all_points_y"":[2837,2856,2900,2907,2927,2924,2900,2863,2853,2835,2825,2833]}",{}
6.png,50331702,{},2346,1924,"{""name"":""polygon"",""all_points_x"":[3025,3036,3037,3040,3043,3039,3030,3026,3023],""all_points_y"":[2866,2918,2929,2935,2935,2907,2869,2854,2854]}",{}
6.png,50331702,{},2346,1925,"{""name"":""polygon"",""all_points_x"":[3038,3047,3065,3070,3050,3041],""all_points_y"":[2876,2902,2937,2936,2895,2875]}",{}
6.png,50331702,{},2346,1926,"{""name"":""polygon"",""all_points_x"":[2956,2928,2927,2933,2963,2972,2968,2962],""all_points_y"":[2852,2774,2765,2767,2853,2881,2882,2869]}",{}
6.png,50331702,{},2346,1927,"{""name"":""polygon"",""all_points_x"":[2954,2962,2966,2966,2960,2964,2958],""all_points_y"":[2811,2848,2850,2841,2809,2797,2797]}",{}
6.png,50331702,{},2346,1928,"{""name"":""polygon"",""all_points_x"":[2942,2947,2950,2945,2943,2939,2940],""all_points_y"":[2746,2702,2702,2760,2797,2794,2772]}",{}
6.png,50331702,{},2346,1929,"{""name"":""polyline"",""all_points_x"":[1495,1510,1523],""all_points_y"":[3874,3806,3761]}",{}
6.png,50331702,{},2346,1930,"{""name"":""polyline"",""all_points_x"":[1479,1488,1497],""all_points_y"":[3886,3912,3972]}",{}
6.png,50331702,{},2346,1931,"{""name"":""polyline"",""all_points_x"":[1694,1739,1750],""all_points_y"":[3904,3931,3939]}",{}
6.png,50331702,{},2346,1932,"{""name"":""polyline"",""all_points_x"":[1738,1749,1757],""all_points_y"":[3911,3931,3942]}",{}
6.png,50331702,{},2346,1933,"{""name"":""polyline"",""all_points_x"":[1580,1574,1569],""all_points_y"":[2885,2916,2939]}",{}
6.png,50331702,{},2346,1934,"{""name"":""polyline"",""all_points_x"":[1609,1599],""all_points_y"":[2870,2930]}",{}
6.png,50331702,{},2346,1935,"{""name"":""polyline"",""all_points_x"":[1660,1686],""all_points_y"":[2640,2691]}",{}
6.png,50331702,{},2346,1936,"{""name"":""polyline"",""all_points_x"":[1935,1990],""all_points_y"":[2420,2401]}",{}
6.png,50331702,{},2346,1937,"{""name"":""polyline"",""all_points_x"":[2015,2053],""all_points_y"":[2850,2927]}",{}
6.png,50331702,{},2346,1938,"{""name"":""polyline"",""all_points_x"":[1838,1875,1885,1898],""all_points_y"":[3507,3552,3563,3585]}",{}
6.png,50331702,{},2346,1939,"{""name"":""polyline"",""all_points_x"":[1787,1827,1832,1850,1865],""all_points_y"":[3831,3870,3872,3886,3894]}",{}
6.png,50331702,{},2346,1940,"{""name"":""polyline"",""all_points_x"":[1904,1938,1982],""all_points_y"":[3917,3922,3926]}",{}
6.png,50331702,{},2346,1941,"{""name"":""polyline"",""all_points_x"":[1775,1787],""all_points_y"":[3406,3464]}",{}
6.png,50331702,{},2346,1942,"{""name"":""polyline"",""all_points_x"":[1804,1844,1857],""all_points_y"":[3456,3484,3493]}",{}
6.png,50331702,{},2346,1943,"{""name"":""polyline"",""all_points_x"":[1813,1834,1855],""all_points_y"":[3453,3480,3495]}",{}
6.png,50331702,{},2346,1944,"{""name"":""polyline"",""all_points_x"":[1949,1923],""all_points_y"":[2012,2063]}",{}
6.png,50331702,{},2346,1945,"{""name"":""polyline"",""all_points_x"":[2001,1987,1975],""all_points_y"":[2023,2060,2087]}",{}
6.png,50331702,{},2346,1946,"{""name"":""polyline"",""all_points_x"":[2032,2012,1983],""all_points_y"":[2044,2084,2138]}",{}
6.png,50331702,{},2346,1947,"{""name"":""polyline"",""all_points_x"":[2178,2155,2141,2121],""all_points_y"":[1800,1843,1859,1893]}",{}
6.png,50331702,{},2346,1948,"{""name"":""polyline"",""all_points_x"":[1874,1973],""all_points_y"":[1289,1285]}",{}
6.png,50331702,{},2346,1949,"{""name"":""polyline"",""all_points_x"":[1931,1899],""all_points_y"":[1352,1449]}",{}
6.png,50331702,{},2346,1950,"{""name"":""polyline"",""all_points_x"":[1982,1983,1972],""all_points_y"":[1326,1364,1404]}",{}
6.png,50331702,{},2346,1951,"{""name"":""polyline"",""all_points_x"":[2357,2321,2308],""all_points_y"":[2297,2360,2382]}",{}
6.png,50331702,{},2346,1952,"{""name"":""polyline"",""all_points_x"":[2419,2397],""all_points_y"":[2914,2975]}",{}
6.png,50331702,{},2346,1953,"{""name"":""polyline"",""all_points_x"":[2431,2402],""all_points_y"":[2936,2968]}",{}
6.png,50331702,{},2346,1954,"{""name"":""polyline"",""all_points_x"":[2135,2147,2147],""all_points_y"":[3169,3213,3229]}",{}
6.png,50331702,{},2346,1955,"{""name"":""polyline"",""all_points_x"":[2237,2239,2247],""all_points_y"":[3174,3193,3229]}",{}
6.png,50331702,{},2346,1956,"{""name"":""polyline"",""all_points_x"":[2211,2245],""all_points_y"":[3160,3201]}",{}
6.png,50331702,{},2346,1957,"{""name"":""polyline"",""all_points_x"":[2014,1958,1948],""all_points_y"":[3056,3086,3092]}",{}
6.png,50331702,{},2346,1958,"{""name"":""polyline"",""all_points_x"":[1964,1971,1973,1977],""all_points_y"":[3125,3169,3190,3200]}",{}
6.png,50331702,{},2346,1959,"{""name"":""polyline"",""all_points_x"":[2028,2033,2044],""all_points_y"":[3126,3163,3195]}",{}
6.png,50331702,{},2346,1960,"{""name"":""polyline"",""all_points_x"":[2685,2666],""all_points_y"":[2713,2785]}",{}
6.png,50331702,{},2346,1961,"{""name"":""polyline"",""all_points_x"":[2913,2927],""all_points_y"":[2823,2923]}",{}
6.png,50331702,{},2346,1962,"{""name"":""polyline"",""all_points_x"":[2901,2907],""all_points_y"":[2846,2903]}",{}
6.png,50331702,{},2346,1963,"{""name"":""polyline"",""all_points_x"":[2990,2979],""all_points_y"":[2796,2861]}",{}
6.png,50331702,{},2346,1964,"{""name"":""polyline"",""all_points_x"":[2927,2926],""all_points_y"":[2820,2863]}",{}
6.png,50331702,{},2346,1965,"{""name"":""polyline"",""all_points_x"":[2930,2938,2963],""all_points_y"":[2831,2851,2891]}",{}
6.png,50331702,{},2346,1966,"{""name"":""polyline"",""all_points_x"":[3049,3061],""all_points_y"":[2961,3028]}",{}
6.png,50331702,{},2346,1967,"{""name"":""polyline"",""all_points_x"":[2997,3010,3029],""all_points_y"":[2866,2899,2932]}",{}
6.png,50331702,{},2346,1968,"{""name"":""polyline"",""all_points_x"":[3053,3019],""all_points_y"":[2854,2904]}",{}
6.png,50331702,{},2346,1969,"{""name"":""polyline"",""all_points_x"":[3129,3140],""all_points_y"":[3034,3073]}",{}
6.png,50331702,{},2346,1970,"{""name"":""polyline"",""all_points_x"":[2871,2926],""all_points_y"":[3357,3414]}",{}
6.png,50331702,{},2346,1971,"{""name"":""polyline"",""all_points_x"":[2761,2790],""all_points_y"":[3377,3404]}",{}
6.png,50331702,{},2346,1972,"{""name"":""polyline"",""all_points_x"":[2657,2664,2688],""all_points_y"":[3240,3258,3286]}",{}
6.png,50331702,{},2346,1973,"{""name"":""polyline"",""all_points_x"":[2654,2687],""all_points_y"":[3206,3257]}",{}
6.png,50331702,{},2346,1974,"{""name"":""polyline"",""all_points_x"":[2609,2603],""all_points_y"":[3321,3403]}",{}
6.png,50331702,{},2346,1975,"{""name"":""polyline"",""all_points_x"":[2577,2572,2573],""all_points_y"":[3221,3288,3329]}",{}
6.png,50331702,{},2346,1976,"{""name"":""polyline"",""all_points_x"":[2564,2606,2645],""all_points_y"":[3269,3290,3310]}",{}
6.png,50331702,{},2346,1977,"{""name"":""polyline"",""all_points_x"":[2526,2529,2546],""all_points_y"":[3193,3211,3275]}",{}
6.png,50331702,{},2346,1978,"{""name"":""polyline"",""all_points_x"":[2603,2642],""all_points_y"":[3250,3296]}",{}
6.png,50331702,{},2346,1979,"{""name"":""polyline"",""all_points_x"":[2656,2669,2676],""all_points_y"":[3303,3327,3336]}",{}
6.png,50331702,{},2346,1980,"{""name"":""polyline"",""all_points_x"":[2631,2635,2640,2640],""all_points_y"":[3246,3304,3340,3358]}",{}
6.png,50331702,{},2346,1981,"{""name"":""polyline"",""all_points_x"":[2631,2643,2647],""all_points_y"":[3218,3268,3288]}",{}
6.png,50331702,{},2346,1982,"{""name"":""polyline"",""all_points_x"":[2584,2643],""all_points_y"":[2932,2998]}",{}
6.png,50331702,{},2346,1983,"{""name"":""polyline"",""all_points_x"":[2774,2793,2826],""all_points_y"":[2820,2821,2819]}",{}
6.png,50331702,{},2346,1984,"{""name"":""polyline"",""all_points_x"":[2671,2708,2718],""all_points_y"":[2546,2600,2609]}",{}
6.png,50331702,{},2346,1985,"{""name"":""polyline"",""all_points_x"":[2800,2823,2827],""all_points_y"":[2934,2993,3016]}",{}
6.png,50331702,{},2346,1986,"{""name"":""polyline"",""all_points_x"":[2849,2883,2913],""all_points_y"":[2936,2986,3018]}",{}
6.png,50331702,{},2346,1987,"{""name"":""polyline"",""all_points_x"":[3075,3119],""all_points_y"":[2823,2845]}",{}
6.png,50331702,{},2346,1988,"{""name"":""polyline"",""all_points_x"":[3120,3146,3155,3162,3165],""all_points_y"":[2508,2546,2557,2560,2564]}",{}
6.png,50331702,{},2346,1989,"{""name"":""polyline"",""all_points_x"":[3695,3758],""all_points_y"":[2584,2565]}",{}
6.png,50331702,{},2346,1990,"{""name"":""polyline"",""all_points_x"":[3818,3793,3785],""all_points_y"":[2321,2352,2357]}",{}
6.png,50331702,{},2346,1991,"{""name"":""polyline"",""all_points_x"":[2473,2517,2521,2530],""all_points_y"":[2170,2181,2181,2184]}",{}
6.png,50331702,{},2346,1992,"{""name"":""polyline"",""all_points_x"":[2573,2565,2561,2556,2548],""all_points_y"":[2157,2193,2198,2218,2231]}",{}
6.png,50331702,{},2346,1993,"{""name"":""polyline"",""all_points_x"":[2397,2380,2367,2359,2354,2349],""all_points_y"":[2081,2121,2138,2161,2180,2191]}",{}
6.png,50331702,{},2346,1994,"{""name"":""polyline"",""all_points_x"":[2453,2482],""all_points_y"":[1474,1567]}",{}
6.png,50331702,{},2346,1995,"{""name"":""polyline"",""all_points_x"":[3183,3217,3224],""all_points_y"":[257,292,302]}",{}
6.png,50331702,{},2346,1996,"{""name"":""polyline"",""all_points_x"":[3136,3169,3200,3222],""all_points_y"":[361,360,362,360]}",{}
6.png,50331702,{},2346,1997,"{""name"":""polyline"",""all_points_x"":[3108,3126],""all_points_y"":[308,348]}",{}
6.png,50331702,{},2346,1998,"{""name"":""polyline"",""all_points_x"":[3348,3373,3418],""all_points_y"":[732,720,695]}",{}
6.png,50331702,{},2346,1999,"{""name"":""polyline"",""all_points_x"":[1277,1325],""all_points_y"":[3994,4005]}",{}
6.png,50331702,{},2346,2000,"{""name"":""polyline"",""all_points_x"":[1074,1113],""all_points_y"":[3991,4007]}",{}
6.png,50331702,{},2346,2001,"{""name"":""polyline"",""all_points_x"":[860,893,924],""all_points_y"":[4046,4062,4092]}",{}
6.png,50331702,{},2346,2002,"{""name"":""polyline"",""all_points_x"":[978,1029],""all_points_y"":[3767,3801]}",{}
6.png,50331702,{},2346,2003,"{""name"":""polyline"",""all_points_x"":[1274,1277,1278],""all_points_y"":[3364,3429,3446]}",{}
6.png,50331702,{},2346,2004,"{""name"":""polyline"",""all_points_x"":[1256,1295],""all_points_y"":[3426,3441]}",{}
6.png,50331702,{},2346,2005,"{""name"":""polyline"",""all_points_x"":[753,774,794],""all_points_y"":[3250,3294,3341]}",{}
6.png,50331702,{},2346,2006,"{""name"":""polyline"",""all_points_x"":[756,782,813],""all_points_y"":[3264,3317,3369]}",{}
6.png,50331702,{},2346,2007,"{""name"":""polygon"",""all_points_x"":[658,678,687,695,701,728,731,728,709,692,684,679,664,663,657],""all_points_y"":[3095,3131,3147,3164,3178,3203,3199,3193,3176,3146,3127,3122,3093,3088,3088]}",{}
6.png,50331702,{},2346,2008,"{""name"":""polygon"",""all_points_x"":[802,849,854,854,839,810,802],""all_points_y"":[3225,3283,3283,3279,3262,3224,3222]}",{}
6.png,50331702,{},2346,2009,"{""name"":""polyline"",""all_points_x"":[1543,1578],""all_points_y"":[1975,2024]}",{}
6.png,50331702,{},2346,2010,"{""name"":""polyline"",""all_points_x"":[1616,1572,1545],""all_points_y"":[2006,1988,1983]}",{}
6.png,50331702,{},2346,2011,"{""name"":""polyline"",""all_points_x"":[1519,1518,1515,1504],""all_points_y"":[2867,2871,2873,2895]}",{}
6.png,50331702,{},2346,2012,"{""name"":""polyline"",""all_points_x"":[1535,1537,1540],""all_points_y"":[2852,2870,2941]}",{}
6.png,50331702,{},2346,2013,"{""name"":""polyline"",""all_points_x"":[1556,1577],""all_points_y"":[2956,2994]}",{}
6.png,50331702,{},2346,2014,"{""name"":""polyline"",""all_points_x"":[1593,1595,1592,1592,1592],""all_points_y"":[2825,2841,2851,2916,2963]}",{}
6.png,50331702,{},2346,2015,"{""name"":""polyline"",""all_points_x"":[1609,1611,1618,1622],""all_points_y"":[2998,3010,3040,3052]}",{}
6.png,50331702,{},2346,2016,"{""name"":""polyline"",""all_points_x"":[1587,1615],""all_points_y"":[2994,3052]}",{}
6.png,50331702,{},2346,2017,"{""name"":""polyline"",""all_points_x"":[1855,1871,1878,1885,1900],""all_points_y"":[3211,3251,3266,3277,3292]}",{}
6.png,50331702,{},2346,2018,"{""name"":""polyline"",""all_points_x"":[1850,1858,1866,1871],""all_points_y"":[3170,3192,3209,3215]}",{}
6.png,50331702,{},2346,2019,"{""name"":""polyline"",""all_points_x"":[1531,1517,1482],""all_points_y"":[3151,3148,3147]}",{}
6.png,50331702,{},2346,2020,"{""name"":""polyline"",""all_points_x"":[1496,1489,1492,1496,1501],""all_points_y"":[3157,3170,3205,3221,3253]}",{}
6.png,50331702,{},2346,2021,"{""name"":""polyline"",""all_points_x"":[1523,1523,1535],""all_points_y"":[3215,3256,3295]}",{}
6.png,50331702,{},2346,2022,"{""name"":""polyline"",""all_points_x"":[1585,1587,1590,1589,1600,1601],""all_points_y"":[3231,3244,3253,3262,3303,3313]}",{}
6.png,50331702,{},2346,2023,"{""name"":""polyline"",""all_points_x"":[1695,1748,1771,1793,1814,1819],""all_points_y"":[3616,3664,3683,3698,3715,3724]}",{}
6.png,50331702,{},2346,2024,"{""name"":""polyline"",""all_points_x"":[1700,1728,1758,1773,1781,1798,1802,1824],""all_points_y"":[3617,3640,3667,3679,3686,3710,3714,3736]}",{}
6.png,50331702,{},2346,2025,"{""name"":""polyline"",""all_points_x"":[1860,1867],""all_points_y"":[3783,3824]}",{}
6.png,50331702,{},2346,2026,"{""name"":""polyline"",""all_points_x"":[1831,1827,1819],""all_points_y"":[3771,3794,3831]}",{}
6.png,50331702,{},2346,2027,"{""name"":""polyline"",""all_points_x"":[1666,1665,1671,1671],""all_points_y"":[3715,3753,3850,3870]}",{}
6.png,50331702,{},2346,2028,"{""name"":""polyline"",""all_points_x"":[1658,1658,1662,1665,1666,1676,1682],""all_points_y"":[3709,3735,3762,3787,3801,3850,3881]}",{}
6.png,50331702,{},2346,2029,"{""name"":""polyline"",""all_points_x"":[1972,1999,2038,2045],""all_points_y"":[3754,3785,3826,3838]}",{}
6.png,50331702,{},2346,2030,"{""name"":""polyline"",""all_points_x"":[1990,1991,1992,1998,2005],""all_points_y"":[3468,3487,3511,3536,3548]}",{}
6.png,50331702,{},2346,2031,"{""name"":""polyline"",""all_points_x"":[1992,1994],""all_points_y"":[3754,3789]}",{}
6.png,50331702,{},2346,2032,"{""name"":""polyline"",""all_points_x"":[2003,2004,2009,2015,2018,2024],""all_points_y"":[3723,3740,3751,3765,3767,3771]}",{}
6.png,50331702,{},2346,2033,"{""name"":""polyline"",""all_points_x"":[1976,1974,1975,1976],""all_points_y"":[3795,3814,3823,3840]}",{}
6.png,50331702,{},2346,2034,"{""name"":""polyline"",""all_points_x"":[1963,1966,1969],""all_points_y"":[3781,3805,3829]}",{}
6.png,50331702,{},2346,2035,"{""name"":""polyline"",""all_points_x"":[2055,2082,2099,2110],""all_points_y"":[3753,3777,3795,3805]}",{}
6.png,50331702,{},2346,2036,"{""name"":""polyline"",""all_points_x"":[2058,2069,2088,2095],""all_points_y"":[3731,3744,3764,3771]}",{}
6.png,50331702,{},2346,2037,"{""name"":""polyline"",""all_points_x"":[2202,2242,2263,2277],""all_points_y"":[3476,3518,3539,3553]}",{}
6.png,50331702,{},2346,2038,"{""name"":""polyline"",""all_points_x"":[2198,2215,2228],""all_points_y"":[3585,3612,3630]}",{}
6.png,50331702,{},2346,2039,"{""name"":""polyline"",""all_points_x"":[2173,2208,2234,2246],""all_points_y"":[3746,3768,3784,3790]}",{}
6.png,50331702,{},2346,2040,"{""name"":""polyline"",""all_points_x"":[2258,2249,2244],""all_points_y"":[3700,3725,3744]}",{}
6.png,50331702,{},2346,2041,"{""name"":""polyline"",""all_points_x"":[2178,2203,2217],""all_points_y"":[3794,3815,3829]}",{}
6.png,50331702,{},2346,2042,"{""name"":""polyline"",""all_points_x"":[2096,2106,2120],""all_points_y"":[3764,3789,3820]}",{}
6.png,50331702,{},2346,2043,"{""name"":""polyline"",""all_points_x"":[2057,2083,2101],""all_points_y"":[3642,3684,3713]}",{}
6.png,50331702,{},2346,2044,"{""name"":""polyline"",""all_points_x"":[2054,2056,2063,2070],""all_points_y"":[3648,3668,3690,3700]}",{}
6.png,50331702,{},2346,2045,"{""name"":""polyline"",""all_points_x"":[2055,2072,2088],""all_points_y"":[3691,3709,3728]}",{}
6.png,50331702,{},2346,2046,"{""name"":""polyline"",""all_points_x"":[2044,2060,2070,2110,2115,2147],""all_points_y"":[3928,3945,3952,3997,4004,4052]}",{}
6.png,50331702,{},2346,2047,"{""name"":""polyline"",""all_points_x"":[2077,2115,2148,2186],""all_points_y"":[3994,4009,4023,4041]}",{}
6.png,50331702,{},2346,2048,"{""name"":""polyline"",""all_points_x"":[2018,2018],""all_points_y"":[3987,4076]}",{}
6.png,50331702,{},2346,2049,"{""name"":""polyline"",""all_points_x"":[2029,2029,2030],""all_points_y"":[3907,3923,3956]}",{}
6.png,50331702,{},2346,2050,"{""name"":""polyline"",""all_points_x"":[2018,2013,1995],""all_points_y"":[3891,3894,3923]}",{}
6.png,50331702,{},2346,2051,"{""name"":""polyline"",""all_points_x"":[1994,1985],""all_points_y"":[3881,3922]}",{}
6.png,50331702,{},2346,2052,"{""name"":""polyline"",""all_points_x"":[2090,2086,2081],""all_points_y"":[3922,3950,3974]}",{}
6.png,50331702,{},2346,2053,"{""name"":""polyline"",""all_points_x"":[2080,2097,2124],""all_points_y"":[3859,3861,3864]}",{}
6.png,50331702,{},2346,2054,"{""name"":""polyline"",""all_points_x"":[2210,2181,2145],""all_points_y"":[3840,3823,3808]}",{}
6.png,50331702,{},2346,2055,"{""name"":""polyline"",""all_points_x"":[2153,2166],""all_points_y"":[3924,3948]}",{}
6.png,50331702,{},2346,2056,"{""name"":""polyline"",""all_points_x"":[1659,1673,1688],""all_points_y"":[3933,3948,3973]}",{}
6.png,50331702,{},2346,2057,"{""name"":""polyline"",""all_points_x"":[1559,1589,1614],""all_points_y"":[3623,3638,3654]}",{}
6.png,50331702,{},2346,2058,"{""name"":""polyline"",""all_points_x"":[1607,1582,1564],""all_points_y"":[3646,3639,3633]}",{}
6.png,50331702,{},2346,2059,"{""name"":""polyline"",""all_points_x"":[1540,1521,1509,1493],""all_points_y"":[3614,3627,3633,3636]}",{}
6.png,50331702,{},2346,2060,"{""name"":""polyline"",""all_points_x"":[1496,1513],""all_points_y"":[3616,3667]}",{}
6.png,50331702,{},2346,2061,"{""name"":""polyline"",""all_points_x"":[1548,1552,1555,1555],""all_points_y"":[3877,3918,3922,3946]}",{}
6.png,50331702,{},2346,2062,"{""name"":""polyline"",""all_points_x"":[2392,2428],""all_points_y"":[3774,3805]}",{}
6.png,50331702,{},2346,2063,"{""name"":""polyline"",""all_points_x"":[2397,2394,2394],""all_points_y"":[3717,3728,3756]}",{}
6.png,50331702,{},2346,2064,"{""name"":""polyline"",""all_points_x"":[2264,2297,2308],""all_points_y"":[3758,3775,3780]}",{}
6.png,50331702,{},2346,2065,"{""name"":""polyline"",""all_points_x"":[2388,2397,2406],""all_points_y"":[3575,3585,3599]}",{}
6.png,50331702,{},2346,2066,"{""name"":""polyline"",""all_points_x"":[2417,2428,2433],""all_points_y"":[3580,3562,3546]}",{}
6.png,50331702,{},2346,2067,"{""name"":""polyline"",""all_points_x"":[2226,2251,2276,2289],""all_points_y"":[3617,3635,3652,3662]}",{}
6.png,50331702,{},2346,2068,"{""name"":""polyline"",""all_points_x"":[2364,2372,2380,2392],""all_points_y"":[3730,3714,3698,3685]}",{}
6.png,50331702,{},2346,2069,"{""name"":""polyline"",""all_points_x"":[2309,2361,2368],""all_points_y"":[3578,3626,3630]}",{}
6.png,50331702,{},2346,2070,"{""name"":""polyline"",""all_points_x"":[2310,2336,2347,2354],""all_points_y"":[3565,3595,3610,3629]}",{}
6.png,50331702,{},2346,2071,"{""name"":""polyline"",""all_points_x"":[2174,2193,2201,2209,2235],""all_points_y"":[3320,3344,3355,3361,3399]}",{}
6.png,50331702,{},2346,2072,"{""name"":""polyline"",""all_points_x"":[2167,2183,2200,2217],""all_points_y"":[3362,3386,3406,3423]}",{}
6.png,50331702,{},2346,2073,"{""name"":""polyline"",""all_points_x"":[2554,2583,2589],""all_points_y"":[3399,3456,3471]}",{}
6.png,50331702,{},2346,2074,"{""name"":""polyline"",""all_points_x"":[2508,2576],""all_points_y"":[3466,3532]}",{}
6.png,50331702,{},2346,2075,"{""name"":""polyline"",""all_points_x"":[2622,2643,2654,2659],""all_points_y"":[3574,3571,3568,3567]}",{}
6.png,50331702,{},2346,2076,"{""name"":""polyline"",""all_points_x"":[2283,2288,2317,2327,2347],""all_points_y"":[3388,3383,3378,3376,3373]}",{}
6.png,50331702,{},2346,2077,"{""name"":""polyline"",""all_points_x"":[2362,2388,2401,2408],""all_points_y"":[3381,3394,3405,3414]}",{}
6.png,50331702,{},2346,2078,"{""name"":""polyline"",""all_points_x"":[2446,2484],""all_points_y"":[3421,3462]}",{}
6.png,50331702,{},2346,2079,"{""name"":""polyline"",""all_points_x"":[2377,2385,2403,2416],""all_points_y"":[3304,3323,3356,3385]}",{}
6.png,50331702,{},2346,2080,"{""name"":""polyline"",""all_points_x"":[2393,2420,2428,2444,2453],""all_points_y"":[3228,3256,3266,3283,3294]}",{}
6.png,50331702,{},2346,2081,"{""name"":""polyline"",""all_points_x"":[2388,2425,2435,2445],""all_points_y"":[3247,3270,3277,3282]}",{}
6.png,50331702,{},2346,2082,"{""name"":""polyline"",""all_points_x"":[2397,2379,2332],""all_points_y"":[3507,3494,3442]}",{}
6.png,50331702,{},2346,2083,"{""name"":""polyline"",""all_points_x"":[2422,2421],""all_points_y"":[3470,3427]}",{}
6.png,50331702,{},2346,2084,"{""name"":""polyline"",""all_points_x"":[2315,2318,2326,2330],""all_points_y"":[3150,3187,3215,3252]}",{}
6.png,50331702,{},2346,2085,"{""name"":""polyline"",""all_points_x"":[2339,2333,2326,2323,2319,2319,2318,2311],""all_points_y"":[3150,3161,3177,3199,3225,3239,3254,3267]}",{}
6.png,50331702,{},2346,2086,"{""name"":""polyline"",""all_points_x"":[2084,2070,2045,2033],""all_points_y"":[3007,3012,3015,3016]}",{}
6.png,50331702,{},2346,2087,"{""name"":""polyline"",""all_points_x"":[2014,2015,2016],""all_points_y"":[2885,2924,2953]}",{}
6.png,50331702,{},2346,2088,"{""name"":""polyline"",""all_points_x"":[2274,2278,2281,2281],""all_points_y"":[2926,2955,2988,2998]}",{}
6.png,50331702,{},2346,2089,"{""name"":""polyline"",""all_points_x"":[2310,2312,2318],""all_points_y"":[2913,2939,2999]}",{}
6.png,50331702,{},2346,2090,"{""name"":""polyline"",""all_points_x"":[2084,2114,2148,2179,2195],""all_points_y"":[2622,2632,2653,2683,2704]}",{}
6.png,50331702,{},2346,2091,"{""name"":""polyline"",""all_points_x"":[2725,2730,2734,2735],""all_points_y"":[3582,3610,3643,3652]}",{}
6.png,50331702,{},2346,2092,"{""name"":""polyline"",""all_points_x"":[2778,2778,2783],""all_points_y"":[3654,3664,3694]}",{}
6.png,50331702,{},2346,2093,"{""name"":""polyline"",""all_points_x"":[2757,2755,2756],""all_points_y"":[3679,3719,3749]}",{}
6.png,50331702,{},2346,2094,"{""name"":""polyline"",""all_points_x"":[2636,2683,2732,2739,2755,2790],""all_points_y"":[3834,3865,3894,3900,3908,3924]}",{}
6.png,50331702,{},2346,2095,"{""name"":""polyline"",""all_points_x"":[2621,2627,2636,2650,2667],""all_points_y"":[3782,3819,3847,3894,3948]}",{}
6.png,50331702,{},2346,2096,"{""name"":""polyline"",""all_points_x"":[2600,2605,2647,2659],""all_points_y"":[3860,3859,3882,3885]}",{}
6.png,50331702,{},2346,2097,"{""name"":""polyline"",""all_points_x"":[2541,2526,2519],""all_points_y"":[3465,3425,3393]}",{}
6.png,50331702,{},2346,2098,"{""name"":""polyline"",""all_points_x"":[2097,2093,2082],""all_points_y"":[2791,2762,2720]}",{}
6.png,50331702,{},2346,2099,"{""name"":""polyline"",""all_points_x"":[2097,2112,2115],""all_points_y"":[2592,2541,2523]}",{}
6.png,50331702,{},2346,2100,"{""name"":""polyline"",""all_points_x"":[2505,2524,2540,2546],""all_points_y"":[2360,2412,2465,2481]}",{}
6.png,50331702,{},2346,2101,"{""name"":""polyline"",""all_points_x"":[2705,2727],""all_points_y"":[2410,2449]}",{}
6.png,50331702,{},2346,2102,"{""name"":""polyline"",""all_points_x"":[2507,2499,2495],""all_points_y"":[1631,1666,1706]}",{}
6.png,50331702,{},2346,2103,"{""name"":""polyline"",""all_points_x"":[2005,1998,1992],""all_points_y"":[2193,2244,2298]}",{}
6.png,50331702,{},2346,2104,"{""name"":""polyline"",""all_points_x"":[1981,1982,1982,1977],""all_points_y"":[2279,2291,2308,2329]}",{}
6.png,50331702,{},2346,2105,"{""name"":""polyline"",""all_points_x"":[2383,2373,2360,2349],""all_points_y"":[2363,2378,2405,2415]}",{}
6.png,50331702,{},2346,2106,"{""name"":""polyline"",""all_points_x"":[2349,2344,2336],""all_points_y"":[2382,2398,2415]}",{}
6.png,50331702,{},2346,2107,"{""name"":""polyline"",""all_points_x"":[2544,2542],""all_points_y"":[3413,3489]}",{}
6.png,50331702,{},2346,2108,"{""name"":""polyline"",""all_points_x"":[3124,3122],""all_points_y"":[3990,4062]}",{}
6.png,50331702,{},2346,2109,"{""name"":""polyline"",""all_points_x"":[3429,3412,3409,3394,3391,3387,3381,3373,3371,3371],""all_points_y"":[3806,3833,3839,3866,3875,3886,3899,3920,3937,3943]}",{}
6.png,50331702,{},2346,2110,"{""name"":""polyline"",""all_points_x"":[3384,3385,3381,3381,3379],""all_points_y"":[3981,3964,3948,3933,3915]}",{}
6.png,50331702,{},2346,2111,"{""name"":""polyline"",""all_points_x"":[3453,3426,3407,3385],""all_points_y"":[3931,3913,3906,3894]}",{}
6.png,50331702,{},2346,2112,"{""name"":""polyline"",""all_points_x"":[3406,3357,3347,3335,3327],""all_points_y"":[3780,3825,3837,3852,3868]}",{}
6.png,50331702,{},2346,2113,"{""name"":""polyline"",""all_points_x"":[3345,3347,3352,3352],""all_points_y"":[3938,3958,3979,3997]}",{}
6.png,50331702,{},2346,2114,"{""name"":""polyline"",""all_points_x"":[3244,3256,3265,3280,3290,3298],""all_points_y"":[4007,3967,3937,3906,3894,3888]}",{}
6.png,50331702,{},2346,2115,"{""name"":""polyline"",""all_points_x"":[3235,3205],""all_points_y"":[3986,4022]}",{}
6.png,50331702,{},2346,2116,"{""name"":""polyline"",""all_points_x"":[3241,3280,3335],""all_points_y"":[3621,3638,3658]}",{}
6.png,50331702,{},2346,2117,"{""name"":""polyline"",""all_points_x"":[3243,3268,3289,3304],""all_points_y"":[3598,3638,3673,3691]}",{}
6.png,50331702,{},2346,2118,"{""name"":""polyline"",""all_points_x"":[3203,3236,3261],""all_points_y"":[3566,3598,3626]}",{}
6.png,50331702,{},2346,2119,"{""name"":""polyline"",""all_points_x"":[2799,2825,2839],""all_points_y"":[3551,3510,3483]}",{}
6.png,50331702,{},2346,2120,"{""name"":""polyline"",""all_points_x"":[2969,2977,2979],""all_points_y"":[3388,3413,3436]}",{}
6.png,50331702,{},2346,2121,"{""name"":""polyline"",""all_points_x"":[2953,2957,2963,2965],""all_points_y"":[3393,3423,3457,3464]}",{}
6.png,50331702,{},2346,2122,"{""name"":""polyline"",""all_points_x"":[2950,2949,2941],""all_points_y"":[3390,3403,3427]}",{}
6.png,50331702,{},2346,2123,"{""name"":""polyline"",""all_points_x"":[3057,3069,3074],""all_points_y"":[3695,3647,3621]}",{}
6.png,50331702,{},2346,2124,"{""name"":""polyline"",""all_points_x"":[2996,2979,2955,2945,2934,2915],""all_points_y"":[3811,3811,3816,3815,3820,3817]}",{}
6.png,50331702,{},2346,2125,"{""name"":""polyline"",""all_points_x"":[2788,2815,2824,2847],""all_points_y"":[3869,3891,3901,3916]}",{}
6.png,50331702,{},2346,2126,"{""name"":""polyline"",""all_points_x"":[2754,2798,2814,2874],""all_points_y"":[3817,3814,3813,3808]}",{}
6.png,50331702,{},2346,2127,"{""name"":""polyline"",""all_points_x"":[2905,2905,2902,2902,2899],""all_points_y"":[3642,3663,3676,3701,3731]}",{}
6.png,50331702,{},2346,2128,"{""name"":""polyline"",""all_points_x"":[2922,2945],""all_points_y"":[3220,3256]}",{}
6.png,50331702,{},2346,2129,"{""name"":""polyline"",""all_points_x"":[2911,2919,2927,2929],""all_points_y"":[3220,3259,3285,3289]}",{}
6.png,50331702,{},2346,2130,"{""name"":""polyline"",""all_points_x"":[3267,3242,3229,3226,3210],""all_points_y"":[3671,3696,3709,3719,3734]}",{}
6.png,50331702,{},2346,2131,"{""name"":""polyline"",""all_points_x"":[3308,3337,3357],""all_points_y"":[3213,3257,3291]}",{}
6.png,50331702,{},2346,2132,"{""name"":""polyline"",""all_points_x"":[3381,3363],""all_points_y"":[3209,3250]}",{}
6.png,50331702,{},2346,2133,"{""name"":""polyline"",""all_points_x"":[3213,3216,3216],""all_points_y"":[3238,3289,3329]}",{}
6.png,50331702,{},2346,2134,"{""name"":""polyline"",""all_points_x"":[3263,3276],""all_points_y"":[3363,3328]}",{}
6.png,50331702,{},2346,2135,"{""name"":""polyline"",""all_points_x"":[3212,3210,3202],""all_points_y"":[3390,3410,3452]}",{}
6.png,50331702,{},2346,2136,"{""name"":""polyline"",""all_points_x"":[3317,3327,3348,3372],""all_points_y"":[3436,3451,3472,3494]}",{}
6.png,50331702,{},2346,2137,"{""name"":""polyline"",""all_points_x"":[3433,3431,3428,3423],""all_points_y"":[3265,3284,3295,3356]}",{}
6.png,50331702,{},2346,2138,"{""name"":""polyline"",""all_points_x"":[3418,3418,3416,3416],""all_points_y"":[3390,3414,3423,3452]}",{}
6.png,50331702,{},2346,2139,"{""name"":""polyline"",""all_points_x"":[3440,3432,3419],""all_points_y"":[3408,3433,3473]}",{}
6.png,50331702,{},2346,2140,"{""name"":""polyline"",""all_points_x"":[3472,3481,3495],""all_points_y"":[3296,3318,3360]}",{}
6.png,50331702,{},2346,2141,"{""name"":""polyline"",""all_points_x"":[3553,3547,3544,3546,3545],""all_points_y"":[3255,3289,3311,3316,3342]}",{}
6.png,50331702,{},2346,2142,"{""name"":""polyline"",""all_points_x"":[2826,2841],""all_points_y"":[2854,2893]}",{}
6.png,50331702,{},2346,2143,"{""name"":""polyline"",""all_points_x"":[2837,2840,2851,2855],""all_points_y"":[2773,2791,2829,2844]}",{}
6.png,50331702,{},2346,2144,"{""name"":""polyline"",""all_points_x"":[2840,2838,2836],""all_points_y"":[2845,2864,2872]}",{}
6.png,50331702,{},2346,2145,"{""name"":""polyline"",""all_points_x"":[3079,3082,3088,3089],""all_points_y"":[2424,2458,2502,2508]}",{}
6.png,50331702,{},2346,2146,"{""name"":""polyline"",""all_points_x"":[3017,2998,2959],""all_points_y"":[2284,2263,2230]}",{}
6.png,50331702,{},2346,2147,"{""name"":""polyline"",""all_points_x"":[2847,2901,2928],""all_points_y"":[1684,1684,1682]}",{}
6.png,50331702,{},2346,2148,"{""name"":""polyline"",""all_points_x"":[3225,3245,3262],""all_points_y"":[943,902,868]}",{}
6.png,50331702,{},2346,2149,"{""name"":""polyline"",""all_points_x"":[3142,3185,3194,3241],""all_points_y"":[898,909,912,919]}",{}
6.png,50331702,{},2346,2150,"{""name"":""polyline"",""all_points_x"":[3257,3210,3174],""all_points_y"":[937,943,946]}",{}
6.png,50331702,{},2346,2151,"{""name"":""polyline"",""all_points_x"":[2627,2599],""all_points_y"":[1075,1017]}",{}
6.png,50331702,{},2346,2152,"{""name"":""polyline"",""all_points_x"":[2428,2469],""all_points_y"":[1054,1050]}",{}
6.png,50331702,{},2346,2153,"{""name"":""polyline"",""all_points_x"":[2901,2879,2867],""all_points_y"":[880,839,811]}",{}
6.png,50331702,{},2346,2154,"{""name"":""polyline"",""all_points_x"":[2849,2860,2869,2898,2914],""all_points_y"":[797,801,802,811,816]}",{}
6.png,50331702,{},2346,2155,"{""name"":""polyline"",""all_points_x"":[2917,2891,2861,2849,2841],""all_points_y"":[811,798,788,783,783]}",{}
6.png,50331702,{},2346,2156,"{""name"":""polyline"",""all_points_x"":[2810,2810,2805,2802,2800,2791],""all_points_y"":[727,744,769,774,782,802]}",{}
6.png,50331702,{},2346,2157,"{""name"":""polyline"",""all_points_x"":[2858,2898,2907,2912],""all_points_y"":[785,783,785,787]}",{}
6.png,50331702,{},2346,2158,"{""name"":""polyline"",""all_points_x"":[2862,2828,2810,2789,2774],""all_points_y"":[769,732,716,699,690]}",{}
6.png,50331702,{},2346,2159,"{""name"":""polyline"",""all_points_x"":[3173,3175,3175],""all_points_y"":[369,398,432]}",{}
6.png,50331702,{},2346,2160,"{""name"":""polyline"",""all_points_x"":[3104,3114,3127,3142],""all_points_y"":[429,443,459,483]}",{}
6.png,50331702,{},2346,2161,"{""name"":""polyline"",""all_points_x"":[3186,3186,3194,3199],""all_points_y"":[518,535,564,582]}",{}
6.png,50331702,{},2346,2162,"{""name"":""polyline"",""all_points_x"":[3202,3202,3203],""all_points_y"":[498,517,549]}",{}
6.png,50331702,{},2346,2163,"{""name"":""polyline"",""all_points_x"":[3182,3189,3194,3195],""all_points_y"":[481,501,535,543]}",{}
6.png,50331702,{},2346,2164,"{""name"":""polyline"",""all_points_x"":[3140,3136,3132,3125,3113],""all_points_y"":[53,84,99,142,167]}",{}
6.png,50331702,{},2346,2165,"{""name"":""polyline"",""all_points_x"":[3098,3105,3112],""all_points_y"":[205,187,144]}",{}
6.png,50331702,{},2346,2166,"{""name"":""polyline"",""all_points_x"":[3088,3082],""all_points_y"":[128,62]}",{}
6.png,50331702,{},2346,2167,"{""name"":""polyline"",""all_points_x"":[3084,3103],""all_points_y"":[108,73]}",{}
6.png,50331702,{},2346,2168,"{""name"":""polyline"",""all_points_x"":[3039,3025,3013,3007],""all_points_y"":[4,33,59,84]}",{}
6.png,50331702,{},2346,2169,"{""name"":""polyline"",""all_points_x"":[2990,3005,3020,3042],""all_points_y"":[222,240,253,264]}",{}
6.png,50331702,{},2346,2170,"{""name"":""polyline"",""all_points_x"":[3056,3056,3059],""all_points_y"":[222,257,282]}",{}
6.png,50331702,{},2346,2171,"{""name"":""polyline"",""all_points_x"":[3249,3246,3245,3243],""all_points_y"":[56,130,158,191]}",{}
6.png,50331702,{},2346,2172,"{""name"":""polyline"",""all_points_x"":[4095,4080,4060,4051],""all_points_y"":[253,273,305,324]}",{}
6.png,50331702,{},2346,2173,"{""name"":""polyline"",""all_points_x"":[3966,3912],""all_points_y"":[248,275]}",{}
6.png,50331702,{},2346,2174,"{""name"":""polyline"",""all_points_x"":[3836,3913],""all_points_y"":[229,295]}",{}
6.png,50331702,{},2346,2175,"{""name"":""polyline"",""all_points_x"":[4086,4076,4061,4035],""all_points_y"":[238,248,259,289]}",{}
6.png,50331702,{},2346,2176,"{""name"":""polyline"",""all_points_x"":[3590,3604,3610,3618],""all_points_y"":[654,700,730,775]}",{}
6.png,50331702,{},2346,2177,"{""name"":""polyline"",""all_points_x"":[3903,3912,3913,3930],""all_points_y"":[773,814,824,861]}",{}
6.png,50331702,{},2346,2178,"{""name"":""polyline"",""all_points_x"":[3744,3743,3749],""all_points_y"":[840,889,921]}",{}
6.png,50331702,{},2346,2179,"{""name"":""polyline"",""all_points_x"":[3950,3927,3913,3884],""all_points_y"":[659,676,692,707]}",{}
6.png,50331702,{},2346,2180,"{""name"":""polyline"",""all_points_x"":[3910,3920,3936,3949],""all_points_y"":[832,810,756,724]}",{}
6.png,50331702,{},2346,2181,"{""name"":""polyline"",""all_points_x"":[3920,3865,3824],""all_points_y"":[784,791,796]}",{}
6.png,50331702,{},2346,2182,"{""name"":""polyline"",""all_points_x"":[3803,3817,3823,3832,3842,3845],""all_points_y"":[703,735,756,774,800,814]}",{}
6.png,50331702,{},2346,2183,"{""name"":""polyline"",""all_points_x"":[3950,3941,3934],""all_points_y"":[765,796,826]}",{}
6.png,50331702,{},2346,2184,"{""name"":""polyline"",""all_points_x"":[3586,3603,3612],""all_points_y"":[823,904,958]}",{}
6.png,50331702,{},2346,2185,"{""name"":""polyline"",""all_points_x"":[3603,3614,3617,3616,3617],""all_points_y"":[814,879,900,911,937]}",{}
6.png,50331702,{},2346,2186,"{""name"":""polyline"",""all_points_x"":[3600,3582,3567],""all_points_y"":[922,954,984]}",{}
6.png,50331702,{},2346,2187,"{""name"":""polyline"",""all_points_x"":[3533,3520],""all_points_y"":[924,962]}",{}
6.png,50331702,{},2346,2188,"{""name"":""polyline"",""all_points_x"":[3717,3716,3711],""all_points_y"":[713,763,788]}",{}
6.png,50331702,{},2346,2189,"{""name"":""polyline"",""all_points_x"":[3688,3686],""all_points_y"":[755,801]}",{}
6.png,50331702,{},2346,2190,"{""name"":""polyline"",""all_points_x"":[3438,3451,3455],""all_points_y"":[746,804,852]}",{}
6.png,50331702,{},2346,2191,"{""name"":""polyline"",""all_points_x"":[3826,3862],""all_points_y"":[1279,1150]}",{}
6.png,50331702,{},2346,2192,"{""name"":""polyline"",""all_points_x"":[3666,3669,3672],""all_points_y"":[1159,1220,1264]}",{}
6.png,50331702,{},2346,2193,"{""name"":""polyline"",""all_points_x"":[3670,3690],""all_points_y"":[1208,1237]}",{}
6.png,50331702,{},2346,2194,"{""name"":""polyline"",""all_points_x"":[3713,3713,3711,3709],""all_points_y"":[1130,1161,1174,1208]}",{}
6.png,50331702,{},2346,2195,"{""name"":""polyline"",""all_points_x"":[3562,3617],""all_points_y"":[1316,1281]}",{}
6.png,50331702,{},2346,2196,"{""name"":""polyline"",""all_points_x"":[3597,3596],""all_points_y"":[1348,1386]}",{}
6.png,50331702,{},2346,2197,"{""name"":""polyline"",""all_points_x"":[3571,3574,3573],""all_points_y"":[1321,1368,1393]}",{}
6.png,50331702,{},2346,2198,"{""name"":""polyline"",""all_points_x"":[3558,3561,3568,3579],""all_points_y"":[1299,1344,1387,1414]}",{}
6.png,50331702,{},2346,2199,"{""name"":""polyline"",""all_points_x"":[3585,3596,3611,3635],""all_points_y"":[1383,1377,1374,1372]}",{}
6.png,50331702,{},2346,2200,"{""name"":""polyline"",""all_points_x"":[3802,3801,3791,3782],""all_points_y"":[1404,1383,1360,1348]}",{}
6.png,50331702,{},2346,2201,"{""name"":""polyline"",""all_points_x"":[3791,3809,3832,3853],""all_points_y"":[1352,1373,1407,1436]}",{}
6.png,50331702,{},2346,2202,"{""name"":""polyline"",""all_points_x"":[3896,3943,3971],""all_points_y"":[1399,1459,1497]}",{}
6.png,50331702,{},2346,2203,"{""name"":""polyline"",""all_points_x"":[3870,3897,3911],""all_points_y"":[1478,1509,1535]}",{}
6.png,50331702,{},2346,2204,"{""name"":""polyline"",""all_points_x"":[3991,4001,4020],""all_points_y"":[1291,1307,1331]}",{}
6.png,50331702,{},2346,2205,"{""name"":""polyline"",""all_points_x"":[4071,4083],""all_points_y"":[1311,1348]}",{}
6.png,50331702,{},2346,2206,"{""name"":""polyline"",""all_points_x"":[3944,3933,3927],""all_points_y"":[1314,1358,1386]}",{}
6.png,50331702,{},2346,2207,"{""name"":""polyline"",""all_points_x"":[3918,3943,3963],""all_points_y"":[1146,1159,1167]}",{}
6.png,50331702,{},2346,2208,"{""name"":""polyline"",""all_points_x"":[4068,4076,4076],""all_points_y"":[1079,1115,1153]}",{}
6.png,50331702,{},2346,2209,"{""name"":""polyline"",""all_points_x"":[3988,4010,4020],""all_points_y"":[2774,2819,2838]}",{}
6.png,50331702,{},2346,2210,"{""name"":""polyline"",""all_points_x"":[4017,4041],""all_points_y"":[2783,2830]}",{}
6.png,50331702,{},2346,2211,"{""name"":""polyline"",""all_points_x"":[4032,4048,4066],""all_points_y"":[2782,2810,2839]}",{}
6.png,50331702,{},2346,2212,"{""name"":""polyline"",""all_points_x"":[4049,4054,4055],""all_points_y"":[2734,2763,2801]}",{}
6.png,50331702,{},2346,2213,"{""name"":""polyline"",""all_points_x"":[3999,3974,3946],""all_points_y"":[2878,2901,2929]}",{}
6.png,50331702,{},2346,2214,"{""name"":""polyline"",""all_points_x"":[4051,4025,3996,3951],""all_points_y"":[2975,2973,2971,2975]}",{}
6.png,50331702,{},2346,2215,"{""name"":""polyline"",""all_points_x"":[4010,4007,3999,3990],""all_points_y"":[2969,2987,3012,3035]}",{}
6.png,50331702,{},2346,2216,"{""name"":""polyline"",""all_points_x"":[3880,3909,3931,3938],""all_points_y"":[2891,2926,2953,2966]}",{}
6.png,50331702,{},2346,2217,"{""name"":""polyline"",""all_points_x"":[3868,3854,3836,3833,3834,3817],""all_points_y"":[2887,2930,2979,2983,2988,3045]}",{}
6.png,50331702,{},2346,2218,"{""name"":""polyline"",""all_points_x"":[3759,3776],""all_points_y"":[2946,2996]}",{}
6.png,50331702,{},2346,2219,"{""name"":""polyline"",""all_points_x"":[3691,3688,3682],""all_points_y"":[2912,2927,2964]}",{}
6.png,50331702,{},2346,2220,"{""name"":""polyline"",""all_points_x"":[3874,3877,3878,3883],""all_points_y"":[3303,3342,3381,3421]}",{}
6.png,50331702,{},2346,2221,"{""name"":""polyline"",""all_points_x"":[3850,3877,3895],""all_points_y"":[3418,3411,3399]}",{}
6.png,50331702,{},2346,2222,"{""name"":""polyline"",""all_points_x"":[4034,4007,3958,3944],""all_points_y"":[3985,4013,4051,4059]}",{}
6.png,50331702,{},2346,2223,"{""name"":""polyline"",""all_points_x"":[3822,3826,3830,3832,3836,3839],""all_points_y"":[4006,4015,4029,4042,4066,4086]}",{}
6.png,50331702,{},2346,2224,"{""name"":""polyline"",""all_points_x"":[3674,3680,3688,3694],""all_points_y"":[4095,4084,4061,4032]}",{}
6.png,50331702,{},2346,2225,"{""name"":""polyline"",""all_points_x"":[3752,3761,3764],""all_points_y"":[3955,3926,3907]}",{}
6.png,50331702,{},2346,2226,"{""name"":""polyline"",""all_points_x"":[3745,3718,3692],""all_points_y"":[4085,4070,4053]}",{}
6.png,50331702,{},2346,2227,"{""name"":""polyline"",""all_points_x"":[3757,3761,3759,3762],""all_points_y"":[3997,4024,4043,4060]}",{}
6.png,50331702,{},2346,2228,"{""name"":""polyline"",""all_points_x"":[3378,3354,3344,3336],""all_points_y"":[3638,3611,3599,3592]}",{}
6.png,50331702,{},2346,2229,"{""name"":""polyline"",""all_points_x"":[3412,3409,3406,3395],""all_points_y"":[3703,3690,3681,3664]}",{}
6.png,50331702,{},2346,2230,"{""name"":""polyline"",""all_points_x"":[3569,3535,3499,3480],""all_points_y"":[3707,3720,3729,3733]}",{}
6.png,50331702,{},2346,2231,"{""name"":""polyline"",""all_points_x"":[3662,3665,3669,3671],""all_points_y"":[3833,3788,3747,3738]}",{}
6.png,50331702,{},2346,2232,"{""name"":""polyline"",""all_points_x"":[2589,2593,2603],""all_points_y"":[2667,2686,2730]}",{}
6.png,50331702,{},2346,2233,"{""name"":""polyline"",""all_points_x"":[2610,2611],""all_points_y"":[2976,3019]}",{}
6.png,50331702,{},2346,2234,"{""name"":""polyline"",""all_points_x"":[2837,2842,2842],""all_points_y"":[2414,2445,2472]}",{}
6.png,50331702,{},2346,2235,"{""name"":""polyline"",""all_points_x"":[2877,2890,2909,2914],""all_points_y"":[2468,2494,2536,2562]}",{}
6.png,50331702,{},2346,2236,"{""name"":""polyline"",""all_points_x"":[2893,2903,2907,2929,2934],""all_points_y"":[2575,2555,2537,2511,2501]}",{}
6.png,50331702,{},2346,2237,"{""name"":""polyline"",""all_points_x"":[2974,2975,2979],""all_points_y"":[2521,2547,2571]}",{}
6.png,50331702,{},2346,2238,"{""name"":""polyline"",""all_points_x"":[2985,3006],""all_points_y"":[2490,2567]}",{}
6.png,50331702,{},2346,2239,"{""name"":""polyline"",""all_points_x"":[2800,2799,2800,2799,2799,2797],""all_points_y"":[2435,2442,2468,2473,2524,2537]}",{}
6.png,50331702,{},2346,2240,"{""name"":""polyline"",""all_points_x"":[2795,2793,2792,2791,2790,2791],""all_points_y"":[2454,2459,2475,2482,2497,2544]}",{}
6.png,50331702,{},2346,2241,"{""name"":""polyline"",""all_points_x"":[2800,2759,2738],""all_points_y"":[1743,1774,1791]}",{}
6.png,50331702,{},2346,2242,"{""name"":""polyline"",""all_points_x"":[2804,2835,2877],""all_points_y"":[1829,1833,1837]}",{}
6.png,50331702,{},2346,2243,"{""name"":""polyline"",""all_points_x"":[2837,2862,2878,2890],""all_points_y"":[1802,1824,1830,1843]}",{}
6.png,50331702,{},2346,2244,"{""name"":""polyline"",""all_points_x"":[2723,2743,2767,2777,2801],""all_points_y"":[1609,1613,1621,1624,1627]}",{}
6.png,50331702,{},2346,2245,"{""name"":""polyline"",""all_points_x"":[2718,2742,2762],""all_points_y"":[4094,4049,4008]}",{}
6.png,50331702,{},2346,2246,"{""name"":""polyline"",""all_points_x"":[2865,2864],""all_points_y"":[4056,4001]}",{}
6.png,50331702,{},2346,2247,"{""name"":""polyline"",""all_points_x"":[2666,2725,2781],""all_points_y"":[3842,3855,3869]}",{}
6.png,50331702,{},2346,2248,"{""name"":""polyline"",""all_points_x"":[2673,2704,2729],""all_points_y"":[3865,3828,3792]}",{}
6.png,50331702,{},2346,2249,"{""name"":""polyline"",""all_points_x"":[2641,2683,2727],""all_points_y"":[3847,3842,3823]}",{}
6.png,50331702,{},2346,2250,"{""name"":""polyline"",""all_points_x"":[2572,2578],""all_points_y"":[3767,3834]}",{}
6.png,50331702,{},2346,2251,"{""name"":""polyline"",""all_points_x"":[2534,2550,2560],""all_points_y"":[3767,3877,3928]}",{}
6.png,50331702,{},2346,2252,"{""name"":""polyline"",""all_points_x"":[2825,2867],""all_points_y"":[3864,3888]}",{}
6.png,50331702,{},2346,2253,"{""name"":""polyline"",""all_points_x"":[2860,2862,2881,2888],""all_points_y"":[3886,3880,3878,3877]}",{}
6.png,50331702,{},2346,2254,"{""name"":""polyline"",""all_points_x"":[2744,2783,2802],""all_points_y"":[3891,3885,3884]}",{}
6.png,50331702,{},2346,2255,"{""name"":""polyline"",""all_points_x"":[3482,3484,3487,3487],""all_points_y"":[2360,2384,2406,2413]}",{}
6.png,50331702,{},2346,2256,"{""name"":""polyline"",""all_points_x"":[3678,3655,3648,3631,3619,3603,3598,3589],""all_points_y"":[2357,2371,2382,2394,2396,2405,2405,2416]}",{}
6.png,50331702,{},2346,2257,"{""name"":""polyline"",""all_points_x"":[867,866],""all_points_y"":[520,545]}",{}
6.png,50331702,{},2346,2258,"{""name"":""polyline"",""all_points_x"":[859,863],""all_points_y"":[524,544]}",{}
6.png,50331702,{},2346,2259,"{""name"":""polyline"",""all_points_x"":[735,692],""all_points_y"":[637,623]}",{}
6.png,50331702,{},2346,2260,"{""name"":""polyline"",""all_points_x"":[722,701],""all_points_y"":[646,644]}",{}
6.png,50331702,{},2346,2261,"{""name"":""polyline"",""all_points_x"":[746,735,719,711],""all_points_y"":[868,869,868,870]}",{}
6.png,50331702,{},2346,2262,"{""name"":""polyline"",""all_points_x"":[778,750],""all_points_y"":[963,970]}",{}
6.png,50331702,{},2346,2263,"{""name"":""polyline"",""all_points_x"":[787,786,788],""all_points_y"":[902,963,985]}",{}
6.png,50331702,{},2346,2264,"{""name"":""polyline"",""all_points_x"":[846,829,817],""all_points_y"":[921,924,929]}",{}
6.png,50331702,{},2346,2265,"{""name"":""polyline"",""all_points_x"":[830,792],""all_points_y"":[887,907]}",{}
6.png,50331702,{},2346,2266,"{""name"":""polyline"",""all_points_x"":[729,700],""all_points_y"":[776,749]}",{}
6.png,50331702,{},2346,2267,"{""name"":""polyline"",""all_points_x"":[675,637],""all_points_y"":[757,769]}",{}
6.png,50331702,{},2346,2268,"{""name"":""polyline"",""all_points_x"":[676,659,632],""all_points_y"":[741,739,739]}",{}
6.png,50331702,{},2346,2269,"{""name"":""polyline"",""all_points_x"":[717,682],""all_points_y"":[953,953]}",{}
6.png,50331702,{},2346,2270,"{""name"":""polyline"",""all_points_x"":[756,720,701],""all_points_y"":[998,990,990]}",{}
6.png,50331702,{},2346,2271,"{""name"":""polyline"",""all_points_x"":[810,781],""all_points_y"":[1264,1279]}",{}
6.png,50331702,{},2346,2272,"{""name"":""polyline"",""all_points_x"":[773,760,749],""all_points_y"":[1267,1267,1267]}",{}
6.png,50331702,{},2346,2273,"{""name"":""polyline"",""all_points_x"":[768,755,746],""all_points_y"":[1205,1206,1211]}",{}
6.png,50331702,{},2346,2274,"{""name"":""polyline"",""all_points_x"":[719,685,677,666,654],""all_points_y"":[1160,1159,1155,1158,1154]}",{}
6.png,50331702,{},2346,2275,"{""name"":""polyline"",""all_points_x"":[897,877,865],""all_points_y"":[1135,1151,1154]}",{}
6.png,50331702,{},2346,2276,"{""name"":""polyline"",""all_points_x"":[854,878,887],""all_points_y"":[1112,1137,1153]}",{}
6.png,50331702,{},2346,2277,"{""name"":""polyline"",""all_points_x"":[1128,1077,1050],""all_points_y"":[1282,1275,1270]}",{}
6.png,50331702,{},2346,2278,"{""name"":""polyline"",""all_points_x"":[1884,1896],""all_points_y"":[795,849]}",{}
6.png,50331702,{},2346,2279,"{""name"":""polyline"",""all_points_x"":[1888,1882,1876,1871,1871],""all_points_y"":[709,759,788,855,876]}",{}
6.png,50331702,{},2346,2280,"{""name"":""polyline"",""all_points_x"":[1637,1647,1650,1654],""all_points_y"":[1067,1099,1115,1128]}",{}
6.png,50331702,{},2346,2281,"{""name"":""polyline"",""all_points_x"":[1040,1010,1000,993],""all_points_y"":[1533,1542,1545,1552]}",{}
6.png,50331702,{},2346,2282,"{""name"":""polyline"",""all_points_x"":[971,962],""all_points_y"":[1475,1504]}",{}
6.png,50331702,{},2346,2283,"{""name"":""polyline"",""all_points_x"":[945,928,916,910],""all_points_y"":[1466,1475,1496,1503]}",{}
6.png,50331702,{},2346,2284,"{""name"":""polyline"",""all_points_x"":[909,897,886],""all_points_y"":[1568,1567,1566]}",{}
6.png,50331702,{},2346,2285,"{""name"":""polyline"",""all_points_x"":[876,861,843],""all_points_y"":[1398,1400,1404]}",{}
6.png,50331702,{},2346,2286,"{""name"":""polyline"",""all_points_x"":[790,773,755,729],""all_points_y"":[1398,1398,1402,1403]}",{}
6.png,50331702,{},2346,2287,"{""name"":""polyline"",""all_points_x"":[2366,2355,2339],""all_points_y"":[926,907,883]}",{}
6.png,50331702,{},2346,2288,"{""name"":""polyline"",""all_points_x"":[2347,2363],""all_points_y"":[880,907]}",{}
6.png,50331702,{},2346,2289,"{""name"":""polyline"",""all_points_x"":[2548,2562,2574],""all_points_y"":[894,920,938]}",{}
6.png,50331702,{},2346,2290,"{""name"":""polyline"",""all_points_x"":[2409,2413],""all_points_y"":[1023,1065]}",{}
6.png,50331702,{},2346,2291,"{""name"":""polyline"",""all_points_x"":[2356,2371],""all_points_y"":[1026,1064]}",{}
6.png,50331702,{},2346,2292,"{""name"":""polyline"",""all_points_x"":[2116,2109,2108,2102,2096,2096,2092,2088],""all_points_y"":[1034,1064,1078,1114,1131,1142,1150,1162]}",{}
6.png,50331702,{},2346,2293,"{""name"":""polyline"",""all_points_x"":[2181,2181,2182],""all_points_y"":[1447,1494,1514]}",{}
6.png,50331702,{},2346,2294,"{""name"":""polyline"",""all_points_x"":[1342,1352],""all_points_y"":[3437,3480]}",{}
6.png,50331702,{},2346,2295,"{""name"":""polyline"",""all_points_x"":[1650,1690,1710],""all_points_y"":[3967,3988,3994]}",{}
6.png,50331702,{},2346,2296,"{""name"":""polyline"",""all_points_x"":[1752,1768,1787],""all_points_y"":[4008,4013,4016]}",{}
6.png,50331702,{},2346,2297,"{""name"":""polyline"",""all_points_x"":[1747,1740,1734],""all_points_y"":[3952,3983,4002]}",{}
6.png,50331702,{},2346,2298,"{""name"":""polyline"",""all_points_x"":[1670,1696,1729],""all_points_y"":[3478,3512,3575]}",{}
6.png,50331702,{},2346,2299,"{""name"":""polyline"",""all_points_x"":[1686,1686,1700],""all_points_y"":[3454,3482,3543]}",{}
6.png,50331702,{},2346,2300,"{""name"":""polyline"",""all_points_x"":[1568,1602,1617],""all_points_y"":[3417,3449,3468]}",{}
6.png,50331702,{},2346,2301,"{""name"":""polyline"",""all_points_x"":[1492,1472,1462],""all_points_y"":[3476,3496,3507]}",{}
6.png,50331702,{},2346,2302,"{""name"":""polyline"",""all_points_x"":[1455,1468,1484],""all_points_y"":[3474,3496,3512]}",{}
6.png,50331702,{},2346,2303,"{""name"":""polyline"",""all_points_x"":[1495,1505,1541,1550],""all_points_y"":[3374,3420,3531,3549]}",{}
6.png,50331702,{},2346,2304,"{""name"":""polyline"",""all_points_x"":[1518,1502,1497],""all_points_y"":[3433,3449,3453]}",{}
6.png,50331702,{},2346,2305,"{""name"":""polyline"",""all_points_x"":[1499,1472,1451],""all_points_y"":[3419,3436,3450]}",{}
6.png,50331702,{},2346,2306,"{""name"":""polyline"",""all_points_x"":[1523,1542,1551],""all_points_y"":[3151,3171,3194]}",{}
6.png,50331702,{},2346,2307,"{""name"":""polyline"",""all_points_x"":[1500,1516,1524],""all_points_y"":[3131,3163,3184]}",{}
6.png,50331702,{},2346,2308,"{""name"":""polyline"",""all_points_x"":[1465,1462,1465,1477,1484],""all_points_y"":[3216,3237,3252,3285,3300]}",{}
6.png,50331702,{},2346,2309,"{""name"":""polyline"",""all_points_x"":[1617,1623,1623,1629,1644],""all_points_y"":[3126,3151,3171,3202,3227]}",{}
6.png,50331702,{},2346,2310,"{""name"":""polyline"",""all_points_x"":[1706,1695],""all_points_y"":[3122,3176]}",{}
6.png,50331702,{},2346,2311,"{""name"":""polyline"",""all_points_x"":[1643,1665,1670,1691,1705],""all_points_y"":[3282,3310,3321,3338,3357]}",{}
6.png,50331702,{},2346,2312,"{""name"":""polyline"",""all_points_x"":[1774,1783,1777],""all_points_y"":[3258,3299,3344]}",{}
6.png,50331702,{},2346,2313,"{""name"":""polyline"",""all_points_x"":[1820,1808],""all_points_y"":[3226,3291]}",{}
6.png,50331702,{},2346,2314,"{""name"":""polyline"",""all_points_x"":[1803,1791,1777,1761],""all_points_y"":[3307,3325,3352,3357]}",{}
6.png,50331702,{},2346,2315,"{""name"":""polyline"",""all_points_x"":[1847,1865],""all_points_y"":[3709,3767]}",{}
6.png,50331702,{},2346,2316,"{""name"":""polyline"",""all_points_x"":[1856,1850,1847,1850],""all_points_y"":[4017,3982,3956,3938]}",{}
6.png,50331702,{},2346,2317,"{""name"":""polyline"",""all_points_x"":[2228,2281,2295],""all_points_y"":[3910,3903,3900]}",{}
6.png,50331702,{},2346,2318,"{""name"":""polyline"",""all_points_x"":[2279,2286,2292,2303],""all_points_y"":[3870,3913,3936,3948]}",{}
6.png,50331702,{},2346,2319,"{""name"":""polyline"",""all_points_x"":[2402,2420,2430,2436,2436],""all_points_y"":[3830,3849,3868,3900,3920]}",{}
6.png,50331702,{},2346,2320,"{""name"":""polyline"",""all_points_x"":[2170,2176,2183],""all_points_y"":[3931,3968,3991]}",{}
6.png,50331702,{},2346,2321,"{""name"":""polyline"",""all_points_x"":[2131,2187,2227],""all_points_y"":[3974,4029,4061]}",{}
6.png,50331702,{},2346,2322,"{""name"":""polyline"",""all_points_x"":[2062,2109],""all_points_y"":[4000,4046]}",{}
6.png,50331702,{},2346,2323,"{""name"":""polyline"",""all_points_x"":[2136,2141,2144],""all_points_y"":[3871,3841,3817]}",{}
6.png,50331702,{},2346,2324,"{""name"":""polyline"",""all_points_x"":[2364,2358,2351],""all_points_y"":[2968,2978,3006]}",{}
6.png,50331702,{},2346,2325,"{""name"":""polyline"",""all_points_x"":[2388,2380],""all_points_y"":[2945,2975]}",{}
6.png,50331702,{},2346,2326,"{""name"":""polyline"",""all_points_x"":[2370,2358],""all_points_y"":[2975,3004]}",{}
6.png,50331702,{},2346,2327,"{""name"":""polyline"",""all_points_x"":[2323,2319,2315,2315],""all_points_y"":[2929,2955,2975,3006]}",{}
6.png,50331702,{},2346,2328,"{""name"":""polyline"",""all_points_x"":[2481,2478,2473],""all_points_y"":[3144,3197,3227]}",{}
6.png,50331702,{},2346,2329,"{""name"":""polyline"",""all_points_x"":[2616,2566,2514],""all_points_y"":[3052,3033,3022]}",{}
6.png,50331702,{},2346,2330,"{""name"":""polyline"",""all_points_x"":[2494,2470,2449,2439],""all_points_y"":[1571,1606,1638,1658]}",{}
6.png,50331702,{},2346,2331,"{""name"":""polyline"",""all_points_x"":[3035,3029,3027],""all_points_y"":[708,740,765]}",{}
6.png,50331702,{},2346,2332,"{""name"":""polyline"",""all_points_x"":[3266,3283],""all_points_y"":[731,788]}",{}
6.png,50331702,{},2346,2333,"{""name"":""polyline"",""all_points_x"":[3535,3560],""all_points_y"":[900,848]}",{}
6.png,50331702,{},2346,2334,"{""name"":""polyline"",""all_points_x"":[3450,3468],""all_points_y"":[894,911]}",{}
6.png,50331702,{},2346,2335,"{""name"":""polyline"",""all_points_x"":[3397,3382,3364,3355],""all_points_y"":[1105,1115,1118,1122]}",{}
6.png,50331702,{},2346,2336,"{""name"":""polyline"",""all_points_x"":[3465,3461,3463],""all_points_y"":[1236,1261,1285]}",{}
6.png,50331702,{},2346,2337,"{""name"":""polyline"",""all_points_x"":[3552,3552,3551,3532],""all_points_y"":[1168,1182,1200,1253]}",{}
6.png,50331702,{},2346,2338,"{""name"":""polyline"",""all_points_x"":[3761,3712],""all_points_y"":[1412,1426]}",{}
6.png,50331702,{},2346,2339,"{""name"":""polyline"",""all_points_x"":[3210,3179,3169],""all_points_y"":[1613,1647,1660]}",{}
6.png,50331702,{},2346,2340,"{""name"":""polyline"",""all_points_x"":[3239,3216,3188],""all_points_y"":[1755,1737,1717]}",{}
6.png,50331702,{},2346,2341,"{""name"":""polyline"",""all_points_x"":[3066,3082,3126],""all_points_y"":[3329,3334,3357]}",{}
6.png,50331702,{},2346,2342,"{""name"":""polyline"",""all_points_x"":[3196,3171,3148],""all_points_y"":[3366,3373,3383]}",{}
6.png,50331702,{},2346,2343,"{""name"":""polyline"",""all_points_x"":[3191,3166],""all_points_y"":[3411,3427]}",{}
6.png,50331702,{},2346,2344,"{""name"":""polyline"",""all_points_x"":[3916,3888,3851],""all_points_y"":[3880,3871,3863]}",{}
6.png,50331702,{},2346,2345,"{""name"":""polygon"",""all_points_x"":[3145,3151,3141,3130,3120,3117,3110,3118],""all_points_y"":[4031,4034,4050,4070,4091,4095,4095,4082]}",{}
