filename,file_size,file_attributes,region_count,region_id,region_shape_attributes,region_attributes
7.png,37748874,{},1273,0,"{""name"":""polygon"",""all_points_x"":[467,479,485,483,465],""all_points_y"":[851,816,792,792,848]}",{}
7.png,37748874,{},1273,1,"{""name"":""polygon"",""all_points_x"":[70,109,107,70],""all_points_y"":[925,881,879,919]}",{}
7.png,37748874,{},1273,2,"{""name"":""polyline"",""all_points_x"":[33,55,83,109],""all_points_y"":[846,846,847,849]}",{}
7.png,37748874,{},1273,3,"{""name"":""polyline"",""all_points_x"":[26,51,78],""all_points_y"":[839,833,828]}",{}
7.png,37748874,{},1273,4,"{""name"":""polyline"",""all_points_x"":[34,81],""all_points_y"":[841,832]}",{}
7.png,37748874,{},1273,5,"{""name"":""polygon"",""all_points_x"":[89,149,241,239,156,87],""all_points_y"":[1051,1012,951,949,1003,1049]}",{}
7.png,37748874,{},1273,6,"{""name"":""polygon"",""all_points_x"":[150,177,209,233,232,198,148],""all_points_y"":[1059,1050,1043,1037,1034,1041,1056]}",{}
7.png,37748874,{},1273,7,"{""name"":""polygon"",""all_points_x"":[201,215,231,228,209,199],""all_points_y"":[1032,999,963,963,1003,1029]}",{}
7.png,37748874,{},1273,8,"{""name"":""polyline"",""all_points_x"":[240,323],""all_points_y"":[978,930]}",{}
7.png,37748874,{},1273,9,"{""name"":""polyline"",""all_points_x"":[231,256,269,291],""all_points_y"":[1006,988,980,970]}",{}
7.png,37748874,{},1273,10,"{""name"":""polygon"",""all_points_x"":[334,355,396,395,359,332],""all_points_y"":[960,946,920,919,940,957]}",{}
7.png,37748874,{},1273,11,"{""name"":""polygon"",""all_points_x"":[216,255,326,405,405,324,253,217],""all_points_y"":[1013,1006,996,985,983,994,1002,1009]}",{}
7.png,37748874,{},1273,12,"{""name"":""polygon"",""all_points_x"":[351,414,413,350],""all_points_y"":[985,938,934,982]}",{}
7.png,37748874,{},1273,13,"{""name"":""polygon"",""all_points_x"":[381,403,435,433,403,377],""all_points_y"":[1073,1033,982,981,1027,1071]}",{}
7.png,37748874,{},1273,14,"{""name"":""polygon"",""all_points_x"":[401,442,490,489,437,402],""all_points_y"":[1041,1024,1003,1000,1022,1037]}",{}
7.png,37748874,{},1273,15,"{""name"":""polygon"",""all_points_x"":[386,394,430,441,454,452,435,428,387],""all_points_y"":[1118,1111,1056,1047,1025,1025,1049,1055,1114]}",{}
7.png,37748874,{},1273,16,"{""name"":""polygon"",""all_points_x"":[395,411,488,486,437,392],""all_points_y"":[1126,1115,1055,1051,1091,1124]}",{}
7.png,37748874,{},1273,17,"{""name"":""polygon"",""all_points_x"":[467,452,440,433,429,442,456,464],""all_points_y"":[1322,1246,1182,1146,1147,1208,1273,1321]}",{}
7.png,37748874,{},1273,18,"{""name"":""polygon"",""all_points_x"":[384,451,512,513,461,405,392],""all_points_y"":[1233,1197,1163,1165,1194,1227,1232]}",{}
7.png,37748874,{},1273,19,"{""name"":""polyline"",""all_points_x"":[498,496,492],""all_points_y"":[1271,1252,1233]}",{}
7.png,37748874,{},1273,20,"{""name"":""polyline"",""all_points_x"":[443,406],""all_points_y"":[1380,1322]}",{}
7.png,37748874,{},1273,21,"{""name"":""polyline"",""all_points_x"":[502,498],""all_points_y"":[1480,1392]}",{}
7.png,37748874,{},1273,22,"{""name"":""polyline"",""all_points_x"":[44,82,150],""all_points_y"":[1516,1540,1584]}",{}
7.png,37748874,{},1273,23,"{""name"":""polyline"",""all_points_x"":[486,502,528],""all_points_y"":[1762,1703,1617]}",{}
7.png,37748874,{},1273,24,"{""name"":""polyline"",""all_points_x"":[548,524],""all_points_y"":[1669,1622]}",{}
7.png,37748874,{},1273,25,"{""name"":""polyline"",""all_points_x"":[529,516,491],""all_points_y"":[1724,1680,1610]}",{}
7.png,37748874,{},1273,26,"{""name"":""polyline"",""all_points_x"":[494,484],""all_points_y"":[1712,1634]}",{}
7.png,37748874,{},1273,27,"{""name"":""polyline"",""all_points_x"":[464,462],""all_points_y"":[1661,1609]}",{}
7.png,37748874,{},1273,28,"{""name"":""polyline"",""all_points_x"":[468,467],""all_points_y"":[1663,1615]}",{}
7.png,37748874,{},1273,29,"{""name"":""polyline"",""all_points_x"":[481,480],""all_points_y"":[1709,1630]}",{}
7.png,37748874,{},1273,30,"{""name"":""polyline"",""all_points_x"":[512,499],""all_points_y"":[1719,1668]}",{}
7.png,37748874,{},1273,31,"{""name"":""polyline"",""all_points_x"":[537,507],""all_points_y"":[1686,1608]}",{}
7.png,37748874,{},1273,32,"{""name"":""polyline"",""all_points_x"":[149,180,216],""all_points_y"":[1333,1323,1314]}",{}
7.png,37748874,{},1273,33,"{""name"":""polygon"",""all_points_x"":[207,229,283,280,243,205],""all_points_y"":[1651,1639,1610,1607,1627,1647]}",{}
7.png,37748874,{},1273,34,"{""name"":""polygon"",""all_points_x"":[215,255,300,297,254,214],""all_points_y"":[1668,1648,1628,1624,1645,1664]}",{}
7.png,37748874,{},1273,35,"{""name"":""polygon"",""all_points_x"":[217,201,196,192,199,213],""all_points_y"":[1948,1903,1889,1890,1910,1950]}",{}
7.png,37748874,{},1273,36,"{""name"":""polyline"",""all_points_x"":[265,253,245],""all_points_y"":[1944,1903,1873]}",{}
7.png,37748874,{},1273,37,"{""name"":""polyline"",""all_points_x"":[474,399],""all_points_y"":[2053,1964]}",{}
7.png,37748874,{},1273,38,"{""name"":""polyline"",""all_points_x"":[371,330],""all_points_y"":[1903,1840]}",{}
7.png,37748874,{},1273,39,"{""name"":""polyline"",""all_points_x"":[450,467],""all_points_y"":[1950,1881]}",{}
7.png,37748874,{},1273,40,"{""name"":""polyline"",""all_points_x"":[490,488,482],""all_points_y"":[2006,1983,1902]}",{}
7.png,37748874,{},1273,41,"{""name"":""polygon"",""all_points_x"":[303,300,292,285,281,291,297,301],""all_points_y"":[2069,2044,2013,1971,1973,2022,2046,2068]}",{}
7.png,37748874,{},1273,42,"{""name"":""polygon"",""all_points_x"":[442,460,481,479,456,439],""all_points_y"":[1992,1952,1900,1899,1953,1988]}",{}
7.png,37748874,{},1273,43,"{""name"":""polygon"",""all_points_x"":[419,415,411,409,413,417],""all_points_y"":[1992,1950,1921,1922,1956,1991]}",{}
7.png,37748874,{},1273,44,"{""name"":""polygon"",""all_points_x"":[475,496,522,519,493,473],""all_points_y"":[1996,1950,1899,1898,1949,1994]}",{}
7.png,37748874,{},1273,45,"{""name"":""polygon"",""all_points_x"":[556,538,535,552],""all_points_y"":[1994,1923,1923,1995]}",{}
7.png,37748874,{},1273,46,"{""name"":""polyline"",""all_points_x"":[385,356],""all_points_y"":[2019,1941]}",{}
7.png,37748874,{},1273,47,"{""name"":""polyline"",""all_points_x"":[383,365],""all_points_y"":[2026,1984]}",{}
7.png,37748874,{},1273,48,"{""name"":""polyline"",""all_points_x"":[502,508,513],""all_points_y"":[2002,1970,1924]}",{}
7.png,37748874,{},1273,49,"{""name"":""polyline"",""all_points_x"":[468,488,504],""all_points_y"":[2129,2071,2021]}",{}
7.png,37748874,{},1273,50,"{""name"":""polyline"",""all_points_x"":[535,527,521],""all_points_y"":[2205,2159,2120]}",{}
7.png,37748874,{},1273,51,"{""name"":""polyline"",""all_points_x"":[340,339],""all_points_y"":[2158,2069]}",{}
7.png,37748874,{},1273,52,"{""name"":""polyline"",""all_points_x"":[419,435,444],""all_points_y"":[2046,2097,2125]}",{}
7.png,37748874,{},1273,53,"{""name"":""polyline"",""all_points_x"":[314,360],""all_points_y"":[2192,2175]}",{}
7.png,37748874,{},1273,54,"{""name"":""polyline"",""all_points_x"":[283,355],""all_points_y"":[2304,2189]}",{}
7.png,37748874,{},1273,55,"{""name"":""polyline"",""all_points_x"":[284,301],""all_points_y"":[2278,2209]}",{}
7.png,37748874,{},1273,56,"{""name"":""polyline"",""all_points_x"":[281,310],""all_points_y"":[2293,2253]}",{}
7.png,37748874,{},1273,57,"{""name"":""polyline"",""all_points_x"":[514,502,488],""all_points_y"":[2288,2233,2171]}",{}
7.png,37748874,{},1273,58,"{""name"":""polyline"",""all_points_x"":[490,471],""all_points_y"":[2265,2209]}",{}
7.png,37748874,{},1273,59,"{""name"":""polyline"",""all_points_x"":[262,323],""all_points_y"":[2393,2366]}",{}
7.png,37748874,{},1273,60,"{""name"":""polyline"",""all_points_x"":[222,305],""all_points_y"":[2403,2366]}",{}
7.png,37748874,{},1273,61,"{""name"":""polyline"",""all_points_x"":[251,270,290],""all_points_y"":[2387,2357,2330]}",{}
7.png,37748874,{},1273,62,"{""name"":""polyline"",""all_points_x"":[274,309],""all_points_y"":[2376,2348]}",{}
7.png,37748874,{},1273,63,"{""name"":""polygon"",""all_points_x"":[268,295,294,266],""all_points_y"":[2375,2352,2350,2371]}",{}
7.png,37748874,{},1273,64,"{""name"":""polyline"",""all_points_x"":[410,514],""all_points_y"":[2409,2405]}",{}
7.png,37748874,{},1273,65,"{""name"":""polygon"",""all_points_x"":[408,452,450,407],""all_points_y"":[2399,2375,2372,2397]}",{}
7.png,37748874,{},1273,66,"{""name"":""polyline"",""all_points_x"":[325,331,335],""all_points_y"":[2473,2442,2416]}",{}
7.png,37748874,{},1273,67,"{""name"":""polyline"",""all_points_x"":[326,327],""all_points_y"":[2461,2397]}",{}
7.png,37748874,{},1273,68,"{""name"":""polygon"",""all_points_x"":[400,439,489,487,433,400],""all_points_y"":[2462,2444,2422,2419,2444,2460]}",{}
7.png,37748874,{},1273,69,"{""name"":""polygon"",""all_points_x"":[532,534,540,537,531,529],""all_points_y"":[2586,2532,2473,2473,2532,2586]}",{}
7.png,37748874,{},1273,70,"{""name"":""polygon"",""all_points_x"":[517,485,443,396,396,437,477,516],""all_points_y"":[2519,2521,2521,2518,2515,2517,2519,2516]}",{}
7.png,37748874,{},1273,71,"{""name"":""polygon"",""all_points_x"":[516,516,489,440,441,480],""all_points_y"":[2509,2513,2512,2512,2508,2509]}",{}
7.png,37748874,{},1273,72,"{""name"":""polyline"",""all_points_x"":[500,518,532],""all_points_y"":[2759,2733,2712]}",{}
7.png,37748874,{},1273,73,"{""name"":""polyline"",""all_points_x"":[462,478,494],""all_points_y"":[2794,2743,2692]}",{}
7.png,37748874,{},1273,74,"{""name"":""polyline"",""all_points_x"":[459,474],""all_points_y"":[2786,2743]}",{}
7.png,37748874,{},1273,75,"{""name"":""polygon"",""all_points_x"":[575,573,574,569,569,570,570],""all_points_y"":[893,875,835,835,867,893,893]}",{}
7.png,37748874,{},1273,76,"{""name"":""polygon"",""all_points_x"":[570,615,614,568],""all_points_y"":[931,914,910,928]}",{}
7.png,37748874,{},1273,77,"{""name"":""polygon"",""all_points_x"":[579,609,606,575],""all_points_y"":[960,923,922,957]}",{}
7.png,37748874,{},1273,78,"{""name"":""polygon"",""all_points_x"":[522,564,613,610,565,515],""all_points_y"":[1095,1065,1031,1028,1061,1094]}",{}
7.png,37748874,{},1273,79,"{""name"":""polygon"",""all_points_x"":[538,603,601,536],""all_points_y"":[1205,1170,1168,1202]}",{}
7.png,37748874,{},1273,80,"{""name"":""polygon"",""all_points_x"":[430,630,630,431],""all_points_y"":[1238,1210,1213,1242]}",{}
7.png,37748874,{},1273,81,"{""name"":""polygon"",""all_points_x"":[649,604,601,645],""all_points_y"":[1531,1426,1428,1532]}",{}
7.png,37748874,{},1273,82,"{""name"":""polygon"",""all_points_x"":[595,582,552,556,586,600],""all_points_y"":[1633,1579,1472,1471,1574,1631]}",{}
7.png,37748874,{},1273,83,"{""name"":""polygon"",""all_points_x"":[434,459,457,431],""all_points_y"":[1570,1615,1617,1572]}",{}
7.png,37748874,{},1273,84,"{""name"":""polygon"",""all_points_x"":[493,514,511,491],""all_points_y"":[1829,1799,1796,1825]}",{}
7.png,37748874,{},1273,85,"{""name"":""polygon"",""all_points_x"":[551,581,576,547],""all_points_y"":[1868,1790,1789,1865]}",{}
7.png,37748874,{},1273,86,"{""name"":""polygon"",""all_points_x"":[602,584,569,565,583,598],""all_points_y"":[1869,1810,1759,1761,1823,1870]}",{}
7.png,37748874,{},1273,87,"{""name"":""polygon"",""all_points_x"":[615,615,611,608,611,613],""all_points_y"":[1955,1893,1823,1823,1891,1954]}",{}
7.png,37748874,{},1273,88,"{""name"":""polygon"",""all_points_x"":[626,621,617,614,620,623],""all_points_y"":[1920,1879,1844,1844,1893,1920]}",{}
7.png,37748874,{},1273,89,"{""name"":""polygon"",""all_points_x"":[639,644,648,650,647,644,638],""all_points_y"":[1843,1826,1807,1788,1788,1813,1841]}",{}
7.png,37748874,{},1273,90,"{""name"":""polygon"",""all_points_x"":[578,573,564,561,569,574],""all_points_y"":[1973,1919,1863,1864,1918,1973]}",{}
7.png,37748874,{},1273,91,"{""name"":""polygon"",""all_points_x"":[537,603,600,536],""all_points_y"":[2030,1985,1983,2028]}",{}
7.png,37748874,{},1273,92,"{""name"":""polyline"",""all_points_x"":[597,603,618],""all_points_y"":[2169,2116,2020]}",{}
7.png,37748874,{},1273,93,"{""name"":""polygon"",""all_points_x"":[602,600,598,601,602,605],""all_points_y"":[2231,2208,2179,2179,2207,2231]}",{}
7.png,37748874,{},1273,94,"{""name"":""polygon"",""all_points_x"":[637,643,646,642,639,634],""all_points_y"":[2292,2258,2229,2229,2257,2292]}",{}
7.png,37748874,{},1273,95,"{""name"":""polygon"",""all_points_x"":[579,579,579,576,576,576],""all_points_y"":[2354,2331,2308,2308,2332,2354]}",{}
7.png,37748874,{},1273,96,"{""name"":""polygon"",""all_points_x"":[613,580,567,559,559,573,608],""all_points_y"":[2347,2358,2360,2359,2357,2357,2346]}",{}
7.png,37748874,{},1273,97,"{""name"":""polygon"",""all_points_x"":[538,502,505,540],""all_points_y"":[2363,2322,2320,2360]}",{}
7.png,37748874,{},1273,98,"{""name"":""polygon"",""all_points_x"":[619,612,608,615],""all_points_y"":[2504,2419,2418,2503]}",{}
7.png,37748874,{},1273,99,"{""name"":""polygon"",""all_points_x"":[448,405,404,447],""all_points_y"":[2548,2526,2529,2551]}",{}
7.png,37748874,{},1273,100,"{""name"":""polygon"",""all_points_x"":[590,573,563,559,570,587],""all_points_y"":[2627,2558,2512,2513,2559,2626]}",{}
7.png,37748874,{},1273,101,"{""name"":""polygon"",""all_points_x"":[595,584,572,569,582,593],""all_points_y"":[2610,2563,2517,2518,2567,2610]}",{}
7.png,37748874,{},1273,102,"{""name"":""polygon"",""all_points_x"":[411,406,403,408],""all_points_y"":[2761,2672,2672,2760]}",{}
7.png,37748874,{},1273,103,"{""name"":""polygon"",""all_points_x"":[400,407,404,397],""all_points_y"":[2726,2755,2756,2727]}",{}
7.png,37748874,{},1273,104,"{""name"":""polygon"",""all_points_x"":[429,434,431,427],""all_points_y"":[2753,2693,2693,2752]}",{}
7.png,37748874,{},1273,105,"{""name"":""polygon"",""all_points_x"":[439,444,448,442],""all_points_y"":[2724,2650,2651,2724]}",{}
7.png,37748874,{},1273,106,"{""name"":""polygon"",""all_points_x"":[459,475,472,456],""all_points_y"":[2725,2645,2644,2724]}",{}
7.png,37748874,{},1273,107,"{""name"":""polygon"",""all_points_x"":[564,552,549,561,561],""all_points_y"":[2756,2699,2700,2756,2756]}",{}
7.png,37748874,{},1273,108,"{""name"":""polygon"",""all_points_x"":[638,632,628,634],""all_points_y"":[2711,2663,2664,2711]}",{}
7.png,37748874,{},1273,109,"{""name"":""polygon"",""all_points_x"":[572,581,577,569],""all_points_y"":[2843,2776,2776,2842]}",{}
7.png,37748874,{},1273,110,"{""name"":""polygon"",""all_points_x"":[262,264,269,272,267,264],""all_points_y"":[2794,2761,2726,2727,2760,2793]}",{}
7.png,37748874,{},1273,111,"{""name"":""polygon"",""all_points_x"":[230,229,225,226],""all_points_y"":[2874,2799,2799,2874]}",{}
7.png,37748874,{},1273,112,"{""name"":""polygon"",""all_points_x"":[636,628,621,618,625,633],""all_points_y"":[2761,2708,2644,2644,2710,2761]}",{}
7.png,37748874,{},1273,113,"{""name"":""polygon"",""all_points_x"":[240,261,258,239],""all_points_y"":[2780,2739,2737,2778]}",{}
7.png,37748874,{},1273,114,"{""name"":""polygon"",""all_points_x"":[509,489,486,506],""all_points_y"":[2926,2877,2879,2928]}",{}
7.png,37748874,{},1273,115,"{""name"":""polyline"",""all_points_x"":[468,455],""all_points_y"":[2921,2845]}",{}
7.png,37748874,{},1273,116,"{""name"":""polygon"",""all_points_x"":[564,562,558,562],""all_points_y"":[2877,2831,2831,2877]}",{}
7.png,37748874,{},1273,117,"{""name"":""polygon"",""all_points_x"":[659,641,627,624,642,656],""all_points_y"":[2836,2801,2762,2763,2813,2837]}",{}
7.png,37748874,{},1273,118,"{""name"":""polygon"",""all_points_x"":[626,627,622,619,623,623],""all_points_y"":[2868,2840,2793,2793,2839,2867]}",{}
7.png,37748874,{},1273,119,"{""name"":""polygon"",""all_points_x"":[613,612,607,610],""all_points_y"":[2908,2820,2820,2907]}",{}
7.png,37748874,{},1273,120,"{""name"":""polygon"",""all_points_x"":[606,605,602,603],""all_points_y"":[2926,2840,2840,2925]}",{}
7.png,37748874,{},1273,121,"{""name"":""polygon"",""all_points_x"":[189,187,182,180,184,186],""all_points_y"":[2963,2945,2926,2926,2945,2962]}",{}
7.png,37748874,{},1273,122,"{""name"":""polygon"",""all_points_x"":[533,552,579,576,549,531],""all_points_y"":[3004,2962,2885,2884,2961,3003]}",{}
7.png,37748874,{},1273,123,"{""name"":""polyline"",""all_points_x"":[527,532,535],""all_points_y"":[2891,2926,2972]}",{}
7.png,37748874,{},1273,124,"{""name"":""polygon"",""all_points_x"":[131,114,103,106,118,134],""all_points_y"":[3071,3044,3023,3022,3046,3071]}",{}
7.png,37748874,{},1273,125,"{""name"":""polygon"",""all_points_x"":[142,117,113,139],""all_points_y"":[3065,3028,3031,3066]}",{}
7.png,37748874,{},1273,126,"{""name"":""polygon"",""all_points_x"":[192,187,189,195],""all_points_y"":[3048,3016,3016,3046]}",{}
7.png,37748874,{},1273,127,"{""name"":""polygon"",""all_points_x"":[245,268,265,243],""all_points_y"":[3012,2973,2971,3009]}",{}
7.png,37748874,{},1273,128,"{""name"":""polygon"",""all_points_x"":[255,259,255,252],""all_points_y"":[3071,3002,3002,3070]}",{}
7.png,37748874,{},1273,129,"{""name"":""polygon"",""all_points_x"":[289,296,293,285],""all_points_y"":[3071,3015,3014,3068]}",{}
7.png,37748874,{},1273,130,"{""name"":""polygon"",""all_points_x"":[337,360,389,391,361,339],""all_points_y"":[3002,2977,2945,2947,2979,3003]}",{}
7.png,37748874,{},1273,131,"{""name"":""polygon"",""all_points_x"":[331,343,355,353,340,331],""all_points_y"":[3071,3047,3018,3017,3048,3069]}",{}
7.png,37748874,{},1273,132,"{""name"":""polygon"",""all_points_x"":[327,339,336,325],""all_points_y"":[3071,3033,3032,3069]}",{}
7.png,37748874,{},1273,133,"{""name"":""polygon"",""all_points_x"":[315,330,343,341,325,314],""all_points_y"":[3036,3010,2987,2985,3015,3034]}",{}
7.png,37748874,{},1273,134,"{""name"":""polyline"",""all_points_x"":[416,411],""all_points_y"":[2991,2946]}",{}
7.png,37748874,{},1273,135,"{""name"":""polyline"",""all_points_x"":[419,419],""all_points_y"":[2939,2986]}",{}
7.png,37748874,{},1273,136,"{""name"":""polyline"",""all_points_x"":[543,554,557,546],""all_points_y"":[3068,2989,2989,3067]}",{}
7.png,37748874,{},1273,137,"{""name"":""polygon"",""all_points_x"":[561,550,548,558],""all_points_y"":[2997,3065,3065,2997]}",{}
7.png,37748874,{},1273,138,"{""name"":""polygon"",""all_points_x"":[563,555,552,560],""all_points_y"":[3015,3062,3061,3015]}",{}
7.png,37748874,{},1273,139,"{""name"":""polygon"",""all_points_x"":[580,575,579,584],""all_points_y"":[2971,2915,2914,2969]}",{}
7.png,37748874,{},1273,140,"{""name"":""polygon"",""all_points_x"":[600,596,592,591,594,595,600,601],""all_points_y"":[2957,2937,2927,2912,2913,2926,2941,2954]}",{}
7.png,37748874,{},1273,141,"{""name"":""polygon"",""all_points_x"":[620,616,612,615,618,622],""all_points_y"":[3070,3028,2969,2969,3022,3069]}",{}
7.png,37748874,{},1273,142,"{""name"":""polygon"",""all_points_x"":[650,613,611,647],""all_points_y"":[2963,3066,3063,2963]}",{}
7.png,37748874,{},1273,143,"{""name"":""polygon"",""all_points_x"":[650,624,621,647],""all_points_y"":[2990,3056,3053,2989]}",{}
7.png,37748874,{},1273,144,"{""name"":""polygon"",""all_points_x"":[210,205,202,207],""all_points_y"":[2902,2844,2846,2901]}",{}
7.png,37748874,{},1273,145,"{""name"":""polygon"",""all_points_x"":[551,644,644,551],""all_points_y"":[1329,1327,1322,1326]}",{}
7.png,37748874,{},1273,146,"{""name"":""polyline"",""all_points_x"":[961,939,903,879],""all_points_y"":[1,10,32,44]}",{}
7.png,37748874,{},1273,147,"{""name"":""polyline"",""all_points_x"":[976,934],""all_points_y"":[101,84]}",{}
7.png,37748874,{},1273,148,"{""name"":""polyline"",""all_points_x"":[940,1036],""all_points_y"":[354,279]}",{}
7.png,37748874,{},1273,149,"{""name"":""polygon"",""all_points_x"":[860,1030,1030,860],""all_points_y"":[419,420,423,423]}",{}
7.png,37748874,{},1273,150,"{""name"":""polygon"",""all_points_x"":[945,884,884,944],""all_points_y"":[647,646,649,650]}",{}
7.png,37748874,{},1273,151,"{""name"":""polyline"",""all_points_x"":[696,682,630],""all_points_y"":[691,666,585]}",{}
7.png,37748874,{},1273,152,"{""name"":""polygon"",""all_points_x"":[871,829,827,869],""all_points_y"":[828,774,776,830]}",{}
7.png,37748874,{},1273,153,"{""name"":""polyline"",""all_points_x"":[811,752],""all_points_y"":[880,842]}",{}
7.png,37748874,{},1273,154,"{""name"":""polygon"",""all_points_x"":[888,851,820,819,854,885,885],""all_points_y"":[953,930,910,913,937,956,956]}",{}
7.png,37748874,{},1273,155,"{""name"":""polygon"",""all_points_x"":[876,830,833,876,876],""all_points_y"":[957,935,932,955,955]}",{}
7.png,37748874,{},1273,156,"{""name"":""polygon"",""all_points_x"":[847,823,801,804,826,849],""all_points_y"":[986,959,931,929,957,984]}",{}
7.png,37748874,{},1273,157,"{""name"":""polyline"",""all_points_x"":[653,687],""all_points_y"":[981,940]}",{}
7.png,37748874,{},1273,158,"{""name"":""polyline"",""all_points_x"":[645,676],""all_points_y"":[982,941]}",{}
7.png,37748874,{},1273,159,"{""name"":""polyline"",""all_points_x"":[593,642,684],""all_points_y"":[987,991,994]}",{}
7.png,37748874,{},1273,160,"{""name"":""polyline"",""all_points_x"":[661,595],""all_points_y"":[1010,1001]}",{}
7.png,37748874,{},1273,161,"{""name"":""polygon"",""all_points_x"":[865,794,792,863],""all_points_y"":[1005,964,967,1007]}",{}
7.png,37748874,{},1273,162,"{""name"":""polygon"",""all_points_x"":[849,929,930,854],""all_points_y"":[1031,940,944,1031]}",{}
7.png,37748874,{},1273,163,"{""name"":""polygon"",""all_points_x"":[610,638,673,728,727,674,639,611],""all_points_y"":[1111,1111,1106,1095,1093,1103,1107,1108]}",{}
7.png,37748874,{},1273,164,"{""name"":""polygon"",""all_points_x"":[913,935,931,911],""all_points_y"":[1020,940,938,1018]}",{}
7.png,37748874,{},1273,165,"{""name"":""polygon"",""all_points_x"":[929,939,936,926],""all_points_y"":[1006,940,940,1006]}",{}
7.png,37748874,{},1273,166,"{""name"":""polygon"",""all_points_x"":[942,977,979,947],""all_points_y"":[1022,977,980,1022]}",{}
7.png,37748874,{},1273,167,"{""name"":""polygon"",""all_points_x"":[1018,1009,1000,995,1006,1015],""all_points_y"":[872,923,980,980,926,872]}",{}
7.png,37748874,{},1273,168,"{""name"":""polygon"",""all_points_x"":[932,955,952,931],""all_points_y"":[1006,945,944,999]}",{}
7.png,37748874,{},1273,169,"{""name"":""polygon"",""all_points_x"":[992,1032,1054,1051,1022,989],""all_points_y"":[1040,997,977,974,1003,1038]}",{}
7.png,37748874,{},1273,170,"{""name"":""polygon"",""all_points_x"":[908,990,988,907],""all_points_y"":[1105,1068,1066,1102]}",{}
7.png,37748874,{},1273,171,"{""name"":""polygon"",""all_points_x"":[827,918,915,826],""all_points_y"":[1145,1069,1066,1142]}",{}
7.png,37748874,{},1273,172,"{""name"":""polygon"",""all_points_x"":[781,904,901,781],""all_points_y"":[1140,1057,1055,1136]}",{}
7.png,37748874,{},1273,173,"{""name"":""polygon"",""all_points_x"":[751,818,871,868,815,751],""all_points_y"":[1118,1086,1066,1061,1084,1114]}",{}
7.png,37748874,{},1273,174,"{""name"":""polygon"",""all_points_x"":[699,735,775,777,743,703],""all_points_y"":[1221,1194,1164,1166,1192,1221]}",{}
7.png,37748874,{},1273,175,"{""name"":""polygon"",""all_points_x"":[714,754,814,815,753,718],""all_points_y"":[1232,1222,1203,1207,1226,1234]}",{}
7.png,37748874,{},1273,176,"{""name"":""polygon"",""all_points_x"":[883,943,945,886],""all_points_y"":[1157,1117,1119,1158]}",{}
7.png,37748874,{},1273,177,"{""name"":""polygon"",""all_points_x"":[1008,1054,1051,1006],""all_points_y"":[1152,1181,1184,1155]}",{}
7.png,37748874,{},1273,178,"{""name"":""polygon"",""all_points_x"":[1020,1070,1067,1020,1020],""all_points_y"":[1199,1157,1153,1195,1195]}",{}
7.png,37748874,{},1273,179,"{""name"":""polygon"",""all_points_x"":[949,1015,1074,1072,1007,947],""all_points_y"":[1288,1252,1216,1214,1253,1285]}",{}
7.png,37748874,{},1273,180,"{""name"":""polygon"",""all_points_x"":[1058,966,966,1057],""all_points_y"":[1321,1331,1327,1318]}",{}
7.png,37748874,{},1273,181,"{""name"":""polygon"",""all_points_x"":[777,821,853,902,899,845,816,777],""all_points_y"":[1302,1267,1243,1210,1207,1246,1267,1299]}",{}
7.png,37748874,{},1273,182,"{""name"":""polygon"",""all_points_x"":[785,756,720,718,738,783],""all_points_y"":[1261,1290,1326,1323,1304,1259]}",{}
7.png,37748874,{},1273,183,"{""name"":""polygon"",""all_points_x"":[686,683,685,690,688,682,680,684],""all_points_y"":[1502,1487,1467,1438,1438,1472,1488,1503]}",{}
7.png,37748874,{},1273,184,"{""name"":""polygon"",""all_points_x"":[705,742,789,790,749,706],""all_points_y"":[1380,1351,1316,1319,1349,1382]}",{}
7.png,37748874,{},1273,185,"{""name"":""polygon"",""all_points_x"":[916,940,943,920],""all_points_y"":[1423,1365,1367,1423]}",{}
7.png,37748874,{},1273,186,"{""name"":""polygon"",""all_points_x"":[984,949,951,985],""all_points_y"":[1419,1369,1367,1416]}",{}
7.png,37748874,{},1273,187,"{""name"":""polygon"",""all_points_x"":[729,808,810,733,732],""all_points_y"":[1465,1364,1366,1467,1467]}",{}
7.png,37748874,{},1273,188,"{""name"":""polygon"",""all_points_x"":[724,718,721,726],""all_points_y"":[1461,1389,1389,1461]}",{}
7.png,37748874,{},1273,189,"{""name"":""polygon"",""all_points_x"":[930,972,974,933],""all_points_y"":[1406,1355,1357,1406]}",{}
7.png,37748874,{},1273,190,"{""name"":""polygon"",""all_points_x"":[880,858,832,829,859,877],""all_points_y"":[1475,1442,1401,1403,1449,1475]}",{}
7.png,37748874,{},1273,191,"{""name"":""polygon"",""all_points_x"":[948,1037,1068,1069,1019,951],""all_points_y"":[1458,1422,1407,1410,1431,1459]}",{}
7.png,37748874,{},1273,192,"{""name"":""polygon"",""all_points_x"":[904,943,944,908],""all_points_y"":[1460,1422,1426,1460]}",{}
7.png,37748874,{},1273,193,"{""name"":""polygon"",""all_points_x"":[955,1055,1056,958],""all_points_y"":[1505,1447,1450,1506]}",{}
7.png,37748874,{},1273,194,"{""name"":""polygon"",""all_points_x"":[685,725,768,770,736,688],""all_points_y"":[1561,1510,1446,1448,1498,1562]}",{}
7.png,37748874,{},1273,195,"{""name"":""polygon"",""all_points_x"":[720,720,716,718],""all_points_y"":[1478,1530,1530,1479]}",{}
7.png,37748874,{},1273,196,"{""name"":""polygon"",""all_points_x"":[769,796,830,832,801,772],""all_points_y"":[1614,1555,1484,1485,1555,1616]}",{}
7.png,37748874,{},1273,197,"{""name"":""polygon"",""all_points_x"":[807,858,919,943,944,914,843,809],""all_points_y"":[1616,1592,1562,1552,1554,1567,1602,1617]}",{}
7.png,37748874,{},1273,198,"{""name"":""polygon"",""all_points_x"":[794,846,849,797],""all_points_y"":[1593,1539,1542,1595]}",{}
7.png,37748874,{},1273,199,"{""name"":""polygon"",""all_points_x"":[721,733,768,765,740,718],""all_points_y"":[1694,1652,1553,1553,1621,1693]}",{}
7.png,37748874,{},1273,200,"{""name"":""polygon"",""all_points_x"":[615,639,677,674,634,614],""all_points_y"":[1664,1633,1594,1591,1634,1661]}",{}
7.png,37748874,{},1273,201,"{""name"":""polygon"",""all_points_x"":[712,690,687,709],""all_points_y"":[1557,1604,1602,1558]}",{}
7.png,37748874,{},1273,202,"{""name"":""polyline"",""all_points_x"":[877,853,809],""all_points_y"":[1643,1642,1643]}",{}
7.png,37748874,{},1273,203,"{""name"":""polygon"",""all_points_x"":[719,662,663,720],""all_points_y"":[1601,1622,1624,1603]}",{}
7.png,37748874,{},1273,204,"{""name"":""polygon"",""all_points_x"":[765,766,770,768,765,763],""all_points_y"":[1646,1675,1725,1724,1692,1647]}",{}
7.png,37748874,{},1273,205,"{""name"":""polygon"",""all_points_x"":[734,745,753,755,754,752,751,748,739,732],""all_points_y"":[1752,1704,1675,1644,1631,1631,1663,1679,1713,1750]}",{}
7.png,37748874,{},1273,206,"{""name"":""polygon"",""all_points_x"":[1001,936,935,1001],""all_points_y"":[1768,1784,1780,1764]}",{}
7.png,37748874,{},1273,207,"{""name"":""polygon"",""all_points_x"":[1066,980,982,1066],""all_points_y"":[1690,1738,1742,1693]}",{}
7.png,37748874,{},1273,208,"{""name"":""polygon"",""all_points_x"":[703,725,738,734,719,701],""all_points_y"":[1679,1732,1769,1770,1724,1680]}",{}
7.png,37748874,{},1273,209,"{""name"":""polygon"",""all_points_x"":[710,756,794,795,741,713],""all_points_y"":[1794,1756,1725,1728,1772,1796]}",{}
7.png,37748874,{},1273,210,"{""name"":""polygon"",""all_points_x"":[562,543,539,559],""all_points_y"":[1982,1916,1917,1981]}",{}
7.png,37748874,{},1273,211,"{""name"":""polygon"",""all_points_x"":[1015,973,974,1016],""all_points_y"":[1803,1787,1784,1801]}",{}
7.png,37748874,{},1273,212,"{""name"":""polygon"",""all_points_x"":[811,842,845,815],""all_points_y"":[1896,1782,1783,1896]}",{}
7.png,37748874,{},1273,213,"{""name"":""polygon"",""all_points_x"":[860,836,840,861],""all_points_y"":[1899,1826,1826,1896]}",{}
7.png,37748874,{},1273,214,"{""name"":""polygon"",""all_points_x"":[974,1007,1010,977],""all_points_y"":[1953,1876,1878,1955]}",{}
7.png,37748874,{},1273,215,"{""name"":""polygon"",""all_points_x"":[938,954,957,941],""all_points_y"":[2044,1984,1985,2044]}",{}
7.png,37748874,{},1273,216,"{""name"":""polygon"",""all_points_x"":[981,1028,1030,985],""all_points_y"":[1994,1917,1920,1994]}",{}
7.png,37748874,{},1273,217,"{""name"":""polygon"",""all_points_x"":[1005,1015,1032,1034,1018,1008],""all_points_y"":[1903,1888,1845,1846,1885,1904]}",{}
7.png,37748874,{},1273,218,"{""name"":""polygon"",""all_points_x"":[754,761,757,750],""all_points_y"":[1846,1784,1784,1846]}",{}
7.png,37748874,{},1273,219,"{""name"":""polygon"",""all_points_x"":[880,899,896,878],""all_points_y"":[2109,2044,2044,2105]}",{}
7.png,37748874,{},1273,220,"{""name"":""polygon"",""all_points_x"":[876,893,896,879],""all_points_y"":[2087,2043,2044,2086]}",{}
7.png,37748874,{},1273,221,"{""name"":""polygon"",""all_points_x"":[1045,1064,1081,1082,1064,1049],""all_points_y"":[2031,2003,1981,1984,2007,2030]}",{}
7.png,37748874,{},1273,222,"{""name"":""polygon"",""all_points_x"":[946,1008,1010,949],""all_points_y"":[2136,2046,2048,2137]}",{}
7.png,37748874,{},1273,223,"{""name"":""polygon"",""all_points_x"":[960,991,993,963],""all_points_y"":[2132,2055,2056,2132]}",{}
7.png,37748874,{},1273,224,"{""name"":""polygon"",""all_points_x"":[1009,1011,1014,1012],""all_points_y"":[2199,2122,2122,2198]}",{}
7.png,37748874,{},1273,225,"{""name"":""polygon"",""all_points_x"":[1009,995,998,1011],""all_points_y"":[2113,2164,2167,2114]}",{}
7.png,37748874,{},1273,226,"{""name"":""polygon"",""all_points_x"":[1023,1038,1040,1026],""all_points_y"":[2233,2150,2151,2233]}",{}
7.png,37748874,{},1273,227,"{""name"":""polygon"",""all_points_x"":[627,641,659,662,643,631],""all_points_y"":[2163,2117,2070,2072,2122,2161]}",{}
7.png,37748874,{},1273,228,"{""name"":""polygon"",""all_points_x"":[750,764,767,754],""all_points_y"":[2153,2104,2105,2154]}",{}
7.png,37748874,{},1273,229,"{""name"":""polyline"",""all_points_x"":[937,962,984],""all_points_y"":[2109,2072,2044]}",{}
7.png,37748874,{},1273,230,"{""name"":""polyline"",""all_points_x"":[954,979,997],""all_points_y"":[2073,2044,2028]}",{}
7.png,37748874,{},1273,231,"{""name"":""polygon"",""all_points_x"":[682,716,719,685],""all_points_y"":[2257,2159,2160,2257]}",{}
7.png,37748874,{},1273,232,"{""name"":""polygon"",""all_points_x"":[688,713,745,762,764,737,711,691],""all_points_y"":[2311,2277,2237,2216,2219,2252,2285,2311]}",{}
7.png,37748874,{},1273,233,"{""name"":""polygon"",""all_points_x"":[728,774,776,733],""all_points_y"":[2295,2240,2243,2295]}",{}
7.png,37748874,{},1273,234,"{""name"":""polygon"",""all_points_x"":[757,769,772,760],""all_points_y"":[2334,2233,2234,2333]}",{}
7.png,37748874,{},1273,235,"{""name"":""polygon"",""all_points_x"":[772,784,787,776],""all_points_y"":[2277,2217,2219,2276]}",{}
7.png,37748874,{},1273,236,"{""name"":""polygon"",""all_points_x"":[798,782,779,795],""all_points_y"":[2196,2272,2271,2197]}",{}
7.png,37748874,{},1273,237,"{""name"":""polygon"",""all_points_x"":[893,847,846,891],""all_points_y"":[2156,2212,2209,2156]}",{}
7.png,37748874,{},1273,238,"{""name"":""polygon"",""all_points_x"":[873,874,891,894,879,877],""all_points_y"":[2303,2288,2209,2211,2280,2300]}",{}
7.png,37748874,{},1273,239,"{""name"":""polygon"",""all_points_x"":[842,835,837,845],""all_points_y"":[2321,2208,2208,2318]}",{}
7.png,37748874,{},1273,240,"{""name"":""polygon"",""all_points_x"":[934,943,959,962,945,937],""all_points_y"":[2262,2241,2191,2190,2246,2262]}",{}
7.png,37748874,{},1273,241,"{""name"":""polygon"",""all_points_x"":[896,898,902,905,900,899],""all_points_y"":[2273,2245,2215,2215,2243,2271]}",{}
7.png,37748874,{},1273,242,"{""name"":""polygon"",""all_points_x"":[962,994,996,965],""all_points_y"":[2307,2252,2254,2307]}",{}
7.png,37748874,{},1273,243,"{""name"":""polygon"",""all_points_x"":[915,911,914,917],""all_points_y"":[2278,2215,2215,2277]}",{}
7.png,37748874,{},1273,244,"{""name"":""polyline"",""all_points_x"":[1018,1018],""all_points_y"":[2345,2269]}",{}
7.png,37748874,{},1273,245,"{""name"":""polygon"",""all_points_x"":[957,1085,1086,958],""all_points_y"":[2007,1966,1969,2009]}",{}
7.png,37748874,{},1273,246,"{""name"":""polygon"",""all_points_x"":[1038,1036,1032,1029,1032,1035,1039,1040],""all_points_y"":[2268,2316,2352,2377,2377,2348,2314,2269]}",{}
7.png,37748874,{},1273,247,"{""name"":""polygon"",""all_points_x"":[1045,1039,1039,1036,1039,1042,1045,1047],""all_points_y"":[2311,2346,2354,2371,2371,2353,2332,2312]}",{}
7.png,37748874,{},1273,248,"{""name"":""polygon"",""all_points_x"":[1044,1053,1056,1050],""all_points_y"":[2372,2286,2286,2367]}",{}
7.png,37748874,{},1273,249,"{""name"":""polygon"",""all_points_x"":[676,705,708,681],""all_points_y"":[2460,2339,2341,2460]}",{}
7.png,37748874,{},1273,250,"{""name"":""polygon"",""all_points_x"":[729,712,716,732],""all_points_y"":[2487,2429,2428,2486]}",{}
7.png,37748874,{},1273,251,"{""name"":""polygon"",""all_points_x"":[771,778,780,783,782,777],""all_points_y"":[2476,2448,2411,2411,2449,2476]}",{}
7.png,37748874,{},1273,252,"{""name"":""polygon"",""all_points_x"":[767,789,792,771],""all_points_y"":[2509,2449,2451,2509]}",{}
7.png,37748874,{},1273,253,"{""name"":""polygon"",""all_points_x"":[825,807,810,828],""all_points_y"":[2523,2413,2413,2521]}",{}
7.png,37748874,{},1273,254,"{""name"":""polygon"",""all_points_x"":[865,847,850,868],""all_points_y"":[2563,2452,2452,2562]}",{}
7.png,37748874,{},1273,255,"{""name"":""polygon"",""all_points_x"":[887,877,872,867,863,865,871,877,888],""all_points_y"":[2518,2489,2467,2442,2402,2402,2439,2477,2516]}",{}
7.png,37748874,{},1273,256,"{""name"":""polygon"",""all_points_x"":[878,881,885,882],""all_points_y"":[2395,2319,2319,2393]}",{}
7.png,37748874,{},1273,257,"{""name"":""polygon"",""all_points_x"":[905,902,901,904,906,909],""all_points_y"":[2420,2355,2275,2275,2349,2420]}",{}
7.png,37748874,{},1273,258,"{""name"":""polygon"",""all_points_x"":[927,928,924,927,931,931],""all_points_y"":[2447,2421,2346,2346,2415,2445]}",{}
7.png,37748874,{},1273,259,"{""name"":""polygon"",""all_points_x"":[945,952,955,948],""all_points_y"":[2515,2368,2369,2514]}",{}
7.png,37748874,{},1273,260,"{""name"":""polygon"",""all_points_x"":[954,963,971,975,978,972,966,957],""all_points_y"":[2407,2369,2328,2295,2296,2342,2378,2407]}",{}
7.png,37748874,{},1273,261,"{""name"":""polygon"",""all_points_x"":[1021,1024,1027,1025],""all_points_y"":[2375,2264,2264,2374]}",{}
7.png,37748874,{},1273,262,"{""name"":""polygon"",""all_points_x"":[944,932,936,947],""all_points_y"":[2422,2344,2344,2421]}",{}
7.png,37748874,{},1273,263,"{""name"":""polygon"",""all_points_x"":[683,656,637,639,661,685],""all_points_y"":[2564,2506,2459,2458,2509,2561]}",{}
7.png,37748874,{},1273,264,"{""name"":""polygon"",""all_points_x"":[690,639,642,692],""all_points_y"":[2557,2452,2450,2555]}",{}
7.png,37748874,{},1273,265,"{""name"":""polyline"",""all_points_x"":[708,696],""all_points_y"":[2542,2507]}",{}
7.png,37748874,{},1273,266,"{""name"":""polygon"",""all_points_x"":[977,980,984,980],""all_points_y"":[2426,2305,2305,2425]}",{}
7.png,37748874,{},1273,267,"{""name"":""polygon"",""all_points_x"":[1049,1050,1051,1054,1052,1053],""all_points_y"":[2502,2438,2378,2378,2444,2501]}",{}
7.png,37748874,{},1273,268,"{""name"":""polygon"",""all_points_x"":[975,995,1004,1016,1019,1004,991,978],""all_points_y"":[2614,2521,2486,2449,2450,2501,2555,2614]}",{}
7.png,37748874,{},1273,269,"{""name"":""polygon"",""all_points_x"":[992,1002,1013,1015,1005,996],""all_points_y"":[2609,2535,2492,2494,2538,2604]}",{}
7.png,37748874,{},1273,270,"{""name"":""polygon"",""all_points_x"":[997,1042,1094,1096,1040,1000],""all_points_y"":[2609,2563,2511,2513,2570,2611]}",{}
7.png,37748874,{},1273,271,"{""name"":""polygon"",""all_points_x"":[683,636,641,685],""all_points_y"":[2652,2573,2571,2647]}",{}
7.png,37748874,{},1273,272,"{""name"":""polygon"",""all_points_x"":[688,635,638,690],""all_points_y"":[2703,2653,2650,2700]}",{}
7.png,37748874,{},1273,273,"{""name"":""polygon"",""all_points_x"":[685,652,628,630,656,686],""all_points_y"":[2751,2724,2702,2699,2724,2748]}",{}
7.png,37748874,{},1273,274,"{""name"":""polygon"",""all_points_x"":[679,694,718,737,739,721,702,683],""all_points_y"":[2845,2805,2734,2664,2665,2733,2792,2845]}",{}
7.png,37748874,{},1273,275,"{""name"":""polygon"",""all_points_x"":[713,722,725,717],""all_points_y"":[2699,2629,2630,2698]}",{}
7.png,37748874,{},1273,276,"{""name"":""polygon"",""all_points_x"":[790,790,792,793],""all_points_y"":[2754,2702,2702,2753]}",{}
7.png,37748874,{},1273,277,"{""name"":""polygon"",""all_points_x"":[823,815,818,826],""all_points_y"":[2744,2675,2674,2741]}",{}
7.png,37748874,{},1273,278,"{""name"":""polygon"",""all_points_x"":[830,827,831,834],""all_points_y"":[2722,2653,2654,2720]}",{}
7.png,37748874,{},1273,279,"{""name"":""polygon"",""all_points_x"":[849,854,856,859,863,859,851],""all_points_y"":[2625,2686,2717,2751,2753,2705,2626]}",{}
7.png,37748874,{},1273,280,"{""name"":""polygon"",""all_points_x"":[864,863,863,866,870,866,866],""all_points_y"":[2592,2648,2690,2786,2779,2675,2592]}",{}
7.png,37748874,{},1273,281,"{""name"":""polygon"",""all_points_x"":[920,924,927,925],""all_points_y"":[2786,2637,2637,2786]}",{}
7.png,37748874,{},1273,282,"{""name"":""polygon"",""all_points_x"":[882,877,872,874,879,884],""all_points_y"":[2731,2704,2669,2669,2700,2729]}",{}
7.png,37748874,{},1273,283,"{""name"":""polyline"",""all_points_x"":[950,948],""all_points_y"":[2782,2710]}",{}
7.png,37748874,{},1273,284,"{""name"":""polygon"",""all_points_x"":[951,960,964,954],""all_points_y"":[2688,2639,2640,2688]}",{}
7.png,37748874,{},1273,285,"{""name"":""polygon"",""all_points_x"":[978,996,998,980],""all_points_y"":[2722,2618,2619,2722]}",{}
7.png,37748874,{},1273,286,"{""name"":""polygon"",""all_points_x"":[1019,1029,1032,1023],""all_points_y"":[2645,2568,2569,2645]}",{}
7.png,37748874,{},1273,287,"{""name"":""polygon"",""all_points_x"":[650,658,661,662,664,662,659,654],""all_points_y"":[3069,2993,2946,2923,2923,2961,3020,3069]}",{}
7.png,37748874,{},1273,288,"{""name"":""polygon"",""all_points_x"":[687,673,677,690],""all_points_y"":[3068,2956,2956,3067]}",{}
7.png,37748874,{},1273,289,"{""name"":""polygon"",""all_points_x"":[674,697,722,724,700,677],""all_points_y"":[2869,2831,2790,2791,2833,2869]}",{}
7.png,37748874,{},1273,290,"{""name"":""polygon"",""all_points_x"":[727,716,709,705,708,711,718,730],""all_points_y"":[3004,2945,2900,2845,2845,2882,2932,3002]}",{}
7.png,37748874,{},1273,291,"{""name"":""polygon"",""all_points_x"":[702,729,744,746,730,707],""all_points_y"":[3030,2930,2870,2871,2942,3028]}",{}
7.png,37748874,{},1273,292,"{""name"":""polygon"",""all_points_x"":[769,737,739,772],""all_points_y"":[3003,2935,2933,2999]}",{}
7.png,37748874,{},1273,293,"{""name"":""polygon"",""all_points_x"":[773,754,734,736,757,774],""all_points_y"":[3030,3003,2972,2971,3003,3027]}",{}
7.png,37748874,{},1273,294,"{""name"":""polygon"",""all_points_x"":[854,844,848,856],""all_points_y"":[3071,3017,3017,3070]}",{}
7.png,37748874,{},1273,295,"{""name"":""polygon"",""all_points_x"":[810,777,780,812],""all_points_y"":[2812,2752,2751,2808]}",{}
7.png,37748874,{},1273,296,"{""name"":""polygon"",""all_points_x"":[865,838,841,865],""all_points_y"":[2849,2769,2768,2840]}",{}
7.png,37748874,{},1273,297,"{""name"":""polygon"",""all_points_x"":[864,883,886,868],""all_points_y"":[2907,2802,2803,2905]}",{}
7.png,37748874,{},1273,298,"{""name"":""polygon"",""all_points_x"":[872,911,960,962,906,875],""all_points_y"":[2914,2871,2815,2817,2882,2915]}",{}
7.png,37748874,{},1273,299,"{""name"":""polygon"",""all_points_x"":[974,1004,1007,978],""all_points_y"":[2836,2762,2763,2838]}",{}
7.png,37748874,{},1273,300,"{""name"":""polygon"",""all_points_x"":[847,855,865,873,877,879,882,878,871,861,849],""all_points_y"":[3059,3035,3000,2968,2938,2922,2922,2956,2992,3026,3060]}",{}
7.png,37748874,{},1273,301,"{""name"":""polygon"",""all_points_x"":[898,886,876,865,857,860,872,883,892,900],""all_points_y"":[2943,2982,3013,3042,3061,3061,3031,2999,2972,2944]}",{}
7.png,37748874,{},1273,302,"{""name"":""polygon"",""all_points_x"":[993,988,983,985,991,995],""all_points_y"":[2934,3001,3054,3055,2999,2935]}",{}
7.png,37748874,{},1273,303,"{""name"":""polygon"",""all_points_x"":[985,991,998,1002,995,988],""all_points_y"":[3068,3012,2944,2945,3002,3066]}",{}
7.png,37748874,{},1273,304,"{""name"":""polygon"",""all_points_x"":[1029,1033,1036,1037,1035,1031],""all_points_y"":[3069,3012,2977,2977,3026,3068]}",{}
7.png,37748874,{},1273,305,"{""name"":""polygon"",""all_points_x"":[1058,1055,1058,1060],""all_points_y"":[3016,2946,2946,3014]}",{}
7.png,37748874,{},1273,306,"{""name"":""polygon"",""all_points_x"":[1006,1036,1070,1073,1037,1010],""all_points_y"":[2881,2847,2812,2814,2851,2882]}",{}
7.png,37748874,{},1273,307,"{""name"":""polygon"",""all_points_x"":[1469,1361,1362,1474],""all_points_y"":[0,20,24,1]}",{}
7.png,37748874,{},1273,308,"{""name"":""polygon"",""all_points_x"":[1489,1380,1381,1499],""all_points_y"":[2,21,23,2]}",{}
7.png,37748874,{},1273,309,"{""name"":""polygon"",""all_points_x"":[1383,1492,1491,1379],""all_points_y"":[1,43,47,3]}",{}
7.png,37748874,{},1273,310,"{""name"":""polygon"",""all_points_x"":[1399,1327,1330,1400],""all_points_y"":[141,109,105,138]}",{}
7.png,37748874,{},1273,311,"{""name"":""polygon"",""all_points_x"":[1482,1445,1389,1391,1448,1485],""all_points_y"":[118,83,42,40,81,116]}",{}
7.png,37748874,{},1273,312,"{""name"":""polygon"",""all_points_x"":[1535,1495,1453,1457,1512,1538],""all_points_y"":[106,60,13,12,73,103]}",{}
7.png,37748874,{},1273,313,"{""name"":""polygon"",""all_points_x"":[1461,1525,1523,1459],""all_points_y"":[78,113,116,80]}",{}
7.png,37748874,{},1273,314,"{""name"":""polygon"",""all_points_x"":[1207,1144,1145,1208],""all_points_y"":[100,104,108,103]}",{}
7.png,37748874,{},1273,315,"{""name"":""polygon"",""all_points_x"":[1343,1245,1245,1343],""all_points_y"":[212,216,220,216]}",{}
7.png,37748874,{},1273,316,"{""name"":""polygon"",""all_points_x"":[1466,1410,1375,1337,1338,1391,1438,1467],""all_points_y"":[246,212,193,174,172,198,225,242]}",{}
7.png,37748874,{},1273,317,"{""name"":""polygon"",""all_points_x"":[1449,1392,1352,1312,1312,1364,1417,1446],""all_points_y"":[281,278,278,277,281,281,283,285]}",{}
7.png,37748874,{},1273,318,"{""name"":""polyline"",""all_points_x"":[1411,1383,1340],""all_points_y"":[296,297,298]}",{}
7.png,37748874,{},1273,319,"{""name"":""polygon"",""all_points_x"":[1481,1428,1360,1360,1420,1481],""all_points_y"":[314,313,312,308,309,311]}",{}
7.png,37748874,{},1273,320,"{""name"":""polygon"",""all_points_x"":[1515,1456,1385,1385,1446,1515],""all_points_y"":[324,326,329,334,329,328]}",{}
7.png,37748874,{},1273,321,"{""name"":""polygon"",""all_points_x"":[1495,1356,1358,1498],""all_points_y"":[332,363,366,334]}",{}
7.png,37748874,{},1273,322,"{""name"":""polyline"",""all_points_x"":[1298,1261,1222,1160],""all_points_y"":[318,312,306,296]}",{}
7.png,37748874,{},1273,323,"{""name"":""polygon"",""all_points_x"":[1479,1405,1314,1313,1403,1477],""all_points_y"":[478,445,410,413,448,481]}",{}
7.png,37748874,{},1273,324,"{""name"":""polygon"",""all_points_x"":[1436,1375,1334,1337,1384,1437],""all_points_y"":[484,457,437,434,457,480]}",{}
7.png,37748874,{},1273,325,"{""name"":""polygon"",""all_points_x"":[1277,1204,1205,1274],""all_points_y"":[473,464,459,470]}",{}
7.png,37748874,{},1273,326,"{""name"":""polygon"",""all_points_x"":[1268,1305,1356,1357,1310,1268],""all_points_y"":[482,479,470,473,481,486]}",{}
7.png,37748874,{},1273,327,"{""name"":""polygon"",""all_points_x"":[1259,1313,1367,1366,1313,1258],""all_points_y"":[502,522,538,540,525,507]}",{}
7.png,37748874,{},1273,328,"{""name"":""polygon"",""all_points_x"":[1221,1274,1315,1317,1268,1221],""all_points_y"":[517,535,546,540,529,514]}",{}
7.png,37748874,{},1273,329,"{""name"":""polygon"",""all_points_x"":[1428,1473,1531,1531,1482,1429],""all_points_y"":[526,530,538,542,535,529]}",{}
7.png,37748874,{},1273,330,"{""name"":""polygon"",""all_points_x"":[1455,1400,1397,1452],""all_points_y"":[638,598,602,641]}",{}
7.png,37748874,{},1273,331,"{""name"":""polygon"",""all_points_x"":[1211,1266,1382,1380,1284,1208],""all_points_y"":[555,594,684,687,611,557]}",{}
7.png,37748874,{},1273,332,"{""name"":""polygon"",""all_points_x"":[1450,1405,1363,1361,1400,1447],""all_points_y"":[686,659,638,643,662,690]}",{}
7.png,37748874,{},1273,333,"{""name"":""polygon"",""all_points_x"":[1155,1089,1088,1153],""all_points_y"":[654,615,618,658]}",{}
7.png,37748874,{},1273,334,"{""name"":""polygon"",""all_points_x"":[1154,1082,1081,1153],""all_points_y"":[663,629,633,667]}",{}
7.png,37748874,{},1273,335,"{""name"":""polyline"",""all_points_x"":[1228,1232],""all_points_y"":[708,638]}",{}
7.png,37748874,{},1273,336,"{""name"":""polyline"",""all_points_x"":[1208,1212],""all_points_y"":[649,720]}",{}
7.png,37748874,{},1273,337,"{""name"":""polyline"",""all_points_x"":[1179,1218],""all_points_y"":[646,741]}",{}
7.png,37748874,{},1273,338,"{""name"":""polyline"",""all_points_x"":[1160,1207],""all_points_y"":[633,729]}",{}
7.png,37748874,{},1273,339,"{""name"":""polyline"",""all_points_x"":[1199,1156],""all_points_y"":[720,636]}",{}
7.png,37748874,{},1273,340,"{""name"":""polygon"",""all_points_x"":[1474,1412,1361,1363,1434,1474],""all_points_y"":[840,793,755,752,807,836]}",{}
7.png,37748874,{},1273,341,"{""name"":""polyline"",""all_points_x"":[1469,1408],""all_points_y"":[843,818]}",{}
7.png,37748874,{},1273,342,"{""name"":""polygon"",""all_points_x"":[1300,1314,1317,1304],""all_points_y"":[911,810,810,911]}",{}
7.png,37748874,{},1273,343,"{""name"":""polygon"",""all_points_x"":[1124,1104,1083,1087,1112,1126],""all_points_y"":[1011,957,914,913,968,1008]}",{}
7.png,37748874,{},1273,344,"{""name"":""polygon"",""all_points_x"":[1047,1073,1104,1104,1071,1047],""all_points_y"":[882,919,956,963,921,887]}",{}
7.png,37748874,{},1273,345,"{""name"":""polygon"",""all_points_x"":[1051,1075,1106,1105,1071,1051],""all_points_y"":[903,935,968,973,936,909]}",{}
7.png,37748874,{},1273,346,"{""name"":""polygon"",""all_points_x"":[1147,1188,1209,1207,1171,1145],""all_points_y"":[910,988,1032,1033,962,913]}",{}
7.png,37748874,{},1273,347,"{""name"":""polygon"",""all_points_x"":[1114,1155,1202,1201,1164,1113],""all_points_y"":[875,941,1023,1025,964,879]}",{}
7.png,37748874,{},1273,348,"{""name"":""polygon"",""all_points_x"":[1109,1157,1199,1196,1154,1109],""all_points_y"":[899,957,1024,1027,959,903]}",{}
7.png,37748874,{},1273,349,"{""name"":""polygon"",""all_points_x"":[1164,1136,1123,1121,1136,1161],""all_points_y"":[985,952,934,934,957,987]}",{}
7.png,37748874,{},1273,350,"{""name"":""polygon"",""all_points_x"":[1216,1253,1257,1220],""all_points_y"":[1035,915,916,1034]}",{}
7.png,37748874,{},1273,351,"{""name"":""polygon"",""all_points_x"":[1235,1269,1272,1238],""all_points_y"":[1043,987,989,1044]}",{}
7.png,37748874,{},1273,352,"{""name"":""polygon"",""all_points_x"":[1490,1442,1384,1387,1445,1492],""all_points_y"":[950,906,848,845,903,947]}",{}
7.png,37748874,{},1273,353,"{""name"":""polygon"",""all_points_x"":[1467,1515,1557,1560,1512,1472],""all_points_y"":[956,895,842,844,903,959]}",{}
7.png,37748874,{},1273,354,"{""name"":""polygon"",""all_points_x"":[1436,1503,1506,1439],""all_points_y"":[961,884,887,963]}",{}
7.png,37748874,{},1273,355,"{""name"":""polygon"",""all_points_x"":[1494,1423,1427,1497],""all_points_y"":[868,942,946,871]}",{}
7.png,37748874,{},1273,356,"{""name"":""polygon"",""all_points_x"":[1334,1413,1467,1468,1404,1336],""all_points_y"":[1089,1050,1023,1025,1058,1092]}",{}
7.png,37748874,{},1273,357,"{""name"":""polygon"",""all_points_x"":[1321,1430,1464,1501,1501,1454,1386,1322],""all_points_y"":[1108,1091,1082,1076,1072,1081,1093,1104]}",{}
7.png,37748874,{},1273,358,"{""name"":""polyline"",""all_points_x"":[1099,1083,1070,1060],""all_points_y"":[1053,1029,998,957]}",{}
7.png,37748874,{},1273,359,"{""name"":""polygon"",""all_points_x"":[1061,1090,1114,1117,1086,1065],""all_points_y"":[1184,1141,1100,1102,1152,1184]}",{}
7.png,37748874,{},1273,360,"{""name"":""polygon"",""all_points_x"":[1326,1259,1208,1210,1263,1328],""all_points_y"":[1221,1191,1170,1166,1189,1216]}",{}
7.png,37748874,{},1273,361,"{""name"":""polygon"",""all_points_x"":[1182,1223,1253,1255,1216,1185],""all_points_y"":[1189,1127,1084,1087,1145,1189]}",{}
7.png,37748874,{},1273,362,"{""name"":""polygon"",""all_points_x"":[1449,1429,1433,1453],""all_points_y"":[1203,1103,1103,1203]}",{}
7.png,37748874,{},1273,363,"{""name"":""polygon"",""all_points_x"":[1466,1468,1472,1470],""all_points_y"":[1239,1105,1105,1240]}",{}
7.png,37748874,{},1273,364,"{""name"":""polygon"",""all_points_x"":[1547,1530,1535,1553],""all_points_y"":[1137,1038,1038,1137]}",{}
7.png,37748874,{},1273,365,"{""name"":""polygon"",""all_points_x"":[1508,1537,1562,1564,1537,1513],""all_points_y"":[1342,1255,1176,1177,1268,1340]}",{}
7.png,37748874,{},1273,366,"{""name"":""polygon"",""all_points_x"":[1509,1303,1303,1508],""all_points_y"":[1333,1297,1300,1338]}",{}
7.png,37748874,{},1273,367,"{""name"":""polygon"",""all_points_x"":[1002,1057,1127,1127,1067,1004],""all_points_y"":[1293,1273,1243,1245,1273,1296]}",{}
7.png,37748874,{},1273,368,"{""name"":""polygon"",""all_points_x"":[1001,1094,1095,1005],""all_points_y"":[1393,1322,1325,1397]}",{}
7.png,37748874,{},1273,369,"{""name"":""polygon"",""all_points_x"":[1149,1170,1173,1152],""all_points_y"":[1319,1236,1237,1320]}",{}
7.png,37748874,{},1273,370,"{""name"":""polygon"",""all_points_x"":[1087,1170,1172,1091],""all_points_y"":[1422,1324,1327,1424]}",{}
7.png,37748874,{},1273,371,"{""name"":""polygon"",""all_points_x"":[1296,1249,1214,1217,1258,1298],""all_points_y"":[1408,1361,1325,1322,1364,1405]}",{}
7.png,37748874,{},1273,372,"{""name"":""polygon"",""all_points_x"":[1462,1359,1260,1260,1362,1462],""all_points_y"":[1356,1342,1327,1322,1338,1353]}",{}
7.png,37748874,{},1273,373,"{""name"":""polygon"",""all_points_x"":[1200,1224,1238,1239,1218,1203],""all_points_y"":[1272,1230,1209,1210,1246,1272]}",{}
7.png,37748874,{},1273,374,"{""name"":""polygon"",""all_points_x"":[1541,1456,1371,1373,1456,1543],""all_points_y"":[1473,1414,1360,1357,1411,1469]}",{}
7.png,37748874,{},1273,375,"{""name"":""polyline"",""all_points_x"":[1124,1129,1134,1142],""all_points_y"":[1337,1292,1268,1250]}",{}
7.png,37748874,{},1273,376,"{""name"":""polygon"",""all_points_x"":[1307,1237,1173,1173,1242,1304],""all_points_y"":[1440,1434,1431,1425,1430,1437]}",{}
7.png,37748874,{},1273,377,"{""name"":""polygon"",""all_points_x"":[1510,1439,1369,1371,1436,1511],""all_points_y"":[1530,1483,1436,1433,1477,1527]}",{}
7.png,37748874,{},1273,378,"{""name"":""polygon"",""all_points_x"":[1455,1485,1515,1517,1487,1458],""all_points_y"":[1515,1476,1440,1442,1479,1517]}",{}
7.png,37748874,{},1273,379,"{""name"":""polygon"",""all_points_x"":[1336,1261,1184,1184,1249,1333],""all_points_y"":[1512,1503,1497,1494,1500,1508]}",{}
7.png,37748874,{},1273,380,"{""name"":""polygon"",""all_points_x"":[1268,1170,1088,1088,1186,1267],""all_points_y"":[1467,1466,1466,1468,1469,1470]}",{}
7.png,37748874,{},1273,381,"{""name"":""polygon"",""all_points_x"":[1208,1135,1096,1099,1165,1210],""all_points_y"":[1509,1559,1584,1587,1543,1512]}",{}
7.png,37748874,{},1273,382,"{""name"":""polygon"",""all_points_x"":[1248,1203,1158,1161,1215,1249],""all_points_y"":[1716,1631,1556,1554,1646,1711]}",{}
7.png,37748874,{},1273,383,"{""name"":""polygon"",""all_points_x"":[1101,1067,1071,1104],""all_points_y"":[1682,1515,1515,1682]}",{}
7.png,37748874,{},1273,384,"{""name"":""polygon"",""all_points_x"":[1329,1233,1184,1184,1265,1329],""all_points_y"":[1553,1545,1537,1541,1552,1557]}",{}
7.png,37748874,{},1273,385,"{""name"":""polygon"",""all_points_x"":[1202,1250,1301,1303,1250,1206],""all_points_y"":[1706,1634,1558,1560,1639,1706]}",{}
7.png,37748874,{},1273,386,"{""name"":""polygon"",""all_points_x"":[1143,1109,1089,1091,1111,1144],""all_points_y"":[1654,1621,1591,1590,1618,1650]}",{}
7.png,37748874,{},1273,387,"{""name"":""polygon"",""all_points_x"":[1220,1274,1321,1323,1267,1224],""all_points_y"":[1711,1657,1607,1609,1668,1711]}",{}
7.png,37748874,{},1273,388,"{""name"":""polygon"",""all_points_x"":[1164,1058,1016,1016,1165],""all_points_y"":[1631,1649,1656,1660,1634]}",{}
7.png,37748874,{},1273,389,"{""name"":""polygon"",""all_points_x"":[1200,1145,1041,1041,1150,1200],""all_points_y"":[1650,1642,1630,1626,1639,1647]}",{}
7.png,37748874,{},1273,390,"{""name"":""polygon"",""all_points_x"":[1066,969,967,1064],""all_points_y"":[1549,1516,1519,1554]}",{}
7.png,37748874,{},1273,391,"{""name"":""polygon"",""all_points_x"":[1556,1509,1452,1452,1501,1555],""all_points_y"":[1616,1612,1610,1614,1615,1619]}",{}
7.png,37748874,{},1273,392,"{""name"":""polygon"",""all_points_x"":[1265,1184,1145,1109,1109,1169,1263],""all_points_y"":[1471,1472,1474,1478,1481,1475,1473]}",{}
7.png,37748874,{},1273,393,"{""name"":""polygon"",""all_points_x"":[1420,1419,1422,1424],""all_points_y"":[1750,1631,1631,1751]}",{}
7.png,37748874,{},1273,394,"{""name"":""polygon"",""all_points_x"":[1547,1481,1482,1548],""all_points_y"":[1690,1696,1700,1696]}",{}
7.png,37748874,{},1273,395,"{""name"":""polygon"",""all_points_x"":[1174,1106,1106,1173],""all_points_y"":[1743,1745,1750,1748]}",{}
7.png,37748874,{},1273,396,"{""name"":""polyline"",""all_points_x"":[1300,1202],""all_points_y"":[1745,1760]}",{}
7.png,37748874,{},1273,397,"{""name"":""polygon"",""all_points_x"":[1472,1454,1436,1438,1458,1474],""all_points_y"":[1802,1734,1654,1654,1739,1799]}",{}
7.png,37748874,{},1273,398,"{""name"":""polygon"",""all_points_x"":[1320,1350,1353,1325],""all_points_y"":[1803,1700,1703,1803]}",{}
7.png,37748874,{},1273,399,"{""name"":""polygon"",""all_points_x"":[1282,1334,1336,1286],""all_points_y"":[1807,1733,1736,1807]}",{}
7.png,37748874,{},1273,400,"{""name"":""polygon"",""all_points_x"":[1376,1370,1367,1370,1374,1379],""all_points_y"":[1861,1790,1729,1729,1793,1860]}",{}
7.png,37748874,{},1273,401,"{""name"":""polygon"",""all_points_x"":[1400,1387,1378,1381,1392,1405],""all_points_y"":[1832,1786,1745,1744,1792,1830]}",{}
7.png,37748874,{},1273,402,"{""name"":""polygon"",""all_points_x"":[1225,1172,1138,1114,1114,1151,1187,1227],""all_points_y"":[1789,1776,1771,1768,1765,1770,1776,1786]}",{}
7.png,37748874,{},1273,403,"{""name"":""polygon"",""all_points_x"":[1272,1215,1159,1159,1225,1272],""all_points_y"":[1704,1703,1704,1701,1700,1701]}",{}
7.png,37748874,{},1273,404,"{""name"":""polygon"",""all_points_x"":[1140,1173,1212,1214,1176,1144],""all_points_y"":[2022,1936,1850,1851,1940,2020]}",{}
7.png,37748874,{},1273,405,"{""name"":""polygon"",""all_points_x"":[1405,1333,1275,1274,1333,1403],""all_points_y"":[1888,1869,1855,1857,1873,1890]}",{}
7.png,37748874,{},1273,406,"{""name"":""polygon"",""all_points_x"":[1417,1395,1376,1379,1401,1422],""all_points_y"":[1999,1908,1824,1824,1918,1997]}",{}
7.png,37748874,{},1273,407,"{""name"":""polygon"",""all_points_x"":[1485,1523,1557,1559,1519,1488],""all_points_y"":[1968,1918,1869,1871,1926,1968]}",{}
7.png,37748874,{},1273,408,"{""name"":""polygon"",""all_points_x"":[1559,1559,1560,1563,1562,1561],""all_points_y"":[2016,1933,1876,1877,1938,2012]}",{}
7.png,37748874,{},1273,409,"{""name"":""polygon"",""all_points_x"":[1173,1202,1205,1177],""all_points_y"":[2069,1988,1988,2069]}",{}
7.png,37748874,{},1273,410,"{""name"":""polygon"",""all_points_x"":[1160,1180,1182,1164],""all_points_y"":[2071,2001,2002,2071]}",{}
7.png,37748874,{},1273,411,"{""name"":""polygon"",""all_points_x"":[1165,1166,1169,1172,1168,1168],""all_points_y"":[2145,2080,2010,2010,2106,2143]}",{}
7.png,37748874,{},1273,412,"{""name"":""polygon"",""all_points_x"":[1273,1248,1230,1233,1256,1276],""all_points_y"":[2123,2032,1964,1962,2049,2122]}",{}
7.png,37748874,{},1273,413,"{""name"":""polygon"",""all_points_x"":[1275,1254,1234,1236,1258,1276],""all_points_y"":[2057,1993,1928,1928,2001,2055]}",{}
7.png,37748874,{},1273,414,"{""name"":""polygon"",""all_points_x"":[1199,1222,1252,1254,1230,1202],""all_points_y"":[1922,1883,1830,1830,1874,1922]}",{}
7.png,37748874,{},1273,415,"{""name"":""polygon"",""all_points_x"":[1215,1172,1125,1125,1161,1213],""all_points_y"":[1821,1817,1816,1819,1820,1824]}",{}
7.png,37748874,{},1273,416,"{""name"":""polygon"",""all_points_x"":[1446,1443,1440,1436,1440,1445,1447,1450],""all_points_y"":[2019,1963,1923,1886,1886,1940,1985,2018]}",{}
7.png,37748874,{},1273,417,"{""name"":""polygon"",""all_points_x"":[1437,1444,1444,1447,1444,1441],""all_points_y"":[2179,2082,2032,2032,2117,2178]}",{}
7.png,37748874,{},1273,418,"{""name"":""polygon"",""all_points_x"":[1489,1497,1500,1492],""all_points_y"":[2028,1956,1957,2027]}",{}
7.png,37748874,{},1273,419,"{""name"":""polygon"",""all_points_x"":[1396,1366,1343,1348,1380,1399],""all_points_y"":[2167,2081,2014,2012,2109,2164]}",{}
7.png,37748874,{},1273,420,"{""name"":""polygon"",""all_points_x"":[1386,1364,1342,1347,1366,1388],""all_points_y"":[2172,2108,2028,2027,2099,2165]}",{}
7.png,37748874,{},1273,421,"{""name"":""polygon"",""all_points_x"":[1163,1145,1130,1133,1149,1165],""all_points_y"":[2216,2156,2090,2090,2158,2213]}",{}
7.png,37748874,{},1273,422,"{""name"":""polygon"",""all_points_x"":[1544,1557,1560,1548],""all_points_y"":[2133,2056,2056,2133]}",{}
7.png,37748874,{},1273,423,"{""name"":""polyline"",""all_points_x"":[1527,1531],""all_points_y"":[2111,2014]}",{}
7.png,37748874,{},1273,424,"{""name"":""polyline"",""all_points_x"":[1530,1534],""all_points_y"":[2099,2018]}",{}
7.png,37748874,{},1273,425,"{""name"":""polygon"",""all_points_x"":[1389,1346,1282,1282,1346,1387],""all_points_y"":[1897,1897,1897,1893,1894,1894]}",{}
7.png,37748874,{},1273,426,"{""name"":""polygon"",""all_points_x"":[1088,1129,1155,1157,1120,1091],""all_points_y"":[1960,1923,1901,1903,1935,1962]}",{}
7.png,37748874,{},1273,427,"{""name"":""polygon"",""all_points_x"":[1111,1108,1113,1114],""all_points_y"":[2257,2160,2160,2256]}",{}
7.png,37748874,{},1273,428,"{""name"":""polygon"",""all_points_x"":[1222,1221,1224,1226],""all_points_y"":[2346,2226,2226,2346]}",{}
7.png,37748874,{},1273,429,"{""name"":""polygon"",""all_points_x"":[1301,1373,1374,1304],""all_points_y"":[2271,2227,2228,2273]}",{}
7.png,37748874,{},1273,430,"{""name"":""polygon"",""all_points_x"":[1253,1250,1250,1255,1255,1257],""all_points_y"":[2268,2198,2158,2158,2211,2266]}",{}
7.png,37748874,{},1273,431,"{""name"":""polygon"",""all_points_x"":[1318,1317,1320,1321],""all_points_y"":[2196,2100,2100,2197]}",{}
7.png,37748874,{},1273,432,"{""name"":""polygon"",""all_points_x"":[1469,1464,1468,1472],""all_points_y"":[2266,2160,2160,2265]}",{}
7.png,37748874,{},1273,433,"{""name"":""polygon"",""all_points_x"":[1477,1479,1478,1481,1481,1480],""all_points_y"":[2179,2142,2111,2111,2146,2178]}",{}
7.png,37748874,{},1273,434,"{""name"":""polygon"",""all_points_x"":[1496,1529,1532,1500],""all_points_y"":[2260,2178,2180,2262]}",{}
7.png,37748874,{},1273,435,"{""name"":""polygon"",""all_points_x"":[1524,1495,1499,1528],""all_points_y"":[2164,2241,2242,2166]}",{}
7.png,37748874,{},1273,436,"{""name"":""polygon"",""all_points_x"":[1441,1466,1470,1446],""all_points_y"":[2359,2267,2268,2358]}",{}
7.png,37748874,{},1273,437,"{""name"":""polygon"",""all_points_x"":[1482,1484,1488,1485],""all_points_y"":[2173,2110,2110,2173]}",{}
7.png,37748874,{},1273,438,"{""name"":""polygon"",""all_points_x"":[1350,1341,1346,1353],""all_points_y"":[2097,2034,2034,2095]}",{}
7.png,37748874,{},1273,439,"{""name"":""polygon"",""all_points_x"":[1163,1206,1209,1167],""all_points_y"":[2305,2224,2227,2306]}",{}
7.png,37748874,{},1273,440,"{""name"":""polygon"",""all_points_x"":[1214,1210,1213,1217],""all_points_y"":[2338,2218,2218,2336]}",{}
7.png,37748874,{},1273,441,"{""name"":""polygon"",""all_points_x"":[1098,1083,1087,1100],""all_points_y"":[2282,2209,2208,2279]}",{}
7.png,37748874,{},1273,442,"{""name"":""polyline"",""all_points_x"":[1510,1515,1521],""all_points_y"":[2368,2334,2293]}",{}
7.png,37748874,{},1273,443,"{""name"":""polygon"",""all_points_x"":[1540,1560,1564,1543],""all_points_y"":[2246,2200,2201,2248]}",{}
7.png,37748874,{},1273,444,"{""name"":""polygon"",""all_points_x"":[1120,1142,1164,1167,1141,1125],""all_points_y"":[2431,2360,2277,2277,2376,2431]}",{}
7.png,37748874,{},1273,445,"{""name"":""polygon"",""all_points_x"":[1150,1163,1165,1153],""all_points_y"":[2288,2435,2435,2287]}",{}
7.png,37748874,{},1273,446,"{""name"":""polygon"",""all_points_x"":[1382,1403,1406,1385],""all_points_y"":[2364,2280,2282,2364]}",{}
7.png,37748874,{},1273,447,"{""name"":""polygon"",""all_points_x"":[1155,1142,1127,1129,1143,1157],""all_points_y"":[2209,2171,2114,2112,2165,2205]}",{}
7.png,37748874,{},1273,448,"{""name"":""polygon"",""all_points_x"":[1289,1287,1289,1293,1291,1292],""all_points_y"":[2259,2209,2170,2170,2214,2257]}",{}
7.png,37748874,{},1273,449,"{""name"":""polygon"",""all_points_x"":[1058,1069,1074,1077,1067,1063],""all_points_y"":[2563,2494,2465,2466,2530,2560]}",{}
7.png,37748874,{},1273,450,"{""name"":""polygon"",""all_points_x"":[1129,1138,1141,1132],""all_points_y"":[2510,2413,2414,2511]}",{}
7.png,37748874,{},1273,451,"{""name"":""polygon"",""all_points_x"":[1170,1184,1198,1201,1186,1173],""all_points_y"":[2510,2456,2388,2389,2458,2509]}",{}
7.png,37748874,{},1273,452,"{""name"":""polygon"",""all_points_x"":[1247,1258,1274,1278,1260,1251],""all_points_y"":[2438,2394,2326,2326,2400,2437]}",{}
7.png,37748874,{},1273,453,"{""name"":""polygon"",""all_points_x"":[1371,1374,1373,1376,1377,1375],""all_points_y"":[2481,2407,2335,2335,2421,2479]}",{}
7.png,37748874,{},1273,454,"{""name"":""polygon"",""all_points_x"":[1364,1399,1427,1430,1394,1369],""all_points_y"":[2604,2539,2483,2485,2560,2606]}",{}
7.png,37748874,{},1273,455,"{""name"":""polygon"",""all_points_x"":[1577,1563,1567,1580],""all_points_y"":[2536,2437,2437,2534]}",{}
7.png,37748874,{},1273,456,"{""name"":""polygon"",""all_points_x"":[1284,1308,1312,1287],""all_points_y"":[2555,2433,2434,2553]}",{}
7.png,37748874,{},1273,457,"{""name"":""polygon"",""all_points_x"":[1431,1437,1441,1444,1440,1435],""all_points_y"":[2631,2571,2530,2530,2586,2629]}",{}
7.png,37748874,{},1273,458,"{""name"":""polygon"",""all_points_x"":[1127,1155,1183,1184,1160,1130],""all_points_y"":[2658,2617,2570,2570,2611,2659]}",{}
7.png,37748874,{},1273,459,"{""name"":""polygon"",""all_points_x"":[1132,1147,1150,1135],""all_points_y"":[2559,2519,2520,2558]}",{}
7.png,37748874,{},1273,460,"{""name"":""polyline"",""all_points_x"":[1126,1140,1155],""all_points_y"":[2609,2574,2529]}",{}
7.png,37748874,{},1273,461,"{""name"":""polygon"",""all_points_x"":[1177,1168,1162,1164,1172,1179],""all_points_y"":[2651,2575,2531,2531,2583,2648]}",{}
7.png,37748874,{},1273,462,"{""name"":""polygon"",""all_points_x"":[1144,1181,1185,1148],""all_points_y"":[2614,2530,2531,2615]}",{}
7.png,37748874,{},1273,463,"{""name"":""polygon"",""all_points_x"":[1178,1200,1214,1225,1227,1215,1189,1181],""all_points_y"":[2620,2580,2552,2524,2525,2556,2606,2621]}",{}
7.png,37748874,{},1273,464,"{""name"":""polygon"",""all_points_x"":[1212,1251,1253,1214],""all_points_y"":[2637,2559,2560,2637]}",{}
7.png,37748874,{},1273,465,"{""name"":""polygon"",""all_points_x"":[1308,1323,1335,1338,1325,1311],""all_points_y"":[2653,2604,2558,2559,2607,2653]}",{}
7.png,37748874,{},1273,466,"{""name"":""polygon"",""all_points_x"":[1297,1300,1299,1302,1302,1301],""all_points_y"":[2735,2674,2623,2623,2676,2734]}",{}
7.png,37748874,{},1273,467,"{""name"":""polygon"",""all_points_x"":[1151,1217,1266,1265,1205,1149],""all_points_y"":[2722,2733,2739,2743,2735,2726]}",{}
7.png,37748874,{},1273,468,"{""name"":""polygon"",""all_points_x"":[1498,1518,1521,1501],""all_points_y"":[2642,2601,2603,2644]}",{}
7.png,37748874,{},1273,469,"{""name"":""polygon"",""all_points_x"":[1268,1279,1289,1293,1287,1272],""all_points_y"":[2573,2515,2421,2421,2480,2573]}",{}
7.png,37748874,{},1273,470,"{""name"":""polygon"",""all_points_x"":[1087,1105,1108,1091],""all_points_y"":[2745,2663,2664,2744]}",{}
7.png,37748874,{},1273,471,"{""name"":""polygon"",""all_points_x"":[1146,1170,1192,1195,1170,1150],""all_points_y"":[2704,2667,2630,2631,2674,2704]}",{}
7.png,37748874,{},1273,472,"{""name"":""polygon"",""all_points_x"":[1150,1163,1179,1182,1164,1154],""all_points_y"":[2675,2642,2606,2608,2648,2673]}",{}
7.png,37748874,{},1273,473,"{""name"":""polyline"",""all_points_x"":[1451,1438,1431,1427],""all_points_y"":[2606,2643,2669,2684]}",{}
7.png,37748874,{},1273,474,"{""name"":""polyline"",""all_points_x"":[1432,1471],""all_points_y"":[2685,2598]}",{}
7.png,37748874,{},1273,475,"{""name"":""polyline"",""all_points_x"":[1442,1470],""all_points_y"":[2681,2631]}",{}
7.png,37748874,{},1273,476,"{""name"":""polyline"",""all_points_x"":[1440,1465],""all_points_y"":[2680,2626]}",{}
7.png,37748874,{},1273,477,"{""name"":""polygon"",""all_points_x"":[1270,1290,1293,1273],""all_points_y"":[2672,2614,2616,2672]}",{}
7.png,37748874,{},1273,478,"{""name"":""polygon"",""all_points_x"":[1135,1123,1125,1137],""all_points_y"":[2674,2582,2582,2671]}",{}
7.png,37748874,{},1273,479,"{""name"":""polygon"",""all_points_x"":[1500,1481,1484,1503],""all_points_y"":[2862,2767,2767,2861]}",{}
7.png,37748874,{},1273,480,"{""name"":""polygon"",""all_points_x"":[1269,1280,1293,1303,1315,1326,1329,1317,1299,1289,1271],""all_points_y"":[2601,2594,2580,2558,2528,2495,2496,2537,2578,2590,2606]}",{}
7.png,37748874,{},1273,481,"{""name"":""polygon"",""all_points_x"":[1455,1474,1482,1485,1472,1459],""all_points_y"":[2493,2442,2421,2424,2459,2492]}",{}
7.png,37748874,{},1273,482,"{""name"":""polyline"",""all_points_x"":[1348,1357,1366,1372],""all_points_y"":[2472,2446,2424,2407]}",{}
7.png,37748874,{},1273,483,"{""name"":""polyline"",""all_points_x"":[967,968,972,972,971,973,973],""all_points_y"":[2518,2498,2490,2462,2444,2430,2394]}",{}
7.png,37748874,{},1273,484,"{""name"":""polygon"",""all_points_x"":[1194,1199,1207,1209,1203,1196],""all_points_y"":[2537,2513,2488,2488,2510,2536]}",{}
7.png,37748874,{},1273,485,"{""name"":""polygon"",""all_points_x"":[1035,1027,1030,1039],""all_points_y"":[2588,2637,2638,2588]}",{}
7.png,37748874,{},1273,486,"{""name"":""polyline"",""all_points_x"":[1046,1056,1069],""all_points_y"":[2761,2718,2673]}",{}
7.png,37748874,{},1273,487,"{""name"":""polygon"",""all_points_x"":[1104,1149,1152,1107],""all_points_y"":[2864,2794,2797,2865]}",{}
7.png,37748874,{},1273,488,"{""name"":""polygon"",""all_points_x"":[1014,1055,1057,1018],""all_points_y"":[2934,2848,2850,2935]}",{}
7.png,37748874,{},1273,489,"{""name"":""polygon"",""all_points_x"":[1016,1009,996,993,1006,1012],""all_points_y"":[3071,3055,3018,3020,3058,3070]}",{}
7.png,37748874,{},1273,490,"{""name"":""polygon"",""all_points_x"":[1301,1289,1293,1306],""all_points_y"":[2889,2810,2810,2887]}",{}
7.png,37748874,{},1273,491,"{""name"":""polygon"",""all_points_x"":[1059,1135,1137,1066],""all_points_y"":[3044,2962,2964,3042]}",{}
7.png,37748874,{},1273,492,"{""name"":""polygon"",""all_points_x"":[1184,1200,1204,1187],""all_points_y"":[2825,2782,2782,2825]}",{}
7.png,37748874,{},1273,493,"{""name"":""polygon"",""all_points_x"":[1126,1150,1167,1170,1148,1129],""all_points_y"":[2921,2886,2863,2865,2893,2922]}",{}
7.png,37748874,{},1273,494,"{""name"":""polygon"",""all_points_x"":[1089,1105,1109,1092],""all_points_y"":[3057,2965,2967,3056]}",{}
7.png,37748874,{},1273,495,"{""name"":""polygon"",""all_points_x"":[1110,1098,1102,1112],""all_points_y"":[2968,3046,3046,2969]}",{}
7.png,37748874,{},1273,496,"{""name"":""polyline"",""all_points_x"":[1166,1206,1236],""all_points_y"":[2987,2941,2902]}",{}
7.png,37748874,{},1273,497,"{""name"":""polygon"",""all_points_x"":[1513,1535,1559,1561,1539,1516],""all_points_y"":[3070,3009,2944,2946,3010,3071]}",{}
7.png,37748874,{},1273,498,"{""name"":""polygon"",""all_points_x"":[1387,1415,1439,1444,1418,1392],""all_points_y"":[2835,2791,2751,2754,2792,2837]}",{}
7.png,37748874,{},1273,499,"{""name"":""polygon"",""all_points_x"":[1370,1412,1415,1374],""all_points_y"":[2831,2777,2780,2832]}",{}
7.png,37748874,{},1273,500,"{""name"":""polygon"",""all_points_x"":[1387,1352,1302,1306,1356,1388],""all_points_y"":[2754,2792,2849,2852,2794,2757]}",{}
7.png,37748874,{},1273,501,"{""name"":""polyline"",""all_points_x"":[1309,1331,1354,1374],""all_points_y"":[2807,2777,2749,2728]}",{}
7.png,37748874,{},1273,502,"{""name"":""polygon"",""all_points_x"":[1379,1422,1424,1382],""all_points_y"":[2787,2739,2741,2789]}",{}
7.png,37748874,{},1273,503,"{""name"":""polygon"",""all_points_x"":[1252,1217,1189,1175,1173,1200,1220,1248],""all_points_y"":[2766,2826,2864,2884,2883,2844,2813,2763]}",{}
7.png,37748874,{},1273,504,"{""name"":""polygon"",""all_points_x"":[1220,1229,1237,1240,1233,1224],""all_points_y"":[2753,2691,2645,2645,2689,2753]}",{}
7.png,37748874,{},1273,505,"{""name"":""polygon"",""all_points_x"":[1099,1131,1136,1101],""all_points_y"":[2904,2853,2856,2905]}",{}
7.png,37748874,{},1273,506,"{""name"":""polygon"",""all_points_x"":[911,937,961,971,970,957,938,910],""all_points_y"":[2910,2918,2924,2930,2933,2926,2923,2912]}",{}
7.png,37748874,{},1273,507,"{""name"":""polyline"",""all_points_x"":[1210,1219],""all_points_y"":[2804,2740]}",{}
7.png,37748874,{},1273,508,"{""name"":""polygon"",""all_points_x"":[975,990,993,977],""all_points_y"":[2459,2421,2423,2461]}",{}
7.png,37748874,{},1273,509,"{""name"":""polygon"",""all_points_x"":[1386,1427,1429,1387],""all_points_y"":[2331,2386,2384,2330]}",{}
7.png,37748874,{},1273,510,"{""name"":""polygon"",""all_points_x"":[1416,1359,1359,1417],""all_points_y"":[495,489,484,491]}",{}
7.png,37748874,{},1273,511,"{""name"":""polygon"",""all_points_x"":[1240,1261,1280,1281,1265,1244],""all_points_y"":[1272,1235,1196,1196,1235,1272]}",{}
7.png,37748874,{},1273,512,"{""name"":""polygon"",""all_points_x"":[1442,1407,1376,1377,1415,1443],""all_points_y"":[1450,1445,1442,1438,1443,1446]}",{}
7.png,37748874,{},1273,513,"{""name"":""polygon"",""all_points_x"":[1367,1295,1296,1367],""all_points_y"":[1433,1425,1421,1430]}",{}
7.png,37748874,{},1273,514,"{""name"":""polygon"",""all_points_x"":[1641,1560,1492,1451,1451,1519,1583,1641],""all_points_y"":[212,188,169,157,153,173,189,208]}",{}
7.png,37748874,{},1273,515,"{""name"":""polygon"",""all_points_x"":[1589,1528,1496,1475,1474,1513,1553,1585],""all_points_y"":[292,247,224,209,212,240,270,293]}",{}
7.png,37748874,{},1273,516,"{""name"":""polygon"",""all_points_x"":[1755,1712,1706,1698,1732,1753],""all_points_y"":[31,3,0,0,22,34]}",{}
7.png,37748874,{},1273,517,"{""name"":""polygon"",""all_points_x"":[1855,1812,1765,1718,1719,1750,1796,1815,1855],""all_points_y"":[99,80,65,48,44,57,72,77,95]}",{}
7.png,37748874,{},1273,518,"{""name"":""polygon"",""all_points_x"":[1762,1736,1699,1698,1736,1761],""all_points_y"":[128,132,139,136,129,125]}",{}
7.png,37748874,{},1273,519,"{""name"":""polygon"",""all_points_x"":[1532,1605,1679,1680,1614,1534],""all_points_y"":[300,316,330,326,313,297]}",{}
7.png,37748874,{},1273,520,"{""name"":""polygon"",""all_points_x"":[1726,1787,1842,1840,1792,1726],""all_points_y"":[228,211,196,193,206,226]}",{}
7.png,37748874,{},1273,521,"{""name"":""polygon"",""all_points_x"":[1826,1777,1725,1728,1769,1828],""all_points_y"":[185,201,220,223,208,190]}",{}
7.png,37748874,{},1273,522,"{""name"":""polygon"",""all_points_x"":[1804,1709,1600,1600,1696,1804],""all_points_y"":[550,533,512,516,535,555]}",{}
7.png,37748874,{},1273,523,"{""name"":""polygon"",""all_points_x"":[1794,1747,1613,1613,1700,1794],""all_points_y"":[522,507,466,463,489,519]}",{}
7.png,37748874,{},1273,524,"{""name"":""polygon"",""all_points_x"":[1887,1961,2031,2030,1962,1880],""all_points_y"":[490,531,567,570,536,491]}",{}
7.png,37748874,{},1273,525,"{""name"":""polygon"",""all_points_x"":[1856,1847,1840,1844,1851,1858],""all_points_y"":[681,632,588,588,637,678]}",{}
7.png,37748874,{},1273,526,"{""name"":""polyline"",""all_points_x"":[1814,1765,1732,1719,1691],""all_points_y"":[526,491,467,454,442]}",{}
7.png,37748874,{},1273,527,"{""name"":""polygon"",""all_points_x"":[1955,1966,1977,1979,1971,1958],""all_points_y"":[587,546,485,486,535,586]}",{}
7.png,37748874,{},1273,528,"{""name"":""polygon"",""all_points_x"":[1904,1953,1995,1996,1954,1905],""all_points_y"":[511,540,561,558,536,508]}",{}
7.png,37748874,{},1273,529,"{""name"":""polygon"",""all_points_x"":[1670,1617,1573,1573,1617,1669],""all_points_y"":[603,592,583,580,589,600]}",{}
7.png,37748874,{},1273,530,"{""name"":""polygon"",""all_points_x"":[1925,1862,1812,1814,1925],""all_points_y"":[611,584,563,560,608]}",{}
7.png,37748874,{},1273,531,"{""name"":""polygon"",""all_points_x"":[1934,1930,1932,1937],""all_points_y"":[609,479,479,605]}",{}
7.png,37748874,{},1273,532,"{""name"":""polygon"",""all_points_x"":[1943,1989,2055,2055,1986,1944],""all_points_y"":[598,599,601,595,594,595]}",{}
7.png,37748874,{},1273,533,"{""name"":""polygon"",""all_points_x"":[1814,1770,1744,1746,1780,1816],""all_points_y"":[628,593,575,572,596,623]}",{}
7.png,37748874,{},1273,534,"{""name"":""polygon"",""all_points_x"":[1682,1639,1641,1685],""all_points_y"":[712,658,656,709]}",{}
7.png,37748874,{},1273,535,"{""name"":""polygon"",""all_points_x"":[1739,1586,1587,1742],""all_points_y"":[652,633,628,649]}",{}
7.png,37748874,{},1273,536,"{""name"":""polygon"",""all_points_x"":[1834,1867,1928,1928,1873,1836],""all_points_y"":[694,690,682,686,692,697]}",{}
7.png,37748874,{},1273,537,"{""name"":""polygon"",""all_points_x"":[1931,1889,1853,1855,1932],""all_points_y"":[672,660,649,645,669]}",{}
7.png,37748874,{},1273,538,"{""name"":""polygon"",""all_points_x"":[1938,1954,1972,1975,1958,1942],""all_points_y"":[650,704,763,761,702,651]}",{}
7.png,37748874,{},1273,539,"{""name"":""polygon"",""all_points_x"":[1998,1976,1955,1958,1981,2002],""all_points_y"":[751,699,654,653,702,749]}",{}
7.png,37748874,{},1273,540,"{""name"":""polygon"",""all_points_x"":[2006,1968,1937,1940,1965,2007],""all_points_y"":[704,654,609,606,643,701]}",{}
7.png,37748874,{},1273,541,"{""name"":""polygon"",""all_points_x"":[2064,1992,1963,1962,2006,2059],""all_points_y"":[731,714,707,711,720,734]}",{}
7.png,37748874,{},1273,542,"{""name"":""polygon"",""all_points_x"":[1602,1665,1667,1602],""all_points_y"":[719,727,723,717]}",{}
7.png,37748874,{},1273,543,"{""name"":""polygon"",""all_points_x"":[1644,1666,1696,1738,1742,1703,1672,1647],""all_points_y"":[882,859,832,787,788,829,858,883]}",{}
7.png,37748874,{},1273,544,"{""name"":""polygon"",""all_points_x"":[1667,1629,1584,1561,1543,1543,1562,1605,1641,1667],""all_points_y"":[546,548,550,551,555,558,553,553,550,549]}",{}
7.png,37748874,{},1273,545,"{""name"":""polygon"",""all_points_x"":[1770,1778,1786,1790,1782,1774],""all_points_y"":[967,930,880,880,931,967]}",{}
7.png,37748874,{},1273,546,"{""name"":""polygon"",""all_points_x"":[1786,1806,1829,1832,1809,1789],""all_points_y"":[971,920,869,872,924,971]}",{}
7.png,37748874,{},1273,547,"{""name"":""polygon"",""all_points_x"":[1833,1817,1797,1794,1810,1830],""all_points_y"":[882,921,965,964,929,882]}",{}
7.png,37748874,{},1273,548,"{""name"":""polygon"",""all_points_x"":[1696,1633,1575,1577,1626,1698],""all_points_y"":[1047,1017,987,983,1010,1045]}",{}
7.png,37748874,{},1273,549,"{""name"":""polygon"",""all_points_x"":[1677,1710,1739,1744,1710,1681],""all_points_y"":[1084,1032,984,986,1039,1084]}",{}
7.png,37748874,{},1273,550,"{""name"":""polygon"",""all_points_x"":[1859,1886,1910,1912,1887,1864],""all_points_y"":[913,866,820,821,871,914]}",{}
7.png,37748874,{},1273,551,"{""name"":""polygon"",""all_points_x"":[1886,1904,1921,1925,1905,1888],""all_points_y"":[915,863,811,812,867,916]}",{}
7.png,37748874,{},1273,552,"{""name"":""polygon"",""all_points_x"":[1892,1917,1929,1937,1939,1927,1905,1895],""all_points_y"":[927,875,841,826,827,855,905,927]}",{}
7.png,37748874,{},1273,553,"{""name"":""polygon"",""all_points_x"":[1939,1918,1898,1902,1916,1940],""all_points_y"":[834,885,924,926,893,835]}",{}
7.png,37748874,{},1273,554,"{""name"":""polygon"",""all_points_x"":[1879,1912,1966,1968,1914,1881],""all_points_y"":[902,869,815,818,871,904]}",{}
7.png,37748874,{},1273,555,"{""name"":""polygon"",""all_points_x"":[2005,1958,1903,1906,1970,2007],""all_points_y"":[845,888,938,940,882,847]}",{}
7.png,37748874,{},1273,556,"{""name"":""polygon"",""all_points_x"":[1904,1957,2016,2017,1949,1906],""all_points_y"":[928,906,882,885,912,930]}",{}
7.png,37748874,{},1273,557,"{""name"":""polygon"",""all_points_x"":[2014,2002,1993,1988,1990,1997,2016],""all_points_y"":[940,983,1017,1039,1040,1013,942]}",{}
7.png,37748874,{},1273,558,"{""name"":""polygon"",""all_points_x"":[1982,1995,1999,1985],""all_points_y"":[1035,984,985,1035]}",{}
7.png,37748874,{},1273,559,"{""name"":""polygon"",""all_points_x"":[1825,1782,1736,1736,1778,1823],""all_points_y"":[684,682,679,682,684,688]}",{}
7.png,37748874,{},1273,560,"{""name"":""polygon"",""all_points_x"":[2013,1990,1971,1962,1966,1988,2015],""all_points_y"":[745,700,666,652,650,688,742]}",{}
7.png,37748874,{},1273,561,"{""name"":""polygon"",""all_points_x"":[1417,1480,1477,1415],""all_points_y"":[786,831,834,787]}",{}
7.png,37748874,{},1273,562,"{""name"":""polygon"",""all_points_x"":[1715,1649,1602,1549,1549,1626,1716],""all_points_y"":[1149,1121,1099,1073,1069,1106,1145]}",{}
7.png,37748874,{},1273,563,"{""name"":""polygon"",""all_points_x"":[1847,1811,1788,1785,1814,1843],""all_points_y"":[1063,1018,988,991,1029,1064]}",{}
7.png,37748874,{},1273,564,"{""name"":""polygon"",""all_points_x"":[1777,1824,1863,1865,1827,1783],""all_points_y"":[1156,1101,1042,1045,1104,1157]}",{}
7.png,37748874,{},1273,565,"{""name"":""polygon"",""all_points_x"":[1803,1836,1855,1858,1831,1808],""all_points_y"":[1179,1109,1071,1072,1129,1178]}",{}
7.png,37748874,{},1273,566,"{""name"":""polygon"",""all_points_x"":[1752,1796,1833,1832,1791,1751],""all_points_y"":[1062,1072,1078,1081,1074,1065]}",{}
7.png,37748874,{},1273,567,"{""name"":""polygon"",""all_points_x"":[2010,1971,1933,1932,1968,2009],""all_points_y"":[1157,1148,1134,1139,1152,1162]}",{}
7.png,37748874,{},1273,568,"{""name"":""polygon"",""all_points_x"":[1966,1921,1809,1765,1748,1748,1826,1965],""all_points_y"":[1086,1087,1086,1088,1088,1086,1083,1082]}",{}
7.png,37748874,{},1273,569,"{""name"":""polygon"",""all_points_x"":[1966,1914,1918,1968],""all_points_y"":[1024,990,988,1019]}",{}
7.png,37748874,{},1273,570,"{""name"":""polygon"",""all_points_x"":[1965,2004,2006,1968],""all_points_y"":[946,897,901,948]}",{}
7.png,37748874,{},1273,571,"{""name"":""polygon"",""all_points_x"":[1849,1777,1739,1677,1678,1708,1752,1849],""all_points_y"":[1197,1189,1183,1173,1171,1174,1182,1194]}",{}
7.png,37748874,{},1273,572,"{""name"":""polygon"",""all_points_x"":[1865,1816,1769,1688,1658,1659,1708,1777,1817,1865],""all_points_y"":[1211,1208,1201,1187,1181,1177,1187,1199,1204,1207]}",{}
7.png,37748874,{},1273,573,"{""name"":""polygon"",""all_points_x"":[1880,1861,1864,1883],""all_points_y"":[1196,1138,1137,1190]}",{}
7.png,37748874,{},1273,574,"{""name"":""polygon"",""all_points_x"":[1610,1564,1505,1467,1467,1507,1566,1610],""all_points_y"":[1227,1240,1253,1259,1254,1248,1235,1225]}",{}
7.png,37748874,{},1273,575,"{""name"":""polygon"",""all_points_x"":[1517,1543,1590,1593,1522],""all_points_y"":[1242,1217,1168,1169,1242]}",{}
7.png,37748874,{},1273,576,"{""name"":""polygon"",""all_points_x"":[1656,1613,1564,1514,1515,1557,1622,1657],""all_points_y"":[1316,1306,1293,1278,1275,1287,1305,1312]}",{}
7.png,37748874,{},1273,577,"{""name"":""polygon"",""all_points_x"":[1904,1859,1822,1824,1862,1903],""all_points_y"":[961,944,925,921,941,957]}",{}
7.png,37748874,{},1273,578,"{""name"":""polygon"",""all_points_x"":[1757,1716,1718,1760],""all_points_y"":[883,955,957,885]}",{}
7.png,37748874,{},1273,579,"{""name"":""polygon"",""all_points_x"":[2043,2007,1989,1972,1975,2010,2048],""all_points_y"":[1402,1320,1279,1235,1234,1318,1400]}",{}
7.png,37748874,{},1273,580,"{""name"":""polygon"",""all_points_x"":[1628,1672,1708,1709,1671,1631],""all_points_y"":[1246,1218,1193,1194,1220,1247]}",{}
7.png,37748874,{},1273,581,"{""name"":""polygon"",""all_points_x"":[1614,1659,1698,1701,1660,1617],""all_points_y"":[1302,1264,1232,1235,1268,1304]}",{}
7.png,37748874,{},1273,582,"{""name"":""polygon"",""all_points_x"":[1598,1585,1574,1564,1566,1581,1588,1600],""all_points_y"":[1351,1321,1286,1254,1253,1300,1320,1348]}",{}
7.png,37748874,{},1273,583,"{""name"":""polygon"",""all_points_x"":[1754,1744,1735,1728,1731,1742,1758],""all_points_y"":[1420,1349,1292,1230,1230,1312,1418]}",{}
7.png,37748874,{},1273,584,"{""name"":""polygon"",""all_points_x"":[1781,1814,1816,1784],""all_points_y"":[1315,1215,1217,1315]}",{}
7.png,37748874,{},1273,585,"{""name"":""polygon"",""all_points_x"":[1763,1849,1851,1764],""all_points_y"":[1338,1239,1240,1341]}",{}
7.png,37748874,{},1273,586,"{""name"":""polygon"",""all_points_x"":[1723,1755,1795,1793,1749,1721],""all_points_y"":[1342,1306,1267,1264,1309,1340]}",{}
7.png,37748874,{},1273,587,"{""name"":""polygon"",""all_points_x"":[1684,1702,1732,1760,1774,1777,1730,1710,1700,1688],""all_points_y"":[1384,1361,1308,1267,1245,1247,1318,1354,1371,1384]}",{}
7.png,37748874,{},1273,588,"{""name"":""polygon"",""all_points_x"":[1549,1505,1478,1476,1505,1546],""all_points_y"":[1255,1217,1193,1194,1223,1257]}",{}
7.png,37748874,{},1273,589,"{""name"":""polygon"",""all_points_x"":[1600,1598,1596,1600,1602,1604],""all_points_y"":[1465,1400,1359,1359,1418,1463]}",{}
7.png,37748874,{},1273,590,"{""name"":""polygon"",""all_points_x"":[1602,1627,1653,1692,1696,1669,1637,1604],""all_points_y"":[1418,1384,1348,1300,1303,1334,1375,1421]}",{}
7.png,37748874,{},1273,591,"{""name"":""polygon"",""all_points_x"":[1642,1665,1688,1690,1675,1665,1644],""all_points_y"":[1402,1367,1324,1324,1353,1371,1403]}",{}
7.png,37748874,{},1273,592,"{""name"":""polygon"",""all_points_x"":[1640,1686,1744,1746,1684,1643],""all_points_y"":[1467,1430,1382,1384,1434,1468]}",{}
7.png,37748874,{},1273,593,"{""name"":""polygon"",""all_points_x"":[1703,1634,1597,1566,1566,1613,1665,1703],""all_points_y"":[1550,1536,1527,1522,1518,1528,1538,1546]}",{}
7.png,37748874,{},1273,594,"{""name"":""polygon"",""all_points_x"":[1641,1678,1707,1732,1760,1788,1790,1738,1703,1646],""all_points_y"":[1482,1456,1438,1420,1400,1381,1382,1419,1444,1482]}",{}
7.png,37748874,{},1273,595,"{""name"":""polygon"",""all_points_x"":[1637,1728,1728,1637],""all_points_y"":[1484,1481,1478,1481]}",{}
7.png,37748874,{},1273,596,"{""name"":""polygon"",""all_points_x"":[1711,1655,1656,1712],""all_points_y"":[1379,1394,1397,1382]}",{}
7.png,37748874,{},1273,597,"{""name"":""polygon"",""all_points_x"":[1675,1747,1796,1823,1823,1769,1679],""all_points_y"":[1443,1421,1404,1395,1392,1410,1438]}",{}
7.png,37748874,{},1273,598,"{""name"":""polygon"",""all_points_x"":[1649,1632,1606,1605,1625,1647],""all_points_y"":[1390,1415,1454,1449,1419,1389]}",{}
7.png,37748874,{},1273,599,"{""name"":""polygon"",""all_points_x"":[1760,1785,1820,1832,1834,1800,1778,1763],""all_points_y"":[1280,1234,1180,1161,1162,1219,1256,1280]}",{}
7.png,37748874,{},1273,600,"{""name"":""polygon"",""all_points_x"":[1982,1991,1994,1986],""all_points_y"":[1478,1395,1395,1478]}",{}
7.png,37748874,{},1273,601,"{""name"":""polygon"",""all_points_x"":[2000,2014,2016,2004],""all_points_y"":[1511,1452,1454,1512]}",{}
7.png,37748874,{},1273,602,"{""name"":""polygon"",""all_points_x"":[1690,1664,1639,1641,1666,1692],""all_points_y"":[1506,1461,1412,1409,1456,1502]}",{}
7.png,37748874,{},1273,603,"{""name"":""polygon"",""all_points_x"":[1862,1858,1860,1863,1863,1864],""all_points_y"":[1549,1470,1394,1396,1472,1546]}",{}
7.png,37748874,{},1273,604,"{""name"":""polygon"",""all_points_x"":[1886,1889,1891,1895,1892,1888],""all_points_y"":[1531,1485,1451,1451,1487,1530]}",{}
7.png,37748874,{},1273,605,"{""name"":""polygon"",""all_points_x"":[1899,1896,1893,1896,1899,1901],""all_points_y"":[1444,1488,1518,1518,1486,1445]}",{}
7.png,37748874,{},1273,606,"{""name"":""polygon"",""all_points_x"":[2010,2015,2033,2054,2056,2031,2012],""all_points_y"":[1558,1542,1496,1449,1450,1510,1557]}",{}
7.png,37748874,{},1273,607,"{""name"":""polygon"",""all_points_x"":[1987,1975,1978,1989],""all_points_y"":[1533,1468,1467,1531]}",{}
7.png,37748874,{},1273,608,"{""name"":""polygon"",""all_points_x"":[1780,1789,1804,1821,1841,1845,1821,1807,1791,1783],""all_points_y"":[1418,1457,1508,1553,1603,1603,1542,1497,1448,1418]}",{}
7.png,37748874,{},1273,609,"{""name"":""polygon"",""all_points_x"":[1794,1796,1808,1821,1839,1842,1824,1814,1800,1797],""all_points_y"":[1418,1442,1489,1531,1586,1585,1527,1491,1442,1418]}",{}
7.png,37748874,{},1273,610,"{""name"":""polygon"",""all_points_x"":[1825,1830,1838,1840,1833,1829],""all_points_y"":[1518,1478,1427,1428,1479,1518]}",{}
7.png,37748874,{},1273,611,"{""name"":""polygon"",""all_points_x"":[1853,1847,1844,1845,1850,1855],""all_points_y"":[1477,1440,1411,1411,1446,1475]}",{}
7.png,37748874,{},1273,612,"{""name"":""polygon"",""all_points_x"":[1805,1846,1881,1909,1920,1922,1882,1848,1808],""all_points_y"":[1630,1592,1559,1536,1523,1525,1562,1593,1633]}",{}
7.png,37748874,{},1273,613,"{""name"":""polygon"",""all_points_x"":[1955,1943,1930,1933,1942,1957],""all_points_y"":[1564,1525,1474,1474,1504,1559]}",{}
7.png,37748874,{},1273,614,"{""name"":""polygon"",""all_points_x"":[1820,1789,1764,1739,1742,1778,1803,1822],""all_points_y"":[1663,1626,1601,1580,1579,1610,1636,1659]}",{}
7.png,37748874,{},1273,615,"{""name"":""polygon"",""all_points_x"":[1825,1814,1818,1829],""all_points_y"":[1483,1404,1404,1479]}",{}
7.png,37748874,{},1273,616,"{""name"":""polygon"",""all_points_x"":[1722,1718,1717,1721,1722,1726],""all_points_y"":[1660,1617,1562,1564,1615,1660]}",{}
7.png,37748874,{},1273,617,"{""name"":""polygon"",""all_points_x"":[1683,1660,1644,1647,1670,1687],""all_points_y"":[1639,1595,1561,1560,1609,1638]}",{}
7.png,37748874,{},1273,618,"{""name"":""polygon"",""all_points_x"":[1737,1732,1729,1723,1725,1731,1735,1739],""all_points_y"":[1659,1628,1601,1576,1576,1602,1629,1658]}",{}
7.png,37748874,{},1273,619,"{""name"":""polygon"",""all_points_x"":[1557,1612,1661,1685,1688,1650,1582,1559],""all_points_y"":[1528,1575,1618,1637,1635,1602,1546,1527]}",{}
7.png,37748874,{},1273,620,"{""name"":""polygon"",""all_points_x"":[1670,1617,1587,1563,1544,1537,1539,1545,1570,1596,1630,1670],""all_points_y"":[1704,1663,1635,1608,1585,1571,1571,1584,1612,1639,1670,1701]}",{}
7.png,37748874,{},1273,621,"{""name"":""polygon"",""all_points_x"":[1540,1577,1624,1629,1632,1605,1572,1544],""all_points_y"":[1724,1671,1600,1593,1595,1636,1683,1724]}",{}
7.png,37748874,{},1273,622,"{""name"":""polygon"",""all_points_x"":[1849,1860,1887,1890,1875,1852],""all_points_y"":[1719,1673,1572,1572,1632,1718]}",{}
7.png,37748874,{},1273,623,"{""name"":""polygon"",""all_points_x"":[1813,1857,1900,1900,1858,1814],""all_points_y"":[1673,1664,1652,1647,1660,1670]}",{}
7.png,37748874,{},1273,624,"{""name"":""polygon"",""all_points_x"":[1898,1905,1914,1918,1909,1902],""all_points_y"":[1722,1680,1611,1612,1684,1719]}",{}
7.png,37748874,{},1273,625,"{""name"":""polygon"",""all_points_x"":[1964,1963,1962,1965,1966,1967],""all_points_y"":[1709,1645,1567,1567,1651,1710]}",{}
7.png,37748874,{},1273,626,"{""name"":""polygon"",""all_points_x"":[1858,1903,1934,1957,1958,1914,1885,1859],""all_points_y"":[1698,1665,1644,1628,1629,1661,1682,1701]}",{}
7.png,37748874,{},1273,627,"{""name"":""polygon"",""all_points_x"":[1736,1736,1737,1742,1739,1738],""all_points_y"":[1604,1542,1462,1462,1541,1602]}",{}
7.png,37748874,{},1273,628,"{""name"":""polygon"",""all_points_x"":[1852,1734,1734,1853],""all_points_y"":[1691,1697,1699,1695]}",{}
7.png,37748874,{},1273,629,"{""name"":""polygon"",""all_points_x"":[1497,1454,1407,1407,1450,1495],""all_points_y"":[1620,1626,1633,1630,1623,1617]}",{}
7.png,37748874,{},1273,630,"{""name"":""polygon"",""all_points_x"":[1609,1552,1495,1494,1559,1609],""all_points_y"":[1716,1718,1715,1719,1720,1720]}",{}
7.png,37748874,{},1273,631,"{""name"":""polygon"",""all_points_x"":[1583,1515,1475,1445,1444,1486,1528,1579],""all_points_y"":[1809,1792,1780,1772,1775,1787,1798,1812]}",{}
7.png,37748874,{},1273,632,"{""name"":""polygon"",""all_points_x"":[1994,1987,1978,1980,1991,1998],""all_points_y"":[1676,1643,1590,1589,1643,1675]}",{}
7.png,37748874,{},1273,633,"{""name"":""polygon"",""all_points_x"":[1894,1882,1852,1814,1815,1854,1881,1894],""all_points_y"":[1638,1642,1651,1666,1669,1654,1644,1640]}",{}
7.png,37748874,{},1273,634,"{""name"":""polygon"",""all_points_x"":[1840,1863,1879,1883,1866,1848],""all_points_y"":[1865,1766,1679,1680,1765,1854]}",{}
7.png,37748874,{},1273,635,"{""name"":""polygon"",""all_points_x"":[1644,1622,1591,1569,1549,1549,1569,1590,1624,1645],""all_points_y"":[1722,1733,1746,1755,1761,1764,1759,1750,1735,1725]}",{}
7.png,37748874,{},1273,636,"{""name"":""polygon"",""all_points_x"":[1845,1786,1755,1728,1696,1696,1745,1801,1844],""all_points_y"":[1705,1706,1708,1709,1709,1712,1711,1709,1707]}",{}
7.png,37748874,{},1273,637,"{""name"":""polygon"",""all_points_x"":[1793,1770,1734,1714,1686,1671,1671,1693,1721,1745,1791],""all_points_y"":[1713,1717,1720,1721,1723,1722,1720,1720,1718,1716,1710]}",{}
7.png,37748874,{},1273,638,"{""name"":""polygon"",""all_points_x"":[1490,1524,1563,1605,1635,1635,1594,1564,1526,1491],""all_points_y"":[1723,1731,1736,1742,1746,1744,1737,1734,1728,1722]}",{}
7.png,37748874,{},1273,639,"{""name"":""polygon"",""all_points_x"":[1509,1502,1495,1488,1490,1499,1504,1512],""all_points_y"":[1820,1794,1771,1743,1742,1772,1794,1819]}",{}
7.png,37748874,{},1273,640,"{""name"":""polygon"",""all_points_x"":[1902,1940,1964,1984,1987,1965,1941,1905],""all_points_y"":[1874,1820,1783,1748,1749,1788,1826,1876]}",{}
7.png,37748874,{},1273,641,"{""name"":""polygon"",""all_points_x"":[1883,1829,1786,1749,1720,1719,1742,1772,1820,1882],""all_points_y"":[1785,1774,1765,1760,1751,1753,1761,1766,1776,1790]}",{}
7.png,37748874,{},1273,642,"{""name"":""polygon"",""all_points_x"":[1847,1795,1747,1747,1798,1846],""all_points_y"":[1726,1732,1736,1733,1728,1724]}",{}
7.png,37748874,{},1273,643,"{""name"":""polygon"",""all_points_x"":[1802,1761,1728,1731,1766,1806],""all_points_y"":[1880,1820,1770,1768,1822,1877]}",{}
7.png,37748874,{},1273,644,"{""name"":""polygon"",""all_points_x"":[1889,1823,1755,1755,1819,1887],""all_points_y"":[1825,1810,1793,1796,1811,1829]}",{}
7.png,37748874,{},1273,645,"{""name"":""polygon"",""all_points_x"":[1669,1637,1606,1606,1634,1668],""all_points_y"":[1812,1815,1819,1822,1819,1815]}",{}
7.png,37748874,{},1273,646,"{""name"":""polygon"",""all_points_x"":[1578,1582,1584,1589,1592,1586,1585,1581],""all_points_y"":[2040,1993,1944,1891,1891,1955,2002,2039]}",{}
7.png,37748874,{},1273,647,"{""name"":""polygon"",""all_points_x"":[1682,1664,1638,1610,1611,1637,1668,1681,1681],""all_points_y"":[1897,1894,1887,1882,1879,1884,1892,1894,1894]}",{}
7.png,37748874,{},1273,648,"{""name"":""polygon"",""all_points_x"":[1829,1794,1750,1750,1776,1828],""all_points_y"":[1952,1947,1942,1939,1942,1948]}",{}
7.png,37748874,{},1273,649,"{""name"":""polygon"",""all_points_x"":[1910,1873,1831,1829,1849,1887,1908],""all_points_y"":[1954,1928,1895,1898,1913,1942,1957]}",{}
7.png,37748874,{},1273,650,"{""name"":""polygon"",""all_points_x"":[1616,1578,1553,1523,1526,1569,1617],""all_points_y"":[1985,1965,1948,1930,1927,1954,1982]}",{}
7.png,37748874,{},1273,651,"{""name"":""polygon"",""all_points_x"":[1632,1624,1620,1618,1620,1628,1635],""all_points_y"":[2045,1992,1968,1938,1938,1990,2044]}",{}
7.png,37748874,{},1273,652,"{""name"":""polygon"",""all_points_x"":[1615,1633,1651,1663,1666,1651,1636,1619],""all_points_y"":[2034,1978,1922,1885,1886,1930,1982,2033]}",{}
7.png,37748874,{},1273,653,"{""name"":""polygon"",""all_points_x"":[1672,1680,1687,1690,1683,1675],""all_points_y"":[1977,1926,1870,1871,1923,1978]}",{}
7.png,37748874,{},1273,654,"{""name"":""polygon"",""all_points_x"":[1965,1964,1964,1967,1968,1967],""all_points_y"":[1951,1896,1860,1860,1909,1949]}",{}
7.png,37748874,{},1273,655,"{""name"":""polygon"",""all_points_x"":[1604,1597,1589,1593,1598,1606],""all_points_y"":[2091,2035,1989,1989,2026,2089]}",{}
7.png,37748874,{},1273,656,"{""name"":""polygon"",""all_points_x"":[1703,1702,1699,1699,1702,1702,1704,1706],""all_points_y"":[1978,1946,1898,1877,1878,1907,1952,1977]}",{}
7.png,37748874,{},1273,657,"{""name"":""polygon"",""all_points_x"":[1762,1750,1736,1739,1753,1764],""all_points_y"":[2003,1978,1949,1947,1979,2002]}",{}
7.png,37748874,{},1273,658,"{""name"":""polygon"",""all_points_x"":[1685,1694,1699,1701,1694,1688],""all_points_y"":[2002,1962,1936,1938,1972,2000]}",{}
7.png,37748874,{},1273,659,"{""name"":""polygon"",""all_points_x"":[1703,1715,1723,1733,1736,1723,1709],""all_points_y"":[2139,2103,2074,2035,2036,2086,2130]}",{}
7.png,37748874,{},1273,660,"{""name"":""polygon"",""all_points_x"":[1687,1695,1702,1705,1695,1690],""all_points_y"":[2114,2072,2034,2035,2086,2113]}",{}
7.png,37748874,{},1273,661,"{""name"":""polygon"",""all_points_x"":[1831,1838,1843,1848,1851,1844,1839,1835],""all_points_y"":[2066,2011,1976,1938,1939,1992,2031,2065]}",{}
7.png,37748874,{},1273,662,"{""name"":""polygon"",""all_points_x"":[1873,1870,1867,1867,1869,1872,1873,1876],""all_points_y"":[2063,2000,1936,1922,1922,1977,2007,2061]}",{}
7.png,37748874,{},1273,663,"{""name"":""polygon"",""all_points_x"":[1897,1902,1908,1913,1915,1918,1915,1911,1905,1900],""all_points_y"":[2071,2047,1990,1943,1895,1895,1935,1985,2045,2073]}",{}
7.png,37748874,{},1273,664,"{""name"":""polygon"",""all_points_x"":[1920,1924,1927,1926,1929,1929,1926,1923],""all_points_y"":[2039,1977,1939,1921,1921,1958,2004,2039]}",{}
7.png,37748874,{},1273,665,"{""name"":""polygon"",""all_points_x"":[1930,1935,1939,1941,1937,1934],""all_points_y"":[2109,2069,2039,2040,2072,2108]}",{}
7.png,37748874,{},1273,666,"{""name"":""polygon"",""all_points_x"":[1997,1980,1958,1938,1941,1961,1983,1999],""all_points_y"":[1961,2003,2054,2105,2107,2055,2001,1962]}",{}
7.png,37748874,{},1273,667,"{""name"":""polygon"",""all_points_x"":[1723,1728,1735,1738,1733,1727],""all_points_y"":[2045,2005,1964,1965,2007,2044]}",{}
7.png,37748874,{},1273,668,"{""name"":""polygon"",""all_points_x"":[1801,1803,1805,1810,1809,1804],""all_points_y"":[1993,2033,2090,2090,2043,1993]}",{}
7.png,37748874,{},1273,669,"{""name"":""polygon"",""all_points_x"":[1758,1763,1765,1767,1764,1761],""all_points_y"":[1987,1947,1932,1932,1964,1988]}",{}
7.png,37748874,{},1273,670,"{""name"":""polygon"",""all_points_x"":[1767,1772,1792,1803,1807,1793,1775,1771],""all_points_y"":[2079,2061,2004,1958,1959,2009,2063,2079]}",{}
7.png,37748874,{},1273,671,"{""name"":""polygon"",""all_points_x"":[1711,1724,1741,1759,1761,1742,1723,1715],""all_points_y"":[2174,2146,2096,2041,2042,2105,2159,2173]}",{}
7.png,37748874,{},1273,672,"{""name"":""polygon"",""all_points_x"":[1641,1647,1652,1654,1649,1645],""all_points_y"":[2167,2132,2101,2102,2139,2166]}",{}
7.png,37748874,{},1273,673,"{""name"":""polygon"",""all_points_x"":[1541,1566,1585,1598,1600,1581,1561,1545],""all_points_y"":[2317,2266,2224,2194,2195,2241,2284,2316]}",{}
7.png,37748874,{},1273,674,"{""name"":""polygon"",""all_points_x"":[1546,1579,1607,1610,1584,1550],""all_points_y"":[2321,2287,2258,2260,2287,2321]}",{}
7.png,37748874,{},1273,675,"{""name"":""polygon"",""all_points_x"":[1650,1635,1631,1626,1628,1639,1653],""all_points_y"":[2282,2212,2185,2157,2156,2217,2280]}",{}
7.png,37748874,{},1273,676,"{""name"":""polygon"",""all_points_x"":[1780,1769,1752,1754,1771,1782],""all_points_y"":[2192,2154,2092,2091,2148,2191]}",{}
7.png,37748874,{},1273,677,"{""name"":""polygon"",""all_points_x"":[1793,1821,1842,1854,1856,1827,1813,1799],""all_points_y"":[2307,2264,2226,2205,2206,2260,2284,2305]}",{}
7.png,37748874,{},1273,678,"{""name"":""polygon"",""all_points_x"":[1898,1883,1862,1849,1854,1865,1891,1901],""all_points_y"":[2201,2183,2145,2130,2128,2144,2187,2199]}",{}
7.png,37748874,{},1273,679,"{""name"":""polygon"",""all_points_x"":[1917,1914,1915,1918,1918,1922],""all_points_y"":[2154,2124,2091,2092,2132,2154]}",{}
7.png,37748874,{},1273,680,"{""name"":""polygon"",""all_points_x"":[1892,1916,1933,1953,1955,1928,1896],""all_points_y"":[2277,2228,2190,2144,2146,2212,2276]}",{}
7.png,37748874,{},1273,681,"{""name"":""polygon"",""all_points_x"":[1782,1780,1784,1785],""all_points_y"":[2095,2013,2013,2095]}",{}
7.png,37748874,{},1273,682,"{""name"":""polygon"",""all_points_x"":[1763,1781,1783,1765],""all_points_y"":[2212,2136,2137,2214]}",{}
7.png,37748874,{},1273,683,"{""name"":""polygon"",""all_points_x"":[1724,1726,1729,1727],""all_points_y"":[2196,2108,2108,2197]}",{}
7.png,37748874,{},1273,684,"{""name"":""polygon"",""all_points_x"":[1496,1524,1554,1556,1525,1499],""all_points_y"":[2285,2246,2210,2212,2250,2287]}",{}
7.png,37748874,{},1273,685,"{""name"":""polygon"",""all_points_x"":[1676,1677,1678,1681,1680,1680],""all_points_y"":[2322,2262,2206,2206,2271,2321]}",{}
7.png,37748874,{},1273,686,"{""name"":""polygon"",""all_points_x"":[1626,1642,1651,1653,1639,1628],""all_points_y"":[2308,2270,2247,2249,2282,2308]}",{}
7.png,37748874,{},1273,687,"{""name"":""polygon"",""all_points_x"":[1704,1696,1693,1695,1700,1708],""all_points_y"":[2273,2229,2191,2191,2229,2270]}",{}
7.png,37748874,{},1273,688,"{""name"":""polygon"",""all_points_x"":[1742,1753,1763,1768,1771,1764,1752,1743],""all_points_y"":[2118,2149,2180,2204,2204,2174,2138,2118]}",{}
7.png,37748874,{},1273,689,"{""name"":""polygon"",""all_points_x"":[1486,1478,1465,1459,1449,1451,1464,1475,1488],""all_points_y"":[2289,2269,2235,2221,2206,2205,2226,2255,2288]}",{}
7.png,37748874,{},1273,690,"{""name"":""polygon"",""all_points_x"":[1684,1682,1685,1688],""all_points_y"":[2296,2231,2231,2293]}",{}
7.png,37748874,{},1273,691,"{""name"":""polygon"",""all_points_x"":[1822,1822,1824,1823,1822,1826,1827,1827,1825,1825],""all_points_y"":[2383,2300,2230,2187,2144,2144,2218,2277,2349,2382]}",{}
7.png,37748874,{},1273,692,"{""name"":""polygon"",""all_points_x"":[1615,1650,1677,1680,1651,1619],""all_points_y"":[2421,2371,2333,2335,2375,2421]}",{}
7.png,37748874,{},1273,693,"{""name"":""polygon"",""all_points_x"":[1615,1623,1641,1643,1624,1618],""all_points_y"":[2403,2389,2342,2343,2392,2404]}",{}
7.png,37748874,{},1273,694,"{""name"":""polygon"",""all_points_x"":[1839,1837,1837,1836,1838,1840,1840,1841],""all_points_y"":[2395,2330,2292,2259,2259,2327,2367,2391]}",{}
7.png,37748874,{},1273,695,"{""name"":""polygon"",""all_points_x"":[1630,1607,1573,1558,1562,1591,1611,1631],""all_points_y"":[2250,2288,2340,2365,2367,2319,2286,2251]}",{}
7.png,37748874,{},1273,696,"{""name"":""polygon"",""all_points_x"":[1566,1587,1604,1605,1589,1570],""all_points_y"":[2377,2344,2314,2315,2346,2377]}",{}
7.png,37748874,{},1273,697,"{""name"":""polygon"",""all_points_x"":[1839,1845,1850,1854,1859,1849,1845,1842],""all_points_y"":[2429,2363,2313,2267,2267,2349,2397,2428]}",{}
7.png,37748874,{},1273,698,"{""name"":""polygon"",""all_points_x"":[1867,1859,1853,1849,1847,1850,1857,1861,1870],""all_points_y"":[2208,2290,2351,2381,2400,2400,2344,2295,2209]}",{}
7.png,37748874,{},1273,699,"{""name"":""polygon"",""all_points_x"":[1812,1810,1810,1811,1813,1813,1813,1814],""all_points_y"":[2441,2374,2328,2284,2284,2356,2406,2439]}",{}
7.png,37748874,{},1273,700,"{""name"":""polygon"",""all_points_x"":[1641,1675,1714,1732,1734,1685,1670,1645],""all_points_y"":[2429,2382,2322,2290,2292,2373,2396,2430]}",{}
7.png,37748874,{},1273,701,"{""name"":""polygon"",""all_points_x"":[1757,1749,1744,1732,1736,1749,1755,1760],""all_points_y"":[2508,2444,2404,2342,2341,2412,2458,2506]}",{}
7.png,37748874,{},1273,702,"{""name"":""polygon"",""all_points_x"":[1765,1765,1764,1767,1770,1770,1769],""all_points_y"":[2506,2465,2425,2425,2472,2505,2506]}",{}
7.png,37748874,{},1273,703,"{""name"":""polygon"",""all_points_x"":[1861,1867,1876,1878,1871,1864],""all_points_y"":[2525,2497,2462,2463,2496,2526]}",{}
7.png,37748874,{},1273,704,"{""name"":""polygon"",""all_points_x"":[1934,1943,1955,1957,1947,1938],""all_points_y"":[2476,2436,2389,2391,2431,2473]}",{}
7.png,37748874,{},1273,705,"{""name"":""polygon"",""all_points_x"":[1943,1950,1958,1961,1952,1946],""all_points_y"":[2461,2433,2397,2399,2433,2459]}",{}
7.png,37748874,{},1273,706,"{""name"":""polygon"",""all_points_x"":[1706,1704,1701,1704,1707,1708],""all_points_y"":[2441,2391,2341,2341,2398,2440]}",{}
7.png,37748874,{},1273,707,"{""name"":""polygon"",""all_points_x"":[1660,1637,1624,1627,1644,1662],""all_points_y"":[2554,2499,2464,2463,2508,2550]}",{}
7.png,37748874,{},1273,708,"{""name"":""polygon"",""all_points_x"":[1895,1926,1949,1951,1919,1898],""all_points_y"":[2550,2510,2480,2482,2524,2553]}",{}
7.png,37748874,{},1273,709,"{""name"":""polygon"",""all_points_x"":[1597,1548,1519,1512,1514,1528,1570,1601],""all_points_y"":[2605,2509,2451,2433,2433,2461,2542,2601]}",{}
7.png,37748874,{},1273,710,"{""name"":""polygon"",""all_points_x"":[1723,1722,1723,1725,1725,1727],""all_points_y"":[2634,2546,2478,2478,2566,2633]}",{}
7.png,37748874,{},1273,711,"{""name"":""polygon"",""all_points_x"":[1684,1694,1703,1709,1712,1702,1696,1689],""all_points_y"":[2647,2575,2514,2475,2477,2539,2590,2644]}",{}
7.png,37748874,{},1273,712,"{""name"":""polygon"",""all_points_x"":[1709,1703,1698,1691,1694,1702,1711],""all_points_y"":[2505,2549,2589,2642,2642,2578,2506]}",{}
7.png,37748874,{},1273,713,"{""name"":""polygon"",""all_points_x"":[1677,1683,1689,1691,1683,1681],""all_points_y"":[2644,2597,2562,2562,2610,2642]}",{}
7.png,37748874,{},1273,714,"{""name"":""polygon"",""all_points_x"":[1861,1838,1812,1816,1841,1863],""all_points_y"":[2651,2609,2561,2559,2608,2648]}",{}
7.png,37748874,{},1273,715,"{""name"":""polygon"",""all_points_x"":[1766,1783,1797,1801,1784,1769],""all_points_y"":[2655,2614,2573,2575,2619,2655]}",{}
7.png,37748874,{},1273,716,"{""name"":""polygon"",""all_points_x"":[1817,1780,1741,1742,1778,1816],""all_points_y"":[2592,2580,2567,2565,2577,2589]}",{}
7.png,37748874,{},1273,717,"{""name"":""polygon"",""all_points_x"":[1459,1473,1485,1494,1497,1485,1473,1464],""all_points_y"":[2660,2633,2593,2574,2575,2604,2638,2659]}",{}
7.png,37748874,{},1273,718,"{""name"":""polygon"",""all_points_x"":[1531,1564,1587,1586,1552,1528],""all_points_y"":[2714,2734,2748,2749,2730,2716]}",{}
7.png,37748874,{},1273,719,"{""name"":""polygon"",""all_points_x"":[1617,1690,1726,1754,1756,1709,1681,1618],""all_points_y"":[2799,2751,2728,2710,2711,2742,2761,2801]}",{}
7.png,37748874,{},1273,720,"{""name"":""polygon"",""all_points_x"":[1682,1717,1753,1756,1721,1684],""all_points_y"":[2752,2725,2695,2697,2725,2754]}",{}
7.png,37748874,{},1273,721,"{""name"":""polygon"",""all_points_x"":[1829,1842,1848,1856,1857,1851,1844,1832],""all_points_y"":[2745,2716,2701,2682,2683,2700,2716,2744]}",{}
7.png,37748874,{},1273,722,"{""name"":""polygon"",""all_points_x"":[1736,1764,1786,1795,1796,1770,1757,1739],""all_points_y"":[2922,2876,2840,2828,2830,2871,2894,2924]}",{}
7.png,37748874,{},1273,723,"{""name"":""polygon"",""all_points_x"":[1779,1820,1858,1860,1816,1782],""all_points_y"":[2964,2923,2886,2888,2930,2966]}",{}
7.png,37748874,{},1273,724,"{""name"":""polygon"",""all_points_x"":[1732,1781,1802,1803,1777,1736],""all_points_y"":[2837,2800,2781,2783,2806,2838]}",{}
7.png,37748874,{},1273,725,"{""name"":""polygon"",""all_points_x"":[1738,1788,1835,1856,1857,1833,1784,1740],""all_points_y"":[2862,2825,2789,2773,2774,2795,2831,2865]}",{}
7.png,37748874,{},1273,726,"{""name"":""polygon"",""all_points_x"":[1596,1624,1641,1643,1620,1602],""all_points_y"":[2890,2848,2821,2823,2859,2888]}",{}
7.png,37748874,{},1273,727,"{""name"":""polygon"",""all_points_x"":[1765,1784,1816,1834,1836,1814,1786,1767],""all_points_y"":[2952,2922,2875,2849,2851,2883,2925,2953]}",{}
7.png,37748874,{},1273,728,"{""name"":""polygon"",""all_points_x"":[1556,1591,1612,1637,1660,1663,1641,1606,1592,1558],""all_points_y"":[2963,2926,2898,2869,2841,2842,2870,2910,2930,2964]}",{}
7.png,37748874,{},1273,729,"{""name"":""polygon"",""all_points_x"":[1910,1955,2010,2010,1958,1911],""all_points_y"":[2847,2841,2835,2838,2843,2849]}",{}
7.png,37748874,{},1273,730,"{""name"":""polygon"",""all_points_x"":[1916,1952,1986,1987,1949,1916],""all_points_y"":[2890,2882,2874,2877,2885,2893]}",{}
7.png,37748874,{},1273,731,"{""name"":""polygon"",""all_points_x"":[1587,1625,1661,1662,1618,1595],""all_points_y"":[3070,3051,3030,3033,3057,3070]}",{}
7.png,37748874,{},1273,732,"{""name"":""polygon"",""all_points_x"":[1933,1932,1935,1937,1935,1935],""all_points_y"":[2797,2775,2739,2740,2777,2793]}",{}
7.png,37748874,{},1273,733,"{""name"":""polygon"",""all_points_x"":[1516,1509,1511,1518],""all_points_y"":[2038,1985,1985,2036]}",{}
7.png,37748874,{},1273,734,"{""name"":""polygon"",""all_points_x"":[1791,1799,1807,1810,1800,1795],""all_points_y"":[1989,1951,1924,1926,1962,1985]}",{}
7.png,37748874,{},1273,735,"{""name"":""polygon"",""all_points_x"":[2269,2233,2199,2179,2158,2162,2193,2217,2248,2271],""all_points_y"":[225,189,151,132,106,105,140,166,198,221]}",{}
7.png,37748874,{},1273,736,"{""name"":""polygon"",""all_points_x"":[2399,2391,2383,2372,2375,2385,2396,2401],""all_points_y"":[264,248,235,218,217,234,253,260]}",{}
7.png,37748874,{},1273,737,"{""name"":""polygon"",""all_points_x"":[2476,2459,2437,2426,2418,2421,2432,2447,2458,2477],""all_points_y"":[298,328,367,387,405,406,381,355,335,299]}",{}
7.png,37748874,{},1273,738,"{""name"":""polygon"",""all_points_x"":[2061,2079,2097,2126,2128,2109,2092,2063],""all_points_y"":[337,358,378,410,408,388,367,336]}",{}
7.png,37748874,{},1273,739,"{""name"":""polygon"",""all_points_x"":[2055,2086,2118,2133,2133,2116,2093,2056],""all_points_y"":[316,326,333,334,331,328,323,314]}",{}
7.png,37748874,{},1273,740,"{""name"":""polygon"",""all_points_x"":[2027,2008,1985,1987,2005,2030],""all_points_y"":[561,529,487,486,514,558]}",{}
7.png,37748874,{},1273,741,"{""name"":""polygon"",""all_points_x"":[2081,2117,2156,2203,2250,2250,2211,2165,2120,2084],""all_points_y"":[568,556,543,533,522,525,534,546,558,571]}",{}
7.png,37748874,{},1273,742,"{""name"":""polygon"",""all_points_x"":[2192,2193,2193,2191,2195,2196,2198,2196],""all_points_y"":[525,492,462,421,421,473,501,523]}",{}
7.png,37748874,{},1273,743,"{""name"":""polygon"",""all_points_x"":[2177,2180,2182,2187,2183,2181],""all_points_y"":[528,487,448,448,489,526]}",{}
7.png,37748874,{},1273,744,"{""name"":""polygon"",""all_points_x"":[2162,2216,2255,2292,2292,2255,2215,2166],""all_points_y"":[579,557,541,527,528,544,561,580]}",{}
7.png,37748874,{},1273,745,"{""name"":""polygon"",""all_points_x"":[2172,2222,2266,2297,2298,2251,2218,2172],""all_points_y"":[594,581,568,561,562,575,584,597]}",{}
7.png,37748874,{},1273,746,"{""name"":""polygon"",""all_points_x"":[2387,2391,2398,2402,2395,2389],""all_points_y"":[487,454,398,399,442,489]}",{}
7.png,37748874,{},1273,747,"{""name"":""polygon"",""all_points_x"":[2433,2416,2418,2437],""all_points_y"":[545,451,451,542]}",{}
7.png,37748874,{},1273,748,"{""name"":""polygon"",""all_points_x"":[2445,2453,2462,2466,2456,2449],""all_points_y"":[569,510,445,446,510,568]}",{}
7.png,37748874,{},1273,749,"{""name"":""polygon"",""all_points_x"":[2469,2459,2454,2457,2472],""all_points_y"":[442,504,532,533,444]}",{}
7.png,37748874,{},1273,750,"{""name"":""polygon"",""all_points_x"":[2458,2469,2478,2482,2470,2461],""all_points_y"":[548,499,456,458,512,547]}",{}
7.png,37748874,{},1273,751,"{""name"":""polygon"",""all_points_x"":[2194,2221,2245,2268,2271,2240,2216,2197],""all_points_y"":[528,502,478,452,453,489,511,529]}",{}
7.png,37748874,{},1273,752,"{""name"":""polygon"",""all_points_x"":[2068,2068,2060,2064,2073,2073],""all_points_y"":[685,665,606,606,666,683]}",{}
7.png,37748874,{},1273,753,"{""name"":""polygon"",""all_points_x"":[2104,2021,1942,1942,2022,2102],""all_points_y"":[624,612,598,601,615,627]}",{}
7.png,37748874,{},1273,754,"{""name"":""polygon"",""all_points_x"":[2362,2355,2349,2352,2359,2366],""all_points_y"":[653,610,569,569,609,652]}",{}
7.png,37748874,{},1273,755,"{""name"":""polygon"",""all_points_x"":[2431,2398,2365,2369,2400,2433],""all_points_y"":[705,657,610,607,654,702]}",{}
7.png,37748874,{},1273,756,"{""name"":""polygon"",""all_points_x"":[2487,2449,2428,2430,2458,2488],""all_points_y"":[690,610,569,568,622,685]}",{}
7.png,37748874,{},1273,757,"{""name"":""polygon"",""all_points_x"":[2240,2252,2262,2274,2275,2266,2255,2243],""all_points_y"":[773,713,672,619,619,667,716,773]}",{}
7.png,37748874,{},1273,758,"{""name"":""polygon"",""all_points_x"":[2029,2072,2074,2032],""all_points_y"":[863,810,813,864]}",{}
7.png,37748874,{},1273,759,"{""name"":""polygon"",""all_points_x"":[2303,2305,2307,2309,2308,2306],""all_points_y"":[832,795,747,747,793,831]}",{}
7.png,37748874,{},1273,760,"{""name"":""polygon"",""all_points_x"":[2332,2362,2401,2453,2453,2397,2368,2334],""all_points_y"":[819,832,853,881,878,848,831,816]}",{}
7.png,37748874,{},1273,761,"{""name"":""polygon"",""all_points_x"":[2292,2287,2282,2282,2286,2288,2294,2296],""all_points_y"":[986,923,868,838,839,876,946,985]}",{}
7.png,37748874,{},1273,762,"{""name"":""polygon"",""all_points_x"":[2258,2267,2271,2274,2268,2261],""all_points_y"":[918,880,855,856,886,919]}",{}
7.png,37748874,{},1273,763,"{""name"":""polygon"",""all_points_x"":[2458,2397,2399,2458],""all_points_y"":[770,728,725,766]}",{}
7.png,37748874,{},1273,764,"{""name"":""polygon"",""all_points_x"":[2209,2149,2106,2058,2029,2031,2069,2116,2161,2208],""all_points_y"":[1012,984,963,936,924,919,938,962,986,1007]}",{}
7.png,37748874,{},1273,765,"{""name"":""polygon"",""all_points_x"":[2082,2052,2035,2023,2025,2042,2060,2084],""all_points_y"":[1081,1029,996,973,971,1003,1036,1078]}",{}
7.png,37748874,{},1273,766,"{""name"":""polygon"",""all_points_x"":[2117,2122,2125,2129,2132,2127,2125,2122],""all_points_y"":[1039,1004,975,942,942,984,1007,1037]}",{}
7.png,37748874,{},1273,767,"{""name"":""polygon"",""all_points_x"":[2136,2132,2124,2127,2134,2139],""all_points_y"":[937,972,1032,1032,984,938]}",{}
7.png,37748874,{},1273,768,"{""name"":""polygon"",""all_points_x"":[2097,2096,2092,2091,2093,2095,2097,2099],""all_points_y"":[1070,1023,958,906,906,962,1024,1069]}",{}
7.png,37748874,{},1273,769,"{""name"":""polygon"",""all_points_x"":[2277,2270,2265,2259,2262,2270,2276,2281],""all_points_y"":[1138,1074,1033,983,983,1042,1102,1138]}",{}
7.png,37748874,{},1273,770,"{""name"":""polygon"",""all_points_x"":[2304,2299,2295,2292,2294,2300,2303,2307],""all_points_y"":[1219,1165,1132,1096,1095,1145,1177,1219]}",{}
7.png,37748874,{},1273,771,"{""name"":""polygon"",""all_points_x"":[2379,2351,2354,2383],""all_points_y"":[1066,1012,1011,1064]}",{}
7.png,37748874,{},1273,772,"{""name"":""polygon"",""all_points_x"":[2120,2094,2052,2007,2008,2048,2081,2120],""all_points_y"":[1176,1164,1147,1133,1130,1143,1156,1172]}",{}
7.png,37748874,{},1273,773,"{""name"":""polygon"",""all_points_x"":[2441,2400,2362,2364,2397,2442],""all_points_y"":[1212,1178,1148,1146,1172,1208]}",{}
7.png,37748874,{},1273,774,"{""name"":""polygon"",""all_points_x"":[2339,2333,2332,2330,2333,2336,2337,2343],""all_points_y"":[1168,1094,1036,974,974,1063,1098,1167]}",{}
7.png,37748874,{},1273,775,"{""name"":""polygon"",""all_points_x"":[2123,2134,2141,2143,2136,2126],""all_points_y"":[1076,1052,1023,1022,1051,1076]}",{}
7.png,37748874,{},1273,776,"{""name"":""polygon"",""all_points_x"":[1942,1987,1990,1947],""all_points_y"":[972,1021,1020,970]}",{}
7.png,37748874,{},1273,777,"{""name"":""polygon"",""all_points_x"":[2027,2072,2074,2031],""all_points_y"":[1161,1052,1053,1162]}",{}
7.png,37748874,{},1273,778,"{""name"":""polygon"",""all_points_x"":[2256,2246,2231,2235,2250,2259],""all_points_y"":[1235,1188,1132,1131,1191,1233]}",{}
7.png,37748874,{},1273,779,"{""name"":""polygon"",""all_points_x"":[2240,2143,2046,2045,2142,2239],""all_points_y"":[1219,1201,1183,1187,1204,1222]}",{}
7.png,37748874,{},1273,780,"{""name"":""polygon"",""all_points_x"":[2159,2110,2077,2047,2024,2025,2053,2090,2158],""all_points_y"":[1285,1283,1280,1275,1271,1268,1273,1278,1282]}",{}
7.png,37748874,{},1273,781,"{""name"":""polygon"",""all_points_x"":[2293,2268,2257,2261,2280,2294],""all_points_y"":[1259,1197,1171,1169,1219,1255]}",{}
7.png,37748874,{},1273,782,"{""name"":""polygon"",""all_points_x"":[2472,2438,2404,2407,2440,2472],""all_points_y"":[1218,1189,1158,1155,1187,1214]}",{}
7.png,37748874,{},1273,783,"{""name"":""polygon"",""all_points_x"":[2308,2304,2298,2301,2307,2311],""all_points_y"":[1193,1143,1092,1092,1148,1192]}",{}
7.png,37748874,{},1273,784,"{""name"":""polygon"",""all_points_x"":[2128,2096,2068,2070,2096,2128],""all_points_y"":[1131,1143,1156,1158,1146,1134]}",{}
7.png,37748874,{},1273,785,"{""name"":""polygon"",""all_points_x"":[2099,2086,2075,2069,2073,2085,2094,2102],""all_points_y"":[1454,1363,1295,1263,1263,1333,1398,1453]}",{}
7.png,37748874,{},1273,786,"{""name"":""polygon"",""all_points_x"":[2203,2192,2183,2186,2196,2207],""all_points_y"":[1346,1296,1243,1242,1298,1346]}",{}
7.png,37748874,{},1273,787,"{""name"":""polygon"",""all_points_x"":[2261,2307,2346,2348,2300,2263],""all_points_y"":[1346,1297,1254,1256,1307,1347]}",{}
7.png,37748874,{},1273,788,"{""name"":""polygon"",""all_points_x"":[2237,2242,2247,2249,2252,2248,2244,2240],""all_points_y"":[1447,1374,1324,1289,1289,1343,1385,1447]}",{}
7.png,37748874,{},1273,789,"{""name"":""polygon"",""all_points_x"":[2365,2299,2300,2367],""all_points_y"":[1375,1342,1340,1372]}",{}
7.png,37748874,{},1273,790,"{""name"":""polygon"",""all_points_x"":[2345,2299,2303,2349],""all_points_y"":[1452,1363,1361,1449]}",{}
7.png,37748874,{},1273,791,"{""name"":""polygon"",""all_points_x"":[2006,2056,2111,2112,2063,2008],""all_points_y"":[1359,1351,1344,1348,1354,1362]}",{}
7.png,37748874,{},1273,792,"{""name"":""polygon"",""all_points_x"":[2400,2351,2322,2288,2287,2322,2352,2396],""all_points_y"":[1295,1262,1240,1209,1212,1245,1267,1295]}",{}
7.png,37748874,{},1273,793,"{""name"":""polygon"",""all_points_x"":[2417,2385,2351,2349,2414],""all_points_y"":[1296,1275,1253,1255,1297]}",{}
7.png,37748874,{},1273,794,"{""name"":""polygon"",""all_points_x"":[2419,2387,2363,2362,2387,2417],""all_points_y"":[1303,1292,1282,1285,1296,1306]}",{}
7.png,37748874,{},1273,795,"{""name"":""polygon"",""all_points_x"":[2235,2219,2221,2239],""all_points_y"":[1374,1285,1285,1372]}",{}
7.png,37748874,{},1273,796,"{""name"":""polygon"",""all_points_x"":[2110,2035,2037,2111],""all_points_y"":[1313,1330,1333,1316]}",{}
7.png,37748874,{},1273,797,"{""name"":""polygon"",""all_points_x"":[2138,2081,2046,2010,2010,2053,2090,2139],""all_points_y"":[1252,1271,1277,1281,1284,1278,1270,1255]}",{}
7.png,37748874,{},1273,798,"{""name"":""polygon"",""all_points_x"":[2089,2104,2124,2127,2106,2094],""all_points_y"":[1564,1484,1373,1374,1486,1564]}",{}
7.png,37748874,{},1273,799,"{""name"":""polygon"",""all_points_x"":[2190,2158,2126,2128,2165,2192],""all_points_y"":[1563,1504,1437,1435,1510,1561]}",{}
7.png,37748874,{},1273,800,"{""name"":""polygon"",""all_points_x"":[2457,2420,2378,2342,2309,2306,2336,2378,2417,2448],""all_points_y"":[1607,1582,1552,1521,1490,1492,1519,1556,1585,1609]}",{}
7.png,37748874,{},1273,801,"{""name"":""polygon"",""all_points_x"":[2223,2230,2232,2227],""all_points_y"":[1479,1363,1364,1480]}",{}
7.png,37748874,{},1273,802,"{""name"":""polygon"",""all_points_x"":[2207,2217,2221,2212],""all_points_y"":[1459,1383,1384,1460]}",{}
7.png,37748874,{},1273,803,"{""name"":""polygon"",""all_points_x"":[2141,2125,2128,2146],""all_points_y"":[1420,1307,1307,1420]}",{}
7.png,37748874,{},1273,804,"{""name"":""polygon"",""all_points_x"":[2068,2037,2035,2066,2101,2102],""all_points_y"":[1487,1476,1479,1490,1503,1499]}",{}
7.png,37748874,{},1273,805,"{""name"":""polygon"",""all_points_x"":[2310,2330,2345,2348,2330,2313],""all_points_y"":[1524,1472,1435,1437,1480,1525]}",{}
7.png,37748874,{},1273,806,"{""name"":""polygon"",""all_points_x"":[2334,2366,2394,2398,2365,2338],""all_points_y"":[1542,1507,1472,1474,1513,1543]}",{}
7.png,37748874,{},1273,807,"{""name"":""polygon"",""all_points_x"":[2467,2444,2423,2426,2448,2471],""all_points_y"":[1596,1511,1428,1428,1518,1593]}",{}
7.png,37748874,{},1273,808,"{""name"":""polygon"",""all_points_x"":[2480,2445,2449,2483],""all_points_y"":[1587,1504,1502,1581]}",{}
7.png,37748874,{},1273,809,"{""name"":""polygon"",""all_points_x"":[2077,2025,2027,2077],""all_points_y"":[1523,1566,1568,1529]}",{}
7.png,37748874,{},1273,810,"{""name"":""polygon"",""all_points_x"":[2000,2007,2017,2019,2009,2002],""all_points_y"":[1563,1528,1498,1499,1529,1562]}",{}
7.png,37748874,{},1273,811,"{""name"":""polygon"",""all_points_x"":[2067,2005,1925,1925,2007,2064],""all_points_y"":[1613,1606,1591,1597,1611,1618]}",{}
7.png,37748874,{},1273,812,"{""name"":""polygon"",""all_points_x"":[2174,2134,2098,2100,2133,2174],""all_points_y"":[1584,1562,1546,1541,1559,1581]}",{}
7.png,37748874,{},1273,813,"{""name"":""polygon"",""all_points_x"":[1871,1908,1910,1875],""all_points_y"":[1529,1473,1474,1530]}",{}
7.png,37748874,{},1273,814,"{""name"":""polygon"",""all_points_x"":[2021,2079,2081,2024],""all_points_y"":[1577,1533,1535,1579]}",{}
7.png,37748874,{},1273,815,"{""name"":""polygon"",""all_points_x"":[2200,2162,2165,2203],""all_points_y"":[1547,1491,1490,1543]}",{}
7.png,37748874,{},1273,816,"{""name"":""polygon"",""all_points_x"":[1993,2038,2073,2075,2037,1996],""all_points_y"":[1769,1712,1662,1664,1719,1771]}",{}
7.png,37748874,{},1273,817,"{""name"":""polygon"",""all_points_x"":[1990,2043,2075,2078,2036,1993],""all_points_y"":[1803,1748,1716,1717,1760,1804]}",{}
7.png,37748874,{},1273,818,"{""name"":""polygon"",""all_points_x"":[2169,2163,2165,2172],""all_points_y"":[1760,1671,1671,1758]}",{}
7.png,37748874,{},1273,819,"{""name"":""polygon"",""all_points_x"":[2394,2380,2364,2342,2328,2330,2351,2366,2382,2396],""all_points_y"":[1706,1684,1653,1595,1560,1559,1609,1648,1680,1702]}",{}
7.png,37748874,{},1273,820,"{""name"":""polygon"",""all_points_x"":[2131,2055,2057,2133],""all_points_y"":[1660,1636,1632,1656]}",{}
7.png,37748874,{},1273,821,"{""name"":""polygon"",""all_points_x"":[2208,2202,2202,2206,2209,2206,2206,2210],""all_points_y"":[1703,1644,1623,1604,1604,1629,1653,1696]}",{}
7.png,37748874,{},1273,822,"{""name"":""polygon"",""all_points_x"":[2219,2227,2230,2223],""all_points_y"":[1680,1623,1624,1681]}",{}
7.png,37748874,{},1273,823,"{""name"":""polygon"",""all_points_x"":[2004,2023,2025,2008],""all_points_y"":[1901,1750,1751,1904]}",{}
7.png,37748874,{},1273,824,"{""name"":""polygon"",""all_points_x"":[2182,2223,2227,2185],""all_points_y"":[1807,1695,1696,1807]}",{}
7.png,37748874,{},1273,825,"{""name"":""polygon"",""all_points_x"":[2189,2191,2195,2198,2194,2193],""all_points_y"":[1940,1877,1810,1811,1885,1932]}",{}
7.png,37748874,{},1273,826,"{""name"":""polygon"",""all_points_x"":[2469,2455,2459,2473],""all_points_y"":[1897,1806,1806,1898]}",{}
7.png,37748874,{},1273,827,"{""name"":""polygon"",""all_points_x"":[2451,2478,2481,2454],""all_points_y"":[1860,1800,1801,1862]}",{}
7.png,37748874,{},1273,828,"{""name"":""polygon"",""all_points_x"":[2452,2441,2427,2431,2445,2454],""all_points_y"":[1834,1774,1701,1701,1782,1830]}",{}
7.png,37748874,{},1273,829,"{""name"":""polygon"",""all_points_x"":[2054,2086,2090,2058],""all_points_y"":[2135,2058,2058,2135]}",{}
7.png,37748874,{},1273,830,"{""name"":""polygon"",""all_points_x"":[2127,2107,2111,2132],""all_points_y"":[2047,1951,1949,2047]}",{}
7.png,37748874,{},1273,831,"{""name"":""polygon"",""all_points_x"":[2224,2233,2237,2228],""all_points_y"":[2041,1922,1922,2041]}",{}
7.png,37748874,{},1273,832,"{""name"":""polygon"",""all_points_x"":[2317,2316,2301,2304,2321,2322],""all_points_y"":[2037,2012,1885,1885,2016,2036]}",{}
7.png,37748874,{},1273,833,"{""name"":""polygon"",""all_points_x"":[2370,2382,2385,2374],""all_points_y"":[2022,1930,1932,2020]}",{}
7.png,37748874,{},1273,834,"{""name"":""polygon"",""all_points_x"":[2386,2433,2436,2388],""all_points_y"":[1996,1905,1907,1997]}",{}
7.png,37748874,{},1273,835,"{""name"":""polygon"",""all_points_x"":[2437,2390,2392,2439],""all_points_y"":[1910,1995,1996,1911]}",{}
7.png,37748874,{},1273,836,"{""name"":""polygon"",""all_points_x"":[2400,2415,2431,2432,2417,2404],""all_points_y"":[1997,1963,1938,1939,1966,1996]}",{}
7.png,37748874,{},1273,837,"{""name"":""polygon"",""all_points_x"":[2319,2350,2378,2381,2354,2321],""all_points_y"":[1927,1946,1962,1959,1945,1925]}",{}
7.png,37748874,{},1273,838,"{""name"":""polygon"",""all_points_x"":[2215,2214,2217,2220],""all_points_y"":[1949,1891,1891,1948]}",{}
7.png,37748874,{},1273,839,"{""name"":""polygon"",""all_points_x"":[2252,2254,2255,2258,2258,2256],""all_points_y"":[2104,2055,1983,1983,2045,2104]}",{}
7.png,37748874,{},1273,840,"{""name"":""polygon"",""all_points_x"":[2360,2314,2316,2362],""all_points_y"":[1943,1904,1903,1942]}",{}
7.png,37748874,{},1273,841,"{""name"":""polygon"",""all_points_x"":[2157,2179,2182,2161],""all_points_y"":[2075,1980,1981,2076]}",{}
7.png,37748874,{},1273,842,"{""name"":""polygon"",""all_points_x"":[2257,2266,2277,2280,2269,2260],""all_points_y"":[2171,2100,2024,2024,2110,2172]}",{}
7.png,37748874,{},1273,843,"{""name"":""polygon"",""all_points_x"":[2252,2206,2173,2175,2225,2255],""all_points_y"":[2182,2112,2061,2060,2138,2179]}",{}
7.png,37748874,{},1273,844,"{""name"":""polygon"",""all_points_x"":[1945,2000,2051,2053,2005,1947],""all_points_y"":[2212,2150,2097,2099,2149,2213]}",{}
7.png,37748874,{},1273,845,"{""name"":""polygon"",""all_points_x"":[2061,2085,2088,2066],""all_points_y"":[2262,2137,2137,2261]}",{}
7.png,37748874,{},1273,846,"{""name"":""polygon"",""all_points_x"":[2193,2128,2132,2196],""all_points_y"":[2182,2108,2106,2179]}",{}
7.png,37748874,{},1273,847,"{""name"":""polygon"",""all_points_x"":[2176,2151,2148,2172],""all_points_y"":[2151,2068,2068,2151]}",{}
7.png,37748874,{},1273,848,"{""name"":""polygon"",""all_points_x"":[2296,2333,2378,2381,2332,2302],""all_points_y"":[2234,2163,2065,2068,2172,2236]}",{}
7.png,37748874,{},1273,849,"{""name"":""polygon"",""all_points_x"":[2379,2392,2404,2407,2395,2382],""all_points_y"":[2193,2121,2047,2047,2128,2191]}",{}
7.png,37748874,{},1273,850,"{""name"":""polygon"",""all_points_x"":[2411,2414,2416,2419,2416,2414],""all_points_y"":[2168,2092,2047,2047,2116,2167]}",{}
7.png,37748874,{},1273,851,"{""name"":""polygon"",""all_points_x"":[2457,2453,2453,2454,2458,2460,2463,2459,2457,2456,2460],""all_points_y"":[2175,2142,2104,2076,2030,1999,2001,2058,2094,2123,2172]}",{}
7.png,37748874,{},1273,852,"{""name"":""polygon"",""all_points_x"":[2050,2048,2046,2046,2048,2049,2050,2053],""all_points_y"":[2270,2231,2193,2118,2118,2171,2211,2269]}",{}
7.png,37748874,{},1273,853,"{""name"":""polygon"",""all_points_x"":[2232,2226,2223,2226,2230,2234],""all_points_y"":[2175,2134,2092,2092,2139,2173]}",{}
7.png,37748874,{},1273,854,"{""name"":""polygon"",""all_points_x"":[2057,2088,2117,2119,2090,2061],""all_points_y"":[2341,2294,2247,2249,2298,2343]}",{}
7.png,37748874,{},1273,855,"{""name"":""polygon"",""all_points_x"":[2085,2123,2154,2170,2172,2150,2127,2089],""all_points_y"":[2351,2282,2223,2186,2187,2236,2279,2351]}",{}
7.png,37748874,{},1273,856,"{""name"":""polygon"",""all_points_x"":[2140,2167,2214,2216,2177,2142],""all_points_y"":[2317,2273,2187,2188,2262,2317]}",{}
7.png,37748874,{},1273,857,"{""name"":""polygon"",""all_points_x"":[2125,2144,2147,2129],""all_points_y"":[2331,2263,2264,2330]}",{}
7.png,37748874,{},1273,858,"{""name"":""polygon"",""all_points_x"":[2108,2145,2198,2200,2149,2111],""all_points_y"":[2367,2338,2292,2295,2339,2369]}",{}
7.png,37748874,{},1273,859,"{""name"":""polygon"",""all_points_x"":[2214,2237,2240,2220],""all_points_y"":[2375,2285,2287,2373]}",{}
7.png,37748874,{},1273,860,"{""name"":""polygon"",""all_points_x"":[2173,2202,2234,2236,2207,2175],""all_points_y"":[2391,2363,2334,2337,2363,2393]}",{}
7.png,37748874,{},1273,861,"{""name"":""polygon"",""all_points_x"":[2290,2314,2337,2339,2315,2292],""all_points_y"":[2305,2261,2220,2222,2264,2306]}",{}
7.png,37748874,{},1273,862,"{""name"":""polygon"",""all_points_x"":[2289,2311,2335,2338,2310,2292],""all_points_y"":[2342,2291,2235,2237,2303,2344]}",{}
7.png,37748874,{},1273,863,"{""name"":""polygon"",""all_points_x"":[2276,2295,2309,2311,2295,2280],""all_points_y"":[2345,2306,2283,2284,2314,2345]}",{}
7.png,37748874,{},1273,864,"{""name"":""polygon"",""all_points_x"":[2352,2372,2376,2355],""all_points_y"":[2327,2249,2250,2328]}",{}
7.png,37748874,{},1273,865,"{""name"":""polygon"",""all_points_x"":[2406,2448,2450,2409],""all_points_y"":[2337,2286,2287,2339]}",{}
7.png,37748874,{},1273,866,"{""name"":""polygon"",""all_points_x"":[2182,2279,2280,2185],""all_points_y"":[2403,2362,2365,2405]}",{}
7.png,37748874,{},1273,867,"{""name"":""polygon"",""all_points_x"":[1938,1984,2035,2034,1983,1938],""all_points_y"":[2484,2486,2488,2491,2489,2487]}",{}
7.png,37748874,{},1273,868,"{""name"":""polygon"",""all_points_x"":[1994,2065,2067,1998],""all_points_y"":[2452,2404,2406,2454]}",{}
7.png,37748874,{},1273,869,"{""name"":""polygon"",""all_points_x"":[2180,2232,2277,2319,2368,2369,2311,2261,2219,2180],""all_points_y"":[2435,2421,2408,2399,2389,2392,2403,2415,2427,2438]}",{}
7.png,37748874,{},1273,870,"{""name"":""polygon"",""all_points_x"":[2327,2343,2363,2365,2345,2330],""all_points_y"":[2334,2305,2273,2274,2308,2334]}",{}
7.png,37748874,{},1273,871,"{""name"":""polygon"",""all_points_x"":[1957,2042,2045,1961],""all_points_y"":[2559,2449,2452,2560]}",{}
7.png,37748874,{},1273,872,"{""name"":""polygon"",""all_points_x"":[1964,2019,2022,1968],""all_points_y"":[2574,2516,2519,2576]}",{}
7.png,37748874,{},1273,873,"{""name"":""polygon"",""all_points_x"":[2064,2057,2055,2057,2061,2067],""all_points_y"":[2614,2560,2515,2515,2564,2612]}",{}
7.png,37748874,{},1273,874,"{""name"":""polygon"",""all_points_x"":[1968,2019,2066,2067,2024,1971],""all_points_y"":[2615,2597,2580,2582,2598,2617]}",{}
7.png,37748874,{},1273,875,"{""name"":""polygon"",""all_points_x"":[2212,2284,2284,2212],""all_points_y"":[2452,2462,2465,2455]}",{}
7.png,37748874,{},1273,876,"{""name"":""polygon"",""all_points_x"":[2295,2336,2359,2377,2413,2414,2373,2351,2341,2296],""all_points_y"":[2523,2502,2489,2480,2459,2462,2485,2496,2502,2525]}",{}
7.png,37748874,{},1273,877,"{""name"":""polygon"",""all_points_x"":[2331,2345,2357,2374,2378,2359,2348,2335],""all_points_y"":[2561,2517,2479,2430,2431,2484,2516,2560]}",{}
7.png,37748874,{},1273,878,"{""name"":""polygon"",""all_points_x"":[2246,2288,2313,2326,2327,2310,2288,2250],""all_points_y"":[2564,2514,2483,2471,2473,2493,2517,2565]}",{}
7.png,37748874,{},1273,879,"{""name"":""polygon"",""all_points_x"":[2017,1995,1998,2020],""all_points_y"":[2399,2450,2452,2402]}",{}
7.png,37748874,{},1273,880,"{""name"":""polygon"",""all_points_x"":[2221,2295,2294,2222],""all_points_y"":[2475,2467,2470,2478]}",{}
7.png,37748874,{},1273,881,"{""name"":""polygon"",""all_points_x"":[2219,2264,2264,2216],""all_points_y"":[2446,2441,2444,2450]}",{}
7.png,37748874,{},1273,882,"{""name"":""polygon"",""all_points_x"":[2459,2458,2460,2463],""all_points_y"":[2506,2414,2414,2505]}",{}
7.png,37748874,{},1273,883,"{""name"":""polygon"",""all_points_x"":[2277,2246,2208,2208,2240,2276],""all_points_y"":[2396,2396,2395,2398,2398,2398]}",{}
7.png,37748874,{},1273,884,"{""name"":""polygon"",""all_points_x"":[2172,2224,2225,2175],""all_points_y"":[2428,2401,2403,2431]}",{}
7.png,37748874,{},1273,885,"{""name"":""polygon"",""all_points_x"":[2281,2307,2332,2334,2309,2284],""all_points_y"":[2456,2434,2415,2416,2435,2458]}",{}
7.png,37748874,{},1273,886,"{""name"":""polygon"",""all_points_x"":[2426,2441,2453,2456,2441,2431],""all_points_y"":[2507,2465,2435,2438,2473,2504]}",{}
7.png,37748874,{},1273,887,"{""name"":""polygon"",""all_points_x"":[2021,2067,2104,2107,2077,2026],""all_points_y"":[2658,2590,2531,2535,2584,2660]}",{}
7.png,37748874,{},1273,888,"{""name"":""polygon"",""all_points_x"":[2125,2206,2209,2129],""all_points_y"":[2639,2531,2532,2642]}",{}
7.png,37748874,{},1273,889,"{""name"":""polygon"",""all_points_x"":[2104,2161,2215,2218,2157,2106],""all_points_y"":[2618,2583,2551,2553,2589,2621]}",{}
7.png,37748874,{},1273,890,"{""name"":""polygon"",""all_points_x"":[2181,2233,2280,2282,2227,2185],""all_points_y"":[2642,2568,2505,2506,2583,2642]}",{}
7.png,37748874,{},1273,891,"{""name"":""polygon"",""all_points_x"":[2181,2267,2341,2343,2266,2183],""all_points_y"":[2666,2623,2581,2584,2628,2670]}",{}
7.png,37748874,{},1273,892,"{""name"":""polygon"",""all_points_x"":[2253,2283,2333,2335,2297,2256],""all_points_y"":[2720,2687,2627,2630,2675,2722]}",{}
7.png,37748874,{},1273,893,"{""name"":""polygon"",""all_points_x"":[2357,2416,2445,2464,2465,2430,2398,2362],""all_points_y"":[2571,2520,2496,2479,2482,2511,2540,2573]}",{}
7.png,37748874,{},1273,894,"{""name"":""polygon"",""all_points_x"":[2335,2338,2345,2349,2353,2341,2338],""all_points_y"":[2679,2640,2564,2516,2516,2640,2679]}",{}
7.png,37748874,{},1273,895,"{""name"":""polygon"",""all_points_x"":[2375,2388,2401,2410,2418,2421,2407,2391,2378],""all_points_y"":[2669,2605,2549,2509,2479,2480,2535,2602,2670]}",{}
7.png,37748874,{},1273,896,"{""name"":""polygon"",""all_points_x"":[2278,2318,2358,2384,2385,2361,2322,2282],""all_points_y"":[2613,2566,2529,2511,2512,2533,2569,2613]}",{}
7.png,37748874,{},1273,897,"{""name"":""polygon"",""all_points_x"":[2183,2199,2214,2235,2237,2216,2201,2186],""all_points_y"":[2765,2723,2680,2631,2632,2683,2722,2766]}",{}
7.png,37748874,{},1273,898,"{""name"":""polygon"",""all_points_x"":[1953,1972,2003,2005,1956],""all_points_y"":[2784,2763,2731,2732,2786]}",{}
7.png,37748874,{},1273,899,"{""name"":""polygon"",""all_points_x"":[2232,2264,2292,2316,2316,2282,2235],""all_points_y"":[2714,2703,2693,2682,2684,2699,2715]}",{}
7.png,37748874,{},1273,900,"{""name"":""polygon"",""all_points_x"":[2470,2446,2422,2409,2412,2429,2472],""all_points_y"":[2561,2614,2669,2698,2700,2658,2564]}",{}
7.png,37748874,{},1273,901,"{""name"":""polygon"",""all_points_x"":[1957,2019,2020,1959],""all_points_y"":[2852,2809,2811,2853]}",{}
7.png,37748874,{},1273,902,"{""name"":""polygon"",""all_points_x"":[2167,2158,2152,2156,2161,2170],""all_points_y"":[2956,2907,2859,2859,2908,2954]}",{}
7.png,37748874,{},1273,903,"{""name"":""polygon"",""all_points_x"":[2091,2166,2166,2093],""all_points_y"":[2882,2843,2846,2884]}",{}
7.png,37748874,{},1273,904,"{""name"":""polygon"",""all_points_x"":[1848,1951,1952,1849],""all_points_y"":[2870,2918,2914,2868]}",{}
7.png,37748874,{},1273,905,"{""name"":""polygon"",""all_points_x"":[2314,2379,2406,2409,2372,2318],""all_points_y"":[2958,2876,2843,2846,2891,2959]}",{}
7.png,37748874,{},1273,906,"{""name"":""polygon"",""all_points_x"":[2204,2240,2243,2208],""all_points_y"":[3071,3014,3016,3070]}",{}
7.png,37748874,{},1273,907,"{""name"":""polygon"",""all_points_x"":[2303,2400,2400,2304],""all_points_y"":[3042,3026,3029,3045]}",{}
7.png,37748874,{},1273,908,"{""name"":""polygon"",""all_points_x"":[2163,2218,2218,2164],""all_points_y"":[2732,2720,2723,2736]}",{}
7.png,37748874,{},1273,909,"{""name"":""polygon"",""all_points_x"":[2408,2384,2387,2410],""all_points_y"":[2653,2702,2703,2656]}",{}
7.png,37748874,{},1273,910,"{""name"":""polygon"",""all_points_x"":[2308,2318,2321,2311],""all_points_y"":[820,764,765,820]}",{}
7.png,37748874,{},1273,911,"{""name"":""polygon"",""all_points_x"":[2210,2245,2248,2212],""all_points_y"":[673,728,725,672]}",{}
7.png,37748874,{},1273,912,"{""name"":""polygon"",""all_points_x"":[2639,2614,2618,2642],""all_points_y"":[110,38,36,106]}",{}
7.png,37748874,{},1273,913,"{""name"":""polygon"",""all_points_x"":[2656,2615,2560,2563,2615,2663],""all_points_y"":[0,27,63,66,31,1]}",{}
7.png,37748874,{},1273,914,"{""name"":""polygon"",""all_points_x"":[2701,2722,2749,2751,2729,2705],""all_points_y"":[1,25,57,55,30,1]}",{}
7.png,37748874,{},1273,915,"{""name"":""polygon"",""all_points_x"":[2780,2769,2760,2762,2772,2782],""all_points_y"":[112,90,61,61,87,110]}",{}
7.png,37748874,{},1273,916,"{""name"":""polygon"",""all_points_x"":[2739,2705,2662,2662,2696,2738],""all_points_y"":[129,128,128,130,131,132]}",{}
7.png,37748874,{},1273,917,"{""name"":""polygon"",""all_points_x"":[2654,2703,2704,2656],""all_points_y"":[78,112,109,76]}",{}
7.png,37748874,{},1273,918,"{""name"":""polygon"",""all_points_x"":[2796,2852,2903,2905,2851,2798],""all_points_y"":[122,70,30,31,76,124]}",{}
7.png,37748874,{},1273,919,"{""name"":""polygon"",""all_points_x"":[2891,2847,2813,2810,2846,2888],""all_points_y"":[47,91,127,125,86,45]}",{}
7.png,37748874,{},1273,920,"{""name"":""polygon"",""all_points_x"":[2813,2844,2884,2887,2850,2817],""all_points_y"":[133,99,62,64,97,132]}",{}
7.png,37748874,{},1273,921,"{""name"":""polygon"",""all_points_x"":[2891,2891,2893,2897,2895,2895],""all_points_y"":[227,173,113,113,172,227]}",{}
7.png,37748874,{},1273,922,"{""name"":""polygon"",""all_points_x"":[2500,2506,2510,2514,2509,2503],""all_points_y"":[460,393,298,297,397,460]}",{}
7.png,37748874,{},1273,923,"{""name"":""polygon"",""all_points_x"":[2518,2519,2516,2520,2522,2522],""all_points_y"":[460,389,324,324,396,461]}",{}
7.png,37748874,{},1273,924,"{""name"":""polygon"",""all_points_x"":[2561,2571,2581,2584,2573,2564],""all_points_y"":[379,327,275,275,331,378]}",{}
7.png,37748874,{},1273,925,"{""name"":""polygon"",""all_points_x"":[2774,2730,2700,2703,2739,2775],""all_points_y"":[358,299,255,253,306,355]}",{}
7.png,37748874,{},1273,926,"{""name"":""polygon"",""all_points_x"":[2744,2725,2729,2747],""all_points_y"":[359,319,317,358]}",{}
7.png,37748874,{},1273,927,"{""name"":""polygon"",""all_points_x"":[2785,2764,2751,2754,2771,2788],""all_points_y"":[341,280,237,236,289,341]}",{}
7.png,37748874,{},1273,928,"{""name"":""polygon"",""all_points_x"":[2822,2807,2811,2827],""all_points_y"":[454,368,367,452]}",{}
7.png,37748874,{},1273,929,"{""name"":""polygon"",""all_points_x"":[2868,2861,2854,2856,2867,2871],""all_points_y"":[451,414,378,377,424,453]}",{}
7.png,37748874,{},1273,930,"{""name"":""polygon"",""all_points_x"":[2787,2802,2821,2824,2810,2791],""all_points_y"":[223,261,305,303,271,223]}",{}
7.png,37748874,{},1273,931,"{""name"":""polygon"",""all_points_x"":[2823,2809,2799,2802,2814,2825],""all_points_y"":[285,251,223,222,255,283]}",{}
7.png,37748874,{},1273,932,"{""name"":""polygon"",""all_points_x"":[2577,2587,2596,2599,2590,2580],""all_points_y"":[501,444,386,387,455,500]}",{}
7.png,37748874,{},1273,933,"{""name"":""polygon"",""all_points_x"":[2573,2581,2588,2592,2583,2576],""all_points_y"":[454,405,360,362,414,455]}",{}
7.png,37748874,{},1273,934,"{""name"":""polygon"",""all_points_x"":[2572,2578,2594,2598,2583,2575],""all_points_y"":[491,446,365,366,441,491]}",{}
7.png,37748874,{},1273,935,"{""name"":""polygon"",""all_points_x"":[2570,2553,2537,2540,2559,2573],""all_points_y"":[582,503,424,423,515,580]}",{}
7.png,37748874,{},1273,936,"{""name"":""polygon"",""all_points_x"":[2452,2464,2472,2475,2465,2456],""all_points_y"":[587,554,512,514,561,586]}",{}
7.png,37748874,{},1273,937,"{""name"":""polygon"",""all_points_x"":[2605,2584,2559,2562,2585,2606],""all_points_y"":[551,522,484,482,518,546]}",{}
7.png,37748874,{},1273,938,"{""name"":""polygon"",""all_points_x"":[2608,2622,2627,2613],""all_points_y"":[690,530,530,691]}",{}
7.png,37748874,{},1273,939,"{""name"":""polygon"",""all_points_x"":[2617,2618,2623,2621],""all_points_y"":[721,670,670,721]}",{}
7.png,37748874,{},1273,940,"{""name"":""polygon"",""all_points_x"":[2725,2683,2687,2728],""all_points_y"":[673,590,588,669]}",{}
7.png,37748874,{},1273,941,"{""name"":""polygon"",""all_points_x"":[2749,2682,2685,2751],""all_points_y"":[615,558,556,610]}",{}
7.png,37748874,{},1273,942,"{""name"":""polygon"",""all_points_x"":[2480,2453,2430,2433,2459,2481],""all_points_y"":[663,605,557,555,613,660]}",{}
7.png,37748874,{},1273,943,"{""name"":""polygon"",""all_points_x"":[2896,2843,2793,2798,2852,2900],""all_points_y"":[754,675,600,597,681,750]}",{}
7.png,37748874,{},1273,944,"{""name"":""polygon"",""all_points_x"":[2522,2491,2470,2449,2451,2472,2492,2525],""all_points_y"":[892,808,753,701,700,751,799,887]}",{}
7.png,37748874,{},1273,945,"{""name"":""polygon"",""all_points_x"":[2627,2586,2521,2524,2572,2629],""all_points_y"":[830,802,757,755,789,828]}",{}
7.png,37748874,{},1273,946,"{""name"":""polygon"",""all_points_x"":[2806,2745,2749,2810],""all_points_y"":[777,693,691,776]}",{}
7.png,37748874,{},1273,947,"{""name"":""polygon"",""all_points_x"":[2741,2706,2680,2684,2712,2742],""all_points_y"":[816,757,710,709,762,814]}",{}
7.png,37748874,{},1273,948,"{""name"":""polygon"",""all_points_x"":[2755,2711,2669,2672,2713,2756],""all_points_y"":[798,744,693,691,743,795]}",{}
7.png,37748874,{},1273,949,"{""name"":""polygon"",""all_points_x"":[2799,2765,2769,2801],""all_points_y"":[898,811,810,893]}",{}
7.png,37748874,{},1273,950,"{""name"":""polygon"",""all_points_x"":[2873,2747,2747,2873],""all_points_y"":[881,842,837,878]}",{}
7.png,37748874,{},1273,951,"{""name"":""polygon"",""all_points_x"":[2751,2704,2667,2651,2652,2677,2751],""all_points_y"":[833,802,777,770,765,779,831]}",{}
7.png,37748874,{},1273,952,"{""name"":""polygon"",""all_points_x"":[2731,2670,2611,2583,2585,2640,2701,2733],""all_points_y"":[900,834,765,729,727,792,862,896]}",{}
7.png,37748874,{},1273,953,"{""name"":""polygon"",""all_points_x"":[2779,2693,2695,2780],""all_points_y"":[913,849,846,909]}",{}
7.png,37748874,{},1273,954,"{""name"":""polygon"",""all_points_x"":[2530,2486,2441,2444,2490,2533],""all_points_y"":[1057,994,919,918,993,1055]}",{}
7.png,37748874,{},1273,955,"{""name"":""polygon"",""all_points_x"":[2517,2447,2450,2521],""all_points_y"":[1025,847,846,1022]}",{}
7.png,37748874,{},1273,956,"{""name"":""polygon"",""all_points_x"":[2574,2527,2506,2509,2545,2577],""all_points_y"":[1078,992,948,947,1017,1076]}",{}
7.png,37748874,{},1273,957,"{""name"":""polygon"",""all_points_x"":[2596,2555,2558,2598],""all_points_y"":[1088,1005,1004,1086]}",{}
7.png,37748874,{},1273,958,"{""name"":""polygon"",""all_points_x"":[2691,2629,2632,2692],""all_points_y"":[966,924,919,962]}",{}
7.png,37748874,{},1273,959,"{""name"":""polygon"",""all_points_x"":[2627,2656,2685,2687,2658,2630],""all_points_y"":[1077,1046,1007,1009,1047,1078]}",{}
7.png,37748874,{},1273,960,"{""name"":""polygon"",""all_points_x"":[2647,2699,2760,2763,2706,2649],""all_points_y"":[1016,1074,1134,1131,1076,1014]}",{}
7.png,37748874,{},1273,961,"{""name"":""polygon"",""all_points_x"":[2684,2729,2767,2769,2726,2687],""all_points_y"":[1043,1094,1132,1130,1086,1042]}",{}
7.png,37748874,{},1273,962,"{""name"":""polygon"",""all_points_x"":[2699,2718,2737,2739,2719,2702],""all_points_y"":[999,1051,1094,1093,1046,999]}",{}
7.png,37748874,{},1273,963,"{""name"":""polygon"",""all_points_x"":[2903,2844,2782,2784,2844,2906],""all_points_y"":[1112,1054,992,990,1051,1108]}",{}
7.png,37748874,{},1273,964,"{""name"":""polygon"",""all_points_x"":[2908,2878,2863,2866,2888,2910],""all_points_y"":[1138,1061,1010,1009,1076,1136]}",{}
7.png,37748874,{},1273,965,"{""name"":""polygon"",""all_points_x"":[2828,2770,2716,2719,2773,2831],""all_points_y"":[1129,1046,960,958,1044,1126]}",{}
7.png,37748874,{},1273,966,"{""name"":""polygon"",""all_points_x"":[2767,2705,2670,2623,2622,2664,2710,2765],""all_points_y"":[1159,1169,1174,1179,1176,1172,1165,1157]}",{}
7.png,37748874,{},1273,967,"{""name"":""polygon"",""all_points_x"":[2612,2658,2713,2764,2764,2688,2611],""all_points_y"":[1129,1137,1144,1149,1145,1138,1126]}",{}
7.png,37748874,{},1273,968,"{""name"":""polygon"",""all_points_x"":[2755,2723,2668,2632,2609,2609,2636,2660,2705,2755],""all_points_y"":[1150,1152,1153,1149,1150,1152,1152,1155,1156,1152]}",{}
7.png,37748874,{},1273,969,"{""name"":""polygon"",""all_points_x"":[2878,2896,2918,2921,2898,2882],""all_points_y"":[1311,1233,1158,1159,1242,1310]}",{}
7.png,37748874,{},1273,970,"{""name"":""polygon"",""all_points_x"":[2868,2882,2886,2872],""all_points_y"":[1335,1233,1234,1335]}",{}
7.png,37748874,{},1273,971,"{""name"":""polygon"",""all_points_x"":[2764,2704,2651,2650,2704,2762],""all_points_y"":[1268,1253,1240,1244,1257,1271]}",{}
7.png,37748874,{},1273,972,"{""name"":""polygon"",""all_points_x"":[2761,2710,2656,2656,2707,2761],""all_points_y"":[1276,1265,1256,1252,1262,1273]}",{}
7.png,37748874,{},1273,973,"{""name"":""polygon"",""all_points_x"":[2611,2604,2592,2595,2607,2615],""all_points_y"":[1262,1214,1145,1145,1213,1261]}",{}
7.png,37748874,{},1273,974,"{""name"":""polygon"",""all_points_x"":[2596,2581,2557,2559,2585,2599],""all_points_y"":[1328,1266,1181,1181,1272,1327]}",{}
7.png,37748874,{},1273,975,"{""name"":""polygon"",""all_points_x"":[2566,2576,2586,2588,2579,2570],""all_points_y"":[1182,1226,1274,1274,1228,1180]}",{}
7.png,37748874,{},1273,976,"{""name"":""polygon"",""all_points_x"":[2488,2463,2455,2439,2442,2461,2470,2491],""all_points_y"":[1427,1352,1322,1271,1270,1330,1360,1425]}",{}
7.png,37748874,{},1273,977,"{""name"":""polygon"",""all_points_x"":[2502,2476,2479,2505],""all_points_y"":[1430,1344,1343,1428]}",{}
7.png,37748874,{},1273,978,"{""name"":""polygon"",""all_points_x"":[2531,2501,2478,2458,2461,2489,2504,2535],""all_points_y"":[1371,1325,1278,1239,1236,1294,1324,1371]}",{}
7.png,37748874,{},1273,979,"{""name"":""polygon"",""all_points_x"":[2555,2524,2502,2505,2531,2556],""all_points_y"":[1339,1287,1250,1248,1293,1336]}",{}
7.png,37748874,{},1273,980,"{""name"":""polygon"",""all_points_x"":[2585,2574,2565,2558,2560,2573,2589],""all_points_y"":[1433,1377,1318,1281,1280,1353,1430]}",{}
7.png,37748874,{},1273,981,"{""name"":""polygon"",""all_points_x"":[2611,2610,2613,2614],""all_points_y"":[1420,1307,1308,1420]}",{}
7.png,37748874,{},1273,982,"{""name"":""polygon"",""all_points_x"":[2761,2783,2788,2765],""all_points_y"":[1425,1301,1301,1425]}",{}
7.png,37748874,{},1273,983,"{""name"":""polygon"",""all_points_x"":[2641,2664,2685,2688,2665,2645],""all_points_y"":[1546,1456,1355,1357,1464,1546]}",{}
7.png,37748874,{},1273,984,"{""name"":""polygon"",""all_points_x"":[2490,2445,2449,2492],""all_points_y"":[1497,1361,1360,1493]}",{}
7.png,37748874,{},1273,985,"{""name"":""polygon"",""all_points_x"":[2529,2518,2522,2534],""all_points_y"":[1596,1465,1464,1594]}",{}
7.png,37748874,{},1273,986,"{""name"":""polygon"",""all_points_x"":[2557,2549,2540,2543,2560],""all_points_y"":[1475,1435,1385,1384,1473]}",{}
7.png,37748874,{},1273,987,"{""name"":""polygon"",""all_points_x"":[2750,2732,2717,2708,2710,2725,2736,2752],""all_points_y"":[1627,1575,1518,1480,1480,1536,1577,1625]}",{}
7.png,37748874,{},1273,988,"{""name"":""polygon"",""all_points_x"":[2741,2739,2741,2743,2746,2744,2744,2744],""all_points_y"":[1584,1452,1402,1360,1361,1405,1493,1588]}",{}
7.png,37748874,{},1273,989,"{""name"":""polygon"",""all_points_x"":[2825,2846,2850,2830],""all_points_y"":[1485,1384,1386,1485]}",{}
7.png,37748874,{},1273,990,"{""name"":""polygon"",""all_points_x"":[2765,2791,2813,2816,2793,2769],""all_points_y"":[1652,1542,1447,1449,1553,1654]}",{}
7.png,37748874,{},1273,991,"{""name"":""polygon"",""all_points_x"":[2901,2918,2925,2930,2934,2927,2921,2906],""all_points_y"":[1654,1587,1543,1485,1485,1550,1585,1655]}",{}
7.png,37748874,{},1273,992,"{""name"":""polygon"",""all_points_x"":[2775,2768,2771,2777],""all_points_y"":[1592,1507,1507,1590]}",{}
7.png,37748874,{},1273,993,"{""name"":""polygon"",""all_points_x"":[2898,2867,2851,2832,2834,2855,2876,2900],""all_points_y"":[1429,1492,1527,1575,1574,1526,1481,1430]}",{}
7.png,37748874,{},1273,994,"{""name"":""polygon"",""all_points_x"":[2910,2892,2880,2872,2869,2872,2876,2885,2896,2913],""all_points_y"":[1500,1549,1593,1631,1655,1655,1628,1584,1549,1502]}",{}
7.png,37748874,{},1273,995,"{""name"":""polygon"",""all_points_x"":[2544,2545,2542,2546,2549,2549],""all_points_y"":[1687,1645,1591,1590,1652,1689]}",{}
7.png,37748874,{},1273,996,"{""name"":""polygon"",""all_points_x"":[2612,2617,2620,2620,2623,2624,2620,2616],""all_points_y"":[1725,1656,1591,1520,1520,1586,1657,1724]}",{}
7.png,37748874,{},1273,997,"{""name"":""polygon"",""all_points_x"":[2635,2650,2662,2665,2650,2639],""all_points_y"":[1694,1631,1575,1576,1648,1694]}",{}
7.png,37748874,{},1273,998,"{""name"":""polygon"",""all_points_x"":[2560,2587,2631,2634,2587,2564],""all_points_y"":[1576,1615,1692,1689,1608,1575]}",{}
7.png,37748874,{},1273,999,"{""name"":""polygon"",""all_points_x"":[2868,2865,2862,2862,2865,2866,2868,2870],""all_points_y"":[1695,1647,1588,1537,1537,1587,1636,1694]}",{}
7.png,37748874,{},1273,1000,"{""name"":""polygon"",""all_points_x"":[2877,2852,2854,2880],""all_points_y"":[1732,1654,1653,1730]}",{}
7.png,37748874,{},1273,1001,"{""name"":""polygon"",""all_points_x"":[2770,2784,2801,2804,2786,2773],""all_points_y"":[1731,1658,1591,1593,1665,1731]}",{}
7.png,37748874,{},1273,1002,"{""name"":""polygon"",""all_points_x"":[2789,2811,2840,2843,2812,2792],""all_points_y"":[1798,1737,1657,1658,1744,1798]}",{}
7.png,37748874,{},1273,1003,"{""name"":""polygon"",""all_points_x"":[2790,2817,2844,2846,2818,2794],""all_points_y"":[1669,1638,1603,1605,1643,1671]}",{}
7.png,37748874,{},1273,1004,"{""name"":""polygon"",""all_points_x"":[2596,2598,2600,2599],""all_points_y"":[1750,1624,1624,1750]}",{}
7.png,37748874,{},1273,1005,"{""name"":""polygon"",""all_points_x"":[2879,2897,2899,2882],""all_points_y"":[1799,1722,1723,1801]}",{}
7.png,37748874,{},1273,1006,"{""name"":""polygon"",""all_points_x"":[2663,2667,2669,2672,2669,2666],""all_points_y"":[1720,1665,1611,1611,1674,1720]}",{}
7.png,37748874,{},1273,1007,"{""name"":""polygon"",""all_points_x"":[2558,2560,2565,2568,2564,2562],""all_points_y"":[1839,1788,1737,1738,1790,1840]}",{}
7.png,37748874,{},1273,1008,"{""name"":""polygon"",""all_points_x"":[2643,2662,2672,2684,2687,2672,2660,2647],""all_points_y"":[1828,1748,1701,1658,1660,1718,1771,1827]}",{}
7.png,37748874,{},1273,1009,"{""name"":""polygon"",""all_points_x"":[2632,2686,2701,2704,2679,2635],""all_points_y"":[1878,1747,1708,1710,1774,1879]}",{}
7.png,37748874,{},1273,1010,"{""name"":""polygon"",""all_points_x"":[2592,2630,2635,2597],""all_points_y"":[1914,1766,1768,1916]}",{}
7.png,37748874,{},1273,1011,"{""name"":""polygon"",""all_points_x"":[2583,2595,2597,2585],""all_points_y"":[1910,1837,1838,1910]}",{}
7.png,37748874,{},1273,1012,"{""name"":""polygon"",""all_points_x"":[2626,2654,2695,2698,2665,2630],""all_points_y"":[1974,1921,1831,1834,1907,1977]}",{}
7.png,37748874,{},1273,1013,"{""name"":""polygon"",""all_points_x"":[2739,2732,2726,2730,2735,2742],""all_points_y"":[1935,1877,1821,1821,1878,1930]}",{}
7.png,37748874,{},1273,1014,"{""name"":""polygon"",""all_points_x"":[2674,2706,2737,2740,2707,2680],""all_points_y"":[1962,1901,1838,1839,1909,1964]}",{}
7.png,37748874,{},1273,1015,"{""name"":""polygon"",""all_points_x"":[2645,2698,2700,2647],""all_points_y"":[1863,1740,1741,1864]}",{}
7.png,37748874,{},1273,1016,"{""name"":""polygon"",""all_points_x"":[2826,2863,2897,2899,2861,2830],""all_points_y"":[1910,1870,1826,1828,1877,1912]}",{}
7.png,37748874,{},1273,1017,"{""name"":""polygon"",""all_points_x"":[2696,2727,2762,2766,2731,2700],""all_points_y"":[2008,1929,1844,1845,1930,2010]}",{}
7.png,37748874,{},1273,1018,"{""name"":""polygon"",""all_points_x"":[2709,2735,2758,2760,2735,2712],""all_points_y"":[2009,1962,1913,1915,1970,2010]}",{}
7.png,37748874,{},1273,1019,"{""name"":""polygon"",""all_points_x"":[2558,2562,2559,2561,2564,2561],""all_points_y"":[2035,1984,1899,1899,1968,2035]}",{}
7.png,37748874,{},1273,1020,"{""name"":""polygon"",""all_points_x"":[2645,2760,2762,2649],""all_points_y"":[2013,2101,2098,2010]}",{}
7.png,37748874,{},1273,1021,"{""name"":""polygon"",""all_points_x"":[2482,2528,2563,2565,2529,2485],""all_points_y"":[2073,2017,1972,1974,2021,2075]}",{}
7.png,37748874,{},1273,1022,"{""name"":""polygon"",""all_points_x"":[2470,2492,2495,2473],""all_points_y"":[2019,1942,1943,2019]}",{}
7.png,37748874,{},1273,1023,"{""name"":""polygon"",""all_points_x"":[2504,2491,2495,2508],""all_points_y"":[2005,1894,1894,2007]}",{}
7.png,37748874,{},1273,1024,"{""name"":""polygon"",""all_points_x"":[2547,2537,2541,2550],""all_points_y"":[2122,2049,2048,2118]}",{}
7.png,37748874,{},1273,1025,"{""name"":""polygon"",""all_points_x"":[2511,2524,2526,2515],""all_points_y"":[2054,1961,1961,2052]}",{}
7.png,37748874,{},1273,1026,"{""name"":""polygon"",""all_points_x"":[2770,2775,2790,2793,2779,2774],""all_points_y"":[2105,2064,1986,1987,2062,2105]}",{}
7.png,37748874,{},1273,1027,"{""name"":""polygon"",""all_points_x"":[2481,2495,2512,2528,2531,2516,2500,2485],""all_points_y"":[2160,2112,2066,2028,2030,2066,2113,2157]}",{}
7.png,37748874,{},1273,1028,"{""name"":""polygon"",""all_points_x"":[2540,2574,2576,2543],""all_points_y"":[2141,2093,2095,2142]}",{}
7.png,37748874,{},1273,1029,"{""name"":""polygon"",""all_points_x"":[2606,2675,2679,2608],""all_points_y"":[2187,2099,2101,2189]}",{}
7.png,37748874,{},1273,1030,"{""name"":""polygon"",""all_points_x"":[2742,2748,2762,2771,2774,2766,2755,2746],""all_points_y"":[2164,2116,2038,2005,2006,2041,2104,2163]}",{}
7.png,37748874,{},1273,1031,"{""name"":""polygon"",""all_points_x"":[2812,2793,2795,2814],""all_points_y"":[2072,2000,1999,2070]}",{}
7.png,37748874,{},1273,1032,"{""name"":""polygon"",""all_points_x"":[2739,2818,2820,2742],""all_points_y"":[2063,1983,1986,2064]}",{}
7.png,37748874,{},1273,1033,"{""name"":""polygon"",""all_points_x"":[2659,2738,2837,2837,2748,2659],""all_points_y"":[2194,2189,2184,2187,2192,2198]}",{}
7.png,37748874,{},1273,1034,"{""name"":""polygon"",""all_points_x"":[2728,2797,2842,2918,2918,2874,2812,2758,2728],""all_points_y"":[2186,2177,2172,2165,2161,2166,2172,2179,2183]}",{}
7.png,37748874,{},1273,1035,"{""name"":""polygon"",""all_points_x"":[2505,2508,2511,2508],""all_points_y"":[2140,2081,2081,2138]}",{}
7.png,37748874,{},1273,1036,"{""name"":""polygon"",""all_points_x"":[2539,2560,2585,2586,2540],""all_points_y"":[2243,2230,2217,2219,2244]}",{}
7.png,37748874,{},1273,1037,"{""name"":""polygon"",""all_points_x"":[2435,2462,2488,2489,2465,2437],""all_points_y"":[2225,2195,2168,2170,2196,2227]}",{}
7.png,37748874,{},1273,1038,"{""name"":""polygon"",""all_points_x"":[2461,2487,2514,2517,2488,2463],""all_points_y"":[2218,2194,2172,2174,2198,2219]}",{}
7.png,37748874,{},1273,1039,"{""name"":""polygon"",""all_points_x"":[2655,2816,2818,2657],""all_points_y"":[2207,2155,2158,2210]}",{}
7.png,37748874,{},1273,1040,"{""name"":""polygon"",""all_points_x"":[2875,2848,2818,2821,2876],""all_points_y"":[2262,2219,2167,2166,2262]}",{}
7.png,37748874,{},1273,1041,"{""name"":""polygon"",""all_points_x"":[2794,2852,2897,2898,2852,2796],""all_points_y"":[2226,2200,2176,2177,2203,2228]}",{}
7.png,37748874,{},1273,1042,"{""name"":""polygon"",""all_points_x"":[2584,2615,2616,2587],""all_points_y"":[2256,2204,2205,2256]}",{}
7.png,37748874,{},1273,1043,"{""name"":""polygon"",""all_points_x"":[2785,2821,2853,2854,2819,2786],""all_points_y"":[2160,2142,2130,2132,2148,2162]}",{}
7.png,37748874,{},1273,1044,"{""name"":""polygon"",""all_points_x"":[2566,2624,2680,2683,2624,2569],""all_points_y"":[2331,2285,2245,2248,2291,2332]}",{}
7.png,37748874,{},1273,1045,"{""name"":""polygon"",""all_points_x"":[2706,2759,2762,2709],""all_points_y"":[2365,2283,2285,2367]}",{}
7.png,37748874,{},1273,1046,"{""name"":""polygon"",""all_points_x"":[2803,2875,2876,2805],""all_points_y"":[2301,2272,2274,2303]}",{}
7.png,37748874,{},1273,1047,"{""name"":""polygon"",""all_points_x"":[2857,2862,2873,2883,2885,2877,2865,2861],""all_points_y"":[2434,2393,2329,2297,2298,2332,2397,2433]}",{}
7.png,37748874,{},1273,1048,"{""name"":""polygon"",""all_points_x"":[2561,2612,2637,2639,2610,2564],""all_points_y"":[2364,2333,2315,2319,2336,2366]}",{}
7.png,37748874,{},1273,1049,"{""name"":""polygon"",""all_points_x"":[2674,2681,2692,2700,2703,2693,2685,2677],""all_points_y"":[2425,2381,2329,2303,2306,2335,2375,2424]}",{}
7.png,37748874,{},1273,1050,"{""name"":""polygon"",""all_points_x"":[2561,2629,2683,2684,2565],""all_points_y"":[2302,2261,2228,2231,2303]}",{}
7.png,37748874,{},1273,1051,"{""name"":""polygon"",""all_points_x"":[2843,2888,2889,2845],""all_points_y"":[2196,2174,2177,2200]}",{}
7.png,37748874,{},1273,1052,"{""name"":""polygon"",""all_points_x"":[2774,2809,2843,2845,2806,2776],""all_points_y"":[2290,2271,2253,2255,2275,2292]}",{}
7.png,37748874,{},1273,1053,"{""name"":""polygon"",""all_points_x"":[2865,2878,2897,2899,2884,2868],""all_points_y"":[2463,2409,2324,2324,2393,2464]}",{}
7.png,37748874,{},1273,1054,"{""name"":""polygon"",""all_points_x"":[2265,2292,2330,2365,2366,2328,2265],""all_points_y"":[2403,2397,2389,2382,2385,2391,2404]}",{}
7.png,37748874,{},1273,1055,"{""name"":""polygon"",""all_points_x"":[2813,2878,2878,2815],""all_points_y"":[2278,2264,2268,2281]}",{}
7.png,37748874,{},1273,1056,"{""name"":""polygon"",""all_points_x"":[2475,2510,2535,2552,2553,2536,2523,2478],""all_points_y"":[2406,2368,2341,2327,2330,2345,2359,2407]}",{}
7.png,37748874,{},1273,1057,"{""name"":""polygon"",""all_points_x"":[2400,2442,2471,2516,2517,2464,2438,2402],""all_points_y"":[2427,2418,2409,2389,2393,2416,2423,2431]}",{}
7.png,37748874,{},1273,1058,"{""name"":""polygon"",""all_points_x"":[2655,2660,2666,2668,2663,2657],""all_points_y"":[2391,2433,2465,2464,2434,2392]}",{}
7.png,37748874,{},1273,1059,"{""name"":""polygon"",""all_points_x"":[2606,2600,2598,2600,2604,2608],""all_points_y"":[2531,2490,2458,2458,2496,2529]}",{}
7.png,37748874,{},1273,1060,"{""name"":""polygon"",""all_points_x"":[2616,2624,2627,2618],""all_points_y"":[2456,2518,2517,2455]}",{}
7.png,37748874,{},1273,1061,"{""name"":""polygon"",""all_points_x"":[2309,2376,2375,2310],""all_points_y"":[2381,2386,2382,2379]}",{}
7.png,37748874,{},1273,1062,"{""name"":""polyline"",""all_points_x"":[2527,2562],""all_points_y"":[2365,2403]}",{}
7.png,37748874,{},1273,1063,"{""name"":""polygon"",""all_points_x"":[2397,2453,2491,2493,2456,2398],""all_points_y"":[2594,2526,2482,2485,2528,2597]}",{}
7.png,37748874,{},1273,1064,"{""name"":""polygon"",""all_points_x"":[2426,2490,2558,2559,2519,2429],""all_points_y"":[2580,2533,2480,2483,2515,2582]}",{}
7.png,37748874,{},1273,1065,"{""name"":""polygon"",""all_points_x"":[2454,2488,2513,2536,2537,2507,2456],""all_points_y"":[2541,2504,2478,2457,2458,2488,2542]}",{}
7.png,37748874,{},1273,1066,"{""name"":""polygon"",""all_points_x"":[2393,2408,2426,2428,2407,2395,2395],""all_points_y"":[2603,2537,2477,2478,2553,2602,2603]}",{}
7.png,37748874,{},1273,1067,"{""name"":""polyline"",""all_points_x"":[2436,2421,2407],""all_points_y"":[2537,2509,2482]}",{}
7.png,37748874,{},1273,1068,"{""name"":""polygon"",""all_points_x"":[2448,2500,2567,2594,2595,2554,2505,2449],""all_points_y"":[2586,2570,2552,2543,2545,2557,2570,2588]}",{}
7.png,37748874,{},1273,1069,"{""name"":""polygon"",""all_points_x"":[2785,2823,2891,2893,2836,2787],""all_points_y"":[2581,2545,2473,2474,2535,2583]}",{}
7.png,37748874,{},1273,1070,"{""name"":""polygon"",""all_points_x"":[2448,2463,2478,2491,2492,2477,2462,2451],""all_points_y"":[2670,2627,2591,2560,2560,2600,2637,2670]}",{}
7.png,37748874,{},1273,1071,"{""name"":""polygon"",""all_points_x"":[2455,2448,2439,2430,2431,2442,2449,2457],""all_points_y"":[2503,2469,2442,2422,2421,2442,2467,2500]}",{}
7.png,37748874,{},1273,1072,"{""name"":""polygon"",""all_points_x"":[2473,2478,2489,2492,2482,2476],""all_points_y"":[2660,2630,2582,2583,2624,2659]}",{}
7.png,37748874,{},1273,1073,"{""name"":""polygon"",""all_points_x"":[2452,2485,2524,2525,2496,2455],""all_points_y"":[2691,2645,2587,2588,2632,2691]}",{}
7.png,37748874,{},1273,1074,"{""name"":""polygon"",""all_points_x"":[2678,2684,2690,2694,2695,2692,2686,2681],""all_points_y"":[2662,2604,2558,2535,2536,2562,2610,2661]}",{}
7.png,37748874,{},1273,1075,"{""name"":""polygon"",""all_points_x"":[2762,2815,2882,2882,2813,2762],""all_points_y"":[2618,2621,2623,2625,2623,2621]}",{}
7.png,37748874,{},1273,1076,"{""name"":""polygon"",""all_points_x"":[2657,2660,2661,2663,2661,2659],""all_points_y"":[2642,2596,2558,2558,2602,2641]}",{}
7.png,37748874,{},1273,1077,"{""name"":""polyline"",""all_points_x"":[2855,2776],""all_points_y"":[2593,2610]}",{}
7.png,37748874,{},1273,1078,"{""name"":""polygon"",""all_points_x"":[2498,2555,2608,2610,2554,2501],""all_points_y"":[2725,2660,2605,2606,2667,2726]}",{}
7.png,37748874,{},1273,1079,"{""name"":""polygon"",""all_points_x"":[2526,2544,2547,2529],""all_points_y"":[2678,2592,2593,2676]}",{}
7.png,37748874,{},1273,1080,"{""name"":""polygon"",""all_points_x"":[2480,2530,2566,2569,2527,2484],""all_points_y"":[2754,2698,2657,2660,2707,2755]}",{}
7.png,37748874,{},1273,1081,"{""name"":""polygon"",""all_points_x"":[2556,2568,2571,2558],""all_points_y"":[2598,2536,2536,2598]}",{}
7.png,37748874,{},1273,1082,"{""name"":""polygon"",""all_points_x"":[2391,2469,2471,2393],""all_points_y"":[2799,2719,2720,2801]}",{}
7.png,37748874,{},1273,1083,"{""name"":""polygon"",""all_points_x"":[2390,2485,2486,2393],""all_points_y"":[2808,2709,2711,2811]}",{}
7.png,37748874,{},1273,1084,"{""name"":""polygon"",""all_points_x"":[2459,2492,2493,2461],""all_points_y"":[2770,2707,2708,2771]}",{}
7.png,37748874,{},1273,1085,"{""name"":""polygon"",""all_points_x"":[2501,2592,2592,2502],""all_points_y"":[2828,2808,2810,2831]}",{}
7.png,37748874,{},1273,1086,"{""name"":""polygon"",""all_points_x"":[2511,2523,2534,2537,2527,2513],""all_points_y"":[2775,2737,2705,2705,2733,2774]}",{}
7.png,37748874,{},1273,1087,"{""name"":""polygon"",""all_points_x"":[2505,2532,2571,2571,2532,2507],""all_points_y"":[2816,2810,2804,2807,2813,2819]}",{}
7.png,37748874,{},1273,1088,"{""name"":""polygon"",""all_points_x"":[2478,2504,2528,2530,2509,2480],""all_points_y"":[2891,2855,2818,2818,2856,2891]}",{}
7.png,37748874,{},1273,1089,"{""name"":""polygon"",""all_points_x"":[2490,2519,2523,2493],""all_points_y"":[2930,2845,2846,2929]}",{}
7.png,37748874,{},1273,1090,"{""name"":""polygon"",""all_points_x"":[2762,2858,2859,2764],""all_points_y"":[2951,2914,2916,2953]}",{}
7.png,37748874,{},1273,1091,"{""name"":""polygon"",""all_points_x"":[2739,2779,2820,2821,2782,2741],""all_points_y"":[2957,2932,2909,2911,2933,2958]}",{}
7.png,37748874,{},1273,1092,"{""name"":""polyline"",""all_points_x"":[2748,2769,2790,2812,2828,2845],""all_points_y"":[2991,3002,3013,3022,3029,3038]}",{}
7.png,37748874,{},1273,1093,"{""name"":""polygon"",""all_points_x"":[2585,2612,2653,2654,2616,2588],""all_points_y"":[2974,2941,2899,2901,2941,2975]}",{}
7.png,37748874,{},1273,1094,"{""name"":""polygon"",""all_points_x"":[2579,2586,2584,2587,2589,2583],""all_points_y"":[321,264,248,248,265,320]}",{}
7.png,37748874,{},1273,1095,"{""name"":""polygon"",""all_points_x"":[2982,2945,2916,2919,2950,2985],""all_points_y"":[359,290,225,225,294,358]}",{}
7.png,37748874,{},1273,1096,"{""name"":""polygon"",""all_points_x"":[2938,2986,2989,2941],""all_points_y"":[258,354,353,257]}",{}
7.png,37748874,{},1273,1097,"{""name"":""polygon"",""all_points_x"":[2998,2855,2858,2997],""all_points_y"":[335,258,255,331]}",{}
7.png,37748874,{},1273,1098,"{""name"":""polygon"",""all_points_x"":[2946,2889,2893,2949],""all_points_y"":[397,251,251,397]}",{}
7.png,37748874,{},1273,1099,"{""name"":""polygon"",""all_points_x"":[3049,3038,3030,3032,3041,3051],""all_points_y"":[348,285,219,219,285,345]}",{}
7.png,37748874,{},1273,1100,"{""name"":""polygon"",""all_points_x"":[3041,3045,3051,3054,3048,3043],""all_points_y"":[216,270,338,337,280,217]}",{}
7.png,37748874,{},1273,1101,"{""name"":""polygon"",""all_points_x"":[3014,2959,2961,3015],""all_points_y"":[347,284,282,344]}",{}
7.png,37748874,{},1273,1102,"{""name"":""polygon"",""all_points_x"":[3070,3053,3029,3032,3054,3070],""all_points_y"":[400,377,336,335,374,397]}",{}
7.png,37748874,{},1273,1103,"{""name"":""polygon"",""all_points_x"":[3038,3027,3018,3021,3030,3040],""all_points_y"":[333,281,234,234,289,333]}",{}
7.png,37748874,{},1273,1104,"{""name"":""polygon"",""all_points_x"":[2985,2948,2877,2878,2944,2985],""all_points_y"":[338,326,291,289,322,335]}",{}
7.png,37748874,{},1273,1105,"{""name"":""polygon"",""all_points_x"":[3002,2887,2889,3003],""all_points_y"":[500,382,380,499]}",{}
7.png,37748874,{},1273,1106,"{""name"":""polygon"",""all_points_x"":[2950,2920,2923,2953],""all_points_y"":[475,423,422,472]}",{}
7.png,37748874,{},1273,1107,"{""name"":""polygon"",""all_points_x"":[2908,3002,3003,2912],""all_points_y"":[393,495,493,393]}",{}
7.png,37748874,{},1273,1108,"{""name"":""polygon"",""all_points_x"":[3006,2824,2824,3004],""all_points_y"":[537,517,520,541]}",{}
7.png,37748874,{},1273,1109,"{""name"":""polygon"",""all_points_x"":[3011,2937,2938,3011],""all_points_y"":[554,576,578,556]}",{}
7.png,37748874,{},1273,1110,"{""name"":""polygon"",""all_points_x"":[3014,3011,3008,3010,3015,3017],""all_points_y"":[866,811,772,772,822,866]}",{}
7.png,37748874,{},1273,1111,"{""name"":""polygon"",""all_points_x"":[2942,3016,3019,2946],""all_points_y"":[1032,883,884,1033]}",{}
7.png,37748874,{},1273,1112,"{""name"":""polygon"",""all_points_x"":[2967,2963,2959,2957,2960,2961,2965,2969],""all_points_y"":[1030,1001,972,929,928,970,997,1028]}",{}
7.png,37748874,{},1273,1113,"{""name"":""polygon"",""all_points_x"":[3001,2986,2989,3003],""all_points_y"":[963,879,879,961]}",{}
7.png,37748874,{},1273,1114,"{""name"":""polygon"",""all_points_x"":[2945,2958,2978,3025,3027,2965,2947],""all_points_y"":[1151,1128,1105,1053,1054,1123,1151]}",{}
7.png,37748874,{},1273,1115,"{""name"":""polygon"",""all_points_x"":[3053,3038,3040,3058],""all_points_y"":[1158,1017,1017,1156]}",{}
7.png,37748874,{},1273,1116,"{""name"":""polygon"",""all_points_x"":[3053,3061,3064,3056],""all_points_y"":[1107,957,957,1116]}",{}
7.png,37748874,{},1273,1117,"{""name"":""polygon"",""all_points_x"":[2934,2988,2991,2937],""all_points_y"":[1245,1079,1080,1246]}",{}
7.png,37748874,{},1273,1118,"{""name"":""polygon"",""all_points_x"":[3010,2978,2960,2937,2938,2963,2981,3010],""all_points_y"":[1178,1226,1256,1304,1306,1258,1227,1178]}",{}
7.png,37748874,{},1273,1119,"{""name"":""polygon"",""all_points_x"":[2934,2961,2994,2995,2964,2937],""all_points_y"":[1297,1243,1188,1189,1245,1298]}",{}
7.png,37748874,{},1273,1120,"{""name"":""polygon"",""all_points_x"":[3004,2941,2944,3005],""all_points_y"":[1238,1309,1312,1239]}",{}
7.png,37748874,{},1273,1121,"{""name"":""polygon"",""all_points_x"":[2938,3053,3053,2940],""all_points_y"":[1330,1287,1290,1333]}",{}
7.png,37748874,{},1273,1122,"{""name"":""polygon"",""all_points_x"":[3067,3004,3008,3070],""all_points_y"":[1253,1379,1381,1257]}",{}
7.png,37748874,{},1273,1123,"{""name"":""polygon"",""all_points_x"":[3029,3068,3070,3035],""all_points_y"":[1464,1403,1406,1465]}",{}
7.png,37748874,{},1273,1124,"{""name"":""polygon"",""all_points_x"":[2969,2952,2956,2973],""all_points_y"":[1435,1500,1502,1437]}",{}
7.png,37748874,{},1273,1125,"{""name"":""polygon"",""all_points_x"":[2876,2998,3001,2878],""all_points_y"":[1633,1466,1468,1635]}",{}
7.png,37748874,{},1273,1126,"{""name"":""polygon"",""all_points_x"":[2922,2988,2990,2925],""all_points_y"":[1682,1562,1564,1684]}",{}
7.png,37748874,{},1273,1127,"{""name"":""polygon"",""all_points_x"":[2919,2978,2981,2922],""all_points_y"":[1745,1594,1594,1746]}",{}
7.png,37748874,{},1273,1128,"{""name"":""polygon"",""all_points_x"":[3001,3068,3070,3005],""all_points_y"":[1670,1629,1632,1671]}",{}
7.png,37748874,{},1273,1129,"{""name"":""polygon"",""all_points_x"":[2962,3008,3066,3067,3018,2965],""all_points_y"":[1858,1775,1665,1667,1764,1859]}",{}
7.png,37748874,{},1273,1130,"{""name"":""polygon"",""all_points_x"":[2958,3047,3049,2962],""all_points_y"":[1897,1760,1762,1897]}",{}
7.png,37748874,{},1273,1131,"{""name"":""polygon"",""all_points_x"":[2841,2875,2933,2935,2876,2845],""all_points_y"":[1975,1904,1810,1812,1909,1976]}",{}
7.png,37748874,{},1273,1132,"{""name"":""polygon"",""all_points_x"":[2879,2907,2951,2954,2910,2883],""all_points_y"":[1968,1894,1801,1803,1901,1969]}",{}
7.png,37748874,{},1273,1133,"{""name"":""polygon"",""all_points_x"":[2870,3007,3007,2866],""all_points_y"":[2011,2047,2050,2012]}",{}
7.png,37748874,{},1273,1134,"{""name"":""polygon"",""all_points_x"":[2840,2900,2901,2842],""all_points_y"":[2036,1988,1989,2037]}",{}
7.png,37748874,{},1273,1135,"{""name"":""polygon"",""all_points_x"":[2836,2947,2949,2838],""all_points_y"":[2081,1968,1970,2083]}",{}
7.png,37748874,{},1273,1136,"{""name"":""polygon"",""all_points_x"":[2928,3043,3046,2933],""all_points_y"":[2023,1899,1902,2023]}",{}
7.png,37748874,{},1273,1137,"{""name"":""polygon"",""all_points_x"":[2853,2994,2995,2855],""all_points_y"":[2099,1973,1974,2101]}",{}
7.png,37748874,{},1273,1138,"{""name"":""polygon"",""all_points_x"":[2947,3070,3071,2944],""all_points_y"":[2065,1988,1989,2072]}",{}
7.png,37748874,{},1273,1139,"{""name"":""polygon"",""all_points_x"":[2972,3001,3036,3037,3002,2976],""all_points_y"":[2035,1998,1946,1947,2001,2036]}",{}
7.png,37748874,{},1273,1140,"{""name"":""polygon"",""all_points_x"":[2898,2966,2969,2901],""all_points_y"":[2153,2078,2080,2155]}",{}
7.png,37748874,{},1273,1141,"{""name"":""polygon"",""all_points_x"":[3054,2952,2954,3055],""all_points_y"":[2062,2113,2115,2065]}",{}
7.png,37748874,{},1273,1142,"{""name"":""polygon"",""all_points_x"":[2976,3071,3071,2977],""all_points_y"":[2127,2094,2097,2130]}",{}
7.png,37748874,{},1273,1143,"{""name"":""polygon"",""all_points_x"":[3070,2985,2989,3071],""all_points_y"":[2122,2160,2161,2123]}",{}
7.png,37748874,{},1273,1144,"{""name"":""polygon"",""all_points_x"":[2940,3059,3059,2940],""all_points_y"":[2208,2165,2168,2210]}",{}
7.png,37748874,{},1273,1145,"{""name"":""polygon"",""all_points_x"":[2936,2988,2989,2938],""all_points_y"":[2238,2147,2148,2238]}",{}
7.png,37748874,{},1273,1146,"{""name"":""polygon"",""all_points_x"":[2915,3000,3001,2919],""all_points_y"":[2153,2082,2082,2154]}",{}
7.png,37748874,{},1273,1147,"{""name"":""polygon"",""all_points_x"":[2910,2981,3058,3060,2986,2913],""all_points_y"":[2332,2289,2245,2247,2288,2333]}",{}
7.png,37748874,{},1273,1148,"{""name"":""polygon"",""all_points_x"":[2873,3021,3022,2877],""all_points_y"":[2382,2313,2316,2383]}",{}
7.png,37748874,{},1273,1149,"{""name"":""polygon"",""all_points_x"":[2926,3043,3043,2926],""all_points_y"":[2368,2362,2365,2371]}",{}
7.png,37748874,{},1273,1150,"{""name"":""polygon"",""all_points_x"":[2901,2945,2974,2977,2945,2903],""all_points_y"":[2455,2415,2397,2398,2421,2458]}",{}
7.png,37748874,{},1273,1151,"{""name"":""polygon"",""all_points_x"":[438,454,456,441],""all_points_y"":[63,23,24,64]}",{}
7.png,37748874,{},1273,1152,"{""name"":""polygon"",""all_points_x"":[1,38,36,1],""all_points_y"":[910,880,879,905]}",{}
7.png,37748874,{},1273,1153,"{""name"":""polygon"",""all_points_x"":[0,47,47,0],""all_points_y"":[926,933,930,923]}",{}
7.png,37748874,{},1273,1154,"{""name"":""polygon"",""all_points_x"":[89,127,129,91],""all_points_y"":[1009,1044,1041,1007]}",{}
7.png,37748874,{},1273,1155,"{""name"":""polygon"",""all_points_x"":[365,351,353,367],""all_points_y"":[954,982,984,956]}",{}
7.png,37748874,{},1273,1156,"{""name"":""polygon"",""all_points_x"":[474,410,411,475],""all_points_y"":[991,1020,1023,993]}",{}
7.png,37748874,{},1273,1157,"{""name"":""polygon"",""all_points_x"":[576,621,621,577],""all_points_y"":[1652,1641,1644,1655]}",{}
7.png,37748874,{},1273,1158,"{""name"":""polygon"",""all_points_x"":[525,538,540,527],""all_points_y"":[1748,1809,1809,1748]}",{}
7.png,37748874,{},1273,1159,"{""name"":""polygon"",""all_points_x"":[287,308,309,288],""all_points_y"":[1863,1912,1910,1862]}",{}
7.png,37748874,{},1273,1160,"{""name"":""polygon"",""all_points_x"":[475,474,477,478],""all_points_y"":[1922,1983,1983,1922]}",{}
7.png,37748874,{},1273,1161,"{""name"":""polygon"",""all_points_x"":[323,336,338,327],""all_points_y"":[2130,2175,2175,2130]}",{}
7.png,37748874,{},1273,1162,"{""name"":""polygon"",""all_points_x"":[482,454,456,483],""all_points_y"":[2206,2143,2143,2205]}",{}
7.png,37748874,{},1273,1163,"{""name"":""polygon"",""all_points_x"":[552,512,514,554],""all_points_y"":[2360,2314,2313,2358]}",{}
7.png,37748874,{},1273,1164,"{""name"":""polygon"",""all_points_x"":[196,207,209,198],""all_points_y"":[3025,2976,2977,3024]}",{}
7.png,37748874,{},1273,1165,"{""name"":""polygon"",""all_points_x"":[234,220,222,236],""all_points_y"":[2990,2958,2956,2987]}",{}
7.png,37748874,{},1273,1166,"{""name"":""polygon"",""all_points_x"":[322,295,297,323],""all_points_y"":[3033,3069,3070,3036]}",{}
7.png,37748874,{},1273,1167,"{""name"":""polygon"",""all_points_x"":[813,800,802,815],""all_points_y"":[2985,2937,2936,2982]}",{}
7.png,37748874,{},1273,1168,"{""name"":""polygon"",""all_points_x"":[825,818,822,828],""all_points_y"":[2944,2910,2910,2944]}",{}
7.png,37748874,{},1273,1169,"{""name"":""polygon"",""all_points_x"":[1080,1088,1090,1083],""all_points_y"":[3012,2981,2982,3012]}",{}
7.png,37748874,{},1273,1170,"{""name"":""polygon"",""all_points_x"":[1057,1080,1082,1059],""all_points_y"":[2882,2827,2828,2882]}",{}
7.png,37748874,{},1273,1171,"{""name"":""polygon"",""all_points_x"":[1172,1116,1118,1173],""all_points_y"":[2821,2884,2886,2823]}",{}
7.png,37748874,{},1273,1172,"{""name"":""polygon"",""all_points_x"":[764,755,752,754,758,766],""all_points_y"":[2760,2689,2637,2637,2692,2759]}",{}
7.png,37748874,{},1273,1173,"{""name"":""polygon"",""all_points_x"":[1098,1119,1122,1100],""all_points_y"":[2418,2344,2345,2419]}",{}
7.png,37748874,{},1273,1174,"{""name"":""polygon"",""all_points_x"":[629,659,662,632],""all_points_y"":[2250,2209,2210,2252]}",{}
7.png,37748874,{},1273,1175,"{""name"":""polygon"",""all_points_x"":[1076,1069,1070,1079],""all_points_y"":[1952,1870,1870,1952]}",{}
7.png,37748874,{},1273,1176,"{""name"":""polygon"",""all_points_x"":[1083,1126,1126,1084],""all_points_y"":[1908,1903,1906,1912]}",{}
7.png,37748874,{},1273,1177,"{""name"":""polygon"",""all_points_x"":[1070,998,998,1069],""all_points_y"":[1581,1572,1569,1579]}",{}
7.png,37748874,{},1273,1178,"{""name"":""polygon"",""all_points_x"":[1130,1084,1014,1015,1083,1129],""all_points_y"":[1526,1517,1497,1494,1513,1524]}",{}
7.png,37748874,{},1273,1179,"{""name"":""polygon"",""all_points_x"":[1123,1066,1026,1027,1064,1123],""all_points_y"":[1542,1533,1521,1519,1530,1541]}",{}
7.png,37748874,{},1273,1180,"{""name"":""polygon"",""all_points_x"":[729,787,789,731],""all_points_y"":[1424,1355,1358,1426]}",{}
7.png,37748874,{},1273,1181,"{""name"":""polygon"",""all_points_x"":[995,914,916,996],""all_points_y"":[1400,1376,1374,1397]}",{}
7.png,37748874,{},1273,1182,"{""name"":""polygon"",""all_points_x"":[1071,1030,1032,1073],""all_points_y"":[1092,1117,1119,1094]}",{}
7.png,37748874,{},1273,1183,"{""name"":""polygon"",""all_points_x"":[1020,1085,1086,1021],""all_points_y"":[1089,1112,1109,1087]}",{}
7.png,37748874,{},1273,1184,"{""name"":""polygon"",""all_points_x"":[1393,1334,1334,1393],""all_points_y"":[271,276,272,267]}",{}
7.png,37748874,{},1273,1185,"{""name"":""polygon"",""all_points_x"":[1208,1192,1178,1180,1197,1210],""all_points_y"":[1120,1076,1041,1041,1082,1118]}",{}
7.png,37748874,{},1273,1186,"{""name"":""polygon"",""all_points_x"":[1188,1233,1234,1191],""all_points_y"":[1081,1036,1038,1083]}",{}
7.png,37748874,{},1273,1187,"{""name"":""polygon"",""all_points_x"":[1218,1258,1258,1220],""all_points_y"":[1291,1264,1265,1293]}",{}
7.png,37748874,{},1273,1188,"{""name"":""polygon"",""all_points_x"":[1131,1137,1141,1135],""all_points_y"":[1350,1301,1302,1349]}",{}
7.png,37748874,{},1273,1189,"{""name"":""polygon"",""all_points_x"":[1233,1126,1126,1233],""all_points_y"":[1454,1465,1462,1451]}",{}
7.png,37748874,{},1273,1190,"{""name"":""polygon"",""all_points_x"":[1275,1215,1187,1187,1218,1276],""all_points_y"":[1687,1678,1676,1674,1676,1685]}",{}
7.png,37748874,{},1273,1191,"{""name"":""polygon"",""all_points_x"":[1238,1247,1253,1254,1247,1241],""all_points_y"":[2043,1993,1963,1964,2004,2041]}",{}
7.png,37748874,{},1273,1192,"{""name"":""polygon"",""all_points_x"":[1340,1354,1357,1342],""all_points_y"":[2293,2214,2215,2296]}",{}
7.png,37748874,{},1273,1193,"{""name"":""polygon"",""all_points_x"":[1591,1566,1569,1592],""all_points_y"":[2304,2343,2344,2306]}",{}
7.png,37748874,{},1273,1194,"{""name"":""polygon"",""all_points_x"":[1443,1447,1449,1445],""all_points_y"":[2594,2544,2544,2596]}",{}
7.png,37748874,{},1273,1195,"{""name"":""polygon"",""all_points_x"":[1275,1231,1234,1278],""all_points_y"":[2614,2714,2714,2615]}",{}
7.png,37748874,{},1273,1196,"{""name"":""polygon"",""all_points_x"":[1176,1229,1230,1178],""all_points_y"":[2890,2832,2834,2892]}",{}
7.png,37748874,{},1273,1197,"{""name"":""polygon"",""all_points_x"":[1661,1692,1694,1664],""all_points_y"":[3071,3021,3021,3071]}",{}
7.png,37748874,{},1273,1198,"{""name"":""polygon"",""all_points_x"":[2140,2196,2198,2142],""all_points_y"":[2356,2306,2308,2358]}",{}
7.png,37748874,{},1273,1199,"{""name"":""polygon"",""all_points_x"":[1856,1832,1835,1857],""all_points_y"":[2172,2136,2135,2168]}",{}
7.png,37748874,{},1273,1200,"{""name"":""polygon"",""all_points_x"":[1976,1978,1981,1979],""all_points_y"":[2209,2156,2156,2209]}",{}
7.png,37748874,{},1273,1201,"{""name"":""polygon"",""all_points_x"":[2213,2210,2210,2212,2213,2214],""all_points_y"":[1688,1658,1617,1616,1656,1686]}",{}
7.png,37748874,{},1273,1202,"{""name"":""polygon"",""all_points_x"":[1844,1796,1799,1846],""all_points_y"":[1673,1629,1627,1672]}",{}
7.png,37748874,{},1273,1203,"{""name"":""polygon"",""all_points_x"":[1804,1852,1853,1806],""all_points_y"":[1621,1575,1576,1621]}",{}
7.png,37748874,{},1273,1204,"{""name"":""polygon"",""all_points_x"":[1786,1743,1743,1785],""all_points_y"":[1508,1524,1521,1506]}",{}
7.png,37748874,{},1273,1205,"{""name"":""polygon"",""all_points_x"":[1743,1775,1776,1744],""all_points_y"":[1497,1492,1495,1500]}",{}
7.png,37748874,{},1273,1206,"{""name"":""polygon"",""all_points_x"":[2114,2027,2027,2113],""all_points_y"":[1340,1345,1349,1344]}",{}
7.png,37748874,{},1273,1207,"{""name"":""polygon"",""all_points_x"":[1902,1924,1927,1904],""all_points_y"":[978,933,935,979]}",{}
7.png,37748874,{},1273,1208,"{""name"":""polygon"",""all_points_x"":[1881,1894,1896,1883],""all_points_y"":[918,870,871,920]}",{}
7.png,37748874,{},1273,1209,"{""name"":""polygon"",""all_points_x"":[1948,2069,2069,1947],""all_points_y"":[699,725,729,703]}",{}
7.png,37748874,{},1273,1210,"{""name"":""polygon"",""all_points_x"":[1901,1859,1860,1903],""all_points_y"":[644,609,607,644]}",{}
7.png,37748874,{},1273,1211,"{""name"":""polygon"",""all_points_x"":[2148,2140,2142,2151],""all_points_y"":[685,620,619,685]}",{}
7.png,37748874,{},1273,1212,"{""name"":""polygon"",""all_points_x"":[2514,2560,2562,2516],""all_points_y"":[13,52,48,12]}",{}
7.png,37748874,{},1273,1213,"{""name"":""polyline"",""all_points_x"":[2736,2786],""all_points_y"":[95,140]}",{}
7.png,37748874,{},1273,1214,"{""name"":""polygon"",""all_points_x"":[2456,2397,2398,2455],""all_points_y"":[965,932,930,962]}",{}
7.png,37748874,{},1273,1215,"{""name"":""polygon"",""all_points_x"":[2522,2469,2469,2522],""all_points_y"":[1327,1313,1310,1325]}",{}
7.png,37748874,{},1273,1216,"{""name"":""polygon"",""all_points_x"":[2540,2536,2533,2535,2539,2542],""all_points_y"":[1531,1478,1440,1440,1488,1529]}",{}
7.png,37748874,{},1273,1217,"{""name"":""polygon"",""all_points_x"":[2736,2734,2737,2739],""all_points_y"":[1506,1565,1565,1507]}",{}
7.png,37748874,{},1273,1218,"{""name"":""polygon"",""all_points_x"":[2798,2817,2832,2834,2817,2800],""all_points_y"":[1680,1663,1645,1647,1667,1683]}",{}
7.png,37748874,{},1273,1219,"{""name"":""polygon"",""all_points_x"":[2383,2398,2400,2385],""all_points_y"":[1902,1808,1809,1902]}",{}
7.png,37748874,{},1273,1220,"{""name"":""polygon"",""all_points_x"":[2483,2503,2506,2485],""all_points_y"":[1996,2044,2044,1996]}",{}
7.png,37748874,{},1273,1221,"{""name"":""polygon"",""all_points_x"":[2403,2363,2365,2404],""all_points_y"":[2262,2316,2317,2262]}",{}
7.png,37748874,{},1273,1222,"{""name"":""polygon"",""all_points_x"":[2448,2440,2444,2450],""all_points_y"":[2813,2857,2858,2815]}",{}
7.png,37748874,{},1273,1223,"{""name"":""polygon"",""all_points_x"":[2532,2591,2592,2532],""all_points_y"":[2886,2863,2866,2891]}",{}
7.png,37748874,{},1273,1224,"{""name"":""polygon"",""all_points_x"":[2986,3043,3045,2990],""all_points_y"":[2480,2408,2410,2479]}",{}
7.png,37748874,{},1273,1225,"{""name"":""polygon"",""all_points_x"":[3005,3051,3052,3007],""all_points_y"":[2425,2374,2376,2426]}",{}
7.png,37748874,{},1273,1226,"{""name"":""polygon"",""all_points_x"":[2886,2929,2932,2889],""all_points_y"":[2097,2048,2051,2098]}",{}
7.png,37748874,{},1273,1227,"{""name"":""polygon"",""all_points_x"":[2899,2909,2915,2923,2926,2918,2913,2902],""all_points_y"":[1966,1930,1904,1877,1877,1907,1930,1963]}",{}
7.png,37748874,{},1273,1228,"{""name"":""polygon"",""all_points_x"":[2985,2927,2927,2984],""all_points_y"":[1958,1993,1996,1961]}",{}
7.png,37748874,{},1273,1229,"{""name"":""polygon"",""all_points_x"":[2878,2876,2879,2881],""all_points_y"":[1951,1893,1894,1951]}",{}
7.png,37748874,{},1273,1230,"{""name"":""polygon"",""all_points_x"":[2928,2971,2973,2928],""all_points_y"":[1862,1796,1799,1867]}",{}
7.png,37748874,{},1273,1231,"{""name"":""polygon"",""all_points_x"":[2865,2902,2929,2931,2899,2867],""all_points_y"":[1771,1725,1696,1699,1732,1771]}",{}
7.png,37748874,{},1273,1232,"{""name"":""polygon"",""all_points_x"":[3036,3068,3071,3038],""all_points_y"":[1550,1501,1505,1551]}",{}
7.png,37748874,{},1273,1233,"{""name"":""polygon"",""all_points_x"":[2994,2988,2982,2985,2991,2997],""all_points_y"":[957,915,866,866,923,957]}",{}
7.png,37748874,{},1273,1234,"{""name"":""polyline"",""all_points_x"":[991,983,973],""all_points_y"":[2466,2512,2550]}",{}
7.png,37748874,{},1273,1235,"{""name"":""polyline"",""all_points_x"":[992,981],""all_points_y"":[2508,2559]}",{}
7.png,37748874,{},1273,1236,"{""name"":""polyline"",""all_points_x"":[915,925],""all_points_y"":[2334,2396]}",{}
7.png,37748874,{},1273,1237,"{""name"":""polyline"",""all_points_x"":[1076,1026],""all_points_y"":[1692,1719]}",{}
7.png,37748874,{},1273,1238,"{""name"":""polyline"",""all_points_x"":[587,557],""all_points_y"":[1413,1429]}",{}
7.png,37748874,{},1273,1239,"{""name"":""polyline"",""all_points_x"":[959,891],""all_points_y"":[990,1039]}",{}
7.png,37748874,{},1273,1240,"{""name"":""polyline"",""all_points_x"":[787,820],""all_points_y"":[823,869]}",{}
7.png,37748874,{},1273,1241,"{""name"":""polyline"",""all_points_x"":[1139,1182,1265],""all_points_y"":[118,125,131]}",{}
7.png,37748874,{},1273,1242,"{""name"":""polyline"",""all_points_x"":[1132,1114,1080],""all_points_y"":[1073,1054,1023]}",{}
7.png,37748874,{},1273,1243,"{""name"":""polyline"",""all_points_x"":[1128,1077],""all_points_y"":[1346,1369]}",{}
7.png,37748874,{},1273,1244,"{""name"":""polyline"",""all_points_x"":[1113,1091],""all_points_y"":[2311,2391]}",{}
7.png,37748874,{},1273,1245,"{""name"":""polyline"",""all_points_x"":[983,977,975,974],""all_points_y"":[2453,2513,2522,2542]}",{}
7.png,37748874,{},1273,1246,"{""name"":""polyline"",""all_points_x"":[702,703],""all_points_y"":[2694,2739]}",{}
7.png,37748874,{},1273,1247,"{""name"":""polyline"",""all_points_x"":[1409,1375],""all_points_y"":[2770,2803]}",{}
7.png,37748874,{},1273,1248,"{""name"":""polyline"",""all_points_x"":[1266,1247],""all_points_y"":[2691,2735]}",{}
7.png,37748874,{},1273,1249,"{""name"":""polyline"",""all_points_x"":[1358,1348],""all_points_y"":[2352,2413]}",{}
7.png,37748874,{},1273,1250,"{""name"":""polyline"",""all_points_x"":[1498,1493],""all_points_y"":[2217,2281]}",{}
7.png,37748874,{},1273,1251,"{""name"":""polyline"",""all_points_x"":[1294,1310],""all_points_y"":[1992,2048]}",{}
7.png,37748874,{},1273,1252,"{""name"":""polyline"",""all_points_x"":[1336,1294],""all_points_y"":[1672,1704]}",{}
7.png,37748874,{},1273,1253,"{""name"":""polyline"",""all_points_x"":[1545,1486],""all_points_y"":[489,506]}",{}
7.png,37748874,{},1273,1254,"{""name"":""polyline"",""all_points_x"":[1345,1317],""all_points_y"":[227,272]}",{}
7.png,37748874,{},1273,1255,"{""name"":""polyline"",""all_points_x"":[1712,1809],""all_points_y"":[457,529]}",{}
7.png,37748874,{},1273,1256,"{""name"":""polyline"",""all_points_x"":[2112,2046],""all_points_y"":[1331,1340]}",{}
7.png,37748874,{},1273,1257,"{""name"":""polyline"",""all_points_x"":[2102,2135,2169],""all_points_y"":[1538,1555,1575]}",{}
7.png,37748874,{},1273,1258,"{""name"":""polyline"",""all_points_x"":[1549,1615],""all_points_y"":[1730,1727]}",{}
7.png,37748874,{},1273,1259,"{""name"":""polyline"",""all_points_x"":[2487,2462],""all_points_y"":[2789,2859]}",{}
7.png,37748874,{},1273,1260,"{""name"":""polyline"",""all_points_x"":[2180,2166,2161],""all_points_y"":[677,706,745]}",{}
7.png,37748874,{},1273,1261,"{""name"":""polyline"",""all_points_x"":[2604,2611],""all_points_y"":[847,914]}",{}
7.png,37748874,{},1273,1262,"{""name"":""polyline"",""all_points_x"":[2616,2624,2624],""all_points_y"":[948,992,1018]}",{}
7.png,37748874,{},1273,1263,"{""name"":""polyline"",""all_points_x"":[2567,2565],""all_points_y"":[1547,1632]}",{}
7.png,37748874,{},1273,1264,"{""name"":""polyline"",""all_points_x"":[2818,2794,2778],""all_points_y"":[1581,1663,1728]}",{}
7.png,37748874,{},1273,1265,"{""name"":""polyline"",""all_points_x"":[2687,2639],""all_points_y"":[2797,2846]}",{}
7.png,37748874,{},1273,1266,"{""name"":""polyline"",""all_points_x"":[3070,3030],""all_points_y"":[1953,2008]}",{}
7.png,37748874,{},1273,1267,"{""name"":""polygon"",""all_points_x"":[2946,2951,2959,2967,2974,2971,2955],""all_points_y"":[1827,1820,1848,1882,1908,1909,1855]}",{}
7.png,37748874,{},1273,1268,"{""name"":""polyline"",""all_points_x"":[3000,2974],""all_points_y"":[1578,1647]}",{}
7.png,37748874,{},1273,1269,"{""name"":""polyline"",""all_points_x"":[3065,3021],""all_points_y"":[1209,1285]}",{}
7.png,37748874,{},1273,1270,"{""name"":""polyline"",""all_points_x"":[2643,2699],""all_points_y"":[1072,1084]}",{}
7.png,37748874,{},1273,1271,"{""name"":""polyline"",""all_points_x"":[2548,2608],""all_points_y"":[619,633]}",{}
7.png,37748874,{},1273,1272,"{""name"":""polyline"",""all_points_x"":[2991,3005],""all_points_y"":[240,285]}",{}
