filename,file_size,file_attributes,region_count,region_id,region_shape_attributes,region_attributes
44.bmp,70778934,"{}",2070,0,"{""name"":""polygon"",""all_points_x"":[1,130,132,1],""all_points_y"":[144,58,63,151]}","{}"
44.bmp,70778934,"{}",2070,1,"{""name"":""polygon"",""all_points_x"":[1,37,37,3],""all_points_y"":[234,206,211,236]}","{}"
44.bmp,70778934,"{}",2070,2,"{""name"":""polygon"",""all_points_x"":[274,242,244,277],""all_points_y"":[237,38,38,237]}","{}"
44.bmp,70778934,"{}",2070,3,"{""name"":""polygon"",""all_points_x"":[662,727,730,666],""all_points_y"":[122,34,36,124]}","{}"
44.bmp,70778934,"{}",2070,4,"{""name"":""polygon"",""all_points_x"":[756,688,694,761],""all_points_y"":[353,233,230,350]}","{}"
44.bmp,70778934,"{}",2070,5,"{""name"":""polygon"",""all_points_x"":[1065,1111,1115,1070],""all_points_y"":[209,85,88,212]}","{}"
44.bmp,70778934,"{}",2070,6,"{""name"":""polygon"",""all_points_x"":[441,379,384,444],""all_points_y"":[121,11,10,120]}","{}"
44.bmp,70778934,"{}",2070,7,"{""name"":""polygon"",""all_points_x"":[1162,1225,1283,1293,1228,1165],""all_points_y"":[284,154,0,1,169,290]}","{}"
44.bmp,70778934,"{}",2070,8,"{""name"":""polygon"",""all_points_x"":[1198,1271,1279,1202],""all_points_y"":[345,99,103,360]}","{}"
44.bmp,70778934,"{}",2070,9,"{""name"":""polygon"",""all_points_x"":[965,885,889,973],""all_points_y"":[432,181,181,429]}","{}"
44.bmp,70778934,"{}",2070,10,"{""name"":""polygon"",""all_points_x"":[69,182,182,69],""all_points_y"":[21,11,17,29]}","{}"
44.bmp,70778934,"{}",2070,11,"{""name"":""polygon"",""all_points_x"":[965,921,924,967],""all_points_y"":[72,0,0,71]}","{}"
44.bmp,70778934,"{}",2070,12,"{""name"":""polygon"",""all_points_x"":[626,844,851,636],""all_points_y"":[662,374,379,669]}","{}"
44.bmp,70778934,"{}",2070,13,"{""name"":""polygon"",""all_points_x"":[761,902,995,999,878,764],""all_points_y"":[625,467,360,366,503,631]}","{}"
44.bmp,70778934,"{}",2070,14,"{""name"":""polygon"",""all_points_x"":[997,1101,1107,1000],""all_points_y"":[555,393,398,560]}","{}"
44.bmp,70778934,"{}",2070,15,"{""name"":""polygon"",""all_points_x"":[923,954,959,927],""all_points_y"":[381,304,307,386]}","{}"
44.bmp,70778934,"{}",2070,16,"{""name"":""polygon"",""all_points_x"":[963,937,933,938,944,973],""all_points_y"":[469,386,343,345,387,469]}","{}"
44.bmp,70778934,"{}",2070,17,"{""name"":""polygon"",""all_points_x"":[1243,1251,1256,1246],""all_points_y"":[350,220,220,353]}","{}"
44.bmp,70778934,"{}",2070,18,"{""name"":""polygon"",""all_points_x"":[491,527,571,576,517,495],""all_points_y"":[691,588,439,443,628,690]}","{}"
44.bmp,70778934,"{}",2070,19,"{""name"":""polygon"",""all_points_x"":[754,837,844,759],""all_points_y"":[721,530,534,727]}","{}"
44.bmp,70778934,"{}",2070,20,"{""name"":""polygon"",""all_points_x"":[876,849,855,884],""all_points_y"":[638,533,532,637]}","{}"
44.bmp,70778934,"{}",2070,21,"{""name"":""polygon"",""all_points_x"":[806,910,914,810],""all_points_y"":[640,538,543,645]}","{}"
44.bmp,70778934,"{}",2070,22,"{""name"":""polygon"",""all_points_x"":[455,500,502,460],""all_points_y"":[734,593,595,740]}","{}"
44.bmp,70778934,"{}",2070,23,"{""name"":""polygon"",""all_points_x"":[411,422,425,417],""all_points_y"":[512,385,385,511]}","{}"
44.bmp,70778934,"{}",2070,24,"{""name"":""polygon"",""all_points_x"":[714,708,711,718],""all_points_y"":[728,574,573,730]}","{}"
44.bmp,70778934,"{}",2070,25,"{""name"":""polygon"",""all_points_x"":[801,840,885,888,843,807],""all_points_y"":[708,670,620,623,676,711]}","{}"
44.bmp,70778934,"{}",2070,26,"{""name"":""polygon"",""all_points_x"":[973,891,896,975],""all_points_y"":[675,802,804,678]}","{}"
44.bmp,70778934,"{}",2070,27,"{""name"":""polygon"",""all_points_x"":[665,797,797,666],""all_points_y"":[799,774,778,805]}","{}"
44.bmp,70778934,"{}",2070,28,"{""name"":""polygon"",""all_points_x"":[510,560,564,514],""all_points_y"":[717,632,638,721]}","{}"
44.bmp,70778934,"{}",2070,29,"{""name"":""polygon"",""all_points_x"":[899,920,935,939,925,905],""all_points_y"":[780,714,647,647,716,780]}","{}"
44.bmp,70778934,"{}",2070,30,"{""name"":""polygon"",""all_points_x"":[1226,1202,1203,1230],""all_points_y"":[771,641,640,771]}","{}"
44.bmp,70778934,"{}",2070,31,"{""name"":""polygon"",""all_points_x"":[1109,1172,1229,1234,1178,1112],""all_points_y"":[488,452,402,410,464,500]}","{}"
44.bmp,70778934,"{}",2070,32,"{""name"":""polygon"",""all_points_x"":[1044,1061,1065,1048],""all_points_y"":[596,502,503,599]}","{}"
44.bmp,70778934,"{}",2070,33,"{""name"":""polygon"",""all_points_x"":[790,836,839,793],""all_points_y"":[571,625,622,568]}","{}"
44.bmp,70778934,"{}",2070,34,"{""name"":""polygon"",""all_points_x"":[640,612,616,645],""all_points_y"":[678,598,597,676]}","{}"
44.bmp,70778934,"{}",2070,35,"{""name"":""polygon"",""all_points_x"":[369,332,314,317,340,377],""all_points_y"":[1113,903,736,736,901,1108]}","{}"
44.bmp,70778934,"{}",2070,36,"{""name"":""polygon"",""all_points_x"":[294,238,241,305],""all_points_y"":[1205,990,990,1204]}","{}"
44.bmp,70778934,"{}",2070,37,"{""name"":""polygon"",""all_points_x"":[234,234,227,217,222,234,241,244],""all_points_y"":[1212,1173,1139,923,923,1122,1158,1211]}","{}"
44.bmp,70778934,"{}",2070,38,"{""name"":""polygon"",""all_points_x"":[160,163,167,164],""all_points_y"":[1182,1106,1107,1182]}","{}"
44.bmp,70778934,"{}",2070,39,"{""name"":""polygon"",""all_points_x"":[851,880,904,909,884,860],""all_points_y"":[1156,1029,923,925,1050,1160]}","{}"
44.bmp,70778934,"{}",2070,40,"{""name"":""polygon"",""all_points_x"":[841,984,987,845],""all_points_y"":[1049,921,926,1056]}","{}"
44.bmp,70778934,"{}",2070,41,"{""name"":""polygon"",""all_points_x"":[990,861,864,992],""all_points_y"":[1093,980,978,1090]}","{}"
44.bmp,70778934,"{}",2070,42,"{""name"":""polygon"",""all_points_x"":[531,672,674,533],""all_points_y"":[893,840,846,898]}","{}"
44.bmp,70778934,"{}",2070,43,"{""name"":""polygon"",""all_points_x"":[790,786,788,792],""all_points_y"":[1081,937,937,1080]}","{}"
44.bmp,70778934,"{}",2070,44,"{""name"":""polyline"",""all_points_x"":[859,917],""all_points_y"":[968,885]}","{}"
44.bmp,70778934,"{}",2070,45,"{""name"":""polyline"",""all_points_x"":[388,382,374],""all_points_y"":[1113,1079,988]}","{}"
44.bmp,70778934,"{}",2070,46,"{""name"":""polygon"",""all_points_x"":[887,994,997,892],""all_points_y"":[1132,978,980,1136]}","{}"
44.bmp,70778934,"{}",2070,47,"{""name"":""polyline"",""all_points_x"":[1203,1201,1203],""all_points_y"":[996,907,879]}","{}"
44.bmp,70778934,"{}",2070,48,"{""name"":""polyline"",""all_points_x"":[1251,1227],""all_points_y"":[1046,899]}","{}"
44.bmp,70778934,"{}",2070,49,"{""name"":""polygon"",""all_points_x"":[978,1050,1118,1123,1047,986],""all_points_y"":[1220,1165,1101,1108,1181,1225]}","{}"
44.bmp,70778934,"{}",2070,50,"{""name"":""polygon"",""all_points_x"":[617,752,761,622],""all_points_y"":[1147,1069,1081,1156]}","{}"
44.bmp,70778934,"{}",2070,51,"{""name"":""polygon"",""all_points_x"":[1014,1047,1073,1077,1050,1020],""all_points_y"":[1180,1085,1028,1029,1096,1178]}","{}"
44.bmp,70778934,"{}",2070,52,"{""name"":""polyline"",""all_points_x"":[592,639],""all_points_y"":[1011,957]}","{}"
44.bmp,70778934,"{}",2070,53,"{""name"":""polygon"",""all_points_x"":[1179,1237,1241,1183],""all_points_y"":[977,1068,1066,975]}","{}"
44.bmp,70778934,"{}",2070,54,"{""name"":""polygon"",""all_points_x"":[920,1071,1075,924],""all_points_y"":[1222,1112,1115,1225]}","{}"
44.bmp,70778934,"{}",2070,55,"{""name"":""polygon"",""all_points_x"":[743,733,736,747],""all_points_y"":[1167,994,994,1166]}","{}"
44.bmp,70778934,"{}",2070,56,"{""name"":""polygon"",""all_points_x"":[34,77,108,145,148,106,78,40],""all_points_y"":[1565,1531,1493,1437,1441,1503,1538,1572]}","{}"
44.bmp,70778934,"{}",2070,57,"{""name"":""polygon"",""all_points_x"":[257,327,329,263],""all_points_y"":[1404,1265,1268,1405]}","{}"
44.bmp,70778934,"{}",2070,58,"{""name"":""polygon"",""all_points_x"":[312,339,364,369,343,322],""all_points_y"":[1477,1368,1284,1285,1384,1475]}","{}"
44.bmp,70778934,"{}",2070,59,"{""name"":""polygon"",""all_points_x"":[364,429,492,493,417,364],""all_points_y"":[1415,1399,1382,1391,1412,1424]}","{}"
44.bmp,70778934,"{}",2070,60,"{""name"":""polygon"",""all_points_x"":[626,657,662,630],""all_points_y"":[1382,1218,1219,1384]}","{}"
44.bmp,70778934,"{}",2070,61,"{""name"":""polygon"",""all_points_x"":[596,657,700,702,655,601],""all_points_y"":[1498,1408,1323,1326,1422,1502]}","{}"
44.bmp,70778934,"{}",2070,62,"{""name"":""polygon"",""all_points_x"":[596,733,852,853,712,599],""all_points_y"":[1456,1429,1402,1406,1442,1467]}","{}"
44.bmp,70778934,"{}",2070,63,"{""name"":""polygon"",""all_points_x"":[502,569,572,507],""all_points_y"":[1331,1196,1201,1337]}","{}"
44.bmp,70778934,"{}",2070,64,"{""name"":""polygon"",""all_points_x"":[718,743,746,722],""all_points_y"":[1307,1244,1246,1310]}","{}"
44.bmp,70778934,"{}",2070,65,"{""name"":""polygon"",""all_points_x"":[851,999,1000,853],""all_points_y"":[1327,1236,1239,1332]}","{}"
44.bmp,70778934,"{}",2070,66,"{""name"":""polygon"",""all_points_x"":[866,917,977,981,901,868],""all_points_y"":[1358,1277,1188,1191,1313,1364]}","{}"
44.bmp,70778934,"{}",2070,67,"{""name"":""polygon"",""all_points_x"":[785,810,814,790],""all_points_y"":[1131,1046,1047,1136]}","{}"
44.bmp,70778934,"{}",2070,68,"{""name"":""polygon"",""all_points_x"":[728,780,847,847,777,730],""all_points_y"":[1407,1405,1405,1412,1411,1417]}","{}"
44.bmp,70778934,"{}",2070,69,"{""name"":""polygon"",""all_points_x"":[156,172,177,163],""all_points_y"":[1629,1524,1526,1627]}","{}"
44.bmp,70778934,"{}",2070,70,"{""name"":""polygon"",""all_points_x"":[0,11,23,25,16,4],""all_points_y"":[1648,1627,1593,1596,1634,1652]}","{}"
44.bmp,70778934,"{}",2070,71,"{""name"":""polygon"",""all_points_x"":[241,314,384,389,317,248],""all_points_y"":[1713,1626,1558,1565,1637,1718]}","{}"
44.bmp,70778934,"{}",2070,72,"{""name"":""polygon"",""all_points_x"":[783,863,869,789],""all_points_y"":[1557,1462,1469,1564]}","{}"
44.bmp,70778934,"{}",2070,73,"{""name"":""polygon"",""all_points_x"":[804,885,965,968,893,811],""all_points_y"":[1598,1487,1398,1401,1488,1605]}","{}"
44.bmp,70778934,"{}",2070,74,"{""name"":""polygon"",""all_points_x"":[826,799,788,795,809,832],""all_points_y"":[1781,1582,1455,1455,1612,1783]}","{}"
44.bmp,70778934,"{}",2070,75,"{""name"":""polygon"",""all_points_x"":[849,871,896,901,878,853],""all_points_y"":[1616,1546,1485,1486,1543,1617]}","{}"
44.bmp,70778934,"{}",2070,76,"{""name"":""polygon"",""all_points_x"":[920,947,949,923],""all_points_y"":[1569,1448,1448,1572]}","{}"
44.bmp,70778934,"{}",2070,77,"{""name"":""polyline"",""all_points_x"":[918,1009],""all_points_y"":[1626,1419]}","{}"
44.bmp,70778934,"{}",2070,78,"{""name"":""polygon"",""all_points_x"":[1170,1174,1189,1194,1180,1175],""all_points_y"":[1646,1479,1405,1406,1479,1652]}","{}"
44.bmp,70778934,"{}",2070,79,"{""name"":""polygon"",""all_points_x"":[1080,1130,1151,1155,1134,1085],""all_points_y"":[1712,1503,1420,1422,1515,1716]}","{}"
44.bmp,70778934,"{}",2070,80,"{""name"":""polyline"",""all_points_x"":[1053,1091,1111],""all_points_y"":[1468,1381,1317]}","{}"
44.bmp,70778934,"{}",2070,81,"{""name"":""polyline"",""all_points_x"":[726,723,729,735],""all_points_y"":[1758,1694,1615,1567]}","{}"
44.bmp,70778934,"{}",2070,82,"{""name"":""polygon"",""all_points_x"":[188,341,448,452,323,191],""all_points_y"":[1842,1656,1508,1512,1702,1850]}","{}"
44.bmp,70778934,"{}",2070,83,"{""name"":""polygon"",""all_points_x"":[166,218,291,292,222,172],""all_points_y"":[1854,1778,1692,1696,1785,1864]}","{}"
44.bmp,70778934,"{}",2070,84,"{""name"":""polyline"",""all_points_x"":[712,747,780],""all_points_y"":[1783,1737,1699]}","{}"
44.bmp,70778934,"{}",2070,85,"{""name"":""polygon"",""all_points_x"":[961,1004,1006,969],""all_points_y"":[1805,1555,1556,1811]}","{}"
44.bmp,70778934,"{}",2070,86,"{""name"":""polygon"",""all_points_x"":[1066,1101,1105,1068],""all_points_y"":[1705,1571,1571,1709]}","{}"
44.bmp,70778934,"{}",2070,87,"{""name"":""polygon"",""all_points_x"":[289,395,394,291],""all_points_y"":[1836,1795,1800,1842]}","{}"
44.bmp,70778934,"{}",2070,88,"{""name"":""polyline"",""all_points_x"":[128,163,208],""all_points_y"":[1823,1757,1683]}","{}"
44.bmp,70778934,"{}",2070,89,"{""name"":""polygon"",""all_points_x"":[821,870,873,830],""all_points_y"":[1934,1759,1759,1931]}","{}"
44.bmp,70778934,"{}",2070,90,"{""name"":""polygon"",""all_points_x"":[803,808,815,823,826,814,807],""all_points_y"":[1942,1886,1833,1804,1805,1860,1941]}","{}"
44.bmp,70778934,"{}",2070,91,"{""name"":""polygon"",""all_points_x"":[1076,1107,1110,1082],""all_points_y"":[1481,1401,1404,1484]}","{}"
44.bmp,70778934,"{}",2070,92,"{""name"":""polygon"",""all_points_x"":[676,762,764,677],""all_points_y"":[1968,1850,1855,1974]}","{}"
44.bmp,70778934,"{}",2070,93,"{""name"":""polygon"",""all_points_x"":[471,534,569,568,522,470],""all_points_y"":[1801,1812,1824,1830,1814,1804]}","{}"
44.bmp,70778934,"{}",2070,94,"{""name"":""polygon"",""all_points_x"":[887,947,1032,1035,955,892],""all_points_y"":[1988,1910,1810,1813,1908,1991]}","{}"
44.bmp,70778934,"{}",2070,95,"{""name"":""polygon"",""all_points_x"":[1041,1077,1115,1120,1068,1049],""all_points_y"":[1963,1833,1705,1709,1888,1968]}","{}"
44.bmp,70778934,"{}",2070,96,"{""name"":""polygon"",""all_points_x"":[1156,1207,1226,1230,1206,1159],""all_points_y"":[1816,1714,1681,1681,1728,1819]}","{}"
44.bmp,70778934,"{}",2070,97,"{""name"":""polygon"",""all_points_x"":[1216,1237,1240,1219],""all_points_y"":[1671,1579,1579,1674]}","{}"
44.bmp,70778934,"{}",2070,98,"{""name"":""polygon"",""all_points_x"":[996,1075,1076,999],""all_points_y"":[1923,1814,1818,1926]}","{}"
44.bmp,70778934,"{}",2070,99,"{""name"":""polyline"",""all_points_x"":[464,464,478],""all_points_y"":[1766,1730,1661]}","{}"
44.bmp,70778934,"{}",2070,100,"{""name"":""polygon"",""all_points_x"":[170,236,318,320,240,177],""all_points_y"":[2148,2066,1973,1976,2073,2154]}","{}"
44.bmp,70778934,"{}",2070,101,"{""name"":""polygon"",""all_points_x"":[51,56,55,58,61,56],""all_points_y"":[2063,1925,1807,1807,1947,2066]}","{}"
44.bmp,70778934,"{}",2070,102,"{""name"":""polygon"",""all_points_x"":[26,2,2,33],""all_points_y"":[2066,1933,1915,2068]}","{}"
44.bmp,70778934,"{}",2070,103,"{""name"":""polygon"",""all_points_x"":[1,39,42,3],""all_points_y"":[1875,1808,1814,1885]}","{}"
44.bmp,70778934,"{}",2070,104,"{""name"":""polygon"",""all_points_x"":[15,34,36,20],""all_points_y"":[1958,1885,1885,1965]}","{}"
44.bmp,70778934,"{}",2070,105,"{""name"":""polygon"",""all_points_x"":[1172,1144,1147,1180],""all_points_y"":[2112,1848,1848,2112]}","{}"
44.bmp,70778934,"{}",2070,106,"{""name"":""polygon"",""all_points_x"":[885,876,871,873,888,892,879,876,878,888],""all_points_y"":[2047,1999,1940,1877,1818,1819,1878,1941,1973,2043]}","{}"
44.bmp,70778934,"{}",2070,107,"{""name"":""polygon"",""all_points_x"":[864,894,896,869],""all_points_y"":[2021,1908,1909,2023]}","{}"
44.bmp,70778934,"{}",2070,108,"{""name"":""polygon"",""all_points_x"":[751,798,860,861,805,758],""all_points_y"":[2013,1967,1898,1902,1964,2016]}","{}"
44.bmp,70778934,"{}",2070,109,"{""name"":""polygon"",""all_points_x"":[619,681,684,625],""all_points_y"":[1995,1900,1904,1997]}","{}"
44.bmp,70778934,"{}",2070,110,"{""name"":""polygon"",""all_points_x"":[1237,1197,1203,1242],""all_points_y"":[1984,1762,1762,1983]}","{}"
44.bmp,70778934,"{}",2070,111,"{""name"":""polygon"",""all_points_x"":[1062,1118,1122,1067],""all_points_y"":[1743,1639,1641,1745]}","{}"
44.bmp,70778934,"{}",2070,112,"{""name"":""polyline"",""all_points_x"":[863,874],""all_points_y"":[1740,1668]}","{}"
44.bmp,70778934,"{}",2070,113,"{""name"":""polygon"",""all_points_x"":[1106,1142,1147,1112],""all_points_y"":[2089,1969,1971,2090]}","{}"
44.bmp,70778934,"{}",2070,114,"{""name"":""polygon"",""all_points_x"":[1199,1200,1206,1209,1205,1202],""all_points_y"":[2082,2020,1944,1943,2009,2087]}","{}"
44.bmp,70778934,"{}",2070,115,"{""name"":""polygon"",""all_points_x"":[737,782,827,830,785,742],""all_points_y"":[2121,2077,2014,2018,2081,2125]}","{}"
44.bmp,70778934,"{}",2070,116,"{""name"":""polygon"",""all_points_x"":[455,533,537,462],""all_points_y"":[2136,2018,2022,2141]}","{}"
44.bmp,70778934,"{}",2070,117,"{""name"":""polyline"",""all_points_x"":[743,786],""all_points_y"":[1947,1868]}","{}"
44.bmp,70778934,"{}",2070,118,"{""name"":""polygon"",""all_points_x"":[449,476,509,533,535,510,485,460],""all_points_y"":[2033,1983,1949,1935,1942,1957,1984,2027]}","{}"
44.bmp,70778934,"{}",2070,119,"{""name"":""polygon"",""all_points_x"":[287,308,311,291],""all_points_y"":[1934,1859,1861,1936]}","{}"
44.bmp,70778934,"{}",2070,120,"{""name"":""polyline"",""all_points_x"":[226,272,294,301],""all_points_y"":[1911,1839,1802,1783]}","{}"
44.bmp,70778934,"{}",2070,121,"{""name"":""polygon"",""all_points_x"":[101,136,139,106],""all_points_y"":[1986,1911,1914,1990]}","{}"
44.bmp,70778934,"{}",2070,122,"{""name"":""polygon"",""all_points_x"":[1178,1187,1196,1201,1190,1182],""all_points_y"":[1892,1831,1783,1783,1832,1892]}","{}"
44.bmp,70778934,"{}",2070,123,"{""name"":""polygon"",""all_points_x"":[42,115,119,46],""all_points_y"":[2311,2140,2142,2323]}","{}"
44.bmp,70778934,"{}",2070,124,"{""name"":""polygon"",""all_points_x"":[132,116,106,114,139],""all_points_y"":[2139,2221,2265,2265,2135]}","{}"
44.bmp,70778934,"{}",2070,125,"{""name"":""polygon"",""all_points_x"":[201,262,265,208],""all_points_y"":[2294,2215,2220,2302]}","{}"
44.bmp,70778934,"{}",2070,126,"{""name"":""polygon"",""all_points_x"":[636,694,725,732,699,641],""all_points_y"":[2369,2294,2242,2245,2298,2373]}","{}"
44.bmp,70778934,"{}",2070,127,"{""name"":""polygon"",""all_points_x"":[1236,1244,1249,1252,1246,1241],""all_points_y"":[2196,2113,2021,2021,2111,2198]}","{}"
44.bmp,70778934,"{}",2070,128,"{""name"":""polygon"",""all_points_x"":[1260,1265,1270,1274,1266,1263],""all_points_y"":[2194,2109,1991,1992,2111,2192]}","{}"
44.bmp,70778934,"{}",2070,129,"{""name"":""polyline"",""all_points_x"":[1088,1091,1100,1119],""all_points_y"":[2139,2068,2012,1930]}","{}"
44.bmp,70778934,"{}",2070,130,"{""name"":""polygon"",""all_points_x"":[1068,1056,1011,1015,1061,1069],""all_points_y"":[2109,2066,1938,1938,2070,2101]}","{}"
44.bmp,70778934,"{}",2070,131,"{""name"":""polygon"",""all_points_x"":[956,918,925,963],""all_points_y"":[2071,2158,2161,2071]}","{}"
44.bmp,70778934,"{}",2070,132,"{""name"":""polyline"",""all_points_x"":[951,1004],""all_points_y"":[2219,2127]}","{}"
44.bmp,70778934,"{}",2070,133,"{""name"":""polyline"",""all_points_x"":[956,1016],""all_points_y"":[2233,2134]}","{}"
44.bmp,70778934,"{}",2070,134,"{""name"":""polyline"",""all_points_x"":[940,887,850],""all_points_y"":[2039,2102,2143]}","{}"
44.bmp,70778934,"{}",2070,135,"{""name"":""polygon"",""all_points_x"":[300,319,342,345,317,304],""all_points_y"":[1919,1878,1838,1842,1890,1921]}","{}"
44.bmp,70778934,"{}",2070,136,"{""name"":""polygon"",""all_points_x"":[134,200,322,324,238,213,141],""all_points_y"":[2436,2375,2275,2277,2350,2377,2444]}","{}"
44.bmp,70778934,"{}",2070,137,"{""name"":""polygon"",""all_points_x"":[170,222,275,278,227,180],""all_points_y"":[2442,2334,2213,2215,2331,2443]}","{}"
44.bmp,70778934,"{}",2070,138,"{""name"":""polygon"",""all_points_x"":[1094,1106,1137,1139,1113,1099],""all_points_y"":[2397,2311,2168,2170,2299,2397]}","{}"
44.bmp,70778934,"{}",2070,139,"{""name"":""polygon"",""all_points_x"":[1205,1169,1144,1148,1173,1207],""all_points_y"":[2403,2308,2217,2217,2305,2401]}","{}"
44.bmp,70778934,"{}",2070,140,"{""name"":""polygon"",""all_points_x"":[1168,1238,1241,1172],""all_points_y"":[2460,2315,2318,2467]}","{}"
44.bmp,70778934,"{}",2070,141,"{""name"":""polygon"",""all_points_x"":[1194,1163,1168,1199],""all_points_y"":[2315,2196,2195,2316]}","{}"
44.bmp,70778934,"{}",2070,142,"{""name"":""polygon"",""all_points_x"":[1088,1089,1094,1098,1093,1093],""all_points_y"":[2254,2183,2085,2086,2175,2254]}","{}"
44.bmp,70778934,"{}",2070,143,"{""name"":""polygon"",""all_points_x"":[1044,995,1000,1045],""all_points_y"":[2189,2132,2128,2187]}","{}"
44.bmp,70778934,"{}",2070,144,"{""name"":""polygon"",""all_points_x"":[1310,1255,1206,1207,1256,1310],""all_points_y"":[2120,2111,2112,2106,2107,2116]}","{}"
44.bmp,70778934,"{}",2070,145,"{""name"":""polygon"",""all_points_x"":[1213,1214,1222,1224,1218,1216],""all_points_y"":[2306,2211,2118,2118,2219,2306]}","{}"
44.bmp,70778934,"{}",2070,146,"{""name"":""polygon"",""all_points_x"":[165,293,405,410,308,172],""all_points_y"":[2476,2385,2282,2290,2382,2484]}","{}"
44.bmp,70778934,"{}",2070,147,"{""name"":""polygon"",""all_points_x"":[721,773,776,725],""all_points_y"":[2272,2217,2222,2275]}","{}"
44.bmp,70778934,"{}",2070,148,"{""name"":""polygon"",""all_points_x"":[1024,994,999,1028],""all_points_y"":[2249,2185,2182,2246]}","{}"
44.bmp,70778934,"{}",2070,149,"{""name"":""polyline"",""all_points_x"":[685,757],""all_points_y"":[2138,2080]}","{}"
44.bmp,70778934,"{}",2070,150,"{""name"":""polyline"",""all_points_x"":[1238,1221],""all_points_y"":[2282,2181]}","{}"
44.bmp,70778934,"{}",2070,151,"{""name"":""polygon"",""all_points_x"":[171,203,238,242,209,176],""all_points_y"":[2233,2180,2141,2144,2182,2234]}","{}"
44.bmp,70778934,"{}",2070,152,"{""name"":""polygon"",""all_points_x"":[97,111,115,103],""all_points_y"":[2342,2482,2481,2343]}","{}"
44.bmp,70778934,"{}",2070,153,"{""name"":""polygon"",""all_points_x"":[377,327,334,381],""all_points_y"":[2337,2481,2482,2337]}","{}"
44.bmp,70778934,"{}",2070,154,"{""name"":""polygon"",""all_points_x"":[332,319,322,336],""all_points_y"":[2398,2490,2491,2398]}","{}"
44.bmp,70778934,"{}",2070,155,"{""name"":""polygon"",""all_points_x"":[434,588,590,437],""all_points_y"":[2539,2416,2422,2546]}","{}"
44.bmp,70778934,"{}",2070,156,"{""name"":""polygon"",""all_points_x"":[420,589,593,426],""all_points_y"":[2497,2315,2321,2501]}","{}"
44.bmp,70778934,"{}",2070,157,"{""name"":""polyline"",""all_points_x"":[818,739],""all_points_y"":[2251,2310]}","{}"
44.bmp,70778934,"{}",2070,158,"{""name"":""polygon"",""all_points_x"":[904,1083,1085,908],""all_points_y"":[2539,2263,2266,2546]}","{}"
44.bmp,70778934,"{}",2070,159,"{""name"":""polygon"",""all_points_x"":[946,972,1006,1009,973,950],""all_points_y"":[2439,2331,2228,2228,2348,2442]}","{}"
44.bmp,70778934,"{}",2070,160,"{""name"":""polygon"",""all_points_x"":[963,1023,1020,959],""all_points_y"":[2441,2258,2257,2437]}","{}"
44.bmp,70778934,"{}",2070,161,"{""name"":""polygon"",""all_points_x"":[785,832,867,868,826,788],""all_points_y"":[2366,2336,2313,2315,2342,2372]}","{}"
44.bmp,70778934,"{}",2070,162,"{""name"":""polyline"",""all_points_x"":[840,892,944],""all_points_y"":[2166,2113,2055]}","{}"
44.bmp,70778934,"{}",2070,163,"{""name"":""polygon"",""all_points_x"":[814,902,904,821],""all_points_y"":[2394,2238,2240,2397]}","{}"
44.bmp,70778934,"{}",2070,164,"{""name"":""polygon"",""all_points_x"":[834,921,982,982,912,838],""all_points_y"":[2432,2392,2363,2368,2401,2438]}","{}"
44.bmp,70778934,"{}",2070,165,"{""name"":""polygon"",""all_points_x"":[1227,1269,1274,1230],""all_points_y"":[2362,2265,2268,2365]}","{}"
44.bmp,70778934,"{}",2070,166,"{""name"":""polyline"",""all_points_x"":[1310,1295,1284],""all_points_y"":[2550,2487,2426]}","{}"
44.bmp,70778934,"{}",2070,167,"{""name"":""polygon"",""all_points_x"":[424,526,529,429],""all_points_y"":[2195,2118,2123,2200]}","{}"
44.bmp,70778934,"{}",2070,168,"{""name"":""polygon"",""all_points_x"":[448,536,537,451],""all_points_y"":[2366,2291,2296,2368]}","{}"
44.bmp,70778934,"{}",2070,169,"{""name"":""polyline"",""all_points_x"":[783,757,734],""all_points_y"":[2220,2258,2294]}","{}"
44.bmp,70778934,"{}",2070,170,"{""name"":""polygon"",""all_points_x"":[878,897,947,949,904,883],""all_points_y"":[2486,2432,2326,2327,2427,2489]}","{}"
44.bmp,70778934,"{}",2070,171,"{""name"":""polygon"",""all_points_x"":[40,175,179,43],""all_points_y"":[2806,2713,2722,2812]}","{}"
44.bmp,70778934,"{}",2070,172,"{""name"":""polygon"",""all_points_x"":[92,85,91,97],""all_points_y"":[2714,2799,2799,2717]}","{}"
44.bmp,70778934,"{}",2070,173,"{""name"":""polyline"",""all_points_x"":[994,1039],""all_points_y"":[2629,2542]}","{}"
44.bmp,70778934,"{}",2070,174,"{""name"":""polyline"",""all_points_x"":[1071,1108],""all_points_y"":[2588,2547]}","{}"
44.bmp,70778934,"{}",2070,175,"{""name"":""polyline"",""all_points_x"":[1126,1142],""all_points_y"":[2653,2570]}","{}"
44.bmp,70778934,"{}",2070,176,"{""name"":""polyline"",""all_points_x"":[1170,1250],""all_points_y"":[2546,2453]}","{}"
44.bmp,70778934,"{}",2070,177,"{""name"":""polygon"",""all_points_x"":[666,775,779,671],""all_points_y"":[2541,2441,2444,2543]}","{}"
44.bmp,70778934,"{}",2070,178,"{""name"":""polygon"",""all_points_x"":[1168,1259,1259,1170],""all_points_y"":[2809,2823,2817,2803]}","{}"
44.bmp,70778934,"{}",2070,179,"{""name"":""polygon"",""all_points_x"":[479,671,672,485],""all_points_y"":[2849,2663,2666,2855]}","{}"
44.bmp,70778934,"{}",2070,180,"{""name"":""polygon"",""all_points_x"":[771,831,876,878,826,780],""all_points_y"":[2935,2859,2798,2799,2876,2937]}","{}"
44.bmp,70778934,"{}",2070,181,"{""name"":""polygon"",""all_points_x"":[756,757,761,761],""all_points_y"":[2729,2541,2541,2732]}","{}"
44.bmp,70778934,"{}",2070,182,"{""name"":""polygon"",""all_points_x"":[681,718,771,773,721,688],""all_points_y"":[2591,2549,2505,2508,2554,2592]}","{}"
44.bmp,70778934,"{}",2070,183,"{""name"":""polygon"",""all_points_x"":[12,49,72,78,55,17],""all_points_y"":[2879,2824,2757,2757,2826,2883]}","{}"
44.bmp,70778934,"{}",2070,184,"{""name"":""polygon"",""all_points_x"":[51,103,137,139,101,57],""all_points_y"":[2864,2805,2752,2755,2815,2867]}","{}"
44.bmp,70778934,"{}",2070,185,"{""name"":""polygon"",""all_points_x"":[120,225,229,126],""all_points_y"":[2821,2693,2696,2828]}","{}"
44.bmp,70778934,"{}",2070,186,"{""name"":""polygon"",""all_points_x"":[168,189,191,175],""all_points_y"":[2888,2702,2702,2886]}","{}"
44.bmp,70778934,"{}",2070,187,"{""name"":""polygon"",""all_points_x"":[165,227,231,169],""all_points_y"":[2802,2708,2713,2808]}","{}"
44.bmp,70778934,"{}",2070,188,"{""name"":""polygon"",""all_points_x"":[146,298,304,153],""all_points_y"":[2832,2696,2704,2840]}","{}"
44.bmp,70778934,"{}",2070,189,"{""name"":""polygon"",""all_points_x"":[476,554,627,631,525,474],""all_points_y"":[2737,2664,2581,2587,2705,2748]}","{}"
44.bmp,70778934,"{}",2070,190,"{""name"":""polygon"",""all_points_x"":[457,521,581,581,524,461],""all_points_y"":[2783,2761,2743,2750,2771,2795]}","{}"
44.bmp,70778934,"{}",2070,191,"{""name"":""polygon"",""all_points_x"":[341,351,354,345],""all_points_y"":[2826,2650,2651,2828]}","{}"
44.bmp,70778934,"{}",2070,192,"{""name"":""polyline"",""all_points_x"":[987,940],""all_points_y"":[2684,2579]}","{}"
44.bmp,70778934,"{}",2070,193,"{""name"":""polyline"",""all_points_x"":[817,847],""all_points_y"":[2783,2678]}","{}"
44.bmp,70778934,"{}",2070,194,"{""name"":""polyline"",""all_points_x"":[927,919,916],""all_points_y"":[2791,2764,2729]}","{}"
44.bmp,70778934,"{}",2070,195,"{""name"":""polyline"",""all_points_x"":[868,851],""all_points_y"":[2731,2662]}","{}"
44.bmp,70778934,"{}",2070,196,"{""name"":""polygon"",""all_points_x"":[894,964,967,897],""all_points_y"":[2568,2498,2501,2572]}","{}"
44.bmp,70778934,"{}",2070,197,"{""name"":""polygon"",""all_points_x"":[911,956,965,917],""all_points_y"":[2636,2484,2484,2648]}","{}"
44.bmp,70778934,"{}",2070,198,"{""name"":""polygon"",""all_points_x"":[245,287,326,377,415,462,467,420,374,314,288,250],""all_points_y"":[3025,2933,2879,2820,2795,2755,2759,2800,2831,2905,2945,3031]}","{}"
44.bmp,70778934,"{}",2070,199,"{""name"":""polygon"",""all_points_x"":[1,95,144,144,86,1],""all_points_y"":[3050,3007,2978,2988,3021,3058]}","{}"
44.bmp,70778934,"{}",2070,200,"{""name"":""polygon"",""all_points_x"":[353,429,434,361],""all_points_y"":[3147,2831,2831,3147]}","{}"
44.bmp,70778934,"{}",2070,201,"{""name"":""polygon"",""all_points_x"":[241,284,286,246],""all_points_y"":[2866,2785,2788,2871]}","{}"
44.bmp,70778934,"{}",2070,202,"{""name"":""polygon"",""all_points_x"":[659,689,692,665],""all_points_y"":[3024,2884,2885,3025]}","{}"
44.bmp,70778934,"{}",2070,203,"{""name"":""polygon"",""all_points_x"":[448,515,571,575,514,454],""all_points_y"":[3007,2912,2839,2844,2923,3011]}","{}"
44.bmp,70778934,"{}",2070,204,"{""name"":""polyline"",""all_points_x"":[927,968],""all_points_y"":[2908,2855]}","{}"
44.bmp,70778934,"{}",2070,205,"{""name"":""polygon"",""all_points_x"":[973,1128,1137,980],""all_points_y"":[2960,2808,2812,2969]}","{}"
44.bmp,70778934,"{}",2070,206,"{""name"":""polyline"",""all_points_x"":[569,636],""all_points_y"":[2942,2824]}","{}"
44.bmp,70778934,"{}",2070,207,"{""name"":""polyline"",""all_points_x"":[687,689],""all_points_y"":[2774,2719]}","{}"
44.bmp,70778934,"{}",2070,208,"{""name"":""polygon"",""all_points_x"":[292,311,313,296],""all_points_y"":[3008,2905,2905,3008]}","{}"
44.bmp,70778934,"{}",2070,209,"{""name"":""polygon"",""all_points_x"":[269,278,280,272],""all_points_y"":[3057,2971,2971,3059]}","{}"
44.bmp,70778934,"{}",2070,210,"{""name"":""polygon"",""all_points_x"":[323,296,300,326],""all_points_y"":[3045,3151,3152,3045]}","{}"
44.bmp,70778934,"{}",2070,211,"{""name"":""polygon"",""all_points_x"":[417,458,522,525,481,422],""all_points_y"":[2969,2924,2872,2876,2914,2972]}","{}"
44.bmp,70778934,"{}",2070,212,"{""name"":""polygon"",""all_points_x"":[24,112,184,187,107,31],""all_points_y"":[3061,2969,2902,2908,2987,3066]}","{}"
44.bmp,70778934,"{}",2070,213,"{""name"":""polygon"",""all_points_x"":[108,170,175,115],""all_points_y"":[2953,2845,2847,2952]}","{}"
44.bmp,70778934,"{}",2070,214,"{""name"":""polygon"",""all_points_x"":[188,213,219,194],""all_points_y"":[2867,2742,2743,2864]}","{}"
44.bmp,70778934,"{}",2070,215,"{""name"":""polygon"",""all_points_x"":[341,519,526,349],""all_points_y"":[3168,2971,2978,3171]}","{}"
44.bmp,70778934,"{}",2070,216,"{""name"":""polygon"",""all_points_x"":[1063,1107,1130,1133,1101,1067],""all_points_y"":[3011,2954,2926,2930,2968,3012]}","{}"
44.bmp,70778934,"{}",2070,217,"{""name"":""polygon"",""all_points_x"":[1151,1208,1210,1156],""all_points_y"":[3004,2938,2940,3005]}","{}"
44.bmp,70778934,"{}",2070,218,"{""name"":""polygon"",""all_points_x"":[1050,1092,1095,1054],""all_points_y"":[3187,3114,3116,3190]}","{}"
44.bmp,70778934,"{}",2070,219,"{""name"":""polyline"",""all_points_x"":[902,953],""all_points_y"":[3106,3002]}","{}"
44.bmp,70778934,"{}",2070,220,"{""name"":""polyline"",""all_points_x"":[1208,1249,1265,1279,1289],""all_points_y"":[3138,3091,3068,3046,3023]}","{}"
44.bmp,70778934,"{}",2070,221,"{""name"":""polygon"",""all_points_x"":[1140,1165,1168,1145],""all_points_y"":[3026,2934,2934,3023]}","{}"
44.bmp,70778934,"{}",2070,222,"{""name"":""polyline"",""all_points_x"":[845,899],""all_points_y"":[3025,2927]}","{}"
44.bmp,70778934,"{}",2070,223,"{""name"":""polyline"",""all_points_x"":[924,967],""all_points_y"":[2843,2797]}","{}"
44.bmp,70778934,"{}",2070,224,"{""name"":""polygon"",""all_points_x"":[0,140,141,1],""all_points_y"":[3102,3021,3026,3107]}","{}"
44.bmp,70778934,"{}",2070,225,"{""name"":""polygon"",""all_points_x"":[467,502,546,547,510,472],""all_points_y"":[3138,3090,3039,3041,3090,3137]}","{}"
44.bmp,70778934,"{}",2070,226,"{""name"":""polyline"",""all_points_x"":[925,965,1025],""all_points_y"":[3106,3051,2969]}","{}"
44.bmp,70778934,"{}",2070,227,"{""name"":""polyline"",""all_points_x"":[925,957,997],""all_points_y"":[3237,3182,3114]}","{}"
44.bmp,70778934,"{}",2070,228,"{""name"":""polygon"",""all_points_x"":[946,1016,1018,952],""all_points_y"":[3308,3156,3157,3309]}","{}"
44.bmp,70778934,"{}",2070,229,"{""name"":""polygon"",""all_points_x"":[346,382,384,351],""all_points_y"":[2521,2458,2461,2521]}","{}"
44.bmp,70778934,"{}",2070,230,"{""name"":""polygon"",""all_points_x"":[288,350,405,407,355,294],""all_points_y"":[3287,3236,3176,3179,3238,3294]}","{}"
44.bmp,70778934,"{}",2070,231,"{""name"":""polygon"",""all_points_x"":[650,707,754,755,712,654],""all_points_y"":[3154,3130,3102,3104,3133,3159]}","{}"
44.bmp,70778934,"{}",2070,232,"{""name"":""polygon"",""all_points_x"":[417,423,436,438,429,421],""all_points_y"":[3234,3198,3151,3152,3190,3235]}","{}"
44.bmp,70778934,"{}",2070,233,"{""name"":""polyline"",""all_points_x"":[1084,1108],""all_points_y"":[3192,3107]}","{}"
44.bmp,70778934,"{}",2070,234,"{""name"":""polygon"",""all_points_x"":[1039,1138,1139,1042],""all_points_y"":[3121,3011,3013,3124]}","{}"
44.bmp,70778934,"{}",2070,235,"{""name"":""polyline"",""all_points_x"":[822,806,795],""all_points_y"":[3125,3087,3054]}","{}"
44.bmp,70778934,"{}",2070,236,"{""name"":""polyline"",""all_points_x"":[895,882,876],""all_points_y"":[2974,3014,3043]}","{}"
44.bmp,70778934,"{}",2070,237,"{""name"":""polygon"",""all_points_x"":[848,925,925,852],""all_points_y"":[3080,3025,3031,3084]}","{}"
44.bmp,70778934,"{}",2070,238,"{""name"":""polygon"",""all_points_x"":[1291,1308,1311,1298],""all_points_y"":[3213,2981,2982,3215]}","{}"
44.bmp,70778934,"{}",2070,239,"{""name"":""polyline"",""all_points_x"":[1127,1206],""all_points_y"":[3196,3152]}","{}"
44.bmp,70778934,"{}",2070,240,"{""name"":""polyline"",""all_points_x"":[1225,1277],""all_points_y"":[3232,3124]}","{}"
44.bmp,70778934,"{}",2070,241,"{""name"":""polyline"",""all_points_x"":[1279,1267],""all_points_y"":[2850,2918]}","{}"
44.bmp,70778934,"{}",2070,242,"{""name"":""polygon"",""all_points_x"":[72,147,241,242,146,77],""all_points_y"":[3444,3356,3251,3253,3365,3451]}","{}"
44.bmp,70778934,"{}",2070,243,"{""name"":""polygon"",""all_points_x"":[8,114,118,15],""all_points_y"":[3443,3259,3261,3447]}","{}"
44.bmp,70778934,"{}",2070,244,"{""name"":""polygon"",""all_points_x"":[25,84,87,31],""all_points_y"":[3470,3351,3352,3470]}","{}"
44.bmp,70778934,"{}",2070,245,"{""name"":""polygon"",""all_points_x"":[309,334,338,314],""all_points_y"":[3394,3309,3309,3394]}","{}"
44.bmp,70778934,"{}",2070,246,"{""name"":""polyline"",""all_points_x"":[501,476],""all_points_y"":[3401,3339]}","{}"
44.bmp,70778934,"{}",2070,247,"{""name"":""polyline"",""all_points_x"":[536,589],""all_points_y"":[3464,3430]}","{}"
44.bmp,70778934,"{}",2070,248,"{""name"":""polyline"",""all_points_x"":[617,623],""all_points_y"":[3422,3355]}","{}"
44.bmp,70778934,"{}",2070,249,"{""name"":""polygon"",""all_points_x"":[725,782,786,731],""all_points_y"":[3346,3243,3246,3348]}","{}"
44.bmp,70778934,"{}",2070,250,"{""name"":""polygon"",""all_points_x"":[880,1111,1108,886],""all_points_y"":[3521,3551,3558,3530]}","{}"
44.bmp,70778934,"{}",2070,251,"{""name"":""polyline"",""all_points_x"":[1120,1127,1137],""all_points_y"":[3320,3256,3197]}","{}"
44.bmp,70778934,"{}",2070,252,"{""name"":""polyline"",""all_points_x"":[1122,1086],""all_points_y"":[3264,3323]}","{}"
44.bmp,70778934,"{}",2070,253,"{""name"":""polyline"",""all_points_x"":[1253,1241,1234],""all_points_y"":[3288,3318,3337]}","{}"
44.bmp,70778934,"{}",2070,254,"{""name"":""polygon"",""all_points_x"":[694,756,761,698],""all_points_y"":[3436,3349,3354,3441]}","{}"
44.bmp,70778934,"{}",2070,255,"{""name"":""polyline"",""all_points_x"":[445,491],""all_points_y"":[3275,3222]}","{}"
44.bmp,70778934,"{}",2070,256,"{""name"":""polyline"",""all_points_x"":[321,376],""all_points_y"":[3403,3383]}","{}"
44.bmp,70778934,"{}",2070,257,"{""name"":""polyline"",""all_points_x"":[223,258],""all_points_y"":[3360,3301]}","{}"
44.bmp,70778934,"{}",2070,258,"{""name"":""polygon"",""all_points_x"":[49,109,181,206,209,177,104,56],""all_points_y"":[3267,3197,3118,3093,3096,3130,3209,3273]}","{}"
44.bmp,70778934,"{}",2070,259,"{""name"":""polyline"",""all_points_x"":[1161,1173,1180],""all_points_y"":[3161,3135,3099]}","{}"
44.bmp,70778934,"{}",2070,260,"{""name"":""polyline"",""all_points_x"":[938,1002],""all_points_y"":[3246,3166]}","{}"
44.bmp,70778934,"{}",2070,261,"{""name"":""polyline"",""all_points_x"":[1213,1225],""all_points_y"":[3296,3149]}","{}"
44.bmp,70778934,"{}",2070,262,"{""name"":""polyline"",""all_points_x"":[990,1005,1015],""all_points_y"":[3351,3304,3278]}","{}"
44.bmp,70778934,"{}",2070,263,"{""name"":""polyline"",""all_points_x"":[1123,1180],""all_points_y"":[3375,3388]}","{}"
44.bmp,70778934,"{}",2070,264,"{""name"":""polyline"",""all_points_x"":[1110,1068],""all_points_y"":[3367,3360]}","{}"
44.bmp,70778934,"{}",2070,265,"{""name"":""polyline"",""all_points_x"":[1101,1069],""all_points_y"":[3251,3274]}","{}"
44.bmp,70778934,"{}",2070,266,"{""name"":""polyline"",""all_points_x"":[974,1004],""all_points_y"":[3316,3267]}","{}"
44.bmp,70778934,"{}",2070,267,"{""name"":""polygon"",""all_points_x"":[675,698,701,678],""all_points_y"":[3261,3196,3198,3261]}","{}"
44.bmp,70778934,"{}",2070,268,"{""name"":""polyline"",""all_points_x"":[1063,1103],""all_points_y"":[3227,3211]}","{}"
44.bmp,70778934,"{}",2070,269,"{""name"":""polyline"",""all_points_x"":[1131,1149],""all_points_y"":[3144,3102]}","{}"
44.bmp,70778934,"{}",2070,270,"{""name"":""polygon"",""all_points_x"":[125,40,50,137],""all_points_y"":[3622,3425,3420,3622]}","{}"
44.bmp,70778934,"{}",2070,271,"{""name"":""polygon"",""all_points_x"":[241,233,240,248],""all_points_y"":[3765,3509,3510,3769]}","{}"
44.bmp,70778934,"{}",2070,272,"{""name"":""polygon"",""all_points_x"":[101,195,199,103],""all_points_y"":[3585,3503,3508,3592]}","{}"
44.bmp,70778934,"{}",2070,273,"{""name"":""polyline"",""all_points_x"":[158,132],""all_points_y"":[3567,3495]}","{}"
44.bmp,70778934,"{}",2070,274,"{""name"":""polygon"",""all_points_x"":[426,530,531,431],""all_points_y"":[3654,3607,3615,3662]}","{}"
44.bmp,70778934,"{}",2070,275,"{""name"":""polygon"",""all_points_x"":[1127,1164,1180,1182,1163,1134],""all_points_y"":[3474,3437,3414,3415,3444,3474]}","{}"
44.bmp,70778934,"{}",2070,276,"{""name"":""polyline"",""all_points_x"":[1268,1263,1261],""all_points_y"":[3408,3373,3340]}","{}"
44.bmp,70778934,"{}",2070,277,"{""name"":""polygon"",""all_points_x"":[53,72,100,106,77,58],""all_points_y"":[3601,3520,3439,3445,3529,3602]}","{}"
44.bmp,70778934,"{}",2070,278,"{""name"":""polygon"",""all_points_x"":[406,481,483,410],""all_points_y"":[3635,3527,3532,3637]}","{}"
44.bmp,70778934,"{}",2070,279,"{""name"":""polygon"",""all_points_x"":[783,795,799,788],""all_points_y"":[3311,3249,3249,3312]}","{}"
44.bmp,70778934,"{}",2070,280,"{""name"":""polyline"",""all_points_x"":[1184,1208],""all_points_y"":[3383,3355]}","{}"
44.bmp,70778934,"{}",2070,281,"{""name"":""polyline"",""all_points_x"":[405,430],""all_points_y"":[3319,3243]}","{}"
44.bmp,70778934,"{}",2070,282,"{""name"":""polygon"",""all_points_x"":[699,731,738,709],""all_points_y"":[3771,3544,3544,3773]}","{}"
44.bmp,70778934,"{}",2070,283,"{""name"":""polygon"",""all_points_x"":[821,857,899,904,884,854,830],""all_points_y"":[3761,3669,3535,3536,3611,3701,3765]}","{}"
44.bmp,70778934,"{}",2070,284,"{""name"":""polygon"",""all_points_x"":[792,847,849,795],""all_points_y"":[3691,3599,3601,3695]}","{}"
44.bmp,70778934,"{}",2070,285,"{""name"":""polygon"",""all_points_x"":[599,591,596,602],""all_points_y"":[3641,3729,3730,3641]}","{}"
44.bmp,70778934,"{}",2070,286,"{""name"":""polygon"",""all_points_x"":[415,457,462,422],""all_points_y"":[3810,3688,3690,3816]}","{}"
44.bmp,70778934,"{}",2070,287,"{""name"":""polygon"",""all_points_x"":[47,3,2,51],""all_points_y"":[3877,3769,3754,3872]}","{}"
44.bmp,70778934,"{}",2070,288,"{""name"":""polyline"",""all_points_x"":[1211,1247],""all_points_y"":[3554,3465]}","{}"
44.bmp,70778934,"{}",2070,289,"{""name"":""polyline"",""all_points_x"":[1078,1200],""all_points_y"":[3646,3631]}","{}"
44.bmp,70778934,"{}",2070,290,"{""name"":""polygon"",""all_points_x"":[978,994,1047,1104,1105,1050,1002,984],""all_points_y"":[3617,3608,3574,3548,3553,3579,3608,3620]}","{}"
44.bmp,70778934,"{}",2070,291,"{""name"":""polyline"",""all_points_x"":[641,538],""all_points_y"":[3784,3755]}","{}"
44.bmp,70778934,"{}",2070,292,"{""name"":""polyline"",""all_points_x"":[486,497,522],""all_points_y"":[3774,3744,3700]}","{}"
44.bmp,70778934,"{}",2070,293,"{""name"":""polygon"",""all_points_x"":[144,115,121,151],""all_points_y"":[3834,3767,3766,3834]}","{}"
44.bmp,70778934,"{}",2070,294,"{""name"":""polyline"",""all_points_x"":[71,63],""all_points_y"":[3865,3811]}","{}"
44.bmp,70778934,"{}",2070,295,"{""name"":""polyline"",""all_points_x"":[181,172],""all_points_y"":[3870,3799]}","{}"
44.bmp,70778934,"{}",2070,296,"{""name"":""polygon"",""all_points_x"":[410,400,405,415],""all_points_y"":[3788,3694,3694,3787]}","{}"
44.bmp,70778934,"{}",2070,297,"{""name"":""polygon"",""all_points_x"":[954,1010,1013,956],""all_points_y"":[3823,3714,3721,3833]}","{}"
44.bmp,70778934,"{}",2070,298,"{""name"":""polyline"",""all_points_x"":[281,288],""all_points_y"":[3714,3643]}","{}"
44.bmp,70778934,"{}",2070,299,"{""name"":""polyline"",""all_points_x"":[1025,1138],""all_points_y"":[3525,3491]}","{}"
44.bmp,70778934,"{}",2070,300,"{""name"":""polyline"",""all_points_x"":[855,855],""all_points_y"":[3558,3487]}","{}"
44.bmp,70778934,"{}",2070,301,"{""name"":""polyline"",""all_points_x"":[509,640],""all_points_y"":[3821,3745]}","{}"
44.bmp,70778934,"{}",2070,302,"{""name"":""polyline"",""all_points_x"":[534,526],""all_points_y"":[3887,3839]}","{}"
44.bmp,70778934,"{}",2070,303,"{""name"":""polyline"",""all_points_x"":[551,534],""all_points_y"":[3846,3911]}","{}"
44.bmp,70778934,"{}",2070,304,"{""name"":""polygon"",""all_points_x"":[1072,956,961,1068],""all_points_y"":[3864,3919,3927,3874]}","{}"
44.bmp,70778934,"{}",2070,305,"{""name"":""polygon"",""all_points_x"":[743,733,738,747],""all_points_y"":[3700,3776,3776,3704]}","{}"
44.bmp,70778934,"{}",2070,306,"{""name"":""polygon"",""all_points_x"":[140,173,227,227,168,145],""all_points_y"":[4043,4025,4000,4005,4034,4048]}","{}"
44.bmp,70778934,"{}",2070,307,"{""name"":""polygon"",""all_points_x"":[1037,1144,1227,1232,1144,1042],""all_points_y"":[3933,3851,3788,3793,3862,3941]}","{}"
44.bmp,70778934,"{}",2070,308,"{""name"":""polyline"",""all_points_x"":[1158,1201,1228],""all_points_y"":[3784,3734,3701]}","{}"
44.bmp,70778934,"{}",2070,309,"{""name"":""polygon"",""all_points_x"":[328,235,239,333],""all_points_y"":[4167,3927,3926,4165]}","{}"
44.bmp,70778934,"{}",2070,310,"{""name"":""polygon"",""all_points_x"":[386,365,339,342,365,390],""all_points_y"":[4128,4059,3998,3995,4053,4127]}","{}"
44.bmp,70778934,"{}",2070,311,"{""name"":""polyline"",""all_points_x"":[391,355,342,330,329],""all_points_y"":[4073,3968,3933,3881,3861]}","{}"
44.bmp,70778934,"{}",2070,312,"{""name"":""polyline"",""all_points_x"":[423,415,403],""all_points_y"":[4088,3992,3893]}","{}"
44.bmp,70778934,"{}",2070,313,"{""name"":""polygon"",""all_points_x"":[935,1140,1144,938],""all_points_y"":[4173,4047,4053,4180]}","{}"
44.bmp,70778934,"{}",2070,314,"{""name"":""polygon"",""all_points_x"":[837,932,936,838],""all_points_y"":[4037,4180,4176,4034]}","{}"
44.bmp,70778934,"{}",2070,315,"{""name"":""polygon"",""all_points_x"":[921,920,922,928,932,925,923,923],""all_points_y"":[3929,4034,4092,4145,4142,4083,4000,3931]}","{}"
44.bmp,70778934,"{}",2070,316,"{""name"":""polyline"",""all_points_x"":[1175,1268],""all_points_y"":[3998,3851]}","{}"
44.bmp,70778934,"{}",2070,317,"{""name"":""polyline"",""all_points_x"":[1134,1232],""all_points_y"":[3960,3848]}","{}"
44.bmp,70778934,"{}",2070,318,"{""name"":""polygon"",""all_points_x"":[1072,1134,1170,1195,1234,1237,1205,1174,1141,1079],""all_points_y"":[3966,3912,3892,3872,3820,3824,3869,3895,3917,3969]}","{}"
44.bmp,70778934,"{}",2070,319,"{""name"":""polygon"",""all_points_x"":[704,712,716,709],""all_points_y"":[4128,4028,4028,4132]}","{}"
44.bmp,70778934,"{}",2070,320,"{""name"":""polygon"",""all_points_x"":[730,802,811,734],""all_points_y"":[4019,3901,3907,4023]}","{}"
44.bmp,70778934,"{}",2070,321,"{""name"":""polygon"",""all_points_x"":[1014,921,922,1011],""all_points_y"":[3738,3751,3757,3743]}","{}"
44.bmp,70778934,"{}",2070,322,"{""name"":""polyline"",""all_points_x"":[633,631,616],""all_points_y"":[4116,4062,3969]}","{}"
44.bmp,70778934,"{}",2070,323,"{""name"":""polygon"",""all_points_x"":[1134,1157,1162,1139],""all_points_y"":[4024,3916,3917,4021]}","{}"
44.bmp,70778934,"{}",2070,324,"{""name"":""polyline"",""all_points_x"":[943,949,961],""all_points_y"":[4147,4116,4076]}","{}"
44.bmp,70778934,"{}",2070,325,"{""name"":""polygon"",""all_points_x"":[1180,1116,1120,1184],""all_points_y"":[4361,4238,4234,4354]}","{}"
44.bmp,70778934,"{}",2070,326,"{""name"":""polygon"",""all_points_x"":[1138,1127,1130,1145],""all_points_y"":[4359,4271,4271,4363]}","{}"
44.bmp,70778934,"{}",2070,327,"{""name"":""polygon"",""all_points_x"":[1172,1222,1225,1178],""all_points_y"":[4332,4221,4225,4337]}","{}"
44.bmp,70778934,"{}",2070,328,"{""name"":""polyline"",""all_points_x"":[1241,1244],""all_points_y"":[4311,4220]}","{}"
44.bmp,70778934,"{}",2070,329,"{""name"":""polyline"",""all_points_x"":[1212,1210,1206],""all_points_y"":[4279,4231,4157]}","{}"
44.bmp,70778934,"{}",2070,330,"{""name"":""polygon"",""all_points_x"":[1,128,129,4],""all_points_y"":[4354,4271,4276,4364]}","{}"
44.bmp,70778934,"{}",2070,331,"{""name"":""polygon"",""all_points_x"":[460,609,611,463],""all_points_y"":[4268,4166,4171,4272]}","{}"
44.bmp,70778934,"{}",2070,332,"{""name"":""polygon"",""all_points_x"":[534,474,481,541],""all_points_y"":[4316,4155,4152,4312]}","{}"
44.bmp,70778934,"{}",2070,333,"{""name"":""polygon"",""all_points_x"":[475,478,482,479],""all_points_y"":[4305,4075,4075,4306]}","{}"
44.bmp,70778934,"{}",2070,334,"{""name"":""polygon"",""all_points_x"":[463,421,423,467],""all_points_y"":[4135,4029,4029,4133]}","{}"
44.bmp,70778934,"{}",2070,335,"{""name"":""polyline"",""all_points_x"":[525,491],""all_points_y"":[4160,4059]}","{}"
44.bmp,70778934,"{}",2070,336,"{""name"":""polyline"",""all_points_x"":[654,621,578],""all_points_y"":[4320,4244,4128]}","{}"
44.bmp,70778934,"{}",2070,337,"{""name"":""polygon"",""all_points_x"":[632,815,819,638],""all_points_y"":[4351,4167,4174,4361]}","{}"
44.bmp,70778934,"{}",2070,338,"{""name"":""polygon"",""all_points_x"":[1251,1268,1276,1258],""all_points_y"":[3995,3864,3865,4000]}","{}"
44.bmp,70778934,"{}",2070,339,"{""name"":""polygon"",""all_points_x"":[959,1053,1105,1110,1058,967],""all_points_y"":[4427,4263,4192,4195,4271,4434]}","{}"
44.bmp,70778934,"{}",2070,340,"{""name"":""polyline"",""all_points_x"":[1125,1075],""all_points_y"":[4458,4340]}","{}"
44.bmp,70778934,"{}",2070,341,"{""name"":""polygon"",""all_points_x"":[1128,1192,1196,1132],""all_points_y"":[4501,4408,4412,4512]}","{}"
44.bmp,70778934,"{}",2070,342,"{""name"":""polygon"",""all_points_x"":[1232,1276,1279,1235],""all_points_y"":[4518,4382,4382,4523]}","{}"
44.bmp,70778934,"{}",2070,343,"{""name"":""polygon"",""all_points_x"":[381,384,379,385,391,388],""all_points_y"":[4551,4411,4345,4345,4415,4554]}","{}"
44.bmp,70778934,"{}",2070,344,"{""name"":""polygon"",""all_points_x"":[1,133,134,1],""all_points_y"":[4410,4332,4339,4423]}","{}"
44.bmp,70778934,"{}",2070,345,"{""name"":""polygon"",""all_points_x"":[374,345,349,381],""all_points_y"":[4261,4166,4164,4260]}","{}"
44.bmp,70778934,"{}",2070,346,"{""name"":""polygon"",""all_points_x"":[1196,1201,1203,1199],""all_points_y"":[4261,4174,4173,4262]}","{}"
44.bmp,70778934,"{}",2070,347,"{""name"":""polygon"",""all_points_x"":[226,119,116,221],""all_points_y"":[4194,4123,4130,4202]}","{}"
44.bmp,70778934,"{}",2070,348,"{""name"":""polygon"",""all_points_x"":[340,258,163,168,257,341],""all_points_y"":[4647,4544,4420,4416,4534,4636]}","{}"
44.bmp,70778934,"{}",2070,349,"{""name"":""polygon"",""all_points_x"":[353,339,343,360],""all_points_y"":[4604,4303,4303,4602]}","{}"
44.bmp,70778934,"{}",2070,350,"{""name"":""polygon"",""all_points_x"":[333,387,390,337],""all_points_y"":[4392,4301,4305,4397]}","{}"
44.bmp,70778934,"{}",2070,351,"{""name"":""polygon"",""all_points_x"":[674,548,555,680],""all_points_y"":[4688,4425,4424,4682]}","{}"
44.bmp,70778934,"{}",2070,352,"{""name"":""polyline"",""all_points_x"":[618,597],""all_points_y"":[4330,4278]}","{}"
44.bmp,70778934,"{}",2070,353,"{""name"":""polyline"",""all_points_x"":[1297,1306],""all_points_y"":[4486,4383]}","{}"
44.bmp,70778934,"{}",2070,354,"{""name"":""polyline"",""all_points_x"":[685,734],""all_points_y"":[4518,4472]}","{}"
44.bmp,70778934,"{}",2070,355,"{""name"":""polygon"",""all_points_x"":[746,728,733,751],""all_points_y"":[4489,4390,4390,4489]}","{}"
44.bmp,70778934,"{}",2070,356,"{""name"":""polygon"",""all_points_x"":[312,375,434,436,377,317],""all_points_y"":[4689,4662,4639,4644,4667,4694]}","{}"
44.bmp,70778934,"{}",2070,357,"{""name"":""polygon"",""all_points_x"":[413,473,476,417],""all_points_y"":[4783,4662,4665,4787]}","{}"
44.bmp,70778934,"{}",2070,358,"{""name"":""polygon"",""all_points_x"":[864,932,935,868],""all_points_y"":[4675,4589,4594,4678]}","{}"
44.bmp,70778934,"{}",2070,359,"{""name"":""polygon"",""all_points_x"":[152,198,251,255,202,156],""all_points_y"":[4781,4872,4975,4971,4867,4780]}","{}"
44.bmp,70778934,"{}",2070,360,"{""name"":""polyline"",""all_points_x"":[77,117,164],""all_points_y"":[4795,4900,5010]}","{}"
44.bmp,70778934,"{}",2070,361,"{""name"":""polyline"",""all_points_x"":[45,85],""all_points_y"":[4845,4731]}","{}"
44.bmp,70778934,"{}",2070,362,"{""name"":""polygon"",""all_points_x"":[378,538,538,378],""all_points_y"":[4801,4809,4816,4808]}","{}"
44.bmp,70778934,"{}",2070,363,"{""name"":""polygon"",""all_points_x"":[432,520,524,441],""all_points_y"":[4796,4691,4694,4800]}","{}"
44.bmp,70778934,"{}",2070,364,"{""name"":""polygon"",""all_points_x"":[441,505,508,448],""all_points_y"":[4827,4765,4770,4829]}","{}"
44.bmp,70778934,"{}",2070,365,"{""name"":""polygon"",""all_points_x"":[505,521,524,509],""all_points_y"":[4921,4826,4827,4923]}","{}"
44.bmp,70778934,"{}",2070,366,"{""name"":""polygon"",""all_points_x"":[652,575,581,666],""all_points_y"":[4866,4682,4679,4872]}","{}"
44.bmp,70778934,"{}",2070,367,"{""name"":""polygon"",""all_points_x"":[847,985,987,851],""all_points_y"":[4694,4630,4637,4699]}","{}"
44.bmp,70778934,"{}",2070,368,"{""name"":""polygon"",""all_points_x"":[892,890,894,897],""all_points_y"":[4556,4648,4648,4556]}","{}"
44.bmp,70778934,"{}",2070,369,"{""name"":""polygon"",""all_points_x"":[1085,1076,1080,1090],""all_points_y"":[4724,4552,4552,4727]}","{}"
44.bmp,70778934,"{}",2070,370,"{""name"":""polygon"",""all_points_x"":[988,1030,1034,992],""all_points_y"":[4792,4689,4689,4798]}","{}"
44.bmp,70778934,"{}",2070,371,"{""name"":""polygon"",""all_points_x"":[931,876,880,934],""all_points_y"":[4779,4854,4857,4781]}","{}"
44.bmp,70778934,"{}",2070,372,"{""name"":""polygon"",""all_points_x"":[813,732,738,815],""all_points_y"":[4663,4787,4789,4667]}","{}"
44.bmp,70778934,"{}",2070,373,"{""name"":""polyline"",""all_points_x"":[220,197],""all_points_y"":[4568,4496]}","{}"
44.bmp,70778934,"{}",2070,374,"{""name"":""polyline"",""all_points_x"":[179,191],""all_points_y"":[4512,4616]}","{}"
44.bmp,70778934,"{}",2070,375,"{""name"":""polygon"",""all_points_x"":[4,72,60,4],""all_points_y"":[4525,4677,4677,4544]}","{}"
44.bmp,70778934,"{}",2070,376,"{""name"":""polyline"",""all_points_x"":[598,690],""all_points_y"":[4900,4808]}","{}"
44.bmp,70778934,"{}",2070,377,"{""name"":""polyline"",""all_points_x"":[1085,1089],""all_points_y"":[4907,4817]}","{}"
44.bmp,70778934,"{}",2070,378,"{""name"":""polyline"",""all_points_x"":[826,939],""all_points_y"":[4763,4748]}","{}"
44.bmp,70778934,"{}",2070,379,"{""name"":""polyline"",""all_points_x"":[1069,1144],""all_points_y"":[4568,4526]}","{}"
44.bmp,70778934,"{}",2070,380,"{""name"":""polygon"",""all_points_x"":[921,972,1065,973,926],""all_points_y"":[4899,4887,4834,4896,4908]}","{}"
44.bmp,70778934,"{}",2070,381,"{""name"":""polyline"",""all_points_x"":[127,158],""all_points_y"":[4938,4880]}","{}"
44.bmp,70778934,"{}",2070,382,"{""name"":""polygon"",""all_points_x"":[463,341,342,467],""all_points_y"":[4891,4810,4805,4888]}","{}"
44.bmp,70778934,"{}",2070,383,"{""name"":""polyline"",""all_points_x"":[878,923],""all_points_y"":[4823,4860]}","{}"
44.bmp,70778934,"{}",2070,384,"{""name"":""polygon"",""all_points_x"":[735,752,766,772,759,740],""all_points_y"":[4599,4678,4736,4732,4682,4600]}","{}"
44.bmp,70778934,"{}",2070,385,"{""name"":""polyline"",""all_points_x"":[673,626],""all_points_y"":[4629,4533]}","{}"
44.bmp,70778934,"{}",2070,386,"{""name"":""polygon"",""all_points_x"":[805,920,922,811],""all_points_y"":[4736,4670,4675,4744]}","{}"
44.bmp,70778934,"{}",2070,387,"{""name"":""polygon"",""all_points_x"":[952,954,967,977,966,961],""all_points_y"":[5140,5060,4947,4948,5054,5152]}","{}"
44.bmp,70778934,"{}",2070,388,"{""name"":""polygon"",""all_points_x"":[1096,1255,1258,1101],""all_points_y"":[5034,4863,4868,5041]}","{}"
44.bmp,70778934,"{}",2070,389,"{""name"":""polygon"",""all_points_x"":[1156,1172,1177,1160],""all_points_y"":[4965,4789,4789,4965]}","{}"
44.bmp,70778934,"{}",2070,390,"{""name"":""polygon"",""all_points_x"":[849,866,868,855],""all_points_y"":[5048,4940,4941,5050]}","{}"
44.bmp,70778934,"{}",2070,391,"{""name"":""polyline"",""all_points_x"":[1058,1108],""all_points_y"":[4905,5026]}","{}"
44.bmp,70778934,"{}",2070,392,"{""name"":""polygon"",""all_points_x"":[952,980,1024,1027,985,955],""all_points_y"":[5252,5221,5154,5160,5227,5259]}","{}"
44.bmp,70778934,"{}",2070,393,"{""name"":""polygon"",""all_points_x"":[455,253,256,460],""all_points_y"":[5171,5307,5313,5178]}","{}"
44.bmp,70778934,"{}",2070,394,"{""name"":""polygon"",""all_points_x"":[258,403,469,469,393,260],""all_points_y"":[5316,5279,5278,5268,5273,5309]}","{}"
44.bmp,70778934,"{}",2070,395,"{""name"":""polygon"",""all_points_x"":[279,443,548,540,431,279],""all_points_y"":[5268,5302,5335,5345,5307,5277]}","{}"
44.bmp,70778934,"{}",2070,396,"{""name"":""polygon"",""all_points_x"":[287,244,247,293],""all_points_y"":[5209,5078,5078,5208]}","{}"
44.bmp,70778934,"{}",2070,397,"{""name"":""polyline"",""all_points_x"":[46,3],""all_points_y"":[5233,5183]}","{}"
44.bmp,70778934,"{}",2070,398,"{""name"":""polygon"",""all_points_x"":[370,330,337,374],""all_points_y"":[5212,5156,5152,5209]}","{}"
44.bmp,70778934,"{}",2070,399,"{""name"":""polyline"",""all_points_x"":[341,355,375,388,419],""all_points_y"":[5031,5040,5042,5041,5046]}","{}"
44.bmp,70778934,"{}",2070,400,"{""name"":""polyline"",""all_points_x"":[730,754],""all_points_y"":[5208,5112]}","{}"
44.bmp,70778934,"{}",2070,401,"{""name"":""polyline"",""all_points_x"":[762,805,871],""all_points_y"":[5209,5183,5121]}","{}"
44.bmp,70778934,"{}",2070,402,"{""name"":""polyline"",""all_points_x"":[884,899],""all_points_y"":[5059,4962]}","{}"
44.bmp,70778934,"{}",2070,403,"{""name"":""polyline"",""all_points_x"":[836,814],""all_points_y"":[4974,4868]}","{}"
44.bmp,70778934,"{}",2070,404,"{""name"":""polygon"",""all_points_x"":[58,236,236,59],""all_points_y"":[5390,5366,5373,5398]}","{}"
44.bmp,70778934,"{}",2070,405,"{""name"":""polyline"",""all_points_x"":[569,602,643],""all_points_y"":[5338,5347,5364]}","{}"
44.bmp,70778934,"{}",2070,406,"{""name"":""polyline"",""all_points_x"":[182,167],""all_points_y"":[5118,5072]}","{}"
44.bmp,70778934,"{}",2070,407,"{""name"":""polygon"",""all_points_x"":[1132,1151,1158,1139],""all_points_y"":[5052,4953,4953,5060]}","{}"
44.bmp,70778934,"{}",2070,408,"{""name"":""polygon"",""all_points_x"":[967,1027,1023,965],""all_points_y"":[5311,5350,5354,5314]}","{}"
44.bmp,70778934,"{}",2070,409,"{""name"":""polyline"",""all_points_x"":[617,602],""all_points_y"":[5055,4967]}","{}"
44.bmp,70778934,"{}",2070,410,"{""name"":""polygon"",""all_points_x"":[364,377,400,404,381,368],""all_points_y"":[5479,5507,5537,5535,5507,5479]}","{}"
44.bmp,70778934,"{}",2070,411,"{""name"":""polyline"",""all_points_x"":[89,87,87],""all_points_y"":[5631,5571,5516]}","{}"
44.bmp,70778934,"{}",2070,412,"{""name"":""polyline"",""all_points_x"":[162,82],""all_points_y"":[5563,5465]}","{}"
44.bmp,70778934,"{}",2070,413,"{""name"":""polyline"",""all_points_x"":[777,823],""all_points_y"":[5280,5299]}","{}"
44.bmp,70778934,"{}",2070,414,"{""name"":""polygon"",""all_points_x"":[1061,1067,1070,1074,1070,1064],""all_points_y"":[5414,5388,5345,5344,5393,5419]}","{}"
44.bmp,70778934,"{}",2070,415,"{""name"":""polygon"",""all_points_x"":[396,452,457,402],""all_points_y"":[5367,5301,5306,5372]}","{}"
44.bmp,70778934,"{}",2070,416,"{""name"":""polyline"",""all_points_x"":[1208,1237,1246],""all_points_y"":[5644,5533,5469]}","{}"
44.bmp,70778934,"{}",2070,417,"{""name"":""polygon"",""all_points_x"":[1044,1065,1077,1082,1068,1049],""all_points_y"":[5580,5506,5467,5470,5517,5587]}","{}"
44.bmp,70778934,"{}",2070,418,"{""name"":""polygon"",""all_points_x"":[1091,1079,1083,1096],""all_points_y"":[5597,5689,5689,5601]}","{}"
44.bmp,70778934,"{}",2070,419,"{""name"":""polygon"",""all_points_x"":[359,391,394,365],""all_points_y"":[5822,5684,5686,5823]}","{}"
44.bmp,70778934,"{}",2070,420,"{""name"":""polygon"",""all_points_x"":[69,196,306,309,211,70],""all_points_y"":[6086,6033,5986,5994,6034,6096]}","{}"
44.bmp,70778934,"{}",2070,421,"{""name"":""polygon"",""all_points_x"":[228,339,339,234],""all_points_y"":[6074,5984,5990,6078]}","{}"
44.bmp,70778934,"{}",2070,422,"{""name"":""polyline"",""all_points_x"":[445,462,474],""all_points_y"":[6059,6002,5922]}","{}"
44.bmp,70778934,"{}",2070,423,"{""name"":""polygon"",""all_points_x"":[520,531,535,533,538,541,532,525],""all_points_y"":[6119,6029,5989,5929,5929,5972,6052,6121]}","{}"
44.bmp,70778934,"{}",2070,424,"{""name"":""polygon"",""all_points_x"":[703,761,820,823,770,708],""all_points_y"":[6010,5933,5867,5871,5934,6017]}","{}"
44.bmp,70778934,"{}",2070,425,"{""name"":""polygon"",""all_points_x"":[934,942,951,965,970,956,947,937],""all_points_y"":[6140,6074,6017,5962,5962,6022,6079,6142]}","{}"
44.bmp,70778934,"{}",2070,426,"{""name"":""polygon"",""all_points_x"":[993,1123,1127,1002],""all_points_y"":[5834,5702,5703,5842]}","{}"
44.bmp,70778934,"{}",2070,427,"{""name"":""polygon"",""all_points_x"":[957,994,1056,1060,1000,963],""all_points_y"":[6034,5957,5852,5855,5962,6036]}","{}"
44.bmp,70778934,"{}",2070,428,"{""name"":""polygon"",""all_points_x"":[947,884,826,828,891,956],""all_points_y"":[6141,6064,5981,5980,6066,6142]}","{}"
44.bmp,70778934,"{}",2070,429,"{""name"":""polygon"",""all_points_x"":[811,754,759,814],""all_points_y"":[6070,5980,5977,6065]}","{}"
44.bmp,70778934,"{}",2070,430,"{""name"":""polygon"",""all_points_x"":[1089,1113,1149,1153,1117,1098],""all_points_y"":[6138,6059,5913,5918,6067,6138]}","{}"
44.bmp,70778934,"{}",2070,431,"{""name"":""polygon"",""all_points_x"":[1215,1232,1246,1256,1260,1246,1234,1222],""all_points_y"":[6136,6089,6017,5943,5943,6048,6106,6139]}","{}"
44.bmp,70778934,"{}",2070,432,"{""name"":""polygon"",""all_points_x"":[1145,1120,1125,1150],""all_points_y"":[6141,6034,6034,6141]}","{}"
44.bmp,70778934,"{}",2070,433,"{""name"":""polygon"",""all_points_x"":[1168,1185,1189,1173],""all_points_y"":[6040,5981,5983,6042]}","{}"
44.bmp,70778934,"{}",2070,434,"{""name"":""polygon"",""all_points_x"":[1223,1206,1213,1227],""all_points_y"":[5909,6049,6050,5911]}","{}"
44.bmp,70778934,"{}",2070,435,"{""name"":""polyline"",""all_points_x"":[1206,1177],""all_points_y"":[6043,5915]}","{}"
44.bmp,70778934,"{}",2070,436,"{""name"":""polyline"",""all_points_x"":[780,816],""all_points_y"":[6143,6103]}","{}"
44.bmp,70778934,"{}",2070,437,"{""name"":""polyline"",""all_points_x"":[773,700],""all_points_y"":[6078,6140]}","{}"
44.bmp,70778934,"{}",2070,438,"{""name"":""polygon"",""all_points_x"":[750,721,725,754],""all_points_y"":[6140,6064,6063,6139]}","{}"
44.bmp,70778934,"{}",2070,439,"{""name"":""polygon"",""all_points_x"":[661,762,769,665],""all_points_y"":[5830,5673,5679,5841]}","{}"
44.bmp,70778934,"{}",2070,440,"{""name"":""polyline"",""all_points_x"":[1074,1105,1133],""all_points_y"":[5392,5360,5342]}","{}"
44.bmp,70778934,"{}",2070,441,"{""name"":""polygon"",""all_points_x"":[754,649,649,754],""all_points_y"":[4907,4915,4922,4914]}","{}"
44.bmp,70778934,"{}",2070,442,"{""name"":""polyline"",""all_points_x"":[144,102],""all_points_y"":[4844,4781]}","{}"
44.bmp,70778934,"{}",2070,443,"{""name"":""polygon"",""all_points_x"":[263,294,298,268],""all_points_y"":[2940,2844,2847,2945]}","{}"
44.bmp,70778934,"{}",2070,444,"{""name"":""polygon"",""all_points_x"":[519,650,647,524],""all_points_y"":[924,885,878,915]}","{}"
44.bmp,70778934,"{}",2070,445,"{""name"":""polyline"",""all_points_x"":[485,562],""all_points_y"":[1015,916]}","{}"
44.bmp,70778934,"{}",2070,446,"{""name"":""polygon"",""all_points_x"":[1023,1009,984,987,1016,1025],""all_points_y"":[826,785,734,732,792,825]}","{}"
44.bmp,70778934,"{}",2070,447,"{""name"":""polygon"",""all_points_x"":[1403,1417,1425,1435,1453,1457,1438,1428,1408],""all_points_y"":[217,122,76,47,18,21,57,83,212]}","{}"
44.bmp,70778934,"{}",2070,448,"{""name"":""polygon"",""all_points_x"":[1813,1840,1843,1819],""all_points_y"":[435,264,264,435]}","{}"
44.bmp,70778934,"{}",2070,449,"{""name"":""polygon"",""all_points_x"":[1577,1584,1591,1595,1587,1582],""all_points_y"":[137,103,73,75,101,136]}","{}"
44.bmp,70778934,"{}",2070,450,"{""name"":""polygon"",""all_points_x"":[1160,1244,1333,1342,1260,1165],""all_points_y"":[172,94,3,5,85,175]}","{}"
44.bmp,70778934,"{}",2070,451,"{""name"":""polyline"",""all_points_x"":[2198,2189],""all_points_y"":[301,187]}","{}"
44.bmp,70778934,"{}",2070,452,"{""name"":""polyline"",""all_points_x"":[2163,2156],""all_points_y"":[227,139]}","{}"
44.bmp,70778934,"{}",2070,453,"{""name"":""polyline"",""all_points_x"":[2180,2151],""all_points_y"":[47,97]}","{}"
44.bmp,70778934,"{}",2070,454,"{""name"":""polygon"",""all_points_x"":[2270,2290,2293,2274],""all_points_y"":[122,35,37,122]}","{}"
44.bmp,70778934,"{}",2070,455,"{""name"":""polyline"",""all_points_x"":[2131,2132],""all_points_y"":[42,1]}","{}"
44.bmp,70778934,"{}",2070,456,"{""name"":""polyline"",""all_points_x"":[2199,2214],""all_points_y"":[155,113]}","{}"
44.bmp,70778934,"{}",2070,457,"{""name"":""polygon"",""all_points_x"":[1214,1237,1240,1222],""all_points_y"":[115,28,30,113]}","{}"
44.bmp,70778934,"{}",2070,458,"{""name"":""polyline"",""all_points_x"":[1543,1550],""all_points_y"":[329,228]}","{}"
44.bmp,70778934,"{}",2070,459,"{""name"":""polyline"",""all_points_x"":[1579,1572,1569,1574,1581],""all_points_y"":[106,89,68,42,16]}","{}"
44.bmp,70778934,"{}",2070,460,"{""name"":""polyline"",""all_points_x"":[2212,2218],""all_points_y"":[270,202]}","{}"
44.bmp,70778934,"{}",2070,461,"{""name"":""polyline"",""all_points_x"":[2247,2237],""all_points_y"":[263,203]}","{}"
44.bmp,70778934,"{}",2070,462,"{""name"":""polyline"",""all_points_x"":[2092,2104],""all_points_y"":[393,340]}","{}"
44.bmp,70778934,"{}",2070,463,"{""name"":""polyline"",""all_points_x"":[2238,2272],""all_points_y"":[324,246]}","{}"
44.bmp,70778934,"{}",2070,464,"{""name"":""polyline"",""all_points_x"":[2270,2261,2258],""all_points_y"":[595,548,499]}","{}"
44.bmp,70778934,"{}",2070,465,"{""name"":""polyline"",""all_points_x"":[2211,2219],""all_points_y"":[414,358]}","{}"
44.bmp,70778934,"{}",2070,466,"{""name"":""polyline"",""all_points_x"":[2170,2170],""all_points_y"":[479,425]}","{}"
44.bmp,70778934,"{}",2070,467,"{""name"":""polyline"",""all_points_x"":[2035,2030],""all_points_y"":[315,221]}","{}"
44.bmp,70778934,"{}",2070,468,"{""name"":""polyline"",""all_points_x"":[2256,2282],""all_points_y"":[385,329]}","{}"
44.bmp,70778934,"{}",2070,469,"{""name"":""polyline"",""all_points_x"":[2102,2108],""all_points_y"":[501,419]}","{}"
44.bmp,70778934,"{}",2070,470,"{""name"":""polyline"",""all_points_x"":[2218,2214],""all_points_y"":[488,431]}","{}"
44.bmp,70778934,"{}",2070,471,"{""name"":""polyline"",""all_points_x"":[2204,2198,2189],""all_points_y"":[448,417,393]}","{}"
44.bmp,70778934,"{}",2070,472,"{""name"":""polygon"",""all_points_x"":[1469,1460,1454,1458,1463,1474],""all_points_y"":[398,348,278,278,337,398]}","{}"
44.bmp,70778934,"{}",2070,473,"{""name"":""polyline"",""all_points_x"":[1486,1491],""all_points_y"":[238,175]}","{}"
44.bmp,70778934,"{}",2070,474,"{""name"":""polyline"",""all_points_x"":[1427,1430,1427],""all_points_y"":[216,167,114]}","{}"
44.bmp,70778934,"{}",2070,475,"{""name"":""polygon"",""all_points_x"":[1420,1416,1420,1424],""all_points_y"":[70,0,1,70]}","{}"
44.bmp,70778934,"{}",2070,476,"{""name"":""polygon"",""all_points_x"":[1287,1317,1320,1292],""all_points_y"":[700,543,543,700]}","{}"
44.bmp,70778934,"{}",2070,477,"{""name"":""polygon"",""all_points_x"":[1272,1364,1367,1277],""all_points_y"":[678,571,574,680]}","{}"
44.bmp,70778934,"{}",2070,478,"{""name"":""polygon"",""all_points_x"":[1412,1378,1348,1351,1382,1413],""all_points_y"":[595,498,395,394,495,594]}","{}"
44.bmp,70778934,"{}",2070,479,"{""name"":""polygon"",""all_points_x"":[1452,1432,1420,1412,1412,1414,1417,1415,1415,1417,1424,1431,1439,1453],""all_points_y"":[627,591,552,513,468,415,415,449,483,525,556,578,598,624]}","{}"
44.bmp,70778934,"{}",2070,480,"{""name"":""polygon"",""all_points_x"":[1726,1733,1738,1731],""all_points_y"":[587,455,456,587]}","{}"
44.bmp,70778934,"{}",2070,481,"{""name"":""polygon"",""all_points_x"":[1526,1562,1565,1531],""all_points_y"":[568,433,434,568]}","{}"
44.bmp,70778934,"{}",2070,482,"{""name"":""polygon"",""all_points_x"":[1491,1513,1519,1538,1541,1529,1521,1515,1495],""all_points_y"":[571,524,476,431,433,465,495,531,572]}","{}"
44.bmp,70778934,"{}",2070,483,"{""name"":""polygon"",""all_points_x"":[1566,1607,1612,1569],""all_points_y"":[448,357,359,450]}","{}"
44.bmp,70778934,"{}",2070,484,"{""name"":""polygon"",""all_points_x"":[1538,1557,1569,1572,1560,1540],""all_points_y"":[553,500,450,450,499,554]}","{}"
44.bmp,70778934,"{}",2070,485,"{""name"":""polygon"",""all_points_x"":[1564,1567,1574,1576,1571,1569],""all_points_y"":[527,495,446,445,503,529]}","{}"
44.bmp,70778934,"{}",2070,486,"{""name"":""polygon"",""all_points_x"":[1596,1590,1588,1590,1594,1600],""all_points_y"":[545,505,425,426,506,543]}","{}"
44.bmp,70778934,"{}",2070,487,"{""name"":""polygon"",""all_points_x"":[1954,1919,1896,1901,1925,1957],""all_points_y"":[600,560,522,519,558,598]}","{}"
44.bmp,70778934,"{}",2070,488,"{""name"":""polygon"",""all_points_x"":[1657,1648,1633,1636,1652,1659],""all_points_y"":[592,566,466,466,562,590]}","{}"
44.bmp,70778934,"{}",2070,489,"{""name"":""polyline"",""all_points_x"":[1931,1923],""all_points_y"":[592,436]}","{}"
44.bmp,70778934,"{}",2070,490,"{""name"":""polyline"",""all_points_x"":[1688,1689,1695],""all_points_y"":[424,396,353]}","{}"
44.bmp,70778934,"{}",2070,491,"{""name"":""polygon"",""all_points_x"":[1467,1503,1510,1472],""all_points_y"":[874,632,633,873]}","{}"
44.bmp,70778934,"{}",2070,492,"{""name"":""polygon"",""all_points_x"":[1279,1461,1465,1287],""all_points_y"":[849,693,700,857]}","{}"
44.bmp,70778934,"{}",2070,493,"{""name"":""polygon"",""all_points_x"":[1673,1669,1664,1671,1672,1679],""all_points_y"":[831,774,702,731,765,830]}","{}"
44.bmp,70778934,"{}",2070,494,"{""name"":""polygon"",""all_points_x"":[1841,1822,1825,1845],""all_points_y"":[840,694,694,837]}","{}"
44.bmp,70778934,"{}",2070,495,"{""name"":""polygon"",""all_points_x"":[1721,1716,1719,1727],""all_points_y"":[907,761,761,908]}","{}"
44.bmp,70778934,"{}",2070,496,"{""name"":""polyline"",""all_points_x"":[1503,1478,1467],""all_points_y"":[605,550,520]}","{}"
44.bmp,70778934,"{}",2070,497,"{""name"":""polyline"",""all_points_x"":[1468,1460,1453],""all_points_y"":[574,545,501]}","{}"
44.bmp,70778934,"{}",2070,498,"{""name"":""polyline"",""all_points_x"":[1543,1576,1609],""all_points_y"":[675,657,628]}","{}"
44.bmp,70778934,"{}",2070,499,"{""name"":""polyline"",""all_points_x"":[1626,1617],""all_points_y"":[502,625]}","{}"
44.bmp,70778934,"{}",2070,500,"{""name"":""polyline"",""all_points_x"":[1541,1601],""all_points_y"":[699,590]}","{}"
44.bmp,70778934,"{}",2070,501,"{""name"":""polyline"",""all_points_x"":[1644,1574],""all_points_y"":[550,650]}","{}"
44.bmp,70778934,"{}",2070,502,"{""name"":""polyline"",""all_points_x"":[1621,1627,1639],""all_points_y"":[647,601,549]}","{}"
44.bmp,70778934,"{}",2070,503,"{""name"":""polyline"",""all_points_x"":[2259,2246,2237],""all_points_y"":[624,595,564]}","{}"
44.bmp,70778934,"{}",2070,504,"{""name"":""polygon"",""all_points_x"":[1841,1850,1858,1869,1873,1861,1854,1846],""all_points_y"":[1108,1005,949,849,849,950,1010,1106]}","{}"
44.bmp,70778934,"{}",2070,505,"{""name"":""polygon"",""all_points_x"":[1410,1391,1393,1412],""all_points_y"":[1020,911,911,1020]}","{}"
44.bmp,70778934,"{}",2070,506,"{""name"":""polyline"",""all_points_x"":[1550,1516],""all_points_y"":[1018,868]}","{}"
44.bmp,70778934,"{}",2070,507,"{""name"":""polygon"",""all_points_x"":[1327,1339,1369,1371,1342,1328],""all_points_y"":[891,880,826,828,880,895]}","{}"
44.bmp,70778934,"{}",2070,508,"{""name"":""polygon"",""all_points_x"":[1902,1926,1948,1950,1927,1905],""all_points_y"":[823,734,655,655,745,821]}","{}"
44.bmp,70778934,"{}",2070,509,"{""name"":""polygon"",""all_points_x"":[2134,2152,2157,2142],""all_points_y"":[805,676,678,809]}","{}"
44.bmp,70778934,"{}",2070,510,"{""name"":""polyline"",""all_points_x"":[2111,2100,2094,2085],""all_points_y"":[887,824,769,662]}","{}"
44.bmp,70778934,"{}",2070,511,"{""name"":""polygon"",""all_points_x"":[2099,2068,2048,2016,2014,2035,2072,2096],""all_points_y"":[934,889,859,809,809,847,901,935]}","{}"
44.bmp,70778934,"{}",2070,512,"{""name"":""polyline"",""all_points_x"":[2061,2047,2033],""all_points_y"":[1049,1004,935]}","{}"
44.bmp,70778934,"{}",2070,513,"{""name"":""polyline"",""all_points_x"":[2132,2176,2201],""all_points_y"":[835,883,918]}","{}"
44.bmp,70778934,"{}",2070,514,"{""name"":""polyline"",""all_points_x"":[2251,2258,2271,2290],""all_points_y"":[849,788,735,682]}","{}"
44.bmp,70778934,"{}",2070,515,"{""name"":""polyline"",""all_points_x"":[2222,2234,2277],""all_points_y"":[1023,978,860]}","{}"
44.bmp,70778934,"{}",2070,516,"{""name"":""polyline"",""all_points_x"":[2139,2160,2173],""all_points_y"":[988,885,832]}","{}"
44.bmp,70778934,"{}",2070,517,"{""name"":""polyline"",""all_points_x"":[1322,1325,1331],""all_points_y"":[999,959,912]}","{}"
44.bmp,70778934,"{}",2070,518,"{""name"":""polyline"",""all_points_x"":[2059,2048],""all_points_y"":[928,816]}","{}"
44.bmp,70778934,"{}",2070,519,"{""name"":""polyline"",""all_points_x"":[1841,1832],""all_points_y"":[743,662]}","{}"
44.bmp,70778934,"{}",2070,520,"{""name"":""polygon"",""all_points_x"":[1365,1389,1422,1424,1403,1372],""all_points_y"":[1376,1245,1123,1124,1217,1370]}","{}"
44.bmp,70778934,"{}",2070,521,"{""name"":""polygon"",""all_points_x"":[1632,1656,1660,1638],""all_points_y"":[1329,1092,1094,1331]}","{}"
44.bmp,70778934,"{}",2070,522,"{""name"":""polygon"",""all_points_x"":[1841,1886,1890,1845],""all_points_y"":[1148,985,987,1151]}","{}"
44.bmp,70778934,"{}",2070,523,"{""name"":""polygon"",""all_points_x"":[1992,1930,1934,1995],""all_points_y"":[1289,1080,1078,1285]}","{}"
44.bmp,70778934,"{}",2070,524,"{""name"":""polygon"",""all_points_x"":[1411,1405,1411,1417],""all_points_y"":[1266,1090,1091,1271]}","{}"
44.bmp,70778934,"{}",2070,525,"{""name"":""polygon"",""all_points_x"":[2052,2101,2105,2056],""all_points_y"":[1295,1138,1139,1295]}","{}"
44.bmp,70778934,"{}",2070,526,"{""name"":""polygon"",""all_points_x"":[2054,1992,1995,2056],""all_points_y"":[1257,1187,1184,1256]}","{}"
44.bmp,70778934,"{}",2070,527,"{""name"":""polygon"",""all_points_x"":[1371,1377,1376],""all_points_y"":[1175,1132,1074]}","{}"
44.bmp,70778934,"{}",2070,528,"{""name"":""polyline"",""all_points_x"":[1493,1481,1471],""all_points_y"":[1175,1127,1044]}","{}"
44.bmp,70778934,"{}",2070,529,"{""name"":""polyline"",""all_points_x"":[1139,1141,1139],""all_points_y"":[1227,1146,1130]}","{}"
44.bmp,70778934,"{}",2070,530,"{""name"":""polyline"",""all_points_x"":[1325,1303,1297,1293],""all_points_y"":[1290,1235,1206,1176]}","{}"
44.bmp,70778934,"{}",2070,531,"{""name"":""polyline"",""all_points_x"":[1441,1439],""all_points_y"":[1213,1118]}","{}"
44.bmp,70778934,"{}",2070,532,"{""name"":""polyline"",""all_points_x"":[1775,1788],""all_points_y"":[1152,1033]}","{}"
44.bmp,70778934,"{}",2070,533,"{""name"":""polyline"",""all_points_x"":[1961,1994],""all_points_y"":[1109,1006]}","{}"
44.bmp,70778934,"{}",2070,534,"{""name"":""polyline"",""all_points_x"":[2087,2077,2073],""all_points_y"":[1168,1113,1057]}","{}"
44.bmp,70778934,"{}",2070,535,"{""name"":""polyline"",""all_points_x"":[2090,2099],""all_points_y"":[1143,1062]}","{}"
44.bmp,70778934,"{}",2070,536,"{""name"":""polyline"",""all_points_x"":[2268,2250,2242],""all_points_y"":[969,1044,1100]}","{}"
44.bmp,70778934,"{}",2070,537,"{""name"":""polyline"",""all_points_x"":[2139,2123],""all_points_y"":[1115,1225]}","{}"
44.bmp,70778934,"{}",2070,538,"{""name"":""polygon"",""all_points_x"":[991,1113,1115,993],""all_points_y"":[807,878,872,802]}","{}"
44.bmp,70778934,"{}",2070,539,"{""name"":""polyline"",""all_points_x"":[2308,2198],""all_points_y"":[872,768]}","{}"
44.bmp,70778934,"{}",2070,540,"{""name"":""polyline"",""all_points_x"":[1942,1969],""all_points_y"":[1021,961]}","{}"
44.bmp,70778934,"{}",2070,541,"{""name"":""polygon"",""all_points_x"":[1661,1694,1698,1667],""all_points_y"":[1376,1094,1094,1381]}","{}"
44.bmp,70778934,"{}",2070,542,"{""name"":""polyline"",""all_points_x"":[1797,1793],""all_points_y"":[1446,1312]}","{}"
44.bmp,70778934,"{}",2070,543,"{""name"":""polyline"",""all_points_x"":[1531,1500],""all_points_y"":[1353,1297]}","{}"
44.bmp,70778934,"{}",2070,544,"{""name"":""polyline"",""all_points_x"":[1764,1788],""all_points_y"":[1393,1328]}","{}"
44.bmp,70778934,"{}",2070,545,"{""name"":""polyline"",""all_points_x"":[1846,1798],""all_points_y"":[1301,1388]}","{}"
44.bmp,70778934,"{}",2070,546,"{""name"":""polygon"",""all_points_x"":[1859,1867,1873,1864],""all_points_y"":[1221,1137,1139,1220]}","{}"
44.bmp,70778934,"{}",2070,547,"{""name"":""polyline"",""all_points_x"":[1881,1934],""all_points_y"":[1332,1177]}","{}"
44.bmp,70778934,"{}",2070,548,"{""name"":""polyline"",""all_points_x"":[2224,2211],""all_points_y"":[1184,1256]}","{}"
44.bmp,70778934,"{}",2070,549,"{""name"":""polyline"",""all_points_x"":[2236,2243],""all_points_y"":[1287,1199]}","{}"
44.bmp,70778934,"{}",2070,550,"{""name"":""polyline"",""all_points_x"":[2129,2123],""all_points_y"":[1084,1018]}","{}"
44.bmp,70778934,"{}",2070,551,"{""name"":""polyline"",""all_points_x"":[2047,2053],""all_points_y"":[406,353]}","{}"
44.bmp,70778934,"{}",2070,552,"{""name"":""polyline"",""all_points_x"":[1526,1521],""all_points_y"":[826,690]}","{}"
44.bmp,70778934,"{}",2070,553,"{""name"":""polyline"",""all_points_x"":[1273,1263],""all_points_y"":[1212,1150]}","{}"
44.bmp,70778934,"{}",2070,554,"{""name"":""polygon"",""all_points_x"":[1595,1607,1620,1624,1612,1598],""all_points_y"":[1382,1275,1238,1239,1277,1380]}","{}"
44.bmp,70778934,"{}",2070,555,"{""name"":""polygon"",""all_points_x"":[1918,2001,2120,2128,2023,1935],""all_points_y"":[1597,1439,1239,1246,1434,1602]}","{}"
44.bmp,70778934,"{}",2070,556,"{""name"":""polyline"",""all_points_x"":[2231,2225,2218],""all_points_y"":[1159,1120,1075]}","{}"
44.bmp,70778934,"{}",2070,557,"{""name"":""polygon"",""all_points_x"":[2059,2118,2158,2197,2199,2165,2121,2063],""all_points_y"":[1520,1436,1371,1320,1323,1372,1439,1524]}","{}"
44.bmp,70778934,"{}",2070,558,"{""name"":""polygon"",""all_points_x"":[2054,2089,2158,2161,2116,2061],""all_points_y"":[1566,1522,1439,1441,1500,1565]}","{}"
44.bmp,70778934,"{}",2070,559,"{""name"":""polygon"",""all_points_x"":[1412,1283,1285,1414],""all_points_y"":[1662,1556,1551,1657]}","{}"
44.bmp,70778934,"{}",2070,560,"{""name"":""polygon"",""all_points_x"":[1493,1410,1415,1501],""all_points_y"":[1628,1540,1536,1627]}","{}"
44.bmp,70778934,"{}",2070,561,"{""name"":""polygon"",""all_points_x"":[2172,2185,2201,2227,2230,2208,2192,2180],""all_points_y"":[1654,1606,1562,1506,1507,1560,1601,1657]}","{}"
44.bmp,70778934,"{}",2070,562,"{""name"":""polygon"",""all_points_x"":[2214,2251,2273,2292,2294,2273,2253,2218],""all_points_y"":[1610,1529,1481,1434,1434,1492,1534,1614]}","{}"
44.bmp,70778934,"{}",2070,563,"{""name"":""polygon"",""all_points_x"":[1764,1737,1741,1767],""all_points_y"":[1313,1371,1374,1314]}","{}"
44.bmp,70778934,"{}",2070,564,"{""name"":""polygon"",""all_points_x"":[1243,1252,1267,1270,1258,1249],""all_points_y"":[1562,1530,1443,1443,1536,1562]}","{}"
44.bmp,70778934,"{}",2070,565,"{""name"":""polygon"",""all_points_x"":[1278,1256,1260,1282],""all_points_y"":[1459,1563,1563,1460]}","{}"
44.bmp,70778934,"{}",2070,566,"{""name"":""polyline"",""all_points_x"":[1526,1512],""all_points_y"":[1594,1486]}","{}"
44.bmp,70778934,"{}",2070,567,"{""name"":""polyline"",""all_points_x"":[1546,1569],""all_points_y"":[1554,1441]}","{}"
44.bmp,70778934,"{}",2070,568,"{""name"":""polyline"",""all_points_x"":[1827,1835],""all_points_y"":[1546,1399]}","{}"
44.bmp,70778934,"{}",2070,569,"{""name"":""polyline"",""all_points_x"":[1854,1869,1885],""all_points_y"":[1505,1427,1344]}","{}"
44.bmp,70778934,"{}",2070,570,"{""name"":""polyline"",""all_points_x"":[1933,1941,1951,1980],""all_points_y"":[1341,1318,1296,1253]}","{}"
44.bmp,70778934,"{}",2070,571,"{""name"":""polyline"",""all_points_x"":[2007,2002,2000],""all_points_y"":[1341,1306,1213]}","{}"
44.bmp,70778934,"{}",2070,572,"{""name"":""polyline"",""all_points_x"":[2052,2054,2056],""all_points_y"":[1268,1220,1163]}","{}"
44.bmp,70778934,"{}",2070,573,"{""name"":""polyline"",""all_points_x"":[2177,2222],""all_points_y"":[1389,1312]}","{}"
44.bmp,70778934,"{}",2070,574,"{""name"":""polyline"",""all_points_x"":[1915,1921],""all_points_y"":[1406,1320]}","{}"
44.bmp,70778934,"{}",2070,575,"{""name"":""polyline"",""all_points_x"":[2115,2166],""all_points_y"":[1424,1310]}","{}"
44.bmp,70778934,"{}",2070,576,"{""name"":""polyline"",""all_points_x"":[2183,2188,2192,2204],""all_points_y"":[1516,1473,1445,1401]}","{}"
44.bmp,70778934,"{}",2070,577,"{""name"":""polygon"",""all_points_x"":[2078,2099,2139,2141,2101,2082],""all_points_y"":[1572,1538,1488,1490,1541,1576]}","{}"
44.bmp,70778934,"{}",2070,578,"{""name"":""polygon"",""all_points_x"":[2137,2138,2148],""all_points_y"":[1593,1572,1517]}","{}"
44.bmp,70778934,"{}",2070,579,"{""name"":""polyline"",""all_points_x"":[2234,2277],""all_points_y"":[1614,1546]}","{}"
44.bmp,70778934,"{}",2070,580,"{""name"":""polyline"",""all_points_x"":[2279,2268,2265,2267],""all_points_y"":[1562,1511,1481,1439]}","{}"
44.bmp,70778934,"{}",2070,581,"{""name"":""polygon"",""all_points_x"":[1422,1364,1365,1423],""all_points_y"":[1300,1258,1255,1298]}","{}"
44.bmp,70778934,"{}",2070,582,"{""name"":""polyline"",""all_points_x"":[2249,2269],""all_points_y"":[1185,1115]}","{}"
44.bmp,70778934,"{}",2070,583,"{""name"":""polyline"",""all_points_x"":[2040,2021,2018],""all_points_y"":[1353,1277,1220]}","{}"
44.bmp,70778934,"{}",2070,584,"{""name"":""polygon"",""all_points_x"":[1225,1322,1326,1232],""all_points_y"":[1755,1516,1519,1759]}","{}"
44.bmp,70778934,"{}",2070,585,"{""name"":""polygon"",""all_points_x"":[1436,1315,1315,1433],""all_points_y"":[1730,1679,1681,1736]}","{}"
44.bmp,70778934,"{}",2070,586,"{""name"":""polygon"",""all_points_x"":[1482,1537,1601,1602,1543,1485],""all_points_y"":[1776,1717,1637,1641,1720,1781]}","{}"
44.bmp,70778934,"{}",2070,587,"{""name"":""polygon"",""all_points_x"":[1572,1683,1690,1581],""all_points_y"":[1782,1593,1598,1788]}","{}"
44.bmp,70778934,"{}",2070,588,"{""name"":""polygon"",""all_points_x"":[1647,1702,1737,1786,1788,1744,1703,1654],""all_points_y"":[1746,1677,1626,1538,1541,1624,1688,1751]}","{}"
44.bmp,70778934,"{}",2070,589,"{""name"":""polygon"",""all_points_x"":[1641,1695,1699,1645],""all_points_y"":[1863,1757,1759,1866]}","{}"
44.bmp,70778934,"{}",2070,590,"{""name"":""polygon"",""all_points_x"":[1850,1839,1833,1829,1828,1833,1833,1839,1843,1854],""all_points_y"":[1979,1921,1877,1823,1783,1783,1832,1884,1924,1976]}","{}"
44.bmp,70778934,"{}",2070,591,"{""name"":""polygon"",""all_points_x"":[1885,1893,1914,1917,1900,1890],""all_points_y"":[1856,1804,1712,1713,1783,1859]}","{}"
44.bmp,70778934,"{}",2070,592,"{""name"":""polygon"",""all_points_x"":[1938,1961,1988,1990,1959,1942],""all_points_y"":[1779,1721,1654,1654,1733,1783]}","{}"
44.bmp,70778934,"{}",2070,593,"{""name"":""polygon"",""all_points_x"":[1975,2016,2019,1979],""all_points_y"":[1765,1641,1641,1765]}","{}"
44.bmp,70778934,"{}",2070,594,"{""name"":""polygon"",""all_points_x"":[2115,2161,2179,2181,2152,2120],""all_points_y"":[1939,1850,1812,1814,1873,1940]}","{}"
44.bmp,70778934,"{}",2070,595,"{""name"":""polygon"",""all_points_x"":[2314,2299,2286,2289,2302,2317],""all_points_y"":[1692,1649,1597,1596,1648,1690]}","{}"
44.bmp,70778934,"{}",2070,596,"{""name"":""polygon"",""all_points_x"":[1546,1580,1583,1550],""all_points_y"":[1638,1553,1555,1638]}","{}"
44.bmp,70778934,"{}",2070,597,"{""name"":""polyline"",""all_points_x"":[1656,1649],""all_points_y"":[1923,1849]}","{}"
44.bmp,70778934,"{}",2070,598,"{""name"":""polyline"",""all_points_x"":[1555,1567,1586],""all_points_y"":[1997,1955,1902]}","{}"
44.bmp,70778934,"{}",2070,599,"{""name"":""polyline"",""all_points_x"":[1596,1565],""all_points_y"":[1887,1994]}","{}"
44.bmp,70778934,"{}",2070,600,"{""name"":""polyline"",""all_points_x"":[1895,1964],""all_points_y"":[1869,1802]}","{}"
44.bmp,70778934,"{}",2070,601,"{""name"":""polyline"",""all_points_x"":[1959,1972],""all_points_y"":[1953,1861]}","{}"
44.bmp,70778934,"{}",2070,602,"{""name"":""polyline"",""all_points_x"":[2052,2068,2071],""all_points_y"":[1864,1770,1726]}","{}"
44.bmp,70778934,"{}",2070,603,"{""name"":""polyline"",""all_points_x"":[2101,2123],""all_points_y"":[1838,1745]}","{}"
44.bmp,70778934,"{}",2070,604,"{""name"":""polyline"",""all_points_x"":[2136,2154,2183],""all_points_y"":[1885,1845,1787]}","{}"
44.bmp,70778934,"{}",2070,605,"{""name"":""polyline"",""all_points_x"":[2092,2127],""all_points_y"":[1637,1548]}","{}"
44.bmp,70778934,"{}",2070,606,"{""name"":""polyline"",""all_points_x"":[2196,2223],""all_points_y"":[1628,1551]}","{}"
44.bmp,70778934,"{}",2070,607,"{""name"":""polyline"",""all_points_x"":[2125,2164],""all_points_y"":[1872,1788]}","{}"
44.bmp,70778934,"{}",2070,608,"{""name"":""polygon"",""all_points_x"":[2169,2207,2209,2174],""all_points_y"":[1903,1835,1838,1907]}","{}"
44.bmp,70778934,"{}",2070,609,"{""name"":""polygon"",""all_points_x"":[2258,2296,2300,2263],""all_points_y"":[2026,1909,1910,2030]}","{}"
44.bmp,70778934,"{}",2070,610,"{""name"":""polyline"",""all_points_x"":[2198,2227],""all_points_y"":[1994,1926]}","{}"
44.bmp,70778934,"{}",2070,611,"{""name"":""polyline"",""all_points_x"":[2051,2086],""all_points_y"":[1869,1796]}","{}"
44.bmp,70778934,"{}",2070,612,"{""name"":""polyline"",""all_points_x"":[1913,1972,2021],""all_points_y"":[1743,1713,1684]}","{}"
44.bmp,70778934,"{}",2070,613,"{""name"":""polyline"",""all_points_x"":[1924,1932,1943],""all_points_y"":[1793,1752,1714]}","{}"
44.bmp,70778934,"{}",2070,614,"{""name"":""polyline"",""all_points_x"":[1896,1916],""all_points_y"":[1554,1463]}","{}"
44.bmp,70778934,"{}",2070,615,"{""name"":""polygon"",""all_points_x"":[1293,1310,1341,1345,1317,1299],""all_points_y"":[2103,1995,1857,1858,1984,2108]}","{}"
44.bmp,70778934,"{}",2070,616,"{""name"":""polygon"",""all_points_x"":[1370,1465,1468,1375],""all_points_y"":[2058,1907,1910,2065]}","{}"
44.bmp,70778934,"{}",2070,617,"{""name"":""polygon"",""all_points_x"":[1389,1418,1443,1445,1418,1395],""all_points_y"":[2061,1997,1954,1956,2008,2063]}","{}"
44.bmp,70778934,"{}",2070,618,"{""name"":""polygon"",""all_points_x"":[1313,1384,1426,1481,1484,1428,1389,1320],""all_points_y"":[2232,2124,2035,1916,1916,2042,2125,2235]}","{}"
44.bmp,70778934,"{}",2070,619,"{""name"":""polygon"",""all_points_x"":[1391,1480,1484,1397],""all_points_y"":[2155,1992,1997,2159]}","{}"
44.bmp,70778934,"{}",2070,620,"{""name"":""polygon"",""all_points_x"":[1283,1372,1463,1467,1379,1289],""all_points_y"":[2303,2226,2138,2141,2227,2307]}","{}"
44.bmp,70778934,"{}",2070,621,"{""name"":""polygon"",""all_points_x"":[1477,1496,1531,1534,1504,1482],""all_points_y"":[2194,2145,2023,2023,2135,2193]}","{}"
44.bmp,70778934,"{}",2070,622,"{""name"":""polygon"",""all_points_x"":[1417,1553,1555,1422],""all_points_y"":[2289,2227,2233,2294]}","{}"
44.bmp,70778934,"{}",2070,623,"{""name"":""polygon"",""all_points_x"":[1574,1622,1663,1698,1700,1653,1609,1579],""all_points_y"":[2130,2075,2032,1992,1996,2046,2095,2134]}","{}"
44.bmp,70778934,"{}",2070,624,"{""name"":""polygon"",""all_points_x"":[1730,1737,1750,1759,1761,1747,1734],""all_points_y"":[2081,1999,1918,1855,1857,1956,2084]}","{}"
44.bmp,70778934,"{}",2070,625,"{""name"":""polygon"",""all_points_x"":[1553,1595,1651,1653,1604,1557],""all_points_y"":[2125,2068,2001,2003,2063,2130]}","{}"
44.bmp,70778934,"{}",2070,626,"{""name"":""polygon"",""all_points_x"":[1605,1797,1798,1608],""all_points_y"":[2231,2135,2138,2237]}","{}"
44.bmp,70778934,"{}",2070,627,"{""name"":""polygon"",""all_points_x"":[1724,1837,1839,1728],""all_points_y"":[2238,2191,2195,2243]}","{}"
44.bmp,70778934,"{}",2070,628,"{""name"":""polygon"",""all_points_x"":[1996,1996,2002,2005,2000,1999],""all_points_y"":[2211,2144,2033,2035,2144,2212]}","{}"
44.bmp,70778934,"{}",2070,629,"{""name"":""polygon"",""all_points_x"":[2108,2056,2015,2000,2003,2020,2065,2109],""all_points_y"":[2161,2092,2029,1991,1991,2028,2094,2156]}","{}"
44.bmp,70778934,"{}",2070,630,"{""name"":""polygon"",""all_points_x"":[1671,1705,1747,1750,1710,1677],""all_points_y"":[2243,2188,2125,2127,2187,2243]}","{}"
44.bmp,70778934,"{}",2070,631,"{""name"":""polygon"",""all_points_x"":[2026,2052,2084,2086,2050,2031],""all_points_y"":[2168,2119,2065,2066,2129,2167]}","{}"
44.bmp,70778934,"{}",2070,632,"{""name"":""polygon"",""all_points_x"":[1973,1990,2006,2011,1992,1979],""all_points_y"":[2280,2237,2200,2201,2243,2282]}","{}"
44.bmp,70778934,"{}",2070,633,"{""name"":""polygon"",""all_points_x"":[2016,2018,2023,2023,2028,2033,2037,2030,2027,2026,2023,2021],""all_points_y"":[2156,2112,2072,2052,2018,2000,2004,2022,2049,2075,2102,2153]}","{}"
44.bmp,70778934,"{}",2070,634,"{""name"":""polygon"",""all_points_x"":[1318,1320,1323,1325],""all_points_y"":[2050,1957,1958,2051]}","{}"
44.bmp,70778934,"{}",2070,635,"{""name"":""polyline"",""all_points_x"":[1288,1284],""all_points_y"":[1988,2101]}","{}"
44.bmp,70778934,"{}",2070,636,"{""name"":""polyline"",""all_points_x"":[1460,1503],""all_points_y"":[2266,2194]}","{}"
44.bmp,70778934,"{}",2070,637,"{""name"":""polyline"",""all_points_x"":[1784,1789],""all_points_y"":[2085,1994]}","{}"
44.bmp,70778934,"{}",2070,638,"{""name"":""polyline"",""all_points_x"":[1862,1814],""all_points_y"":[1934,1962]}","{}"
44.bmp,70778934,"{}",2070,639,"{""name"":""polyline"",""all_points_x"":[1927,1959,2005],""all_points_y"":[2068,2049,2030]}","{}"
44.bmp,70778934,"{}",2070,640,"{""name"":""polyline"",""all_points_x"":[1959,1987],""all_points_y"":[2026,1949]}","{}"
44.bmp,70778934,"{}",2070,641,"{""name"":""polyline"",""all_points_x"":[2081,2112],""all_points_y"":[2001,1935]}","{}"
44.bmp,70778934,"{}",2070,642,"{""name"":""polyline"",""all_points_x"":[2116,2117],""all_points_y"":[2014,1951]}","{}"
44.bmp,70778934,"{}",2070,643,"{""name"":""polyline"",""all_points_x"":[2035,2030],""all_points_y"":[2315,2239]}","{}"
44.bmp,70778934,"{}",2070,644,"{""name"":""polyline"",""all_points_x"":[2050,2065],""all_points_y"":[2273,2193]}","{}"
44.bmp,70778934,"{}",2070,645,"{""name"":""polyline"",""all_points_x"":[2139,2160,2182,2210],""all_points_y"":[2362,2307,2270,2235]}","{}"
44.bmp,70778934,"{}",2070,646,"{""name"":""polyline"",""all_points_x"":[2177,2174,2177],""all_points_y"":[2271,2230,2191]}","{}"
44.bmp,70778934,"{}",2070,647,"{""name"":""polyline"",""all_points_x"":[2112,2112],""all_points_y"":[2206,2109]}","{}"
44.bmp,70778934,"{}",2070,648,"{""name"":""polygon"",""all_points_x"":[1597,1690,1752,1795,1796,1724,1648,1603],""all_points_y"":[2201,2136,2090,2057,2060,2114,2171,2206]}","{}"
44.bmp,70778934,"{}",2070,649,"{""name"":""polyline"",""all_points_x"":[1588,1554],""all_points_y"":[2265,2152]}","{}"
44.bmp,70778934,"{}",2070,650,"{""name"":""polyline"",""all_points_x"":[1197,1197],""all_points_y"":[2162,2093]}","{}"
44.bmp,70778934,"{}",2070,651,"{""name"":""polygon"",""all_points_x"":[2065,2115,2166,2187,2191,2156,2121,2076],""all_points_y"":[2417,2236,2073,2010,2013,2127,2242,2420]}","{}"
44.bmp,70778934,"{}",2070,652,"{""name"":""polyline"",""all_points_x"":[1907,1850],""all_points_y"":[2136,2034]}","{}"
44.bmp,70778934,"{}",2070,653,"{""name"":""polyline"",""all_points_x"":[2268,2293],""all_points_y"":[2087,2237]}","{}"
44.bmp,70778934,"{}",2070,654,"{""name"":""polyline"",""all_points_x"":[2220,2246,2249,2224],""all_points_y"":[2168,2104,2105,2170]}","{}"
44.bmp,70778934,"{}",2070,655,"{""name"":""polyline"",""all_points_x"":[1559,1584],""all_points_y"":[2033,1950]}","{}"
44.bmp,70778934,"{}",2070,656,"{""name"":""polygon"",""all_points_x"":[1435,1467,1482,1512,1531,1532,1514,1490,1462,1441],""all_points_y"":[2398,2325,2299,2227,2175,2175,2237,2292,2349,2400]}","{}"
44.bmp,70778934,"{}",2070,657,"{""name"":""polygon"",""all_points_x"":[1747,1847,1921,1923,1840,1754],""all_points_y"":[2478,2342,2242,2246,2359,2482]}","{}"
44.bmp,70778934,"{}",2070,658,"{""name"":""polygon"",""all_points_x"":[1515,1553,1607,1610,1569,1519],""all_points_y"":[2565,2496,2412,2413,2479,2570]}","{}"
44.bmp,70778934,"{}",2070,659,"{""name"":""polygon"",""all_points_x"":[1340,1373,1399,1401,1377,1346],""all_points_y"":[2511,2441,2385,2386,2443,2514]}","{}"
44.bmp,70778934,"{}",2070,660,"{""name"":""polygon"",""all_points_x"":[1319,1403,1406,1321],""all_points_y"":[2618,2559,2563,2622]}","{}"
44.bmp,70778934,"{}",2070,661,"{""name"":""polygon"",""all_points_x"":[1313,1361,1404,1404,1364,1318],""all_points_y"":[2604,2573,2550,2555,2577,2608]}","{}"
44.bmp,70778934,"{}",2070,662,"{""name"":""polygon"",""all_points_x"":[1554,1619,1682,1686,1618,1560],""all_points_y"":[2448,2394,2333,2334,2401,2451]}","{}"
44.bmp,70778934,"{}",2070,663,"{""name"":""polygon"",""all_points_x"":[1472,1491,1522,1552,1570,1594,1605,1605,1588,1572,1549,1522,1503,1474],""all_points_y"":[2452,2413,2364,2327,2303,2284,2280,2284,2292,2308,2338,2374,2405,2452]}","{}"
44.bmp,70778934,"{}",2070,664,"{""name"":""polygon"",""all_points_x"":[1451,1459,1471,1474,1462,1455],""all_points_y"":[2495,2429,2349,2349,2425,2493]}","{}"
44.bmp,70778934,"{}",2070,665,"{""name"":""polygon"",""all_points_x"":[1698,1809,1814,1702],""all_points_y"":[2419,2244,2247,2425]}","{}"
44.bmp,70778934,"{}",2070,666,"{""name"":""polygon"",""all_points_x"":[1779,1707,1714,1787],""all_points_y"":[2375,2293,2289,2368]}","{}"
44.bmp,70778934,"{}",2070,667,"{""name"":""polygon"",""all_points_x"":[1535,1694,1695,1541],""all_points_y"":[2438,2274,2277,2442]}","{}"
44.bmp,70778934,"{}",2070,668,"{""name"":""polygon"",""all_points_x"":[1574,1588,1603,1606,1591,1580],""all_points_y"":[2579,2522,2470,2472,2529,2584]}","{}"
44.bmp,70778934,"{}",2070,669,"{""name"":""polygon"",""all_points_x"":[1610,1671,1674,1614],""all_points_y"":[2641,2554,2558,2644]}","{}"
44.bmp,70778934,"{}",2070,670,"{""name"":""polygon"",""all_points_x"":[2003,2136,2136,2002],""all_points_y"":[2514,2472,2476,2521]}","{}"
44.bmp,70778934,"{}",2070,671,"{""name"":""polygon"",""all_points_x"":[2107,2073,2057,2046,2047,2064,2087,2109],""all_points_y"":[2697,2582,2517,2452,2451,2530,2619,2694]}","{}"
44.bmp,70778934,"{}",2070,672,"{""name"":""polygon"",""all_points_x"":[2147,2138,2136,2137,2142,2139,2142,2151],""all_points_y"":[2322,2280,2238,2218,2220,2247,2276,2316]}","{}"
44.bmp,70778934,"{}",2070,673,"{""name"":""polygon"",""all_points_x"":[1766,1769,1773,1775],""all_points_y"":[2577,2474,2475,2579]}","{}"
44.bmp,70778934,"{}",2070,674,"{""name"":""polygon"",""all_points_x"":[1496,1391,1396,1500],""all_points_y"":[2437,2540,2542,2438]}","{}"
44.bmp,70778934,"{}",2070,675,"{""name"":""polyline"",""all_points_x"":[1303,1337],""all_points_y"":[2401,2321]}","{}"
44.bmp,70778934,"{}",2070,676,"{""name"":""polyline"",""all_points_x"":[1256,1335],""all_points_y"":[2492,2529]}","{}"
44.bmp,70778934,"{}",2070,677,"{""name"":""polyline"",""all_points_x"":[1387,1453],""all_points_y"":[2601,2516]}","{}"
44.bmp,70778934,"{}",2070,678,"{""name"":""polyline"",""all_points_x"":[1403,1458],""all_points_y"":[2644,2555]}","{}"
44.bmp,70778934,"{}",2070,679,"{""name"":""polyline"",""all_points_x"":[1757,1814],""all_points_y"":[2502,2491]}","{}"
44.bmp,70778934,"{}",2070,680,"{""name"":""polyline"",""all_points_x"":[1941,1957],""all_points_y"":[2590,2531]}","{}"
44.bmp,70778934,"{}",2070,681,"{""name"":""polyline"",""all_points_x"":[2022,2056],""all_points_y"":[2604,2536]}","{}"
44.bmp,70778934,"{}",2070,682,"{""name"":""polyline"",""all_points_x"":[2241,2253,2269],""all_points_y"":[2692,2589,2444]}","{}"
44.bmp,70778934,"{}",2070,683,"{""name"":""polyline"",""all_points_x"":[1541,1600],""all_points_y"":[2541,2448]}","{}"
44.bmp,70778934,"{}",2070,684,"{""name"":""polyline"",""all_points_x"":[2119,2161],""all_points_y"":[2446,2363]}","{}"
44.bmp,70778934,"{}",2070,685,"{""name"":""polygon"",""all_points_x"":[2189,1878,1875,2186],""all_points_y"":[2603,2409,2416,2610]}","{}"
44.bmp,70778934,"{}",2070,686,"{""name"":""polyline"",""all_points_x"":[2198,2259],""all_points_y"":[2671,2643]}","{}"
44.bmp,70778934,"{}",2070,687,"{""name"":""polyline"",""all_points_x"":[2132,2133],""all_points_y"":[2351,2263]}","{}"
44.bmp,70778934,"{}",2070,688,"{""name"":""polyline"",""all_points_x"":[1844,1831,1831],""all_points_y"":[2344,2285,2244]}","{}"
44.bmp,70778934,"{}",2070,689,"{""name"":""polyline"",""all_points_x"":[1684,1717],""all_points_y"":[2512,2477]}","{}"
44.bmp,70778934,"{}",2070,690,"{""name"":""polyline"",""all_points_x"":[1776,1798,1823],""all_points_y"":[2552,2541,2522]}","{}"
44.bmp,70778934,"{}",2070,691,"{""name"":""polyline"",""all_points_x"":[1377,1415],""all_points_y"":[2469,2368]}","{}"
44.bmp,70778934,"{}",2070,692,"{""name"":""polygon"",""all_points_x"":[1959,1850,1857,1973],""all_points_y"":[3027,2707,2704,3027]}","{}"
44.bmp,70778934,"{}",2070,693,"{""name"":""polygon"",""all_points_x"":[2154,2165,2172,2173,2166,2160],""all_points_y"":[2865,2783,2684,2684,2790,2867]}","{}"
44.bmp,70778934,"{}",2070,694,"{""name"":""polygon"",""all_points_x"":[1576,1622,1650,1655,1622,1581],""all_points_y"":[2764,2685,2623,2624,2695,2771]}","{}"
44.bmp,70778934,"{}",2070,695,"{""name"":""polygon"",""all_points_x"":[1213,1352,1357,1218],""all_points_y"":[2964,2847,2852,2971]}","{}"
44.bmp,70778934,"{}",2070,696,"{""name"":""polygon"",""all_points_x"":[1942,1898,1903,1944],""all_points_y"":[2738,2821,2822,2742]}","{}"
44.bmp,70778934,"{}",2070,697,"{""name"":""polygon"",""all_points_x"":[1430,1546,1548,1434],""all_points_y"":[2733,2646,2649,2736]}","{}"
44.bmp,70778934,"{}",2070,698,"{""name"":""polygon"",""all_points_x"":[1275,1311,1346],""all_points_y"":[2748,2695,2649]}","{}"
44.bmp,70778934,"{}",2070,699,"{""name"":""polygon"",""all_points_x"":[1702,1712,1738],""all_points_y"":[2826,2781,2717]}","{}"
44.bmp,70778934,"{}",2070,700,"{""name"":""polyline"",""all_points_x"":[1553,1603],""all_points_y"":[2867,2863]}","{}"
44.bmp,70778934,"{}",2070,701,"{""name"":""polyline"",""all_points_x"":[1659,1709],""all_points_y"":[2885,2844]}","{}"
44.bmp,70778934,"{}",2070,702,"{""name"":""polyline"",""all_points_x"":[1996,2000,2006,2016],""all_points_y"":[2857,2775,2734,2695]}","{}"
44.bmp,70778934,"{}",2070,703,"{""name"":""polyline"",""all_points_x"":[2002,2106],""all_points_y"":[2868,2805]}","{}"
44.bmp,70778934,"{}",2070,704,"{""name"":""polyline"",""all_points_x"":[2211,2204,2206,2215,2251],""all_points_y"":[2950,2930,2910,2889,2834]}","{}"
44.bmp,70778934,"{}",2070,705,"{""name"":""polyline"",""all_points_x"":[1481,1525],""all_points_y"":[2667,2627]}","{}"
44.bmp,70778934,"{}",2070,706,"{""name"":""polyline"",""all_points_x"":[1554,1555,1548,1546,1546],""all_points_y"":[2721,2703,2680,2659,2643]}","{}"
44.bmp,70778934,"{}",2070,707,"{""name"":""polyline"",""all_points_x"":[1686,1664],""all_points_y"":[2770,2676]}","{}"
44.bmp,70778934,"{}",2070,708,"{""name"":""polyline"",""all_points_x"":[1771,1849],""all_points_y"":[2805,2831]}","{}"
44.bmp,70778934,"{}",2070,709,"{""name"":""polyline"",""all_points_x"":[1864,1835,1820,1810],""all_points_y"":[2794,2779,2758,2738]}","{}"
44.bmp,70778934,"{}",2070,710,"{""name"":""polyline"",""all_points_x"":[1725,1769],""all_points_y"":[2679,2601]}","{}"
44.bmp,70778934,"{}",2070,711,"{""name"":""polyline"",""all_points_x"":[1275,1331],""all_points_y"":[2705,2711]}","{}"
44.bmp,70778934,"{}",2070,712,"{""name"":""polyline"",""all_points_x"":[1160,1138,1118],""all_points_y"":[2857,2821,2780]}","{}"
44.bmp,70778934,"{}",2070,713,"{""name"":""polyline"",""all_points_x"":[1258,1279],""all_points_y"":[2983,2930]}","{}"
44.bmp,70778934,"{}",2070,714,"{""name"":""polyline"",""all_points_x"":[1458,1483,1498,1543],""all_points_y"":[2973,2932,2897,2832]}","{}"
44.bmp,70778934,"{}",2070,715,"{""name"":""polyline"",""all_points_x"":[1463,1486],""all_points_y"":[2950,2900]}","{}"
44.bmp,70778934,"{}",2070,716,"{""name"":""polyline"",""all_points_x"":[1396,1451],""all_points_y"":[2997,2950]}","{}"
44.bmp,70778934,"{}",2070,717,"{""name"":""polyline"",""all_points_x"":[1510,1526],""all_points_y"":[3006,2895]}","{}"
44.bmp,70778934,"{}",2070,718,"{""name"":""polyline"",""all_points_x"":[1534,1574],""all_points_y"":[2931,2869]}","{}"
44.bmp,70778934,"{}",2070,719,"{""name"":""polyline"",""all_points_x"":[1724,1721,1724],""all_points_y"":[2744,2710,2676]}","{}"
44.bmp,70778934,"{}",2070,720,"{""name"":""polyline"",""all_points_x"":[1758,1769],""all_points_y"":[2864,2820]}","{}"
44.bmp,70778934,"{}",2070,721,"{""name"":""polyline"",""all_points_x"":[1845,1882],""all_points_y"":[3013,3008]}","{}"
44.bmp,70778934,"{}",2070,722,"{""name"":""polyline"",""all_points_x"":[1813,1806],""all_points_y"":[2940,3001]}","{}"
44.bmp,70778934,"{}",2070,723,"{""name"":""polyline"",""all_points_x"":[1549,1576,1607],""all_points_y"":[2976,2967,2962]}","{}"
44.bmp,70778934,"{}",2070,724,"{""name"":""polyline"",""all_points_x"":[1783,1841],""all_points_y"":[2566,2528]}","{}"
44.bmp,70778934,"{}",2070,725,"{""name"":""polyline"",""all_points_x"":[2094,2061],""all_points_y"":[2757,2703]}","{}"
44.bmp,70778934,"{}",2070,726,"{""name"":""polyline"",""all_points_x"":[1517,1528],""all_points_y"":[2475,2427]}","{}"
44.bmp,70778934,"{}",2070,727,"{""name"":""polyline"",""all_points_x"":[2004,2032],""all_points_y"":[2557,2562]}","{}"
44.bmp,70778934,"{}",2070,728,"{""name"":""polyline"",""all_points_x"":[1443,1485],""all_points_y"":[2624,2616]}","{}"
44.bmp,70778934,"{}",2070,729,"{""name"":""polyline"",""all_points_x"":[1962,2015],""all_points_y"":[2668,2643]}","{}"
44.bmp,70778934,"{}",2070,730,"{""name"":""polyline"",""all_points_x"":[1174,1162,1159],""all_points_y"":[2759,2726,2700]}","{}"
44.bmp,70778934,"{}",2070,731,"{""name"":""polygon"",""all_points_x"":[1335,1332,1335,1339],""all_points_y"":[3075,2933,2933,3076]}","{}"
44.bmp,70778934,"{}",2070,732,"{""name"":""polygon"",""all_points_x"":[1329,1320,1315,1317,1324,1332],""all_points_y"":[3130,3089,3040,3040,3089,3127]}","{}"
44.bmp,70778934,"{}",2070,733,"{""name"":""polygon"",""all_points_x"":[1392,1421,1460,1463,1424,1396],""all_points_y"":[3138,3071,2982,2983,3070,3140]}","{}"
44.bmp,70778934,"{}",2070,734,"{""name"":""polygon"",""all_points_x"":[1935,1966,2011,2011,1968,1938],""all_points_y"":[3147,3111,3067,3070,3114,3148]}","{}"
44.bmp,70778934,"{}",2070,735,"{""name"":""polygon"",""all_points_x"":[1517,1555,1557,1520],""all_points_y"":[3252,3119,3121,3253]}","{}"
44.bmp,70778934,"{}",2070,736,"{""name"":""polyline"",""all_points_x"":[1661,1707],""all_points_y"":[2801,2770]}","{}"
44.bmp,70778934,"{}",2070,737,"{""name"":""polyline"",""all_points_x"":[1932,1947],""all_points_y"":[3114,3031]}","{}"
44.bmp,70778934,"{}",2070,738,"{""name"":""polyline"",""all_points_x"":[1947,2002],""all_points_y"":[3179,3141]}","{}"
44.bmp,70778934,"{}",2070,739,"{""name"":""polyline"",""all_points_x"":[1957,1983],""all_points_y"":[3169,3107]}","{}"
44.bmp,70778934,"{}",2070,740,"{""name"":""polyline"",""all_points_x"":[2045,2064],""all_points_y"":[3133,3065]}","{}"
44.bmp,70778934,"{}",2070,741,"{""name"":""polyline"",""all_points_x"":[2113,2089],""all_points_y"":[3114,3162]}","{}"
44.bmp,70778934,"{}",2070,742,"{""name"":""polygon"",""all_points_x"":[2168,2192,2199,2202,2194,2171],""all_points_y"":[3217,3115,3066,3066,3117,3220]}","{}"
44.bmp,70778934,"{}",2070,743,"{""name"":""polyline"",""all_points_x"":[2104,2090],""all_points_y"":[3095,3002]}","{}"
44.bmp,70778934,"{}",2070,744,"{""name"":""polygon"",""all_points_x"":[1386,1443,1448,1393],""all_points_y"":[2854,2778,2781,2857]}","{}"
44.bmp,70778934,"{}",2070,745,"{""name"":""polyline"",""all_points_x"":[1552,1604],""all_points_y"":[3035,3044]}","{}"
44.bmp,70778934,"{}",2070,746,"{""name"":""polyline"",""all_points_x"":[1231,1265],""all_points_y"":[2858,2825]}","{}"
44.bmp,70778934,"{}",2070,747,"{""name"":""polyline"",""all_points_x"":[1401,1410,1430],""all_points_y"":[3241,3211,3175]}","{}"
44.bmp,70778934,"{}",2070,748,"{""name"":""polyline"",""all_points_x"":[1375,1399],""all_points_y"":[2923,2886]}","{}"
44.bmp,70778934,"{}",2070,749,"{""name"":""polyline"",""all_points_x"":[1907,1971],""all_points_y"":[3149,3085]}","{}"
44.bmp,70778934,"{}",2070,750,"{""name"":""polyline"",""all_points_x"":[2173,2182],""all_points_y"":[3009,2955]}","{}"
44.bmp,70778934,"{}",2070,751,"{""name"":""polyline"",""all_points_x"":[2197,2194],""all_points_y"":[2843,2776]}","{}"
44.bmp,70778934,"{}",2070,752,"{""name"":""polyline"",""all_points_x"":[2256,2297],""all_points_y"":[2732,2717]}","{}"
44.bmp,70778934,"{}",2070,753,"{""name"":""polyline"",""all_points_x"":[2096,2150],""all_points_y"":[2782,2736]}","{}"
44.bmp,70778934,"{}",2070,754,"{""name"":""polyline"",""all_points_x"":[2120,2139],""all_points_y"":[2712,2675]}","{}"
44.bmp,70778934,"{}",2070,755,"{""name"":""polyline"",""all_points_x"":[1195,1241],""all_points_y"":[2732,2681]}","{}"
44.bmp,70778934,"{}",2070,756,"{""name"":""polyline"",""all_points_x"":[1891,1920,1933],""all_points_y"":[2788,2750,2729]}","{}"
44.bmp,70778934,"{}",2070,757,"{""name"":""polyline"",""all_points_x"":[1935,1939],""all_points_y"":[2831,2781]}","{}"
44.bmp,70778934,"{}",2070,758,"{""name"":""polyline"",""all_points_x"":[2040,2001],""all_points_y"":[2813,2826]}","{}"
44.bmp,70778934,"{}",2070,759,"{""name"":""polygon"",""all_points_x"":[1249,1322,1325,1253],""all_points_y"":[3338,3182,3184,3337]}","{}"
44.bmp,70778934,"{}",2070,760,"{""name"":""polygon"",""all_points_x"":[1262,1381,1386,1266],""all_points_y"":[3427,3243,3248,3433]}","{}"
44.bmp,70778934,"{}",2070,761,"{""name"":""polygon"",""all_points_x"":[1557,1601,1643,1647,1604,1562],""all_points_y"":[3349,3248,3154,3157,3249,3352]}","{}"
44.bmp,70778934,"{}",2070,762,"{""name"":""polygon"",""all_points_x"":[1284,1494,1497,1291],""all_points_y"":[3572,3320,3324,3575]}","{}"
44.bmp,70778934,"{}",2070,763,"{""name"":""polygon"",""all_points_x"":[1262,1369,1372,1267],""all_points_y"":[3582,3439,3442,3586]}","{}"
44.bmp,70778934,"{}",2070,764,"{""name"":""polygon"",""all_points_x"":[1728,1619,1624,1734],""all_points_y"":[3308,3234,3230,3304]}","{}"
44.bmp,70778934,"{}",2070,765,"{""name"":""polygon"",""all_points_x"":[1738,1577,1579,1743],""all_points_y"":[3288,3156,3149,3284]}","{}"
44.bmp,70778934,"{}",2070,766,"{""name"":""polygon"",""all_points_x"":[1676,1754,1807,1810,1744,1682],""all_points_y"":[3372,3270,3194,3197,3292,3373]}","{}"
44.bmp,70778934,"{}",2070,767,"{""name"":""polygon"",""all_points_x"":[1744,1731,1735,1748],""all_points_y"":[3386,3243,3243,3386]}","{}"
44.bmp,70778934,"{}",2070,768,"{""name"":""polygon"",""all_points_x"":[2026,1841,1838,2023],""all_points_y"":[3289,3211,3220,3300]}","{}"
44.bmp,70778934,"{}",2070,769,"{""name"":""polygon"",""all_points_x"":[1852,1803,1728,1657,1648,1698,1792,1840],""all_points_y"":[3357,3271,3149,3054,3061,3130,3272,3361]}","{}"
44.bmp,70778934,"{}",2070,770,"{""name"":""polygon"",""all_points_x"":[1406,1465,1469,1405],""all_points_y"":[3231,3173,3177,3241]}","{}"
44.bmp,70778934,"{}",2070,771,"{""name"":""polygon"",""all_points_x"":[1339,1339,1348,1347],""all_points_y"":[3389,3208,3209,3389]}","{}"
44.bmp,70778934,"{}",2070,772,"{""name"":""polygon"",""all_points_x"":[1811,1823,1827,1836,1834,1827],""all_points_y"":[3615,3416,3346,3349,3456,3620]}","{}"
44.bmp,70778934,"{}",2070,773,"{""name"":""polygon"",""all_points_x"":[1855,1856,1838,1846,1861,1861],""all_points_y"":[3349,3313,3224,3223,3311,3348]}","{}"
44.bmp,70778934,"{}",2070,774,"{""name"":""polyline"",""all_points_x"":[1211,1167],""all_points_y"":[3286,3252]}","{}"
44.bmp,70778934,"{}",2070,775,"{""name"":""polyline"",""all_points_x"":[997,1024],""all_points_y"":[3500,3437]}","{}"
44.bmp,70778934,"{}",2070,776,"{""name"":""polyline"",""all_points_x"":[1060,1082],""all_points_y"":[3627,3577]}","{}"
44.bmp,70778934,"{}",2070,777,"{""name"":""polyline"",""all_points_x"":[1306,1322,1336],""all_points_y"":[3441,3401,3372]}","{}"
44.bmp,70778934,"{}",2070,778,"{""name"":""polygon"",""all_points_x"":[1374,1398,1403,1379],""all_points_y"":[3390,3296,3295,3392]}","{}"
44.bmp,70778934,"{}",2070,779,"{""name"":""polyline"",""all_points_x"":[1462,1500],""all_points_y"":[3170,3145]}","{}"
44.bmp,70778934,"{}",2070,780,"{""name"":""polyline"",""all_points_x"":[1983,1995,2001],""all_points_y"":[3332,3251,3208]}","{}"
44.bmp,70778934,"{}",2070,781,"{""name"":""polyline"",""all_points_x"":[2041,2036,2036],""all_points_y"":[3369,3312,3279]}","{}"
44.bmp,70778934,"{}",2070,782,"{""name"":""polyline"",""all_points_x"":[2080,2056],""all_points_y"":[3434,3363]}","{}"
44.bmp,70778934,"{}",2070,783,"{""name"":""polyline"",""all_points_x"":[2056,2044],""all_points_y"":[3332,3268]}","{}"
44.bmp,70778934,"{}",2070,784,"{""name"":""polyline"",""all_points_x"":[2268,2230],""all_points_y"":[3313,3263]}","{}"
44.bmp,70778934,"{}",2070,785,"{""name"":""polyline"",""all_points_x"":[2157,2177],""all_points_y"":[3556,3492]}","{}"
44.bmp,70778934,"{}",2070,786,"{""name"":""polyline"",""all_points_x"":[1615,1628,1639,1680],""all_points_y"":[3557,3545,3532,3506]}","{}"
44.bmp,70778934,"{}",2070,787,"{""name"":""polyline"",""all_points_x"":[1429,1474],""all_points_y"":[3201,3217]}","{}"
44.bmp,70778934,"{}",2070,788,"{""name"":""polyline"",""all_points_x"":[1284,1277],""all_points_y"":[3299,3397]}","{}"
44.bmp,70778934,"{}",2070,789,"{""name"":""polygon"",""all_points_x"":[1311,1436,1495,1558,1562,1496,1415,1325],""all_points_y"":[3672,3544,3480,3395,3399,3487,3579,3677]}","{}"
44.bmp,70778934,"{}",2070,790,"{""name"":""polygon"",""all_points_x"":[1171,1296,1301,1176],""all_points_y"":[3700,3614,3620,3706]}","{}"
44.bmp,70778934,"{}",2070,791,"{""name"":""polygon"",""all_points_x"":[1260,1384,1386,1265],""all_points_y"":[3774,3713,3717,3777]}","{}"
44.bmp,70778934,"{}",2070,792,"{""name"":""polygon"",""all_points_x"":[1258,1263,1267,1260],""all_points_y"":[3691,3769,3769,3692]}","{}"
44.bmp,70778934,"{}",2070,793,"{""name"":""polygon"",""all_points_x"":[1477,1588,1725,1721,1613,1474],""all_points_y"":[3771,3737,3684,3676,3718,3762]}","{}"
44.bmp,70778934,"{}",2070,794,"{""name"":""polygon"",""all_points_x"":[1684,1639,1601,1582,1587,1621,1655,1696],""all_points_y"":[3753,3657,3574,3534,3533,3594,3666,3748]}","{}"
44.bmp,70778934,"{}",2070,795,"{""name"":""polygon"",""all_points_x"":[1876,1888,1896,1899,1893,1883],""all_points_y"":[3812,3716,3589,3590,3708,3814]}","{}"
44.bmp,70778934,"{}",2070,796,"{""name"":""polygon"",""all_points_x"":[1524,1617,1617,1526],""all_points_y"":[3716,3645,3648,3719]}","{}"
44.bmp,70778934,"{}",2070,797,"{""name"":""polygon"",""all_points_x"":[2116,2130,2135,2121],""all_points_y"":[3838,3735,3735,3837]}","{}"
44.bmp,70778934,"{}",2070,798,"{""name"":""polyline"",""all_points_x"":[1362,1441],""all_points_y"":[3566,3434]}","{}"
44.bmp,70778934,"{}",2070,799,"{""name"":""polyline"",""all_points_x"":[1425,1436],""all_points_y"":[3520,3463]}","{}"
44.bmp,70778934,"{}",2070,800,"{""name"":""polyline"",""all_points_x"":[1505,1550],""all_points_y"":[3545,3452]}","{}"
44.bmp,70778934,"{}",2070,801,"{""name"":""polyline"",""all_points_x"":[1665,1721,1747],""all_points_y"":[3672,3641,3631]}","{}"
44.bmp,70778934,"{}",2070,802,"{""name"":""polyline"",""all_points_x"":[2212,2205,2196,2181],""all_points_y"":[3405,3386,3368,3351]}","{}"
44.bmp,70778934,"{}",2070,803,"{""name"":""polyline"",""all_points_x"":[2138,2119],""all_points_y"":[3539,3483]}","{}"
44.bmp,70778934,"{}",2070,804,"{""name"":""polyline"",""all_points_x"":[2073,1997],""all_points_y"":[3489,3402]}","{}"
44.bmp,70778934,"{}",2070,805,"{""name"":""polygon"",""all_points_x"":[2000,1995,1999,2006],""all_points_y"":[3568,3512,3511,3568]}","{}"
44.bmp,70778934,"{}",2070,806,"{""name"":""polyline"",""all_points_x"":[2189,2192],""all_points_y"":[3608,3545]}","{}"
44.bmp,70778934,"{}",2070,807,"{""name"":""polyline"",""all_points_x"":[2128,2135,2151],""all_points_y"":[3545,3531,3506]}","{}"
44.bmp,70778934,"{}",2070,808,"{""name"":""polyline"",""all_points_x"":[2014,2030],""all_points_y"":[3758,3693]}","{}"
44.bmp,70778934,"{}",2070,809,"{""name"":""polyline"",""all_points_x"":[1094,1111,1137],""all_points_y"":[3824,3803,3750]}","{}"
44.bmp,70778934,"{}",2070,810,"{""name"":""polyline"",""all_points_x"":[1375,1362,1351,1329],""all_points_y"":[3370,3368,3363,3346]}","{}"
44.bmp,70778934,"{}",2070,811,"{""name"":""polyline"",""all_points_x"":[2231,2245,2255],""all_points_y"":[3356,3342,3327]}","{}"
44.bmp,70778934,"{}",2070,812,"{""name"":""polyline"",""all_points_x"":[1435,1449],""all_points_y"":[3539,3477]}","{}"
44.bmp,70778934,"{}",2070,813,"{""name"":""polyline"",""all_points_x"":[1322,1350],""all_points_y"":[3587,3536]}","{}"
44.bmp,70778934,"{}",2070,814,"{""name"":""polyline"",""all_points_x"":[2068,2060],""all_points_y"":[3710,3674]}","{}"
44.bmp,70778934,"{}",2070,815,"{""name"":""polyline"",""all_points_x"":[2083,2074],""all_points_y"":[3734,3673]}","{}"
44.bmp,70778934,"{}",2070,816,"{""name"":""polygon"",""all_points_x"":[2220,2153,2112,2120,2176,2232],""all_points_y"":[4164,4028,3941,3936,4038,4155]}","{}"
44.bmp,70778934,"{}",2070,817,"{""name"":""polygon"",""all_points_x"":[2149,2091,2094,2153],""all_points_y"":[3945,3860,3857,3942]}","{}"
44.bmp,70778934,"{}",2070,818,"{""name"":""polygon"",""all_points_x"":[2104,2087,2075,2068,2064,2066,2076,2079,2071,2068,2073,2078,2085,2105],""all_points_y"":[3912,3890,3858,3829,3799,3781,3762,3763,3782,3805,3831,3855,3874,3907]}","{}"
44.bmp,70778934,"{}",2070,819,"{""name"":""polygon"",""all_points_x"":[1880,1930,1936,1890],""all_points_y"":[4154,4018,4021,4156]}","{}"
44.bmp,70778934,"{}",2070,820,"{""name"":""polygon"",""all_points_x"":[1607,1652,1655,1612],""all_points_y"":[4160,4024,4026,4165]}","{}"
44.bmp,70778934,"{}",2070,821,"{""name"":""polyline"",""all_points_x"":[1419,1534],""all_points_y"":[4101,4051]}","{}"
44.bmp,70778934,"{}",2070,822,"{""name"":""polygon"",""all_points_x"":[1806,1814,1819,1809],""all_points_y"":[3919,3763,3763,3918]}","{}"
44.bmp,70778934,"{}",2070,823,"{""name"":""polygon"",""all_points_x"":[1876,1934,1937,1879],""all_points_y"":[3949,3810,3812,3950]}","{}"
44.bmp,70778934,"{}",2070,824,"{""name"":""polygon"",""all_points_x"":[1861,1930,1932,1862],""all_points_y"":[4008,3933,3934,4012]}","{}"
44.bmp,70778934,"{}",2070,825,"{""name"":""polygon"",""all_points_x"":[1546,1547,1535,1539,1552,1552],""all_points_y"":[4184,4017,3917,3917,4012,4180]}","{}"
44.bmp,70778934,"{}",2070,826,"{""name"":""polygon"",""all_points_x"":[1331,1341,1344,1337],""all_points_y"":[4088,4040,4040,4092]}","{}"
44.bmp,70778934,"{}",2070,827,"{""name"":""polygon"",""all_points_x"":[1557,1592,1595,1560],""all_points_y"":[4093,4033,4035,4098]}","{}"
44.bmp,70778934,"{}",2070,828,"{""name"":""polygon"",""all_points_x"":[1579,1579,1582,1584],""all_points_y"":[4164,4088,4088,4164]}","{}"
44.bmp,70778934,"{}",2070,829,"{""name"":""polygon"",""all_points_x"":[2156,2180,2182,2201,2203,2188,2161],""all_points_y"":[3995,3950,3938,3905,3907,3940,3998]}","{}"
44.bmp,70778934,"{}",2070,830,"{""name"":""polygon"",""all_points_x"":[2070,2026,1990,1964,1968,1999,2069],""all_points_y"":[3855,3832,3810,3795,3791,3810,3852]}","{}"
44.bmp,70778934,"{}",2070,831,"{""name"":""polygon"",""all_points_x"":[2037,2014,1978,1978,2009,2037],""all_points_y"":[3794,3784,3770,3767,3777,3791]}","{}"
44.bmp,70778934,"{}",2070,832,"{""name"":""polygon"",""all_points_x"":[1886,1947,1950,1890],""all_points_y"":[4168,4078,4081,4172]}","{}"
44.bmp,70778934,"{}",2070,833,"{""name"":""polygon"",""all_points_x"":[1444,1412,1383,1390,1427,1455],""all_points_y"":[3893,3854,3810,3805,3861,3890]}","{}"
44.bmp,70778934,"{}",2070,834,"{""name"":""polygon"",""all_points_x"":[1460,1376,1379,1464],""all_points_y"":[3820,3798,3793,3816]}","{}"
44.bmp,70778934,"{}",2070,835,"{""name"":""polyline"",""all_points_x"":[1386,1446],""all_points_y"":[4216,4120]}","{}"
44.bmp,70778934,"{}",2070,836,"{""name"":""polyline"",""all_points_x"":[2020,2047,2085],""all_points_y"":[3934,3938,3933]}","{}"
44.bmp,70778934,"{}",2070,837,"{""name"":""polyline"",""all_points_x"":[2097,2085],""all_points_y"":[4029,3976]}","{}"
44.bmp,70778934,"{}",2070,838,"{""name"":""polyline"",""all_points_x"":[2149,2140],""all_points_y"":[3945,4000]}","{}"
44.bmp,70778934,"{}",2070,839,"{""name"":""polyline"",""all_points_x"":[2197,2257],""all_points_y"":[4022,4010]}","{}"
44.bmp,70778934,"{}",2070,840,"{""name"":""polyline"",""all_points_x"":[2256,2284],""all_points_y"":[4104,4199]}","{}"
44.bmp,70778934,"{}",2070,841,"{""name"":""polyline"",""all_points_x"":[1945,1985],""all_points_y"":[4137,4076]}","{}"
44.bmp,70778934,"{}",2070,842,"{""name"":""polygon"",""all_points_x"":[2220,2218,2223,2227],""all_points_y"":[3898,3782,3781,3901]}","{}"
44.bmp,70778934,"{}",2070,843,"{""name"":""polyline"",""all_points_x"":[2023,2057,2078],""all_points_y"":[3895,3885,3887]}","{}"
44.bmp,70778934,"{}",2070,844,"{""name"":""polyline"",""all_points_x"":[2023,2074],""all_points_y"":[3902,3905]}","{}"
44.bmp,70778934,"{}",2070,845,"{""name"":""polyline"",""all_points_x"":[1960,2021],""all_points_y"":[4211,4159]}","{}"
44.bmp,70778934,"{}",2070,846,"{""name"":""polyline"",""all_points_x"":[2154,2214],""all_points_y"":[3952,3946]}","{}"
44.bmp,70778934,"{}",2070,847,"{""name"":""polyline"",""all_points_x"":[2192,2166],""all_points_y"":[3730,3679]}","{}"
44.bmp,70778934,"{}",2070,848,"{""name"":""polyline"",""all_points_x"":[1374,1412],""all_points_y"":[3918,3905]}","{}"
44.bmp,70778934,"{}",2070,849,"{""name"":""polyline"",""all_points_x"":[1110,1182],""all_points_y"":[4087,4042]}","{}"
44.bmp,70778934,"{}",2070,850,"{""name"":""polyline"",""all_points_x"":[1251,1277],""all_points_y"":[4204,4143]}","{}"
44.bmp,70778934,"{}",2070,851,"{""name"":""polyline"",""all_points_x"":[1783,1822,1869],""all_points_y"":[4095,4085,4079]}","{}"
44.bmp,70778934,"{}",2070,852,"{""name"":""polyline"",""all_points_x"":[1695,1689],""all_points_y"":[3929,3854]}","{}"
44.bmp,70778934,"{}",2070,853,"{""name"":""polyline"",""all_points_x"":[1253,1269,1281,1306],""all_points_y"":[3938,3959,3964,3964]}","{}"
44.bmp,70778934,"{}",2070,854,"{""name"":""polyline"",""all_points_x"":[1050,1031,1013],""all_points_y"":[4073,4099,4123]}","{}"
44.bmp,70778934,"{}",2070,855,"{""name"":""polygon"",""all_points_x"":[1515,1557,1585,1607,1612,1591,1558,1523],""all_points_y"":[4542,4414,4320,4235,4235,4322,4441,4544]}","{}"
44.bmp,70778934,"{}",2070,856,"{""name"":""polygon"",""all_points_x"":[1692,1672,1660,1662,1680,1696],""all_points_y"":[4472,4382,4304,4304,4392,4468]}","{}"
44.bmp,70778934,"{}",2070,857,"{""name"":""polygon"",""all_points_x"":[1656,1579,1574,1652],""all_points_y"":[4514,4394,4396,4513]}","{}"
44.bmp,70778934,"{}",2070,858,"{""name"":""polygon"",""all_points_x"":[2109,2135,2144,2118],""all_points_y"":[4525,4307,4309,4533]}","{}"
44.bmp,70778934,"{}",2070,859,"{""name"":""polygon"",""all_points_x"":[1701,1692,1698,1707],""all_points_y"":[4188,4085,4085,4192]}","{}"
44.bmp,70778934,"{}",2070,860,"{""name"":""polygon"",""all_points_x"":[1745,1753,1755,1759,1757,1750],""all_points_y"":[4425,4344,4298,4297,4356,4423]}","{}"
44.bmp,70778934,"{}",2070,861,"{""name"":""polygon"",""all_points_x"":[1671,1671,1662,1664,1677,1676],""all_points_y"":[4323,4269,4197,4197,4273,4320]}","{}"
44.bmp,70778934,"{}",2070,862,"{""name"":""polygon"",""all_points_x"":[1215,1270,1325,1325,1265,1220],""all_points_y"":[4502,4498,4488,4492,4505,4510]}","{}"
44.bmp,70778934,"{}",2070,863,"{""name"":""polygon"",""all_points_x"":[2209,2227,2230,2213],""all_points_y"":[4612,4523,4525,4613]}","{}"
44.bmp,70778934,"{}",2070,864,"{""name"":""polyline"",""all_points_x"":[1415,1518],""all_points_y"":[4246,4235]}","{}"
44.bmp,70778934,"{}",2070,865,"{""name"":""polyline"",""all_points_x"":[1249,1296,1350],""all_points_y"":[4408,4367,4316]}","{}"
44.bmp,70778934,"{}",2070,866,"{""name"":""polyline"",""all_points_x"":[1283,1344],""all_points_y"":[4481,4388]}","{}"
44.bmp,70778934,"{}",2070,867,"{""name"":""polyline"",""all_points_x"":[1406,1384],""all_points_y"":[4503,4425]}","{}"
44.bmp,70778934,"{}",2070,868,"{""name"":""polyline"",""all_points_x"":[1417,1410],""all_points_y"":[4518,4446]}","{}"
44.bmp,70778934,"{}",2070,869,"{""name"":""polyline"",""all_points_x"":[1448,1446],""all_points_y"":[4422,4482]}","{}"
44.bmp,70778934,"{}",2070,870,"{""name"":""polyline"",""all_points_x"":[1935,1908],""all_points_y"":[4394,4258]}","{}"
44.bmp,70778934,"{}",2070,871,"{""name"":""polyline"",""all_points_x"":[1882,1867],""all_points_y"":[4301,4201]}","{}"
44.bmp,70778934,"{}",2070,872,"{""name"":""polyline"",""all_points_x"":[2063,2101],""all_points_y"":[4392,4275]}","{}"
44.bmp,70778934,"{}",2070,873,"{""name"":""polyline"",""all_points_x"":[2118,2142,2161],""all_points_y"":[4253,4232,4206]}","{}"
44.bmp,70778934,"{}",2070,874,"{""name"":""polyline"",""all_points_x"":[2181,2185],""all_points_y"":[4515,4435]}","{}"
44.bmp,70778934,"{}",2070,875,"{""name"":""polyline"",""all_points_x"":[2082,2075],""all_points_y"":[4530,4467]}","{}"
44.bmp,70778934,"{}",2070,876,"{""name"":""polyline"",""all_points_x"":[2263,2207],""all_points_y"":[4304,4396]}","{}"
44.bmp,70778934,"{}",2070,877,"{""name"":""polyline"",""all_points_x"":[1452,1469],""all_points_y"":[4347,4281]}","{}"
44.bmp,70778934,"{}",2070,878,"{""name"":""polyline"",""all_points_x"":[1295,1356],""all_points_y"":[4359,4373]}","{}"
44.bmp,70778934,"{}",2070,879,"{""name"":""polyline"",""all_points_x"":[1534,1505],""all_points_y"":[4330,4283]}","{}"
44.bmp,70778934,"{}",2070,880,"{""name"":""polyline"",""all_points_x"":[1682,1644],""all_points_y"":[4564,4464]}","{}"
44.bmp,70778934,"{}",2070,881,"{""name"":""polyline"",""all_points_x"":[1380,1379],""all_points_y"":[4485,4426]}","{}"
44.bmp,70778934,"{}",2070,882,"{""name"":""polyline"",""all_points_x"":[1762,1787,1807],""all_points_y"":[4352,4342,4323]}","{}"
44.bmp,70778934,"{}",2070,883,"{""name"":""polyline"",""all_points_x"":[1540,1553],""all_points_y"":[4562,4467]}","{}"
44.bmp,70778934,"{}",2070,884,"{""name"":""polyline"",""all_points_x"":[1547,1559],""all_points_y"":[4558,4482]}","{}"
44.bmp,70778934,"{}",2070,885,"{""name"":""polyline"",""all_points_x"":[2075,2027],""all_points_y"":[3921,3928]}","{}"
44.bmp,70778934,"{}",2070,886,"{""name"":""polyline"",""all_points_x"":[1442,1488],""all_points_y"":[3912,3887]}","{}"
44.bmp,70778934,"{}",2070,887,"{""name"":""polyline"",""all_points_x"":[1695,1727],""all_points_y"":[4069,4038]}","{}"
44.bmp,70778934,"{}",2070,888,"{""name"":""polyline"",""all_points_x"":[1709,1757],""all_points_y"":[4128,4111]}","{}"
44.bmp,70778934,"{}",2070,889,"{""name"":""polyline"",""all_points_x"":[1179,1161,1144],""all_points_y"":[4302,4266,4223]}","{}"
44.bmp,70778934,"{}",2070,890,"{""name"":""polyline"",""all_points_x"":[1879,1870],""all_points_y"":[4396,4350]}","{}"
44.bmp,70778934,"{}",2070,891,"{""name"":""polyline"",""all_points_x"":[1317,1314],""all_points_y"":[4289,4347]}","{}"
44.bmp,70778934,"{}",2070,892,"{""name"":""polyline"",""all_points_x"":[1841,1819],""all_points_y"":[4325,4379]}","{}"
44.bmp,70778934,"{}",2070,893,"{""name"":""polyline"",""all_points_x"":[1553,1563,1563],""all_points_y"":[4336,4310,4273]}","{}"
44.bmp,70778934,"{}",2070,894,"{""name"":""polyline"",""all_points_x"":[1351,1327,1315],""all_points_y"":[4447,4413,4374]}","{}"
44.bmp,70778934,"{}",2070,895,"{""name"":""polygon"",""all_points_x"":[1322,1318,1327,1332],""all_points_y"":[4831,4730,4741,4828]}","{}"
44.bmp,70778934,"{}",2070,896,"{""name"":""polygon"",""all_points_x"":[1176,1254,1305,1311,1253,1182],""all_points_y"":[4891,4787,4710,4717,4803,4895]}","{}"
44.bmp,70778934,"{}",2070,897,"{""name"":""polygon"",""all_points_x"":[1631,1639,1645,1650,1646,1638],""all_points_y"":[4688,4610,4528,4528,4615,4686]}","{}"
44.bmp,70778934,"{}",2070,898,"{""name"":""polygon"",""all_points_x"":[1831,1839,1844,1836],""all_points_y"":[4744,4641,4641,4743]}","{}"
44.bmp,70778934,"{}",2070,899,"{""name"":""polygon"",""all_points_x"":[1795,1812,1825,1831,1817,1801],""all_points_y"":[4872,4827,4769,4772,4827,4876]}","{}"
44.bmp,70778934,"{}",2070,900,"{""name"":""polygon"",""all_points_x"":[1991,2019,2023,1999],""all_points_y"":[4960,4558,4558,4962]}","{}"
44.bmp,70778934,"{}",2070,901,"{""name"":""polygon"",""all_points_x"":[1935,1941,1946,1940,1928,1938,1950,1954,1952,1947],""all_points_y"":[4898,4771,4674,4594,4529,4527,4614,4700,4784,4896]}","{}"
44.bmp,70778934,"{}",2070,902,"{""name"":""polygon"",""all_points_x"":[1856,1833,1831,1809,1812,1834,1837,1860],""all_points_y"":[4651,4591,4564,4506,4506,4563,4589,4648]}","{}"
44.bmp,70778934,"{}",2070,903,"{""name"":""polygon"",""all_points_x"":[1823,1811,1797,1789,1793,1804,1814,1826],""all_points_y"":[4675,4635,4560,4476,4476,4566,4627,4672]}","{}"
44.bmp,70778934,"{}",2070,904,"{""name"":""polygon"",""all_points_x"":[1486,1452,1457,1490],""all_points_y"":[4675,4623,4620,4673]}","{}"
44.bmp,70778934,"{}",2070,905,"{""name"":""polygon"",""all_points_x"":[1097,1097,1092,1090,1093,1099,1102,1101],""all_points_y"":[4784,4724,4664,4615,4616,4679,4738,4786]}","{}"
44.bmp,70778934,"{}",2070,906,"{""name"":""polygon"",""all_points_x"":[1591,1583,1541,1544,1591,1596],""all_points_y"":[4856,4808,4710,4708,4810,4856]}","{}"
44.bmp,70778934,"{}",2070,907,"{""name"":""polygon"",""all_points_x"":[1582,1560,1565,1588],""all_points_y"":[4561,4494,4494,4563]}","{}"
44.bmp,70778934,"{}",2070,908,"{""name"":""polygon"",""all_points_x"":[1624,1602,1605,1628],""all_points_y"":[4652,4601,4598,4651]}","{}"
44.bmp,70778934,"{}",2070,909,"{""name"":""polyline"",""all_points_x"":[1691,1691],""all_points_y"":[4658,4558]}","{}"
44.bmp,70778934,"{}",2070,910,"{""name"":""polyline"",""all_points_x"":[1606,1603],""all_points_y"":[4717,4610]}","{}"
44.bmp,70778934,"{}",2070,911,"{""name"":""polyline"",""all_points_x"":[1748,1720],""all_points_y"":[4712,4642]}","{}"
44.bmp,70778934,"{}",2070,912,"{""name"":""polyline"",""all_points_x"":[1734,1710],""all_points_y"":[4506,4616]}","{}"
44.bmp,70778934,"{}",2070,913,"{""name"":""polyline"",""all_points_x"":[1750,1734],""all_points_y"":[4515,4686]}","{}"
44.bmp,70778934,"{}",2070,914,"{""name"":""polyline"",""all_points_x"":[1756,1743],""all_points_y"":[4651,4590]}","{}"
44.bmp,70778934,"{}",2070,915,"{""name"":""polygon"",""all_points_x"":[1671,1652,1657,1674],""all_points_y"":[4603,4551,4551,4600]}","{}"
44.bmp,70778934,"{}",2070,916,"{""name"":""polyline"",""all_points_x"":[1787,1765],""all_points_y"":[4694,4599]}","{}"
44.bmp,70778934,"{}",2070,917,"{""name"":""polyline"",""all_points_x"":[1810,1771],""all_points_y"":[4639,4553]}","{}"
44.bmp,70778934,"{}",2070,918,"{""name"":""polyline"",""all_points_x"":[2084,2121],""all_points_y"":[4663,4612]}","{}"
44.bmp,70778934,"{}",2070,919,"{""name"":""polyline"",""all_points_x"":[2175,2147,2128],""all_points_y"":[4793,4770,4745]}","{}"
44.bmp,70778934,"{}",2070,920,"{""name"":""polyline"",""all_points_x"":[2181,2165,2158],""all_points_y"":[4779,4747,4720]}","{}"
44.bmp,70778934,"{}",2070,921,"{""name"":""polyline"",""all_points_x"":[1968,1968,1965],""all_points_y"":[4757,4724,4686]}","{}"
44.bmp,70778934,"{}",2070,922,"{""name"":""polyline"",""all_points_x"":[1974,1987,1998],""all_points_y"":[4709,4682,4646]}","{}"
44.bmp,70778934,"{}",2070,923,"{""name"":""polyline"",""all_points_x"":[2208,2195],""all_points_y"":[4915,4848]}","{}"
44.bmp,70778934,"{}",2070,924,"{""name"":""polyline"",""all_points_x"":[2319,2322,2318,2313],""all_points_y"":[4727,4705,4662,4622]}","{}"
44.bmp,70778934,"{}",2070,925,"{""name"":""polyline"",""all_points_x"":[2294,2296],""all_points_y"":[4675,4730]}","{}"
44.bmp,70778934,"{}",2070,926,"{""name"":""polyline"",""all_points_x"":[2250,2287],""all_points_y"":[4650,4715]}","{}"
44.bmp,70778934,"{}",2070,927,"{""name"":""polyline"",""all_points_x"":[2245,2289],""all_points_y"":[4672,4731]}","{}"
44.bmp,70778934,"{}",2070,928,"{""name"":""polyline"",""all_points_x"":[2186,2163,2137],""all_points_y"":[4429,4423,4421]}","{}"
44.bmp,70778934,"{}",2070,929,"{""name"":""polyline"",""all_points_x"":[1664,1712],""all_points_y"":[4762,4696]}","{}"
44.bmp,70778934,"{}",2070,930,"{""name"":""polyline"",""all_points_x"":[1675,1704],""all_points_y"":[4758,4729]}","{}"
44.bmp,70778934,"{}",2070,931,"{""name"":""polyline"",""all_points_x"":[2059,2066],""all_points_y"":[4773,4711]}","{}"
44.bmp,70778934,"{}",2070,932,"{""name"":""polyline"",""all_points_x"":[1727,1724],""all_points_y"":[4601,4514]}","{}"
44.bmp,70778934,"{}",2070,933,"{""name"":""polygon"",""all_points_x"":[1284,1397,1399,1287],""all_points_y"":[5029,4983,4990,5040]}","{}"
44.bmp,70778934,"{}",2070,934,"{""name"":""polyline"",""all_points_x"":[1534,1595],""all_points_y"":[4832,4866]}","{}"
44.bmp,70778934,"{}",2070,935,"{""name"":""polyline"",""all_points_x"":[2219,2211],""all_points_y"":[4776,4713]}","{}"
44.bmp,70778934,"{}",2070,936,"{""name"":""polyline"",""all_points_x"":[1631,1606],""all_points_y"":[4633,4582]}","{}"
44.bmp,70778934,"{}",2070,937,"{""name"":""polyline"",""all_points_x"":[1181,1193],""all_points_y"":[4577,4659]}","{}"
44.bmp,70778934,"{}",2070,938,"{""name"":""polyline"",""all_points_x"":[1857,1866],""all_points_y"":[4829,4751]}","{}"
44.bmp,70778934,"{}",2070,939,"{""name"":""polyline"",""all_points_x"":[1159,1161],""all_points_y"":[4750,4898]}","{}"
44.bmp,70778934,"{}",2070,940,"{""name"":""polygon"",""all_points_x"":[1320,1316,1319,1327],""all_points_y"":[5279,5178,5178,5280]}","{}"
44.bmp,70778934,"{}",2070,941,"{""name"":""polygon"",""all_points_x"":[1308,1302,1305,1312],""all_points_y"":[5267,5207,5207,5267]}","{}"
44.bmp,70778934,"{}",2070,942,"{""name"":""polygon"",""all_points_x"":[1469,1489,1518,1522,1496,1475],""all_points_y"":[5354,5316,5250,5256,5318,5357]}","{}"
44.bmp,70778934,"{}",2070,943,"{""name"":""polygon"",""all_points_x"":[1655,1690,1707,1723,1726,1717,1700,1681,1659],""all_points_y"":[5233,5140,5074,5005,5005,5055,5109,5176,5235]}","{}"
44.bmp,70778934,"{}",2070,944,"{""name"":""polygon"",""all_points_x"":[1766,1703,1666,1669,1704,1769],""all_points_y"":[5177,5055,4962,4961,5047,5173]}","{}"
44.bmp,70778934,"{}",2070,945,"{""name"":""polygon"",""all_points_x"":[1883,1871,1851,1836,1831,1834,1845,1859,1891],""all_points_y"":[5326,5290,5228,5168,5140,5140,5190,5237,5324]}","{}"
44.bmp,70778934,"{}",2070,946,"{""name"":""polygon"",""all_points_x"":[1707,1612,1614,1712],""all_points_y"":[5236,5303,5308,5238]}","{}"
44.bmp,70778934,"{}",2070,947,"{""name"":""polygon"",""all_points_x"":[1929,1905,1908,1935],""all_points_y"":[5307,5195,5195,5307]}","{}"
44.bmp,70778934,"{}",2070,948,"{""name"":""polygon"",""all_points_x"":[2064,1971,1976,2071],""all_points_y"":[5129,4998,4995,5128]}","{}"
44.bmp,70778934,"{}",2070,949,"{""name"":""polygon"",""all_points_x"":[1946,1919,1908,1897,1900,1914,1926,1949],""all_points_y"":[5371,5321,5292,5254,5254,5296,5323,5371]}","{}"
44.bmp,70778934,"{}",2070,950,"{""name"":""polygon"",""all_points_x"":[2106,2145,2149,2109],""all_points_y"":[5306,5362,5358,5302]}","{}"
44.bmp,70778934,"{}",2070,951,"{""name"":""polygon"",""all_points_x"":[2303,2267,2261,2296],""all_points_y"":[5409,5242,5242,5412]}","{}"
44.bmp,70778934,"{}",2070,952,"{""name"":""polygon"",""all_points_x"":[1892,1839,1842,1900],""all_points_y"":[5381,5248,5247,5380]}","{}"
44.bmp,70778934,"{}",2070,953,"{""name"":""polygon"",""all_points_x"":[2151,2152,2158,2158],""all_points_y"":[5045,5110,5110,5044]}","{}"
44.bmp,70778934,"{}",2070,954,"{""name"":""polygon"",""all_points_x"":[2147,2077,2072,2139],""all_points_y"":[5450,5385,5391,5456]}","{}"
44.bmp,70778934,"{}",2070,955,"{""name"":""polygon"",""all_points_x"":[2269,2237,2240,2272],""all_points_y"":[5415,5336,5335,5413]}","{}"
44.bmp,70778934,"{}",2070,956,"{""name"":""polyline"",""all_points_x"":[1358,1429],""all_points_y"":[5317,5219]}","{}"
44.bmp,70778934,"{}",2070,957,"{""name"":""polyline"",""all_points_x"":[1525,1572,1603,1629],""all_points_y"":[5372,5345,5322,5299]}","{}"
44.bmp,70778934,"{}",2070,958,"{""name"":""polyline"",""all_points_x"":[1397,1397,1396,1395,1390],""all_points_y"":[5461,5429,5409,5394,5373]}","{}"
44.bmp,70778934,"{}",2070,959,"{""name"":""polyline"",""all_points_x"":[1203,1147],""all_points_y"":[5020,4995]}","{}"
44.bmp,70778934,"{}",2070,960,"{""name"":""polyline"",""all_points_x"":[1821,1826,1833],""all_points_y"":[4938,5004,5097]}","{}"
44.bmp,70778934,"{}",2070,961,"{""name"":""polyline"",""all_points_x"":[1857,1881],""all_points_y"":[5050,4989]}","{}"
44.bmp,70778934,"{}",2070,962,"{""name"":""polyline"",""all_points_x"":[1919,1935],""all_points_y"":[4988,4946]}","{}"
44.bmp,70778934,"{}",2070,963,"{""name"":""polyline"",""all_points_x"":[1651,1682,1709,1744],""all_points_y"":[5386,5375,5372,5360]}","{}"
44.bmp,70778934,"{}",2070,964,"{""name"":""polyline"",""all_points_x"":[1572,1631],""all_points_y"":[5473,5399]}","{}"
44.bmp,70778934,"{}",2070,965,"{""name"":""polyline"",""all_points_x"":[2091,2101],""all_points_y"":[5277,5228]}","{}"
44.bmp,70778934,"{}",2070,966,"{""name"":""polygon"",""all_points_x"":[2239,2214,2218,2246],""all_points_y"":[5247,5158,5157,5249]}","{}"
44.bmp,70778934,"{}",2070,967,"{""name"":""polyline"",""all_points_x"":[1685,1667],""all_points_y"":[5145,5092]}","{}"
44.bmp,70778934,"{}",2070,968,"{""name"":""polygon"",""all_points_x"":[2246,2254,2258,2249],""all_points_y"":[5107,5054,5055,5107]}","{}"
44.bmp,70778934,"{}",2070,969,"{""name"":""polyline"",""all_points_x"":[1463,1432,1424],""all_points_y"":[5184,5142,5127]}","{}"
44.bmp,70778934,"{}",2070,970,"{""name"":""polygon"",""all_points_x"":[2192,2142,2147,2201],""all_points_y"":[5311,5145,5144,5312]}","{}"
44.bmp,70778934,"{}",2070,971,"{""name"":""polyline"",""all_points_x"":[1189,1224,1234],""all_points_y"":[5352,5335,5326]}","{}"
44.bmp,70778934,"{}",2070,972,"{""name"":""polygon"",""all_points_x"":[1445,1504,1586,1588,1499,1449],""all_points_y"":[5725,5677,5589,5592,5688,5726]}","{}"
44.bmp,70778934,"{}",2070,973,"{""name"":""polygon"",""all_points_x"":[1586,1584,1584,1588,1591],""all_points_y"":[5730,5687,5619,5619,5726]}","{}"
44.bmp,70778934,"{}",2070,974,"{""name"":""polygon"",""all_points_x"":[1809,1773,1778,1814],""all_points_y"":[5599,5436,5435,5592]}","{}"
44.bmp,70778934,"{}",2070,975,"{""name"":""polygon"",""all_points_x"":[1846,1834,1829,1823,1827,1834,1839,1849],""all_points_y"":[5723,5627,5542,5468,5468,5535,5623,5720]}","{}"
44.bmp,70778934,"{}",2070,976,"{""name"":""polygon"",""all_points_x"":[1835,1876,1902,1906,1876,1841],""all_points_y"":[5862,5729,5626,5627,5744,5867]}","{}"
44.bmp,70778934,"{}",2070,977,"{""name"":""polygon"",""all_points_x"":[1976,1952,1957,1981],""all_points_y"":[5665,5516,5516,5668]}","{}"
44.bmp,70778934,"{}",2070,978,"{""name"":""polygon"",""all_points_x"":[1918,1893,1897,1923],""all_points_y"":[5707,5644,5642,5708]}","{}"
44.bmp,70778934,"{}",2070,979,"{""name"":""polygon"",""all_points_x"":[2192,2256,2263,2199],""all_points_y"":[5643,5465,5466,5644]}","{}"
44.bmp,70778934,"{}",2070,980,"{""name"":""polygon"",""all_points_x"":[2289,2232,2208,2192,2180,2182,2199,2227,2265,2296],""all_points_y"":[5599,5493,5440,5401,5360,5358,5412,5473,5546,5594]}","{}"
44.bmp,70778934,"{}",2070,981,"{""name"":""polygon"",""all_points_x"":[2126,2091,2095,2130],""all_points_y"":[5510,5471,5466,5506]}","{}"
44.bmp,70778934,"{}",2070,982,"{""name"":""polygon"",""all_points_x"":[2086,2078,2083,2092],""all_points_y"":[5744,5597,5597,5746]}","{}"
44.bmp,70778934,"{}",2070,983,"{""name"":""polygon"",""all_points_x"":[1891,1921,1940,1966,1976,1978,1967,1944,1925,1899],""all_points_y"":[5556,5489,5426,5344,5302,5302,5354,5432,5493,5556]}","{}"
44.bmp,70778934,"{}",2070,984,"{""name"":""polygon"",""all_points_x"":[1589,1683,1682,1589],""all_points_y"":[5561,5552,5555,5564]}","{}"
44.bmp,70778934,"{}",2070,985,"{""name"":""polygon"",""all_points_x"":[1304,1331,1339,1343,1332,1311],""all_points_y"":[5834,5759,5724,5724,5775,5834]}","{}"
44.bmp,70778934,"{}",2070,986,"{""name"":""polygon"",""all_points_x"":[1260,1309,1310,1262],""all_points_y"":[5639,5669,5663,5633]}","{}"
44.bmp,70778934,"{}",2070,987,"{""name"":""polygon"",""all_points_x"":[1414,1479,1483,1417],""all_points_y"":[5753,5847,5842,5751]}","{}"
44.bmp,70778934,"{}",2070,988,"{""name"":""polygon"",""all_points_x"":[1697,1721,1741,1745,1723,1701],""all_points_y"":[5834,5782,5723,5724,5787,5835]}","{}"
44.bmp,70778934,"{}",2070,989,"{""name"":""polygon"",""all_points_x"":[1851,1852,1850,1854,1854,1857,1858,1853,1856,1854],""all_points_y"":[5782,5732,5688,5660,5601,5602,5661,5685,5736,5781]}","{}"
44.bmp,70778934,"{}",2070,990,"{""name"":""polygon"",""all_points_x"":[2109,2086,2092,2118],""all_points_y"":[5680,5541,5541,5682]}","{}"
44.bmp,70778934,"{}",2070,991,"{""name"":""polygon"",""all_points_x"":[2019,2007,2011,2026],""all_points_y"":[5689,5592,5592,5691]}","{}"
44.bmp,70778934,"{}",2070,992,"{""name"":""polygon"",""all_points_x"":[2138,2151,2157,2158,2162,2161,2159,2142],""all_points_y"":[5594,5523,5473,5403,5403,5461,5510,5595]}","{}"
44.bmp,70778934,"{}",2070,993,"{""name"":""polygon"",""all_points_x"":[1918,1931,1942,1946,1934,1923],""all_points_y"":[5533,5491,5444,5444,5490,5534]}","{}"
44.bmp,70778934,"{}",2070,994,"{""name"":""polygon"",""all_points_x"":[1776,1824,1826,1783],""all_points_y"":[5646,5587,5588,5648]}","{}"
44.bmp,70778934,"{}",2070,995,"{""name"":""polygon"",""all_points_x"":[1598,1636,1677,1680,1641,1603],""all_points_y"":[5917,5805,5667,5668,5799,5917]}","{}"
44.bmp,70778934,"{}",2070,996,"{""name"":""polygon"",""all_points_x"":[2294,2281,2284,2299],""all_points_y"":[5825,5723,5723,5827]}","{}"
44.bmp,70778934,"{}",2070,997,"{""name"":""polyline"",""all_points_x"":[1617,1639],""all_points_y"":[5553,5516]}","{}"
44.bmp,70778934,"{}",2070,998,"{""name"":""polyline"",""all_points_x"":[1239,1294],""all_points_y"":[5376,5363]}","{}"
44.bmp,70778934,"{}",2070,999,"{""name"":""polyline"",""all_points_x"":[1842,1787],""all_points_y"":[5822,5741]}","{}"
44.bmp,70778934,"{}",2070,1000,"{""name"":""polyline"",""all_points_x"":[1818,1817],""all_points_y"":[5758,5660]}","{}"
44.bmp,70778934,"{}",2070,1001,"{""name"":""polyline"",""all_points_x"":[1712,1731],""all_points_y"":[5626,5538]}","{}"
44.bmp,70778934,"{}",2070,1002,"{""name"":""polygon"",""all_points_x"":[2104,2162,2164,2104],""all_points_y"":[5519,5575,5570,5513]}","{}"
44.bmp,70778934,"{}",2070,1003,"{""name"":""polyline"",""all_points_x"":[1888,1907],""all_points_y"":[5500,5451]}","{}"
44.bmp,70778934,"{}",2070,1004,"{""name"":""polygon"",""all_points_x"":[1018,1032,1037,1023],""all_points_y"":[5665,5613,5615,5665]}","{}"
44.bmp,70778934,"{}",2070,1005,"{""name"":""polygon"",""all_points_x"":[1518,1537,1542,1524],""all_points_y"":[6035,5848,5848,6033]}","{}"
44.bmp,70778934,"{}",2070,1006,"{""name"":""polygon"",""all_points_x"":[1359,1401,1404,1364],""all_points_y"":[6118,6010,6013,6119]}","{}"
44.bmp,70778934,"{}",2070,1007,"{""name"":""polygon"",""all_points_x"":[1351,1384,1387,1354],""all_points_y"":[6100,6005,6005,6100]}","{}"
44.bmp,70778934,"{}",2070,1008,"{""name"":""polygon"",""all_points_x"":[1632,1673,1677,1639],""all_points_y"":[6049,5905,5905,6052]}","{}"
44.bmp,70778934,"{}",2070,1009,"{""name"":""polygon"",""all_points_x"":[1568,1747,1744,1565],""all_points_y"":[5866,5937,5943,5871]}","{}"
44.bmp,70778934,"{}",2070,1010,"{""name"":""polygon"",""all_points_x"":[1430,1504,1507,1433],""all_points_y"":[5835,5905,5899,5831]}","{}"
44.bmp,70778934,"{}",2070,1011,"{""name"":""polygon"",""all_points_x"":[1963,2014,2048,2052,2010,1977],""all_points_y"":[6137,6020,5917,5918,6041,6138]}","{}"
44.bmp,70778934,"{}",2070,1012,"{""name"":""polygon"",""all_points_x"":[1914,1921,1928,1919],""all_points_y"":[6028,5925,5925,6029]}","{}"
44.bmp,70778934,"{}",2070,1013,"{""name"":""polygon"",""all_points_x"":[1929,1916,1909,1923],""all_points_y"":[6020,5944,5944,6022]}","{}"
44.bmp,70778934,"{}",2070,1014,"{""name"":""polygon"",""all_points_x"":[1789,1798,1800,1803,1800,1792],""all_points_y"":[6140,6055,5986,5986,6060,6143]}","{}"
44.bmp,70778934,"{}",2070,1015,"{""name"":""polygon"",""all_points_x"":[1745,1704,1706,1749],""all_points_y"":[6069,5978,5977,6067]}","{}"
44.bmp,70778934,"{}",2070,1016,"{""name"":""polygon"",""all_points_x"":[2132,2063,2068,2142],""all_points_y"":[6083,6040,6031,6078]}","{}"
44.bmp,70778934,"{}",2070,1017,"{""name"":""polygon"",""all_points_x"":[2215,2189,2182,2184,2203,2220],""all_points_y"":[6143,6055,6013,6013,6090,6142]}","{}"
44.bmp,70778934,"{}",2070,1018,"{""name"":""polygon"",""all_points_x"":[2211,2187,2192,2216],""all_points_y"":[6093,6032,6031,6091]}","{}"
44.bmp,70778934,"{}",2070,1019,"{""name"":""polygon"",""all_points_x"":[2289,2277,2287,2301],""all_points_y"":[6014,5873,5872,6015]}","{}"
44.bmp,70778934,"{}",2070,1020,"{""name"":""polygon"",""all_points_x"":[2223,2187,2165,2157,2162,2174,2198,2230],""all_points_y"":[5943,5815,5736,5697,5694,5755,5837,5939]}","{}"
44.bmp,70778934,"{}",2070,1021,"{""name"":""polygon"",""all_points_x"":[2012,2018,2022,2018],""all_points_y"":[5914,5787,5787,5921]}","{}"
44.bmp,70778934,"{}",2070,1022,"{""name"":""polygon"",""all_points_x"":[2033,2068,2072,2037],""all_points_y"":[5867,5959,5957,5861]}","{}"
44.bmp,70778934,"{}",2070,1023,"{""name"":""polyline"",""all_points_x"":[1413,1368],""all_points_y"":[6016,6129]}","{}"
44.bmp,70778934,"{}",2070,1024,"{""name"":""polyline"",""all_points_x"":[1369,1401,1431],""all_points_y"":[6136,6080,6062]}","{}"
44.bmp,70778934,"{}",2070,1025,"{""name"":""polyline"",""all_points_x"":[1711,1700],""all_points_y"":[5788,5737]}","{}"
44.bmp,70778934,"{}",2070,1026,"{""name"":""polyline"",""all_points_x"":[1868,1885],""all_points_y"":[6140,6045]}","{}"
44.bmp,70778934,"{}",2070,1027,"{""name"":""polyline"",""all_points_x"":[2157,2137],""all_points_y"":[5893,5833]}","{}"
44.bmp,70778934,"{}",2070,1028,"{""name"":""polygon"",""all_points_x"":[1996,2009,2014,2002],""all_points_y"":[5670,5608,5608,5677]}","{}"
44.bmp,70778934,"{}",2070,1029,"{""name"":""polygon"",""all_points_x"":[1489,1476,1466],""all_points_y"":[5570,5650,5696]}","{}"
44.bmp,70778934,"{}",2070,1030,"{""name"":""polyline"",""all_points_x"":[1313,1368],""all_points_y"":[5634,5625]}","{}"
44.bmp,70778934,"{}",2070,1031,"{""name"":""polyline"",""all_points_x"":[1356,1386],""all_points_y"":[5988,5916]}","{}"
44.bmp,70778934,"{}",2070,1032,"{""name"":""polyline"",""all_points_x"":[1577,1624],""all_points_y"":[6042,5931]}","{}"
44.bmp,70778934,"{}",2070,1033,"{""name"":""polyline"",""all_points_x"":[2157,2135],""all_points_y"":[6125,6061]}","{}"
44.bmp,70778934,"{}",2070,1034,"{""name"":""polyline"",""all_points_x"":[2288,2282,2277,2270,2259],""all_points_y"":[6139,6104,6083,6041,6006]}","{}"
44.bmp,70778934,"{}",2070,1035,"{""name"":""polygon"",""all_points_x"":[1896,1887,1881,1888,1890,1902],""all_points_y"":[5981,5898,5789,5789,5848,5981]}","{}"
44.bmp,70778934,"{}",2070,1036,"{""name"":""polyline"",""all_points_x"":[1713,1744],""all_points_y"":[612,480]}","{}"
44.bmp,70778934,"{}",2070,1037,"{""name"":""polyline"",""all_points_x"":[1521,1500,1488],""all_points_y"":[835,745,683]}","{}"
44.bmp,70778934,"{}",2070,1038,"{""name"":""polyline"",""all_points_x"":[1484,1472,1465],""all_points_y"":[745,692,649]}","{}"
44.bmp,70778934,"{}",2070,1039,"{""name"":""polyline"",""all_points_x"":[1973,1970,1954],""all_points_y"":[883,830,786]}","{}"
44.bmp,70778934,"{}",2070,1040,"{""name"":""polygon"",""all_points_x"":[1316,1319,1377,1382,1327,1320],""all_points_y"":[1507,1493,1398,1403,1486,1510]}","{}"
44.bmp,70778934,"{}",2070,1041,"{""name"":""polygon"",""all_points_x"":[2558,2548,2554,2563],""all_points_y"":[303,246,245,301]}","{}"
44.bmp,70778934,"{}",2070,1042,"{""name"":""polygon"",""all_points_x"":[2698,2636,2598,2570,2572,2636,2701],""all_points_y"":[378,309,267,230,227,302,373]}","{}"
44.bmp,70778934,"{}",2070,1043,"{""name"":""polygon"",""all_points_x"":[2932,2969,2977,2939],""all_points_y"":[141,1,3,141]}","{}"
44.bmp,70778934,"{}",2070,1044,"{""name"":""polygon"",""all_points_x"":[2856,2910,2993,2998,2935,2866],""all_points_y"":[312,228,112,120,209,314]}","{}"
44.bmp,70778934,"{}",2070,1045,"{""name"":""polygon"",""all_points_x"":[2781,2825,2828,2784],""all_points_y"":[197,10,11,197]}","{}"
44.bmp,70778934,"{}",2070,1046,"{""name"":""polygon"",""all_points_x"":[2764,2769,2774,2776,2769],""all_points_y"":[255,207,141,204,260]}","{}"
44.bmp,70778934,"{}",2070,1047,"{""name"":""polygon"",""all_points_x"":[2830,2784,2790,2837],""all_points_y"":[493,371,370,493]}","{}"
44.bmp,70778934,"{}",2070,1048,"{""name"":""polygon"",""all_points_x"":[3147,3161,3171,3155],""all_points_y"":[146,8,8,148]}","{}"
44.bmp,70778934,"{}",2070,1049,"{""name"":""polygon"",""all_points_x"":[3259,3203,3211,3266],""all_points_y"":[84,164,170,89]}","{}"
44.bmp,70778934,"{}",2070,1050,"{""name"":""polygon"",""all_points_x"":[3199,3154,3162,3204],""all_points_y"":[148,194,200,155]}","{}"
44.bmp,70778934,"{}",2070,1051,"{""name"":""polygon"",""all_points_x"":[3235,3281,3316,3320,3285,3240],""all_points_y"":[339,403,448,441,397,337]}","{}"
44.bmp,70778934,"{}",2070,1052,"{""name"":""polygon"",""all_points_x"":[2360,2360,2364,2369,2365,2365],""all_points_y"":[434,393,357,358,394,429]}","{}"
44.bmp,70778934,"{}",2070,1053,"{""name"":""polygon"",""all_points_x"":[2800,2886,2886,2802],""all_points_y"":[509,485,489,512]}","{}"
44.bmp,70778934,"{}",2070,1054,"{""name"":""polygon"",""all_points_x"":[2900,2817,2824,2916],""all_points_y"":[270,138,132,277]}","{}"
44.bmp,70778934,"{}",2070,1055,"{""name"":""polygon"",""all_points_x"":[2952,3023,3026,2957],""all_points_y"":[338,271,274,343]}","{}"
44.bmp,70778934,"{}",2070,1056,"{""name"":""polygon"",""all_points_x"":[2733,2833,2836,2736],""all_points_y"":[170,80,84,172]}","{}"
44.bmp,70778934,"{}",2070,1057,"{""name"":""polygon"",""all_points_x"":[2908,2947,2950,2912],""all_points_y"":[293,198,201,296]}","{}"
44.bmp,70778934,"{}",2070,1058,"{""name"":""polygon"",""all_points_x"":[3237,3215,3220,3242],""all_points_y"":[84,2,1,84]}","{}"
44.bmp,70778934,"{}",2070,1059,"{""name"":""polygon"",""all_points_x"":[2717,2650,2645,2709],""all_points_y"":[102,12,17,113]}","{}"
44.bmp,70778934,"{}",2070,1060,"{""name"":""polyline"",""all_points_x"":[2324,2340],""all_points_y"":[60,19]}","{}"
44.bmp,70778934,"{}",2070,1061,"{""name"":""polyline"",""all_points_x"":[2398,2379],""all_points_y"":[80,13]}","{}"
44.bmp,70778934,"{}",2070,1062,"{""name"":""polyline"",""all_points_x"":[2460,2417],""all_points_y"":[62,20]}","{}"
44.bmp,70778934,"{}",2070,1063,"{""name"":""polyline"",""all_points_x"":[2463,2463],""all_points_y"":[93,45]}","{}"
44.bmp,70778934,"{}",2070,1064,"{""name"":""polyline"",""all_points_x"":[2668,2593,2531],""all_points_y"":[130,123,113]}","{}"
44.bmp,70778934,"{}",2070,1065,"{""name"":""polyline"",""all_points_x"":[2693,2730],""all_points_y"":[133,53]}","{}"
44.bmp,70778934,"{}",2070,1066,"{""name"":""polyline"",""all_points_x"":[2690,2689],""all_points_y"":[217,130]}","{}"
44.bmp,70778934,"{}",2070,1067,"{""name"":""polyline"",""all_points_x"":[2676,2655],""all_points_y"":[184,157]}","{}"
44.bmp,70778934,"{}",2070,1068,"{""name"":""polyline"",""all_points_x"":[2923,2974,3016],""all_points_y"":[297,211,125]}","{}"
44.bmp,70778934,"{}",2070,1069,"{""name"":""polyline"",""all_points_x"":[2793,2876],""all_points_y"":[309,154]}","{}"
44.bmp,70778934,"{}",2070,1070,"{""name"":""polyline"",""all_points_x"":[2842,2798],""all_points_y"":[214,148]}","{}"
44.bmp,70778934,"{}",2070,1071,"{""name"":""polyline"",""all_points_x"":[2828,2778],""all_points_y"":[333,227]}","{}"
44.bmp,70778934,"{}",2070,1072,"{""name"":""polyline"",""all_points_x"":[2930,2957,2997],""all_points_y"":[545,491,429]}","{}"
44.bmp,70778934,"{}",2070,1073,"{""name"":""polyline"",""all_points_x"":[2850,2853],""all_points_y"":[479,406]}","{}"
44.bmp,70778934,"{}",2070,1074,"{""name"":""polyline"",""all_points_x"":[3103,3073],""all_points_y"":[128,223]}","{}"
44.bmp,70778934,"{}",2070,1075,"{""name"":""polyline"",""all_points_x"":[2982,3008],""all_points_y"":[82,1]}","{}"
44.bmp,70778934,"{}",2070,1076,"{""name"":""polyline"",""all_points_x"":[3266,3268],""all_points_y"":[30,155]}","{}"
44.bmp,70778934,"{}",2070,1077,"{""name"":""polyline"",""all_points_x"":[3251,3263],""all_points_y"":[117,177]}","{}"
44.bmp,70778934,"{}",2070,1078,"{""name"":""polyline"",""all_points_x"":[3272,3276],""all_points_y"":[83,216]}","{}"
44.bmp,70778934,"{}",2070,1079,"{""name"":""polyline"",""all_points_x"":[3209,3247,3286],""all_points_y"":[96,165,220]}","{}"
44.bmp,70778934,"{}",2070,1080,"{""name"":""polyline"",""all_points_x"":[3239,3275,3290],""all_points_y"":[390,248,204]}","{}"
44.bmp,70778934,"{}",2070,1081,"{""name"":""polyline"",""all_points_x"":[3369,3323],""all_points_y"":[127,177]}","{}"
44.bmp,70778934,"{}",2070,1082,"{""name"":""polyline"",""all_points_x"":[3343,3364],""all_points_y"":[271,198]}","{}"
44.bmp,70778934,"{}",2070,1083,"{""name"":""polyline"",""all_points_x"":[3291,3286],""all_points_y"":[365,263]}","{}"
44.bmp,70778934,"{}",2070,1084,"{""name"":""polyline"",""all_points_x"":[3247,3213],""all_points_y"":[251,319]}","{}"
44.bmp,70778934,"{}",2070,1085,"{""name"":""polyline"",""all_points_x"":[3273,3230],""all_points_y"":[217,244]}","{}"
44.bmp,70778934,"{}",2070,1086,"{""name"":""polyline"",""all_points_x"":[3216,3200],""all_points_y"":[256,179]}","{}"
44.bmp,70778934,"{}",2070,1087,"{""name"":""polyline"",""all_points_x"":[3160,3141],""all_points_y"":[311,182]}","{}"
44.bmp,70778934,"{}",2070,1088,"{""name"":""polyline"",""all_points_x"":[3042,3051],""all_points_y"":[448,322]}","{}"
44.bmp,70778934,"{}",2070,1089,"{""name"":""polyline"",""all_points_x"":[3044,3066,3104],""all_points_y"":[493,434,352]}","{}"
44.bmp,70778934,"{}",2070,1090,"{""name"":""polyline"",""all_points_x"":[3023,3036,3049],""all_points_y"":[512,483,446]}","{}"
44.bmp,70778934,"{}",2070,1091,"{""name"":""polyline"",""all_points_x"":[3035,3040,3049],""all_points_y"":[543,495,452]}","{}"
44.bmp,70778934,"{}",2070,1092,"{""name"":""polyline"",""all_points_x"":[2617,2606],""all_points_y"":[436,287]}","{}"
44.bmp,70778934,"{}",2070,1093,"{""name"":""polyline"",""all_points_x"":[2646,2665],""all_points_y"":[393,331]}","{}"
44.bmp,70778934,"{}",2070,1094,"{""name"":""polyline"",""all_points_x"":[2328,2334,2346],""all_points_y"":[227,181,118]}","{}"
44.bmp,70778934,"{}",2070,1095,"{""name"":""polyline"",""all_points_x"":[2342,2360],""all_points_y"":[265,215]}","{}"
44.bmp,70778934,"{}",2070,1096,"{""name"":""polyline"",""all_points_x"":[2338,2348],""all_points_y"":[220,159]}","{}"
44.bmp,70778934,"{}",2070,1097,"{""name"":""polyline"",""all_points_x"":[2403,2410],""all_points_y"":[295,228]}","{}"
44.bmp,70778934,"{}",2070,1098,"{""name"":""polyline"",""all_points_x"":[2415,2425],""all_points_y"":[282,232]}","{}"
44.bmp,70778934,"{}",2070,1099,"{""name"":""polyline"",""all_points_x"":[2430,2439],""all_points_y"":[285,253]}","{}"
44.bmp,70778934,"{}",2070,1100,"{""name"":""polyline"",""all_points_x"":[2441,2463],""all_points_y"":[453,414]}","{}"
44.bmp,70778934,"{}",2070,1101,"{""name"":""polyline"",""all_points_x"":[2460,2461],""all_points_y"":[542,460]}","{}"
44.bmp,70778934,"{}",2070,1102,"{""name"":""polyline"",""all_points_x"":[2499,2494,2484],""all_points_y"":[353,339,291]}","{}"
44.bmp,70778934,"{}",2070,1103,"{""name"":""polyline"",""all_points_x"":[2522,2516,2514],""all_points_y"":[456,412,354]}","{}"
44.bmp,70778934,"{}",2070,1104,"{""name"":""polyline"",""all_points_x"":[2552,2550],""all_points_y"":[210,144]}","{}"
44.bmp,70778934,"{}",2070,1105,"{""name"":""polygon"",""all_points_x"":[2539,2515,2522,2541],""all_points_y"":[158,81,80,153]}","{}"
44.bmp,70778934,"{}",2070,1106,"{""name"":""polyline"",""all_points_x"":[2914,2938,2967],""all_points_y"":[439,412,380]}","{}"
44.bmp,70778934,"{}",2070,1107,"{""name"":""polyline"",""all_points_x"":[2952,2976,2991,3014],""all_points_y"":[415,376,352,308]}","{}"
44.bmp,70778934,"{}",2070,1108,"{""name"":""polyline"",""all_points_x"":[2969,2983,2997,3009],""all_points_y"":[437,391,362,329]}","{}"
44.bmp,70778934,"{}",2070,1109,"{""name"":""polyline"",""all_points_x"":[3256,3225],""all_points_y"":[554,475]}","{}"
44.bmp,70778934,"{}",2070,1110,"{""name"":""polyline"",""all_points_x"":[3123,3128,3140],""all_points_y"":[460,390,326]}","{}"
44.bmp,70778934,"{}",2070,1111,"{""name"":""polyline"",""all_points_x"":[3016,3037],""all_points_y"":[374,310]}","{}"
44.bmp,70778934,"{}",2070,1112,"{""name"":""polyline"",""all_points_x"":[3290,3296],""all_points_y"":[213,148]}","{}"
44.bmp,70778934,"{}",2070,1113,"{""name"":""polyline"",""all_points_x"":[3325,3306,3284],""all_points_y"":[119,88,68]}","{}"
44.bmp,70778934,"{}",2070,1114,"{""name"":""polyline"",""all_points_x"":[2940,2953,2965],""all_points_y"":[490,447,428]}","{}"
44.bmp,70778934,"{}",2070,1115,"{""name"":""polyline"",""all_points_x"":[2812,2828,2850],""all_points_y"":[392,358,335]}","{}"
44.bmp,70778934,"{}",2070,1116,"{""name"":""polyline"",""all_points_x"":[3104,3102],""all_points_y"":[106,1]}","{}"
44.bmp,70778934,"{}",2070,1117,"{""name"":""polyline"",""all_points_x"":[3225,3193],""all_points_y"":[84,2]}","{}"
44.bmp,70778934,"{}",2070,1118,"{""name"":""polygon"",""all_points_x"":[3184,3169,3175,3190],""all_points_y"":[125,38,37,121]}","{}"
44.bmp,70778934,"{}",2070,1119,"{""name"":""polyline"",""all_points_x"":[3256,3263],""all_points_y"":[483,415]}","{}"
44.bmp,70778934,"{}",2070,1120,"{""name"":""polyline"",""all_points_x"":[3270,3270],""all_points_y"":[477,390]}","{}"
44.bmp,70778934,"{}",2070,1121,"{""name"":""polyline"",""all_points_x"":[3237,3244,3244,3255],""all_points_y"":[497,461,443,421]}","{}"
44.bmp,70778934,"{}",2070,1122,"{""name"":""polyline"",""all_points_x"":[3055,3059,3066,3076],""all_points_y"":[397,380,369,339]}","{}"
44.bmp,70778934,"{}",2070,1123,"{""name"":""polyline"",""all_points_x"":[2586,2646],""all_points_y"":[76,116]}","{}"
44.bmp,70778934,"{}",2070,1124,"{""name"":""polyline"",""all_points_x"":[2778,2778,2774],""all_points_y"":[78,34,4]}","{}"
44.bmp,70778934,"{}",2070,1125,"{""name"":""polygon"",""all_points_x"":[2946,2896,2902,2948],""all_points_y"":[61,117,122,70]}","{}"
44.bmp,70778934,"{}",2070,1126,"{""name"":""polyline"",""all_points_x"":[3002,3051,3071,3103],""all_points_y"":[5,59,76,96]}","{}"
44.bmp,70778934,"{}",2070,1127,"{""name"":""polyline"",""all_points_x"":[3367,3335],""all_points_y"":[106,38]}","{}"
44.bmp,70778934,"{}",2070,1128,"{""name"":""polyline"",""all_points_x"":[3084,3130],""all_points_y"":[251,213]}","{}"
44.bmp,70778934,"{}",2070,1129,"{""name"":""polyline"",""all_points_x"":[3124,3141],""all_points_y"":[250,176]}","{}"
44.bmp,70778934,"{}",2070,1130,"{""name"":""polyline"",""all_points_x"":[3165,3176],""all_points_y"":[284,242]}","{}"
44.bmp,70778934,"{}",2070,1131,"{""name"":""polyline"",""all_points_x"":[3292,3311,3332],""all_points_y"":[373,396,431]}","{}"
44.bmp,70778934,"{}",2070,1132,"{""name"":""polyline"",""all_points_x"":[3332,3351],""all_points_y"":[378,306]}","{}"
44.bmp,70778934,"{}",2070,1133,"{""name"":""polyline"",""all_points_x"":[2937,2912,2894],""all_points_y"":[261,216,169]}","{}"
44.bmp,70778934,"{}",2070,1134,"{""name"":""polyline"",""all_points_x"":[2776,2781],""all_points_y"":[384,322]}","{}"
44.bmp,70778934,"{}",2070,1135,"{""name"":""polyline"",""all_points_x"":[2734,2737],""all_points_y"":[358,316]}","{}"
44.bmp,70778934,"{}",2070,1136,"{""name"":""polyline"",""all_points_x"":[3275,3295,3309],""all_points_y"":[400,445,481]}","{}"
44.bmp,70778934,"{}",2070,1137,"{""name"":""polyline"",""all_points_x"":[3078,3087,3099,3109],""all_points_y"":[578,514,455,397]}","{}"
44.bmp,70778934,"{}",2070,1138,"{""name"":""polyline"",""all_points_x"":[2446,2444],""all_points_y"":[377,329]}","{}"
44.bmp,70778934,"{}",2070,1139,"{""name"":""polyline"",""all_points_x"":[3260,3292],""all_points_y"":[529,483]}","{}"
44.bmp,70778934,"{}",2070,1140,"{""name"":""polyline"",""all_points_x"":[3175,3184],""all_points_y"":[389,346]}","{}"
44.bmp,70778934,"{}",2070,1141,"{""name"":""polyline"",""all_points_x"":[3166,3138],""all_points_y"":[403,341]}","{}"
44.bmp,70778934,"{}",2070,1142,"{""name"":""polyline"",""all_points_x"":[3194,3201],""all_points_y"":[384,330]}","{}"
44.bmp,70778934,"{}",2070,1143,"{""name"":""polyline"",""all_points_x"":[2920,2932,2942],""all_points_y"":[493,441,400]}","{}"
44.bmp,70778934,"{}",2070,1144,"{""name"":""polyline"",""all_points_x"":[2907,2897,2884],""all_points_y"":[365,386,405]}","{}"
44.bmp,70778934,"{}",2070,1145,"{""name"":""polyline"",""all_points_x"":[2083,2104,2115],""all_points_y"":[271,322,360]}","{}"
44.bmp,70778934,"{}",2070,1146,"{""name"":""polyline"",""all_points_x"":[2562,2572],""all_points_y"":[534,462]}","{}"
44.bmp,70778934,"{}",2070,1147,"{""name"":""polyline"",""all_points_x"":[2387,2396],""all_points_y"":[460,415]}","{}"
44.bmp,70778934,"{}",2070,1148,"{""name"":""polyline"",""all_points_x"":[2436,2468],""all_points_y"":[510,441]}","{}"
44.bmp,70778934,"{}",2070,1149,"{""name"":""polygon"",""all_points_x"":[2196,2273,2335,2394,2407,2415,2398,2343,2284,2213],""all_points_y"":[939,824,714,605,574,579,620,723,827,949]}","{}"
44.bmp,70778934,"{}",2070,1150,"{""name"":""polygon"",""all_points_x"":[2322,2350,2368,2379,2385,2365,2341,2327],""all_points_y"":[935,830,775,729,731,799,879,940]}","{}"
44.bmp,70778934,"{}",2070,1151,"{""name"":""polygon"",""all_points_x"":[2321,2317,2318,2316,2319,2323,2322,2327],""all_points_y"":[949,909,902,820,821,904,910,951]}","{}"
44.bmp,70778934,"{}",2070,1152,"{""name"":""polygon"",""all_points_x"":[2812,2836,2840,2817],""all_points_y"":[677,581,583,681]}","{}"
44.bmp,70778934,"{}",2070,1153,"{""name"":""polygon"",""all_points_x"":[2714,2714,2715,2721,2718,2722],""all_points_y"":[589,543,518,518,550,593]}","{}"
44.bmp,70778934,"{}",2070,1154,"{""name"":""polygon"",""all_points_x"":[2607,2581,2584,2611],""all_points_y"":[828,702,702,828]}","{}"
44.bmp,70778934,"{}",2070,1155,"{""name"":""polygon"",""all_points_x"":[3083,3096,3115,3119,3102,3087],""all_points_y"":[704,642,578,580,640,707]}","{}"
44.bmp,70778934,"{}",2070,1156,"{""name"":""polygon"",""all_points_x"":[2825,2896,2900,2831],""all_points_y"":[923,782,785,925]}","{}"
44.bmp,70778934,"{}",2070,1157,"{""name"":""polygon"",""all_points_x"":[2372,2480,2482,2379],""all_points_y"":[847,774,780,849]}","{}"
44.bmp,70778934,"{}",2070,1158,"{""name"":""polygon"",""all_points_x"":[2497,2533,2538,2505],""all_points_y"":[619,514,516,619]}","{}"
44.bmp,70778934,"{}",2070,1159,"{""name"":""polygon"",""all_points_x"":[2492,2491,2510,2515,2499,2497],""all_points_y"":[666,577,494,495,567,669]}","{}"
44.bmp,70778934,"{}",2070,1160,"{""name"":""polygon"",""all_points_x"":[2579,2624,2627,2586],""all_points_y"":[909,830,833,911]}","{}"
44.bmp,70778934,"{}",2070,1161,"{""name"":""polygon"",""all_points_x"":[2458,2408,2413,2465],""all_points_y"":[1008,905,902,1010]}","{}"
44.bmp,70778934,"{}",2070,1162,"{""name"":""polygon"",""all_points_x"":[3206,3156,3161,3211],""all_points_y"":[830,760,755,828]}","{}"
44.bmp,70778934,"{}",2070,1163,"{""name"":""polygon"",""all_points_x"":[2647,2631,2628,2627,2629,2636,2651],""all_points_y"":[966,864,817,799,800,868,964]}","{}"
44.bmp,70778934,"{}",2070,1164,"{""name"":""polygon"",""all_points_x"":[2655,2669,2673,2659],""all_points_y"":[932,778,779,935]}","{}"
44.bmp,70778934,"{}",2070,1165,"{""name"":""polygon"",""all_points_x"":[2618,2534,2537,2620],""all_points_y"":[826,866,871,830]}","{}"
44.bmp,70778934,"{}",2070,1166,"{""name"":""polygon"",""all_points_x"":[3038,3102,3140,3142,3097,3040],""all_points_y"":[991,942,919,924,953,994]}","{}"
44.bmp,70778934,"{}",2070,1167,"{""name"":""polygon"",""all_points_x"":[3232,3267,3298,3302,3263,3234],""all_points_y"":[758,726,699,702,733,761]}","{}"
44.bmp,70778934,"{}",2070,1168,"{""name"":""polygon"",""all_points_x"":[2969,3008,3014,2973],""all_points_y"":[789,723,729,795]}","{}"
44.bmp,70778934,"{}",2070,1169,"{""name"":""polyline"",""all_points_x"":[2545,2550],""all_points_y"":[688,566]}","{}"
44.bmp,70778934,"{}",2070,1170,"{""name"":""polyline"",""all_points_x"":[2510,2531,2553],""all_points_y"":[665,626,586]}","{}"
44.bmp,70778934,"{}",2070,1171,"{""name"":""polyline"",""all_points_x"":[2584,2598,2627],""all_points_y"":[788,762,729]}","{}"
44.bmp,70778934,"{}",2070,1172,"{""name"":""polyline"",""all_points_x"":[2653,2686],""all_points_y"":[742,677]}","{}"
44.bmp,70778934,"{}",2070,1173,"{""name"":""polyline"",""all_points_x"":[2650,2698],""all_points_y"":[802,702]}","{}"
44.bmp,70778934,"{}",2070,1174,"{""name"":""polyline"",""all_points_x"":[2742,2774,2806],""all_points_y"":[790,754,722]}","{}"
44.bmp,70778934,"{}",2070,1175,"{""name"":""polyline"",""all_points_x"":[2735,2734,2736],""all_points_y"":[833,781,728]}","{}"
44.bmp,70778934,"{}",2070,1176,"{""name"":""polyline"",""all_points_x"":[2717,2763],""all_points_y"":[867,801]}","{}"
44.bmp,70778934,"{}",2070,1177,"{""name"":""polyline"",""all_points_x"":[2921,2928,2938],""all_points_y"":[690,638,567]}","{}"
44.bmp,70778934,"{}",2070,1178,"{""name"":""polygon"",""all_points_x"":[3090,3050,3054,3095],""all_points_y"":[587,655,657,590]}","{}"
44.bmp,70778934,"{}",2070,1179,"{""name"":""polyline"",""all_points_x"":[2997,3023],""all_points_y"":[638,561]}","{}"
44.bmp,70778934,"{}",2070,1180,"{""name"":""polyline"",""all_points_x"":[3056,3045],""all_points_y"":[625,555]}","{}"
44.bmp,70778934,"{}",2070,1181,"{""name"":""polyline"",""all_points_x"":[3213,3240,3269],""all_points_y"":[678,624,579]}","{}"
44.bmp,70778934,"{}",2070,1182,"{""name"":""polyline"",""all_points_x"":[3199,3226],""all_points_y"":[609,562]}","{}"
44.bmp,70778934,"{}",2070,1183,"{""name"":""polyline"",""all_points_x"":[3011,2988,2973],""all_points_y"":[655,611,573]}","{}"
44.bmp,70778934,"{}",2070,1184,"{""name"":""polyline"",""all_points_x"":[2964,2888],""all_points_y"":[662,587]}","{}"
44.bmp,70778934,"{}",2070,1185,"{""name"":""polyline"",""all_points_x"":[2883,2911],""all_points_y"":[563,517]}","{}"
44.bmp,70778934,"{}",2070,1186,"{""name"":""polyline"",""all_points_x"":[2471,2471,2474],""all_points_y"":[707,645,596]}","{}"
44.bmp,70778934,"{}",2070,1187,"{""name"":""polyline"",""all_points_x"":[2441,2432,2422],""all_points_y"":[681,631,564]}","{}"
44.bmp,70778934,"{}",2070,1188,"{""name"":""polyline"",""all_points_x"":[2359,2399,2413,2439],""all_points_y"":[826,903,935,993]}","{}"
44.bmp,70778934,"{}",2070,1189,"{""name"":""polyline"",""all_points_x"":[2531,2524],""all_points_y"":[949,811]}","{}"
44.bmp,70778934,"{}",2070,1190,"{""name"":""polyline"",""all_points_x"":[2724,2711],""all_points_y"":[871,996]}","{}"
44.bmp,70778934,"{}",2070,1191,"{""name"":""polyline"",""all_points_x"":[2820,2781],""all_points_y"":[783,897]}","{}"
44.bmp,70778934,"{}",2070,1192,"{""name"":""polyline"",""all_points_x"":[2774,2774,2778],""all_points_y"":[918,865,817]}","{}"
44.bmp,70778934,"{}",2070,1193,"{""name"":""polyline"",""all_points_x"":[2640,2603],""all_points_y"":[616,720]}","{}"
44.bmp,70778934,"{}",2070,1194,"{""name"":""polyline"",""all_points_x"":[2477,2483],""all_points_y"":[670,593]}","{}"
44.bmp,70778934,"{}",2070,1195,"{""name"":""polyline"",""all_points_x"":[2829,2850,2874],""all_points_y"":[990,940,887]}","{}"
44.bmp,70778934,"{}",2070,1196,"{""name"":""polyline"",""all_points_x"":[2972,3021,3052],""all_points_y"":[714,795,842]}","{}"
44.bmp,70778934,"{}",2070,1197,"{""name"":""polyline"",""all_points_x"":[3095,3125,3175],""all_points_y"":[990,944,879]}","{}"
44.bmp,70778934,"{}",2070,1198,"{""name"":""polyline"",""all_points_x"":[3223,3244],""all_points_y"":[836,788]}","{}"
44.bmp,70778934,"{}",2070,1199,"{""name"":""polyline"",""all_points_x"":[2976,2926,2896],""all_points_y"":[826,781,751]}","{}"
44.bmp,70778934,"{}",2070,1200,"{""name"":""polyline"",""all_points_x"":[3155,3149,3130],""all_points_y"":[664,614,561]}","{}"
44.bmp,70778934,"{}",2070,1201,"{""name"":""polyline"",""all_points_x"":[3123,3142],""all_points_y"":[568,519]}","{}"
44.bmp,70778934,"{}",2070,1202,"{""name"":""polyline"",""all_points_x"":[3211,3239],""all_points_y"":[631,685]}","{}"
44.bmp,70778934,"{}",2070,1203,"{""name"":""polyline"",""all_points_x"":[2493,2529],""all_points_y"":[799,719]}","{}"
44.bmp,70778934,"{}",2070,1204,"{""name"":""polyline"",""all_points_x"":[2517,2548],""all_points_y"":[699,649]}","{}"
44.bmp,70778934,"{}",2070,1205,"{""name"":""polyline"",""all_points_x"":[2721,2718],""all_points_y"":[714,653]}","{}"
44.bmp,70778934,"{}",2070,1206,"{""name"":""polyline"",""all_points_x"":[2995,3021],""all_points_y"":[727,660]}","{}"
44.bmp,70778934,"{}",2070,1207,"{""name"":""polyline"",""all_points_x"":[3199,3255],""all_points_y"":[754,680]}","{}"
44.bmp,70778934,"{}",2070,1208,"{""name"":""polyline"",""all_points_x"":[3287,3284,3287],""all_points_y"":[742,700,654]}","{}"
44.bmp,70778934,"{}",2070,1209,"{""name"":""polyline"",""all_points_x"":[2351,2337,2328],""all_points_y"":[921,864,821]}","{}"
44.bmp,70778934,"{}",2070,1210,"{""name"":""polyline"",""all_points_x"":[2641,2574,2544],""all_points_y"":[950,890,867]}","{}"
44.bmp,70778934,"{}",2070,1211,"{""name"":""polyline"",""all_points_x"":[3261,3273],""all_points_y"":[839,776]}","{}"
44.bmp,70778934,"{}",2070,1212,"{""name"":""polyline"",""all_points_x"":[2355,2355,2352],""all_points_y"":[1039,982,923]}","{}"
44.bmp,70778934,"{}",2070,1213,"{""name"":""polyline"",""all_points_x"":[2319,2312],""all_points_y"":[1064,980]}","{}"
44.bmp,70778934,"{}",2070,1214,"{""name"":""polyline"",""all_points_x"":[2378,2374],""all_points_y"":[1043,938]}","{}"
44.bmp,70778934,"{}",2070,1215,"{""name"":""polygon"",""all_points_x"":[2258,2444,2436,2254],""all_points_y"":[1192,1304,1317,1199]}","{}"
44.bmp,70778934,"{}",2070,1216,"{""name"":""polygon"",""all_points_x"":[2332,2380,2434,2429,2379,2330],""all_points_y"":[1296,1315,1338,1348,1323,1306]}","{}"
44.bmp,70778934,"{}",2070,1217,"{""name"":""polygon"",""all_points_x"":[2752,2836,2912,2981,2988,2911,2836,2768],""all_points_y"":[1327,1231,1139,1058,1066,1161,1256,1340]}","{}"
44.bmp,70778934,"{}",2070,1218,"{""name"":""polygon"",""all_points_x"":[2654,2600,2558,2562,2605,2657],""all_points_y"":[1298,1222,1144,1142,1217,1294]}","{}"
44.bmp,70778934,"{}",2070,1219,"{""name"":""polygon"",""all_points_x"":[2582,2550,2520,2524,2555,2586],""all_points_y"":[1250,1201,1156,1154,1201,1248]}","{}"
44.bmp,70778934,"{}",2070,1220,"{""name"":""polygon"",""all_points_x"":[2371,2443,2510,2507,2446,2369],""all_points_y"":[1332,1313,1297,1291,1306,1327]}","{}"
44.bmp,70778934,"{}",2070,1221,"{""name"":""polygon"",""all_points_x"":[3263,3159,3163,3268],""all_points_y"":[1276,1172,1168,1274]}","{}"
44.bmp,70778934,"{}",2070,1222,"{""name"":""polygon"",""all_points_x"":[3336,3259,3220,3224,3269,3338],""all_points_y"":[1258,1170,1112,1110,1174,1251]}","{}"
44.bmp,70778934,"{}",2070,1223,"{""name"":""polygon"",""all_points_x"":[3022,3092,3087,3019],""all_points_y"":[1074,1219,1219,1077]}","{}"
44.bmp,70778934,"{}",2070,1224,"{""name"":""polygon"",""all_points_x"":[2890,2809,2807,2886],""all_points_y"":[1311,1173,1175,1315]}","{}"
44.bmp,70778934,"{}",2070,1225,"{""name"":""polygon"",""all_points_x"":[2926,2976,3036,3039,2978,2928],""all_points_y"":[1415,1339,1263,1265,1346,1417]}","{}"
44.bmp,70778934,"{}",2070,1226,"{""name"":""polyline"",""all_points_x"":[2630,2642,2655],""all_points_y"":[1130,1044,988]}","{}"
44.bmp,70778934,"{}",2070,1227,"{""name"":""polyline"",""all_points_x"":[2363,2385,2413],""all_points_y"":[1229,1153,1082]}","{}"
44.bmp,70778934,"{}",2070,1228,"{""name"":""polyline"",""all_points_x"":[2797,2874],""all_points_y"":[1070,952]}","{}"
44.bmp,70778934,"{}",2070,1229,"{""name"":""polyline"",""all_points_x"":[2926,2981],""all_points_y"":[1078,982]}","{}"
44.bmp,70778934,"{}",2070,1230,"{""name"":""polyline"",""all_points_x"":[2902,2850],""all_points_y"":[959,1019]}","{}"
44.bmp,70778934,"{}",2070,1231,"{""name"":""polygon"",""all_points_x"":[2317,2379,2432,2432,2318],""all_points_y"":[1258,1246,1236,1239,1263]}","{}"
44.bmp,70778934,"{}",2070,1232,"{""name"":""polyline"",""all_points_x"":[2539,2553],""all_points_y"":[1366,1302]}","{}"
44.bmp,70778934,"{}",2070,1233,"{""name"":""polyline"",""all_points_x"":[2730,2650],""all_points_y"":[1277,1199]}","{}"
44.bmp,70778934,"{}",2070,1234,"{""name"":""polyline"",""all_points_x"":[2943,2957,2970],""all_points_y"":[1308,1249,1206]}","{}"
44.bmp,70778934,"{}",2070,1235,"{""name"":""polyline"",""all_points_x"":[2351,2273],""all_points_y"":[1161,1206]}","{}"
44.bmp,70778934,"{}",2070,1236,"{""name"":""polyline"",""all_points_x"":[2872,2808],""all_points_y"":[930,1025]}","{}"
44.bmp,70778934,"{}",2070,1237,"{""name"":""polyline"",""all_points_x"":[2813,2836],""all_points_y"":[1132,1061]}","{}"
44.bmp,70778934,"{}",2070,1238,"{""name"":""polyline"",""all_points_x"":[2389,2473],""all_points_y"":[1199,1248]}","{}"
44.bmp,70778934,"{}",2070,1239,"{""name"":""polyline"",""all_points_x"":[2487,2494,2503,2518],""all_points_y"":[1196,1158,1133,1104]}","{}"
44.bmp,70778934,"{}",2070,1240,"{""name"":""polyline"",""all_points_x"":[2430,2427,2434,2446],""all_points_y"":[1153,1125,1102,1056]}","{}"
44.bmp,70778934,"{}",2070,1241,"{""name"":""polyline"",""all_points_x"":[2713,2752],""all_points_y"":[1005,957]}","{}"
44.bmp,70778934,"{}",2070,1242,"{""name"":""polyline"",""all_points_x"":[2788,2802],""all_points_y"":[1075,974]}","{}"
44.bmp,70778934,"{}",2070,1243,"{""name"":""polyline"",""all_points_x"":[2764,2805],""all_points_y"":[927,881]}","{}"
44.bmp,70778934,"{}",2070,1244,"{""name"":""polyline"",""all_points_x"":[3033,3051],""all_points_y"":[964,911]}","{}"
44.bmp,70778934,"{}",2070,1245,"{""name"":""polyline"",""all_points_x"":[3216,3232,3240,3249],""all_points_y"":[942,912,902,898]}","{}"
44.bmp,70778934,"{}",2070,1246,"{""name"":""polyline"",""all_points_x"":[3287,3327],""all_points_y"":[1072,1024]}","{}"
44.bmp,70778934,"{}",2070,1247,"{""name"":""polyline"",""all_points_x"":[3311,3289],""all_points_y"":[1102,1023]}","{}"
44.bmp,70778934,"{}",2070,1248,"{""name"":""polyline"",""all_points_x"":[3114,3206,3266],""all_points_y"":[944,1026,1076]}","{}"
44.bmp,70778934,"{}",2070,1249,"{""name"":""polyline"",""all_points_x"":[3323,3332,3346],""all_points_y"":[1168,1116,1057]}","{}"
44.bmp,70778934,"{}",2070,1250,"{""name"":""polyline"",""all_points_x"":[3127,3172,3201,3252,3283,3321],""all_points_y"":[1197,1203,1210,1220,1229,1237]}","{}"
44.bmp,70778934,"{}",2070,1251,"{""name"":""polyline"",""all_points_x"":[3050,3076,3103],""all_points_y"":[1363,1322,1276]}","{}"
44.bmp,70778934,"{}",2070,1252,"{""name"":""polyline"",""all_points_x"":[2980,3035,3076],""all_points_y"":[1413,1377,1353]}","{}"
44.bmp,70778934,"{}",2070,1253,"{""name"":""polyline"",""all_points_x"":[2926,2938],""all_points_y"":[1043,955]}","{}"
44.bmp,70778934,"{}",2070,1254,"{""name"":""polyline"",""all_points_x"":[2238,2237],""all_points_y"":[924,1065]}","{}"
44.bmp,70778934,"{}",2070,1255,"{""name"":""polyline"",""all_points_x"":[3110,3133],""all_points_y"":[1101,1042]}","{}"
44.bmp,70778934,"{}",2070,1256,"{""name"":""polyline"",""all_points_x"":[2742,2764],""all_points_y"":[1107,1009]}","{}"
44.bmp,70778934,"{}",2070,1257,"{""name"":""polyline"",""all_points_x"":[2866,2810],""all_points_y"":[1303,1208]}","{}"
44.bmp,70778934,"{}",2070,1258,"{""name"":""polyline"",""all_points_x"":[3216,3268,3282,3297,3299],""all_points_y"":[1178,1224,1249,1261,1269]}","{}"
44.bmp,70778934,"{}",2070,1259,"{""name"":""polyline"",""all_points_x"":[3237,3226],""all_points_y"":[1281,1227]}","{}"
44.bmp,70778934,"{}",2070,1260,"{""name"":""polygon"",""all_points_x"":[2410,2368,2334,2343,2384,2420],""all_points_y"":[1660,1565,1477,1476,1584,1654]}","{}"
44.bmp,70778934,"{}",2070,1261,"{""name"":""polygon"",""all_points_x"":[2403,2448,2451,2407],""all_points_y"":[1681,1614,1617,1684]}","{}"
44.bmp,70778934,"{}",2070,1262,"{""name"":""polygon"",""all_points_x"":[2506,2558,2562,2509],""all_points_y"":[1504,1413,1416,1508]}","{}"
44.bmp,70778934,"{}",2070,1263,"{""name"":""polygon"",""all_points_x"":[2465,2484,2494,2511,2515,2492,2484,2469],""all_points_y"":[1592,1551,1534,1507,1510,1543,1563,1592]}","{}"
44.bmp,70778934,"{}",2070,1264,"{""name"":""polygon"",""all_points_x"":[2912,2992,3042,3102,3118,3118,3062,2985,2912],""all_points_y"":[1526,1515,1510,1505,1505,1509,1512,1519,1531]}","{}"
44.bmp,70778934,"{}",2070,1265,"{""name"":""polygon"",""all_points_x"":[2799,2765,2731,2738,2764,2807],""all_points_y"":[1795,1728,1635,1633,1700,1792]}","{}"
44.bmp,70778934,"{}",2070,1266,"{""name"":""polygon"",""all_points_x"":[2676,2817,2823,2680],""all_points_y"":[1438,1541,1529,1431]}","{}"
44.bmp,70778934,"{}",2070,1267,"{""name"":""polygon"",""all_points_x"":[2938,3004,3057,3081,3083,3050,3004,2941],""all_points_y"":[1605,1554,1513,1491,1494,1524,1558,1609]}","{}"
44.bmp,70778934,"{}",2070,1268,"{""name"":""polygon"",""all_points_x"":[2912,2979,2978,2912],""all_points_y"":[1565,1583,1576,1560]}","{}"
44.bmp,70778934,"{}",2070,1269,"{""name"":""polygon"",""all_points_x"":[2769,2850,2852,2771],""all_points_y"":[1795,1746,1752,1797]}","{}"
44.bmp,70778934,"{}",2070,1270,"{""name"":""polyline"",""all_points_x"":[2640,2625,2618],""all_points_y"":[1562,1478,1406]}","{}"
44.bmp,70778934,"{}",2070,1271,"{""name"":""polyline"",""all_points_x"":[2869,2823],""all_points_y"":[1442,1386]}","{}"
44.bmp,70778934,"{}",2070,1272,"{""name"":""polygon"",""all_points_x"":[3089,3151,3153,3090],""all_points_y"":[1479,1429,1432,1484]}","{}"
44.bmp,70778934,"{}",2070,1273,"{""name"":""polygon"",""all_points_x"":[3084,3118,3121,3087],""all_points_y"":[1708,1574,1576,1714]}","{}"
44.bmp,70778934,"{}",2070,1274,"{""name"":""polygon"",""all_points_x"":[3153,3246,3330,3327,3260,3151],""all_points_y"":[1721,1652,1571,1567,1632,1717]}","{}"
44.bmp,70778934,"{}",2070,1275,"{""name"":""polyline"",""all_points_x"":[3200,3215],""all_points_y"":[1852,1774]}","{}"
44.bmp,70778934,"{}",2070,1276,"{""name"":""polygon"",""all_points_x"":[3210,3263,3265,3212],""all_points_y"":[1738,1771,1765,1736]}","{}"
44.bmp,70778934,"{}",2070,1277,"{""name"":""polyline"",""all_points_x"":[3254,3253],""all_points_y"":[1882,1821]}","{}"
44.bmp,70778934,"{}",2070,1278,"{""name"":""polyline"",""all_points_x"":[2484,2522],""all_points_y"":[1717,1663]}","{}"
44.bmp,70778934,"{}",2070,1279,"{""name"":""polyline"",""all_points_x"":[2367,2414],""all_points_y"":[1638,1610]}","{}"
44.bmp,70778934,"{}",2070,1280,"{""name"":""polygon"",""all_points_x"":[2600,2594,2589,2593,2600,2608],""all_points_y"":[1971,1842,1726,1726,1862,1973]}","{}"
44.bmp,70778934,"{}",2070,1281,"{""name"":""polyline"",""all_points_x"":[2340,2397],""all_points_y"":[1728,1711]}","{}"
44.bmp,70778934,"{}",2070,1282,"{""name"":""polyline"",""all_points_x"":[2508,2526,2546],""all_points_y"":[1901,1827,1778]}","{}"
44.bmp,70778934,"{}",2070,1283,"{""name"":""polyline"",""all_points_x"":[2525,2540,2552],""all_points_y"":[1866,1808,1778]}","{}"
44.bmp,70778934,"{}",2070,1284,"{""name"":""polyline"",""all_points_x"":[2700,2660,2628,2632,2673,2705],""all_points_y"":[1784,1755,1733,1728,1757,1782]}","{}"
44.bmp,70778934,"{}",2070,1285,"{""name"":""polygon"",""all_points_x"":[2692,2737,2771,2770,2736,2695],""all_points_y"":[1704,1729,1735,1726,1722,1696]}","{}"
44.bmp,70778934,"{}",2070,1286,"{""name"":""polygon"",""all_points_x"":[2709,2702,2698,2705],""all_points_y"":[1698,1633,1633,1701]}","{}"
44.bmp,70778934,"{}",2070,1287,"{""name"":""polyline"",""all_points_x"":[2577,2615],""all_points_y"":[1576,1496]}","{}"
44.bmp,70778934,"{}",2070,1288,"{""name"":""polyline"",""all_points_x"":[2427,2433,2441],""all_points_y"":[1481,1443,1412]}","{}"
44.bmp,70778934,"{}",2070,1289,"{""name"":""polyline"",""all_points_x"":[2771,2767,2767],""all_points_y"":[1464,1423,1378]}","{}"
44.bmp,70778934,"{}",2070,1290,"{""name"":""polyline"",""all_points_x"":[3076,3114],""all_points_y"":[1407,1347]}","{}"
44.bmp,70778934,"{}",2070,1291,"{""name"":""polyline"",""all_points_x"":[3083,3120],""all_points_y"":[1468,1407]}","{}"
44.bmp,70778934,"{}",2070,1292,"{""name"":""polygon"",""all_points_x"":[3339,3323,3312,3299,3290,3282,3287,3294,3303,3318,3327,3344],""all_points_y"":[1534,1500,1467,1438,1410,1351,1351,1412,1433,1473,1496,1532]}","{}"
44.bmp,70778934,"{}",2070,1293,"{""name"":""polyline"",""all_points_x"":[3298,3274,3246],""all_points_y"":[1479,1536,1588]}","{}"
44.bmp,70778934,"{}",2070,1294,"{""name"":""polyline"",""all_points_x"":[3112,3175],""all_points_y"":[1683,1614]}","{}"
44.bmp,70778934,"{}",2070,1295,"{""name"":""polyline"",""all_points_x"":[3160,3209],""all_points_y"":[1643,1636]}","{}"
44.bmp,70778934,"{}",2070,1296,"{""name"":""polyline"",""all_points_x"":[3054,3009],""all_points_y"":[1651,1583]}","{}"
44.bmp,70778934,"{}",2070,1297,"{""name"":""polygon"",""all_points_x"":[2992,2954,2908,2914,2953,2997],""all_points_y"":[1900,1820,1729,1727,1799,1895]}","{}"
44.bmp,70778934,"{}",2070,1298,"{""name"":""polyline"",""all_points_x"":[2779,2805],""all_points_y"":[1861,1811]}","{}"
44.bmp,70778934,"{}",2070,1299,"{""name"":""polygon"",""all_points_x"":[2791,2762,2736,2740,2762,2792],""all_points_y"":[1854,1844,1830,1826,1839,1850]}","{}"
44.bmp,70778934,"{}",2070,1300,"{""name"":""polyline"",""all_points_x"":[2588,2581],""all_points_y"":[1617,1682]}","{}"
44.bmp,70778934,"{}",2070,1301,"{""name"":""polyline"",""all_points_x"":[2666,2668],""all_points_y"":[1436,1376]}","{}"
44.bmp,70778934,"{}",2070,1302,"{""name"":""polyline"",""all_points_x"":[2208,2244,2277],""all_points_y"":[1716,1705,1696]}","{}"
44.bmp,70778934,"{}",2070,1303,"{""name"":""polyline"",""all_points_x"":[2139,2168],""all_points_y"":[1609,1561]}","{}"
44.bmp,70778934,"{}",2070,1304,"{""name"":""polyline"",""all_points_x"":[2969,3033],""all_points_y"":[1422,1427]}","{}"
44.bmp,70778934,"{}",2070,1305,"{""name"":""polyline"",""all_points_x"":[2964,3040],""all_points_y"":[1464,1479]}","{}"
44.bmp,70778934,"{}",2070,1306,"{""name"":""polyline"",""all_points_x"":[2401,2442],""all_points_y"":[1446,1403]}","{}"
44.bmp,70778934,"{}",2070,1307,"{""name"":""polyline"",""all_points_x"":[2620,2577],""all_points_y"":[1555,1491]}","{}"
44.bmp,70778934,"{}",2070,1308,"{""name"":""polyline"",""all_points_x"":[2874,2933],""all_points_y"":[1714,1690]}","{}"
44.bmp,70778934,"{}",2070,1309,"{""name"":""polyline"",""all_points_x"":[2655,2649,2655,2670],""all_points_y"":[1637,1681,1698,1728]}","{}"
44.bmp,70778934,"{}",2070,1310,"{""name"":""polygon"",""all_points_x"":[2217,2307,2407,2406,2315,2215],""all_points_y"":[2175,2162,2143,2136,2157,2171]}","{}"
44.bmp,70778934,"{}",2070,1311,"{""name"":""polygon"",""all_points_x"":[2235,2267,2282,2294,2298,2285,2269,2243],""all_points_y"":[2214,2175,2149,2118,2120,2151,2180,2216]}","{}"
44.bmp,70778934,"{}",2070,1312,"{""name"":""polygon"",""all_points_x"":[2617,2637,2655,2680,2696,2698,2681,2655,2623],""all_points_y"":[2109,2054,2010,1959,1924,1926,1966,2024,2111]}","{}"
44.bmp,70778934,"{}",2070,1313,"{""name"":""polygon"",""all_points_x"":[2671,2701,2712,2714,2690,2673],""all_points_y"":[2030,1976,1954,1957,2003,2034]}","{}"
44.bmp,70778934,"{}",2070,1314,"{""name"":""polygon"",""all_points_x"":[2822,2888,2917,2919,2871,2826],""all_points_y"":[2163,2107,2076,2079,2127,2168]}","{}"
44.bmp,70778934,"{}",2070,1315,"{""name"":""polygon"",""all_points_x"":[2907,2865,2824,2833,2876,2922],""all_points_y"":[1938,1880,1816,1809,1883,1937]}","{}"
44.bmp,70778934,"{}",2070,1316,"{""name"":""polygon"",""all_points_x"":[2667,2736,2738,2672],""all_points_y"":[2173,2097,2101,2175]}","{}"
44.bmp,70778934,"{}",2070,1317,"{""name"":""polygon"",""all_points_x"":[2303,2330,2384,2384,2332,2307],""all_points_y"":[2090,2057,2033,2036,2061,2091]}","{}"
44.bmp,70778934,"{}",2070,1318,"{""name"":""polygon"",""all_points_x"":[2265,2308,2338,2341,2304,2267],""all_points_y"":[2109,2061,2028,2031,2071,2110]}","{}"
44.bmp,70778934,"{}",2070,1319,"{""name"":""polygon"",""all_points_x"":[3220,3220,3220,3225,3226,3226],""all_points_y"":[2356,2309,2263,2263,2310,2356]}","{}"
44.bmp,70778934,"{}",2070,1320,"{""name"":""polygon"",""all_points_x"":[2407,2474,2477,2410],""all_points_y"":[2038,1985,1987,2042]}","{}"
44.bmp,70778934,"{}",2070,1321,"{""name"":""polygon"",""all_points_x"":[2562,2517,2521,2569],""all_points_y"":[2261,2155,2155,2260]}","{}"
44.bmp,70778934,"{}",2070,1322,"{""name"":""polygon"",""all_points_x"":[2132,2209,2206,2132],""all_points_y"":[2211,2225,2230,2215]}","{}"
44.bmp,70778934,"{}",2070,1323,"{""name"":""polygon"",""all_points_x"":[2478,2482,2484,2487,2484,2482],""all_points_y"":[2069,2002,1945,1945,2021,2072]}","{}"
44.bmp,70778934,"{}",2070,1324,"{""name"":""polygon"",""all_points_x"":[2531,2499,2474,2477,2534],""all_points_y"":[1934,1994,2037,2040,1938]}","{}"
44.bmp,70778934,"{}",2070,1325,"{""name"":""polyline"",""all_points_x"":[2425,2418,2416],""all_points_y"":[2347,2274,2206]}","{}"
44.bmp,70778934,"{}",2070,1326,"{""name"":""polyline"",""all_points_x"":[2315,2377],""all_points_y"":[2277,2211]}","{}"
44.bmp,70778934,"{}",2070,1327,"{""name"":""polyline"",""all_points_x"":[2354,2351],""all_points_y"":[2230,2144]}","{}"
44.bmp,70778934,"{}",2070,1328,"{""name"":""polyline"",""all_points_x"":[2287,2332,2389],""all_points_y"":[2158,2147,2132]}","{}"
44.bmp,70778934,"{}",2070,1329,"{""name"":""polyline"",""all_points_x"":[2657,2724],""all_points_y"":[2085,2027]}","{}"
44.bmp,70778934,"{}",2070,1330,"{""name"":""polyline"",""all_points_x"":[2676,2704,2720,2750],""all_points_y"":[2055,1986,1957,1914]}","{}"
44.bmp,70778934,"{}",2070,1331,"{""name"":""polyline"",""all_points_x"":[2847,2831,2822,2818,2819],""all_points_y"":[2028,1988,1961,1931,1911]}","{}"
44.bmp,70778934,"{}",2070,1332,"{""name"":""polyline"",""all_points_x"":[2457,2447],""all_points_y"":[1790,1725]}","{}"
44.bmp,70778934,"{}",2070,1333,"{""name"":""polyline"",""all_points_x"":[2322,2342],""all_points_y"":[2233,2150]}","{}"
44.bmp,70778934,"{}",2070,1334,"{""name"":""polyline"",""all_points_x"":[2334,2327],""all_points_y"":[2362,2267]}","{}"
44.bmp,70778934,"{}",2070,1335,"{""name"":""polygon"",""all_points_x"":[2824,2839,2852,2855,2843,2830],""all_points_y"":[2320,2245,2158,2160,2244,2323]}","{}"
44.bmp,70778934,"{}",2070,1336,"{""name"":""polygon"",""all_points_x"":[2599,2691,2694,2603],""all_points_y"":[2294,2237,2241,2301]}","{}"
44.bmp,70778934,"{}",2070,1337,"{""name"":""polyline"",""all_points_x"":[2733,2714],""all_points_y"":[2307,2225]}","{}"
44.bmp,70778934,"{}",2070,1338,"{""name"":""polyline"",""all_points_x"":[3109,3113],""all_points_y"":[2218,2160]}","{}"
44.bmp,70778934,"{}",2070,1339,"{""name"":""polyline"",""all_points_x"":[3103,3116,3123],""all_points_y"":[2284,2230,2174]}","{}"
44.bmp,70778934,"{}",2070,1340,"{""name"":""polyline"",""all_points_x"":[3164,3206],""all_points_y"":[1985,1956]}","{}"
44.bmp,70778934,"{}",2070,1341,"{""name"":""polyline"",""all_points_x"":[3249,3229,3219],""all_points_y"":[1955,1878,1810]}","{}"
44.bmp,70778934,"{}",2070,1342,"{""name"":""polyline"",""all_points_x"":[2579,2575,2576],""all_points_y"":[1988,1919,1868]}","{}"
44.bmp,70778934,"{}",2070,1343,"{""name"":""polyline"",""all_points_x"":[2423,2372],""all_points_y"":[1953,2001]}","{}"
44.bmp,70778934,"{}",2070,1344,"{""name"":""polyline"",""all_points_x"":[2442,2441],""all_points_y"":[1962,1906]}","{}"
44.bmp,70778934,"{}",2070,1345,"{""name"":""polyline"",""all_points_x"":[2321,2366],""all_points_y"":[1759,1750]}","{}"
44.bmp,70778934,"{}",2070,1346,"{""name"":""polyline"",""all_points_x"":[2213,2276],""all_points_y"":[1883,1910]}","{}"
44.bmp,70778934,"{}",2070,1347,"{""name"":""polyline"",""all_points_x"":[3221,3218],""all_points_y"":[1933,1873]}","{}"
44.bmp,70778934,"{}",2070,1348,"{""name"":""polyline"",""all_points_x"":[2574,2556],""all_points_y"":[1998,1938]}","{}"
44.bmp,70778934,"{}",2070,1349,"{""name"":""polyline"",""all_points_x"":[3294,3258],""all_points_y"":[2135,2061]}","{}"
44.bmp,70778934,"{}",2070,1350,"{""name"":""polyline"",""all_points_x"":[3177,3131],""all_points_y"":[2161,2121]}","{}"
44.bmp,70778934,"{}",2070,1351,"{""name"":""polyline"",""all_points_x"":[2691,2736,2770],""all_points_y"":[2079,2058,2044]}","{}"
44.bmp,70778934,"{}",2070,1352,"{""name"":""polyline"",""all_points_x"":[2722,2779,2826],""all_points_y"":[2143,2110,2082]}","{}"
44.bmp,70778934,"{}",2070,1353,"{""name"":""polyline"",""all_points_x"":[2542,2536],""all_points_y"":[2072,2027]}","{}"
44.bmp,70778934,"{}",2070,1354,"{""name"":""polyline"",""all_points_x"":[2353,2394],""all_points_y"":[2114,2066]}","{}"
44.bmp,70778934,"{}",2070,1355,"{""name"":""polyline"",""all_points_x"":[3143,3199],""all_points_y"":[2041,2013]}","{}"
44.bmp,70778934,"{}",2070,1356,"{""name"":""polyline"",""all_points_x"":[3064,3111],""all_points_y"":[2096,2073]}","{}"
44.bmp,70778934,"{}",2070,1357,"{""name"":""polygon"",""all_points_x"":[2671,2717,2782,2799,2802,2781,2741,2710,2679],""all_points_y"":[2584,2501,2406,2389,2391,2415,2477,2524,2584]}","{}"
44.bmp,70778934,"{}",2070,1358,"{""name"":""polygon"",""all_points_x"":[2978,3021,3052,3054,3018,2982],""all_points_y"":[2427,2344,2279,2280,2355,2429]}","{}"
44.bmp,70778934,"{}",2070,1359,"{""name"":""polygon"",""all_points_x"":[2900,2940,2970,2987,2991,2965,2931,2905],""all_points_y"":[2556,2460,2389,2351,2353,2414,2491,2555]}","{}"
44.bmp,70778934,"{}",2070,1360,"{""name"":""polygon"",""all_points_x"":[2973,3019,3068,3105,3107,3065,3010,2977],""all_points_y"":[2617,2553,2490,2436,2437,2500,2570,2620]}","{}"
44.bmp,70778934,"{}",2070,1361,"{""name"":""polygon"",""all_points_x"":[3154,3168,3173,3175,3178,3176,3168,3160],""all_points_y"":[2584,2502,2459,2419,2419,2465,2536,2595]}","{}"
44.bmp,70778934,"{}",2070,1362,"{""name"":""polygon"",""all_points_x"":[3287,3275,3254,3256,3284,3289],""all_points_y"":[2662,2640,2583,2582,2652,2660]}","{}"
44.bmp,70778934,"{}",2070,1363,"{""name"":""polygon"",""all_points_x"":[3104,3139,3142,3107],""all_points_y"":[2605,2501,2503,2606]}","{}"
44.bmp,70778934,"{}",2070,1364,"{""name"":""polygon"",""all_points_x"":[2913,2958,2992,3017,3021,2997,2970,2919],""all_points_y"":[2382,2287,2209,2144,2146,2207,2270,2388]}","{}"
44.bmp,70778934,"{}",2070,1365,"{""name"":""polygon"",""all_points_x"":[2277,2328,2339,2382,2384,2332,2283],""all_points_y"":[2640,2510,2489,2429,2431,2511,2641]}","{}"
44.bmp,70778934,"{}",2070,1366,"{""name"":""polygon"",""all_points_x"":[2368,2400,2420,2440,2442,2419,2404,2371],""all_points_y"":[2578,2521,2501,2470,2471,2510,2529,2580]}","{}"
44.bmp,70778934,"{}",2070,1367,"{""name"":""polygon"",""all_points_x"":[2387,2451,2491,2496,2446,2402],""all_points_y"":[2762,2568,2446,2448,2612,2760]}","{}"
44.bmp,70778934,"{}",2070,1368,"{""name"":""polygon"",""all_points_x"":[2815,2841,2859,2863,2840,2819],""all_points_y"":[2445,2311,2220,2220,2330,2447]}","{}"
44.bmp,70778934,"{}",2070,1369,"{""name"":""polygon"",""all_points_x"":[2553,2558,2570,2572,2562,2558],""all_points_y"":[2427,2357,2325,2326,2360,2427]}","{}"
44.bmp,70778934,"{}",2070,1370,"{""name"":""polygon"",""all_points_x"":[2717,2742,2748,2722],""all_points_y"":[2546,2484,2486,2553]}","{}"
44.bmp,70778934,"{}",2070,1371,"{""name"":""polygon"",""all_points_x"":[3052,3066,3070,3056],""all_points_y"":[2470,2398,2400,2474]}","{}"
44.bmp,70778934,"{}",2070,1372,"{""name"":""polyline"",""all_points_x"":[2334,2257],""all_points_y"":[2418,2315]}","{}"
44.bmp,70778934,"{}",2070,1373,"{""name"":""polyline"",""all_points_x"":[2244,2319],""all_points_y"":[2695,2523]}","{}"
44.bmp,70778934,"{}",2070,1374,"{""name"":""polyline"",""all_points_x"":[2528,2546,2557],""all_points_y"":[2653,2589,2550]}","{}"
44.bmp,70778934,"{}",2070,1375,"{""name"":""polyline"",""all_points_x"":[2662,2728],""all_points_y"":[2415,2325]}","{}"
44.bmp,70778934,"{}",2070,1376,"{""name"":""polyline"",""all_points_x"":[2665,2745],""all_points_y"":[2414,2389]}","{}"
44.bmp,70778934,"{}",2070,1377,"{""name"":""polyline"",""all_points_x"":[2911,2900,2894],""all_points_y"":[2405,2332,2272]}","{}"
44.bmp,70778934,"{}",2070,1378,"{""name"":""polyline"",""all_points_x"":[2954,2985],""all_points_y"":[2397,2311]}","{}"
44.bmp,70778934,"{}",2070,1379,"{""name"":""polyline"",""all_points_x"":[3147,3193],""all_points_y"":[2379,2237]}","{}"
44.bmp,70778934,"{}",2070,1380,"{""name"":""polyline"",""all_points_x"":[3171,3216],""all_points_y"":[2226,2249]}","{}"
44.bmp,70778934,"{}",2070,1381,"{""name"":""polyline"",""all_points_x"":[3142,3157,3176],""all_points_y"":[2462,2406,2334]}","{}"
44.bmp,70778934,"{}",2070,1382,"{""name"":""polyline"",""all_points_x"":[3186,3223],""all_points_y"":[2310,2254]}","{}"
44.bmp,70778934,"{}",2070,1383,"{""name"":""polyline"",""all_points_x"":[3040,3051],""all_points_y"":[2445,2375]}","{}"
44.bmp,70778934,"{}",2070,1384,"{""name"":""polyline"",""all_points_x"":[3241,3301],""all_points_y"":[2427,2292]}","{}"
44.bmp,70778934,"{}",2070,1385,"{""name"":""polyline"",""all_points_x"":[3310,3289],""all_points_y"":[2631,2530]}","{}"
44.bmp,70778934,"{}",2070,1386,"{""name"":""polyline"",""all_points_x"":[2811,2874,2898],""all_points_y"":[2262,2155,2120]}","{}"
44.bmp,70778934,"{}",2070,1387,"{""name"":""polyline"",""all_points_x"":[2928,2950],""all_points_y"":[2429,2368]}","{}"
44.bmp,70778934,"{}",2070,1388,"{""name"":""polyline"",""all_points_x"":[3123,3126],""all_points_y"":[2421,2370]}","{}"
44.bmp,70778934,"{}",2070,1389,"{""name"":""polygon"",""all_points_x"":[2189,2246,2313,2322,2273,2237,2207],""all_points_y"":[2998,2895,2765,2768,2877,2944,2999]}","{}"
44.bmp,70778934,"{}",2070,1390,"{""name"":""polygon"",""all_points_x"":[2323,2358,2393,2411,2415,2386,2360,2327],""all_points_y"":[2930,2873,2798,2762,2764,2823,2877,2931]}","{}"
44.bmp,70778934,"{}",2070,1391,"{""name"":""polygon"",""all_points_x"":[2299,2341,2375,2380,2349,2303],""all_points_y"":[2996,2928,2874,2878,2925,2999]}","{}"
44.bmp,70778934,"{}",2070,1392,"{""name"":""polygon"",""all_points_x"":[2804,2880,2883,2806],""all_points_y"":[2736,2635,2636,2738]}","{}"
44.bmp,70778934,"{}",2070,1393,"{""name"":""polygon"",""all_points_x"":[2846,2908,2912,2850],""all_points_y"":[2783,2706,2709,2786]}","{}"
44.bmp,70778934,"{}",2070,1394,"{""name"":""polygon"",""all_points_x"":[2984,3035,3077,3079,3030,2995],""all_points_y"":[2768,2745,2724,2726,2753,2770]}","{}"
44.bmp,70778934,"{}",2070,1395,"{""name"":""polygon"",""all_points_x"":[2959,2976,3001,3014,3016,2998,2981,2964],""all_points_y"":[2920,2835,2752,2707,2708,2774,2841,2926]}","{}"
44.bmp,70778934,"{}",2070,1396,"{""name"":""polygon"",""all_points_x"":[3138,3125,3113,3097,3102,3114,3141],""all_points_y"":[2900,2861,2817,2738,2738,2802,2900]}","{}"
44.bmp,70778934,"{}",2070,1397,"{""name"":""polygon"",""all_points_x"":[3135,3177,3180,3140],""all_points_y"":[2980,2876,2876,2985]}","{}"
44.bmp,70778934,"{}",2070,1398,"{""name"":""polygon"",""all_points_x"":[3098,3078,3083,3102],""all_points_y"":[2855,2764,2763,2855]}","{}"
44.bmp,70778934,"{}",2070,1399,"{""name"":""polygon"",""all_points_x"":[2988,3068,3069,2990],""all_points_y"":[2732,2682,2686,2735]}","{}"
44.bmp,70778934,"{}",2070,1400,"{""name"":""polygon"",""all_points_x"":[3212,3296,3298,3218],""all_points_y"":[2899,2788,2791,2904]}","{}"
44.bmp,70778934,"{}",2070,1401,"{""name"":""polygon"",""all_points_x"":[3230,3293,3294,3232],""all_points_y"":[2855,2771,2774,2859]}","{}"
44.bmp,70778934,"{}",2070,1402,"{""name"":""polygon"",""all_points_x"":[2695,2657,2662,2703],""all_points_y"":[2964,2859,2858,2963]}","{}"
44.bmp,70778934,"{}",2070,1403,"{""name"":""polygon"",""all_points_x"":[2657,2731,2735,2663],""all_points_y"":[2748,2589,2590,2753]}","{}"
44.bmp,70778934,"{}",2070,1404,"{""name"":""polygon"",""all_points_x"":[2725,2748,2766,2768,2745,2730],""all_points_y"":[2733,2662,2588,2589,2688,2737]}","{}"
44.bmp,70778934,"{}",2070,1405,"{""name"":""polygon"",""all_points_x"":[3252,3334,3335,3256],""all_points_y"":[2735,2577,2579,2740]}","{}"
44.bmp,70778934,"{}",2070,1406,"{""name"":""polygon"",""all_points_x"":[3273,3211,3216,3277],""all_points_y"":[2733,2691,2684,2728]}","{}"
44.bmp,70778934,"{}",2070,1407,"{""name"":""polygon"",""all_points_x"":[2917,2917,2919,2923,2924,2928],""all_points_y"":[3070,3021,2909,2909,3043,3072]}","{}"
44.bmp,70778934,"{}",2070,1408,"{""name"":""polygon"",""all_points_x"":[2779,2777,2776,2779,2783,2785],""all_points_y"":[2898,2806,2698,2699,2818,2898]}","{}"
44.bmp,70778934,"{}",2070,1409,"{""name"":""polygon"",""all_points_x"":[2763,2742,2734,2729,2734,2743,2750,2771],""all_points_y"":[2900,2841,2799,2764,2764,2823,2847,2902]}","{}"
44.bmp,70778934,"{}",2070,1410,"{""name"":""polygon"",""all_points_x"":[2510,2563,2654,2657,2612,2563,2517],""all_points_y"":[2769,2722,2625,2628,2680,2732,2776]}","{}"
44.bmp,70778934,"{}",2070,1411,"{""name"":""polyline"",""all_points_x"":[2296,2329,2357],""all_points_y"":[2729,2660,2585]}","{}"
44.bmp,70778934,"{}",2070,1412,"{""name"":""polyline"",""all_points_x"":[2499,2503],""all_points_y"":[2965,2883]}","{}"
44.bmp,70778934,"{}",2070,1413,"{""name"":""polyline"",""all_points_x"":[2594,2576,2566],""all_points_y"":[2901,2836,2785]}","{}"
44.bmp,70778934,"{}",2070,1414,"{""name"":""polyline"",""all_points_x"":[2897,2952,3012],""all_points_y"":[2738,2679,2610]}","{}"
44.bmp,70778934,"{}",2070,1415,"{""name"":""polyline"",""all_points_x"":[2934,2993,3019],""all_points_y"":[2704,2642,2615]}","{}"
44.bmp,70778934,"{}",2070,1416,"{""name"":""polyline"",""all_points_x"":[2750,2833],""all_points_y"":[2994,2928]}","{}"
44.bmp,70778934,"{}",2070,1417,"{""name"":""polyline"",""all_points_x"":[2760,2818],""all_points_y"":[3002,2910]}","{}"
44.bmp,70778934,"{}",2070,1418,"{""name"":""polyline"",""all_points_x"":[2727,2729,2724],""all_points_y"":[2930,2864,2767]}","{}"
44.bmp,70778934,"{}",2070,1419,"{""name"":""polyline"",""all_points_x"":[2630,2689],""all_points_y"":[2703,2643]}","{}"
44.bmp,70778934,"{}",2070,1420,"{""name"":""polyline"",""all_points_x"":[2485,2460],""all_points_y"":[2824,2775]}","{}"
44.bmp,70778934,"{}",2070,1421,"{""name"":""polyline"",""all_points_x"":[2541,2572],""all_points_y"":[2481,2541]}","{}"
44.bmp,70778934,"{}",2070,1422,"{""name"":""polyline"",""all_points_x"":[3014,3020,3021],""all_points_y"":[2555,2504,2465]}","{}"
44.bmp,70778934,"{}",2070,1423,"{""name"":""polyline"",""all_points_x"":[3021,3106],""all_points_y"":[2565,2477]}","{}"
44.bmp,70778934,"{}",2070,1424,"{""name"":""polyline"",""all_points_x"":[3059,3112],""all_points_y"":[2665,2605]}","{}"
44.bmp,70778934,"{}",2070,1425,"{""name"":""polyline"",""all_points_x"":[2859,2931],""all_points_y"":[2726,2667]}","{}"
44.bmp,70778934,"{}",2070,1426,"{""name"":""polyline"",""all_points_x"":[2817,2835],""all_points_y"":[2711,2617]}","{}"
44.bmp,70778934,"{}",2070,1427,"{""name"":""polyline"",""all_points_x"":[2796,2821],""all_points_y"":[2679,2612]}","{}"
44.bmp,70778934,"{}",2070,1428,"{""name"":""polyline"",""all_points_x"":[2936,2954],""all_points_y"":[2858,2783]}","{}"
44.bmp,70778934,"{}",2070,1429,"{""name"":""polyline"",""all_points_x"":[2284,2331],""all_points_y"":[2985,2908]}","{}"
44.bmp,70778934,"{}",2070,1430,"{""name"":""polyline"",""all_points_x"":[2331,2353],""all_points_y"":[3049,2992]}","{}"
44.bmp,70778934,"{}",2070,1431,"{""name"":""polyline"",""all_points_x"":[2960,2994],""all_points_y"":[2750,2684]}","{}"
44.bmp,70778934,"{}",2070,1432,"{""name"":""polyline"",""all_points_x"":[2841,2828],""all_points_y"":[2778,2727]}","{}"
44.bmp,70778934,"{}",2070,1433,"{""name"":""polygon"",""all_points_x"":[2755,2760,2762,2766,2762,2761],""all_points_y"":[2851,2769,2698,2699,2780,2859]}","{}"
44.bmp,70778934,"{}",2070,1434,"{""name"":""polyline"",""all_points_x"":[2546,2558],""all_points_y"":[2646,2748]}","{}"
44.bmp,70778934,"{}",2070,1435,"{""name"":""polyline"",""all_points_x"":[2715,2691],""all_points_y"":[2749,2805]}","{}"
44.bmp,70778934,"{}",2070,1436,"{""name"":""polyline"",""all_points_x"":[2451,2401,2364],""all_points_y"":[2777,2764,2759]}","{}"
44.bmp,70778934,"{}",2070,1437,"{""name"":""polyline"",""all_points_x"":[3175,3190],""all_points_y"":[2824,2743]}","{}"
44.bmp,70778934,"{}",2070,1438,"{""name"":""polygon"",""all_points_x"":[2286,2349,2388,2392,2344,2294],""all_points_y"":[3198,3114,3046,3049,3135,3203]}","{}"
44.bmp,70778934,"{}",2070,1439,"{""name"":""polygon"",""all_points_x"":[2388,2349,2318,2288,2254,2256,2301,2334,2369,2392],""all_points_y"":[3249,3173,3117,3069,3009,3009,3083,3139,3199,3248]}","{}"
44.bmp,70778934,"{}",2070,1440,"{""name"":""polygon"",""all_points_x"":[2434,2471,2502,2527,2529,2501,2473,2439],""all_points_y"":[3300,3234,3168,3114,3114,3177,3242,3300]}","{}"
44.bmp,70778934,"{}",2070,1441,"{""name"":""polygon"",""all_points_x"":[2624,2608,2613,2629],""all_points_y"":[3047,2951,2950,3046]}","{}"
44.bmp,70778934,"{}",2070,1442,"{""name"":""polygon"",""all_points_x"":[2755,2762,2777,2782,2770,2767],""all_points_y"":[3275,3195,3121,3123,3194,3279]}","{}"
44.bmp,70778934,"{}",2070,1443,"{""name"":""polygon"",""all_points_x"":[3099,3089,3073,3077,3095,3109],""all_points_y"":[3388,3321,3207,3207,3323,3391]}","{}"
44.bmp,70778934,"{}",2070,1444,"{""name"":""polygon"",""all_points_x"":[3183,3195,3201,3213,3216,3209,3204,3192],""all_points_y"":[3222,3170,3111,3047,3046,3112,3165,3226]}","{}"
44.bmp,70778934,"{}",2070,1445,"{""name"":""polygon"",""all_points_x"":[3212,3235,3224,3201],""all_points_y"":[3180,3066,3064,3177]}","{}"
44.bmp,70778934,"{}",2070,1446,"{""name"":""polygon"",""all_points_x"":[3284,3285,3289,3286,3288,3281,3285,3292,3292,3293,3294,3289],""all_points_y"":[3378,3334,3261,3193,3138,3117,3113,3141,3203,3256,3307,3375]}","{}"
44.bmp,70778934,"{}",2070,1447,"{""name"":""polygon"",""all_points_x"":[3171,3117,3121,3175],""all_points_y"":[3247,3180,3177,3244]}","{}"
44.bmp,70778934,"{}",2070,1448,"{""name"":""polygon"",""all_points_x"":[3289,3313,3339,3339,3318,3291],""all_points_y"":[2984,2967,2959,2962,2970,2986]}","{}"
44.bmp,70778934,"{}",2070,1449,"{""name"":""polygon"",""all_points_x"":[3053,3057,3059,3058],""all_points_y"":[3057,2952,2952,3056]}","{}"
44.bmp,70778934,"{}",2070,1450,"{""name"":""polygon"",""all_points_x"":[2854,2840,2827,2831,2843,2858],""all_points_y"":[3076,2964,2835,2834,2951,3075]}","{}"
44.bmp,70778934,"{}",2070,1451,"{""name"":""polygon"",""all_points_x"":[2649,2656,2664,2671,2672,2665,2657,2656],""all_points_y"":[3242,3116,3033,2960,2959,3067,3196,3246]}","{}"
44.bmp,70778934,"{}",2070,1452,"{""name"":""polygon"",""all_points_x"":[2154,2143,2146,2158],""all_points_y"":[3138,3045,3045,3139]}","{}"
44.bmp,70778934,"{}",2070,1453,"{""name"":""polygon"",""all_points_x"":[2901,2887,2884,2889,2896,2909],""all_points_y"":[3074,3007,2988,2988,3023,3074]}","{}"
44.bmp,70778934,"{}",2070,1454,"{""name"":""polygon"",""all_points_x"":[3048,3023,3028,3052],""all_points_y"":[3211,3174,3171,3210]}","{}"
44.bmp,70778934,"{}",2070,1455,"{""name"":""polygon"",""all_points_x"":[2981,2964,2955,2962,2971,2988],""all_points_y"":[3375,3323,3286,3287,3325,3373]}","{}"
44.bmp,70778934,"{}",2070,1456,"{""name"":""polygon"",""all_points_x"":[2537,2520,2505,2510,2526,2543],""all_points_y"":[3280,3247,3214,3213,3249,3278]}","{}"
44.bmp,70778934,"{}",2070,1457,"{""name"":""polyline"",""all_points_x"":[2353,2407],""all_points_y"":[3025,2914]}","{}"
44.bmp,70778934,"{}",2070,1458,"{""name"":""polyline"",""all_points_x"":[2439,2373],""all_points_y"":[3280,3220]}","{}"
44.bmp,70778934,"{}",2070,1459,"{""name"":""polyline"",""all_points_x"":[2574,2568],""all_points_y"":[3154,3085]}","{}"
44.bmp,70778934,"{}",2070,1460,"{""name"":""polyline"",""all_points_x"":[2731,2695],""all_points_y"":[3011,2898]}","{}"
44.bmp,70778934,"{}",2070,1461,"{""name"":""polyline"",""all_points_x"":[2791,2817],""all_points_y"":[2988,2939]}","{}"
44.bmp,70778934,"{}",2070,1462,"{""name"":""polyline"",""all_points_x"":[2852,2888,2903],""all_points_y"":[2876,2817,2781]}","{}"
44.bmp,70778934,"{}",2070,1463,"{""name"":""polyline"",""all_points_x"":[2855,2905],""all_points_y"":[2885,2807]}","{}"
44.bmp,70778934,"{}",2070,1464,"{""name"":""polyline"",""all_points_x"":[3052,3047,3044],""all_points_y"":[3020,2988,2952]}","{}"
44.bmp,70778934,"{}",2070,1465,"{""name"":""polyline"",""all_points_x"":[3050,3032],""all_points_y"":[3023,2964]}","{}"
44.bmp,70778934,"{}",2070,1466,"{""name"":""polyline"",""all_points_x"":[3328,3313],""all_points_y"":[2931,2852]}","{}"
44.bmp,70778934,"{}",2070,1467,"{""name"":""polyline"",""all_points_x"":[3320,3323,3327],""all_points_y"":[3092,3062,3030]}","{}"
44.bmp,70778934,"{}",2070,1468,"{""name"":""polyline"",""all_points_x"":[3202,3178],""all_points_y"":[3330,3274]}","{}"
44.bmp,70778934,"{}",2070,1469,"{""name"":""polyline"",""all_points_x"":[2895,2907],""all_points_y"":[3262,3187]}","{}"
44.bmp,70778934,"{}",2070,1470,"{""name"":""polyline"",""all_points_x"":[2775,2788],""all_points_y"":[3228,3103]}","{}"
44.bmp,70778934,"{}",2070,1471,"{""name"":""polyline"",""all_points_x"":[2691,2719],""all_points_y"":[3123,2985]}","{}"
44.bmp,70778934,"{}",2070,1472,"{""name"":""polyline"",""all_points_x"":[2498,2513],""all_points_y"":[3403,3294]}","{}"
44.bmp,70778934,"{}",2070,1473,"{""name"":""polyline"",""all_points_x"":[2484,2465],""all_points_y"":[2926,2824]}","{}"
44.bmp,70778934,"{}",2070,1474,"{""name"":""polyline"",""all_points_x"":[2304,2261],""all_points_y"":[3086,2988]}","{}"
44.bmp,70778934,"{}",2070,1475,"{""name"":""polyline"",""all_points_x"":[2100,2081],""all_points_y"":[3295,3260]}","{}"
44.bmp,70778934,"{}",2070,1476,"{""name"":""polyline"",""all_points_x"":[2140,2136],""all_points_y"":[3226,3131]}","{}"
44.bmp,70778934,"{}",2070,1477,"{""name"":""polyline"",""all_points_x"":[3122,3201],""all_points_y"":[3157,3158]}","{}"
44.bmp,70778934,"{}",2070,1478,"{""name"":""polygon"",""all_points_x"":[2679,2685,2686,2684,2687,2690,2694,2692],""all_points_y"":[3556,3521,3377,3197,3197,3335,3533,3560]}","{}"
44.bmp,70778934,"{}",2070,1479,"{""name"":""polygon"",""all_points_x"":[2620,2605,2612,2630],""all_points_y"":[3614,3515,3514,3610]}","{}"
44.bmp,70778934,"{}",2070,1480,"{""name"":""polygon"",""all_points_x"":[2643,2566,2569,2654],""all_points_y"":[3580,3322,3320,3582]}","{}"
44.bmp,70778934,"{}",2070,1481,"{""name"":""polygon"",""all_points_x"":[2341,2382,2468,2467,2383,2344],""all_points_y"":[3562,3567,3566,3563,3562,3559]}","{}"
44.bmp,70778934,"{}",2070,1482,"{""name"":""polygon"",""all_points_x"":[2354,2268,2274,2360],""all_points_y"":[3474,3320,3318,3470]}","{}"
44.bmp,70778934,"{}",2070,1483,"{""name"":""polygon"",""all_points_x"":[2788,2788,2797,2801,2798,2795],""all_points_y"":[3634,3586,3415,3415,3544,3634]}","{}"
44.bmp,70778934,"{}",2070,1484,"{""name"":""polygon"",""all_points_x"":[2802,2824,2828,2809],""all_points_y"":[3572,3446,3449,3577]}","{}"
44.bmp,70778934,"{}",2070,1485,"{""name"":""polygon"",""all_points_x"":[2934,2957,2967,2970,2959,2940],""all_points_y"":[3594,3455,3380,3380,3482,3598]}","{}"
44.bmp,70778934,"{}",2070,1486,"{""name"":""polygon"",""all_points_x"":[2910,2921,2935,2940,2931,2916],""all_points_y"":[3623,3556,3506,3508,3548,3623]}","{}"
44.bmp,70778934,"{}",2070,1487,"{""name"":""polygon"",""all_points_x"":[2875,2879,2888,2891,2885,2881],""all_points_y"":[3676,3622,3560,3563,3617,3679]}","{}"
44.bmp,70778934,"{}",2070,1488,"{""name"":""polygon"",""all_points_x"":[2997,2994,2989,2977,2980,2996,3003],""all_points_y"":[3556,3494,3439,3387,3386,3463,3556]}","{}"
44.bmp,70778934,"{}",2070,1489,"{""name"":""polygon"",""all_points_x"":[3009,3019,3025,3030,3034,3029,3023,3013],""all_points_y"":[3658,3599,3550,3496,3495,3560,3603,3661]}","{}"
44.bmp,70778934,"{}",2070,1490,"{""name"":""polygon"",""all_points_x"":[3026,3045,3061,3065,3049,3031],""all_points_y"":[3719,3651,3570,3572,3651,3721]}","{}"
44.bmp,70778934,"{}",2070,1491,"{""name"":""polygon"",""all_points_x"":[3066,3090,3114,3118,3072],""all_points_y"":[3754,3715,3660,3663,3755]}","{}"
44.bmp,70778934,"{}",2070,1492,"{""name"":""polygon"",""all_points_x"":[3116,3141,3160,3163,3138,3121],""all_points_y"":[3492,3430,3385,3387,3449,3496]}","{}"
44.bmp,70778934,"{}",2070,1493,"{""name"":""polygon"",""all_points_x"":[3173,3139,3112,3108,3137,3168],""all_points_y"":[3658,3614,3570,3572,3618,3660]}","{}"
44.bmp,70778934,"{}",2070,1494,"{""name"":""polygon"",""all_points_x"":[3290,3271,3242,3246,3266,3296],""all_points_y"":[3604,3560,3479,3477,3532,3605]}","{}"
44.bmp,70778934,"{}",2070,1495,"{""name"":""polygon"",""all_points_x"":[2869,2877,2881,2874],""all_points_y"":[3450,3358,3358,3452]}","{}"
44.bmp,70778934,"{}",2070,1496,"{""name"":""polygon"",""all_points_x"":[2880,2888,2883,2875],""all_points_y"":[3451,3376,3376,3451]}","{}"
44.bmp,70778934,"{}",2070,1497,"{""name"":""polygon"",""all_points_x"":[2656,2721,2723,2658],""all_points_y"":[3589,3549,3553,3593]}","{}"
44.bmp,70778934,"{}",2070,1498,"{""name"":""polygon"",""all_points_x"":[2921,2919,2923,2926],""all_points_y"":[3753,3611,3611,3752]}","{}"
44.bmp,70778934,"{}",2070,1499,"{""name"":""polyline"",""all_points_x"":[2422,2403,2394,2389,2371,2335],""all_points_y"":[3489,3419,3392,3364,3335,3282]}","{}"
44.bmp,70778934,"{}",2070,1500,"{""name"":""polyline"",""all_points_x"":[2460,2462],""all_points_y"":[3471,3372]}","{}"
44.bmp,70778934,"{}",2070,1501,"{""name"":""polyline"",""all_points_x"":[2453,2454,2456],""all_points_y"":[3468,3425,3368]}","{}"
44.bmp,70778934,"{}",2070,1502,"{""name"":""polyline"",""all_points_x"":[2550,2534],""all_points_y"":[3419,3316]}","{}"
44.bmp,70778934,"{}",2070,1503,"{""name"":""polyline"",""all_points_x"":[2524,2528],""all_points_y"":[3718,3586]}","{}"
44.bmp,70778934,"{}",2070,1504,"{""name"":""polyline"",""all_points_x"":[2747,2731],""all_points_y"":[3723,3644]}","{}"
44.bmp,70778934,"{}",2070,1505,"{""name"":""polyline"",""all_points_x"":[2678,2667],""all_points_y"":[3711,3656]}","{}"
44.bmp,70778934,"{}",2070,1506,"{""name"":""polyline"",""all_points_x"":[2629,2637,2668],""all_points_y"":[3229,3209,3155]}","{}"
44.bmp,70778934,"{}",2070,1507,"{""name"":""polyline"",""all_points_x"":[2345,2316],""all_points_y"":[3485,3430]}","{}"
44.bmp,70778934,"{}",2070,1508,"{""name"":""polygon"",""all_points_x"":[3289,3257,3240,3229,3232,3254,3274,3294],""all_points_y"":[3791,3689,3623,3568,3568,3660,3727,3787]}","{}"
44.bmp,70778934,"{}",2070,1509,"{""name"":""polygon"",""all_points_x"":[3282,3263,3246,3241,3255,3278],""all_points_y"":[3784,3723,3660,3660,3712,3786]}","{}"
44.bmp,70778934,"{}",2070,1510,"{""name"":""polygon"",""all_points_x"":[3322,3318,3312,3308,3303,3307,3317,3324,3331],""all_points_y"":[3763,3716,3653,3628,3606,3606,3646,3686,3765]}","{}"
44.bmp,70778934,"{}",2070,1511,"{""name"":""polygon"",""all_points_x"":[3344,3337,3325,3321,3330,3340],""all_points_y"":[3776,3724,3689,3688,3727,3775]}","{}"
44.bmp,70778934,"{}",2070,1512,"{""name"":""polygon"",""all_points_x"":[2473,2455,2446,2451,2465,2482],""all_points_y"":[4158,4075,4013,4012,4081,4155]}","{}"
44.bmp,70778934,"{}",2070,1513,"{""name"":""polygon"",""all_points_x"":[2364,2339,2315,2320,2350,2372],""all_points_y"":[3982,3907,3857,3854,3919,3987]}","{}"
44.bmp,70778934,"{}",2070,1514,"{""name"":""polygon"",""all_points_x"":[2329,2300,2287,2253,2257,2290,2309,2334],""all_points_y"":[4079,4019,3988,3893,3893,3981,4031,4078]}","{}"
44.bmp,70778934,"{}",2070,1515,"{""name"":""polygon"",""all_points_x"":[2567,2556,2543,2538,2543,2555,2565,2577],""all_points_y"":[4122,4043,3974,3933,3933,4005,4056,4124]}","{}"
44.bmp,70778934,"{}",2070,1516,"{""name"":""polygon"",""all_points_x"":[2681,2634,2608,2591,2572,2576,2596,2635,2685],""all_points_y"":[4137,4051,3988,3946,3878,3878,3946,4039,4131]}","{}"
44.bmp,70778934,"{}",2070,1517,"{""name"":""polygon"",""all_points_x"":[2724,2714,2700,2693,2695,2705,2717,2730],""all_points_y"":[4139,4066,3952,3894,3893,3964,4045,4139]}","{}"
44.bmp,70778934,"{}",2070,1518,"{""name"":""polygon"",""all_points_x"":[2876,2871,2870,2875,2878,2876,2877,2883],""all_points_y"":[3987,3902,3857,3761,3762,3845,3909,3986]}","{}"
44.bmp,70778934,"{}",2070,1519,"{""name"":""polygon"",""all_points_x"":[2896,2912,2945,2947,2921,2904],""all_points_y"":[3974,3878,3644,3648,3862,3975]}","{}"
44.bmp,70778934,"{}",2070,1520,"{""name"":""polygon"",""all_points_x"":[2944,2950,2964,2971,2973,2978,2976,2965,2957,2952],""all_points_y"":[4071,3995,3918,3831,3803,3803,3871,3946,3994,4071]}","{}"
44.bmp,70778934,"{}",2070,1521,"{""name"":""polygon"",""all_points_x"":[2975,3004,3064,3067,3027,2983],""all_points_y"":[4085,4012,3867,3867,3971,4086]}","{}"
44.bmp,70778934,"{}",2070,1522,"{""name"":""polygon"",""all_points_x"":[3090,3098,3101,3095],""all_points_y"":[4023,3845,3845,4021]}","{}"
44.bmp,70778934,"{}",2070,1523,"{""name"":""polygon"",""all_points_x"":[2676,2664,2669,2682],""all_points_y"":[3985,3909,3909,3984]}","{}"
44.bmp,70778934,"{}",2070,1524,"{""name"":""polygon"",""all_points_x"":[2402,2353,2325,2299,2297,2334,2359,2398],""all_points_y"":[3879,3813,3781,3756,3759,3796,3830,3882]}","{}"
44.bmp,70778934,"{}",2070,1525,"{""name"":""polygon"",""all_points_x"":[2348,2334,2315,2311,2325,2344],""all_points_y"":[3948,3914,3871,3874,3904,3948]}","{}"
44.bmp,70778934,"{}",2070,1526,"{""name"":""polygon"",""all_points_x"":[2406,2440,2436,2403],""all_points_y"":[3736,3847,3847,3736]}","{}"
44.bmp,70778934,"{}",2070,1527,"{""name"":""polygon"",""all_points_x"":[2439,2401,2405,2442],""all_points_y"":[3962,3890,3888,3957]}","{}"
44.bmp,70778934,"{}",2070,1528,"{""name"":""polygon"",""all_points_x"":[2687,2649,2610,2586,2569,2571,2592,2618,2649,2688],""all_points_y"":[4012,3996,3970,3944,3915,3912,3945,3969,3990,4008]}","{}"
44.bmp,70778934,"{}",2070,1529,"{""name"":""polygon"",""all_points_x"":[2921,2935,2954,2959,2947,2937,2932],""all_points_y"":[4057,4012,3971,3974,4004,4033,4057]}","{}"
44.bmp,70778934,"{}",2070,1530,"{""name"":""polygon"",""all_points_x"":[2973,2992,2997,2998,2994,2977],""all_points_y"":[3957,3879,3838,3838,3891,3959]}","{}"
44.bmp,70778934,"{}",2070,1531,"{""name"":""polygon"",""all_points_x"":[3016,3038,3073,3078,3045,3021],""all_points_y"":[3897,3844,3799,3807,3848,3900]}","{}"
44.bmp,70778934,"{}",2070,1532,"{""name"":""polygon"",""all_points_x"":[3057,3050,3054,3064],""all_points_y"":[4167,4052,4052,4167]}","{}"
44.bmp,70778934,"{}",2070,1533,"{""name"":""polygon"",""all_points_x"":[3039,3021,3027,3043],""all_points_y"":[4176,4103,4103,4176]}","{}"
44.bmp,70778934,"{}",2070,1534,"{""name"":""polygon"",""all_points_x"":[2615,2616,2612,2605,2603,2607,2612,2619,2622],""all_points_y"":[4128,4089,4020,3948,3892,3891,3964,4050,4127]}","{}"
44.bmp,70778934,"{}",2070,1535,"{""name"":""polygon"",""all_points_x"":[2597,2586,2590,2603],""all_points_y"":[4155,4076,4075,4156]}","{}"
44.bmp,70778934,"{}",2070,1536,"{""name"":""polyline"",""all_points_x"":[2327,2256],""all_points_y"":[3745,3710]}","{}"
44.bmp,70778934,"{}",2070,1537,"{""name"":""polyline"",""all_points_x"":[2767,2759],""all_points_y"":[3863,3771]}","{}"
44.bmp,70778934,"{}",2070,1538,"{""name"":""polyline"",""all_points_x"":[2774,2771],""all_points_y"":[3836,3766]}","{}"
44.bmp,70778934,"{}",2070,1539,"{""name"":""polyline"",""all_points_x"":[2798,2854],""all_points_y"":[3745,3728]}","{}"
44.bmp,70778934,"{}",2070,1540,"{""name"":""polyline"",""all_points_x"":[3244,3260],""all_points_y"":[3950,3854]}","{}"
44.bmp,70778934,"{}",2070,1541,"{""name"":""polyline"",""all_points_x"":[3147,3140],""all_points_y"":[4157,4038]}","{}"
44.bmp,70778934,"{}",2070,1542,"{""name"":""polyline"",""all_points_x"":[2802,2783],""all_points_y"":[3924,3869]}","{}"
44.bmp,70778934,"{}",2070,1543,"{""name"":""polyline"",""all_points_x"":[3327,3312],""all_points_y"":[3651,3586]}","{}"
44.bmp,70778934,"{}",2070,1544,"{""name"":""polyline"",""all_points_x"":[2353,2359],""all_points_y"":[3660,3609]}","{}"
44.bmp,70778934,"{}",2070,1545,"{""name"":""polyline"",""all_points_x"":[2540,2548,2548],""all_points_y"":[3871,3841,3817]}","{}"
44.bmp,70778934,"{}",2070,1546,"{""name"":""polyline"",""all_points_x"":[2322,2303],""all_points_y"":[3996,3919]}","{}"
44.bmp,70778934,"{}",2070,1547,"{""name"":""polygon"",""all_points_x"":[2870,2850,2844,2829,2833,2847,2859,2875],""all_points_y"":[4101,4009,3969,3883,3883,3965,4033,4099]}","{}"
44.bmp,70778934,"{}",2070,1548,"{""name"":""polygon"",""all_points_x"":[2467,2443,2401,2403,2451,2474],""all_points_y"":[4313,4226,4096,4095,4233,4314]}","{}"
44.bmp,70778934,"{}",2070,1549,"{""name"":""polygon"",""all_points_x"":[2813,2781,2754,2757,2788,2819],""all_points_y"":[4249,4156,4086,4085,4162,4244]}","{}"
44.bmp,70778934,"{}",2070,1550,"{""name"":""polygon"",""all_points_x"":[3197,3235,3275,3289,3292,3305,3308,3296,3296,3271,3200],""all_points_y"":[4209,4138,4062,4038,4014,3987,3988,4021,4035,4080,4211]}","{}"
44.bmp,70778934,"{}",2070,1551,"{""name"":""polyline"",""all_points_x"":[2625,2659],""all_points_y"":[3744,3824]}","{}"
44.bmp,70778934,"{}",2070,1552,"{""name"":""polygon"",""all_points_x"":[3365,3337,3312,3280,3255,3216,3219,3252,3301,3334,3368],""all_points_y"":[3650,3634,3615,3589,3567,3534,3530,3558,3599,3625,3645]}","{}"
44.bmp,70778934,"{}",2070,1553,"{""name"":""polyline"",""all_points_x"":[3309,3295,3286],""all_points_y"":[3594,3547,3496]}","{}"
44.bmp,70778934,"{}",2070,1554,"{""name"":""polyline"",""all_points_x"":[3266,3296,3312,3318,3324],""all_points_y"":[4092,4081,4066,4052,4023]}","{}"
44.bmp,70778934,"{}",2070,1555,"{""name"":""polygon"",""all_points_x"":[2829,2823,2815,2795,2779,2770,2763,2767,2776,2795,2814,2831,2836],""all_points_y"":[4613,4556,4512,4444,4397,4356,4297,4297,4354,4423,4490,4547,4612]}","{}"
44.bmp,70778934,"{}",2070,1556,"{""name"":""polygon"",""all_points_x"":[2749,2740,2737,2739,2745,2758,2780,2799,2799,2771,2757,2750,2747,2744,2744,2745,2756],""all_points_y"":[4912,4834,4758,4702,4648,4628,4618,4609,4613,4626,4640,4656,4684,4730,4773,4823,4915]}","{}"
44.bmp,70778934,"{}",2070,1557,"{""name"":""polygon"",""all_points_x"":[2596,2583,2586,2602],""all_points_y"":[4821,4559,4559,4824]}","{}"
44.bmp,70778934,"{}",2070,1558,"{""name"":""polygon"",""all_points_x"":[3086,3077,3065,3068,3079,3092],""all_points_y"":[4559,4485,4389,4389,4463,4559]}","{}"
44.bmp,70778934,"{}",2070,1559,"{""name"":""polygon"",""all_points_x"":[2811,2822,2830,2833,2828,2823,2813],""all_points_y"":[4467,4402,4325,4325,4390,4423,4479]}","{}"
44.bmp,70778934,"{}",2070,1560,"{""name"":""polygon"",""all_points_x"":[2976,2953,2926,2929,2960,2979],""all_points_y"":[4365,4295,4202,4202,4299,4362]}","{}"
44.bmp,70778934,"{}",2070,1561,"{""name"":""polygon"",""all_points_x"":[3105,3075,3082,3110],""all_points_y"":[4492,4367,4366,4491]}","{}"
44.bmp,70778934,"{}",2070,1562,"{""name"":""polygon"",""all_points_x"":[2866,2876,2885,2889,2882,2871],""all_points_y"":[4670,4507,4365,4365,4509,4670]}","{}"
44.bmp,70778934,"{}",2070,1563,"{""name"":""polygon"",""all_points_x"":[3037,3029,3035,3044],""all_points_y"":[4865,4745,4745,4869]}","{}"
44.bmp,70778934,"{}",2070,1564,"{""name"":""polygon"",""all_points_x"":[3153,3130,3106,3111,3135,3160],""all_points_y"":[4588,4637,4691,4695,4639,4590]}","{}"
44.bmp,70778934,"{}",2070,1565,"{""name"":""polygon"",""all_points_x"":[2601,2653,2664,2682,2687,2668,2657,2616],""all_points_y"":[4549,4347,4277,4220,4222,4287,4357,4561]}","{}"
44.bmp,70778934,"{}",2070,1566,"{""name"":""polygon"",""all_points_x"":[2486,2473,2477,2493],""all_points_y"":[4662,4429,4430,4664]}","{}"
44.bmp,70778934,"{}",2070,1567,"{""name"":""polygon"",""all_points_x"":[2952,2921,2925,2957],""all_points_y"":[4393,4289,4289,4396]}","{}"
44.bmp,70778934,"{}",2070,1568,"{""name"":""polygon"",""all_points_x"":[2710,2661,2633,2607,2571,2571,2617,2646,2714],""all_points_y"":[4513,4468,4443,4432,4425,4420,4428,4442,4510]}","{}"
44.bmp,70778934,"{}",2070,1569,"{""name"":""polygon"",""all_points_x"":[2822,2794,2800,2831],""all_points_y"":[4216,4089,4088,4215]}","{}"
44.bmp,70778934,"{}",2070,1570,"{""name"":""polygon"",""all_points_x"":[2902,2920,2924,2907],""all_points_y"":[4713,4646,4646,4721]}","{}"
44.bmp,70778934,"{}",2070,1571,"{""name"":""polygon"",""all_points_x"":[3209,3174,3180,3215],""all_points_y"":[4861,4752,4750,4860]}","{}"
44.bmp,70778934,"{}",2070,1572,"{""name"":""polygon"",""all_points_x"":[3252,3273,3277,3261],""all_points_y"":[4858,4794,4798,4856]}","{}"
44.bmp,70778934,"{}",2070,1573,"{""name"":""polygon"",""all_points_x"":[2893,2891,2896,2900,2896,2899],""all_points_y"":[4664,4597,4561,4561,4606,4662]}","{}"
44.bmp,70778934,"{}",2070,1574,"{""name"":""polygon"",""all_points_x"":[3088,3089,3093,3091],""all_points_y"":[4488,4425,4425,4487]}","{}"
44.bmp,70778934,"{}",2070,1575,"{""name"":""polyline"",""all_points_x"":[3107,3095,3090,3085],""all_points_y"":[4402,4349,4307,4238]}","{}"
44.bmp,70778934,"{}",2070,1576,"{""name"":""polyline"",""all_points_x"":[3014,3013,3012],""all_points_y"":[4341,4280,4224]}","{}"
44.bmp,70778934,"{}",2070,1577,"{""name"":""polyline"",""all_points_x"":[3059,3057,3057],""all_points_y"":[4277,4245,4198]}","{}"
44.bmp,70778934,"{}",2070,1578,"{""name"":""polyline"",""all_points_x"":[2865,2853],""all_points_y"":[4275,4228]}","{}"
44.bmp,70778934,"{}",2070,1579,"{""name"":""polyline"",""all_points_x"":[2858,2858],""all_points_y"":[4318,4405]}","{}"
44.bmp,70778934,"{}",2070,1580,"{""name"":""polyline"",""all_points_x"":[2834,2839],""all_points_y"":[4548,4475]}","{}"
44.bmp,70778934,"{}",2070,1581,"{""name"":""polyline"",""all_points_x"":[2842,2847,2847,2844],""all_points_y"":[4490,4571,4637,4675]}","{}"
44.bmp,70778934,"{}",2070,1582,"{""name"":""polyline"",""all_points_x"":[2754,2777],""all_points_y"":[4865,4692]}","{}"
44.bmp,70778934,"{}",2070,1583,"{""name"":""polyline"",""all_points_x"":[2652,2618],""all_points_y"":[4901,4794]}","{}"
44.bmp,70778934,"{}",2070,1584,"{""name"":""polyline"",""all_points_x"":[2417,2419],""all_points_y"":[4483,4330]}","{}"
44.bmp,70778934,"{}",2070,1585,"{""name"":""polyline"",""all_points_x"":[2285,2361,2426],""all_points_y"":[4310,4280,4262]}","{}"
44.bmp,70778934,"{}",2070,1586,"{""name"":""polyline"",""all_points_x"":[2304,2370],""all_points_y"":[4274,4301]}","{}"
44.bmp,70778934,"{}",2070,1587,"{""name"":""polyline"",""all_points_x"":[2599,2596],""all_points_y"":[4461,4339]}","{}"
44.bmp,70778934,"{}",2070,1588,"{""name"":""polyline"",""all_points_x"":[2618,2644],""all_points_y"":[4323,4411]}","{}"
44.bmp,70778934,"{}",2070,1589,"{""name"":""polyline"",""all_points_x"":[2733,2712,2693],""all_points_y"":[4544,4505,4442]}","{}"
44.bmp,70778934,"{}",2070,1590,"{""name"":""polyline"",""all_points_x"":[2857,2877,2900],""all_points_y"":[4994,4908,4812]}","{}"
44.bmp,70778934,"{}",2070,1591,"{""name"":""polyline"",""all_points_x"":[2862,2846,2833],""all_points_y"":[4238,4164,4106]}","{}"
44.bmp,70778934,"{}",2070,1592,"{""name"":""polyline"",""all_points_x"":[3281,3264],""all_points_y"":[4235,4151]}","{}"
44.bmp,70778934,"{}",2070,1593,"{""name"":""polyline"",""all_points_x"":[3245,3273,3288],""all_points_y"":[4249,4209,4177]}","{}"
44.bmp,70778934,"{}",2070,1594,"{""name"":""polyline"",""all_points_x"":[3277,3279,3272],""all_points_y"":[4189,4153,4109]}","{}"
44.bmp,70778934,"{}",2070,1595,"{""name"":""polyline"",""all_points_x"":[3233,3214,3203],""all_points_y"":[4597,4538,4496]}","{}"
44.bmp,70778934,"{}",2070,1596,"{""name"":""polygon"",""all_points_x"":[3276,3286,3297,3301,3290,3280],""all_points_y"":[4982,4955,4905,4907,4965,4986]}","{}"
44.bmp,70778934,"{}",2070,1597,"{""name"":""polyline"",""all_points_x"":[2888,2915],""all_points_y"":[4922,4818]}","{}"
44.bmp,70778934,"{}",2070,1598,"{""name"":""polyline"",""all_points_x"":[2892,2911],""all_points_y"":[4885,4815]}","{}"
44.bmp,70778934,"{}",2070,1599,"{""name"":""polygon"",""all_points_x"":[2715,2724,2735,2738,2727,2720],""all_points_y"":[4825,4769,4726,4729,4772,4822]}","{}"
44.bmp,70778934,"{}",2070,1600,"{""name"":""polyline"",""all_points_x"":[2642,2653,2654,2664],""all_points_y"":[4858,4795,4776,4718]}","{}"
44.bmp,70778934,"{}",2070,1601,"{""name"":""polyline"",""all_points_x"":[2431,2399],""all_points_y"":[4849,4748]}","{}"
44.bmp,70778934,"{}",2070,1602,"{""name"":""polyline"",""all_points_x"":[2328,2329],""all_points_y"":[4613,4739]}","{}"
44.bmp,70778934,"{}",2070,1603,"{""name"":""polyline"",""all_points_x"":[2385,2384],""all_points_y"":[4674,4606]}","{}"
44.bmp,70778934,"{}",2070,1604,"{""name"":""polyline"",""all_points_x"":[2607,2571],""all_points_y"":[4497,4433]}","{}"
44.bmp,70778934,"{}",2070,1605,"{""name"":""polyline"",""all_points_x"":[3032,3032],""all_points_y"":[4578,4499]}","{}"
44.bmp,70778934,"{}",2070,1606,"{""name"":""polygon"",""all_points_x"":[2982,2957,2961,2986],""all_points_y"":[4505,4616,4616,4505]}","{}"
44.bmp,70778934,"{}",2070,1607,"{""name"":""polyline"",""all_points_x"":[2889,2903,2908],""all_points_y"":[4720,4652,4599]}","{}"
44.bmp,70778934,"{}",2070,1608,"{""name"":""polyline"",""all_points_x"":[2798,2858],""all_points_y"":[4970,4804]}","{}"
44.bmp,70778934,"{}",2070,1609,"{""name"":""polyline"",""all_points_x"":[2959,2952],""all_points_y"":[4832,4768]}","{}"
44.bmp,70778934,"{}",2070,1610,"{""name"":""polyline"",""all_points_x"":[2982,2975],""all_points_y"":[4919,4780]}","{}"
44.bmp,70778934,"{}",2070,1611,"{""name"":""polyline"",""all_points_x"":[3101,3100,3105],""all_points_y"":[4676,4637,4584]}","{}"
44.bmp,70778934,"{}",2070,1612,"{""name"":""polyline"",""all_points_x"":[2854,2871],""all_points_y"":[4663,4553]}","{}"
44.bmp,70778934,"{}",2070,1613,"{""name"":""polyline"",""all_points_x"":[2888,2900],""all_points_y"":[4512,4412]}","{}"
44.bmp,70778934,"{}",2070,1614,"{""name"":""polyline"",""all_points_x"":[3033,2977],""all_points_y"":[4425,4372]}","{}"
44.bmp,70778934,"{}",2070,1615,"{""name"":""polygon"",""all_points_x"":[2740,2722,2730,2746],""all_points_y"":[4107,4027,4027,4107]}","{}"
44.bmp,70778934,"{}",2070,1616,"{""name"":""polyline"",""all_points_x"":[3242,3268],""all_points_y"":[4206,4275]}","{}"
44.bmp,70778934,"{}",2070,1617,"{""name"":""polyline"",""all_points_x"":[2399,2379],""all_points_y"":[4239,4167]}","{}"
44.bmp,70778934,"{}",2070,1618,"{""name"":""polyline"",""all_points_x"":[2550,2561,2577],""all_points_y"":[4333,4374,4418]}","{}"
44.bmp,70778934,"{}",2070,1619,"{""name"":""polyline"",""all_points_x"":[2686,2702],""all_points_y"":[4546,4606]}","{}"
44.bmp,70778934,"{}",2070,1620,"{""name"":""polyline"",""all_points_x"":[2431,2439],""all_points_y"":[4674,4604]}","{}"
44.bmp,70778934,"{}",2070,1621,"{""name"":""polyline"",""all_points_x"":[3155,3138],""all_points_y"":[4446,4525]}","{}"
44.bmp,70778934,"{}",2070,1622,"{""name"":""polyline"",""all_points_x"":[3116,3126],""all_points_y"":[4659,4589]}","{}"
44.bmp,70778934,"{}",2070,1623,"{""name"":""polyline"",""all_points_x"":[2439,2437],""all_points_y"":[4751,4682]}","{}"
44.bmp,70778934,"{}",2070,1624,"{""name"":""polyline"",""all_points_x"":[3342,3317,3311],""all_points_y"":[4842,4795,4768]}","{}"
44.bmp,70778934,"{}",2070,1625,"{""name"":""polyline"",""all_points_x"":[3311,3333],""all_points_y"":[4863,4775]}","{}"
44.bmp,70778934,"{}",2070,1626,"{""name"":""polyline"",""all_points_x"":[3279,3277],""all_points_y"":[4707,4609]}","{}"
44.bmp,70778934,"{}",2070,1627,"{""name"":""polyline"",""all_points_x"":[3280,3280,3276],""all_points_y"":[4465,4443,4421]}","{}"
44.bmp,70778934,"{}",2070,1628,"{""name"":""polyline"",""all_points_x"":[2580,2576],""all_points_y"":[4861,4783]}","{}"
44.bmp,70778934,"{}",2070,1629,"{""name"":""polygon"",""all_points_x"":[3121,3120,3116,3120,3124,3125],""all_points_y"":[5035,4926,4791,4791,4922,5035]}","{}"
44.bmp,70778934,"{}",2070,1630,"{""name"":""polygon"",""all_points_x"":[2384,2372,2379,2390,2398,2406,2413,2408,2395,2381],""all_points_y"":[5513,5602,5602,5514,5472,5443,5426,5424,5466,5532]}","{}"
44.bmp,70778934,"{}",2070,1631,"{""name"":""polygon"",""all_points_x"":[2337,2351,2359,2360,2360,2364,2364,2364,2357,2345],""all_points_y"":[5605,5514,5456,5416,5367,5369,5421,5455,5511,5598]}","{}"
44.bmp,70778934,"{}",2070,1632,"{""name"":""polygon"",""all_points_x"":[2326,2303,2307,2332],""all_points_y"":[5565,5421,5421,5562]}","{}"
44.bmp,70778934,"{}",2070,1633,"{""name"":""polygon"",""all_points_x"":[2477,2475,2479,2474,2476,2476,2478,2478,2483,2485,2482,2483],""all_points_y"":[5613,5558,5502,5436,5397,5368,5368,5441,5485,5514,5542,5611]}","{}"
44.bmp,70778934,"{}",2070,1634,"{""name"":""polygon"",""all_points_x"":[2443,2473,2492,2499,2501,2490,2476,2447],""all_points_y"":[5693,5632,5575,5547,5547,5596,5638,5694]}","{}"
44.bmp,70778934,"{}",2070,1635,"{""name"":""polygon"",""all_points_x"":[2467,2468,2466,2466,2469,2473,2471,2473,2475],""all_points_y"":[5303,5236,5195,5168,5122,5123,5176,5229,5303]}","{}"
44.bmp,70778934,"{}",2070,1636,"{""name"":""polygon"",""all_points_x"":[2317,2320,2325,2330,2335,2335,2339,2339,2332,2323,2323],""all_points_y"":[5172,5107,5046,5012,4960,4932,4932,4978,5032,5102,5170]}","{}"
44.bmp,70778934,"{}",2070,1637,"{""name"":""polygon"",""all_points_x"":[2298,2311,2314,2303],""all_points_y"":[5143,5069,5069,5147]}","{}"
44.bmp,70778934,"{}",2070,1638,"{""name"":""polygon"",""all_points_x"":[2436,2467,2484,2515,2518,2489,2466,2441],""all_points_y"":[5289,5241,5207,5143,5144,5204,5251,5291]}","{}"
44.bmp,70778934,"{}",2070,1639,"{""name"":""polygon"",""all_points_x"":[2491,2483,2488,2498],""all_points_y"":[5055,4891,4890,5053]}","{}"
44.bmp,70778934,"{}",2070,1640,"{""name"":""polygon"",""all_points_x"":[2426,2440,2447,2467,2472,2458,2449,2428],""all_points_y"":[5139,5181,5204,5267,5262,5222,5195,5138]}","{}"
44.bmp,70778934,"{}",2070,1641,"{""name"":""polygon"",""all_points_x"":[2511,2540,2545,2516],""all_points_y"":[5305,5191,5193,5310]}","{}"
44.bmp,70778934,"{}",2070,1642,"{""name"":""polygon"",""all_points_x"":[2619,2600,2602,2627],""all_points_y"":[5107,4876,4876,5107]}","{}"
44.bmp,70778934,"{}",2070,1643,"{""name"":""polygon"",""all_points_x"":[2635,2654,2671,2673,2658,2638],""all_points_y"":[5078,5020,4973,4975,5025,5082]}","{}"
44.bmp,70778934,"{}",2070,1644,"{""name"":""polygon"",""all_points_x"":[2524,2534,2544,2548,2542,2531],""all_points_y"":[5399,5318,5204,5205,5280,5400]}","{}"
44.bmp,70778934,"{}",2070,1645,"{""name"":""polygon"",""all_points_x"":[2521,2542,2556,2585,2585,2561,2526],""all_points_y"":[5455,5385,5345,5309,5313,5349,5454]}","{}"
44.bmp,70778934,"{}",2070,1646,"{""name"":""polygon"",""all_points_x"":[2568,2606,2610,2573],""all_points_y"":[5406,5308,5308,5411]}","{}"
44.bmp,70778934,"{}",2070,1647,"{""name"":""polygon"",""all_points_x"":[2555,2580,2587,2590,2595,2591,2578,2559],""all_points_y"":[5596,5526,5482,5434,5435,5484,5551,5597]}","{}"
44.bmp,70778934,"{}",2070,1648,"{""name"":""polygon"",""all_points_x"":[2983,2979,2986,3003,3005,2992,2985,2988],""all_points_y"":[5344,5303,5272,5215,5217,5262,5297,5344]}","{}"
44.bmp,70778934,"{}",2070,1649,"{""name"":""polygon"",""all_points_x"":[2725,2735,2739,2733],""all_points_y"":[5333,5262,5262,5334]}","{}"
44.bmp,70778934,"{}",2070,1650,"{""name"":""polygon"",""all_points_x"":[2812,2816,2820,2816],""all_points_y"":[5148,5057,5057,5151]}","{}"
44.bmp,70778934,"{}",2070,1651,"{""name"":""polygon"",""all_points_x"":[3059,3021,3023,3064],""all_points_y"":[5090,4892,4891,5087]}","{}"
44.bmp,70778934,"{}",2070,1652,"{""name"":""polygon"",""all_points_x"":[3077,3064,3070,3082],""all_points_y"":[5092,5019,5018,5092]}","{}"
44.bmp,70778934,"{}",2070,1653,"{""name"":""polygon"",""all_points_x"":[3260,3296,3342,3346,3316,3270],""all_points_y"":[5071,5004,4886,4888,4970,5081]}","{}"
44.bmp,70778934,"{}",2070,1654,"{""name"":""polygon"",""all_points_x"":[3197,3134,3098,3101,3146,3201],""all_points_y"":[5358,5231,5159,5159,5241,5349]}","{}"
44.bmp,70778934,"{}",2070,1655,"{""name"":""polygon"",""all_points_x"":[3120,3110,3088,3077,3080,3100,3114,3126],""all_points_y"":[5760,5692,5626,5585,5583,5651,5688,5755]}","{}"
44.bmp,70778934,"{}",2070,1656,"{""name"":""polygon"",""all_points_x"":[3266,3303,3323,3327,3304,3273],""all_points_y"":[5464,5349,5286,5287,5371,5467]}","{}"
44.bmp,70778934,"{}",2070,1657,"{""name"":""polygon"",""all_points_x"":[3181,3193,3198,3201,3205,3198,3191,3188],""all_points_y"":[5771,5695,5636,5584,5584,5678,5732,5768]}","{}"
44.bmp,70778934,"{}",2070,1658,"{""name"":""polygon"",""all_points_x"":[2826,2837,2839,2829],""all_points_y"":[5492,5409,5409,5498]}","{}"
44.bmp,70778934,"{}",2070,1659,"{""name"":""polygon"",""all_points_x"":[2954,3040,3041,2962],""all_points_y"":[5761,5518,5518,5766]}","{}"
44.bmp,70778934,"{}",2070,1660,"{""name"":""polygon"",""all_points_x"":[3167,3167,3168,3172,3182,3185,3180,3173,3170,3170],""all_points_y"":[5510,5579,5634,5693,5761,5761,5709,5653,5571,5511]}","{}"
44.bmp,70778934,"{}",2070,1661,"{""name"":""polygon"",""all_points_x"":[3338,3340,3341,3344,3345,3343],""all_points_y"":[5533,5454,5358,5358,5440,5534]}","{}"
44.bmp,70778934,"{}",2070,1662,"{""name"":""polygon"",""all_points_x"":[3067,3070,3074,3071],""all_points_y"":[5457,5352,5352,5460]}","{}"
44.bmp,70778934,"{}",2070,1663,"{""name"":""polygon"",""all_points_x"":[3255,3229,3208,3212,3233,3260],""all_points_y"":[5143,5096,5035,5034,5086,5140]}","{}"
44.bmp,70778934,"{}",2070,1664,"{""name"":""polygon"",""all_points_x"":[2739,2739,2733,2727,2732,2738,2749],""all_points_y"":[4986,4977,4901,4819,4819,4913,4981]}","{}"
44.bmp,70778934,"{}",2070,1665,"{""name"":""polygon"",""all_points_x"":[3292,3303,3314,3322,3325,3316,3308,3296],""all_points_y"":[5772,5707,5628,5581,5581,5640,5699,5769]}","{}"
44.bmp,70778934,"{}",2070,1666,"{""name"":""polygon"",""all_points_x"":[3209,3234,3244,3252,3258,3260,3253,3243,3234,3217],""all_points_y"":[5757,5693,5655,5613,5575,5575,5629,5676,5708,5759]}","{}"
44.bmp,70778934,"{}",2070,1667,"{""name"":""polyline"",""all_points_x"":[2850,2853],""all_points_y"":[5165,5054]}","{}"
44.bmp,70778934,"{}",2070,1668,"{""name"":""polyline"",""all_points_x"":[2874,2889],""all_points_y"":[5123,5049]}","{}"
44.bmp,70778934,"{}",2070,1669,"{""name"":""polyline"",""all_points_x"":[2952,2973],""all_points_y"":[5270,5169]}","{}"
44.bmp,70778934,"{}",2070,1670,"{""name"":""polyline"",""all_points_x"":[2797,2794],""all_points_y"":[5270,5192]}","{}"
44.bmp,70778934,"{}",2070,1671,"{""name"":""polyline"",""all_points_x"":[2771,2782,2792],""all_points_y"":[5376,5318,5281]}","{}"
44.bmp,70778934,"{}",2070,1672,"{""name"":""polyline"",""all_points_x"":[2820,2811,2805],""all_points_y"":[5357,5332,5304]}","{}"
44.bmp,70778934,"{}",2070,1673,"{""name"":""polyline"",""all_points_x"":[2735,2717,2699],""all_points_y"":[5515,5438,5360]}","{}"
44.bmp,70778934,"{}",2070,1674,"{""name"":""polyline"",""all_points_x"":[2948,2967],""all_points_y"":[5641,5467]}","{}"
44.bmp,70778934,"{}",2070,1675,"{""name"":""polyline"",""all_points_x"":[3276,3298],""all_points_y"":[5347,5259]}","{}"
44.bmp,70778934,"{}",2070,1676,"{""name"":""polyline"",""all_points_x"":[3322,3357],""all_points_y"":[5070,4927]}","{}"
44.bmp,70778934,"{}",2070,1677,"{""name"":""polyline"",""all_points_x"":[3323,3331],""all_points_y"":[5007,4928]}","{}"
44.bmp,70778934,"{}",2070,1678,"{""name"":""polyline"",""all_points_x"":[2588,2596,2612,2613],""all_points_y"":[5293,5262,5229,5212]}","{}"
44.bmp,70778934,"{}",2070,1679,"{""name"":""polygon"",""all_points_x"":[2330,2349,2353,2356,2359,2357,2353,2339],""all_points_y"":[5522,5457,5417,5375,5375,5440,5478,5520]}","{}"
44.bmp,70778934,"{}",2070,1680,"{""name"":""polyline"",""all_points_x"":[2411,2467],""all_points_y"":[5629,5523]}","{}"
44.bmp,70778934,"{}",2070,1681,"{""name"":""polyline"",""all_points_x"":[2380,2397],""all_points_y"":[5674,5575]}","{}"
44.bmp,70778934,"{}",2070,1682,"{""name"":""polyline"",""all_points_x"":[3077,3090],""all_points_y"":[5484,5348]}","{}"
44.bmp,70778934,"{}",2070,1683,"{""name"":""polyline"",""all_points_x"":[3143,3102],""all_points_y"":[5266,5179]}","{}"
44.bmp,70778934,"{}",2070,1684,"{""name"":""polyline"",""all_points_x"":[3194,3176,3168],""all_points_y"":[5414,5323,5245]}","{}"
44.bmp,70778934,"{}",2070,1685,"{""name"":""polyline"",""all_points_x"":[3188,3181],""all_points_y"":[5238,5157]}","{}"
44.bmp,70778934,"{}",2070,1686,"{""name"":""polyline"",""all_points_x"":[2740,2741],""all_points_y"":[5109,5054]}","{}"
44.bmp,70778934,"{}",2070,1687,"{""name"":""polyline"",""all_points_x"":[2430,2443],""all_points_y"":[5058,4970]}","{}"
44.bmp,70778934,"{}",2070,1688,"{""name"":""polyline"",""all_points_x"":[2663,2681],""all_points_y"":[5041,4968]}","{}"
44.bmp,70778934,"{}",2070,1689,"{""name"":""polyline"",""all_points_x"":[2812,2825],""all_points_y"":[5652,5567]}","{}"
44.bmp,70778934,"{}",2070,1690,"{""name"":""polyline"",""all_points_x"":[2822,2871],""all_points_y"":[5624,5570]}","{}"
44.bmp,70778934,"{}",2070,1691,"{""name"":""polyline"",""all_points_x"":[2858,2866,2884],""all_points_y"":[5707,5648,5570]}","{}"
44.bmp,70778934,"{}",2070,1692,"{""name"":""polyline"",""all_points_x"":[3265,3292],""all_points_y"":[5575,5451]}","{}"
44.bmp,70778934,"{}",2070,1693,"{""name"":""polyline"",""all_points_x"":[3291,3256],""all_points_y"":[5492,5663]}","{}"
44.bmp,70778934,"{}",2070,1694,"{""name"":""polyline"",""all_points_x"":[2524,2555],""all_points_y"":[5537,5457]}","{}"
44.bmp,70778934,"{}",2070,1695,"{""name"":""polyline"",""all_points_x"":[2843,2811],""all_points_y"":[5287,5223]}","{}"
44.bmp,70778934,"{}",2070,1696,"{""name"":""polyline"",""all_points_x"":[3065,3039],""all_points_y"":[5246,5151]}","{}"
44.bmp,70778934,"{}",2070,1697,"{""name"":""polyline"",""all_points_x"":[3270,3245],""all_points_y"":[5385,5453]}","{}"
44.bmp,70778934,"{}",2070,1698,"{""name"":""polyline"",""all_points_x"":[3144,3127],""all_points_y"":[5197,5108]}","{}"
44.bmp,70778934,"{}",2070,1699,"{""name"":""polyline"",""all_points_x"":[2360,2373],""all_points_y"":[5616,5540]}","{}"
44.bmp,70778934,"{}",2070,1700,"{""name"":""polyline"",""all_points_x"":[2406,2406],""all_points_y"":[5288,5193]}","{}"
44.bmp,70778934,"{}",2070,1701,"{""name"":""polyline"",""all_points_x"":[2505,2508],""all_points_y"":[5123,4979]}","{}"
44.bmp,70778934,"{}",2070,1702,"{""name"":""polyline"",""all_points_x"":[2868,2879],""all_points_y"":[5347,5258]}","{}"
44.bmp,70778934,"{}",2070,1703,"{""name"":""polyline"",""all_points_x"":[2656,2683,2691],""all_points_y"":[5745,5658,5617]}","{}"
44.bmp,70778934,"{}",2070,1704,"{""name"":""polyline"",""all_points_x"":[2838,2858],""all_points_y"":[5630,5586]}","{}"
44.bmp,70778934,"{}",2070,1705,"{""name"":""polyline"",""all_points_x"":[2872,2890],""all_points_y"":[5652,5569]}","{}"
44.bmp,70778934,"{}",2070,1706,"{""name"":""polyline"",""all_points_x"":[3081,3091],""all_points_y"":[5481,5406]}","{}"
44.bmp,70778934,"{}",2070,1707,"{""name"":""polyline"",""all_points_x"":[2684,2684,2679,2668],""all_points_y"":[4903,4875,4846,4832]}","{}"
44.bmp,70778934,"{}",2070,1708,"{""name"":""polyline"",""all_points_x"":[3250,3272],""all_points_y"":[4959,4895]}","{}"
44.bmp,70778934,"{}",2070,1709,"{""name"":""polygon"",""all_points_x"":[2587,2591,2600,2603,2598,2593],""all_points_y"":[5143,5083,5009,5009,5073,5144]}","{}"
44.bmp,70778934,"{}",2070,1710,"{""name"":""polygon"",""all_points_x"":[2344,2331,2315,2320,2335,2351],""all_points_y"":[6140,6044,5969,5969,6035,6142]}","{}"
44.bmp,70778934,"{}",2070,1711,"{""name"":""polygon"",""all_points_x"":[2443,2419,2405,2384,2388,2413,2449],""all_points_y"":[6140,6054,5993,5905,5905,6009,6142]}","{}"
44.bmp,70778934,"{}",2070,1712,"{""name"":""polygon"",""all_points_x"":[2328,2332,2335,2334],""all_points_y"":[5871,5771,5773,5875]}","{}"
44.bmp,70778934,"{}",2070,1713,"{""name"":""polygon"",""all_points_x"":[2482,2440,2423,2413,2402,2406,2419,2442,2485],""all_points_y"":[5855,5779,5745,5726,5685,5683,5726,5776,5853]}","{}"
44.bmp,70778934,"{}",2070,1714,"{""name"":""polygon"",""all_points_x"":[2646,2668,2694,2697,2683,2652],""all_points_y"":[5894,5826,5729,5730,5791,5893]}","{}"
44.bmp,70778934,"{}",2070,1715,"{""name"":""polygon"",""all_points_x"":[2952,2937,2923,2913,2917,2942,2957],""all_points_y"":[6078,5966,5884,5823,5823,5963,6070]}","{}"
44.bmp,70778934,"{}",2070,1716,"{""name"":""polygon"",""all_points_x"":[2873,2881,2881,2881,2883,2885,2885,2879],""all_points_y"":[6004,5941,5900,5844,5844,5913,5942,6006]}","{}"
44.bmp,70778934,"{}",2070,1717,"{""name"":""polygon"",""all_points_x"":[2797,2793,2799,2799,2801,2803,2803,2802,2801,2806],""all_points_y"":[6081,6028,5984,5925,5845,5845,5925,6004,6027,6082]}","{}"
44.bmp,70778934,"{}",2070,1718,"{""name"":""polygon"",""all_points_x"":[2968,2978,2994,2996,2987,2974],""all_points_y"":[5972,5893,5745,5745,5861,5970]}","{}"
44.bmp,70778934,"{}",2070,1719,"{""name"":""polygon"",""all_points_x"":[3182,3163,3169,3188],""all_points_y"":[5976,5867,5865,5979]}","{}"
44.bmp,70778934,"{}",2070,1720,"{""name"":""polygon"",""all_points_x"":[3090,3129,3133,3095],""all_points_y"":[5965,5872,5874,5966]}","{}"
44.bmp,70778934,"{}",2070,1721,"{""name"":""polygon"",""all_points_x"":[2650,2643,2637,2636,2637,2641,2647,2656],""all_points_y"":[6140,6023,5987,5959,5959,5994,6023,6135]}","{}"
44.bmp,70778934,"{}",2070,1722,"{""name"":""polygon"",""all_points_x"":[2539,2519,2522,2543],""all_points_y"":[5813,5673,5673,5813]}","{}"
44.bmp,70778934,"{}",2070,1723,"{""name"":""polygon"",""all_points_x"":[3036,3028,3014,3018,3033,3042],""all_points_y"":[5879,5810,5715,5714,5803,5884]}","{}"
44.bmp,70778934,"{}",2070,1724,"{""name"":""polygon"",""all_points_x"":[3020,3020,3025,3027],""all_points_y"":[5884,5797,5797,5884]}","{}"
44.bmp,70778934,"{}",2070,1725,"{""name"":""polygon"",""all_points_x"":[2399,2390,2393,2398,2396,2405],""all_points_y"":[6143,6081,6018,6018,6080,6141]}","{}"
44.bmp,70778934,"{}",2070,1726,"{""name"":""polygon"",""all_points_x"":[2773,2770,2759,2764,2776,2781],""all_points_y"":[6020,5925,5855,5855,5930,6021]}","{}"
44.bmp,70778934,"{}",2070,1727,"{""name"":""polygon"",""all_points_x"":[2858,2832,2835,2861],""all_points_y"":[5869,5766,5765,5868]}","{}"
44.bmp,70778934,"{}",2070,1728,"{""name"":""polygon"",""all_points_x"":[2606,2599,2601,2602,2609,2611,2606,2603,2611],""all_points_y"":[5958,5916,5882,5861,5841,5842,5865,5915,5956]}","{}"
44.bmp,70778934,"{}",2070,1729,"{""name"":""polygon"",""all_points_x"":[2591,2593,2591,2595,2599,2598],""all_points_y"":[5992,5938,5885,5886,5940,5997]}","{}"
44.bmp,70778934,"{}",2070,1730,"{""name"":""polyline"",""all_points_x"":[2871,2851],""all_points_y"":[5812,5739]}","{}"
44.bmp,70778934,"{}",2070,1731,"{""name"":""polyline"",""all_points_x"":[2701,2698],""all_points_y"":[5777,5857]}","{}"
44.bmp,70778934,"{}",2070,1732,"{""name"":""polyline"",""all_points_x"":[2659,2653,2656,2663],""all_points_y"":[5818,5749,5712,5675]}","{}"
44.bmp,70778934,"{}",2070,1733,"{""name"":""polyline"",""all_points_x"":[2636,2654],""all_points_y"":[5716,5622]}","{}"
44.bmp,70778934,"{}",2070,1734,"{""name"":""polyline"",""all_points_x"":[2657,2663],""all_points_y"":[5659,5607]}","{}"
44.bmp,70778934,"{}",2070,1735,"{""name"":""polyline"",""all_points_x"":[2389,2395],""all_points_y"":[5862,5736]}","{}"
44.bmp,70778934,"{}",2070,1736,"{""name"":""polyline"",""all_points_x"":[2465,2435],""all_points_y"":[6140,6004]}","{}"
44.bmp,70778934,"{}",2070,1737,"{""name"":""polyline"",""all_points_x"":[2374,2367,2357,2357],""all_points_y"":[6126,6069,6035,6017]}","{}"
44.bmp,70778934,"{}",2070,1738,"{""name"":""polyline"",""all_points_x"":[2584,2570,2553,2544,2539,2544],""all_points_y"":[6073,6036,5995,5966,5940,5898]}","{}"
44.bmp,70778934,"{}",2070,1739,"{""name"":""polyline"",""all_points_x"":[2648,2635],""all_points_y"":[5925,5860]}","{}"
44.bmp,70778934,"{}",2070,1740,"{""name"":""polyline"",""all_points_x"":[2683,2674,2664],""all_points_y"":[6108,6070,6000]}","{}"
44.bmp,70778934,"{}",2070,1741,"{""name"":""polyline"",""all_points_x"":[2768,2754],""all_points_y"":[6106,6039]}","{}"
44.bmp,70778934,"{}",2070,1742,"{""name"":""polyline"",""all_points_x"":[3288,3306,3327],""all_points_y"":[6069,6018,5973]}","{}"
44.bmp,70778934,"{}",2070,1743,"{""name"":""polyline"",""all_points_x"":[2920,2895],""all_points_y"":[5741,5644]}","{}"
44.bmp,70778934,"{}",2070,1744,"{""name"":""polyline"",""all_points_x"":[2910,2906,2905],""all_points_y"":[5661,5618,5565]}","{}"
44.bmp,70778934,"{}",2070,1745,"{""name"":""polyline"",""all_points_x"":[3110,3066],""all_points_y"":[5720,5590]}","{}"
44.bmp,70778934,"{}",2070,1746,"{""name"":""polyline"",""all_points_x"":[3076,3048],""all_points_y"":[5690,5597]}","{}"
44.bmp,70778934,"{}",2070,1747,"{""name"":""polyline"",""all_points_x"":[3121,2998],""all_points_y"":[5879,5853]}","{}"
44.bmp,70778934,"{}",2070,1748,"{""name"":""polyline"",""all_points_x"":[2657,2696,2729],""all_points_y"":[5974,5946,5911]}","{}"
44.bmp,70778934,"{}",2070,1749,"{""name"":""polyline"",""all_points_x"":[2689,2681,2671],""all_points_y"":[6105,6059,5990]}","{}"
44.bmp,70778934,"{}",2070,1750,"{""name"":""polyline"",""all_points_x"":[2851,2833],""all_points_y"":[6076,5987]}","{}"
44.bmp,70778934,"{}",2070,1751,"{""name"":""polyline"",""all_points_x"":[3144,3139,3139],""all_points_y"":[5959,5923,5884]}","{}"
44.bmp,70778934,"{}",2070,1752,"{""name"":""polyline"",""all_points_x"":[3200,3200,3200],""all_points_y"":[6137,6083,6033]}","{}"
44.bmp,70778934,"{}",2070,1753,"{""name"":""polyline"",""all_points_x"":[3231,3208],""all_points_y"":[5999,6090]}","{}"
44.bmp,70778934,"{}",2070,1754,"{""name"":""polyline"",""all_points_x"":[3291,3297,3319],""all_points_y"":[5983,5947,5908]}","{}"
44.bmp,70778934,"{}",2070,1755,"{""name"":""polyline"",""all_points_x"":[3251,3253],""all_points_y"":[5841,5765]}","{}"
44.bmp,70778934,"{}",2070,1756,"{""name"":""polyline"",""all_points_x"":[2732,2711],""all_points_y"":[5875,5754]}","{}"
44.bmp,70778934,"{}",2070,1757,"{""name"":""polyline"",""all_points_x"":[2633,2618],""all_points_y"":[5629,5714]}","{}"
44.bmp,70778934,"{}",2070,1758,"{""name"":""polyline"",""all_points_x"":[2620,2606],""all_points_y"":[5653,5715]}","{}"
44.bmp,70778934,"{}",2070,1759,"{""name"":""polyline"",""all_points_x"":[3007,3018],""all_points_y"":[6053,5976]}","{}"
44.bmp,70778934,"{}",2070,1760,"{""name"":""polyline"",""all_points_x"":[3267,3301],""all_points_y"":[6084,5997]}","{}"
44.bmp,70778934,"{}",2070,1761,"{""name"":""polyline"",""all_points_x"":[3312,3281],""all_points_y"":[4427,4320]}","{}"
44.bmp,70778934,"{}",2070,1762,"{""name"":""polyline"",""all_points_x"":[3166,3194,3207,3209],""all_points_y"":[3054,2993,2966,2946]}","{}"
44.bmp,70778934,"{}",2070,1763,"{""name"":""polyline"",""all_points_x"":[2937,2959,2967],""all_points_y"":[2246,2172,2143]}","{}"
44.bmp,70778934,"{}",2070,1764,"{""name"":""polyline"",""all_points_x"":[3170,3234,3291,3328],""all_points_y"":[1691,1673,1661,1656]}","{}"
44.bmp,70778934,"{}",2070,1765,"{""name"":""polyline"",""all_points_x"":[3266,3333],""all_points_y"":[1672,1594]}","{}"
44.bmp,70778934,"{}",2070,1766,"{""name"":""polyline"",""all_points_x"":[3263,3355],""all_points_y"":[629,592]}","{}"
44.bmp,70778934,"{}",2070,1767,"{""name"":""polyline"",""all_points_x"":[3307,3317,3325],""all_points_y"":[687,617,569]}","{}"
44.bmp,70778934,"{}",2070,1768,"{""name"":""polyline"",""all_points_x"":[3275,3302,3320,3342,3361,3371],""all_points_y"":[547,493,449,386,348,332]}","{}"
44.bmp,70778934,"{}",2070,1769,"{""name"":""polygon"",""all_points_x"":[3472,3263,3260,3468],""all_points_y"":[103,6,14,115]}","{}"
44.bmp,70778934,"{}",2070,1770,"{""name"":""polygon"",""all_points_x"":[3502,3351,3347,3498],""all_points_y"":[201,107,114,212]}","{}"
44.bmp,70778934,"{}",2070,1771,"{""name"":""polygon"",""all_points_x"":[3542,3586,3641,3644,3599,3545],""all_points_y"":[320,220,102,105,202,324]}","{}"
44.bmp,70778934,"{}",2070,1772,"{""name"":""polygon"",""all_points_x"":[3453,3463,3484,3506,3523,3538,3541,3523,3503,3482,3466,3458],""all_points_y"":[241,208,170,129,96,72,75,101,141,184,214,242]}","{}"
44.bmp,70778934,"{}",2070,1773,"{""name"":""polygon"",""all_points_x"":[3316,3342,3369,3373,3347,3320],""all_points_y"":[518,467,424,425,464,517]}","{}"
44.bmp,70778934,"{}",2070,1774,"{""name"":""polygon"",""all_points_x"":[3408,3341,3339,3406],""all_points_y"":[448,396,402,452]}","{}"
44.bmp,70778934,"{}",2070,1775,"{""name"":""polygon"",""all_points_x"":[3313,3360,3356,3316],""all_points_y"":[472,382,379,464]}","{}"
44.bmp,70778934,"{}",2070,1776,"{""name"":""polygon"",""all_points_x"":[3390,3398,3408,3411,3399,3393],""all_points_y"":[359,300,235,236,312,360]}","{}"
44.bmp,70778934,"{}",2070,1777,"{""name"":""polygon"",""all_points_x"":[3430,3495,3497,3432],""all_points_y"":[129,48,50,134]}","{}"
44.bmp,70778934,"{}",2070,1778,"{""name"":""polygon"",""all_points_x"":[3611,3595,3585,3584,3579,3582,3586,3591,3615],""all_points_y"":[160,109,80,51,7,8,46,80,159]}","{}"
44.bmp,70778934,"{}",2070,1779,"{""name"":""polygon"",""all_points_x"":[3498,3549,3553,3501],""all_points_y"":[297,239,241,299]}","{}"
44.bmp,70778934,"{}",2070,1780,"{""name"":""polygon"",""all_points_x"":[3396,3408,3426,3428,3412,3398],""all_points_y"":[576,531,485,487,531,579]}","{}"
44.bmp,70778934,"{}",2070,1781,"{""name"":""polyline"",""all_points_x"":[3505,3473],""all_points_y"":[124,51]}","{}"
44.bmp,70778934,"{}",2070,1782,"{""name"":""polyline"",""all_points_x"":[3381,3377,3369,3365],""all_points_y"":[240,158,87,37]}","{}"
44.bmp,70778934,"{}",2070,1783,"{""name"":""polyline"",""all_points_x"":[3369,3392],""all_points_y"":[201,143]}","{}"
44.bmp,70778934,"{}",2070,1784,"{""name"":""polyline"",""all_points_x"":[3510,3527,3549],""all_points_y"":[420,402,386]}","{}"
44.bmp,70778934,"{}",2070,1785,"{""name"":""polyline"",""all_points_x"":[3406,3417,3426],""all_points_y"":[528,469,416]}","{}"
44.bmp,70778934,"{}",2070,1786,"{""name"":""polyline"",""all_points_x"":[3401,3407,3409],""all_points_y"":[336,312,285]}","{}"
44.bmp,70778934,"{}",2070,1787,"{""name"":""polyline"",""all_points_x"":[3371,3376,3380],""all_points_y"":[373,310,284]}","{}"
44.bmp,70778934,"{}",2070,1788,"{""name"":""polyline"",""all_points_x"":[3578,3616],""all_points_y"":[264,184]}","{}"
44.bmp,70778934,"{}",2070,1789,"{""name"":""polyline"",""all_points_x"":[3522,3564],""all_points_y"":[512,446]}","{}"
44.bmp,70778934,"{}",2070,1790,"{""name"":""polyline"",""all_points_x"":[3551,3582],""all_points_y"":[532,469]}","{}"
44.bmp,70778934,"{}",2070,1791,"{""name"":""polyline"",""all_points_x"":[3585,3589,3592],""all_points_y"":[522,493,471]}","{}"
44.bmp,70778934,"{}",2070,1792,"{""name"":""polyline"",""all_points_x"":[3623,3642],""all_points_y"":[478,348]}","{}"
44.bmp,70778934,"{}",2070,1793,"{""name"":""polyline"",""all_points_x"":[3589,3628],""all_points_y"":[388,303]}","{}"
44.bmp,70778934,"{}",2070,1794,"{""name"":""polyline"",""all_points_x"":[3648,3629],""all_points_y"":[244,203]}","{}"
44.bmp,70778934,"{}",2070,1795,"{""name"":""polyline"",""all_points_x"":[3461,3489],""all_points_y"":[441,391]}","{}"
44.bmp,70778934,"{}",2070,1796,"{""name"":""polyline"",""all_points_x"":[3627,3645],""all_points_y"":[523,438]}","{}"
44.bmp,70778934,"{}",2070,1797,"{""name"":""polyline"",""all_points_x"":[3649,3648,3653],""all_points_y"":[598,561,522]}","{}"
44.bmp,70778934,"{}",2070,1798,"{""name"":""polyline"",""all_points_x"":[3622,3652],""all_points_y"":[574,514]}","{}"
44.bmp,70778934,"{}",2070,1799,"{""name"":""polyline"",""all_points_x"":[3520,3604],""all_points_y"":[587,574]}","{}"
44.bmp,70778934,"{}",2070,1800,"{""name"":""polyline"",""all_points_x"":[3599,3612,3626],""all_points_y"":[101,74,29]}","{}"
44.bmp,70778934,"{}",2070,1801,"{""name"":""polygon"",""all_points_x"":[3449,3415,3371,3347,3286,3287,3348,3393,3451],""all_points_y"":[602,620,643,655,685,689,659,636,604]}","{}"
44.bmp,70778934,"{}",2070,1802,"{""name"":""polygon"",""all_points_x"":[3418,3394,3375,3348,3323,3320,3347,3375,3415],""all_points_y"":[590,604,617,633,650,645,628,614,587]}","{}"
44.bmp,70778934,"{}",2070,1803,"{""name"":""polygon"",""all_points_x"":[3456,3515,3562,3562,3514,3456],""all_points_y"":[727,728,723,719,723,723]}","{}"
44.bmp,70778934,"{}",2070,1804,"{""name"":""polygon"",""all_points_x"":[3446,3484,3531,3533,3491,3449],""all_points_y"":[707,664,613,616,661,709]}","{}"
44.bmp,70778934,"{}",2070,1805,"{""name"":""polygon"",""all_points_x"":[3292,3326,3355,3357,3331,3295],""all_points_y"":[879,857,842,845,859,884]}","{}"
44.bmp,70778934,"{}",2070,1806,"{""name"":""polygon"",""all_points_x"":[3548,3553,3560,3564,3572,3574,3567,3560,3556,3551],""all_points_y"":[918,892,835,801,763,764,805,854,895,921]}","{}"
44.bmp,70778934,"{}",2070,1807,"{""name"":""polygon"",""all_points_x"":[3443,3511,3513,3446],""all_points_y"":[935,873,875,937]}","{}"
44.bmp,70778934,"{}",2070,1808,"{""name"":""polygon"",""all_points_x"":[3435,3469,3482,3486,3473,3437],""all_points_y"":[915,882,861,862,882,918]}","{}"
44.bmp,70778934,"{}",2070,1809,"{""name"":""polygon"",""all_points_x"":[3278,3287,3298,3320,3398,3396,3352,3308,3296,3282],""all_points_y"":[848,836,830,827,816,820,828,833,835,848]}","{}"
44.bmp,70778934,"{}",2070,1810,"{""name"":""polyline"",""all_points_x"":[3494,3527],""all_points_y"":[773,716]}","{}"
44.bmp,70778934,"{}",2070,1811,"{""name"":""polyline"",""all_points_x"":[3517,3510,3505,3489,3491],""all_points_y"":[621,607,577,541,529]}","{}"
44.bmp,70778934,"{}",2070,1812,"{""name"":""polyline"",""all_points_x"":[3306,3336,3365],""all_points_y"":[817,792,768]}","{}"
44.bmp,70778934,"{}",2070,1813,"{""name"":""polyline"",""all_points_x"":[3452,3490],""all_points_y"":[1045,1002]}","{}"
44.bmp,70778934,"{}",2070,1814,"{""name"":""polyline"",""all_points_x"":[3452,3517],""all_points_y"":[1014,1048]}","{}"
44.bmp,70778934,"{}",2070,1815,"{""name"":""polyline"",""all_points_x"":[3487,3527],""all_points_y"":[1068,1037]}","{}"
44.bmp,70778934,"{}",2070,1816,"{""name"":""polyline"",""all_points_x"":[3438,3446,3468],""all_points_y"":[1004,987,952]}","{}"
44.bmp,70778934,"{}",2070,1817,"{""name"":""polyline"",""all_points_x"":[3353,3358,3368],""all_points_y"":[936,917,895]}","{}"
44.bmp,70778934,"{}",2070,1818,"{""name"":""polyline"",""all_points_x"":[3373,3380],""all_points_y"":[971,914]}","{}"
44.bmp,70778934,"{}",2070,1819,"{""name"":""polyline"",""all_points_x"":[3411,3404,3399],""all_points_y"":[998,955,910]}","{}"
44.bmp,70778934,"{}",2070,1820,"{""name"":""polyline"",""all_points_x"":[3089,3128,3170],""all_points_y"":[937,903,858]}","{}"
44.bmp,70778934,"{}",2070,1821,"{""name"":""polyline"",""all_points_x"":[3175,3154,3145],""all_points_y"":[853,826,799]}","{}"
44.bmp,70778934,"{}",2070,1822,"{""name"":""polyline"",""all_points_x"":[3117,3116],""all_points_y"":[811,753]}","{}"
44.bmp,70778934,"{}",2070,1823,"{""name"":""polyline"",""all_points_x"":[3413,3380],""all_points_y"":[675,611]}","{}"
44.bmp,70778934,"{}",2070,1824,"{""name"":""polyline"",""all_points_x"":[3534,3551,3570],""all_points_y"":[706,681,654]}","{}"
44.bmp,70778934,"{}",2070,1825,"{""name"":""polygon"",""all_points_x"":[3540,3506,3489,3492,3509,3545],""all_points_y"":[684,616,580,579,617,683]}","{}"
44.bmp,70778934,"{}",2070,1826,"{""name"":""polyline"",""all_points_x"":[3601,3594,3593],""all_points_y"":[671,626,580]}","{}"
44.bmp,70778934,"{}",2070,1827,"{""name"":""polyline"",""all_points_x"":[3464,3522],""all_points_y"":[829,773]}","{}"
44.bmp,70778934,"{}",2070,1828,"{""name"":""polyline"",""all_points_x"":[3047,3085],""all_points_y"":[1068,1044]}","{}"
44.bmp,70778934,"{}",2070,1829,"{""name"":""polyline"",""all_points_x"":[3407,3420,3423],""all_points_y"":[586,543,517]}","{}"
44.bmp,70778934,"{}",2070,1830,"{""name"":""polyline"",""all_points_x"":[3455,3474],""all_points_y"":[659,557]}","{}"
44.bmp,70778934,"{}",2070,1831,"{""name"":""polyline"",""all_points_x"":[3438,3441,3439],""all_points_y"":[631,585,548]}","{}"
44.bmp,70778934,"{}",2070,1832,"{""name"":""polyline"",""all_points_x"":[3501,3534,3549,3561],""all_points_y"":[771,730,710,680]}","{}"
44.bmp,70778934,"{}",2070,1833,"{""name"":""polyline"",""all_points_x"":[3247,3245,3249],""all_points_y"":[847,826,787]}","{}"
44.bmp,70778934,"{}",2070,1834,"{""name"":""polyline"",""all_points_x"":[3219,3252],""all_points_y"":[1030,1001]}","{}"
44.bmp,70778934,"{}",2070,1835,"{""name"":""polyline"",""all_points_x"":[3318,3350,3382],""all_points_y"":[811,795,785]}","{}"
44.bmp,70778934,"{}",2070,1836,"{""name"":""polygon"",""all_points_x"":[3523,3562,3589,3616,3656,3659,3636,3608,3585,3565,3529],""all_points_y"":[1158,1110,1089,1066,1020,1023,1051,1077,1099,1115,1160]}","{}"
44.bmp,70778934,"{}",2070,1837,"{""name"":""polygon"",""all_points_x"":[3522,3548,3574,3605,3655,3654,3628,3591,3562,3541,3526],""all_points_y"":[1200,1207,1210,1210,1201,1194,1197,1205,1201,1199,1194]}","{}"
44.bmp,70778934,"{}",2070,1838,"{""name"":""polygon"",""all_points_x"":[3643,3605,3570,3575,3615,3648],""all_points_y"":[1295,1214,1132,1130,1224,1296]}","{}"
44.bmp,70778934,"{}",2070,1839,"{""name"":""polygon"",""all_points_x"":[3563,3548,3530,3534,3550,3567],""all_points_y"":[1337,1299,1243,1241,1291,1334]}","{}"
44.bmp,70778934,"{}",2070,1840,"{""name"":""polyline"",""all_points_x"":[3444,3430,3421],""all_points_y"":[1203,1153,1101]}","{}"
44.bmp,70778934,"{}",2070,1841,"{""name"":""polyline"",""all_points_x"":[3434,3436,3431,3431,3436,3444],""all_points_y"":[1032,1070,1105,1125,1152,1189]}","{}"
44.bmp,70778934,"{}",2070,1842,"{""name"":""polyline"",""all_points_x"":[3491,3534],""all_points_y"":[1191,1176]}","{}"
44.bmp,70778934,"{}",2070,1843,"{""name"":""polyline"",""all_points_x"":[3484,3444],""all_points_y"":[1143,1080]}","{}"
44.bmp,70778934,"{}",2070,1844,"{""name"":""polyline"",""all_points_x"":[3380,3373],""all_points_y"":[1313,1189]}","{}"
44.bmp,70778934,"{}",2070,1845,"{""name"":""polyline"",""all_points_x"":[3357,3350],""all_points_y"":[1131,1100]}","{}"
44.bmp,70778934,"{}",2070,1846,"{""name"":""polyline"",""all_points_x"":[3339,3368],""all_points_y"":[909,869]}","{}"
44.bmp,70778934,"{}",2070,1847,"{""name"":""polyline"",""all_points_x"":[3377,3395,3428],""all_points_y"":[1168,1168,1160]}","{}"
44.bmp,70778934,"{}",2070,1848,"{""name"":""polyline"",""all_points_x"":[3422,3454,3478],""all_points_y"":[926,877,853]}","{}"
44.bmp,70778934,"{}",2070,1849,"{""name"":""polyline"",""all_points_x"":[3639,3588,3563],""all_points_y"":[963,876,830]}","{}"
44.bmp,70778934,"{}",2070,1850,"{""name"":""polyline"",""all_points_x"":[3484,3547],""all_points_y"":[1275,1221]}","{}"
44.bmp,70778934,"{}",2070,1851,"{""name"":""polyline"",""all_points_x"":[3591,3634],""all_points_y"":[1020,992]}","{}"
44.bmp,70778934,"{}",2070,1852,"{""name"":""polygon"",""all_points_x"":[3249,3289,3330,3343,3350,3365,3369,3358,3348,3337,3306,3285,3256],""all_points_y"":[1630,1592,1562,1551,1539,1513,1513,1533,1550,1562,1582,1600,1631]}","{}"
44.bmp,70778934,"{}",2070,1853,"{""name"":""polygon"",""all_points_x"":[3253,3311,3314,3255],""all_points_y"":[1698,1658,1661,1700]}","{}"
44.bmp,70778934,"{}",2070,1854,"{""name"":""polygon"",""all_points_x"":[3544,3560,3574,3577,3566,3548],""all_points_y"":[1700,1651,1611,1611,1648,1700]}","{}"
44.bmp,70778934,"{}",2070,1855,"{""name"":""polygon"",""all_points_x"":[3564,3593,3635,3639,3596,3567],""all_points_y"":[1715,1701,1667,1670,1705,1718]}","{}"
44.bmp,70778934,"{}",2070,1856,"{""name"":""polygon"",""all_points_x"":[3592,3564,3560,3590],""all_points_y"":[1310,1260,1262,1313]}","{}"
44.bmp,70778934,"{}",2070,1857,"{""name"":""polyline"",""all_points_x"":[3520,3470],""all_points_y"":[1313,1222]}","{}"
44.bmp,70778934,"{}",2070,1858,"{""name"":""polyline"",""all_points_x"":[3566,3534],""all_points_y"":[1510,1468]}","{}"
44.bmp,70778934,"{}",2070,1859,"{""name"":""polyline"",""all_points_x"":[3515,3558],""all_points_y"":[1688,1610]}","{}"
44.bmp,70778934,"{}",2070,1860,"{""name"":""polyline"",""all_points_x"":[3505,3498],""all_points_y"":[1733,1802]}","{}"
44.bmp,70778934,"{}",2070,1861,"{""name"":""polyline"",""all_points_x"":[3216,3249],""all_points_y"":[1353,1318]}","{}"
44.bmp,70778934,"{}",2070,1862,"{""name"":""polyline"",""all_points_x"":[3206,3242],""all_points_y"":[1379,1338]}","{}"
44.bmp,70778934,"{}",2070,1863,"{""name"":""polyline"",""all_points_x"":[3147,3155,3171],""all_points_y"":[1380,1358,1332]}","{}"
44.bmp,70778934,"{}",2070,1864,"{""name"":""polyline"",""all_points_x"":[3175,3168],""all_points_y"":[1363,1298]}","{}"
44.bmp,70778934,"{}",2070,1865,"{""name"":""polyline"",""all_points_x"":[3410,3441,3484],""all_points_y"":[1658,1637,1597]}","{}"
44.bmp,70778934,"{}",2070,1866,"{""name"":""polygon"",""all_points_x"":[3474,3513,3589,3584,3514,3470],""all_points_y"":[1370,1394,1431,1435,1402,1377]}","{}"
44.bmp,70778934,"{}",2070,1867,"{""name"":""polygon"",""all_points_x"":[3417,3356,3276,3280,3358,3420],""all_points_y"":[1995,1930,1838,1837,1926,1993]}","{}"
44.bmp,70778934,"{}",2070,1868,"{""name"":""polygon"",""all_points_x"":[3449,3397,3401,3451],""all_points_y"":[2031,1942,1941,2030]}","{}"
44.bmp,70778934,"{}",2070,1869,"{""name"":""polygon"",""all_points_x"":[3394,3404,3410,3412,3406,3397],""all_points_y"":[1949,1886,1857,1857,1894,1952]}","{}"
44.bmp,70778934,"{}",2070,1870,"{""name"":""polygon"",""all_points_x"":[3446,3411,3387,3384,3410,3442],""all_points_y"":[2049,2028,2009,2016,2033,2054]}","{}"
44.bmp,70778934,"{}",2070,1871,"{""name"":""polyline"",""all_points_x"":[3363,3392],""all_points_y"":[1958,1883]}","{}"
44.bmp,70778934,"{}",2070,1872,"{""name"":""polyline"",""all_points_x"":[3458,3483,3508],""all_points_y"":[1987,1919,1842]}","{}"
44.bmp,70778934,"{}",2070,1873,"{""name"":""polyline"",""all_points_x"":[3512,3512,3516],""all_points_y"":[1942,1902,1857]}","{}"
44.bmp,70778934,"{}",2070,1874,"{""name"":""polyline"",""all_points_x"":[3531,3525,3525],""all_points_y"":[1992,1945,1895]}","{}"
44.bmp,70778934,"{}",2070,1875,"{""name"":""polyline"",""all_points_x"":[3541,3532,3532],""all_points_y"":[1984,1945,1874]}","{}"
44.bmp,70778934,"{}",2070,1876,"{""name"":""polyline"",""all_points_x"":[3558,3557,3576],""all_points_y"":[1994,1966,1874]}","{}"
44.bmp,70778934,"{}",2070,1877,"{""name"":""polyline"",""all_points_x"":[3561,3607],""all_points_y"":[1999,1881]}","{}"
44.bmp,70778934,"{}",2070,1878,"{""name"":""polyline"",""all_points_x"":[3510,3503,3477],""all_points_y"":[2044,2010,1933]}","{}"
44.bmp,70778934,"{}",2070,1879,"{""name"":""polyline"",""all_points_x"":[3437,3452],""all_points_y"":[1966,1907]}","{}"
44.bmp,70778934,"{}",2070,1880,"{""name"":""polyline"",""all_points_x"":[3553,3556],""all_points_y"":[2021,2120]}","{}"
44.bmp,70778934,"{}",2070,1881,"{""name"":""polyline"",""all_points_x"":[3555,3600],""all_points_y"":[2185,2035]}","{}"
44.bmp,70778934,"{}",2070,1882,"{""name"":""polyline"",""all_points_x"":[3565,3591],""all_points_y"":[2138,2040]}","{}"
44.bmp,70778934,"{}",2070,1883,"{""name"":""polygon"",""all_points_x"":[3351,3382,3395,3413,3418,3420,3405,3392,3381,3354],""all_points_y"":[2486,2427,2391,2349,2328,2329,2374,2413,2439,2489]}","{}"
44.bmp,70778934,"{}",2070,1884,"{""name"":""polygon"",""all_points_x"":[3508,3463,3467,3511],""all_points_y"":[2344,2296,2292,2341]}","{}"
44.bmp,70778934,"{}",2070,1885,"{""name"":""polygon"",""all_points_x"":[3584,3619,3622,3588],""all_points_y"":[2533,2473,2476,2536]}","{}"
44.bmp,70778934,"{}",2070,1886,"{""name"":""polyline"",""all_points_x"":[3475,3463,3450],""all_points_y"":[2294,2245,2194]}","{}"
44.bmp,70778934,"{}",2070,1887,"{""name"":""polyline"",""all_points_x"":[3479,3479,3478],""all_points_y"":[2478,2441,2413]}","{}"
44.bmp,70778934,"{}",2070,1888,"{""name"":""polyline"",""all_points_x"":[3536,3521],""all_points_y"":[2460,2382]}","{}"
44.bmp,70778934,"{}",2070,1889,"{""name"":""polyline"",""all_points_x"":[3572,3586],""all_points_y"":[2434,2377]}","{}"
44.bmp,70778934,"{}",2070,1890,"{""name"":""polyline"",""all_points_x"":[3517,3545,3578],""all_points_y"":[2499,2470,2439]}","{}"
44.bmp,70778934,"{}",2070,1891,"{""name"":""polygon"",""all_points_x"":[3278,3280,3282,3287,3285,3283],""all_points_y"":[2460,2399,2345,2346,2401,2460]}","{}"
44.bmp,70778934,"{}",2070,1892,"{""name"":""polyline"",""all_points_x"":[3435,3444],""all_points_y"":[2479,2433]}","{}"
44.bmp,70778934,"{}",2070,1893,"{""name"":""polygon"",""all_points_x"":[3233,3275,3359,3451,3451,3370,3322,3272,3235],""all_points_y"":[2756,2757,2745,2738,2745,2750,2754,2762,2764]}","{}"
44.bmp,70778934,"{}",2070,1894,"{""name"":""polygon"",""all_points_x"":[3544,3575,3578,3547],""all_points_y"":[2781,2714,2714,2785]}","{}"
44.bmp,70778934,"{}",2070,1895,"{""name"":""polygon"",""all_points_x"":[3527,3572,3632,3634,3594,3530],""all_points_y"":[2671,2645,2602,2603,2634,2675]}","{}"
44.bmp,70778934,"{}",2070,1896,"{""name"":""polygon"",""all_points_x"":[3482,3479,3476,3475,3477,3479,3482,3485],""all_points_y"":[2694,2640,2602,2517,2517,2582,2636,2694]}","{}"
44.bmp,70778934,"{}",2070,1897,"{""name"":""polygon"",""all_points_x"":[3389,3373,3353,3355,3374,3391],""all_points_y"":[2978,2935,2871,2870,2930,2975]}","{}"
44.bmp,70778934,"{}",2070,1898,"{""name"":""polygon"",""all_points_x"":[3468,3484,3501,3504,3489,3471],""all_points_y"":[2947,2907,2867,2869,2903,2947]}","{}"
44.bmp,70778934,"{}",2070,1899,"{""name"":""polygon"",""all_points_x"":[3435,3460,3486,3487,3463,3437],""all_points_y"":[2925,2912,2888,2890,2916,2928]}","{}"
44.bmp,70778934,"{}",2070,1900,"{""name"":""polygon"",""all_points_x"":[3361,3363,3367,3369,3367,3364],""all_points_y"":[2831,2798,2755,2755,2802,2831]}","{}"
44.bmp,70778934,"{}",2070,1901,"{""name"":""polygon"",""all_points_x"":[3480,3465,3445,3434,3432,3438,3451,3467,3479],""all_points_y"":[2909,2897,2873,2855,2855,2866,2885,2905,2914]}","{}"
44.bmp,70778934,"{}",2070,1902,"{""name"":""polyline"",""all_points_x"":[3415,3413,3417],""all_points_y"":[2917,2879,2834]}","{}"
44.bmp,70778934,"{}",2070,1903,"{""name"":""polyline"",""all_points_x"":[3433,3468],""all_points_y"":[2822,2752]}","{}"
44.bmp,70778934,"{}",2070,1904,"{""name"":""polyline"",""all_points_x"":[3451,3482],""all_points_y"":[2733,2673]}","{}"
44.bmp,70778934,"{}",2070,1905,"{""name"":""polyline"",""all_points_x"":[3506,3529],""all_points_y"":[2676,2585]}","{}"
44.bmp,70778934,"{}",2070,1906,"{""name"":""polyline"",""all_points_x"":[3423,3418],""all_points_y"":[2534,2474]}","{}"
44.bmp,70778934,"{}",2070,1907,"{""name"":""polyline"",""all_points_x"":[3599,3648],""all_points_y"":[2444,2384]}","{}"
44.bmp,70778934,"{}",2070,1908,"{""name"":""polyline"",""all_points_x"":[3498,3494],""all_points_y"":[2833,2777]}","{}"
44.bmp,70778934,"{}",2070,1909,"{""name"":""polyline"",""all_points_x"":[3487,3518],""all_points_y"":[2891,2766]}","{}"
44.bmp,70778934,"{}",2070,1910,"{""name"":""polygon"",""all_points_x"":[3630,3637,3641,3635],""all_points_y"":[2756,2676,2676,2758]}","{}"
44.bmp,70778934,"{}",2070,1911,"{""name"":""polygon"",""all_points_x"":[3418,3445,3463,3476,3481,3467,3460,3446,3424],""all_points_y"":[3154,3081,3026,2965,2967,3017,3051,3092,3151]}","{}"
44.bmp,70778934,"{}",2070,1912,"{""name"":""polygon"",""all_points_x"":[3476,3473,3471,3464,3458,3455,3451,3455,3460,3466,3473,3480,3481],""all_points_y"":[3404,3363,3328,3286,3251,3217,3186,3187,3226,3273,3313,3359,3405]}","{}"
44.bmp,70778934,"{}",2070,1913,"{""name"":""polygon"",""all_points_x"":[3481,3529,3567,3571,3529,3483],""all_points_y"":[3350,3257,3187,3188,3265,3362]}","{}"
44.bmp,70778934,"{}",2070,1914,"{""name"":""polygon"",""all_points_x"":[3484,3621,3624,3486],""all_points_y"":[3502,3405,3410,3505]}","{}"
44.bmp,70778934,"{}",2070,1915,"{""name"":""polygon"",""all_points_x"":[3395,3382,3375,3364,3349,3353,3366,3383,3398],""all_points_y"":[3682,3660,3641,3610,3564,3564,3604,3653,3682]}","{}"
44.bmp,70778934,"{}",2070,1916,"{""name"":""polygon"",""all_points_x"":[3457,3436,3407,3385,3373,3377,3393,3408,3422,3432,3460],""all_points_y"":[3374,3338,3285,3233,3201,3201,3242,3278,3305,3325,3373]}","{}"
44.bmp,70778934,"{}",2070,1917,"{""name"":""polygon"",""all_points_x"":[3375,3331,3336,3379],""all_points_y"":[3219,3113,3111,3218]}","{}"
44.bmp,70778934,"{}",2070,1918,"{""name"":""polygon"",""all_points_x"":[3569,3593,3610,3624,3630,3636,3620,3607,3574],""all_points_y"":[3381,3339,3301,3256,3234,3235,3289,3321,3387]}","{}"
44.bmp,70778934,"{}",2070,1919,"{""name"":""polygon"",""all_points_x"":[3519,3517,3518,3522,3522,3526],""all_points_y"":[3124,3088,3049,3049,3085,3122]}","{}"
44.bmp,70778934,"{}",2070,1920,"{""name"":""polyline"",""all_points_x"":[3434,3409,3399],""all_points_y"":[3097,3043,3002]}","{}"
44.bmp,70778934,"{}",2070,1921,"{""name"":""polyline"",""all_points_x"":[3304,3387],""all_points_y"":[3006,2990]}","{}"
44.bmp,70778934,"{}",2070,1922,"{""name"":""polyline"",""all_points_x"":[3445,3445,3445,3445],""all_points_y"":[3331,3250,3174,3130]}","{}"
44.bmp,70778934,"{}",2070,1923,"{""name"":""polyline"",""all_points_x"":[3494,3486,3489,3494,3499,3513],""all_points_y"":[3177,3142,3108,3077,3062,3044]}","{}"
44.bmp,70778934,"{}",2070,1924,"{""name"":""polyline"",""all_points_x"":[3519,3513,3515,3525,3537],""all_points_y"":[3232,3213,3193,3129,3081]}","{}"
44.bmp,70778934,"{}",2070,1925,"{""name"":""polyline"",""all_points_x"":[3523,3540,3551,3558,3563,3568],""all_points_y"":[3362,3321,3292,3262,3239,3200]}","{}"
44.bmp,70778934,"{}",2070,1926,"{""name"":""polyline"",""all_points_x"":[3524,3577],""all_points_y"":[3365,3264]}","{}"
44.bmp,70778934,"{}",2070,1927,"{""name"":""polyline"",""all_points_x"":[3552,3569,3574,3578,3583],""all_points_y"":[3385,3326,3302,3255,3161]}","{}"
44.bmp,70778934,"{}",2070,1928,"{""name"":""polyline"",""all_points_x"":[3559,3588,3619],""all_points_y"":[3315,3261,3198]}","{}"
44.bmp,70778934,"{}",2070,1929,"{""name"":""polyline"",""all_points_x"":[3635,3611],""all_points_y"":[3157,3044]}","{}"
44.bmp,70778934,"{}",2070,1930,"{""name"":""polyline"",""all_points_x"":[3471,3450,3432,3414],""all_points_y"":[3517,3467,3409,3352]}","{}"
44.bmp,70778934,"{}",2070,1931,"{""name"":""polyline"",""all_points_x"":[3539,3606],""all_points_y"":[3452,3404]}","{}"
44.bmp,70778934,"{}",2070,1932,"{""name"":""polyline"",""all_points_x"":[3586,3594,3605],""all_points_y"":[3522,3483,3442]}","{}"
44.bmp,70778934,"{}",2070,1933,"{""name"":""polygon"",""all_points_x"":[3469,3463,3457,3452,3456,3462,3470,3476],""all_points_y"":[3918,3810,3761,3704,3704,3774,3839,3920]}","{}"
44.bmp,70778934,"{}",2070,1934,"{""name"":""polygon"",""all_points_x"":[3502,3497,3473,3477,3503,3507],""all_points_y"":[4193,4141,4021,4017,4150,4198]}","{}"
44.bmp,70778934,"{}",2070,1935,"{""name"":""polygon"",""all_points_x"":[3594,3574,3557,3562,3579,3598],""all_points_y"":[4221,4160,4085,4083,4155,4218]}","{}"
44.bmp,70778934,"{}",2070,1936,"{""name"":""polygon"",""all_points_x"":[3627,3593,3595,3632],""all_points_y"":[4218,4018,4018,4220]}","{}"
44.bmp,70778934,"{}",2070,1937,"{""name"":""polygon"",""all_points_x"":[3649,3646,3638,3615,3618,3634,3648,3652],""all_points_y"":[4217,4190,4144,4034,4034,4110,4175,4218]}","{}"
44.bmp,70778934,"{}",2070,1938,"{""name"":""polygon"",""all_points_x"":[3569,3579,3589,3586,3574,3566],""all_points_y"":[4026,4097,4152,4152,4114,4027]}","{}"
44.bmp,70778934,"{}",2070,1939,"{""name"":""polygon"",""all_points_x"":[3510,3450,3452,3514],""all_points_y"":[4315,4176,4175,4312]}","{}"
44.bmp,70778934,"{}",2070,1940,"{""name"":""polyline"",""all_points_x"":[3333,3359,3377],""all_points_y"":[3786,3877,3954]}","{}"
44.bmp,70778934,"{}",2070,1941,"{""name"":""polyline"",""all_points_x"":[3445,3450,3461],""all_points_y"":[3696,3756,3825]}","{}"
44.bmp,70778934,"{}",2070,1942,"{""name"":""polyline"",""all_points_x"":[3461,3493],""all_points_y"":[3692,3559]}","{}"
44.bmp,70778934,"{}",2070,1943,"{""name"":""polyline"",""all_points_x"":[3563,3530,3512,3497],""all_points_y"":[3671,3633,3605,3572]}","{}"
44.bmp,70778934,"{}",2070,1944,"{""name"":""polyline"",""all_points_x"":[3523,3556,3586],""all_points_y"":[3795,3758,3706]}","{}"
44.bmp,70778934,"{}",2070,1945,"{""name"":""polyline"",""all_points_x"":[3598,3608],""all_points_y"":[3656,3576]}","{}"
44.bmp,70778934,"{}",2070,1946,"{""name"":""polyline"",""all_points_x"":[3484,3454],""all_points_y"":[4190,4104]}","{}"
44.bmp,70778934,"{}",2070,1947,"{""name"":""polyline"",""all_points_x"":[3445,3424,3415,3414],""all_points_y"":[4031,4088,4120,4150]}","{}"
44.bmp,70778934,"{}",2070,1948,"{""name"":""polyline"",""all_points_x"":[3586,3574,3560,3560],""all_points_y"":[4208,4189,4146,4123]}","{}"
44.bmp,70778934,"{}",2070,1949,"{""name"":""polyline"",""all_points_x"":[3521,3516],""all_points_y"":[3913,3865]}","{}"
44.bmp,70778934,"{}",2070,1950,"{""name"":""polyline"",""all_points_x"":[3521,3573],""all_points_y"":[3775,3707]}","{}"
44.bmp,70778934,"{}",2070,1951,"{""name"":""polyline"",""all_points_x"":[3430,3429],""all_points_y"":[4190,4109]}","{}"
44.bmp,70778934,"{}",2070,1952,"{""name"":""polygon"",""all_points_x"":[3490,3468,3447,3451,3475,3499],""all_points_y"":[4804,4710,4596,4596,4709,4803]}","{}"
44.bmp,70778934,"{}",2070,1953,"{""name"":""polygon"",""all_points_x"":[3424,3299,3275,3259,3246,3240,3242,3255,3289,3306,3381,3429],""all_points_y"":[4680,4548,4513,4486,4469,4455,4454,4476,4523,4546,4622,4674]}","{}"
44.bmp,70778934,"{}",2070,1954,"{""name"":""polygon"",""all_points_x"":[3466,3442,3414,3419,3436,3471],""all_points_y"":[4613,4505,4382,4380,4457,4609]}","{}"
44.bmp,70778934,"{}",2070,1955,"{""name"":""polygon"",""all_points_x"":[3477,3472,3470,3468,3476,3474,3481],""all_points_y"":[4487,4536,4561,4592,4603,4565,4486]}","{}"
44.bmp,70778934,"{}",2070,1956,"{""name"":""polygon"",""all_points_x"":[3531,3500,3506,3542],""all_points_y"":[4680,4537,4537,4681]}","{}"
44.bmp,70778934,"{}",2070,1957,"{""name"":""polygon"",""all_points_x"":[3591,3512,3517,3594],""all_points_y"":[4618,4422,4420,4616]}","{}"
44.bmp,70778934,"{}",2070,1958,"{""name"":""polygon"",""all_points_x"":[3553,3552,3558,3563,3557,3559],""all_points_y"":[4459,4405,4309,4309,4394,4462]}","{}"
44.bmp,70778934,"{}",2070,1959,"{""name"":""polygon"",""all_points_x"":[3651,3645,3641,3641,3644,3646,3649,3654],""all_points_y"":[4469,4408,4356,4310,4310,4375,4414,4468]}","{}"
44.bmp,70778934,"{}",2070,1960,"{""name"":""polygon"",""all_points_x"":[3608,3610,3617,3620,3618,3612],""all_points_y"":[4836,4816,4752,4752,4792,4838]}","{}"
44.bmp,70778934,"{}",2070,1961,"{""name"":""polygon"",""all_points_x"":[3327,3300,3305,3331],""all_points_y"":[4706,4641,4639,4698]}","{}"
44.bmp,70778934,"{}",2070,1962,"{""name"":""polygon"",""all_points_x"":[3363,3335,3340,3370],""all_points_y"":[4536,4417,4417,4536]}","{}"
44.bmp,70778934,"{}",2070,1963,"{""name"":""polyline"",""all_points_x"":[3550,3550,3547],""all_points_y"":[4687,4651,4605]}","{}"
44.bmp,70778934,"{}",2070,1964,"{""name"":""polyline"",""all_points_x"":[3649,3606],""all_points_y"":[4613,4495]}","{}"
44.bmp,70778934,"{}",2070,1965,"{""name"":""polyline"",""all_points_x"":[3455,3439],""all_points_y"":[4452,4370]}","{}"
44.bmp,70778934,"{}",2070,1966,"{""name"":""polyline"",""all_points_x"":[3463,3445],""all_points_y"":[4447,4361]}","{}"
44.bmp,70778934,"{}",2070,1967,"{""name"":""polyline"",""all_points_x"":[3381,3327],""all_points_y"":[4155,4098]}","{}"
44.bmp,70778934,"{}",2070,1968,"{""name"":""polyline"",""all_points_x"":[3580,3572,3569,3569],""all_points_y"":[4433,4406,4367,4324]}","{}"
44.bmp,70778934,"{}",2070,1969,"{""name"":""polyline"",""all_points_x"":[3558,3555],""all_points_y"":[4854,4757]}","{}"
44.bmp,70778934,"{}",2070,1970,"{""name"":""polyline"",""all_points_x"":[3541,3536,3530],""all_points_y"":[4879,4846,4802]}","{}"
44.bmp,70778934,"{}",2070,1971,"{""name"":""polyline"",""all_points_x"":[3544,3541],""all_points_y"":[4869,4790]}","{}"
44.bmp,70778934,"{}",2070,1972,"{""name"":""polyline"",""all_points_x"":[3611,3574],""all_points_y"":[4866,4749]}","{}"
44.bmp,70778934,"{}",2070,1973,"{""name"":""polyline"",""all_points_x"":[3443,3438],""all_points_y"":[4931,4840]}","{}"
44.bmp,70778934,"{}",2070,1974,"{""name"":""polyline"",""all_points_x"":[3446,3450],""all_points_y"":[4804,4694]}","{}"
44.bmp,70778934,"{}",2070,1975,"{""name"":""polyline"",""all_points_x"":[3579,3577,3591,3591,3619],""all_points_y"":[4729,4706,4682,4668,4636]}","{}"
44.bmp,70778934,"{}",2070,1976,"{""name"":""polyline"",""all_points_x"":[3243,3255],""all_points_y"":[4881,4807]}","{}"
44.bmp,70778934,"{}",2070,1977,"{""name"":""polygon"",""all_points_x"":[3466,3466,3471,3470,3469,3462,3457,3460,3465,3470,3472,3476,3476,3471],""all_points_y"":[5255,5215,5174,5137,5092,5034,4983,4983,5026,5061,5093,5149,5200,5260]}","{}"
44.bmp,70778934,"{}",2070,1978,"{""name"":""polygon"",""all_points_x"":[3487,3502,3511,3520,3525,3517,3507,3497],""all_points_y"":[5207,5155,5114,5068,5069,5118,5159,5206]}","{}"
44.bmp,70778934,"{}",2070,1979,"{""name"":""polygon"",""all_points_x"":[3584,3612,3615,3589],""all_points_y"":[5275,5121,5123,5274]}","{}"
44.bmp,70778934,"{}",2070,1980,"{""name"":""polyline"",""all_points_x"":[3533,3549],""all_points_y"":[5025,4930]}","{}"
44.bmp,70778934,"{}",2070,1981,"{""name"":""polygon"",""all_points_x"":[3461,3448,3430,3422,3418,3423,3424,3432,3454,3467],""all_points_y"":[5247,5175,5081,5048,5017,5017,5039,5078,5172,5243]}","{}"
44.bmp,70778934,"{}",2070,1982,"{""name"":""polyline"",""all_points_x"":[3522,3571],""all_points_y"":[5212,5045]}","{}"
44.bmp,70778934,"{}",2070,1983,"{""name"":""polyline"",""all_points_x"":[3576,3579,3584,3595],""all_points_y"":[5117,5081,5055,5024]}","{}"
44.bmp,70778934,"{}",2070,1984,"{""name"":""polyline"",""all_points_x"":[3626,3606],""all_points_y"":[5010,5076]}","{}"
44.bmp,70778934,"{}",2070,1985,"{""name"":""polyline"",""all_points_x"":[3455,3512],""all_points_y"":[5334,5289]}","{}"
44.bmp,70778934,"{}",2070,1986,"{""name"":""polyline"",""all_points_x"":[3519,3497],""all_points_y"":[5411,5338]}","{}"
44.bmp,70778934,"{}",2070,1987,"{""name"":""polyline"",""all_points_x"":[3625,3613],""all_points_y"":[5463,5383]}","{}"
44.bmp,70778934,"{}",2070,1988,"{""name"":""polyline"",""all_points_x"":[3473,3436],""all_points_y"":[5603,5438]}","{}"
44.bmp,70778934,"{}",2070,1989,"{""name"":""polyline"",""all_points_x"":[3405,3404],""all_points_y"":[5725,5648]}","{}"
44.bmp,70778934,"{}",2070,1990,"{""name"":""polyline"",""all_points_x"":[3456,3448,3442,3443],""all_points_y"":[5769,5723,5709,5671]}","{}"
44.bmp,70778934,"{}",2070,1991,"{""name"":""polyline"",""all_points_x"":[3471,3474],""all_points_y"":[5751,5647]}","{}"
44.bmp,70778934,"{}",2070,1992,"{""name"":""polyline"",""all_points_x"":[3460,3435,3414],""all_points_y"":[5693,5642,5597]}","{}"
44.bmp,70778934,"{}",2070,1993,"{""name"":""polyline"",""all_points_x"":[3443,3500],""all_points_y"":[5838,5748]}","{}"
44.bmp,70778934,"{}",2070,1994,"{""name"":""polyline"",""all_points_x"":[3490,3520],""all_points_y"":[5771,5728]}","{}"
44.bmp,70778934,"{}",2070,1995,"{""name"":""polyline"",""all_points_x"":[3385,3353],""all_points_y"":[5822,5905]}","{}"
44.bmp,70778934,"{}",2070,1996,"{""name"":""polyline"",""all_points_x"":[3375,3373,3389],""all_points_y"":[6132,6108,6062]}","{}"
44.bmp,70778934,"{}",2070,1997,"{""name"":""polyline"",""all_points_x"":[3399,3442],""all_points_y"":[6118,6056]}","{}"
44.bmp,70778934,"{}",2070,1998,"{""name"":""polyline"",""all_points_x"":[3428,3421,3437],""all_points_y"":[5920,5858,5787]}","{}"
44.bmp,70778934,"{}",2070,1999,"{""name"":""polyline"",""all_points_x"":[3493,3520],""all_points_y"":[5730,5655]}","{}"
44.bmp,70778934,"{}",2070,2000,"{""name"":""polyline"",""all_points_x"":[3576,3630],""all_points_y"":[5613,5511]}","{}"
44.bmp,70778934,"{}",2070,2001,"{""name"":""polyline"",""all_points_x"":[3598,3610],""all_points_y"":[5498,5416]}","{}"
44.bmp,70778934,"{}",2070,2002,"{""name"":""polyline"",""all_points_x"":[3530,3546,3558],""all_points_y"":[5566,5507,5472]}","{}"
44.bmp,70778934,"{}",2070,2003,"{""name"":""polyline"",""all_points_x"":[3483,3463],""all_points_y"":[5490,5418]}","{}"
44.bmp,70778934,"{}",2070,2004,"{""name"":""polyline"",""all_points_x"":[3493,3522],""all_points_y"":[5606,5505]}","{}"
44.bmp,70778934,"{}",2070,2005,"{""name"":""polyline"",""all_points_x"":[3494,3504,3513,3525],""all_points_y"":[5562,5496,5442,5412]}","{}"
44.bmp,70778934,"{}",2070,2006,"{""name"":""polygon"",""all_points_x"":[3363,3360,3365,3370],""all_points_y"":[5463,5331,5331,5457]}","{}"
44.bmp,70778934,"{}",2070,2007,"{""name"":""polygon"",""all_points_x"":[3504,3472,3461],""all_points_y"":[5681,5619,5578]}","{}"
44.bmp,70778934,"{}",2070,2008,"{""name"":""polyline"",""all_points_x"":[3319,3240],""all_points_y"":[5790,5817]}","{}"
44.bmp,70778934,"{}",2070,2009,"{""name"":""polyline"",""all_points_x"":[3260,3260],""all_points_y"":[6094,6033]}","{}"
44.bmp,70778934,"{}",2070,2010,"{""name"":""polygon"",""all_points_x"":[3643,3647,3689,3729,3769,3816,3814,3779,3757,3729],""all_points_y"":[160,169,160,155,147,126,121,134,142,149]}","{}"
44.bmp,70778934,"{}",2070,2011,"{""name"":""polygon"",""all_points_x"":[3727,3791,3803,3797,3742,3724],""all_points_y"":[1083,1140,1153,1157,1104,1088]}","{}"
44.bmp,70778934,"{}",2070,2012,"{""name"":""polygon"",""all_points_x"":[3673,3679,3705,3736,3800,3839,3836,3719],""all_points_y"":[2138,2143,2113,2080,2023,1979,1972,2090]}","{}"
44.bmp,70778934,"{}",2070,2013,"{""name"":""polygon"",""all_points_x"":[3641,3648,3676,3716,3744,3738,3658],""all_points_y"":[2533,2536,2489,2423,2373,2373,2509]}","{}"
44.bmp,70778934,"{}",2070,2014,"{""name"":""polygon"",""all_points_x"":[3712,3716,3744,3797,3794],""all_points_y"":[3078,3084,3071,3038,3035]}","{}"
44.bmp,70778934,"{}",2070,2015,"{""name"":""polygon"",""all_points_x"":[3687,3691,3722,3807,3802],""all_points_y"":[3127,3133,3116,3076,3067]}","{}"
44.bmp,70778934,"{}",2070,2016,"{""name"":""polygon"",""all_points_x"":[3470,3474,3568,3596,3623,3659,3659,3622,3603,3582],""all_points_y"":[3555,3565,3568,3567,3574,3579,3573,3565,3557,3558]}","{}"
44.bmp,70778934,"{}",2070,2017,"{""name"":""polygon"",""all_points_x"":[3651,3659,3694,3687],""all_points_y"":[5090,5090,4995,4992]}","{}"
44.bmp,70778934,"{}",2070,2018,"{""name"":""polyline"",""all_points_x"":[3735,3731,3721],""all_points_y"":[6014,6065,6118]}","{}"
44.bmp,70778934,"{}",2070,2019,"{""name"":""polyline"",""all_points_x"":[3712,3799],""all_points_y"":[6128,6087]}","{}"
44.bmp,70778934,"{}",2070,2020,"{""name"":""polyline"",""all_points_x"":[3687,3796],""all_points_y"":[6048,5955]}","{}"
44.bmp,70778934,"{}",2070,2021,"{""name"":""polyline"",""all_points_x"":[3603,3733],""all_points_y"":[5880,5867]}","{}"
44.bmp,70778934,"{}",2070,2022,"{""name"":""polyline"",""all_points_x"":[3721,3727,3746],""all_points_y"":[5689,5732,5831]}","{}"
44.bmp,70778934,"{}",2070,2023,"{""name"":""polyline"",""all_points_x"":[3686,3786],""all_points_y"":[5489,5600]}","{}"
44.bmp,70778934,"{}",2070,2024,"{""name"":""polyline"",""all_points_x"":[3786,3795],""all_points_y"":[5474,5591]}","{}"
44.bmp,70778934,"{}",2070,2025,"{""name"":""polyline"",""all_points_x"":[3747,3696],""all_points_y"":[4997,5102]}","{}"
44.bmp,70778934,"{}",2070,2026,"{""name"":""polyline"",""all_points_x"":[3634,3723],""all_points_y"":[5128,5020]}","{}"
44.bmp,70778934,"{}",2070,2027,"{""name"":""polyline"",""all_points_x"":[3666,3628,3619],""all_points_y"":[4983,5088,5121]}","{}"
44.bmp,70778934,"{}",2070,2028,"{""name"":""polyline"",""all_points_x"":[3729,3689,3670],""all_points_y"":[4988,5075,5143]}","{}"
44.bmp,70778934,"{}",2070,2029,"{""name"":""polyline"",""all_points_x"":[3839,3735],""all_points_y"":[4942,5058]}","{}"
44.bmp,70778934,"{}",2070,2030,"{""name"":""polyline"",""all_points_x"":[3778,3839],""all_points_y"":[5026,5005]}","{}"
44.bmp,70778934,"{}",2070,2031,"{""name"":""polyline"",""all_points_x"":[3839,3811],""all_points_y"":[4855,4917]}","{}"
44.bmp,70778934,"{}",2070,2032,"{""name"":""polyline"",""all_points_x"":[3788,3684],""all_points_y"":[4902,4949]}","{}"
44.bmp,70778934,"{}",2070,2033,"{""name"":""polyline"",""all_points_x"":[3839,3824,3816,3809],""all_points_y"":[4682,4757,4820,4903]}","{}"
44.bmp,70778934,"{}",2070,2034,"{""name"":""polyline"",""all_points_x"":[3839,3831],""all_points_y"":[4807,4865]}","{}"
44.bmp,70778934,"{}",2070,2035,"{""name"":""polyline"",""all_points_x"":[3689,3647],""all_points_y"":[4825,4887]}","{}"
44.bmp,70778934,"{}",2070,2036,"{""name"":""polyline"",""all_points_x"":[3704,3719],""all_points_y"":[4478,4603]}","{}"
44.bmp,70778934,"{}",2070,2037,"{""name"":""polyline"",""all_points_x"":[3677,3696],""all_points_y"":[4497,4620]}","{}"
44.bmp,70778934,"{}",2070,2038,"{""name"":""polyline"",""all_points_x"":[3665,3669,3674],""all_points_y"":[4514,4596,4670]}","{}"
44.bmp,70778934,"{}",2070,2039,"{""name"":""polyline"",""all_points_x"":[3775,3806],""all_points_y"":[4449,4640]}","{}"
44.bmp,70778934,"{}",2070,2040,"{""name"":""polyline"",""all_points_x"":[3797,3805,3829],""all_points_y"":[4398,4492,4631]}","{}"
44.bmp,70778934,"{}",2070,2041,"{""name"":""polyline"",""all_points_x"":[3828,3819],""all_points_y"":[4264,4359]}","{}"
44.bmp,70778934,"{}",2070,2042,"{""name"":""polyline"",""all_points_x"":[3696,3685,3682],""all_points_y"":[4217,4281,4345]}","{}"
44.bmp,70778934,"{}",2070,2043,"{""name"":""polyline"",""all_points_x"":[3776,3762],""all_points_y"":[4010,4121]}","{}"
44.bmp,70778934,"{}",2070,2044,"{""name"":""polyline"",""all_points_x"":[3667,3666,3670],""all_points_y"":[3787,3904,3982]}","{}"
44.bmp,70778934,"{}",2070,2045,"{""name"":""polyline"",""all_points_x"":[3687,3667,3662],""all_points_y"":[3919,4023,4082]}","{}"
44.bmp,70778934,"{}",2070,2046,"{""name"":""polyline"",""all_points_x"":[3763,3752,3750,3744,3717],""all_points_y"":[3745,3823,3853,3904,4018]}","{}"
44.bmp,70778934,"{}",2070,2047,"{""name"":""polyline"",""all_points_x"":[3706,3698],""all_points_y"":[3917,4016]}","{}"
44.bmp,70778934,"{}",2070,2048,"{""name"":""polyline"",""all_points_x"":[3784,3752],""all_points_y"":[3438,3588]}","{}"
44.bmp,70778934,"{}",2070,2049,"{""name"":""polyline"",""all_points_x"":[3795,3738],""all_points_y"":[3731,3849]}","{}"
44.bmp,70778934,"{}",2070,2050,"{""name"":""polyline"",""all_points_x"":[3687,3689,3687,3663],""all_points_y"":[3175,3216,3238,3320]}","{}"
44.bmp,70778934,"{}",2070,2051,"{""name"":""polyline"",""all_points_x"":[3757,3732,3706],""all_points_y"":[3173,3222,3255]}","{}"
44.bmp,70778934,"{}",2070,2052,"{""name"":""polyline"",""all_points_x"":[3793,3774,3773],""all_points_y"":[3246,3330,3356]}","{}"
44.bmp,70778934,"{}",2070,2053,"{""name"":""polyline"",""all_points_x"":[3733,3664],""all_points_y"":[2645,2797]}","{}"
44.bmp,70778934,"{}",2070,2054,"{""name"":""polyline"",""all_points_x"":[3805,3807,3798],""all_points_y"":[2831,2893,2964]}","{}"
44.bmp,70778934,"{}",2070,2055,"{""name"":""polyline"",""all_points_x"":[3765,3748,3742,3727],""all_points_y"":[2654,2701,2729,2763]}","{}"
44.bmp,70778934,"{}",2070,2056,"{""name"":""polyline"",""all_points_x"":[3708,3643],""all_points_y"":[2033,2174]}","{}"
44.bmp,70778934,"{}",2070,2057,"{""name"":""polyline"",""all_points_x"":[3698,3671],""all_points_y"":[1870,1953]}","{}"
44.bmp,70778934,"{}",2070,2058,"{""name"":""polyline"",""all_points_x"":[3744,3834],""all_points_y"":[1856,1869]}","{}"
44.bmp,70778934,"{}",2070,2059,"{""name"":""polyline"",""all_points_x"":[3732,3628],""all_points_y"":[953,1036]}","{}"
44.bmp,70778934,"{}",2070,2060,"{""name"":""polyline"",""all_points_x"":[3785,3801,3820],""all_points_y"":[325,442,526]}","{}"
44.bmp,70778934,"{}",2070,2061,"{""name"":""polyline"",""all_points_x"":[3738,3707,3683],""all_points_y"":[617,643,657]}","{}"
44.bmp,70778934,"{}",2070,2062,"{""name"":""polyline"",""all_points_x"":[3711,3765,3808],""all_points_y"":[212,166,134]}","{}"
44.bmp,70778934,"{}",2070,2063,"{""name"":""polyline"",""all_points_x"":[3710,3732],""all_points_y"":[2,41]}","{}"
44.bmp,70778934,"{}",2070,2064,"{""name"":""polyline"",""all_points_x"":[3829,3804],""all_points_y"":[9,107]}","{}"
44.bmp,70778934,"{}",2070,2065,"{""name"":""polyline"",""all_points_x"":[3721,3680],""all_points_y"":[75,174]}","{}"
44.bmp,70778934,"{}",2070,2066,"{""name"":""polyline"",""all_points_x"":[3693,3592],""all_points_y"":[199,349]}","{}"
44.bmp,70778934,"{}",2070,2067,"{""name"":""polyline"",""all_points_x"":[3821,3754],""all_points_y"":[1040,1066]}","{}"
44.bmp,70778934,"{}",2070,2068,"{""name"":""polyline"",""all_points_x"":[3812,3793],""all_points_y"":[4127,4215]}","{}"
44.bmp,70778934,"{}",2070,2069,"{""name"":""polygon"",""all_points_x"":[600,606,674,668],""all_points_y"":[1891,1898,1837,1830]}","{}"