filename,file_size,file_attributes,region_count,region_id,region_shape_attributes,region_attributes
9.png,66060342,"{""caption"":"""",""public_domain"":""no"",""image_url"":""""}",2245,0,"{""name"":""polygon"",""all_points_x"":[1149,1143,1163,1170,1178,1182,1173,1161],""all_points_y"":[1657,1657,1802,1853,1897,1898,1804,1733]}","{""name"":""not_defined"",""type"":""unknown"",""image_quality"":{""good"":true,""frontal"":true,""good_illumination"":true}}"
9.png,66060342,"{""caption"":"""",""public_domain"":""no"",""image_url"":""""}",2245,1,"{""name"":""polygon"",""all_points_x"":[1162,1155,1195,1218,1220],""all_points_y"":[1940,1944,2019,2067,2059]}","{""name"":""not_defined"",""type"":""unknown"",""image_quality"":{""good"":true,""frontal"":true,""good_illumination"":true}}"
9.png,66060342,"{""caption"":"""",""public_domain"":""no"",""image_url"":""""}",2245,2,"{""name"":""polygon"",""all_points_x"":[1226,1225,1229,1232],""all_points_y"":[1974,2008,2008,1972]}","{""name"":""not_defined"",""type"":""unknown"",""image_quality"":{""good"":true,""frontal"":true,""good_illumination"":true}}"
9.png,66060342,"{""caption"":"""",""public_domain"":""no"",""image_url"":""""}",2245,3,"{""name"":""polygon"",""all_points_x"":[776,773,810,812],""all_points_y"":[1910,1912,1960,1957]}","{""name"":""not_defined"",""type"":""unknown"",""image_quality"":{""good"":true,""frontal"":true,""good_illumination"":true}}"
9.png,66060342,"{""caption"":"""",""public_domain"":""no"",""image_url"":""""}",2245,4,"{""name"":""polygon"",""all_points_x"":[858,853,873,888,890,877,870],""all_points_y"":[1982,1987,2008,2029,2026,2005,1999]}","{""name"":""not_defined"",""type"":""unknown"",""image_quality"":{""good"":true,""frontal"":true,""good_illumination"":true}}"
9.png,66060342,"{""caption"":"""",""public_domain"":""no"",""image_url"":""""}",2245,5,"{""name"":""polygon"",""all_points_x"":[777,773,815,819],""all_points_y"":[1975,1978,2022,2020]}","{""name"":""not_defined"",""type"":""unknown"",""image_quality"":{""good"":true,""frontal"":true,""good_illumination"":true}}"
9.png,66060342,"{""caption"":"""",""public_domain"":""no"",""image_url"":""""}",2245,6,"{""name"":""polygon"",""all_points_x"":[920,916,937,959,974,978,958,949,939],""all_points_y"":[2145,2146,2183,2231,2263,2263,2214,2191,2176]}","{""name"":""not_defined"",""type"":""unknown"",""image_quality"":{""good"":true,""frontal"":true,""good_illumination"":true}}"
9.png,66060342,"{""caption"":"""",""public_domain"":""no"",""image_url"":""""}",2245,7,"{""name"":""polygon"",""all_points_x"":[870,867,883,915,919],""all_points_y"":[2191,2194,2218,2267,2263]}","{""name"":""not_defined"",""type"":""unknown"",""image_quality"":{""good"":true,""frontal"":true,""good_illumination"":true}}"
9.png,66060342,"{""caption"":"""",""public_domain"":""no"",""image_url"":""""}",2245,8,"{""name"":""polygon"",""all_points_x"":[926,926,944,980,1001,1005,1010,1009,993,989,969,936],""all_points_y"":[2273,2278,2294,2340,2373,2379,2376,2375,2354,2345,2318,2280]}","{""name"":""not_defined"",""type"":""unknown"",""image_quality"":{""good"":true,""frontal"":true,""good_illumination"":true}}"
9.png,66060342,"{""caption"":"""",""public_domain"":""no"",""image_url"":""""}",2245,9,"{""name"":""polygon"",""all_points_x"":[956,961,959,951,928,921,915,936],""all_points_y"":[2342,2343,2337,2321,2281,2263,2264,2301]}","{""name"":""not_defined"",""type"":""unknown"",""image_quality"":{""good"":true,""frontal"":true,""good_illumination"":true}}"
9.png,66060342,"{""caption"":"""",""public_domain"":""no"",""image_url"":""""}",2245,10,"{""name"":""polygon"",""all_points_x"":[766,765,798,824,827,785],""all_points_y"":[2295,2298,2324,2343,2339,2310]}","{""name"":""not_defined"",""type"":""unknown"",""image_quality"":{""good"":true,""frontal"":true,""good_illumination"":true}}"
9.png,66060342,"{""caption"":"""",""public_domain"":""no"",""image_url"":""""}",2245,11,"{""name"":""polygon"",""all_points_x"":[908,902,912,915],""all_points_y"":[2354,2355,2385,2385]}","{""name"":""not_defined"",""type"":""unknown"",""image_quality"":{""good"":true,""frontal"":true,""good_illumination"":true}}"
9.png,66060342,"{""caption"":"""",""public_domain"":""no"",""image_url"":""""}",2245,12,"{""name"":""polygon"",""all_points_x"":[915,931,935,918],""all_points_y"":[2395,2454,2454,2393]}","{""name"":""not_defined"",""type"":""unknown"",""image_quality"":{""good"":true,""frontal"":true,""good_illumination"":true}}"
9.png,66060342,"{""caption"":"""",""public_domain"":""no"",""image_url"":""""}",2245,13,"{""name"":""polygon"",""all_points_x"":[877,872,895,913,916],""all_points_y"":[2388,2392,2413,2429,2429]}","{""name"":""not_defined"",""type"":""unknown"",""image_quality"":{""good"":true,""frontal"":true,""good_illumination"":true}}"
9.png,66060342,"{""caption"":"""",""public_domain"":""no"",""image_url"":""""}",2245,14,"{""name"":""polygon"",""all_points_x"":[915,911,938,955,973,977,946,921],""all_points_y"":[2325,2326,2362,2384,2413,2411,2367,2333]}","{""name"":""not_defined"",""type"":""unknown"",""image_quality"":{""good"":true,""frontal"":true,""good_illumination"":true}}"
9.png,66060342,"{""caption"":"""",""public_domain"":""no"",""image_url"":""""}",2245,15,"{""name"":""polygon"",""all_points_x"":[990,1005,1010,997],""all_points_y"":[2293,2340,2347,2294]}","{""name"":""not_defined"",""type"":""unknown"",""image_quality"":{""good"":true,""frontal"":true,""good_illumination"":true}}"
9.png,66060342,"{""caption"":"""",""public_domain"":""no"",""image_url"":""""}",2245,16,"{""name"":""polygon"",""all_points_x"":[930,927,955,955,954],""all_points_y"":[2388,2392,2420,2419,2415]}","{""name"":""not_defined"",""type"":""unknown"",""image_quality"":{""good"":true,""frontal"":true,""good_illumination"":true}}"
9.png,66060342,"{""caption"":"""",""public_domain"":""no"",""image_url"":""""}",2245,17,"{""name"":""polygon"",""all_points_x"":[973,968,977,1003,1001],""all_points_y"":[2292,2291,2305,2341,2334]}","{""name"":""not_defined"",""type"":""unknown"",""image_quality"":{""good"":true,""frontal"":true,""good_illumination"":true}}"
9.png,66060342,"{""caption"":"""",""public_domain"":""no"",""image_url"":""""}",2245,18,"{""name"":""polygon"",""all_points_x"":[990,986,1006,1009,1010],""all_points_y"":[2393,2397,2424,2427,2425]}","{""name"":""not_defined"",""type"":""unknown"",""image_quality"":{""good"":true,""frontal"":true,""good_illumination"":true}}"
9.png,66060342,"{""caption"":"""",""public_domain"":""no"",""image_url"":""""}",2245,19,"{""name"":""polygon"",""all_points_x"":[1012,1022,1034,1043,1048,1036,1025,1018,1014,1012,1009],""all_points_y"":[2386,2404,2424,2439,2438,2419,2402,2389,2382,2379,2380]}","{""name"":""not_defined"",""type"":""unknown"",""image_quality"":{""good"":true,""frontal"":true,""good_illumination"":true}}"
9.png,66060342,"{""caption"":"""",""public_domain"":""no"",""image_url"":""""}",2245,20,"{""name"":""polygon"",""all_points_x"":[785,784,800,826,840,867,884,893,895,871,847,809],""all_points_y"":[2409,2412,2424,2444,2455,2477,2490,2494,2491,2475,2455,2427]}","{""name"":""not_defined"",""type"":""unknown"",""image_quality"":{""good"":true,""frontal"":true,""good_illumination"":true}}"
9.png,66060342,"{""caption"":"""",""public_domain"":""no"",""image_url"":""""}",2245,21,"{""name"":""polygon"",""all_points_x"":[823,822,833,849,862,871,879,880,847],""all_points_y"":[2473,2476,2484,2494,2502,2509,2513,2510,2490]}","{""name"":""not_defined"",""type"":""unknown"",""image_quality"":{""good"":true,""frontal"":true,""good_illumination"":true}}"
9.png,66060342,"{""caption"":"""",""public_domain"":""no"",""image_url"":""""}",2245,22,"{""name"":""polygon"",""all_points_x"":[904,904,906,903,901,902,902,902,905,904,906,906,906,906,909,906],""all_points_y"":[2563,2576,2604,2613,2645,2662,2683,2698,2698,2667,2663,2655,2650,2619,2599,2562]}","{""name"":""not_defined"",""type"":""unknown"",""image_quality"":{""good"":true,""frontal"":true,""good_illumination"":true}}"
9.png,66060342,"{""caption"":"""",""public_domain"":""no"",""image_url"":""""}",2245,23,"{""name"":""polygon"",""all_points_x"":[842,842,858,887,888],""all_points_y"":[2517,2521,2522,2525,2523]}","{""name"":""not_defined"",""type"":""unknown"",""image_quality"":{""good"":true,""frontal"":true,""good_illumination"":true}}"
9.png,66060342,"{""caption"":"""",""public_domain"":""no"",""image_url"":""""}",2245,24,"{""name"":""polygon"",""all_points_x"":[812,829,852,874,878,815],""all_points_y"":[2473,2488,2504,2519,2519,2472]}","{""name"":""not_defined"",""type"":""unknown"",""image_quality"":{""good"":true,""frontal"":true,""good_illumination"":true}}"
9.png,66060342,"{""caption"":"""",""public_domain"":""no"",""image_url"":""""}",2245,25,"{""name"":""polygon"",""all_points_x"":[758,772,774,763],""all_points_y"":[2387,2435,2433,2386]}","{""name"":""not_defined"",""type"":""unknown"",""image_quality"":{""good"":true,""frontal"":true,""good_illumination"":true}}"
9.png,66060342,"{""caption"":"""",""public_domain"":""no"",""image_url"":""""}",2245,26,"{""name"":""polygon"",""all_points_x"":[777,780,777,774,777,783,781],""all_points_y"":[2367,2387,2413,2426,2427,2395,2366]}","{""name"":""not_defined"",""type"":""unknown"",""image_quality"":{""good"":true,""frontal"":true,""good_illumination"":true}}"
9.png,66060342,"{""caption"":"""",""public_domain"":""no"",""image_url"":""""}",2245,27,"{""name"":""polygon"",""all_points_x"":[776,780,778,773],""all_points_y"":[2485,2486,2430,2431]}","{""name"":""not_defined"",""type"":""unknown"",""image_quality"":{""good"":true,""frontal"":true,""good_illumination"":true}}"
9.png,66060342,"{""caption"":"""",""public_domain"":""no"",""image_url"":""""}",2245,28,"{""name"":""polygon"",""all_points_x"":[715,712,716,730,744,754,782,786,756,729,721,719],""all_points_y"":[2388,2389,2411,2434,2467,2495,2544,2535,2487,2420,2411,2406]}","{""name"":""not_defined"",""type"":""unknown"",""image_quality"":{""good"":true,""frontal"":true,""good_illumination"":true}}"
9.png,66060342,"{""caption"":"""",""public_domain"":""no"",""image_url"":""""}",2245,29,"{""name"":""polygon"",""all_points_x"":[743,747,734,708,694,692,710],""all_points_y"":[2634,2636,2662,2719,2752,2749,2707]}","{""name"":""not_defined"",""type"":""unknown"",""image_quality"":{""good"":true,""frontal"":true,""good_illumination"":true}}"
9.png,66060342,"{""caption"":"""",""public_domain"":""no"",""image_url"":""""}",2245,30,"{""name"":""polygon"",""all_points_x"":[735,738,744,748,749,746,740],""all_points_y"":[2741,2742,2699,2672,2663,2661,2713]}","{""name"":""not_defined"",""type"":""unknown"",""image_quality"":{""good"":true,""frontal"":true,""good_illumination"":true}}"
9.png,66060342,"{""caption"":"""",""public_domain"":""no"",""image_url"":""""}",2245,31,"{""name"":""polygon"",""all_points_x"":[643,640,652,659,666,669,672,690,692,675,669,669,661],""all_points_y"":[2651,2655,2685,2708,2721,2732,2736,2783,2781,2730,2722,2713,2702]}","{""name"":""not_defined"",""type"":""unknown"",""image_quality"":{""good"":true,""frontal"":true,""good_illumination"":true}}"
9.png,66060342,"{""caption"":"""",""public_domain"":""no"",""image_url"":""""}",2245,32,"{""name"":""polygon"",""all_points_x"":[522,519,538,548,550,541],""all_points_y"":[2647,2652,2694,2714,2713,2694]}","{""name"":""not_defined"",""type"":""unknown"",""image_quality"":{""good"":true,""frontal"":true,""good_illumination"":true}}"
9.png,66060342,"{""caption"":"""",""public_domain"":""no"",""image_url"":""""}",2245,33,"{""name"":""polygon"",""all_points_x"":[440,444,449,453,460,464,460,451],""all_points_y"":[2685,2685,2721,2733,2767,2784,2784,2744]}","{""name"":""not_defined"",""type"":""unknown"",""image_quality"":{""good"":true,""frontal"":true,""good_illumination"":true}}"
9.png,66060342,"{""caption"":"""",""public_domain"":""no"",""image_url"":""""}",2245,34,"{""name"":""polygon"",""all_points_x"":[220,220,253,262,262,246],""all_points_y"":[2979,2983,2971,2968,2965,2969]}","{""name"":""not_defined"",""type"":""unknown"",""image_quality"":{""good"":true,""frontal"":true,""good_illumination"":true}}"
9.png,66060342,"{""caption"":"""",""public_domain"":""no"",""image_url"":""""}",2245,35,"{""name"":""polygon"",""all_points_x"":[270,268,320,320],""all_points_y"":[2962,2965,2950,2945]}","{""name"":""not_defined"",""type"":""unknown"",""image_quality"":{""good"":true,""frontal"":true,""good_illumination"":true}}"
9.png,66060342,"{""caption"":"""",""public_domain"":""no"",""image_url"":""""}",2245,36,"{""name"":""polygon"",""all_points_x"":[397,385,380,368,357,361,372,378,380,398,401],""all_points_y"":[2960,3009,3026,3075,3117,3119,3075,3061,3046,2978,2961]}","{""name"":""not_defined"",""type"":""unknown"",""image_quality"":{""good"":true,""frontal"":true,""good_illumination"":true}}"
9.png,66060342,"{""caption"":"""",""public_domain"":""no"",""image_url"":""""}",2245,37,"{""name"":""polygon"",""all_points_x"":[345,322,317,301,304,319,326,347],""all_points_y"":[2980,3013,3025,3049,3051,3026,3011,2983]}","{""name"":""not_defined"",""type"":""unknown"",""image_quality"":{""good"":true,""frontal"":true,""good_illumination"":true}}"
9.png,66060342,"{""caption"":"""",""public_domain"":""no"",""image_url"":""""}",2245,38,"{""name"":""polygon"",""all_points_x"":[317,328,333,319],""all_points_y"":[3070,3160,3160,3069]}","{""name"":""not_defined"",""type"":""unknown"",""image_quality"":{""good"":true,""frontal"":true,""good_illumination"":true}}"
9.png,66060342,"{""caption"":"""",""public_domain"":""no"",""image_url"":""""}",2245,39,"{""name"":""polygon"",""all_points_x"":[330,334,337,333],""all_points_y"":[3172,3198,3198,3170]}","{""name"":""not_defined"",""type"":""unknown"",""image_quality"":{""good"":true,""frontal"":true,""good_illumination"":true}}"
9.png,66060342,"{""caption"":"""",""public_domain"":""no"",""image_url"":""""}",2245,40,"{""name"":""polygon"",""all_points_x"":[505,502,524,529],""all_points_y"":[2685,2691,2732,2731]}","{""name"":""not_defined"",""type"":""unknown"",""image_quality"":{""good"":true,""frontal"":true,""good_illumination"":true}}"
9.png,66060342,"{""caption"":"""",""public_domain"":""no"",""image_url"":""""}",2245,41,"{""name"":""polygon"",""all_points_x"":[286,279,268,263,251,235,238,266,266,270,277,284,288],""all_points_y"":[2901,2932,2953,2972,3024,3078,3079,2976,2968,2957,2943,2929,2902]}","{""name"":""not_defined"",""type"":""unknown"",""image_quality"":{""good"":true,""frontal"":true,""good_illumination"":true}}"
9.png,66060342,"{""caption"":"""",""public_domain"":""no"",""image_url"":""""}",2245,42,"{""name"":""polygon"",""all_points_x"":[182,178,185,200,205,184],""all_points_y"":[2826,2827,2846,2890,2889,2837]}","{""name"":""not_defined"",""type"":""unknown"",""image_quality"":{""good"":true,""frontal"":true,""good_illumination"":true}}"
9.png,66060342,"{""caption"":"""",""public_domain"":""no"",""image_url"":""""}",2245,43,"{""name"":""polygon"",""all_points_x"":[639,602,604,643],""all_points_y"":[2850,2888,2890,2852]}","{""name"":""not_defined"",""type"":""unknown"",""image_quality"":{""good"":true,""frontal"":true,""good_illumination"":true}}"
9.png,66060342,"{""caption"":"""",""public_domain"":""no"",""image_url"":""""}",2245,44,"{""name"":""polygon"",""all_points_x"":[654,610,612,654],""all_points_y"":[2848,2890,2892,2853]}","{""name"":""not_defined"",""type"":""unknown"",""image_quality"":{""good"":true,""frontal"":true,""good_illumination"":true}}"
9.png,66060342,"{""caption"":"""",""public_domain"":""no"",""image_url"":""""}",2245,45,"{""name"":""polygon"",""all_points_x"":[657,626,624,625,657],""all_points_y"":[2859,2881,2885,2886,2861]}","{""name"":""not_defined"",""type"":""unknown"",""image_quality"":{""good"":true,""frontal"":true,""good_illumination"":true}}"
9.png,66060342,"{""caption"":"""",""public_domain"":""no"",""image_url"":""""}",2245,46,"{""name"":""polygon"",""all_points_x"":[776,767,747,734,736,750,758,774,780],""all_points_y"":[2736,2758,2795,2824,2824,2794,2782,2752,2733]}","{""name"":""not_defined"",""type"":""unknown"",""image_quality"":{""good"":true,""frontal"":true,""good_illumination"":true}}"
9.png,66060342,"{""caption"":"""",""public_domain"":""no"",""image_url"":""""}",2245,47,"{""name"":""polygon"",""all_points_x"":[498,498,501,502,500],""all_points_y"":[2750,2781,2781,2761,2749]}","{""name"":""not_defined"",""type"":""unknown"",""image_quality"":{""good"":true,""frontal"":true,""good_illumination"":true}}"
9.png,66060342,"{""caption"":"""",""public_domain"":""no"",""image_url"":""""}",2245,48,"{""name"":""polygon"",""all_points_x"":[497,496,500,505,511,515,506,501,500],""all_points_y"":[2793,2819,2842,2888,2927,2923,2852,2822,2795]}","{""name"":""not_defined"",""type"":""unknown"",""image_quality"":{""good"":true,""frontal"":true,""good_illumination"":true}}"
9.png,66060342,"{""caption"":"""",""public_domain"":""no"",""image_url"":""""}",2245,49,"{""name"":""polygon"",""all_points_x"":[511,511,515,513],""all_points_y"":[2936,2978,2975,2934]}","{""name"":""not_defined"",""type"":""unknown"",""image_quality"":{""good"":true,""frontal"":true,""good_illumination"":true}}"
9.png,66060342,"{""caption"":"""",""public_domain"":""no"",""image_url"":""""}",2245,50,"{""name"":""polygon"",""all_points_x"":[857,844,826,791,789,738,727,731,747,766,795,860],""all_points_y"":[3035,3058,3098,3172,3178,3268,3294,3294,3259,3229,3174,3034]}","{""name"":""not_defined"",""type"":""unknown"",""image_quality"":{""good"":true,""frontal"":true,""good_illumination"":true}}"
9.png,66060342,"{""caption"":"""",""public_domain"":""no"",""image_url"":""""}",2245,51,"{""name"":""polygon"",""all_points_x"":[782,784,789,785],""all_points_y"":[3069,3161,3160,3066]}","{""name"":""not_defined"",""type"":""unknown"",""image_quality"":{""good"":true,""frontal"":true,""good_illumination"":true}}"
9.png,66060342,"{""caption"":"""",""public_domain"":""no"",""image_url"":""""}",2245,52,"{""name"":""polygon"",""all_points_x"":[670,641,625,630,644,673],""all_points_y"":[3164,3263,3322,3320,3265,3167]}","{""name"":""not_defined"",""type"":""unknown"",""image_quality"":{""good"":true,""frontal"":true,""good_illumination"":true}}"
9.png,66060342,"{""caption"":"""",""public_domain"":""no"",""image_url"":""""}",2245,53,"{""name"":""polygon"",""all_points_x"":[566,561,588,590],""all_points_y"":[3214,3219,3280,3278]}","{""name"":""not_defined"",""type"":""unknown"",""image_quality"":{""good"":true,""frontal"":true,""good_illumination"":true}}"
9.png,66060342,"{""caption"":"""",""public_domain"":""no"",""image_url"":""""}",2245,54,"{""name"":""polygon"",""all_points_x"":[490,460,463,493],""all_points_y"":[3157,3247,3248,3161]}","{""name"":""not_defined"",""type"":""unknown"",""image_quality"":{""good"":true,""frontal"":true,""good_illumination"":true}}"
9.png,66060342,"{""caption"":"""",""public_domain"":""no"",""image_url"":""""}",2245,55,"{""name"":""polygon"",""all_points_x"":[443,445,443,445,450,447],""all_points_y"":[3168,3186,3230,3271,3264,3169]}","{""name"":""not_defined"",""type"":""unknown"",""image_quality"":{""good"":true,""frontal"":true,""good_illumination"":true}}"
9.png,66060342,"{""caption"":"""",""public_domain"":""no"",""image_url"":""""}",2245,56,"{""name"":""polygon"",""all_points_x"":[449,453,458,452],""all_points_y"":[3285,3334,3334,3285]}","{""name"":""not_defined"",""type"":""unknown"",""image_quality"":{""good"":true,""frontal"":true,""good_illumination"":true}}"
9.png,66060342,"{""caption"":"""",""public_domain"":""no"",""image_url"":""""}",2245,57,"{""name"":""polygon"",""all_points_x"":[439,442,445,450,445,442],""all_points_y"":[3279,3353,3415,3415,3323,3278]}","{""name"":""not_defined"",""type"":""unknown"",""image_quality"":{""good"":true,""frontal"":true,""good_illumination"":true}}"
9.png,66060342,"{""caption"":"""",""public_domain"":""no"",""image_url"":""""}",2245,58,"{""name"":""polygon"",""all_points_x"":[297,301,305,308,303,301],""all_points_y"":[3245,3293,3333,3333,3286,3245]}","{""name"":""not_defined"",""type"":""unknown"",""image_quality"":{""good"":true,""frontal"":true,""good_illumination"":true}}"
9.png,66060342,"{""caption"":"""",""public_domain"":""no"",""image_url"":""""}",2245,59,"{""name"":""polygon"",""all_points_x"":[204,175,157,132,136,180,207],""all_points_y"":[3190,3240,3273,3311,3316,3243,3192]}","{""name"":""not_defined"",""type"":""unknown"",""image_quality"":{""good"":true,""frontal"":true,""good_illumination"":true}}"
9.png,66060342,"{""caption"":"""",""public_domain"":""no"",""image_url"":""""}",2245,60,"{""name"":""polygon"",""all_points_x"":[184,109,102,106,131,184],""all_points_y"":[3196,3264,3272,3274,3248,3201]}","{""name"":""not_defined"",""type"":""unknown"",""image_quality"":{""good"":true,""frontal"":true,""good_illumination"":true}}"
9.png,66060342,"{""caption"":"""",""public_domain"":""no"",""image_url"":""""}",2245,61,"{""name"":""polygon"",""all_points_x"":[125,131,138,142,142,146,143,144,137,134,128],""all_points_y"":[3035,3095,3108,3166,3197,3197,3135,3119,3092,3086,3034]}","{""name"":""not_defined"",""type"":""unknown"",""image_quality"":{""good"":true,""frontal"":true,""good_illumination"":true}}"
9.png,66060342,"{""caption"":"""",""public_domain"":""no"",""image_url"":""""}",2245,62,"{""name"":""polygon"",""all_points_x"":[359,333,337,359],""all_points_y"":[3195,3233,3235,3200]}","{""name"":""not_defined"",""type"":""unknown"",""image_quality"":{""good"":true,""frontal"":true,""good_illumination"":true}}"
9.png,66060342,"{""caption"":"""",""public_domain"":""no"",""image_url"":""""}",2245,63,"{""name"":""polygon"",""all_points_x"":[94,92,103,112,114,116,98],""all_points_y"":[3124,3126,3179,3230,3237,3236,3144]}","{""name"":""not_defined"",""type"":""unknown"",""image_quality"":{""good"":true,""frontal"":true,""good_illumination"":true}}"
9.png,66060342,"{""caption"":"""",""public_domain"":""no"",""image_url"":""""}",2245,64,"{""name"":""polygon"",""all_points_x"":[116,120,142,132,128],""all_points_y"":[3287,3288,3243,3249,3265]}","{""name"":""not_defined"",""type"":""unknown"",""image_quality"":{""good"":true,""frontal"":true,""good_illumination"":true}}"
9.png,66060342,"{""caption"":"""",""public_domain"":""no"",""image_url"":""""}",2245,65,"{""name"":""polygon"",""all_points_x"":[127,101,92,94,129],""all_points_y"":[3221,3259,3271,3274,3223]}","{""name"":""not_defined"",""type"":""unknown"",""image_quality"":{""good"":true,""frontal"":true,""good_illumination"":true}}"
9.png,66060342,"{""caption"":"""",""public_domain"":""no"",""image_url"":""""}",2245,66,"{""name"":""polygon"",""all_points_x"":[783,749,710,670,674,731,751,783],""all_points_y"":[3274,3312,3360,3408,3411,3344,3317,3279]}","{""name"":""not_defined"",""type"":""unknown"",""image_quality"":{""good"":true,""frontal"":true,""good_illumination"":true}}"
9.png,66060342,"{""caption"":"""",""public_domain"":""no"",""image_url"":""""}",2245,67,"{""name"":""polygon"",""all_points_x"":[714,709,701,706,717],""all_points_y"":[3262,3291,3340,3331,3263]}","{""name"":""not_defined"",""type"":""unknown"",""image_quality"":{""good"":true,""frontal"":true,""good_illumination"":true}}"
9.png,66060342,"{""caption"":"""",""public_domain"":""no"",""image_url"":""""}",2245,68,"{""name"":""polygon"",""all_points_x"":[695,681,667,659,661,681,691,697],""all_points_y"":[3198,3239,3266,3284,3284,3248,3220,3199]}","{""name"":""not_defined"",""type"":""unknown"",""image_quality"":{""good"":true,""frontal"":true,""good_illumination"":true}}"
9.png,66060342,"{""caption"":"""",""public_domain"":""no"",""image_url"":""""}",2245,69,"{""name"":""polygon"",""all_points_x"":[605,601,604,608],""all_points_y"":[3384,3431,3431,3385]}","{""name"":""not_defined"",""type"":""unknown"",""image_quality"":{""good"":true,""frontal"":true,""good_illumination"":true}}"
9.png,66060342,"{""caption"":"""",""public_domain"":""no"",""image_url"":""""}",2245,70,"{""name"":""polygon"",""all_points_x"":[797,763,767,799],""all_points_y"":[3279,3324,3326,3281]}","{""name"":""not_defined"",""type"":""unknown"",""image_quality"":{""good"":true,""frontal"":true,""good_illumination"":true}}"
9.png,66060342,"{""caption"":"""",""public_domain"":""no"",""image_url"":""""}",2245,71,"{""name"":""polygon"",""all_points_x"":[883,880,871,870,872,884,886],""all_points_y"":[3031,3062,3100,3106,3106,3072,3031]}","{""name"":""not_defined"",""type"":""unknown"",""image_quality"":{""good"":true,""frontal"":true,""good_illumination"":true}}"
9.png,66060342,"{""caption"":"""",""public_domain"":""no"",""image_url"":""""}",2245,72,"{""name"":""polygon"",""all_points_x"":[995,991,1003,1018,1032,1032,1028,1018,1005],""all_points_y"":[2880,2881,2916,2946,2975,2974,2950,2932,2914]}","{""name"":""not_defined"",""type"":""unknown"",""image_quality"":{""good"":true,""frontal"":true,""good_illumination"":true}}"
9.png,66060342,"{""caption"":"""",""public_domain"":""no"",""image_url"":""""}",2245,73,"{""name"":""polygon"",""all_points_x"":[441,437,441,443],""all_points_y"":[2906,2926,2924,2909]}","{""name"":""not_defined"",""type"":""unknown"",""image_quality"":{""good"":true,""frontal"":true,""good_illumination"":true}}"
9.png,66060342,"{""caption"":"""",""public_domain"":""no"",""image_url"":""""}",2245,74,"{""name"":""polygon"",""all_points_x"":[429,416,407,397,404,416,421,433],""all_points_y"":[2954,3023,3049,3095,3097,3038,3026,2954]}","{""name"":""not_defined"",""type"":""unknown"",""image_quality"":{""good"":true,""frontal"":true,""good_illumination"":true}}"
9.png,66060342,"{""caption"":"""",""public_domain"":""no"",""image_url"":""""}",2245,75,"{""name"":""polygon"",""all_points_x"":[165,162,160,161,164,162,167],""all_points_y"":[2963,2987,3007,3027,3025,3002,2966]}","{""name"":""not_defined"",""type"":""unknown"",""image_quality"":{""good"":true,""frontal"":true,""good_illumination"":true}}"
9.png,66060342,"{""caption"":"""",""public_domain"":""no"",""image_url"":""""}",2245,76,"{""name"":""polygon"",""all_points_x"":[266,271,276,277,280,275,273,272],""all_points_y"":[2698,2700,2736,2749,2776,2773,2744,2729]}","{""name"":""not_defined"",""type"":""unknown"",""image_quality"":{""good"":true,""frontal"":true,""good_illumination"":true}}"
9.png,66060342,"{""caption"":"""",""public_domain"":""no"",""image_url"":""""}",2245,77,"{""name"":""polygon"",""all_points_x"":[283,279,282,283,281,283,283,286,284,284,286,286],""all_points_y"":[2724,2724,2745,2758,2765,2786,2804,2800,2777,2762,2752,2745]}","{""name"":""not_defined"",""type"":""unknown"",""image_quality"":{""good"":true,""frontal"":true,""good_illumination"":true}}"
9.png,66060342,"{""caption"":"""",""public_domain"":""no"",""image_url"":""""}",2245,78,"{""name"":""polygon"",""all_points_x"":[319,318,319,286,286],""all_points_y"":[2784,2784,2781,2754,2758]}","{""name"":""not_defined"",""type"":""unknown"",""image_quality"":{""good"":true,""frontal"":true,""good_illumination"":true}}"
9.png,66060342,"{""caption"":"""",""public_domain"":""no"",""image_url"":""""}",2245,79,"{""name"":""polygon"",""all_points_x"":[927,923,928,930,934,946,950,934],""all_points_y"":[2942,2943,2970,2989,2998,3029,3029,2987]}","{""name"":""not_defined"",""type"":""unknown"",""image_quality"":{""good"":true,""frontal"":true,""good_illumination"":true}}"
9.png,66060342,"{""caption"":"""",""public_domain"":""no"",""image_url"":""""}",2245,80,"{""name"":""polygon"",""all_points_x"":[970,967,978,981],""all_points_y"":[3012,3011,3045,3042]}","{""name"":""not_defined"",""type"":""unknown"",""image_quality"":{""good"":true,""frontal"":true,""good_illumination"":true}}"
9.png,66060342,"{""caption"":"""",""public_domain"":""no"",""image_url"":""""}",2245,81,"{""name"":""polygon"",""all_points_x"":[196,193,206,209],""all_points_y"":[2737,2740,2781,2779]}","{""name"":""not_defined"",""type"":""unknown"",""image_quality"":{""good"":true,""frontal"":true,""good_illumination"":true}}"
9.png,66060342,"{""caption"":"""",""public_domain"":""no"",""image_url"":""""}",2245,82,"{""name"":""polygon"",""all_points_x"":[208,204,193],""all_points_y"":[2785,2788,2749]}","{""name"":""not_defined"",""type"":""unknown"",""image_quality"":{""good"":true,""frontal"":true,""good_illumination"":true}}"
9.png,66060342,"{""caption"":"""",""public_domain"":""no"",""image_url"":""""}",2245,83,"{""name"":""polygon"",""all_points_x"":[983,979,1014,1023,1031,1031,994],""all_points_y"":[2915,2919,2965,2978,2989,2986,2934]}","{""name"":""not_defined"",""type"":""unknown"",""image_quality"":{""good"":true,""frontal"":true,""good_illumination"":true}}"
9.png,66060342,"{""caption"":"""",""public_domain"":""no"",""image_url"":""""}",2245,84,"{""name"":""polygon"",""all_points_x"":[438,425,424,426,440],""all_points_y"":[2727,2771,2781,2780,2729]}","{""name"":""not_defined"",""type"":""unknown"",""image_quality"":{""good"":true,""frontal"":true,""good_illumination"":true}}"
9.png,66060342,"{""caption"":"""",""public_domain"":""no"",""image_url"":""""}",2245,85,"{""name"":""polygon"",""all_points_x"":[303,299,319,325,326,321],""all_points_y"":[2906,2908,2932,2938,2938,2930]}","{""name"":""not_defined"",""type"":""unknown"",""image_quality"":{""good"":true,""frontal"":true,""good_illumination"":true}}"
9.png,66060342,"{""caption"":"""",""public_domain"":""no"",""image_url"":""""}",2245,86,"{""name"":""polygon"",""all_points_x"":[50,45,52,56,59,54],""all_points_y"":[2835,2835,2861,2882,2883,2853]}","{""name"":""not_defined"",""type"":""unknown"",""image_quality"":{""good"":true,""frontal"":true,""good_illumination"":true}}"
9.png,66060342,"{""caption"":"""",""public_domain"":""no"",""image_url"":""""}",2245,87,"{""name"":""polygon"",""all_points_x"":[65,59,70,71,72],""all_points_y"":[2914,2914,2941,2939,2937]}","{""name"":""not_defined"",""type"":""unknown"",""image_quality"":{""good"":true,""frontal"":true,""good_illumination"":true}}"
9.png,66060342,"{""caption"":"""",""public_domain"":""no"",""image_url"":""""}",2245,88,"{""name"":""polygon"",""all_points_x"":[72,80,82,75],""all_points_y"":[2950,2996,2995,2950]}","{""name"":""not_defined"",""type"":""unknown"",""image_quality"":{""good"":true,""frontal"":true,""good_illumination"":true}}"
9.png,66060342,"{""caption"":"""",""public_domain"":""no"",""image_url"":""""}",2245,89,"{""name"":""polygon"",""all_points_x"":[85,91,93,95,93,87],""all_points_y"":[3129,3170,3208,3208,3167,3128]}","{""name"":""not_defined"",""type"":""unknown"",""image_quality"":{""good"":true,""frontal"":true,""good_illumination"":true}}"
9.png,66060342,"{""caption"":"""",""public_domain"":""no"",""image_url"":""""}",2245,90,"{""name"":""polygon"",""all_points_x"":[816,795,784,776,780,819],""all_points_y"":[3240,3303,3342,3368,3369,3241]}","{""name"":""not_defined"",""type"":""unknown"",""image_quality"":{""good"":true,""frontal"":true,""good_illumination"":true}}"
9.png,66060342,"{""caption"":"""",""public_domain"":""no"",""image_url"":""""}",2245,91,"{""name"":""polygon"",""all_points_x"":[809,806,795,785,789,800],""all_points_y"":[3296,3294,3349,3397,3396,3349]}","{""name"":""not_defined"",""type"":""unknown"",""image_quality"":{""good"":true,""frontal"":true,""good_illumination"":true}}"
9.png,66060342,"{""caption"":"""",""public_domain"":""no"",""image_url"":""""}",2245,92,"{""name"":""polygon"",""all_points_x"":[39,35,65,68],""all_points_y"":[3109,3113,3179,3179]}","{""name"":""not_defined"",""type"":""unknown"",""image_quality"":{""good"":true,""frontal"":true,""good_illumination"":true}}"
9.png,66060342,"{""caption"":"""",""public_domain"":""no"",""image_url"":""""}",2245,93,"{""name"":""polygon"",""all_points_x"":[825,817,816,803,805,821,828],""all_points_y"":[3272,3308,3327,3386,3385,3321,3271]}","{""name"":""not_defined"",""type"":""unknown"",""image_quality"":{""good"":true,""frontal"":true,""good_illumination"":true}}"
9.png,66060342,"{""caption"":"""",""public_domain"":""no"",""image_url"":""""}",2245,94,"{""name"":""polygon"",""all_points_x"":[267,246,228,231,269],""all_points_y"":[3370,3449,3512,3512,3369]}","{""name"":""not_defined"",""type"":""unknown"",""image_quality"":{""good"":true,""frontal"":true,""good_illumination"":true}}"
9.png,66060342,"{""caption"":"""",""public_domain"":""no"",""image_url"":""""}",2245,95,"{""name"":""polygon"",""all_points_x"":[763,682,687,767],""all_points_y"":[3466,3528,3532,3467]}","{""name"":""not_defined"",""type"":""unknown"",""image_quality"":{""good"":true,""frontal"":true,""good_illumination"":true}}"
9.png,66060342,"{""caption"":"""",""public_domain"":""no"",""image_url"":""""}",2245,96,"{""name"":""polygon"",""all_points_x"":[739,679,680,742],""all_points_y"":[3475,3514,3518,3478]}","{""name"":""not_defined"",""type"":""unknown"",""image_quality"":{""good"":true,""frontal"":true,""good_illumination"":true}}"
9.png,66060342,"{""caption"":"""",""public_domain"":""no"",""image_url"":""""}",2245,97,"{""name"":""polygon"",""all_points_x"":[641,612,616,644],""all_points_y"":[3455,3554,3550,3455]}","{""name"":""not_defined"",""type"":""unknown"",""image_quality"":{""good"":true,""frontal"":true,""good_illumination"":true}}"
9.png,66060342,"{""caption"":"""",""public_domain"":""no"",""image_url"":""""}",2245,98,"{""name"":""polygon"",""all_points_x"":[645,532,536,648],""all_points_y"":[3537,3604,3609,3541]}","{""name"":""not_defined"",""type"":""unknown"",""image_quality"":{""good"":true,""frontal"":true,""good_illumination"":true}}"
9.png,66060342,"{""caption"":"""",""public_domain"":""no"",""image_url"":""""}",2245,99,"{""name"":""polygon"",""all_points_x"":[755,743,648,650,707,762,760],""all_points_y"":[3332,3353,3451,3456,3395,3331,3328]}","{""name"":""not_defined"",""type"":""unknown"",""image_quality"":{""good"":true,""frontal"":true,""good_illumination"":true}}"
9.png,66060342,"{""caption"":"""",""public_domain"":""no"",""image_url"":""""}",2245,100,"{""name"":""polygon"",""all_points_x"":[767,764,774,778],""all_points_y"":[3335,3337,3383,3383]}","{""name"":""not_defined"",""type"":""unknown"",""image_quality"":{""good"":true,""frontal"":true,""good_illumination"":true}}"
9.png,66060342,"{""caption"":"""",""public_domain"":""no"",""image_url"":""""}",2245,101,"{""name"":""polygon"",""all_points_x"":[771,769,763,763,766,767,774,774],""all_points_y"":[3390,3402,3421,3434,3435,3419,3402,3387]}","{""name"":""not_defined"",""type"":""unknown"",""image_quality"":{""good"":true,""frontal"":true,""good_illumination"":true}}"
9.png,66060342,"{""caption"":"""",""public_domain"":""no"",""image_url"":""""}",2245,102,"{""name"":""polygon"",""all_points_x"":[664,646,639,636,639,650,668],""all_points_y"":[3492,3535,3561,3574,3574,3541,3495]}","{""name"":""not_defined"",""type"":""unknown"",""image_quality"":{""good"":true,""frontal"":true,""good_illumination"":true}}"
9.png,66060342,"{""caption"":"""",""public_domain"":""no"",""image_url"":""""}",2245,103,"{""name"":""polygon"",""all_points_x"":[593,588,603,604],""all_points_y"":[3515,3515,3558,3556]}","{""name"":""not_defined"",""type"":""unknown"",""image_quality"":{""good"":true,""frontal"":true,""good_illumination"":true}}"
9.png,66060342,"{""caption"":"""",""public_domain"":""no"",""image_url"":""""}",2245,104,"{""name"":""polygon"",""all_points_x"":[650,608,613,655],""all_points_y"":[3386,3454,3459,3389]}","{""name"":""not_defined"",""type"":""unknown"",""image_quality"":{""good"":true,""frontal"":true,""good_illumination"":true}}"
9.png,66060342,"{""caption"":"""",""public_domain"":""no"",""image_url"":""""}",2245,105,"{""name"":""polygon"",""all_points_x"":[565,565,584,586],""all_points_y"":[3469,3472,3489,3488]}","{""name"":""not_defined"",""type"":""unknown"",""image_quality"":{""good"":true,""frontal"":true,""good_illumination"":true}}"
9.png,66060342,"{""caption"":"""",""public_domain"":""no"",""image_url"":""""}",2245,106,"{""name"":""polygon"",""all_points_x"":[608,610,635,637,634,628],""all_points_y"":[3492,3493,3468,3462,3461,3474]}","{""name"":""not_defined"",""type"":""unknown"",""image_quality"":{""good"":true,""frontal"":true,""good_illumination"":true}}"
9.png,66060342,"{""caption"":"""",""public_domain"":""no"",""image_url"":""""}",2245,107,"{""name"":""polygon"",""all_points_x"":[614,588,591,613,623,622],""all_points_y"":[3477,3488,3490,3481,3476,3473]}","{""name"":""not_defined"",""type"":""unknown"",""image_quality"":{""good"":true,""frontal"":true,""good_illumination"":true}}"
9.png,66060342,"{""caption"":"""",""public_domain"":""no"",""image_url"":""""}",2245,108,"{""name"":""polygon"",""all_points_x"":[630,632,643,649,649,646,639],""all_points_y"":[3532,3533,3479,3452,3442,3443,3484]}","{""name"":""not_defined"",""type"":""unknown"",""image_quality"":{""good"":true,""frontal"":true,""good_illumination"":true}}"
9.png,66060342,"{""caption"":"""",""public_domain"":""no"",""image_url"":""""}",2245,109,"{""name"":""polygon"",""all_points_x"":[393,378,369,366,383,396],""all_points_y"":[3402,3419,3424,3432,3419,3404]}","{""name"":""not_defined"",""type"":""unknown"",""image_quality"":{""good"":true,""frontal"":true,""good_illumination"":true}}"
9.png,66060342,"{""caption"":"""",""public_domain"":""no"",""image_url"":""""}",2245,110,"{""name"":""polygon"",""all_points_x"":[371,376,371,370,372,366,363,366,368],""all_points_y"":[3595,3595,3583,3574,3554,3517,3518,3559,3583]}","{""name"":""not_defined"",""type"":""unknown"",""image_quality"":{""good"":true,""frontal"":true,""good_illumination"":true}}"
9.png,66060342,"{""caption"":"""",""public_domain"":""no"",""image_url"":""""}",2245,111,"{""name"":""polygon"",""all_points_x"":[291,281,268,248,249,262,285,293],""all_points_y"":[3470,3481,3508,3537,3541,3525,3483,3473]}","{""name"":""not_defined"",""type"":""unknown"",""image_quality"":{""good"":true,""frontal"":true,""good_illumination"":true}}"
9.png,66060342,"{""caption"":"""",""public_domain"":""no"",""image_url"":""""}",2245,112,"{""name"":""polygon"",""all_points_x"":[519,524,529,526],""all_points_y"":[3537,3536,3605,3605]}","{""name"":""not_defined"",""type"":""unknown"",""image_quality"":{""good"":true,""frontal"":true,""good_illumination"":true}}"
9.png,66060342,"{""caption"":"""",""public_domain"":""no"",""image_url"":""""}",2245,113,"{""name"":""polygon"",""all_points_x"":[598,509,510,599],""all_points_y"":[3677,3734,3735,3682]}","{""name"":""not_defined"",""type"":""unknown"",""image_quality"":{""good"":true,""frontal"":true,""good_illumination"":true}}"
9.png,66060342,"{""caption"":"""",""public_domain"":""no"",""image_url"":""""}",2245,114,"{""name"":""polygon"",""all_points_x"":[582,581,551,553],""all_points_y"":[3649,3653,3605,3603]}","{""name"":""not_defined"",""type"":""unknown"",""image_quality"":{""good"":true,""frontal"":true,""good_illumination"":true}}"
9.png,66060342,"{""caption"":"""",""public_domain"":""no"",""image_url"":""""}",2245,115,"{""name"":""polygon"",""all_points_x"":[508,508,531,527],""all_points_y"":[3620,3622,3610,3610]}","{""name"":""not_defined"",""type"":""unknown"",""image_quality"":{""good"":true,""frontal"":true,""good_illumination"":true}}"
9.png,66060342,"{""caption"":"""",""public_domain"":""no"",""image_url"":""""}",2245,116,"{""name"":""polygon"",""all_points_x"":[478,477,476,496,498,481],""all_points_y"":[3526,3525,3542,3584,3581,3540]}","{""name"":""not_defined"",""type"":""unknown"",""image_quality"":{""good"":true,""frontal"":true,""good_illumination"":true}}"
9.png,66060342,"{""caption"":"""",""public_domain"":""no"",""image_url"":""""}",2245,117,"{""name"":""polygon"",""all_points_x"":[469,472,470,467],""all_points_y"":[3590,3590,3540,3538]}","{""name"":""not_defined"",""type"":""unknown"",""image_quality"":{""good"":true,""frontal"":true,""good_illumination"":true}}"
9.png,66060342,"{""caption"":"""",""public_domain"":""no"",""image_url"":""""}",2245,118,"{""name"":""polygon"",""all_points_x"":[376,378,379,378,377,376,372,370,372,374,375],""all_points_y"":[3535,3535,3507,3493,3483,3470,3433,3434,3476,3506,3514]}","{""name"":""not_defined"",""type"":""unknown"",""image_quality"":{""good"":true,""frontal"":true,""good_illumination"":true}}"
9.png,66060342,"{""caption"":"""",""public_domain"":""no"",""image_url"":""""}",2245,119,"{""name"":""polygon"",""all_points_x"":[319,323,319,316,315],""all_points_y"":[3631,3631,3579,3578,3578]}","{""name"":""not_defined"",""type"":""unknown"",""image_quality"":{""good"":true,""frontal"":true,""good_illumination"":true}}"
9.png,66060342,"{""caption"":"""",""public_domain"":""no"",""image_url"":""""}",2245,120,"{""name"":""polygon"",""all_points_x"":[299,297,293,295,298,296,301,302],""all_points_y"":[3627,3682,3711,3749,3748,3706,3659,3625]}","{""name"":""not_defined"",""type"":""unknown"",""image_quality"":{""good"":true,""frontal"":true,""good_illumination"":true}}"
9.png,66060342,"{""caption"":"""",""public_domain"":""no"",""image_url"":""""}",2245,121,"{""name"":""polygon"",""all_points_x"":[346,286,286,348],""all_points_y"":[3719,3760,3764,3722]}","{""name"":""not_defined"",""type"":""unknown"",""image_quality"":{""good"":true,""frontal"":true,""good_illumination"":true}}"
9.png,66060342,"{""caption"":"""",""public_domain"":""no"",""image_url"":""""}",2245,122,"{""name"":""polygon"",""all_points_x"":[277,281,279,272],""all_points_y"":[3758,3755,3735,3735]}","{""name"":""not_defined"",""type"":""unknown"",""image_quality"":{""good"":true,""frontal"":true,""good_illumination"":true}}"
9.png,66060342,"{""caption"":"""",""public_domain"":""no"",""image_url"":""""}",2245,123,"{""name"":""polygon"",""all_points_x"":[273,278,274,273,273,270,261,259,267,271],""all_points_y"":[3732,3732,3704,3666,3647,3623,3529,3532,3629,3664]}","{""name"":""not_defined"",""type"":""unknown"",""image_quality"":{""good"":true,""frontal"":true,""good_illumination"":true}}"
9.png,66060342,"{""caption"":"""",""public_domain"":""no"",""image_url"":""""}",2245,124,"{""name"":""polygon"",""all_points_x"":[253,255,256,253],""all_points_y"":[3725,3725,3662,3662]}","{""name"":""not_defined"",""type"":""unknown"",""image_quality"":{""good"":true,""frontal"":true,""good_illumination"":true}}"
9.png,66060342,"{""caption"":"""",""public_domain"":""no"",""image_url"":""""}",2245,125,"{""name"":""polygon"",""all_points_x"":[253,255,257,255,258,254,251],""all_points_y"":[3643,3643,3621,3594,3570,3570,3600]}","{""name"":""not_defined"",""type"":""unknown"",""image_quality"":{""good"":true,""frontal"":true,""good_illumination"":true}}"
9.png,66060342,"{""caption"":"""",""public_domain"":""no"",""image_url"":""""}",2245,126,"{""name"":""polygon"",""all_points_x"":[209,212,205,198,195],""all_points_y"":[3581,3579,3545,3508,3508]}","{""name"":""not_defined"",""type"":""unknown"",""image_quality"":{""good"":true,""frontal"":true,""good_illumination"":true}}"
9.png,66060342,"{""caption"":"""",""public_domain"":""no"",""image_url"":""""}",2245,127,"{""name"":""polygon"",""all_points_x"":[51,1,4,54],""all_points_y"":[3675,3813,3814,3677]}","{""name"":""not_defined"",""type"":""unknown"",""image_quality"":{""good"":true,""frontal"":true,""good_illumination"":true}}"
9.png,66060342,"{""caption"":"""",""public_domain"":""no"",""image_url"":""""}",2245,128,"{""name"":""polygon"",""all_points_x"":[52,48,25,23],""all_points_y"":[3713,3710,3760,3768]}","{""name"":""not_defined"",""type"":""unknown"",""image_quality"":{""good"":true,""frontal"":true,""good_illumination"":true}}"
9.png,66060342,"{""caption"":"""",""public_domain"":""no"",""image_url"":""""}",2245,129,"{""name"":""polygon"",""all_points_x"":[528,529,531,533,529,524,527],""all_points_y"":[3693,3693,3669,3645,3631,3632,3654]}","{""name"":""not_defined"",""type"":""unknown"",""image_quality"":{""good"":true,""frontal"":true,""good_illumination"":true}}"
9.png,66060342,"{""caption"":"""",""public_domain"":""no"",""image_url"":""""}",2245,130,"{""name"":""polygon"",""all_points_x"":[229,235,238,248,246,242,242,233,230],""all_points_y"":[3636,3632,3611,3586,3574,3574,3586,3611,3627]}","{""name"":""not_defined"",""type"":""unknown"",""image_quality"":{""good"":true,""frontal"":true,""good_illumination"":true}}"
9.png,66060342,"{""caption"":"""",""public_domain"":""no"",""image_url"":""""}",2245,131,"{""name"":""polygon"",""all_points_x"":[199,202,202,203,200],""all_points_y"":[3439,3438,3415,3382,3382]}","{""name"":""not_defined"",""type"":""unknown"",""image_quality"":{""good"":true,""frontal"":true,""good_illumination"":true}}"
9.png,66060342,"{""caption"":"""",""public_domain"":""no"",""image_url"":""""}",2245,132,"{""name"":""polygon"",""all_points_x"":[87,89,91,90,88],""all_points_y"":[3306,3306,3283,3247,3247]}","{""name"":""not_defined"",""type"":""unknown"",""image_quality"":{""good"":true,""frontal"":true,""good_illumination"":true}}"
9.png,66060342,"{""caption"":"""",""public_domain"":""no"",""image_url"":""""}",2245,133,"{""name"":""polygon"",""all_points_x"":[58,59,55,49,50,41,32,28,25,25,32,41,45],""all_points_y"":[3360,3358,3304,3276,3263,3207,3177,3173,3174,3177,3186,3227,3253]}","{""name"":""not_defined"",""type"":""unknown"",""image_quality"":{""good"":true,""frontal"":true,""good_illumination"":true}}"
9.png,66060342,"{""caption"":"""",""public_domain"":""no"",""image_url"":""""}",2245,134,"{""name"":""polygon"",""all_points_x"":[7,1,13,24,40,42,21,17],""all_points_y"":[3209,3205,3230,3244,3259,3256,3233,3227]}","{""name"":""not_defined"",""type"":""unknown"",""image_quality"":{""good"":true,""frontal"":true,""good_illumination"":true}}"
9.png,66060342,"{""caption"":"""",""public_domain"":""no"",""image_url"":""""}",2245,135,"{""name"":""polygon"",""all_points_x"":[36,32,46,54,61,63,52,48,48],""all_points_y"":[3164,3166,3219,3264,3312,3309,3239,3218,3208]}","{""name"":""not_defined"",""type"":""unknown"",""image_quality"":{""good"":true,""frontal"":true,""good_illumination"":true}}"
9.png,66060342,"{""caption"":"""",""public_domain"":""no"",""image_url"":""""}",2245,136,"{""name"":""polygon"",""all_points_x"":[7,3,18,40,40,14],""all_points_y"":[3195,3195,3218,3248,3241,3206]}","{""name"":""not_defined"",""type"":""unknown"",""image_quality"":{""good"":true,""frontal"":true,""good_illumination"":true}}"
9.png,66060342,"{""caption"":"""",""public_domain"":""no"",""image_url"":""""}",2245,137,"{""name"":""polygon"",""all_points_x"":[253,249,272,274],""all_points_y"":[2881,2881,2936,2934]}","{""name"":""not_defined"",""type"":""unknown"",""image_quality"":{""good"":true,""frontal"":true,""good_illumination"":true}}"
9.png,66060342,"{""caption"":"""",""public_domain"":""no"",""image_url"":""""}",2245,138,"{""name"":""polygon"",""all_points_x"":[612,612,607,601,604],""all_points_y"":[3569,3568,3569,3596,3594]}","{""name"":""not_defined"",""type"":""unknown"",""image_quality"":{""good"":true,""frontal"":true,""good_illumination"":true}}"
9.png,66060342,"{""caption"":"""",""public_domain"":""no"",""image_url"":""""}",2245,139,"{""name"":""polygon"",""all_points_x"":[619,612,626,628],""all_points_y"":[3578,3584,3558,3557]}","{""name"":""not_defined"",""type"":""unknown"",""image_quality"":{""good"":true,""frontal"":true,""good_illumination"":true}}"
9.png,66060342,"{""caption"":"""",""public_domain"":""no"",""image_url"":""""}",2245,140,"{""name"":""polygon"",""all_points_x"":[432,427,427,434,435,438],""all_points_y"":[3568,3594,3603,3603,3586,3565]}","{""name"":""not_defined"",""type"":""unknown"",""image_quality"":{""good"":true,""frontal"":true,""good_illumination"":true}}"
9.png,66060342,"{""caption"":"""",""public_domain"":""no"",""image_url"":""""}",2245,141,"{""name"":""polygon"",""all_points_x"":[667,659,656,656,658,660,669],""all_points_y"":[3309,3350,3372,3387,3383,3364,3309]}","{""name"":""not_defined"",""type"":""unknown"",""image_quality"":{""good"":true,""frontal"":true,""good_illumination"":true}}"
9.png,66060342,"{""caption"":"""",""public_domain"":""no"",""image_url"":""""}",2245,142,"{""name"":""polygon"",""all_points_x"":[443,440,445,447],""all_points_y"":[3837,3837,3872,3871]}","{""name"":""not_defined"",""type"":""unknown"",""image_quality"":{""good"":true,""frontal"":true,""good_illumination"":true}}"
9.png,66060342,"{""caption"":"""",""public_domain"":""no"",""image_url"":""""}",2245,143,"{""name"":""polygon"",""all_points_x"":[129,98,99,129],""all_points_y"":[3687,3712,3715,3689]}","{""name"":""not_defined"",""type"":""unknown"",""image_quality"":{""good"":true,""frontal"":true,""good_illumination"":true}}"
9.png,66060342,"{""caption"":"""",""public_domain"":""no"",""image_url"":""""}",2245,144,"{""name"":""polygon"",""all_points_x"":[45,9,15,46],""all_points_y"":[3743,3825,3821,3745]}","{""name"":""not_defined"",""type"":""unknown"",""image_quality"":{""good"":true,""frontal"":true,""good_illumination"":true}}"
9.png,66060342,"{""caption"":"""",""public_domain"":""no"",""image_url"":""""}",2245,145,"{""name"":""polygon"",""all_points_x"":[62,65,61,59,56],""all_points_y"":[3771,3769,3821,3851,3849]}","{""name"":""not_defined"",""type"":""unknown"",""image_quality"":{""good"":true,""frontal"":true,""good_illumination"":true}}"
9.png,66060342,"{""caption"":"""",""public_domain"":""no"",""image_url"":""""}",2245,146,"{""name"":""polygon"",""all_points_x"":[43,41,41,39,43],""all_points_y"":[3808,3807,3850,3904,3902]}","{""name"":""not_defined"",""type"":""unknown"",""image_quality"":{""good"":true,""frontal"":true,""good_illumination"":true}}"
9.png,66060342,"{""caption"":"""",""public_domain"":""no"",""image_url"":""""}",2245,147,"{""name"":""polygon"",""all_points_x"":[231,220,209,217,236],""all_points_y"":[3534,3581,3647,3648,3534]}","{""name"":""not_defined"",""type"":""unknown"",""image_quality"":{""good"":true,""frontal"":true,""good_illumination"":true}}"
9.png,66060342,"{""caption"":"""",""public_domain"":""no"",""image_url"":""""}",2245,148,"{""name"":""polygon"",""all_points_x"":[194,189,199,203],""all_points_y"":[3590,3589,3628,3627]}","{""name"":""not_defined"",""type"":""unknown"",""image_quality"":{""good"":true,""frontal"":true,""good_illumination"":true}}"
9.png,66060342,"{""caption"":"""",""public_domain"":""no"",""image_url"":""""}",2245,149,"{""name"":""polygon"",""all_points_x"":[156,156,159,158],""all_points_y"":[2795,2832,2832,2793]}","{""name"":""not_defined"",""type"":""unknown"",""image_quality"":{""good"":true,""frontal"":true,""good_illumination"":true}}"
9.png,66060342,"{""caption"":"""",""public_domain"":""no"",""image_url"":""""}",2245,150,"{""name"":""polygon"",""all_points_x"":[253,250,275,278],""all_points_y"":[2850,2850,2879,2878]}","{""name"":""not_defined"",""type"":""unknown"",""image_quality"":{""good"":true,""frontal"":true,""good_illumination"":true}}"
9.png,66060342,"{""caption"":"""",""public_domain"":""no"",""image_url"":""""}",2245,151,"{""name"":""polygon"",""all_points_x"":[992,974,963,968,980,994],""all_points_y"":[3090,3146,3193,3192,3139,3091]}","{""name"":""not_defined"",""type"":""unknown"",""image_quality"":{""good"":true,""frontal"":true,""good_illumination"":true}}"
9.png,66060342,"{""caption"":"""",""public_domain"":""no"",""image_url"":""""}",2245,152,"{""name"":""polygon"",""all_points_x"":[420,398,396,418],""all_points_y"":[3342,3373,3369,3340]}","{""name"":""not_defined"",""type"":""unknown"",""image_quality"":{""good"":true,""frontal"":true,""good_illumination"":true}}"
9.png,66060342,"{""caption"":"""",""public_domain"":""no"",""image_url"":""""}",2245,153,"{""name"":""polygon"",""all_points_x"":[432,425,427,434],""all_points_y"":[3892,3922,3922,3893]}","{""name"":""not_defined"",""type"":""unknown"",""image_quality"":{""good"":true,""frontal"":true,""good_illumination"":true}}"
9.png,66060342,"{""caption"":"""",""public_domain"":""no"",""image_url"":""""}",2245,154,"{""name"":""polygon"",""all_points_x"":[28,26,45,59,67,46,34],""all_points_y"":[3089,3095,3155,3207,3210,3144,3108]}","{""name"":""not_defined"",""type"":""unknown"",""image_quality"":{""good"":true,""frontal"":true,""good_illumination"":true}}"
9.png,66060342,"{""caption"":"""",""public_domain"":""no"",""image_url"":""""}",2245,155,"{""name"":""polygon"",""all_points_x"":[436,438,467,476,473,464],""all_points_y"":[3611,3608,3618,3629,3629,3621]}","{""name"":""not_defined"",""type"":""unknown"",""image_quality"":{""good"":true,""frontal"":true,""good_illumination"":true}}"
9.png,66060342,"{""caption"":"""",""public_domain"":""no"",""image_url"":""""}",2245,156,"{""name"":""polygon"",""all_points_x"":[319,316,326,328],""all_points_y"":[3216,3214,3261,3261]}","{""name"":""not_defined"",""type"":""unknown"",""image_quality"":{""good"":true,""frontal"":true,""good_illumination"":true}}"
9.png,66060342,"{""caption"":"""",""public_domain"":""no"",""image_url"":""""}",2245,157,"{""name"":""polygon"",""all_points_x"":[1199,1172,1156,1158,1200],""all_points_y"":[3172,3233,3271,3274,3173]}","{""name"":""not_defined"",""type"":""unknown"",""image_quality"":{""good"":true,""frontal"":true,""good_illumination"":true}}"
9.png,66060342,"{""caption"":"""",""public_domain"":""no"",""image_url"":""""}",2245,158,"{""name"":""polygon"",""all_points_x"":[1149,1113,1103,1108,1140,1149,1151],""all_points_y"":[3287,3373,3398,3399,3316,3297,3290]}","{""name"":""not_defined"",""type"":""unknown"",""image_quality"":{""good"":true,""frontal"":true,""good_illumination"":true}}"
9.png,66060342,"{""caption"":"""",""public_domain"":""no"",""image_url"":""""}",2245,159,"{""name"":""polygon"",""all_points_x"":[1212,1193,1182,1186,1215],""all_points_y"":[3209,3302,3356,3356,3208]}","{""name"":""not_defined"",""type"":""unknown"",""image_quality"":{""good"":true,""frontal"":true,""good_illumination"":true}}"
9.png,66060342,"{""caption"":"""",""public_domain"":""no"",""image_url"":""""}",2245,160,"{""name"":""polygon"",""all_points_x"":[1235,1229,1211,1191,1193,1227,1239],""all_points_y"":[3405,3414,3448,3481,3484,3429,3405]}","{""name"":""not_defined"",""type"":""unknown"",""image_quality"":{""good"":true,""frontal"":true,""good_illumination"":true}}"
9.png,66060342,"{""caption"":"""",""public_domain"":""no"",""image_url"":""""}",2245,161,"{""name"":""polygon"",""all_points_x"":[674,672,703,705],""all_points_y"":[3328,3326,3300,3305]}","{""name"":""not_defined"",""type"":""unknown"",""image_quality"":{""good"":true,""frontal"":true,""good_illumination"":true}}"
9.png,66060342,"{""caption"":"""",""public_domain"":""no"",""image_url"":""""}",2245,162,"{""name"":""polygon"",""all_points_x"":[1376,1372,1391,1422,1426,1394],""all_points_y"":[3086,3090,3129,3200,3197,3127]}","{""name"":""not_defined"",""type"":""unknown"",""image_quality"":{""good"":true,""frontal"":true,""good_illumination"":true}}"
9.png,66060342,"{""caption"":"""",""public_domain"":""no"",""image_url"":""""}",2245,163,"{""name"":""polygon"",""all_points_x"":[1184,1177,1168,1145,1150,1179,1189],""all_points_y"":[2985,3003,3031,3104,3103,3009,2983]}","{""name"":""not_defined"",""type"":""unknown"",""image_quality"":{""good"":true,""frontal"":true,""good_illumination"":true}}"
9.png,66060342,"{""caption"":"""",""public_domain"":""no"",""image_url"":""""}",2245,164,"{""name"":""polygon"",""all_points_x"":[1184,1179,1186,1189],""all_points_y"":[3026,3031,3075,3073]}","{""name"":""not_defined"",""type"":""unknown"",""image_quality"":{""good"":true,""frontal"":true,""good_illumination"":true}}"
9.png,66060342,"{""caption"":"""",""public_domain"":""no"",""image_url"":""""}",2245,165,"{""name"":""polygon"",""all_points_x"":[1202,1200,1193,1195,1202],""all_points_y"":[2993,2994,3062,3060,3007]}","{""name"":""not_defined"",""type"":""unknown"",""image_quality"":{""good"":true,""frontal"":true,""good_illumination"":true}}"
9.png,66060342,"{""caption"":"""",""public_domain"":""no"",""image_url"":""""}",2245,166,"{""name"":""polygon"",""all_points_x"":[1311,1308,1325,1346,1348],""all_points_y"":[2868,2868,2910,2959,2959]}","{""name"":""not_defined"",""type"":""unknown"",""image_quality"":{""good"":true,""frontal"":true,""good_illumination"":true}}"
9.png,66060342,"{""caption"":"""",""public_domain"":""no"",""image_url"":""""}",2245,167,"{""name"":""polygon"",""all_points_x"":[1202,1199,1212,1218,1221,1211],""all_points_y"":[2770,2770,2877,2904,2901,2842]}","{""name"":""not_defined"",""type"":""unknown"",""image_quality"":{""good"":true,""frontal"":true,""good_illumination"":true}}"
9.png,66060342,"{""caption"":"""",""public_domain"":""no"",""image_url"":""""}",2245,168,"{""name"":""polygon"",""all_points_x"":[1248,1241,1267,1270,1253],""all_points_y"":[2818,2826,2896,2892,2842]}","{""name"":""not_defined"",""type"":""unknown"",""image_quality"":{""good"":true,""frontal"":true,""good_illumination"":true}}"
9.png,66060342,"{""caption"":"""",""public_domain"":""no"",""image_url"":""""}",2245,169,"{""name"":""polygon"",""all_points_x"":[1244,1246,1228,1228],""all_points_y"":[3208,3212,3231,3225]}","{""name"":""not_defined"",""type"":""unknown"",""image_quality"":{""good"":true,""frontal"":true,""good_illumination"":true}}"
9.png,66060342,"{""caption"":"""",""public_domain"":""no"",""image_url"":""""}",2245,170,"{""name"":""polygon"",""all_points_x"":[1369,1372,1331,1302,1266,1263,1347],""all_points_y"":[3320,3323,3367,3400,3444,3440,3344]}","{""name"":""not_defined"",""type"":""unknown"",""image_quality"":{""good"":true,""frontal"":true,""good_illumination"":true}}"
9.png,66060342,"{""caption"":"""",""public_domain"":""no"",""image_url"":""""}",2245,171,"{""name"":""polygon"",""all_points_x"":[1275,1257,1248,1253,1268,1279],""all_points_y"":[3187,3244,3276,3276,3225,3188]}","{""name"":""not_defined"",""type"":""unknown"",""image_quality"":{""good"":true,""frontal"":true,""good_illumination"":true}}"
9.png,66060342,"{""caption"":"""",""public_domain"":""no"",""image_url"":""""}",2245,172,"{""name"":""polygon"",""all_points_x"":[1226,1223,1215,1221,1228],""all_points_y"":[3219,3232,3323,3323,3217]}","{""name"":""not_defined"",""type"":""unknown"",""image_quality"":{""good"":true,""frontal"":true,""good_illumination"":true}}"
9.png,66060342,"{""caption"":"""",""public_domain"":""no"",""image_url"":""""}",2245,173,"{""name"":""polygon"",""all_points_x"":[1318,1290,1294,1321],""all_points_y"":[3442,3500,3501,3446]}","{""name"":""not_defined"",""type"":""unknown"",""image_quality"":{""good"":true,""frontal"":true,""good_illumination"":true}}"
9.png,66060342,"{""caption"":"""",""public_domain"":""no"",""image_url"":""""}",2245,174,"{""name"":""polygon"",""all_points_x"":[1287,1290,1280,1276],""all_points_y"":[3506,3507,3527,3525]}","{""name"":""not_defined"",""type"":""unknown"",""image_quality"":{""good"":true,""frontal"":true,""good_illumination"":true}}"
9.png,66060342,"{""caption"":"""",""public_domain"":""no"",""image_url"":""""}",2245,175,"{""name"":""polygon"",""all_points_x"":[1096,1094,1102,1105],""all_points_y"":[3195,3195,3232,3232]}","{""name"":""not_defined"",""type"":""unknown"",""image_quality"":{""good"":true,""frontal"":true,""good_illumination"":true}}"
9.png,66060342,"{""caption"":"""",""public_domain"":""no"",""image_url"":""""}",2245,176,"{""name"":""polygon"",""all_points_x"":[1392,1388,1384,1387,1394,1397,1389,1387],""all_points_y"":[3245,3243,3273,3294,3319,3317,3293,3265]}","{""name"":""not_defined"",""type"":""unknown"",""image_quality"":{""good"":true,""frontal"":true,""good_illumination"":true}}"
9.png,66060342,"{""caption"":"""",""public_domain"":""no"",""image_url"":""""}",2245,177,"{""name"":""polygon"",""all_points_x"":[1453,1410,1373,1341,1327,1330,1350,1398,1456],""all_points_y"":[3408,3439,3472,3504,3523,3523,3497,3457,3409]}","{""name"":""not_defined"",""type"":""unknown"",""image_quality"":{""good"":true,""frontal"":true,""good_illumination"":true}}"
9.png,66060342,"{""caption"":"""",""public_domain"":""no"",""image_url"":""""}",2245,178,"{""name"":""polygon"",""all_points_x"":[1349,1344,1372,1379],""all_points_y"":[3512,3510,3481,3477]}","{""name"":""not_defined"",""type"":""unknown"",""image_quality"":{""good"":true,""frontal"":true,""good_illumination"":true}}"
9.png,66060342,"{""caption"":"""",""public_domain"":""no"",""image_url"":""""}",2245,179,"{""name"":""polygon"",""all_points_x"":[1299,1287,1261,1243,1221,1208,1210,1232,1274,1289,1300],""all_points_y"":[3203,3220,3276,3319,3374,3409,3409,3355,3258,3221,3206]}","{""name"":""not_defined"",""type"":""unknown"",""image_quality"":{""good"":true,""frontal"":true,""good_illumination"":true}}"
9.png,66060342,"{""caption"":"""",""public_domain"":""no"",""image_url"":""""}",2245,180,"{""name"":""polygon"",""all_points_x"":[1435,1425,1428,1440],""all_points_y"":[3137,3206,3206,3137]}","{""name"":""not_defined"",""type"":""unknown"",""image_quality"":{""good"":true,""frontal"":true,""good_illumination"":true}}"
9.png,66060342,"{""caption"":"""",""public_domain"":""no"",""image_url"":""""}",2245,181,"{""name"":""polygon"",""all_points_x"":[1470,1467,1479,1482],""all_points_y"":[3419,3420,3525,3524]}","{""name"":""not_defined"",""type"":""unknown"",""image_quality"":{""good"":true,""frontal"":true,""good_illumination"":true}}"
9.png,66060342,"{""caption"":"""",""public_domain"":""no"",""image_url"":""""}",2245,182,"{""name"":""polygon"",""all_points_x"":[1521,1495,1484,1473,1476,1491,1515,1526],""all_points_y"":[3367,3457,3516,3570,3570,3496,3403,3365]}","{""name"":""not_defined"",""type"":""unknown"",""image_quality"":{""good"":true,""frontal"":true,""good_illumination"":true}}"
9.png,66060342,"{""caption"":"""",""public_domain"":""no"",""image_url"":""""}",2245,183,"{""name"":""polygon"",""all_points_x"":[1573,1551,1555,1578],""all_points_y"":[3397,3431,3431,3398]}","{""name"":""not_defined"",""type"":""unknown"",""image_quality"":{""good"":true,""frontal"":true,""good_illumination"":true}}"
9.png,66060342,"{""caption"":"""",""public_domain"":""no"",""image_url"":""""}",2245,184,"{""name"":""polygon"",""all_points_x"":[1463,1446,1433,1436,1453,1465],""all_points_y"":[3439,3473,3506,3507,3464,3440]}","{""name"":""not_defined"",""type"":""unknown"",""image_quality"":{""good"":true,""frontal"":true,""good_illumination"":true}}"
9.png,66060342,"{""caption"":"""",""public_domain"":""no"",""image_url"":""""}",2245,185,"{""name"":""polygon"",""all_points_x"":[1532,1504,1491,1494,1535],""all_points_y"":[3457,3495,3514,3517,3458]}","{""name"":""not_defined"",""type"":""unknown"",""image_quality"":{""good"":true,""frontal"":true,""good_illumination"":true}}"
9.png,66060342,"{""caption"":"""",""public_domain"":""no"",""image_url"":""""}",2245,186,"{""name"":""polygon"",""all_points_x"":[1063,1061,1063,1066,1065],""all_points_y"":[3267,3327,3387,3387,3267]}","{""name"":""not_defined"",""type"":""unknown"",""image_quality"":{""good"":true,""frontal"":true,""good_illumination"":true}}"
9.png,66060342,"{""caption"":"""",""public_domain"":""no"",""image_url"":""""}",2245,187,"{""name"":""polygon"",""all_points_x"":[1594,1570,1573,1599],""all_points_y"":[3211,3263,3265,3210]}","{""name"":""not_defined"",""type"":""unknown"",""image_quality"":{""good"":true,""frontal"":true,""good_illumination"":true}}"
9.png,66060342,"{""caption"":"""",""public_domain"":""no"",""image_url"":""""}",2245,188,"{""name"":""polygon"",""all_points_x"":[1489,1465,1471,1493],""all_points_y"":[3099,3150,3151,3102]}","{""name"":""not_defined"",""type"":""unknown"",""image_quality"":{""good"":true,""frontal"":true,""good_illumination"":true}}"
9.png,66060342,"{""caption"":"""",""public_domain"":""no"",""image_url"":""""}",2245,189,"{""name"":""polygon"",""all_points_x"":[1431,1420,1425,1433],""all_points_y"":[3002,3030,3030,3002]}","{""name"":""not_defined"",""type"":""unknown"",""image_quality"":{""good"":true,""frontal"":true,""good_illumination"":true}}"
9.png,66060342,"{""caption"":"""",""public_domain"":""no"",""image_url"":""""}",2245,190,"{""name"":""polygon"",""all_points_x"":[1499,1477,1480,1502],""all_points_y"":[3004,3039,3042,3005]}","{""name"":""not_defined"",""type"":""unknown"",""image_quality"":{""good"":true,""frontal"":true,""good_illumination"":true}}"
9.png,66060342,"{""caption"":"""",""public_domain"":""no"",""image_url"":""""}",2245,191,"{""name"":""polygon"",""all_points_x"":[1552,1549,1507,1496,1453,1458,1498],""all_points_y"":[3121,3125,3078,3069,3016,3016,3067]}","{""name"":""not_defined"",""type"":""unknown"",""image_quality"":{""good"":true,""frontal"":true,""good_illumination"":true}}"
9.png,66060342,"{""caption"":"""",""public_domain"":""no"",""image_url"":""""}",2245,192,"{""name"":""polygon"",""all_points_x"":[1454,1456,1458,1459],""all_points_y"":[3055,3075,3075,3055]}","{""name"":""not_defined"",""type"":""unknown"",""image_quality"":{""good"":true,""frontal"":true,""good_illumination"":true}}"
9.png,66060342,"{""caption"":"""",""public_domain"":""no"",""image_url"":""""}",2245,193,"{""name"":""polygon"",""all_points_x"":[1458,1458,1460,1461],""all_points_y"":[3133,3148,3148,3135]}","{""name"":""not_defined"",""type"":""unknown"",""image_quality"":{""good"":true,""frontal"":true,""good_illumination"":true}}"
9.png,66060342,"{""caption"":"""",""public_domain"":""no"",""image_url"":""""}",2245,194,"{""name"":""polygon"",""all_points_x"":[1205,1194,1197,1210],""all_points_y"":[3068,3130,3128,3069]}","{""name"":""not_defined"",""type"":""unknown"",""image_quality"":{""good"":true,""frontal"":true,""good_illumination"":true}}"
9.png,66060342,"{""caption"":"""",""public_domain"":""no"",""image_url"":""""}",2245,195,"{""name"":""polygon"",""all_points_x"":[1192,1193,1197,1196],""all_points_y"":[3083,3111,3107,3084]}","{""name"":""not_defined"",""type"":""unknown"",""image_quality"":{""good"":true,""frontal"":true,""good_illumination"":true}}"
9.png,66060342,"{""caption"":"""",""public_domain"":""no"",""image_url"":""""}",2245,196,"{""name"":""polygon"",""all_points_x"":[1452,1442,1445,1454],""all_points_y"":[3359,3380,3382,3362]}","{""name"":""not_defined"",""type"":""unknown"",""image_quality"":{""good"":true,""frontal"":true,""good_illumination"":true}}"
9.png,66060342,"{""caption"":"""",""public_domain"":""no"",""image_url"":""""}",2245,197,"{""name"":""polygon"",""all_points_x"":[1448,1429,1414,1397,1402,1420,1449],""all_points_y"":[3316,3329,3342,3353,3356,3340,3318]}","{""name"":""not_defined"",""type"":""unknown"",""image_quality"":{""good"":true,""frontal"":true,""good_illumination"":true}}"
9.png,66060342,"{""caption"":"""",""public_domain"":""no"",""image_url"":""""}",2245,198,"{""name"":""polygon"",""all_points_x"":[1196,1198,1221,1227,1224,1209],""all_points_y"":[3369,3369,3237,3202,3195,3278]}","{""name"":""not_defined"",""type"":""unknown"",""image_quality"":{""good"":true,""frontal"":true,""good_illumination"":true}}"
9.png,66060342,"{""caption"":"""",""public_domain"":""no"",""image_url"":""""}",2245,199,"{""name"":""polygon"",""all_points_x"":[1387,1383,1376,1375,1377,1382],""all_points_y"":[3998,3998,4049,4074,4073,4030]}","{""name"":""not_defined"",""type"":""unknown"",""image_quality"":{""good"":true,""frontal"":true,""good_illumination"":true}}"
9.png,66060342,"{""caption"":"""",""public_domain"":""no"",""image_url"":""""}",2245,200,"{""name"":""polygon"",""all_points_x"":[1397,1386,1382,1381,1384,1387,1400],""all_points_y"":[3998,4032,4049,4070,4068,4038,3998]}","{""name"":""not_defined"",""type"":""unknown"",""image_quality"":{""good"":true,""frontal"":true,""good_illumination"":true}}"
9.png,66060342,"{""caption"":"""",""public_domain"":""no"",""image_url"":""""}",2245,201,"{""name"":""polygon"",""all_points_x"":[1490,1486,1482,1483],""all_points_y"":[3603,3603,3544,3540]}","{""name"":""not_defined"",""type"":""unknown"",""image_quality"":{""good"":true,""frontal"":true,""good_illumination"":true}}"
9.png,66060342,"{""caption"":"""",""public_domain"":""no"",""image_url"":""""}",2245,202,"{""name"":""polygon"",""all_points_x"":[1288,1268,1271,1290],""all_points_y"":[3604,3625,3627,3606]}","{""name"":""not_defined"",""type"":""unknown"",""image_quality"":{""good"":true,""frontal"":true,""good_illumination"":true}}"
9.png,66060342,"{""caption"":"""",""public_domain"":""no"",""image_url"":""""}",2245,203,"{""name"":""polygon"",""all_points_x"":[1248,1218,1219,1251],""all_points_y"":[3646,3673,3676,3647]}","{""name"":""not_defined"",""type"":""unknown"",""image_quality"":{""good"":true,""frontal"":true,""good_illumination"":true}}"
9.png,66060342,"{""caption"":"""",""public_domain"":""no"",""image_url"":""""}",2245,204,"{""name"":""polygon"",""all_points_x"":[1613,1610,1606,1602,1592,1595,1605],""all_points_y"":[3002,3000,3039,3067,3095,3095,3069]}","{""name"":""not_defined"",""type"":""unknown"",""image_quality"":{""good"":true,""frontal"":true,""good_illumination"":true}}"
9.png,66060342,"{""caption"":"""",""public_domain"":""no"",""image_url"":""""}",2245,205,"{""name"":""polygon"",""all_points_x"":[1156,1149,1165,1180,1183,1166],""all_points_y"":[2789,2790,2833,2864,2863,2826]}","{""name"":""not_defined"",""type"":""unknown"",""image_quality"":{""good"":true,""frontal"":true,""good_illumination"":true}}"
9.png,66060342,"{""caption"":"""",""public_domain"":""no"",""image_url"":""""}",2245,206,"{""name"":""polygon"",""all_points_x"":[1389,1385,1391,1396,1398,1402,1402,1393],""all_points_y"":[2680,2679,2724,2765,2815,2813,2767,2708]}","{""name"":""not_defined"",""type"":""unknown"",""image_quality"":{""good"":true,""frontal"":true,""good_illumination"":true}}"
9.png,66060342,"{""caption"":"""",""public_domain"":""no"",""image_url"":""""}",2245,207,"{""name"":""polygon"",""all_points_x"":[1402,1396,1401,1411,1418,1422],""all_points_y"":[2524,2518,2563,2610,2658,2657]}","{""name"":""not_defined"",""type"":""unknown"",""image_quality"":{""good"":true,""frontal"":true,""good_illumination"":true}}"
9.png,66060342,"{""caption"":"""",""public_domain"":""no"",""image_url"":""""}",2245,208,"{""name"":""polygon"",""all_points_x"":[1550,1537,1540,1552],""all_points_y"":[2560,2583,2583,2562]}","{""name"":""not_defined"",""type"":""unknown"",""image_quality"":{""good"":true,""frontal"":true,""good_illumination"":true}}"
9.png,66060342,"{""caption"":"""",""public_domain"":""no"",""image_url"":""""}",2245,209,"{""name"":""polygon"",""all_points_x"":[1531,1536,1529,1524,1521],""all_points_y"":[2592,2590,2613,2623,2625]}","{""name"":""not_defined"",""type"":""unknown"",""image_quality"":{""good"":true,""frontal"":true,""good_illumination"":true}}"
9.png,66060342,"{""caption"":"""",""public_domain"":""no"",""image_url"":""""}",2245,210,"{""name"":""polygon"",""all_points_x"":[1513,1506,1509,1517],""all_points_y"":[2896,2927,2927,2896]}","{""name"":""not_defined"",""type"":""unknown"",""image_quality"":{""good"":true,""frontal"":true,""good_illumination"":true}}"
9.png,66060342,"{""caption"":"""",""public_domain"":""no"",""image_url"":""""}",2245,211,"{""name"":""polygon"",""all_points_x"":[1356,1359,1349,1343,1343,1342,1336,1332,1330,1329,1339,1341],""all_points_y"":[2950,2938,2871,2841,2804,2794,2768,2725,2727,2766,2804,2855]}","{""name"":""not_defined"",""type"":""unknown"",""image_quality"":{""good"":true,""frontal"":true,""good_illumination"":true}}"
9.png,66060342,"{""caption"":"""",""public_domain"":""no"",""image_url"":""""}",2245,212,"{""name"":""polygon"",""all_points_x"":[1453,1450,1447,1449],""all_points_y"":[2877,2878,2864,2864]}","{""name"":""not_defined"",""type"":""unknown"",""image_quality"":{""good"":true,""frontal"":true,""good_illumination"":true}}"
9.png,66060342,"{""caption"":"""",""public_domain"":""no"",""image_url"":""""}",2245,213,"{""name"":""polygon"",""all_points_x"":[1146,1141,1160,1169,1170,1162],""all_points_y"":[2840,2843,2883,2896,2888,2875]}","{""name"":""not_defined"",""type"":""unknown"",""image_quality"":{""good"":true,""frontal"":true,""good_illumination"":true}}"
9.png,66060342,"{""caption"":"""",""public_domain"":""no"",""image_url"":""""}",2245,214,"{""name"":""polygon"",""all_points_x"":[1116,1111,1152,1154],""all_points_y"":[2848,2853,2898,2897]}","{""name"":""not_defined"",""type"":""unknown"",""image_quality"":{""good"":true,""frontal"":true,""good_illumination"":true}}"
9.png,66060342,"{""caption"":"""",""public_domain"":""no"",""image_url"":""""}",2245,215,"{""name"":""polygon"",""all_points_x"":[1270,1267,1278,1290,1301,1308,1310,1298,1287],""all_points_y"":[2672,2674,2699,2733,2779,2806,2806,2746,2714]}","{""name"":""not_defined"",""type"":""unknown"",""image_quality"":{""good"":true,""frontal"":true,""good_illumination"":true}}"
9.png,66060342,"{""caption"":"""",""public_domain"":""no"",""image_url"":""""}",2245,216,"{""name"":""polygon"",""all_points_x"":[1316,1299,1303,1319],""all_points_y"":[2433,2486,2486,2434]}","{""name"":""not_defined"",""type"":""unknown"",""image_quality"":{""good"":true,""frontal"":true,""good_illumination"":true}}"
9.png,66060342,"{""caption"":"""",""public_domain"":""no"",""image_url"":""""}",2245,217,"{""name"":""polygon"",""all_points_x"":[1288,1286,1305,1325,1329],""all_points_y"":[2538,2541,2588,2650,2650]}","{""name"":""not_defined"",""type"":""unknown"",""image_quality"":{""good"":true,""frontal"":true,""good_illumination"":true}}"
9.png,66060342,"{""caption"":"""",""public_domain"":""no"",""image_url"":""""}",2245,218,"{""name"":""polygon"",""all_points_x"":[1343,1340,1317,1317],""all_points_y"":[2656,2658,2614,2611]}","{""name"":""not_defined"",""type"":""unknown"",""image_quality"":{""good"":true,""frontal"":true,""good_illumination"":true}}"
9.png,66060342,"{""caption"":"""",""public_domain"":""no"",""image_url"":""""}",2245,219,"{""name"":""polygon"",""all_points_x"":[1334,1330,1347,1360,1372,1376,1362],""all_points_y"":[2551,2554,2591,2623,2665,2663,2614]}","{""name"":""not_defined"",""type"":""unknown"",""image_quality"":{""good"":true,""frontal"":true,""good_illumination"":true}}"
9.png,66060342,"{""caption"":"""",""public_domain"":""no"",""image_url"":""""}",2245,220,"{""name"":""polygon"",""all_points_x"":[1392,1380,1381,1386,1389,1388,1386,1386,1390,1395],""all_points_y"":[2497,2563,2583,2606,2606,2581,2576,2551,2543,2499]}","{""name"":""not_defined"",""type"":""unknown"",""image_quality"":{""good"":true,""frontal"":true,""good_illumination"":true}}"
9.png,66060342,"{""caption"":"""",""public_domain"":""no"",""image_url"":""""}",2245,221,"{""name"":""polygon"",""all_points_x"":[1572,1526,1526,1573],""all_points_y"":[2597,2625,2629,2600]}","{""name"":""not_defined"",""type"":""unknown"",""image_quality"":{""good"":true,""frontal"":true,""good_illumination"":true}}"
9.png,66060342,"{""caption"":"""",""public_domain"":""no"",""image_url"":""""}",2245,222,"{""name"":""polygon"",""all_points_x"":[1424,1420,1422,1427,1431,1435,1443,1447,1438,1435,1435],""all_points_y"":[2682,2683,2713,2744,2782,2810,2843,2841,2805,2783,2757]}","{""name"":""not_defined"",""type"":""unknown"",""image_quality"":{""good"":true,""frontal"":true,""good_illumination"":true}}"
9.png,66060342,"{""caption"":"""",""public_domain"":""no"",""image_url"":""""}",2245,223,"{""name"":""polygon"",""all_points_x"":[1400,1392,1393,1407,1405],""all_points_y"":[2603,2631,2636,2595,2594]}","{""name"":""not_defined"",""type"":""unknown"",""image_quality"":{""good"":true,""frontal"":true,""good_illumination"":true}}"
9.png,66060342,"{""caption"":"""",""public_domain"":""no"",""image_url"":""""}",2245,224,"{""name"":""polygon"",""all_points_x"":[1581,1576,1588,1593],""all_points_y"":[2501,2501,2555,2557]}","{""name"":""not_defined"",""type"":""unknown"",""image_quality"":{""good"":true,""frontal"":true,""good_illumination"":true}}"
9.png,66060342,"{""caption"":"""",""public_domain"":""no"",""image_url"":""""}",2245,225,"{""name"":""polygon"",""all_points_x"":[1510,1509,1555,1583,1582],""all_points_y"":[2559,2563,2556,2550,2546]}","{""name"":""not_defined"",""type"":""unknown"",""image_quality"":{""good"":true,""frontal"":true,""good_illumination"":true}}"
9.png,66060342,"{""caption"":"""",""public_domain"":""no"",""image_url"":""""}",2245,226,"{""name"":""polygon"",""all_points_x"":[1555,1553,1613,1656,1665,1669],""all_points_y"":[2639,2647,2649,2655,2656,2652]}","{""name"":""not_defined"",""type"":""unknown"",""image_quality"":{""good"":true,""frontal"":true,""good_illumination"":true}}"
9.png,66060342,"{""caption"":"""",""public_domain"":""no"",""image_url"":""""}",2245,227,"{""name"":""polygon"",""all_points_x"":[1559,1560,1600,1611,1608],""all_points_y"":[2668,2670,2654,2651,2649]}","{""name"":""not_defined"",""type"":""unknown"",""image_quality"":{""good"":true,""frontal"":true,""good_illumination"":true}}"
9.png,66060342,"{""caption"":"""",""public_domain"":""no"",""image_url"":""""}",2245,228,"{""name"":""polygon"",""all_points_x"":[1743,1734,1738,1739,1742,1741],""all_points_y"":[2742,2741,2708,2668,2668,2726]}","{""name"":""not_defined"",""type"":""unknown"",""image_quality"":{""good"":true,""frontal"":true,""good_illumination"":true}}"
9.png,66060342,"{""caption"":"""",""public_domain"":""no"",""image_url"":""""}",2245,229,"{""name"":""polygon"",""all_points_x"":[1571,1572,1626,1627],""all_points_y"":[2689,2693,2687,2683]}","{""name"":""not_defined"",""type"":""unknown"",""image_quality"":{""good"":true,""frontal"":true,""good_illumination"":true}}"
9.png,66060342,"{""caption"":"""",""public_domain"":""no"",""image_url"":""""}",2245,230,"{""name"":""polygon"",""all_points_x"":[1631,1608,1610,1639],""all_points_y"":[2659,2683,2683,2659]}","{""name"":""not_defined"",""type"":""unknown"",""image_quality"":{""good"":true,""frontal"":true,""good_illumination"":true}}"
9.png,66060342,"{""caption"":"""",""public_domain"":""no"",""image_url"":""""}",2245,231,"{""name"":""polygon"",""all_points_x"":[1580,1583,1601,1596],""all_points_y"":[2709,2712,2696,2695]}","{""name"":""not_defined"",""type"":""unknown"",""image_quality"":{""good"":true,""frontal"":true,""good_illumination"":true}}"
9.png,66060342,"{""caption"":"""",""public_domain"":""no"",""image_url"":""""}",2245,232,"{""name"":""polygon"",""all_points_x"":[1649,1625,1562,1565,1622,1626,1648,1651,1656],""all_points_y"":[2660,2690,2740,2742,2695,2693,2668,2662,2661]}","{""name"":""not_defined"",""type"":""unknown"",""image_quality"":{""good"":true,""frontal"":true,""good_illumination"":true}}"
9.png,66060342,"{""caption"":"""",""public_domain"":""no"",""image_url"":""""}",2245,233,"{""name"":""polygon"",""all_points_x"":[1733,1638,1635,1736,1737],""all_points_y"":[2675,2683,2687,2677,2676]}","{""name"":""not_defined"",""type"":""unknown"",""image_quality"":{""good"":true,""frontal"":true,""good_illumination"":true}}"
9.png,66060342,"{""caption"":"""",""public_domain"":""no"",""image_url"":""""}",2245,234,"{""name"":""polygon"",""all_points_x"":[1574,1570,1566,1567,1574,1578],""all_points_y"":[2846,2858,2867,2869,2856,2845]}","{""name"":""not_defined"",""type"":""unknown"",""image_quality"":{""good"":true,""frontal"":true,""good_illumination"":true}}"
9.png,66060342,"{""caption"":"""",""public_domain"":""no"",""image_url"":""""}",2245,235,"{""name"":""polygon"",""all_points_x"":[1540,1544,1548,1549,1553,1558,1563,1565,1562,1553,1545,1543],""all_points_y"":[2913,2915,2909,2902,2896,2887,2880,2875,2871,2889,2905,2909]}","{""name"":""not_defined"",""type"":""unknown"",""image_quality"":{""good"":true,""frontal"":true,""good_illumination"":true}}"
9.png,66060342,"{""caption"":"""",""public_domain"":""no"",""image_url"":""""}",2245,236,"{""name"":""polygon"",""all_points_x"":[1440,1432,1433,1441,1442],""all_points_y"":[2966,2995,2997,2976,2966]}","{""name"":""not_defined"",""type"":""unknown"",""image_quality"":{""good"":true,""frontal"":true,""good_illumination"":true}}"
9.png,66060342,"{""caption"":"""",""public_domain"":""no"",""image_url"":""""}",2245,237,"{""name"":""polygon"",""all_points_x"":[1497,1487,1491,1495,1500],""all_points_y"":[2952,2980,2982,2966,2952]}","{""name"":""not_defined"",""type"":""unknown"",""image_quality"":{""good"":true,""frontal"":true,""good_illumination"":true}}"
9.png,66060342,"{""caption"":"""",""public_domain"":""no"",""image_url"":""""}",2245,238,"{""name"":""polygon"",""all_points_x"":[1585,1571,1572,1582,1586],""all_points_y"":[2854,2883,2885,2866,2854]}","{""name"":""not_defined"",""type"":""unknown"",""image_quality"":{""good"":true,""frontal"":true,""good_illumination"":true}}"
9.png,66060342,"{""caption"":"""",""public_domain"":""no"",""image_url"":""""}",2245,239,"{""name"":""polygon"",""all_points_x"":[1609,1592,1592,1594,1596,1609],""all_points_y"":[2853,2876,2887,2884,2876,2857]}","{""name"":""not_defined"",""type"":""unknown"",""image_quality"":{""good"":true,""frontal"":true,""good_illumination"":true}}"
9.png,66060342,"{""caption"":"""",""public_domain"":""no"",""image_url"":""""}",2245,240,"{""name"":""polygon"",""all_points_x"":[1630,1602,1589,1590,1605,1629],""all_points_y"":[2862,2877,2892,2894,2877,2865]}","{""name"":""not_defined"",""type"":""unknown"",""image_quality"":{""good"":true,""frontal"":true,""good_illumination"":true}}"
9.png,66060342,"{""caption"":"""",""public_domain"":""no"",""image_url"":""""}",2245,241,"{""name"":""polygon"",""all_points_x"":[1573,1577,1587,1590,1587,1578],""all_points_y"":[2917,2919,2894,2884,2885,2906]}","{""name"":""not_defined"",""type"":""unknown"",""image_quality"":{""good"":true,""frontal"":true,""good_illumination"":true}}"
9.png,66060342,"{""caption"":"""",""public_domain"":""no"",""image_url"":""""}",2245,242,"{""name"":""polygon"",""all_points_x"":[1677,1674,1668,1662,1661,1663,1667,1674,1679,1679],""all_points_y"":[2782,2801,2824,2842,2859,2859,2838,2814,2789,2781]}","{""name"":""not_defined"",""type"":""unknown"",""image_quality"":{""good"":true,""frontal"":true,""good_illumination"":true}}"
9.png,66060342,"{""caption"":"""",""public_domain"":""no"",""image_url"":""""}",2245,243,"{""name"":""polygon"",""all_points_x"":[1701,1675,1675,1702],""all_points_y"":[2778,2808,2811,2782]}","{""name"":""not_defined"",""type"":""unknown"",""image_quality"":{""good"":true,""frontal"":true,""good_illumination"":true}}"
9.png,66060342,"{""caption"":"""",""public_domain"":""no"",""image_url"":""""}",2245,244,"{""name"":""polygon"",""all_points_x"":[1576,1579,1602,1592],""all_points_y"":[2741,2743,2716,2723]}","{""name"":""not_defined"",""type"":""unknown"",""image_quality"":{""good"":true,""frontal"":true,""good_illumination"":true}}"
9.png,66060342,"{""caption"":"""",""public_domain"":""no"",""image_url"":""""}",2245,245,"{""name"":""polygon"",""all_points_x"":[1589,1585,1600,1621,1643,1662,1665,1630],""all_points_y"":[2616,2622,2624,2629,2635,2642,2638,2626]}","{""name"":""not_defined"",""type"":""unknown"",""image_quality"":{""good"":true,""frontal"":true,""good_illumination"":true}}"
9.png,66060342,"{""caption"":"""",""public_domain"":""no"",""image_url"":""""}",2245,246,"{""name"":""polygon"",""all_points_x"":[1677,1672,1675,1677,1681],""all_points_y"":[2479,2478,2539,2568,2571]}","{""name"":""not_defined"",""type"":""unknown"",""image_quality"":{""good"":true,""frontal"":true,""good_illumination"":true}}"
9.png,66060342,"{""caption"":"""",""public_domain"":""no"",""image_url"":""""}",2245,247,"{""name"":""polygon"",""all_points_x"":[1372,1376,1377,1376,1380,1383,1388,1385,1380,1377,1372,1374,1374],""all_points_y"":[2570,2572,2592,2603,2625,2652,2680,2681,2655,2629,2608,2592,2579]}","{""name"":""not_defined"",""type"":""unknown"",""image_quality"":{""good"":true,""frontal"":true,""good_illumination"":true}}"
9.png,66060342,"{""caption"":"""",""public_domain"":""no"",""image_url"":""""}",2245,248,"{""name"":""polygon"",""all_points_x"":[1317,1323,1323,1329,1334,1340,1341,1332,1323,1321,1319],""all_points_y"":[2772,2769,2795,2825,2845,2866,2871,2853,2821,2802,2777]}","{""name"":""not_defined"",""type"":""unknown"",""image_quality"":{""good"":true,""frontal"":true,""good_illumination"":true}}"
9.png,66060342,"{""caption"":"""",""public_domain"":""no"",""image_url"":""""}",2245,249,"{""name"":""polygon"",""all_points_x"":[1455,1458,1459,1456,1456],""all_points_y"":[2979,2978,3016,3013,2990]}","{""name"":""not_defined"",""type"":""unknown"",""image_quality"":{""good"":true,""frontal"":true,""good_illumination"":true}}"
9.png,66060342,"{""caption"":"""",""public_domain"":""no"",""image_url"":""""}",2245,250,"{""name"":""polygon"",""all_points_x"":[1661,1659,1660,1666,1672,1676,1687,1691,1684,1681,1677,1664,1661],""all_points_y"":[2983,2983,3005,3031,3062,3086,3108,3107,3099,3090,3079,3013,3000]}","{""name"":""not_defined"",""type"":""unknown"",""image_quality"":{""good"":true,""frontal"":true,""good_illumination"":true}}"
9.png,66060342,"{""caption"":"""",""public_domain"":""no"",""image_url"":""""}",2245,251,"{""name"":""polygon"",""all_points_x"":[1686,1690,1692,1695,1689],""all_points_y"":[2932,2961,2979,2979,2932]}","{""name"":""not_defined"",""type"":""unknown"",""image_quality"":{""good"":true,""frontal"":true,""good_illumination"":true}}"
9.png,66060342,"{""caption"":"""",""public_domain"":""no"",""image_url"":""""}",2245,252,"{""name"":""polygon"",""all_points_x"":[1687,1690,1686,1688,1688,1690,1694,1696,1692,1687,1686,1685],""all_points_y"":[3082,3082,3062,3055,3049,3026,3015,3009,3009,3027,3044,3065]}","{""name"":""not_defined"",""type"":""unknown"",""image_quality"":{""good"":true,""frontal"":true,""good_illumination"":true}}"
9.png,66060342,"{""caption"":"""",""public_domain"":""no"",""image_url"":""""}",2245,253,"{""name"":""polygon"",""all_points_x"":[1740,1704,1698,1670,1673,1687,1707,1742],""all_points_y"":[3211,3281,3294,3358,3362,3326,3281,3214]}","{""name"":""not_defined"",""type"":""unknown"",""image_quality"":{""good"":true,""frontal"":true,""good_illumination"":true}}"
9.png,66060342,"{""caption"":"""",""public_domain"":""no"",""image_url"":""""}",2245,254,"{""name"":""polygon"",""all_points_x"":[1813,1809,1815,1824,1826,1814],""all_points_y"":[3168,3167,3193,3223,3221,3179]}","{""name"":""not_defined"",""type"":""unknown"",""image_quality"":{""good"":true,""frontal"":true,""good_illumination"":true}}"
9.png,66060342,"{""caption"":"""",""public_domain"":""no"",""image_url"":""""}",2245,255,"{""name"":""polygon"",""all_points_x"":[1883,1885,1877,1869,1860,1846,1828,1815,1811,1825,1838,1846,1855,1868],""all_points_y"":[2944,2945,3001,3057,3105,3167,3233,3282,3280,3229,3180,3152,3117,3044]}","{""name"":""not_defined"",""type"":""unknown"",""image_quality"":{""good"":true,""frontal"":true,""good_illumination"":true}}"
9.png,66060342,"{""caption"":"""",""public_domain"":""no"",""image_url"":""""}",2245,256,"{""name"":""polygon"",""all_points_x"":[1850,1852,1849,1846],""all_points_y"":[3092,3091,3134,3131]}","{""name"":""not_defined"",""type"":""unknown"",""image_quality"":{""good"":true,""frontal"":true,""good_illumination"":true}}"
9.png,66060342,"{""caption"":"""",""public_domain"":""no"",""image_url"":""""}",2245,257,"{""name"":""polygon"",""all_points_x"":[1808,1802,1803,1811],""all_points_y"":[3104,3171,3171,3106]}","{""name"":""not_defined"",""type"":""unknown"",""image_quality"":{""good"":true,""frontal"":true,""good_illumination"":true}}"
9.png,66060342,"{""caption"":"""",""public_domain"":""no"",""image_url"":""""}",2245,258,"{""name"":""polygon"",""all_points_x"":[1795,1793,1795,1798,1799,1798],""all_points_y"":[3104,3104,3152,3167,3167,3138]}","{""name"":""not_defined"",""type"":""unknown"",""image_quality"":{""good"":true,""frontal"":true,""good_illumination"":true}}"
9.png,66060342,"{""caption"":"""",""public_domain"":""no"",""image_url"":""""}",2245,259,"{""name"":""polygon"",""all_points_x"":[1876,1872,1875,1878,1886,1894,1897,1892,1886,1883,1880,1877,1876],""all_points_y"":[3041,3040,3075,3112,3152,3191,3190,3155,3128,3120,3095,3064,3047]}","{""name"":""not_defined"",""type"":""unknown"",""image_quality"":{""good"":true,""frontal"":true,""good_illumination"":true}}"
9.png,66060342,"{""caption"":"""",""public_domain"":""no"",""image_url"":""""}",2245,260,"{""name"":""polygon"",""all_points_x"":[1851,1850,1866,1875,1877,1871,1862],""all_points_y"":[3177,3178,3219,3237,3237,3218,3200]}","{""name"":""not_defined"",""type"":""unknown"",""image_quality"":{""good"":true,""frontal"":true,""good_illumination"":true}}"
9.png,66060342,"{""caption"":"""",""public_domain"":""no"",""image_url"":""""}",2245,261,"{""name"":""polygon"",""all_points_x"":[1870,1872,1874,1876,1873],""all_points_y"":[3150,3150,3110,3082,3081]}","{""name"":""not_defined"",""type"":""unknown"",""image_quality"":{""good"":true,""frontal"":true,""good_illumination"":true}}"
9.png,66060342,"{""caption"":"""",""public_domain"":""no"",""image_url"":""""}",2245,262,"{""name"":""polygon"",""all_points_x"":[1929,1876,1832,1813,1798,1802,1837,1899,1932],""all_points_y"":[3245,3285,3321,3338,3354,3357,3325,3273,3248]}","{""name"":""not_defined"",""type"":""unknown"",""image_quality"":{""good"":true,""frontal"":true,""good_illumination"":true}}"
9.png,66060342,"{""caption"":"""",""public_domain"":""no"",""image_url"":""""}",2245,263,"{""name"":""polygon"",""all_points_x"":[1765,1755,1750,1755,1758,1761,1767],""all_points_y"":[3277,3317,3349,3349,3318,3306,3279]}","{""name"":""not_defined"",""type"":""unknown"",""image_quality"":{""good"":true,""frontal"":true,""good_illumination"":true}}"
9.png,66060342,"{""caption"":"""",""public_domain"":""no"",""image_url"":""""}",2245,264,"{""name"":""polygon"",""all_points_x"":[1760,1759,1767,1779,1784,1786,1772,1765],""all_points_y"":[3271,3272,3275,3288,3297,3294,3277,3271]}","{""name"":""not_defined"",""type"":""unknown"",""image_quality"":{""good"":true,""frontal"":true,""good_illumination"":true}}"
9.png,66060342,"{""caption"":"""",""public_domain"":""no"",""image_url"":""""}",2245,265,"{""name"":""polygon"",""all_points_x"":[1733,1732,1737,1741,1744,1741,1738],""all_points_y"":[3269,3269,3313,3361,3361,3323,3296]}","{""name"":""not_defined"",""type"":""unknown"",""image_quality"":{""good"":true,""frontal"":true,""good_illumination"":true}}"
9.png,66060342,"{""caption"":"""",""public_domain"":""no"",""image_url"":""""}",2245,266,"{""name"":""polygon"",""all_points_x"":[1694,1691,1699,1701],""all_points_y"":[3253,3255,3268,3266]}","{""name"":""not_defined"",""type"":""unknown"",""image_quality"":{""good"":true,""frontal"":true,""good_illumination"":true}}"
9.png,66060342,"{""caption"":"""",""public_domain"":""no"",""image_url"":""""}",2245,267,"{""name"":""polygon"",""all_points_x"":[1709,1707,1720,1734,1736,1728],""all_points_y"":[3287,3289,3327,3366,3366,3337]}","{""name"":""not_defined"",""type"":""unknown"",""image_quality"":{""good"":true,""frontal"":true,""good_illumination"":true}}"
9.png,66060342,"{""caption"":"""",""public_domain"":""no"",""image_url"":""""}",2245,268,"{""name"":""polygon"",""all_points_x"":[1780,1759,1761,1782],""all_points_y"":[3187,3213,3214,3189]}","{""name"":""not_defined"",""type"":""unknown"",""image_quality"":{""good"":true,""frontal"":true,""good_illumination"":true}}"
9.png,66060342,"{""caption"":"""",""public_domain"":""no"",""image_url"":""""}",2245,269,"{""name"":""polygon"",""all_points_x"":[1896,1893,1891,1886,1888],""all_points_y"":[3514,3514,3539,3589,3589]}","{""name"":""not_defined"",""type"":""unknown"",""image_quality"":{""good"":true,""frontal"":true,""good_illumination"":true}}"
9.png,66060342,"{""caption"":"""",""public_domain"":""no"",""image_url"":""""}",2245,270,"{""name"":""polygon"",""all_points_x"":[1964,1961,1963,1966,1969,1970,1972,1972],""all_points_y"":[3390,3390,3420,3458,3501,3521,3521,3496]}","{""name"":""not_defined"",""type"":""unknown"",""image_quality"":{""good"":true,""frontal"":true,""good_illumination"":true}}"
9.png,66060342,"{""caption"":"""",""public_domain"":""no"",""image_url"":""""}",2245,271,"{""name"":""polygon"",""all_points_x"":[1976,1883,1884,1978],""all_points_y"":[3331,3398,3401,3335]}","{""name"":""not_defined"",""type"":""unknown"",""image_quality"":{""good"":true,""frontal"":true,""good_illumination"":true}}"
9.png,66060342,"{""caption"":"""",""public_domain"":""no"",""image_url"":""""}",2245,272,"{""name"":""polygon"",""all_points_x"":[2000,1998,2000,2003,2006,2003],""all_points_y"":[3230,3230,3299,3371,3372,3285]}","{""name"":""not_defined"",""type"":""unknown"",""image_quality"":{""good"":true,""frontal"":true,""good_illumination"":true}}"
9.png,66060342,"{""caption"":"""",""public_domain"":""no"",""image_url"":""""}",2245,273,"{""name"":""polygon"",""all_points_x"":[1868,1774,1774,1871],""all_points_y"":[3407,3477,3480,3411]}","{""name"":""not_defined"",""type"":""unknown"",""image_quality"":{""good"":true,""frontal"":true,""good_illumination"":true}}"
9.png,66060342,"{""caption"":"""",""public_domain"":""no"",""image_url"":""""}",2245,274,"{""name"":""polygon"",""all_points_x"":[2034,1979,1957,1880,1881,1932,1989,2039],""all_points_y"":[3465,3519,3546,3638,3642,3580,3515,3467]}","{""name"":""not_defined"",""type"":""unknown"",""image_quality"":{""good"":true,""frontal"":true,""good_illumination"":true}}"
9.png,66060342,"{""caption"":"""",""public_domain"":""no"",""image_url"":""""}",2245,275,"{""name"":""polygon"",""all_points_x"":[2018,1972,1973,2022],""all_points_y"":[3503,3553,3555,3505]}","{""name"":""not_defined"",""type"":""unknown"",""image_quality"":{""good"":true,""frontal"":true,""good_illumination"":true}}"
9.png,66060342,"{""caption"":"""",""public_domain"":""no"",""image_url"":""""}",2245,276,"{""name"":""polygon"",""all_points_x"":[1864,1867,1861,1853,1837,1822,1811,1809,1822,1849],""all_points_y"":[3514,3515,3543,3573,3630,3702,3751,3750,3679,3576]}","{""name"":""not_defined"",""type"":""unknown"",""image_quality"":{""good"":true,""frontal"":true,""good_illumination"":true}}"
9.png,66060342,"{""caption"":"""",""public_domain"":""no"",""image_url"":""""}",2245,277,"{""name"":""polygon"",""all_points_x"":[1809,1807,1822,1825],""all_points_y"":[3488,3488,3522,3522]}","{""name"":""not_defined"",""type"":""unknown"",""image_quality"":{""good"":true,""frontal"":true,""good_illumination"":true}}"
9.png,66060342,"{""caption"":"""",""public_domain"":""no"",""image_url"":""""}",2245,278,"{""name"":""polygon"",""all_points_x"":[1944,1907,1884,1886,1915,1944],""all_points_y"":[3587,3629,3660,3661,3626,3591]}","{""name"":""not_defined"",""type"":""unknown"",""image_quality"":{""good"":true,""frontal"":true,""good_illumination"":true}}"
9.png,66060342,"{""caption"":"""",""public_domain"":""no"",""image_url"":""""}",2245,279,"{""name"":""polygon"",""all_points_x"":[1858,1860,1856,1849,1836,1833,1846,1852],""all_points_y"":[3663,3662,3694,3721,3765,3764,3717,3698]}","{""name"":""not_defined"",""type"":""unknown"",""image_quality"":{""good"":true,""frontal"":true,""good_illumination"":true}}"
9.png,66060342,"{""caption"":"""",""public_domain"":""no"",""image_url"":""""}",2245,280,"{""name"":""polygon"",""all_points_x"":[1830,1820,1821,1834,1831],""all_points_y"":[3771,3797,3798,3770,3769]}","{""name"":""not_defined"",""type"":""unknown"",""image_quality"":{""good"":true,""frontal"":true,""good_illumination"":true}}"
9.png,66060342,"{""caption"":"""",""public_domain"":""no"",""image_url"":""""}",2245,281,"{""name"":""polygon"",""all_points_x"":[1833,1817,1819,1842,1846,1842],""all_points_y"":[3726,3747,3749,3721,3715,3716]}","{""name"":""not_defined"",""type"":""unknown"",""image_quality"":{""good"":true,""frontal"":true,""good_illumination"":true}}"
9.png,66060342,"{""caption"":"""",""public_domain"":""no"",""image_url"":""""}",2245,282,"{""name"":""polygon"",""all_points_x"":[1792,1760,1763,1788,1795],""all_points_y"":[3856,3916,3917,3874,3857]}","{""name"":""not_defined"",""type"":""unknown"",""image_quality"":{""good"":true,""frontal"":true,""good_illumination"":true}}"
9.png,66060342,"{""caption"":"""",""public_domain"":""no"",""image_url"":""""}",2245,283,"{""name"":""polygon"",""all_points_x"":[1945,1944,1941,1943],""all_points_y"":[3720,3720,3796,3796]}","{""name"":""not_defined"",""type"":""unknown"",""image_quality"":{""good"":true,""frontal"":true,""good_illumination"":true}}"
9.png,66060342,"{""caption"":"""",""public_domain"":""no"",""image_url"":""""}",2245,284,"{""name"":""polygon"",""all_points_x"":[2027,2006,1983,1970,1971,2013,2028],""all_points_y"":[3892,3917,3946,3961,3964,3914,3894]}","{""name"":""not_defined"",""type"":""unknown"",""image_quality"":{""good"":true,""frontal"":true,""good_illumination"":true}}"
9.png,66060342,"{""caption"":"""",""public_domain"":""no"",""image_url"":""""}",2245,285,"{""name"":""polygon"",""all_points_x"":[2010,1968,1969,2013],""all_points_y"":[3933,3972,3976,3935]}","{""name"":""not_defined"",""type"":""unknown"",""image_quality"":{""good"":true,""frontal"":true,""good_illumination"":true}}"
9.png,66060342,"{""caption"":"""",""public_domain"":""no"",""image_url"":""""}",2245,286,"{""name"":""polygon"",""all_points_x"":[2054,2041,1968,1972,2047,2057],""all_points_y"":[3512,3527,3627,3626,3525,3514]}","{""name"":""not_defined"",""type"":""unknown"",""image_quality"":{""good"":true,""frontal"":true,""good_illumination"":true}}"
9.png,66060342,"{""caption"":"""",""public_domain"":""no"",""image_url"":""""}",2245,287,"{""name"":""polygon"",""all_points_x"":[2040,2002,1957,1945,1946,1973,2014,2042],""all_points_y"":[3507,3551,3608,3623,3624,3591,3542,3510]}","{""name"":""not_defined"",""type"":""unknown"",""image_quality"":{""good"":true,""frontal"":true,""good_illumination"":true}}"
9.png,66060342,"{""caption"":"""",""public_domain"":""no"",""image_url"":""""}",2245,288,"{""name"":""polygon"",""all_points_x"":[1304,1300,1343,1345],""all_points_y"":[3679,3682,3720,3720]}","{""name"":""not_defined"",""type"":""unknown"",""image_quality"":{""good"":true,""frontal"":true,""good_illumination"":true}}"
9.png,66060342,"{""caption"":"""",""public_domain"":""no"",""image_url"":""""}",2245,289,"{""name"":""polygon"",""all_points_x"":[1569,1553,1554,1572],""all_points_y"":[3160,3190,3193,3162]}","{""name"":""not_defined"",""type"":""unknown"",""image_quality"":{""good"":true,""frontal"":true,""good_illumination"":true}}"
9.png,66060342,"{""caption"":"""",""public_domain"":""no"",""image_url"":""""}",2245,290,"{""name"":""polygon"",""all_points_x"":[1545,1548,1538,1524,1500,1442,1441,1519,1539,1546],""all_points_y"":[3130,3128,3121,3103,3080,3012,3014,3105,3125,3132]}","{""name"":""not_defined"",""type"":""unknown"",""image_quality"":{""good"":true,""frontal"":true,""good_illumination"":true}}"
9.png,66060342,"{""caption"":"""",""public_domain"":""no"",""image_url"":""""}",2245,291,"{""name"":""polygon"",""all_points_x"":[1537,1541,1521,1517,1527],""all_points_y"":[3134,3134,3108,3104,3121]}","{""name"":""not_defined"",""type"":""unknown"",""image_quality"":{""good"":true,""frontal"":true,""good_illumination"":true}}"
9.png,66060342,"{""caption"":"""",""public_domain"":""no"",""image_url"":""""}",2245,292,"{""name"":""polygon"",""all_points_x"":[1512,1515,1520,1525,1522],""all_points_y"":[3110,3109,3139,3173,3172]}","{""name"":""not_defined"",""type"":""unknown"",""image_quality"":{""good"":true,""frontal"":true,""good_illumination"":true}}"
9.png,66060342,"{""caption"":"""",""public_domain"":""no"",""image_url"":""""}",2245,293,"{""name"":""polygon"",""all_points_x"":[1797,1800,1804,1801,1798],""all_points_y"":[3179,3196,3196,3171,3172]}","{""name"":""not_defined"",""type"":""unknown"",""image_quality"":{""good"":true,""frontal"":true,""good_illumination"":true}}"
9.png,66060342,"{""caption"":"""",""public_domain"":""no"",""image_url"":""""}",2245,294,"{""name"":""polygon"",""all_points_x"":[1926,1929,1931,1929,1929,1927,1925,1925,1927],""all_points_y"":[2931,2935,3018,3098,3113,3112,3039,2984,2964]}","{""name"":""not_defined"",""type"":""unknown"",""image_quality"":{""good"":true,""frontal"":true,""good_illumination"":true}}"
9.png,66060342,"{""caption"":"""",""public_domain"":""no"",""image_url"":""""}",2245,295,"{""name"":""polygon"",""all_points_x"":[1973,1976,1965,1958,1957,1952,1961],""all_points_y"":[2979,2981,3039,3071,3079,3078,3039]}","{""name"":""not_defined"",""type"":""unknown"",""image_quality"":{""good"":true,""frontal"":true,""good_illumination"":true}}"
9.png,66060342,"{""caption"":"""",""public_domain"":""no"",""image_url"":""""}",2245,296,"{""name"":""polygon"",""all_points_x"":[1906,1901,1917,1930,1941,1945,1925],""all_points_y"":[2854,2854,2907,2935,2962,2959,2909]}","{""name"":""not_defined"",""type"":""unknown"",""image_quality"":{""good"":true,""frontal"":true,""good_illumination"":true}}"
9.png,66060342,"{""caption"":"""",""public_domain"":""no"",""image_url"":""""}",2245,297,"{""name"":""polygon"",""all_points_x"":[1992,1996,1996,1997,1993,1993],""all_points_y"":[3032,3034,3073,3113,3112,3069]}","{""name"":""not_defined"",""type"":""unknown"",""image_quality"":{""good"":true,""frontal"":true,""good_illumination"":true}}"
9.png,66060342,"{""caption"":"""",""public_domain"":""no"",""image_url"":""""}",2245,298,"{""name"":""polygon"",""all_points_x"":[1990,1988,1953,1955],""all_points_y"":[3134,3135,3085,3081]}","{""name"":""not_defined"",""type"":""unknown"",""image_quality"":{""good"":true,""frontal"":true,""good_illumination"":true}}"
9.png,66060342,"{""caption"":"""",""public_domain"":""no"",""image_url"":""""}",2245,299,"{""name"":""polygon"",""all_points_x"":[2043,2040,2062,2088,2097,2099],""all_points_y"":[2958,2959,3004,3052,3068,3066]}","{""name"":""not_defined"",""type"":""unknown"",""image_quality"":{""good"":true,""frontal"":true,""good_illumination"":true}}"
9.png,66060342,"{""caption"":"""",""public_domain"":""no"",""image_url"":""""}",2245,300,"{""name"":""polygon"",""all_points_x"":[2079,2074,2091,2105,2107],""all_points_y"":[2999,2999,3029,3059,3057]}","{""name"":""not_defined"",""type"":""unknown"",""image_quality"":{""good"":true,""frontal"":true,""good_illumination"":true}}"
9.png,66060342,"{""caption"":"""",""public_domain"":""no"",""image_url"":""""}",2245,301,"{""name"":""polygon"",""all_points_x"":[1955,1957,1950,1941,1923,1921],""all_points_y"":[3313,3314,3327,3338,3361,3360]}","{""name"":""not_defined"",""type"":""unknown"",""image_quality"":{""good"":true,""frontal"":true,""good_illumination"":true}}"
9.png,66060342,"{""caption"":"""",""public_domain"":""no"",""image_url"":""""}",2245,302,"{""name"":""polygon"",""all_points_x"":[1995,1992,1993,1991,1990,1991,1987,1988,1994,1993,1993,1996],""all_points_y"":[3360,3359,3393,3410,3438,3456,3487,3487,3456,3437,3423,3391]}","{""name"":""not_defined"",""type"":""unknown"",""image_quality"":{""good"":true,""frontal"":true,""good_illumination"":true}}"
9.png,66060342,"{""caption"":"""",""public_domain"":""no"",""image_url"":""""}",2245,303,"{""name"":""polygon"",""all_points_x"":[2063,2060,2053,2056],""all_points_y"":[3305,3304,3367,3367]}","{""name"":""not_defined"",""type"":""unknown"",""image_quality"":{""good"":true,""frontal"":true,""good_illumination"":true}}"
9.png,66060342,"{""caption"":"""",""public_domain"":""no"",""image_url"":""""}",2245,304,"{""name"":""polygon"",""all_points_x"":[2071,2066,2058,2052,2051,2051,2053,2061,2065],""all_points_y"":[3303,3301,3370,3405,3413,3415,3415,3374,3341]}","{""name"":""not_defined"",""type"":""unknown"",""image_quality"":{""good"":true,""frontal"":true,""good_illumination"":true}}"
9.png,66060342,"{""caption"":"""",""public_domain"":""no"",""image_url"":""""}",2245,305,"{""name"":""polygon"",""all_points_x"":[2019,2017,2021,2023,2024,2024],""all_points_y"":[3010,3010,3069,3101,3101,3062]}","{""name"":""not_defined"",""type"":""unknown"",""image_quality"":{""good"":true,""frontal"":true,""good_illumination"":true}}"
9.png,66060342,"{""caption"":"""",""public_domain"":""no"",""image_url"":""""}",2245,306,"{""name"":""polygon"",""all_points_x"":[2032,2027,2039,2047,2049,2045],""all_points_y"":[2995,2993,3039,3083,3077,3058]}","{""name"":""not_defined"",""type"":""unknown"",""image_quality"":{""good"":true,""frontal"":true,""good_illumination"":true}}"
9.png,66060342,"{""caption"":"""",""public_domain"":""no"",""image_url"":""""}",2245,307,"{""name"":""polygon"",""all_points_x"":[2018,2015,2019,2021,2024,2023],""all_points_y"":[3329,3332,3360,3395,3395,3353]}","{""name"":""not_defined"",""type"":""unknown"",""image_quality"":{""good"":true,""frontal"":true,""good_illumination"":true}}"
9.png,66060342,"{""caption"":"""",""public_domain"":""no"",""image_url"":""""}",2245,308,"{""name"":""polygon"",""all_points_x"":[2056,2052,2046,2042,2047],""all_points_y"":[3897,3900,3962,3999,3997]}","{""name"":""not_defined"",""type"":""unknown"",""image_quality"":{""good"":true,""frontal"":true,""good_illumination"":true}}"
9.png,66060342,"{""caption"":"""",""public_domain"":""no"",""image_url"":""""}",2245,309,"{""name"":""polygon"",""all_points_x"":[2062,2030,2031,2066],""all_points_y"":[3878,3923,3927,3879]}","{""name"":""not_defined"",""type"":""unknown"",""image_quality"":{""good"":true,""frontal"":true,""good_illumination"":true}}"
9.png,66060342,"{""caption"":"""",""public_domain"":""no"",""image_url"":""""}",2245,310,"{""name"":""polygon"",""all_points_x"":[2035,2032,2030,2031],""all_points_y"":[3863,3863,3912,3912]}","{""name"":""not_defined"",""type"":""unknown"",""image_quality"":{""good"":true,""frontal"":true,""good_illumination"":true}}"
9.png,66060342,"{""caption"":"""",""public_domain"":""no"",""image_url"":""""}",2245,311,"{""name"":""polygon"",""all_points_x"":[1920,1896,1898,1925],""all_points_y"":[3638,3689,3689,3638]}","{""name"":""not_defined"",""type"":""unknown"",""image_quality"":{""good"":true,""frontal"":true,""good_illumination"":true}}"
9.png,66060342,"{""caption"":"""",""public_domain"":""no"",""image_url"":""""}",2245,312,"{""name"":""polygon"",""all_points_x"":[2034,2004,2006,2035],""all_points_y"":[3598,3628,3630,3601]}","{""name"":""not_defined"",""type"":""unknown"",""image_quality"":{""good"":true,""frontal"":true,""good_illumination"":true}}"
9.png,66060342,"{""caption"":"""",""public_domain"":""no"",""image_url"":""""}",2245,313,"{""name"":""polygon"",""all_points_x"":[2582,2533,2535,2587],""all_points_y"":[3886,3942,3945,3886]}","{""name"":""not_defined"",""type"":""unknown"",""image_quality"":{""good"":true,""frontal"":true,""good_illumination"":true}}"
9.png,66060342,"{""caption"":"""",""public_domain"":""no"",""image_url"":""""}",2245,314,"{""name"":""polygon"",""all_points_x"":[2596,2601,2589,2586],""all_points_y"":[4031,4030,4072,4070]}","{""name"":""not_defined"",""type"":""unknown"",""image_quality"":{""good"":true,""frontal"":true,""good_illumination"":true}}"
9.png,66060342,"{""caption"":"""",""public_domain"":""no"",""image_url"":""""}",2245,315,"{""name"":""polygon"",""all_points_x"":[2428,2430,2400,2390,2388],""all_points_y"":[3572,3574,3637,3655,3655]}","{""name"":""not_defined"",""type"":""unknown"",""image_quality"":{""good"":true,""frontal"":true,""good_illumination"":true}}"
9.png,66060342,"{""caption"":"""",""public_domain"":""no"",""image_url"":""""}",2245,316,"{""name"":""polygon"",""all_points_x"":[2374,2372,2368,2366,2365,2364,2366,2371],""all_points_y"":[3527,3528,3587,3621,3633,3647,3647,3609]}","{""name"":""not_defined"",""type"":""unknown"",""image_quality"":{""good"":true,""frontal"":true,""good_illumination"":true}}"
9.png,66060342,"{""caption"":"""",""public_domain"":""no"",""image_url"":""""}",2245,317,"{""name"":""polygon"",""all_points_x"":[2420,2402,2404,2425],""all_points_y"":[3482,3523,3525,3482]}","{""name"":""not_defined"",""type"":""unknown"",""image_quality"":{""good"":true,""frontal"":true,""good_illumination"":true}}"
9.png,66060342,"{""caption"":"""",""public_domain"":""no"",""image_url"":""""}",2245,318,"{""name"":""polygon"",""all_points_x"":[2537,2514,2516,2540],""all_points_y"":[3461,3512,3512,3462]}","{""name"":""not_defined"",""type"":""unknown"",""image_quality"":{""good"":true,""frontal"":true,""good_illumination"":true}}"
9.png,66060342,"{""caption"":"""",""public_domain"":""no"",""image_url"":""""}",2245,319,"{""name"":""polygon"",""all_points_x"":[2620,2616,2614,2613,2608,2609,2614,2618],""all_points_y"":[3338,3337,3406,3447,3538,3538,3496,3441]}","{""name"":""not_defined"",""type"":""unknown"",""image_quality"":{""good"":true,""frontal"":true,""good_illumination"":true}}"
9.png,66060342,"{""caption"":"""",""public_domain"":""no"",""image_url"":""""}",2245,320,"{""name"":""polygon"",""all_points_x"":[2638,2635,2627,2622,2625],""all_points_y"":[3443,3442,3510,3555,3555]}","{""name"":""not_defined"",""type"":""unknown"",""image_quality"":{""good"":true,""frontal"":true,""good_illumination"":true}}"
9.png,66060342,"{""caption"":"""",""public_domain"":""no"",""image_url"":""""}",2245,321,"{""name"":""polygon"",""all_points_x"":[2588,2572,2574,2589],""all_points_y"":[3514,3556,3556,3518]}","{""name"":""not_defined"",""type"":""unknown"",""image_quality"":{""good"":true,""frontal"":true,""good_illumination"":true}}"
9.png,66060342,"{""caption"":"""",""public_domain"":""no"",""image_url"":""""}",2245,322,"{""name"":""polygon"",""all_points_x"":[2585,2581,2596,2598],""all_points_y"":[3490,3490,3540,3540]}","{""name"":""not_defined"",""type"":""unknown"",""image_quality"":{""good"":true,""frontal"":true,""good_illumination"":true}}"
9.png,66060342,"{""caption"":"""",""public_domain"":""no"",""image_url"":""""}",2245,323,"{""name"":""polygon"",""all_points_x"":[2245,2192,2143,2142,2230,2247],""all_points_y"":[3289,3385,3485,3488,3327,3293]}","{""name"":""not_defined"",""type"":""unknown"",""image_quality"":{""good"":true,""frontal"":true,""good_illumination"":true}}"
9.png,66060342,"{""caption"":"""",""public_domain"":""no"",""image_url"":""""}",2245,324,"{""name"":""polygon"",""all_points_x"":[2187,2167,2169,2190],""all_points_y"":[3269,3300,3305,3275]}","{""name"":""not_defined"",""type"":""unknown"",""image_quality"":{""good"":true,""frontal"":true,""good_illumination"":true}}"
9.png,66060342,"{""caption"":"""",""public_domain"":""no"",""image_url"":""""}",2245,325,"{""name"":""polygon"",""all_points_x"":[2192,2164,2151,2154,2178,2194],""all_points_y"":[3285,3340,3370,3372,3322,3286]}","{""name"":""not_defined"",""type"":""unknown"",""image_quality"":{""good"":true,""frontal"":true,""good_illumination"":true}}"
9.png,66060342,"{""caption"":"""",""public_domain"":""no"",""image_url"":""""}",2245,326,"{""name"":""polygon"",""all_points_x"":[2208,2192,2198,2212],""all_points_y"":[3279,3314,3314,3280]}","{""name"":""not_defined"",""type"":""unknown"",""image_quality"":{""good"":true,""frontal"":true,""good_illumination"":true}}"
9.png,66060342,"{""caption"":"""",""public_domain"":""no"",""image_url"":""""}",2245,327,"{""name"":""polygon"",""all_points_x"":[2152,2147,2154,2177,2179],""all_points_y"":[3510,3510,3485,3429,3429]}","{""name"":""not_defined"",""type"":""unknown"",""image_quality"":{""good"":true,""frontal"":true,""good_illumination"":true}}"
9.png,66060342,"{""caption"":"""",""public_domain"":""no"",""image_url"":""""}",2245,328,"{""name"":""polygon"",""all_points_x"":[2345,2342,2342,2345],""all_points_y"":[3517,3517,3561,3561]}","{""name"":""not_defined"",""type"":""unknown"",""image_quality"":{""good"":true,""frontal"":true,""good_illumination"":true}}"
9.png,66060342,"{""caption"":"""",""public_domain"":""no"",""image_url"":""""}",2245,329,"{""name"":""polygon"",""all_points_x"":[2423,2419,2447,2450],""all_points_y"":[3414,3417,3462,3461]}","{""name"":""not_defined"",""type"":""unknown"",""image_quality"":{""good"":true,""frontal"":true,""good_illumination"":true}}"
9.png,66060342,"{""caption"":"""",""public_domain"":""no"",""image_url"":""""}",2245,330,"{""name"":""polygon"",""all_points_x"":[2510,2475,2479,2512],""all_points_y"":[3206,3276,3277,3211]}","{""name"":""not_defined"",""type"":""unknown"",""image_quality"":{""good"":true,""frontal"":true,""good_illumination"":true}}"
9.png,66060342,"{""caption"":"""",""public_domain"":""no"",""image_url"":""""}",2245,331,"{""name"":""polygon"",""all_points_x"":[2422,2381,2357,2316,2282,2277,2281,2303,2345,2409,2424],""all_points_y"":[3141,3202,3237,3302,3365,3372,3374,3334,3265,3168,3142]}","{""name"":""not_defined"",""type"":""unknown"",""image_quality"":{""good"":true,""frontal"":true,""good_illumination"":true}}"
9.png,66060342,"{""caption"":"""",""public_domain"":""no"",""image_url"":""""}",2245,332,"{""name"":""polygon"",""all_points_x"":[2234,2219,2222,2237],""all_points_y"":[3194,3218,3218,3197]}","{""name"":""not_defined"",""type"":""unknown"",""image_quality"":{""good"":true,""frontal"":true,""good_illumination"":true}}"
9.png,66060342,"{""caption"":"""",""public_domain"":""no"",""image_url"":""""}",2245,333,"{""name"":""polygon"",""all_points_x"":[2577,2561,2526,2515,2517,2541,2579],""all_points_y"":[3059,3094,3173,3194,3196,3147,3059]}","{""name"":""not_defined"",""type"":""unknown"",""image_quality"":{""good"":true,""frontal"":true,""good_illumination"":true}}"
9.png,66060342,"{""caption"":"""",""public_domain"":""no"",""image_url"":""""}",2245,334,"{""name"":""polygon"",""all_points_x"":[2625,2622,2610,2595,2579,2575,2578,2592,2607],""all_points_y"":[2992,2991,3044,3107,3163,3184,3183,3128,3071]}","{""name"":""not_defined"",""type"":""unknown"",""image_quality"":{""good"":true,""frontal"":true,""good_illumination"":true}}"
9.png,66060342,"{""caption"":"""",""public_domain"":""no"",""image_url"":""""}",2245,335,"{""name"":""polygon"",""all_points_x"":[2630,2628,2621,2622],""all_points_y"":[3047,3049,3019,3016]}","{""name"":""not_defined"",""type"":""unknown"",""image_quality"":{""good"":true,""frontal"":true,""good_illumination"":true}}"
9.png,66060342,"{""caption"":"""",""public_domain"":""no"",""image_url"":""""}",2245,336,"{""name"":""polygon"",""all_points_x"":[2604,2589,2578,2561,2564,2584],""all_points_y"":[3042,3085,3121,3180,3180,3112]}","{""name"":""not_defined"",""type"":""unknown"",""image_quality"":{""good"":true,""frontal"":true,""good_illumination"":true}}"
9.png,66060342,"{""caption"":"""",""public_domain"":""no"",""image_url"":""""}",2245,337,"{""name"":""polygon"",""all_points_x"":[2600,2597,2594,2594,2591,2595,2599,2597],""all_points_y"":[3146,3143,3182,3207,3232,3233,3200,3186]}","{""name"":""not_defined"",""type"":""unknown"",""image_quality"":{""good"":true,""frontal"":true,""good_illumination"":true}}"
9.png,66060342,"{""caption"":"""",""public_domain"":""no"",""image_url"":""""}",2245,338,"{""name"":""polygon"",""all_points_x"":[2618,2620,2611,2602,2599,2598],""all_points_y"":[3165,3167,3175,3181,3183,3180]}","{""name"":""not_defined"",""type"":""unknown"",""image_quality"":{""good"":true,""frontal"":true,""good_illumination"":true}}"
9.png,66060342,"{""caption"":"""",""public_domain"":""no"",""image_url"":""""}",2245,339,"{""name"":""polygon"",""all_points_x"":[2566,2568,2593,2593],""all_points_y"":[3194,3190,3182,3185]}","{""name"":""not_defined"",""type"":""unknown"",""image_quality"":{""good"":true,""frontal"":true,""good_illumination"":true}}"
9.png,66060342,"{""caption"":"""",""public_domain"":""no"",""image_url"":""""}",2245,340,"{""name"":""polygon"",""all_points_x"":[2523,2521,2537,2540,2543,2541,2536],""all_points_y"":[3221,3223,3259,3260,3261,3255,3250]}","{""name"":""not_defined"",""type"":""unknown"",""image_quality"":{""good"":true,""frontal"":true,""good_illumination"":true}}"
9.png,66060342,"{""caption"":"""",""public_domain"":""no"",""image_url"":""""}",2245,341,"{""name"":""polygon"",""all_points_x"":[2587,2583,2577,2581],""all_points_y"":[3250,3254,3310,3313]}","{""name"":""not_defined"",""type"":""unknown"",""image_quality"":{""good"":true,""frontal"":true,""good_illumination"":true}}"
9.png,66060342,"{""caption"":"""",""public_domain"":""no"",""image_url"":""""}",2245,342,"{""name"":""polygon"",""all_points_x"":[2556,2552,2565,2568],""all_points_y"":[3288,3290,3311,3307]}","{""name"":""not_defined"",""type"":""unknown"",""image_quality"":{""good"":true,""frontal"":true,""good_illumination"":true}}"
9.png,66060342,"{""caption"":"""",""public_domain"":""no"",""image_url"":""""}",2245,343,"{""name"":""polygon"",""all_points_x"":[2656,2653,2646,2643,2642,2645,2648],""all_points_y"":[3206,3208,3273,3311,3331,3332,3294]}","{""name"":""not_defined"",""type"":""unknown"",""image_quality"":{""good"":true,""frontal"":true,""good_illumination"":true}}"
9.png,66060342,"{""caption"":"""",""public_domain"":""no"",""image_url"":""""}",2245,344,"{""name"":""polygon"",""all_points_x"":[2383,2326,2296,2286,2265,2269,2307,2385],""all_points_y"":[3287,3349,3384,3398,3432,3432,3374,3289]}","{""name"":""not_defined"",""type"":""unknown"",""image_quality"":{""good"":true,""frontal"":true,""good_illumination"":true}}"
9.png,66060342,"{""caption"":"""",""public_domain"":""no"",""image_url"":""""}",2245,345,"{""name"":""polygon"",""all_points_x"":[2416,2414,2419,2423],""all_points_y"":[3215,3215,3164,3166]}","{""name"":""not_defined"",""type"":""unknown"",""image_quality"":{""good"":true,""frontal"":true,""good_illumination"":true}}"
9.png,66060342,"{""caption"":"""",""public_domain"":""no"",""image_url"":""""}",2245,346,"{""name"":""polygon"",""all_points_x"":[2158,2129,2092,2068,2058,2060,2093,2113,2161],""all_points_y"":[3317,3367,3431,3467,3483,3484,3436,3401,3321]}","{""name"":""not_defined"",""type"":""unknown"",""image_quality"":{""good"":true,""frontal"":true,""good_illumination"":true}}"
9.png,66060342,"{""caption"":"""",""public_domain"":""no"",""image_url"":""""}",2245,347,"{""name"":""polygon"",""all_points_x"":[2331,2328,2333,2339,2348,2364,2367,2351,2341],""all_points_y"":[3092,3092,3121,3146,3180,3219,3211,3176,3141]}","{""name"":""not_defined"",""type"":""unknown"",""image_quality"":{""good"":true,""frontal"":true,""good_illumination"":true}}"
9.png,66060342,"{""caption"":"""",""public_domain"":""no"",""image_url"":""""}",2245,348,"{""name"":""polygon"",""all_points_x"":[2353,2341,2344,2355],""all_points_y"":[3050,3130,3131,3050]}","{""name"":""not_defined"",""type"":""unknown"",""image_quality"":{""good"":true,""frontal"":true,""good_illumination"":true}}"
9.png,66060342,"{""caption"":"""",""public_domain"":""no"",""image_url"":""""}",2245,349,"{""name"":""polygon"",""all_points_x"":[2453,2442,2433,2427,2425,2428,2433,2448,2455],""all_points_y"":[2974,3012,3060,3093,3115,3116,3079,3007,2976]}","{""name"":""not_defined"",""type"":""unknown"",""image_quality"":{""good"":true,""frontal"":true,""good_illumination"":true}}"
9.png,66060342,"{""caption"":"""",""public_domain"":""no"",""image_url"":""""}",2245,350,"{""name"":""polygon"",""all_points_x"":[2432,2432,2415,2398,2383,2357,2344,2344,2376],""all_points_y"":[3005,3008,3017,3026,3035,3047,3052,3048,3034]}","{""name"":""not_defined"",""type"":""unknown"",""image_quality"":{""good"":true,""frontal"":true,""good_illumination"":true}}"
9.png,66060342,"{""caption"":"""",""public_domain"":""no"",""image_url"":""""}",2245,351,"{""name"":""polygon"",""all_points_x"":[2413,2425,2427,2407,2406],""all_points_y"":[3045,3086,3082,3024,3025]}","{""name"":""not_defined"",""type"":""unknown"",""image_quality"":{""good"":true,""frontal"":true,""good_illumination"":true}}"
9.png,66060342,"{""caption"":"""",""public_domain"":""no"",""image_url"":""""}",2245,352,"{""name"":""polygon"",""all_points_x"":[2457,2454,2458,2462,2479,2483,2465],""all_points_y"":[2991,2992,3022,3039,3087,3087,3036]}","{""name"":""not_defined"",""type"":""unknown"",""image_quality"":{""good"":true,""frontal"":true,""good_illumination"":true}}"
9.png,66060342,"{""caption"":"""",""public_domain"":""no"",""image_url"":""""}",2245,353,"{""name"":""polygon"",""all_points_x"":[2502,2484,2489,2504],""all_points_y"":[2948,3016,3010,2954]}","{""name"":""not_defined"",""type"":""unknown"",""image_quality"":{""good"":true,""frontal"":true,""good_illumination"":true}}"
9.png,66060342,"{""caption"":"""",""public_domain"":""no"",""image_url"":""""}",2245,354,"{""name"":""polygon"",""all_points_x"":[2319,2314,2316,2323],""all_points_y"":[3390,3435,3436,3387]}","{""name"":""not_defined"",""type"":""unknown"",""image_quality"":{""good"":true,""frontal"":true,""good_illumination"":true}}"
9.png,66060342,"{""caption"":"""",""public_domain"":""no"",""image_url"":""""}",2245,355,"{""name"":""polygon"",""all_points_x"":[2782,2747,2713,2678,2664,2668,2727,2756,2786],""all_points_y"":[3365,3422,3470,3523,3544,3547,3457,3413,3366]}","{""name"":""not_defined"",""type"":""unknown"",""image_quality"":{""good"":true,""frontal"":true,""good_illumination"":true}}"
9.png,66060342,"{""caption"":"""",""public_domain"":""no"",""image_url"":""""}",2245,356,"{""name"":""polygon"",""all_points_x"":[2875,2854,2855,2878],""all_points_y"":[3305,3331,3334,3309]}","{""name"":""not_defined"",""type"":""unknown"",""image_quality"":{""good"":true,""frontal"":true,""good_illumination"":true}}"
9.png,66060342,"{""caption"":"""",""public_domain"":""no"",""image_url"":""""}",2245,357,"{""name"":""polygon"",""all_points_x"":[2849,2826,2833,2850],""all_points_y"":[3339,3363,3361,3341]}","{""name"":""not_defined"",""type"":""unknown"",""image_quality"":{""good"":true,""frontal"":true,""good_illumination"":true}}"
9.png,66060342,"{""caption"":"""",""public_domain"":""no"",""image_url"":""""}",2245,358,"{""name"":""polygon"",""all_points_x"":[2913,2864,2814,2781,2755,2741,2744,2786,2838,2867,2915],""all_points_y"":[3167,3217,3268,3301,3331,3344,3345,3299,3252,3219,3169]}","{""name"":""not_defined"",""type"":""unknown"",""image_quality"":{""good"":true,""frontal"":true,""good_illumination"":true}}"
9.png,66060342,"{""caption"":"""",""public_domain"":""no"",""image_url"":""""}",2245,359,"{""name"":""polygon"",""all_points_x"":[2915,2913,2908,2910],""all_points_y"":[3042,3041,3108,3108]}","{""name"":""not_defined"",""type"":""unknown"",""image_quality"":{""good"":true,""frontal"":true,""good_illumination"":true}}"
9.png,66060342,"{""caption"":"""",""public_domain"":""no"",""image_url"":""""}",2245,360,"{""name"":""polygon"",""all_points_x"":[3149,3064,3065,3152],""all_points_y"":[3204,3259,3263,3206]}","{""name"":""not_defined"",""type"":""unknown"",""image_quality"":{""good"":true,""frontal"":true,""good_illumination"":true}}"
9.png,66060342,"{""caption"":"""",""public_domain"":""no"",""image_url"":""""}",2245,361,"{""name"":""polygon"",""all_points_x"":[3172,3170,3151,3146,3151,3164],""all_points_y"":[3333,3332,3383,3399,3398,3357]}","{""name"":""not_defined"",""type"":""unknown"",""image_quality"":{""good"":true,""frontal"":true,""good_illumination"":true}}"
9.png,66060342,"{""caption"":"""",""public_domain"":""no"",""image_url"":""""}",2245,362,"{""name"":""polygon"",""all_points_x"":[3016,2970,2971,3018],""all_points_y"":[3331,3380,3381,3335]}","{""name"":""not_defined"",""type"":""unknown"",""image_quality"":{""good"":true,""frontal"":true,""good_illumination"":true}}"
9.png,66060342,"{""caption"":"""",""public_domain"":""no"",""image_url"":""""}",2245,363,"{""name"":""polygon"",""all_points_x"":[2793,2780,2784,2797],""all_points_y"":[3266,3297,3296,3267]}","{""name"":""not_defined"",""type"":""unknown"",""image_quality"":{""good"":true,""frontal"":true,""good_illumination"":true}}"
9.png,66060342,"{""caption"":"""",""public_domain"":""no"",""image_url"":""""}",2245,364,"{""name"":""polygon"",""all_points_x"":[2736,2720,2723,2739],""all_points_y"":[3350,3365,3367,3350]}","{""name"":""not_defined"",""type"":""unknown"",""image_quality"":{""good"":true,""frontal"":true,""good_illumination"":true}}"
9.png,66060342,"{""caption"":"""",""public_domain"":""no"",""image_url"":""""}",2245,365,"{""name"":""polygon"",""all_points_x"":[2765,2763,2732,2717,2681,2684,2703,2732],""all_points_y"":[3358,3361,3341,3333,3312,3310,3319,3339]}","{""name"":""not_defined"",""type"":""unknown"",""image_quality"":{""good"":true,""frontal"":true,""good_illumination"":true}}"
9.png,66060342,"{""caption"":"""",""public_domain"":""no"",""image_url"":""""}",2245,366,"{""name"":""polygon"",""all_points_x"":[2764,2703,2706,2767],""all_points_y"":[3222,3317,3319,3224]}","{""name"":""not_defined"",""type"":""unknown"",""image_quality"":{""good"":true,""frontal"":true,""good_illumination"":true}}"
9.png,66060342,"{""caption"":"""",""public_domain"":""no"",""image_url"":""""}",2245,367,"{""name"":""polygon"",""all_points_x"":[2892,2878,2851,2840,2803,2798,2800,2828,2864,2895],""all_points_y"":[3043,3074,3135,3160,3245,3258,3258,3198,3117,3048]}","{""name"":""not_defined"",""type"":""unknown"",""image_quality"":{""good"":true,""frontal"":true,""good_illumination"":true}}"
9.png,66060342,"{""caption"":"""",""public_domain"":""no"",""image_url"":""""}",2245,368,"{""name"":""polygon"",""all_points_x"":[2871,2874,2883,2880,2882,2880,2877,2880],""all_points_y"":[3184,3185,3117,3094,3081,3086,3105,3123]}","{""name"":""not_defined"",""type"":""unknown"",""image_quality"":{""good"":true,""frontal"":true,""good_illumination"":true}}"
9.png,66060342,"{""caption"":"""",""public_domain"":""no"",""image_url"":""""}",2245,369,"{""name"":""polygon"",""all_points_x"":[2851,2848,2844,2842,2844],""all_points_y"":[3173,3173,3212,3237,3235]}","{""name"":""not_defined"",""type"":""unknown"",""image_quality"":{""good"":true,""frontal"":true,""good_illumination"":true}}"
9.png,66060342,"{""caption"":"""",""public_domain"":""no"",""image_url"":""""}",2245,370,"{""name"":""polygon"",""all_points_x"":[2897,2891,2889,2885,2884,2886,2889,2899],""all_points_y"":[3204,3228,3246,3266,3280,3280,3261,3206]}","{""name"":""not_defined"",""type"":""unknown"",""image_quality"":{""good"":true,""frontal"":true,""good_illumination"":true}}"
9.png,66060342,"{""caption"":"""",""public_domain"":""no"",""image_url"":""""}",2245,371,"{""name"":""polygon"",""all_points_x"":[2921,2902,2902,2922],""all_points_y"":[3253,3273,3277,3259]}","{""name"":""not_defined"",""type"":""unknown"",""image_quality"":{""good"":true,""frontal"":true,""good_illumination"":true}}"
9.png,66060342,"{""caption"":"""",""public_domain"":""no"",""image_url"":""""}",2245,372,"{""name"":""polygon"",""all_points_x"":[2886,2832,2807,2810,2887],""all_points_y"":[3323,3411,3449,3451,3328]}","{""name"":""not_defined"",""type"":""unknown"",""image_quality"":{""good"":true,""frontal"":true,""good_illumination"":true}}"
9.png,66060342,"{""caption"":"""",""public_domain"":""no"",""image_url"":""""}",2245,373,"{""name"":""polygon"",""all_points_x"":[2894,2836,2807,2810,2894],""all_points_y"":[3323,3415,3458,3459,3328]}","{""name"":""not_defined"",""type"":""unknown"",""image_quality"":{""good"":true,""frontal"":true,""good_illumination"":true}}"
9.png,66060342,"{""caption"":"""",""public_domain"":""no"",""image_url"":""""}",2245,374,"{""name"":""polygon"",""all_points_x"":[2895,2868,2872,2897],""all_points_y"":[3361,3414,3414,3362]}","{""name"":""not_defined"",""type"":""unknown"",""image_quality"":{""good"":true,""frontal"":true,""good_illumination"":true}}"
9.png,66060342,"{""caption"":"""",""public_domain"":""no"",""image_url"":""""}",2245,375,"{""name"":""polygon"",""all_points_x"":[2817,2780,2739,2721,2723,2775,2819],""all_points_y"":[3384,3445,3523,3559,3561,3464,3387]}","{""name"":""not_defined"",""type"":""unknown"",""image_quality"":{""good"":true,""frontal"":true,""good_illumination"":true}}"
9.png,66060342,"{""caption"":"""",""public_domain"":""no"",""image_url"":""""}",2245,376,"{""name"":""polygon"",""all_points_x"":[2777,2758,2755,2777],""all_points_y"":[3469,3505,3501,3464]}","{""name"":""not_defined"",""type"":""unknown"",""image_quality"":{""good"":true,""frontal"":true,""good_illumination"":true}}"
9.png,66060342,"{""caption"":"""",""public_domain"":""no"",""image_url"":""""}",2245,377,"{""name"":""polygon"",""all_points_x"":[2829,2811,2793,2780,2779,2781,2799,2833],""all_points_y"":[3124,3174,3217,3247,3251,3253,3211,3123]}","{""name"":""not_defined"",""type"":""unknown"",""image_quality"":{""good"":true,""frontal"":true,""good_illumination"":true}}"
9.png,66060342,"{""caption"":"""",""public_domain"":""no"",""image_url"":""""}",2245,378,"{""name"":""polygon"",""all_points_x"":[2680,2667,2669,2683],""all_points_y"":[3202,3246,3249,3201]}","{""name"":""not_defined"",""type"":""unknown"",""image_quality"":{""good"":true,""frontal"":true,""good_illumination"":true}}"
9.png,66060342,"{""caption"":"""",""public_domain"":""no"",""image_url"":""""}",2245,379,"{""name"":""polygon"",""all_points_x"":[2648,2633,2627,2624,2623,2627,2633,2651],""all_points_y"":[3187,3238,3259,3279,3288,3286,3255,3189]}","{""name"":""not_defined"",""type"":""unknown"",""image_quality"":{""good"":true,""frontal"":true,""good_illumination"":true}}"
9.png,66060342,"{""caption"":"""",""public_domain"":""no"",""image_url"":""""}",2245,380,"{""name"":""polygon"",""all_points_x"":[2660,2653,2649,2649,2651,2661,2667,2671,2668],""all_points_y"":[3277,3309,3322,3328,3328,3287,3264,3253,3252]}","{""name"":""not_defined"",""type"":""unknown"",""image_quality"":{""good"":true,""frontal"":true,""good_illumination"":true}}"
9.png,66060342,"{""caption"":"""",""public_domain"":""no"",""image_url"":""""}",2245,381,"{""name"":""polygon"",""all_points_x"":[2683,2680,2669,2672],""all_points_y"":[3272,3275,3263,3260]}","{""name"":""not_defined"",""type"":""unknown"",""image_quality"":{""good"":true,""frontal"":true,""good_illumination"":true}}"
9.png,66060342,"{""caption"":"""",""public_domain"":""no"",""image_url"":""""}",2245,382,"{""name"":""polygon"",""all_points_x"":[2772,2773,2807,2810],""all_points_y"":[3250,3254,3270,3267]}","{""name"":""not_defined"",""type"":""unknown"",""image_quality"":{""good"":true,""frontal"":true,""good_illumination"":true}}"
9.png,66060342,"{""caption"":"""",""public_domain"":""no"",""image_url"":""""}",2245,383,"{""name"":""polygon"",""all_points_x"":[2773,2769,2785,2787],""all_points_y"":[3202,3200,3230,3228]}","{""name"":""not_defined"",""type"":""unknown"",""image_quality"":{""good"":true,""frontal"":true,""good_illumination"":true}}"
9.png,66060342,"{""caption"":"""",""public_domain"":""no"",""image_url"":""""}",2245,384,"{""name"":""polygon"",""all_points_x"":[2828,2831,2851,2848],""all_points_y"":[3227,3227,3159,3158]}","{""name"":""not_defined"",""type"":""unknown"",""image_quality"":{""good"":true,""frontal"":true,""good_illumination"":true}}"
9.png,66060342,"{""caption"":"""",""public_domain"":""no"",""image_url"":""""}",2245,385,"{""name"":""polygon"",""all_points_x"":[2747,2734,2736,2750],""all_points_y"":[3279,3312,3313,3280]}","{""name"":""not_defined"",""type"":""unknown"",""image_quality"":{""good"":true,""frontal"":true,""good_illumination"":true}}"
9.png,66060342,"{""caption"":"""",""public_domain"":""no"",""image_url"":""""}",2245,386,"{""name"":""polygon"",""all_points_x"":[2691,2662,2666,2700,2698],""all_points_y"":[3334,3379,3380,3328,3324]}","{""name"":""not_defined"",""type"":""unknown"",""image_quality"":{""good"":true,""frontal"":true,""good_illumination"":true}}"
9.png,66060342,"{""caption"":"""",""public_domain"":""no"",""image_url"":""""}",2245,387,"{""name"":""polygon"",""all_points_x"":[2606,2609,2611,2608],""all_points_y"":[3336,3335,3367,3367]}","{""name"":""not_defined"",""type"":""unknown"",""image_quality"":{""good"":true,""frontal"":true,""good_illumination"":true}}"
9.png,66060342,"{""caption"":"""",""public_domain"":""no"",""image_url"":""""}",2245,388,"{""name"":""polygon"",""all_points_x"":[2607,2611,2609,2608,2607],""all_points_y"":[3380,3379,3451,3493,3493]}","{""name"":""not_defined"",""type"":""unknown"",""image_quality"":{""good"":true,""frontal"":true,""good_illumination"":true}}"
9.png,66060342,"{""caption"":"""",""public_domain"":""no"",""image_url"":""""}",2245,389,"{""name"":""polygon"",""all_points_x"":[2594,2596,2624,2622],""all_points_y"":[3335,3338,3328,3324]}","{""name"":""not_defined"",""type"":""unknown"",""image_quality"":{""good"":true,""frontal"":true,""good_illumination"":true}}"
9.png,66060342,"{""caption"":"""",""public_domain"":""no"",""image_url"":""""}",2245,390,"{""name"":""polygon"",""all_points_x"":[2661,2659,2634,2620,2625],""all_points_y"":[3363,3365,3341,3331,3331]}","{""name"":""not_defined"",""type"":""unknown"",""image_quality"":{""good"":true,""frontal"":true,""good_illumination"":true}}"
9.png,66060342,"{""caption"":"""",""public_domain"":""no"",""image_url"":""""}",2245,391,"{""name"":""polygon"",""all_points_x"":[2716,2713,2717,2719,2720,2720],""all_points_y"":[3492,3490,3527,3560,3560,3522]}","{""name"":""not_defined"",""type"":""unknown"",""image_quality"":{""good"":true,""frontal"":true,""good_illumination"":true}}"
9.png,66060342,"{""caption"":"""",""public_domain"":""no"",""image_url"":""""}",2245,392,"{""name"":""polygon"",""all_points_x"":[2711,2708,2694,2697],""all_points_y"":[3555,3556,3510,3509]}","{""name"":""not_defined"",""type"":""unknown"",""image_quality"":{""good"":true,""frontal"":true,""good_illumination"":true}}"
9.png,66060342,"{""caption"":"""",""public_domain"":""no"",""image_url"":""""}",2245,393,"{""name"":""polygon"",""all_points_x"":[2682,2679,2684,2689,2690],""all_points_y"":[3447,3445,3470,3488,3488]}","{""name"":""not_defined"",""type"":""unknown"",""image_quality"":{""good"":true,""frontal"":true,""good_illumination"":true}}"
9.png,66060342,"{""caption"":"""",""public_domain"":""no"",""image_url"":""""}",2245,394,"{""name"":""polygon"",""all_points_x"":[2944,2929,2931,2947],""all_points_y"":[3375,3418,3418,3376]}","{""name"":""not_defined"",""type"":""unknown"",""image_quality"":{""good"":true,""frontal"":true,""good_illumination"":true}}"
9.png,66060342,"{""caption"":"""",""public_domain"":""no"",""image_url"":""""}",2245,395,"{""name"":""polygon"",""all_points_x"":[3133,3125,3128,3135],""all_points_y"":[4029,4068,4068,4030]}","{""name"":""not_defined"",""type"":""unknown"",""image_quality"":{""good"":true,""frontal"":true,""good_illumination"":true}}"
9.png,66060342,"{""caption"":"""",""public_domain"":""no"",""image_url"":""""}",2245,396,"{""name"":""polygon"",""all_points_x"":[2625,2621,2617,2621],""all_points_y"":[3908,3907,3957,3956]}","{""name"":""not_defined"",""type"":""unknown"",""image_quality"":{""good"":true,""frontal"":true,""good_illumination"":true}}"
9.png,66060342,"{""caption"":"""",""public_domain"":""no"",""image_url"":""""}",2245,397,"{""name"":""polygon"",""all_points_x"":[2599,2574,2574,2600],""all_points_y"":[3884,3909,3912,3887]}","{""name"":""not_defined"",""type"":""unknown"",""image_quality"":{""good"":true,""frontal"":true,""good_illumination"":true}}"
9.png,66060342,"{""caption"":"""",""public_domain"":""no"",""image_url"":""""}",2245,398,"{""name"":""polygon"",""all_points_x"":[2702,2698,2690,2694],""all_points_y"":[3048,3049,2997,3005]}","{""name"":""not_defined"",""type"":""unknown"",""image_quality"":{""good"":true,""frontal"":true,""good_illumination"":true}}"
9.png,66060342,"{""caption"":"""",""public_domain"":""no"",""image_url"":""""}",2245,399,"{""name"":""polygon"",""all_points_x"":[2663,2660,2679,2681,2678],""all_points_y"":[2963,2966,2984,2982,2976]}","{""name"":""not_defined"",""type"":""unknown"",""image_quality"":{""good"":true,""frontal"":true,""good_illumination"":true}}"
9.png,66060342,"{""caption"":"""",""public_domain"":""no"",""image_url"":""""}",2245,400,"{""name"":""polygon"",""all_points_x"":[2693,2689,2705,2709,2718,2721,2713,2711,2706],""all_points_y"":[2975,2978,3001,3013,3033,3032,3012,3004,2997]}","{""name"":""not_defined"",""type"":""unknown"",""image_quality"":{""good"":true,""frontal"":true,""good_illumination"":true}}"
9.png,66060342,"{""caption"":"""",""public_domain"":""no"",""image_url"":""""}",2245,401,"{""name"":""polygon"",""all_points_x"":[2752,2749,2752,2766,2776,2789,2792,2793,2782,2774,2763],""all_points_y"":[2967,2968,2982,2999,3010,3027,3030,3027,3013,3002,2989]}","{""name"":""not_defined"",""type"":""unknown"",""image_quality"":{""good"":true,""frontal"":true,""good_illumination"":true}}"
9.png,66060342,"{""caption"":"""",""public_domain"":""no"",""image_url"":""""}",2245,402,"{""name"":""polygon"",""all_points_x"":[2646,2642,2646,2648],""all_points_y"":[2984,2985,3012,3012]}","{""name"":""not_defined"",""type"":""unknown"",""image_quality"":{""good"":true,""frontal"":true,""good_illumination"":true}}"
9.png,66060342,"{""caption"":"""",""public_domain"":""no"",""image_url"":""""}",2245,403,"{""name"":""polygon"",""all_points_x"":[2583,2571,2566,2568,2574,2588],""all_points_y"":[2984,3007,3025,3026,3004,2984]}","{""name"":""not_defined"",""type"":""unknown"",""image_quality"":{""good"":true,""frontal"":true,""good_illumination"":true}}"
9.png,66060342,"{""caption"":"""",""public_domain"":""no"",""image_url"":""""}",2245,404,"{""name"":""polygon"",""all_points_x"":[2824,2829,2821,2819,2816,2816,2812,2815,2819,2823],""all_points_y"":[2881,2884,2919,2923,2933,2939,2937,2923,2916,2898]}","{""name"":""not_defined"",""type"":""unknown"",""image_quality"":{""good"":true,""frontal"":true,""good_illumination"":true}}"
9.png,66060342,"{""caption"":"""",""public_domain"":""no"",""image_url"":""""}",2245,405,"{""name"":""polygon"",""all_points_x"":[2808,2805,2799,2794,2797,2805,2807,2810],""all_points_y"":[2956,2966,3010,3029,3030,2996,2967,2959]}","{""name"":""not_defined"",""type"":""unknown"",""image_quality"":{""good"":true,""frontal"":true,""good_illumination"":true}}"
9.png,66060342,"{""caption"":"""",""public_domain"":""no"",""image_url"":""""}",2245,406,"{""name"":""polygon"",""all_points_x"":[2814,2810,2819,2824,2832,2832],""all_points_y"":[2967,2967,2992,3002,3022,3016]}","{""name"":""not_defined"",""type"":""unknown"",""image_quality"":{""good"":true,""frontal"":true,""good_illumination"":true}}"
9.png,66060342,"{""caption"":"""",""public_domain"":""no"",""image_url"":""""}",2245,407,"{""name"":""polygon"",""all_points_x"":[2784,2788,2794,2791,2788],""all_points_y"":[3070,3069,3038,3038,3045]}","{""name"":""not_defined"",""type"":""unknown"",""image_quality"":{""good"":true,""frontal"":true,""good_illumination"":true}}"
9.png,66060342,"{""caption"":"""",""public_domain"":""no"",""image_url"":""""}",2245,408,"{""name"":""polygon"",""all_points_x"":[2854,2837,2839,2856],""all_points_y"":[3032,3085,3085,3032]}","{""name"":""not_defined"",""type"":""unknown"",""image_quality"":{""good"":true,""frontal"":true,""good_illumination"":true}}"
9.png,66060342,"{""caption"":"""",""public_domain"":""no"",""image_url"":""""}",2245,409,"{""name"":""polygon"",""all_points_x"":[2959,2956,2957,2958,2961],""all_points_y"":[2961,2962,3018,3048,3048]}","{""name"":""not_defined"",""type"":""unknown"",""image_quality"":{""good"":true,""frontal"":true,""good_illumination"":true}}"
9.png,66060342,"{""caption"":"""",""public_domain"":""no"",""image_url"":""""}",2245,410,"{""name"":""polygon"",""all_points_x"":[2871,2853,2840,2831,2819,2812,2818,2838,2861,2874],""all_points_y"":[2979,2993,3021,3035,3065,3087,3086,3033,2993,2982]}","{""name"":""not_defined"",""type"":""unknown"",""image_quality"":{""good"":true,""frontal"":true,""good_illumination"":true}}"
9.png,66060342,"{""caption"":"""",""public_domain"":""no"",""image_url"":""""}",2245,411,"{""name"":""polygon"",""all_points_x"":[2898,2883,2874,2858,2844,2833,2834,2860,2887,2899],""all_points_y"":[2992,3008,3014,3025,3038,3047,3050,3027,3008,2995]}","{""name"":""not_defined"",""type"":""unknown"",""image_quality"":{""good"":true,""frontal"":true,""good_illumination"":true}}"
9.png,66060342,"{""caption"":"""",""public_domain"":""no"",""image_url"":""""}",2245,412,"{""name"":""polygon"",""all_points_x"":[2915,2906,2911,2917],""all_points_y"":[2985,3006,3008,2986]}","{""name"":""not_defined"",""type"":""unknown"",""image_quality"":{""good"":true,""frontal"":true,""good_illumination"":true}}"
9.png,66060342,"{""caption"":"""",""public_domain"":""no"",""image_url"":""""}",2245,413,"{""name"":""polygon"",""all_points_x"":[2939,2935,2943,2952,2954,2944],""all_points_y"":[3032,3034,3048,3060,3057,3045]}","{""name"":""not_defined"",""type"":""unknown"",""image_quality"":{""good"":true,""frontal"":true,""good_illumination"":true}}"
9.png,66060342,"{""caption"":"""",""public_domain"":""no"",""image_url"":""""}",2245,414,"{""name"":""polygon"",""all_points_x"":[2767,2759,2737,2706,2713],""all_points_y"":[2944,2947,2892,2829,2831]}","{""name"":""not_defined"",""type"":""unknown"",""image_quality"":{""good"":true,""frontal"":true,""good_illumination"":true}}"
9.png,66060342,"{""caption"":"""",""public_domain"":""no"",""image_url"":""""}",2245,415,"{""name"":""polygon"",""all_points_x"":[2524,2520,2519,2520,2523,2524],""all_points_y"":[2952,2953,2903,2875,2875,2911]}","{""name"":""not_defined"",""type"":""unknown"",""image_quality"":{""good"":true,""frontal"":true,""good_illumination"":true}}"
9.png,66060342,"{""caption"":"""",""public_domain"":""no"",""image_url"":""""}",2245,416,"{""name"":""polygon"",""all_points_x"":[2505,2508,2510,2510,2504,2500,2504,2505],""all_points_y"":[2978,2978,2944,2898,2816,2818,2887,2934]}","{""name"":""not_defined"",""type"":""unknown"",""image_quality"":{""good"":true,""frontal"":true,""good_illumination"":true}}"
9.png,66060342,"{""caption"":"""",""public_domain"":""no"",""image_url"":""""}",2245,417,"{""name"":""polygon"",""all_points_x"":[2503,2499,2493,2493,2495,2500],""all_points_y"":[2799,2799,2745,2698,2698,2762]}","{""name"":""not_defined"",""type"":""unknown"",""image_quality"":{""good"":true,""frontal"":true,""good_illumination"":true}}"
9.png,66060342,"{""caption"":"""",""public_domain"":""no"",""image_url"":""""}",2245,418,"{""name"":""polygon"",""all_points_x"":[2500,2458,2449,2452,2473,2505],""all_points_y"":[2698,2782,2800,2809,2771,2704]}","{""name"":""not_defined"",""type"":""unknown"",""image_quality"":{""good"":true,""frontal"":true,""good_illumination"":true}}"
9.png,66060342,"{""caption"":"""",""public_domain"":""no"",""image_url"":""""}",2245,419,"{""name"":""polygon"",""all_points_x"":[2405,2410,2405,2401],""all_points_y"":[2841,2840,2758,2758]}","{""name"":""not_defined"",""type"":""unknown"",""image_quality"":{""good"":true,""frontal"":true,""good_illumination"":true}}"
9.png,66060342,"{""caption"":"""",""public_domain"":""no"",""image_url"":""""}",2245,420,"{""name"":""polygon"",""all_points_x"":[2415,2413,2423,2440,2467,2470,2445,2435],""all_points_y"":[2781,2781,2801,2827,2857,2857,2825,2816]}","{""name"":""not_defined"",""type"":""unknown"",""image_quality"":{""good"":true,""frontal"":true,""good_illumination"":true}}"
9.png,66060342,"{""caption"":"""",""public_domain"":""no"",""image_url"":""""}",2245,421,"{""name"":""polygon"",""all_points_x"":[2560,2557,2551,2555],""all_points_y"":[2870,2870,2834,2835]}","{""name"":""not_defined"",""type"":""unknown"",""image_quality"":{""good"":true,""frontal"":true,""good_illumination"":true}}"
9.png,66060342,"{""caption"":"""",""public_domain"":""no"",""image_url"":""""}",2245,422,"{""name"":""polygon"",""all_points_x"":[2591,2589,2580,2583],""all_points_y"":[2872,2872,2850,2850]}","{""name"":""not_defined"",""type"":""unknown"",""image_quality"":{""good"":true,""frontal"":true,""good_illumination"":true}}"
9.png,66060342,"{""caption"":"""",""public_domain"":""no"",""image_url"":""""}",2245,423,"{""name"":""polygon"",""all_points_x"":[2663,2653,2651,2650,2652,2658,2661],""all_points_y"":[2854,2884,2894,2907,2907,2882,2875]}","{""name"":""not_defined"",""type"":""unknown"",""image_quality"":{""good"":true,""frontal"":true,""good_illumination"":true}}"
9.png,66060342,"{""caption"":"""",""public_domain"":""no"",""image_url"":""""}",2245,424,"{""name"":""polygon"",""all_points_x"":[2342,2340,2350,2360,2370,2377,2380,2370],""all_points_y"":[2677,2679,2712,2741,2768,2780,2779,2759]}","{""name"":""not_defined"",""type"":""unknown"",""image_quality"":{""good"":true,""frontal"":true,""good_illumination"":true}}"
9.png,66060342,"{""caption"":"""",""public_domain"":""no"",""image_url"":""""}",2245,425,"{""name"":""polygon"",""all_points_x"":[2329,2326,2328,2333,2339,2342,2345,2341,2329],""all_points_y"":[2686,2683,2720,2756,2795,2810,2808,2778,2702]}","{""name"":""not_defined"",""type"":""unknown"",""image_quality"":{""good"":true,""frontal"":true,""good_illumination"":true}}"
9.png,66060342,"{""caption"":"""",""public_domain"":""no"",""image_url"":""""}",2245,426,"{""name"":""polygon"",""all_points_x"":[2297,2294,2298,2301],""all_points_y"":[2860,2862,2889,2889]}","{""name"":""not_defined"",""type"":""unknown"",""image_quality"":{""good"":true,""frontal"":true,""good_illumination"":true}}"
9.png,66060342,"{""caption"":"""",""public_domain"":""no"",""image_url"":""""}",2245,427,"{""name"":""polygon"",""all_points_x"":[2303,2300,2303,2305],""all_points_y"":[2906,2905,2925,2925]}","{""name"":""not_defined"",""type"":""unknown"",""image_quality"":{""good"":true,""frontal"":true,""good_illumination"":true}}"
9.png,66060342,"{""caption"":"""",""public_domain"":""no"",""image_url"":""""}",2245,428,"{""name"":""polygon"",""all_points_x"":[2309,2306,2308,2312,2314],""all_points_y"":[2940,2941,2958,2970,2970]}","{""name"":""not_defined"",""type"":""unknown"",""image_quality"":{""good"":true,""frontal"":true,""good_illumination"":true}}"
9.png,66060342,"{""caption"":"""",""public_domain"":""no"",""image_url"":""""}",2245,429,"{""name"":""polygon"",""all_points_x"":[2285,2276,2280,2278,2280,2285,2286,2288,2285,2282],""all_points_y"":[2750,2747,2798,2816,2854,2886,2888,2885,2859,2817]}","{""name"":""not_defined"",""type"":""unknown"",""image_quality"":{""good"":true,""frontal"":true,""good_illumination"":true}}"
9.png,66060342,"{""caption"":"""",""public_domain"":""no"",""image_url"":""""}",2245,430,"{""name"":""polygon"",""all_points_x"":[2359,2356,2354,2346,2338,2332,2335,2343,2350,2357],""all_points_y"":[2827,2828,2812,2776,2729,2694,2692,2736,2772,2799]}","{""name"":""not_defined"",""type"":""unknown"",""image_quality"":{""good"":true,""frontal"":true,""good_illumination"":true}}"
9.png,66060342,"{""caption"":"""",""public_domain"":""no"",""image_url"":""""}",2245,431,"{""name"":""polygon"",""all_points_x"":[2294,2289,2289,2289,2289,2291,2291],""all_points_y"":[2825,2825,2866,2913,2931,2931,2879]}","{""name"":""not_defined"",""type"":""unknown"",""image_quality"":{""good"":true,""frontal"":true,""good_illumination"":true}}"
9.png,66060342,"{""caption"":"""",""public_domain"":""no"",""image_url"":""""}",2245,432,"{""name"":""polygon"",""all_points_x"":[2332,2319,2307,2300,2302,2324,2334],""all_points_y"":[2994,3019,3043,3061,3062,3016,2997]}","{""name"":""not_defined"",""type"":""unknown"",""image_quality"":{""good"":true,""frontal"":true,""good_illumination"":true}}"
9.png,66060342,"{""caption"":"""",""public_domain"":""no"",""image_url"":""""}",2245,433,"{""name"":""polygon"",""all_points_x"":[2191,2186,2194,2198],""all_points_y"":[3000,3005,3054,3053]}","{""name"":""not_defined"",""type"":""unknown"",""image_quality"":{""good"":true,""frontal"":true,""good_illumination"":true}}"
9.png,66060342,"{""caption"":"""",""public_domain"":""no"",""image_url"":""""}",2245,434,"{""name"":""polygon"",""all_points_x"":[2123,2120,2117,2113,2111,2114,2117],""all_points_y"":[3051,3053,3010,2992,2961,2962,2994]}","{""name"":""not_defined"",""type"":""unknown"",""image_quality"":{""good"":true,""frontal"":true,""good_illumination"":true}}"
9.png,66060342,"{""caption"":"""",""public_domain"":""no"",""image_url"":""""}",2245,435,"{""name"":""polygon"",""all_points_x"":[2825,2821,2833,2875,2889,2894,2871],""all_points_y"":[2773,2773,2794,2856,2875,2874,2844]}","{""name"":""not_defined"",""type"":""unknown"",""image_quality"":{""good"":true,""frontal"":true,""good_illumination"":true}}"
9.png,66060342,"{""caption"":"""",""public_domain"":""no"",""image_url"":""""}",2245,436,"{""name"":""polygon"",""all_points_x"":[2918,2904,2897,2900,2911,2923],""all_points_y"":[2774,2836,2875,2876,2826,2773]}","{""name"":""not_defined"",""type"":""unknown"",""image_quality"":{""good"":true,""frontal"":true,""good_illumination"":true}}"
9.png,66060342,"{""caption"":"""",""public_domain"":""no"",""image_url"":""""}",2245,437,"{""name"":""polygon"",""all_points_x"":[2977,2960,2954,2957,2979],""all_points_y"":[2696,2771,2801,2801,2699]}","{""name"":""not_defined"",""type"":""unknown"",""image_quality"":{""good"":true,""frontal"":true,""good_illumination"":true}}"
9.png,66060342,"{""caption"":"""",""public_domain"":""no"",""image_url"":""""}",2245,438,"{""name"":""polygon"",""all_points_x"":[3000,2970,2967,2971,3004],""all_points_y"":[2833,2934,2952,2951,2836]}","{""name"":""not_defined"",""type"":""unknown"",""image_quality"":{""good"":true,""frontal"":true,""good_illumination"":true}}"
9.png,66060342,"{""caption"":"""",""public_domain"":""no"",""image_url"":""""}",2245,439,"{""name"":""polygon"",""all_points_x"":[2966,2961,2964,2968],""all_points_y"":[2958,2978,2980,2958]}","{""name"":""not_defined"",""type"":""unknown"",""image_quality"":{""good"":true,""frontal"":true,""good_illumination"":true}}"
9.png,66060342,"{""caption"":"""",""public_domain"":""no"",""image_url"":""""}",2245,440,"{""name"":""polygon"",""all_points_x"":[2692,2689,2685,2687,2691,2695],""all_points_y"":[2886,2925,2969,2969,2926,2887]}","{""name"":""not_defined"",""type"":""unknown"",""image_quality"":{""good"":true,""frontal"":true,""good_illumination"":true}}"
9.png,66060342,"{""caption"":"""",""public_domain"":""no"",""image_url"":""""}",2245,441,"{""name"":""polygon"",""all_points_x"":[2580,2576,2561,2538,2540,2571],""all_points_y"":[2838,2839,2800,2734,2736,2817]}","{""name"":""not_defined"",""type"":""unknown"",""image_quality"":{""good"":true,""frontal"":true,""good_illumination"":true}}"
9.png,66060342,"{""caption"":"""",""public_domain"":""no"",""image_url"":""""}",2245,442,"{""name"":""polygon"",""all_points_x"":[2543,2549,2552,2544,2538,2536],""all_points_y"":[2793,2826,2825,2773,2742,2742]}","{""name"":""not_defined"",""type"":""unknown"",""image_quality"":{""good"":true,""frontal"":true,""good_illumination"":true}}"
9.png,66060342,"{""caption"":"""",""public_domain"":""no"",""image_url"":""""}",2245,443,"{""name"":""polygon"",""all_points_x"":[2553,2551,2549,2550,2551,2556,2561,2569,2578,2582,2578,2572,2562,2557,2553,2552],""all_points_y"":[2587,2586,2626,2657,2684,2712,2729,2741,2748,2749,2745,2739,2720,2699,2685,2638]}","{""name"":""not_defined"",""type"":""unknown"",""image_quality"":{""good"":true,""frontal"":true,""good_illumination"":true}}"
9.png,66060342,"{""caption"":"""",""public_domain"":""no"",""image_url"":""""}",2245,444,"{""name"":""polygon"",""all_points_x"":[2543,2538,2535,2538,2547,2546],""all_points_y"":[2670,2698,2716,2716,2649,2648]}","{""name"":""not_defined"",""type"":""unknown"",""image_quality"":{""good"":true,""frontal"":true,""good_illumination"":true}}"
9.png,66060342,"{""caption"":"""",""public_domain"":""no"",""image_url"":""""}",2245,445,"{""name"":""polygon"",""all_points_x"":[2487,2492,2495,2491],""all_points_y"":[2642,2675,2675,2641]}","{""name"":""not_defined"",""type"":""unknown"",""image_quality"":{""good"":true,""frontal"":true,""good_illumination"":true}}"
9.png,66060342,"{""caption"":"""",""public_domain"":""no"",""image_url"":""""}",2245,446,"{""name"":""polygon"",""all_points_x"":[2683,2682,2717,2729,2730],""all_points_y"":[2663,2669,2734,2752,2751]}","{""name"":""not_defined"",""type"":""unknown"",""image_quality"":{""good"":true,""frontal"":true,""good_illumination"":true}}"
9.png,66060342,"{""caption"":"""",""public_domain"":""no"",""image_url"":""""}",2245,447,"{""name"":""polygon"",""all_points_x"":[2769,2765,2776,2785,2790,2801,2804,2795,2788],""all_points_y"":[2711,2712,2743,2762,2782,2832,2832,2788,2762]}","{""name"":""not_defined"",""type"":""unknown"",""image_quality"":{""good"":true,""frontal"":true,""good_illumination"":true}}"
9.png,66060342,"{""caption"":"""",""public_domain"":""no"",""image_url"":""""}",2245,448,"{""name"":""polygon"",""all_points_x"":[2691,2687,2712,2713],""all_points_y"":[2659,2662,2703,2699]}","{""name"":""not_defined"",""type"":""unknown"",""image_quality"":{""good"":true,""frontal"":true,""good_illumination"":true}}"
9.png,66060342,"{""caption"":"""",""public_domain"":""no"",""image_url"":""""}",2245,449,"{""name"":""polygon"",""all_points_x"":[2736,2736,2761,2782,2784],""all_points_y"":[2742,2746,2787,2825,2820]}","{""name"":""not_defined"",""type"":""unknown"",""image_quality"":{""good"":true,""frontal"":true,""good_illumination"":true}}"
9.png,66060342,"{""caption"":"""",""public_domain"":""no"",""image_url"":""""}",2245,450,"{""name"":""polygon"",""all_points_x"":[2629,2625,2659,2702,2730,2762,2768,2770,2751,2720,2701],""all_points_y"":[2682,2686,2723,2772,2801,2840,2844,2836,2811,2779,2762]}","{""name"":""not_defined"",""type"":""unknown"",""image_quality"":{""good"":true,""frontal"":true,""good_illumination"":true}}"
9.png,66060342,"{""caption"":"""",""public_domain"":""no"",""image_url"":""""}",2245,451,"{""name"":""polygon"",""all_points_x"":[2603,2600,2597,2593,2591,2595,2599,2596,2599],""all_points_y"":[2693,2691,2728,2771,2779,2806,2800,2781,2751]}","{""name"":""not_defined"",""type"":""unknown"",""image_quality"":{""good"":true,""frontal"":true,""good_illumination"":true}}"
9.png,66060342,"{""caption"":"""",""public_domain"":""no"",""image_url"":""""}",2245,452,"{""name"":""polygon"",""all_points_x"":[2607,2599,2601,2614,2613,2612,2609,2610,2610],""all_points_y"":[2772,2790,2795,2769,2751,2711,2711,2745,2767]}","{""name"":""not_defined"",""type"":""unknown"",""image_quality"":{""good"":true,""frontal"":true,""good_illumination"":true}}"
9.png,66060342,"{""caption"":"""",""public_domain"":""no"",""image_url"":""""}",2245,453,"{""name"":""polygon"",""all_points_x"":[2806,2789,2798,2810],""all_points_y"":[3098,3134,3125,3099]}","{""name"":""not_defined"",""type"":""unknown"",""image_quality"":{""good"":true,""frontal"":true,""good_illumination"":true}}"
9.png,66060342,"{""caption"":"""",""public_domain"":""no"",""image_url"":""""}",2245,454,"{""name"":""polygon"",""all_points_x"":[2833,2829,2820,2807,2797,2784,2788,2821],""all_points_y"":[3139,3142,3170,3198,3225,3256,3253,3171]}","{""name"":""not_defined"",""type"":""unknown"",""image_quality"":{""good"":true,""frontal"":true,""good_illumination"":true}}"
9.png,66060342,"{""caption"":"""",""public_domain"":""no"",""image_url"":""""}",2245,455,"{""name"":""polygon"",""all_points_x"":[2776,2762,2765,2780],""all_points_y"":[3276,3309,3308,3276]}","{""name"":""not_defined"",""type"":""unknown"",""image_quality"":{""good"":true,""frontal"":true,""good_illumination"":true}}"
9.png,66060342,"{""caption"":"""",""public_domain"":""no"",""image_url"":""""}",2245,456,"{""name"":""polygon"",""all_points_x"":[3151,3145,3146,3146,3150],""all_points_y"":[3019,3017,2963,2954,2956]}","{""name"":""not_defined"",""type"":""unknown"",""image_quality"":{""good"":true,""frontal"":true,""good_illumination"":true}}"
9.png,66060342,"{""caption"":"""",""public_domain"":""no"",""image_url"":""""}",2245,457,"{""name"":""polygon"",""all_points_x"":[3280,3250,3236,3197,3168,3174,3228,3283],""all_points_y"":[2978,3024,3043,3100,3142,3142,3061,2979]}","{""name"":""not_defined"",""type"":""unknown"",""image_quality"":{""good"":true,""frontal"":true,""good_illumination"":true}}"
9.png,66060342,"{""caption"":"""",""public_domain"":""no"",""image_url"":""""}",2245,458,"{""name"":""polygon"",""all_points_x"":[3316,3293,3283,3277,3280,3290,3316],""all_points_y"":[2963,3003,3027,3044,3045,3019,2969]}","{""name"":""not_defined"",""type"":""unknown"",""image_quality"":{""good"":true,""frontal"":true,""good_illumination"":true}}"
9.png,66060342,"{""caption"":"""",""public_domain"":""no"",""image_url"":""""}",2245,459,"{""name"":""polygon"",""all_points_x"":[3458,3442,3445,3460],""all_points_y"":[2949,2976,2977,2951]}","{""name"":""not_defined"",""type"":""unknown"",""image_quality"":{""good"":true,""frontal"":true,""good_illumination"":true}}"
9.png,66060342,"{""caption"":"""",""public_domain"":""no"",""image_url"":""""}",2245,460,"{""name"":""polygon"",""all_points_x"":[3424,3392,3395,3401,3426],""all_points_y"":[3014,3068,3070,3065,3017]}","{""name"":""not_defined"",""type"":""unknown"",""image_quality"":{""good"":true,""frontal"":true,""good_illumination"":true}}"
9.png,66060342,"{""caption"":"""",""public_domain"":""no"",""image_url"":""""}",2245,461,"{""name"":""polygon"",""all_points_x"":[3473,3469,3462,3456,3454,3456],""all_points_y"":[2987,2991,3012,3038,3045,3045]}","{""name"":""not_defined"",""type"":""unknown"",""image_quality"":{""good"":true,""frontal"":true,""good_illumination"":true}}"
9.png,66060342,"{""caption"":"""",""public_domain"":""no"",""image_url"":""""}",2245,462,"{""name"":""polygon"",""all_points_x"":[3452,3445,3443,3440,3440,3445,3455],""all_points_y"":[3055,3073,3083,3086,3088,3085,3054]}","{""name"":""not_defined"",""type"":""unknown"",""image_quality"":{""good"":true,""frontal"":true,""good_illumination"":true}}"
9.png,66060342,"{""caption"":"""",""public_domain"":""no"",""image_url"":""""}",2245,463,"{""name"":""polygon"",""all_points_x"":[3308,3273,3254,3230,3202,3203,3236,3268,3310],""all_points_y"":[3049,3085,3104,3130,3159,3162,3130,3096,3052]}","{""name"":""not_defined"",""type"":""unknown"",""image_quality"":{""good"":true,""frontal"":true,""good_illumination"":true}}"
9.png,66060342,"{""caption"":"""",""public_domain"":""no"",""image_url"":""""}",2245,464,"{""name"":""polygon"",""all_points_x"":[3364,3345,3325,3329,3367],""all_points_y"":[2986,3007,3028,3028,2990]}","{""name"":""not_defined"",""type"":""unknown"",""image_quality"":{""good"":true,""frontal"":true,""good_illumination"":true}}"
9.png,66060342,"{""caption"":"""",""public_domain"":""no"",""image_url"":""""}",2245,465,"{""name"":""polygon"",""all_points_x"":[3257,3242,3189,3190,3255],""all_points_y"":[3129,3137,3176,3179,3135]}","{""name"":""not_defined"",""type"":""unknown"",""image_quality"":{""good"":true,""frontal"":true,""good_illumination"":true}}"
9.png,66060342,"{""caption"":"""",""public_domain"":""no"",""image_url"":""""}",2245,466,"{""name"":""polygon"",""all_points_x"":[3156,3151,3150,3147,3146,3150,3150],""all_points_y"":[2868,2870,2900,2914,2943,2941,2910]}","{""name"":""not_defined"",""type"":""unknown"",""image_quality"":{""good"":true,""frontal"":true,""good_illumination"":true}}"
9.png,66060342,"{""caption"":"""",""public_domain"":""no"",""image_url"":""""}",2245,467,"{""name"":""polygon"",""all_points_x"":[3188,3186,3191,3202,3241,3245,3242,3199,3193],""all_points_y"":[2847,2848,2860,2869,2912,2912,2909,2862,2858]}","{""name"":""not_defined"",""type"":""unknown"",""image_quality"":{""good"":true,""frontal"":true,""good_illumination"":true}}"
9.png,66060342,"{""caption"":"""",""public_domain"":""no"",""image_url"":""""}",2245,468,"{""name"":""polygon"",""all_points_x"":[3292,3290,3284,3281,3274,3276],""all_points_y"":[2884,2886,2854,2823,2769,2768]}","{""name"":""not_defined"",""type"":""unknown"",""image_quality"":{""good"":true,""frontal"":true,""good_illumination"":true}}"
9.png,66060342,"{""caption"":"""",""public_domain"":""no"",""image_url"":""""}",2245,469,"{""name"":""polygon"",""all_points_x"":[3264,3258,3250,3240,3246,3254,3259,3267],""all_points_y"":[2748,2785,2834,2891,2889,2838,2806,2749]}","{""name"":""not_defined"",""type"":""unknown"",""image_quality"":{""good"":true,""frontal"":true,""good_illumination"":true}}"
9.png,66060342,"{""caption"":"""",""public_domain"":""no"",""image_url"":""""}",2245,470,"{""name"":""polygon"",""all_points_x"":[3277,3272,3268,3267,3267,3262,3264,3270,3271,3275],""all_points_y"":[2887,2891,2858,2848,2825,2786,2779,2830,2858,2877]}","{""name"":""not_defined"",""type"":""unknown"",""image_quality"":{""good"":true,""frontal"":true,""good_illumination"":true}}"
9.png,66060342,"{""caption"":"""",""public_domain"":""no"",""image_url"":""""}",2245,471,"{""name"":""polygon"",""all_points_x"":[3220,3235,3244,3244,3232,3221],""all_points_y"":[2862,2857,2853,2851,2855,2862]}","{""name"":""not_defined"",""type"":""unknown"",""image_quality"":{""good"":true,""frontal"":true,""good_illumination"":true}}"
9.png,66060342,"{""caption"":"""",""public_domain"":""no"",""image_url"":""""}",2245,472,"{""name"":""polygon"",""all_points_x"":[3219,3217,3227,3238,3250,3251,3243,3228],""all_points_y"":[2698,2703,2743,2784,2824,2821,2794,2737]}","{""name"":""not_defined"",""type"":""unknown"",""image_quality"":{""good"":true,""frontal"":true,""good_illumination"":true}}"
9.png,66060342,"{""caption"":"""",""public_domain"":""no"",""image_url"":""""}",2245,473,"{""name"":""polygon"",""all_points_x"":[3223,3221,3216,3204,3206,3225],""all_points_y"":[2950,2952,2993,3072,3074,2952]}","{""name"":""not_defined"",""type"":""unknown"",""image_quality"":{""good"":true,""frontal"":true,""good_illumination"":true}}"
9.png,66060342,"{""caption"":"""",""public_domain"":""no"",""image_url"":""""}",2245,474,"{""name"":""polygon"",""all_points_x"":[3094,3090,3103,3120,3121],""all_points_y"":[3035,3038,3053,3071,3070]}","{""name"":""not_defined"",""type"":""unknown"",""image_quality"":{""good"":true,""frontal"":true,""good_illumination"":true}}"
9.png,66060342,"{""caption"":"""",""public_domain"":""no"",""image_url"":""""}",2245,475,"{""name"":""polygon"",""all_points_x"":[3130,3096,3098,3133],""all_points_y"":[3096,3139,3142,3101]}","{""name"":""not_defined"",""type"":""unknown"",""image_quality"":{""good"":true,""frontal"":true,""good_illumination"":true}}"
9.png,66060342,"{""caption"":"""",""public_domain"":""no"",""image_url"":""""}",2245,476,"{""name"":""polygon"",""all_points_x"":[3274,3272,3260,3246,3240,3242,3261],""all_points_y"":[3151,3149,3177,3229,3259,3260,3188]}","{""name"":""not_defined"",""type"":""unknown"",""image_quality"":{""good"":true,""frontal"":true,""good_illumination"":true}}"
9.png,66060342,"{""caption"":"""",""public_domain"":""no"",""image_url"":""""}",2245,477,"{""name"":""polygon"",""all_points_x"":[3299,3298,3299,3302,3303,3304],""all_points_y"":[3141,3141,3173,3192,3193,3193]}","{""name"":""not_defined"",""type"":""unknown"",""image_quality"":{""good"":true,""frontal"":true,""good_illumination"":true}}"
9.png,66060342,"{""caption"":"""",""public_domain"":""no"",""image_url"":""""}",2245,478,"{""name"":""polygon"",""all_points_x"":[3457,3425,3425,3457],""all_points_y"":[3091,3111,3112,3093]}","{""name"":""not_defined"",""type"":""unknown"",""image_quality"":{""good"":true,""frontal"":true,""good_illumination"":true}}"
9.png,66060342,"{""caption"":"""",""public_domain"":""no"",""image_url"":""""}",2245,479,"{""name"":""polygon"",""all_points_x"":[3432,3429,3425,3423,3422,3423,3425,3425,3426],""all_points_y"":[3048,3048,3077,3103,3126,3133,3133,3115,3100]}","{""name"":""not_defined"",""type"":""unknown"",""image_quality"":{""good"":true,""frontal"":true,""good_illumination"":true}}"
9.png,66060342,"{""caption"":"""",""public_domain"":""no"",""image_url"":""""}",2245,480,"{""name"":""polygon"",""all_points_x"":[3492,3467,3469,3495],""all_points_y"":[3117,3154,3156,3120]}","{""name"":""not_defined"",""type"":""unknown"",""image_quality"":{""good"":true,""frontal"":true,""good_illumination"":true}}"
9.png,66060342,"{""caption"":"""",""public_domain"":""no"",""image_url"":""""}",2245,481,"{""name"":""polygon"",""all_points_x"":[3228,3210,3189,3190,3218,3232],""all_points_y"":[3170,3199,3229,3232,3193,3172]}","{""name"":""not_defined"",""type"":""unknown"",""image_quality"":{""good"":true,""frontal"":true,""good_illumination"":true}}"
9.png,66060342,"{""caption"":"""",""public_domain"":""no"",""image_url"":""""}",2245,482,"{""name"":""polygon"",""all_points_x"":[2818,2815,2816,2829,2839,2842,2839,2833,2835,2844,2845,2841,2836],""all_points_y"":[2954,2956,2960,2965,2973,2978,2991,3012,3021,2986,2978,2970,2965]}","{""name"":""not_defined"",""type"":""unknown"",""image_quality"":{""good"":true,""frontal"":true,""good_illumination"":true}}"
9.png,66060342,"{""caption"":"""",""public_domain"":""no"",""image_url"":""""}",2245,483,"{""name"":""polygon"",""all_points_x"":[3001,2999,2997,2990,2992],""all_points_y"":[2887,2885,2892,2948,2945]}","{""name"":""not_defined"",""type"":""unknown"",""image_quality"":{""good"":true,""frontal"":true,""good_illumination"":true}}"
9.png,66060342,"{""caption"":"""",""public_domain"":""no"",""image_url"":""""}",2245,484,"{""name"":""polygon"",""all_points_x"":[3423,3427,3426,3417,3409,3399,3383,3367,3361,3366,3397,3409,3414,3422],""all_points_y"":[2770,2769,2785,2804,2815,2825,2853,2877,2878,2868,2821,2806,2798,2780]}","{""name"":""not_defined"",""type"":""unknown"",""image_quality"":{""good"":true,""frontal"":true,""good_illumination"":true}}"
9.png,66060342,"{""caption"":"""",""public_domain"":""no"",""image_url"":""""}",2245,485,"{""name"":""polygon"",""all_points_x"":[3333,3335,3344,3345,3343],""all_points_y"":[2917,2918,2876,2866,2870]}","{""name"":""not_defined"",""type"":""unknown"",""image_quality"":{""good"":true,""frontal"":true,""good_illumination"":true}}"
9.png,66060342,"{""caption"":"""",""public_domain"":""no"",""image_url"":""""}",2245,486,"{""name"":""polygon"",""all_points_x"":[3314,3320,3331,3331,3327],""all_points_y"":[2906,2905,2888,2885,2885]}","{""name"":""not_defined"",""type"":""unknown"",""image_quality"":{""good"":true,""frontal"":true,""good_illumination"":true}}"
9.png,66060342,"{""caption"":"""",""public_domain"":""no"",""image_url"":""""}",2245,487,"{""name"":""polygon"",""all_points_x"":[3379,3355,3355,3367,3381],""all_points_y"":[2810,2844,2848,2832,2811]}","{""name"":""not_defined"",""type"":""unknown"",""image_quality"":{""good"":true,""frontal"":true,""good_illumination"":true}}"
9.png,66060342,"{""caption"":"""",""public_domain"":""no"",""image_url"":""""}",2245,488,"{""name"":""polygon"",""all_points_x"":[3335,3353,3354,3346,3338],""all_points_y"":[2874,2848,2849,2864,2875]}","{""name"":""not_defined"",""type"":""unknown"",""image_quality"":{""good"":true,""frontal"":true,""good_illumination"":true}}"
9.png,66060342,"{""caption"":"""",""public_domain"":""no"",""image_url"":""""}",2245,489,"{""name"":""polygon"",""all_points_x"":[3353,3339,3333,3328,3332,3339,3353],""all_points_y"":[2827,2854,2866,2880,2876,2861,2833]}","{""name"":""not_defined"",""type"":""unknown"",""image_quality"":{""good"":true,""frontal"":true,""good_illumination"":true}}"
9.png,66060342,"{""caption"":"""",""public_domain"":""no"",""image_url"":""""}",2245,490,"{""name"":""polygon"",""all_points_x"":[3370,3367,3363,3361,3355,3351,3354,3363,3366],""all_points_y"":[2760,2763,2792,2807,2829,2847,2843,2811,2794]}","{""name"":""not_defined"",""type"":""unknown"",""image_quality"":{""good"":true,""frontal"":true,""good_illumination"":true}}"
9.png,66060342,"{""caption"":"""",""public_domain"":""no"",""image_url"":""""}",2245,491,"{""name"":""polygon"",""all_points_x"":[3300,3276,3259,3228,3203,3190,3186,3181,3184,3194,3213,3220,3280,3304],""all_points_y"":[2475,2528,2573,2657,2724,2762,2773,2809,2810,2777,2712,2691,2533,2476]}","{""name"":""not_defined"",""type"":""unknown"",""image_quality"":{""good"":true,""frontal"":true,""good_illumination"":true}}"
9.png,66060342,"{""caption"":"""",""public_domain"":""no"",""image_url"":""""}",2245,492,"{""name"":""polygon"",""all_points_x"":[3309,3312,3306,3292,3288,3300],""all_points_y"":[2602,2600,2631,2692,2691,2643]}","{""name"":""not_defined"",""type"":""unknown"",""image_quality"":{""good"":true,""frontal"":true,""good_illumination"":true}}"
9.png,66060342,"{""caption"":"""",""public_domain"":""no"",""image_url"":""""}",2245,493,"{""name"":""polygon"",""all_points_x"":[3298,3303,3306,3311,3308],""all_points_y"":[2747,2748,2743,2699,2698]}","{""name"":""not_defined"",""type"":""unknown"",""image_quality"":{""good"":true,""frontal"":true,""good_illumination"":true}}"
9.png,66060342,"{""caption"":"""",""public_domain"":""no"",""image_url"":""""}",2245,494,"{""name"":""polygon"",""all_points_x"":[3358,3354,3345,3339,3335,3337],""all_points_y"":[2660,2659,2695,2730,2751,2752]}","{""name"":""not_defined"",""type"":""unknown"",""image_quality"":{""good"":true,""frontal"":true,""good_illumination"":true}}"
9.png,66060342,"{""caption"":"""",""public_domain"":""no"",""image_url"":""""}",2245,495,"{""name"":""polygon"",""all_points_x"":[3134,3128,3129,3132],""all_points_y"":[2728,2732,2773,2773]}","{""name"":""not_defined"",""type"":""unknown"",""image_quality"":{""good"":true,""frontal"":true,""good_illumination"":true}}"
9.png,66060342,"{""caption"":"""",""public_domain"":""no"",""image_url"":""""}",2245,496,"{""name"":""polygon"",""all_points_x"":[3193,3191,3207,3210],""all_points_y"":[2788,2793,2856,2852]}","{""name"":""not_defined"",""type"":""unknown"",""image_quality"":{""good"":true,""frontal"":true,""good_illumination"":true}}"
9.png,66060342,"{""caption"":"""",""public_domain"":""no"",""image_url"":""""}",2245,497,"{""name"":""polygon"",""all_points_x"":[3092,3055,3060,3094],""all_points_y"":[2650,2725,2725,2654]}","{""name"":""not_defined"",""type"":""unknown"",""image_quality"":{""good"":true,""frontal"":true,""good_illumination"":true}}"
9.png,66060342,"{""caption"":"""",""public_domain"":""no"",""image_url"":""""}",2245,498,"{""name"":""polygon"",""all_points_x"":[3148,3111,3091,3095,3152],""all_points_y"":[2564,2664,2715,2716,2563]}","{""name"":""not_defined"",""type"":""unknown"",""image_quality"":{""good"":true,""frontal"":true,""good_illumination"":true}}"
9.png,66060342,"{""caption"":"""",""public_domain"":""no"",""image_url"":""""}",2245,499,"{""name"":""polygon"",""all_points_x"":[3286,3284,3283,3274,3277,3285,3286],""all_points_y"":[2548,2548,2592,2688,2688,2642,2612]}","{""name"":""not_defined"",""type"":""unknown"",""image_quality"":{""good"":true,""frontal"":true,""good_illumination"":true}}"
9.png,66060342,"{""caption"":"""",""public_domain"":""no"",""image_url"":""""}",2245,500,"{""name"":""polygon"",""all_points_x"":[3301,3284,3286,3303,3304],""all_points_y"":[2545,2639,2642,2564,2541]}","{""name"":""not_defined"",""type"":""unknown"",""image_quality"":{""good"":true,""frontal"":true,""good_illumination"":true}}"
9.png,66060342,"{""caption"":"""",""public_domain"":""no"",""image_url"":""""}",2245,501,"{""name"":""polygon"",""all_points_x"":[3337,3314,3319,3342],""all_points_y"":[2448,2573,2573,2449]}","{""name"":""not_defined"",""type"":""unknown"",""image_quality"":{""good"":true,""frontal"":true,""good_illumination"":true}}"
9.png,66060342,"{""caption"":"""",""public_domain"":""no"",""image_url"":""""}",2245,502,"{""name"":""polygon"",""all_points_x"":[3355,3345,3333,3322,3309,3313,3326,3358],""all_points_y"":[2445,2492,2560,2613,2685,2682,2613,2448]}","{""name"":""not_defined"",""type"":""unknown"",""image_quality"":{""good"":true,""frontal"":true,""good_illumination"":true}}"
9.png,66060342,"{""caption"":"""",""public_domain"":""no"",""image_url"":""""}",2245,503,"{""name"":""polygon"",""all_points_x"":[3371,3357,3354,3353,3353,3357,3358,3357,3361,3363,3373],""all_points_y"":[2416,2471,2504,2560,2581,2580,2549,2525,2480,2458,2416]}","{""name"":""not_defined"",""type"":""unknown"",""image_quality"":{""good"":true,""frontal"":true,""good_illumination"":true}}"
9.png,66060342,"{""caption"":"""",""public_domain"":""no"",""image_url"":""""}",2245,504,"{""name"":""polygon"",""all_points_x"":[3460,3429,3432,3464],""all_points_y"":[2422,2492,2493,2424]}","{""name"":""not_defined"",""type"":""unknown"",""image_quality"":{""good"":true,""frontal"":true,""good_illumination"":true}}"
9.png,66060342,"{""caption"":"""",""public_domain"":""no"",""image_url"":""""}",2245,505,"{""name"":""polygon"",""all_points_x"":[3429,3425,3432,3440,3444,3437,3434],""all_points_y"":[2513,2514,2573,2608,2608,2568,2548]}","{""name"":""not_defined"",""type"":""unknown"",""image_quality"":{""good"":true,""frontal"":true,""good_illumination"":true}}"
9.png,66060342,"{""caption"":"""",""public_domain"":""no"",""image_url"":""""}",2245,506,"{""name"":""polygon"",""all_points_x"":[3070,3040,3019,3022,3040,3056,3073],""all_points_y"":[2423,2493,2532,2534,2500,2470,2425]}","{""name"":""not_defined"",""type"":""unknown"",""image_quality"":{""good"":true,""frontal"":true,""good_illumination"":true}}"
9.png,66060342,"{""caption"":"""",""public_domain"":""no"",""image_url"":""""}",2245,507,"{""name"":""polygon"",""all_points_x"":[2986,2980,2979,2983,2986,2994,2997,2997,2988,2986],""all_points_y"":[2706,2696,2701,2720,2747,2752,2753,2750,2743,2711]}","{""name"":""not_defined"",""type"":""unknown"",""image_quality"":{""good"":true,""frontal"":true,""good_illumination"":true}}"
9.png,66060342,"{""caption"":"""",""public_domain"":""no"",""image_url"":""""}",2245,508,"{""name"":""polygon"",""all_points_x"":[3023,3005,3009,3026],""all_points_y"":[2838,2928,2930,2839]}","{""name"":""not_defined"",""type"":""unknown"",""image_quality"":{""good"":true,""frontal"":true,""good_illumination"":true}}"
9.png,66060342,"{""caption"":"""",""public_domain"":""no"",""image_url"":""""}",2245,509,"{""name"":""polygon"",""all_points_x"":[2982,2984,2993,2994,2989,2987],""all_points_y"":[2945,2945,2892,2885,2888,2912]}","{""name"":""not_defined"",""type"":""unknown"",""image_quality"":{""good"":true,""frontal"":true,""good_illumination"":true}}"
9.png,66060342,"{""caption"":"""",""public_domain"":""no"",""image_url"":""""}",2245,510,"{""name"":""polygon"",""all_points_x"":[3442,3409,3413,3445],""all_points_y"":[2790,2836,2837,2793]}","{""name"":""not_defined"",""type"":""unknown"",""image_quality"":{""good"":true,""frontal"":true,""good_illumination"":true}}"
9.png,66060342,"{""caption"":"""",""public_domain"":""no"",""image_url"":""""}",2245,511,"{""name"":""polygon"",""all_points_x"":[3508,3498,3478,3473,3471,3477,3479,3493,3500,3506,3510],""all_points_y"":[2721,2749,2791,2800,2812,2810,2799,2770,2758,2733,2721]}","{""name"":""not_defined"",""type"":""unknown"",""image_quality"":{""good"":true,""frontal"":true,""good_illumination"":true}}"
9.png,66060342,"{""caption"":"""",""public_domain"":""no"",""image_url"":""""}",2245,512,"{""name"":""polygon"",""all_points_x"":[3542,3534,3525,3507,3498,3503,3514,3524,3533,3545],""all_points_y"":[2701,2717,2734,2761,2776,2777,2755,2745,2730,2703]}","{""name"":""not_defined"",""type"":""unknown"",""image_quality"":{""good"":true,""frontal"":true,""good_illumination"":true}}"
9.png,66060342,"{""caption"":"""",""public_domain"":""no"",""image_url"":""""}",2245,513,"{""name"":""polygon"",""all_points_x"":[2889,2876,2870,2862,2861,2863,2874,2884,2885,2888,2882,2871,2865,2863,2868,2878,2887,2891],""all_points_y"":[2699,2716,2732,2752,2767,2784,2792,2797,2797,2794,2789,2785,2779,2758,2743,2722,2707,2704]}","{""name"":""not_defined"",""type"":""unknown"",""image_quality"":{""good"":true,""frontal"":true,""good_illumination"":true}}"
9.png,66060342,"{""caption"":"""",""public_domain"":""no"",""image_url"":""""}",2245,514,"{""name"":""polygon"",""all_points_x"":[2736,2736,2744,2754,2756,2746],""all_points_y"":[2759,2763,2777,2807,2806,2776]}","{""name"":""not_defined"",""type"":""unknown"",""image_quality"":{""good"":true,""frontal"":true,""good_illumination"":true}}"
9.png,66060342,"{""caption"":"""",""public_domain"":""no"",""image_url"":""""}",2245,515,"{""name"":""polygon"",""all_points_x"":[2688,2626,2629,2691],""all_points_y"":[2615,2659,2663,2617]}","{""name"":""not_defined"",""type"":""unknown"",""image_quality"":{""good"":true,""frontal"":true,""good_illumination"":true}}"
9.png,66060342,"{""caption"":"""",""public_domain"":""no"",""image_url"":""""}",2245,516,"{""name"":""polygon"",""all_points_x"":[2888,2887,2888,2891,2891],""all_points_y"":[2550,2616,2633,2633,2557]}","{""name"":""not_defined"",""type"":""unknown"",""image_quality"":{""good"":true,""frontal"":true,""good_illumination"":true}}"
9.png,66060342,"{""caption"":"""",""public_domain"":""no"",""image_url"":""""}",2245,517,"{""name"":""polygon"",""all_points_x"":[2975,2974,2975,2978],""all_points_y"":[2556,2556,2617,2616]}","{""name"":""not_defined"",""type"":""unknown"",""image_quality"":{""good"":true,""frontal"":true,""good_illumination"":true}}"
9.png,66060342,"{""caption"":"""",""public_domain"":""no"",""image_url"":""""}",2245,518,"{""name"":""polygon"",""all_points_x"":[2870,2865,2886,2902,2903,2887,2879],""all_points_y"":[697,703,737,757,756,732,717]}","{""name"":""not_defined"",""type"":""unknown"",""image_quality"":{""good"":true,""frontal"":true,""good_illumination"":true}}"
9.png,66060342,"{""caption"":"""",""public_domain"":""no"",""image_url"":""""}",2245,519,"{""name"":""polygon"",""all_points_x"":[2754,2751,2760,2778,2779],""all_points_y"":[744,749,767,795,792]}","{""name"":""not_defined"",""type"":""unknown"",""image_quality"":{""good"":true,""frontal"":true,""good_illumination"":true}}"
9.png,66060342,"{""caption"":"""",""public_domain"":""no"",""image_url"":""""}",2245,520,"{""name"":""polygon"",""all_points_x"":[2829,2828,2835,2852,2870,2872,2872,2855],""all_points_y"":[854,856,860,873,883,883,879,871]}","{""name"":""not_defined"",""type"":""unknown"",""image_quality"":{""good"":true,""frontal"":true,""good_illumination"":true}}"
9.png,66060342,"{""caption"":"""",""public_domain"":""no"",""image_url"":""""}",2245,521,"{""name"":""polygon"",""all_points_x"":[2934,2928,2937,2953,2966,2971,2962,2947],""all_points_y"":[868,873,908,960,1026,1027,975,922]}","{""name"":""not_defined"",""type"":""unknown"",""image_quality"":{""good"":true,""frontal"":true,""good_illumination"":true}}"
9.png,66060342,"{""caption"":"""",""public_domain"":""no"",""image_url"":""""}",2245,522,"{""name"":""polygon"",""all_points_x"":[2673,2672,2684,2702,2701,2677],""all_points_y"":[607,609,617,631,627,607]}","{""name"":""not_defined"",""type"":""unknown"",""image_quality"":{""good"":true,""frontal"":true,""good_illumination"":true}}"
9.png,66060342,"{""caption"":"""",""public_domain"":""no"",""image_url"":""""}",2245,523,"{""name"":""polygon"",""all_points_x"":[2780,2778,2791,2805,2805],""all_points_y"":[459,461,471,481,475]}","{""name"":""not_defined"",""type"":""unknown"",""image_quality"":{""good"":true,""frontal"":true,""good_illumination"":true}}"
9.png,66060342,"{""caption"":"""",""public_domain"":""no"",""image_url"":""""}",2245,524,"{""name"":""polygon"",""all_points_x"":[2834,2832,2844,2865,2874,2882,2882,2867,2863],""all_points_y"":[491,494,503,521,530,537,535,520,515]}","{""name"":""not_defined"",""type"":""unknown"",""image_quality"":{""good"":true,""frontal"":true,""good_illumination"":true}}"
9.png,66060342,"{""caption"":"""",""public_domain"":""no"",""image_url"":""""}",2245,525,"{""name"":""polygon"",""all_points_x"":[2916,2912,2920,2934,2948,2971,2973,2954,2936,2923,2921],""all_points_y"":[493,496,517,548,577,617,616,579,546,515,509]}","{""name"":""not_defined"",""type"":""unknown"",""image_quality"":{""good"":true,""frontal"":true,""good_illumination"":true}}"
9.png,66060342,"{""caption"":"""",""public_domain"":""no"",""image_url"":""""}",2245,526,"{""name"":""polygon"",""all_points_x"":[2897,2895,2902,2914,2916,2909],""all_points_y"":[465,465,483,514,513,493]}","{""name"":""not_defined"",""type"":""unknown"",""image_quality"":{""good"":true,""frontal"":true,""good_illumination"":true}}"
9.png,66060342,"{""caption"":"""",""public_domain"":""no"",""image_url"":""""}",2245,527,"{""name"":""polygon"",""all_points_x"":[2978,2976,2985,2990,2997,3011,3011,3008,3002,2993,2993,2989,2982],""all_points_y"":[466,470,475,485,498,515,512,505,499,485,481,475,471]}","{""name"":""not_defined"",""type"":""unknown"",""image_quality"":{""good"":true,""frontal"":true,""good_illumination"":true}}"
9.png,66060342,"{""caption"":"""",""public_domain"":""no"",""image_url"":""""}",2245,528,"{""name"":""polygon"",""all_points_x"":[3006,3001,3010,3020,3025,3015],""all_points_y"":[464,466,476,486,488,476]}","{""name"":""not_defined"",""type"":""unknown"",""image_quality"":{""good"":true,""frontal"":true,""good_illumination"":true}}"
9.png,66060342,"{""caption"":"""",""public_domain"":""no"",""image_url"":""""}",2245,529,"{""name"":""polygon"",""all_points_x"":[2946,2944,2947,2948],""all_points_y"":[647,647,658,658]}","{""name"":""not_defined"",""type"":""unknown"",""image_quality"":{""good"":true,""frontal"":true,""good_illumination"":true}}"
9.png,66060342,"{""caption"":"""",""public_domain"":""no"",""image_url"":""""}",2245,530,"{""name"":""polygon"",""all_points_x"":[2952,2949,2953,2954],""all_points_y"":[664,666,676,675]}","{""name"":""not_defined"",""type"":""unknown"",""image_quality"":{""good"":true,""frontal"":true,""good_illumination"":true}}"
9.png,66060342,"{""caption"":"""",""public_domain"":""no"",""image_url"":""""}",2245,531,"{""name"":""polygon"",""all_points_x"":[2957,2959,2946,2944],""all_points_y"":[703,701,667,667]}","{""name"":""not_defined"",""type"":""unknown"",""image_quality"":{""good"":true,""frontal"":true,""good_illumination"":true}}"
9.png,66060342,"{""caption"":"""",""public_domain"":""no"",""image_url"":""""}",2245,532,"{""name"":""polygon"",""all_points_x"":[2929,2928,2931,2936],""all_points_y"":[649,656,694,695]}","{""name"":""not_defined"",""type"":""unknown"",""image_quality"":{""good"":true,""frontal"":true,""good_illumination"":true}}"
9.png,66060342,"{""caption"":"""",""public_domain"":""no"",""image_url"":""""}",2245,533,"{""name"":""polygon"",""all_points_x"":[2727,2725,2741,2752,2759,2759,2747],""all_points_y"":[806,811,837,854,864,856,841]}","{""name"":""not_defined"",""type"":""unknown"",""image_quality"":{""good"":true,""frontal"":true,""good_illumination"":true}}"
9.png,66060342,"{""caption"":"""",""public_domain"":""no"",""image_url"":""""}",2245,534,"{""name"":""polygon"",""all_points_x"":[2748,2745,2754,2762,2766,2771,2781,2792,2793,2793,2778,2771,2768],""all_points_y"":[909,913,920,929,936,940,947,956,955,952,937,934,929]}","{""name"":""not_defined"",""type"":""unknown"",""image_quality"":{""good"":true,""frontal"":true,""good_illumination"":true}}"
9.png,66060342,"{""caption"":"""",""public_domain"":""no"",""image_url"":""""}",2245,535,"{""name"":""polygon"",""all_points_x"":[2779,2777,2782,2785],""all_points_y"":[885,890,896,894]}","{""name"":""not_defined"",""type"":""unknown"",""image_quality"":{""good"":true,""frontal"":true,""good_illumination"":true}}"
9.png,66060342,"{""caption"":"""",""public_domain"":""no"",""image_url"":""""}",2245,536,"{""name"":""polygon"",""all_points_x"":[2798,2790,2812,2836,2843,2847,2835],""all_points_y"":[910,910,940,979,990,987,970]}","{""name"":""not_defined"",""type"":""unknown"",""image_quality"":{""good"":true,""frontal"":true,""good_illumination"":true}}"
9.png,66060342,"{""caption"":"""",""public_domain"":""no"",""image_url"":""""}",2245,537,"{""name"":""polygon"",""all_points_x"":[2831,2828,2828,2832,2845,2848,2847,2838,2836,2830],""all_points_y"":[866,867,879,887,942,942,931,899,890,878]}","{""name"":""not_defined"",""type"":""unknown"",""image_quality"":{""good"":true,""frontal"":true,""good_illumination"":true}}"
9.png,66060342,"{""caption"":"""",""public_domain"":""no"",""image_url"":""""}",2245,538,"{""name"":""polygon"",""all_points_x"":[2916,2914,2917,2922,2932,2936,2944,2944,2937,2926],""all_points_y"":[879,885,892,916,936,945,953,950,940,914]}","{""name"":""not_defined"",""type"":""unknown"",""image_quality"":{""good"":true,""frontal"":true,""good_illumination"":true}}"
9.png,66060342,"{""caption"":"""",""public_domain"":""no"",""image_url"":""""}",2245,539,"{""name"":""polygon"",""all_points_x"":[2916,2912,2919,2922],""all_points_y"":[777,779,825,825]}","{""name"":""not_defined"",""type"":""unknown"",""image_quality"":{""good"":true,""frontal"":true,""good_illumination"":true}}"
9.png,66060342,"{""caption"":"""",""public_domain"":""no"",""image_url"":""""}",2245,540,"{""name"":""polygon"",""all_points_x"":[2894,2890,2896,2899,2904,2913,2915,2915,2906,2903],""all_points_y"":[768,768,779,785,799,812,812,809,797,790]}","{""name"":""not_defined"",""type"":""unknown"",""image_quality"":{""good"":true,""frontal"":true,""good_illumination"":true}}"
9.png,66060342,"{""caption"":"""",""public_domain"":""no"",""image_url"":""""}",2245,541,"{""name"":""polygon"",""all_points_x"":[2869,2864,2877,2892,2906,2910,2911],""all_points_y"":[1019,1022,1041,1064,1088,1088,1085]}","{""name"":""not_defined"",""type"":""unknown"",""image_quality"":{""good"":true,""frontal"":true,""good_illumination"":true}}"
9.png,66060342,"{""caption"":"""",""public_domain"":""no"",""image_url"":""""}",2245,542,"{""name"":""polygon"",""all_points_x"":[2931,2927,2925,2929,2934],""all_points_y"":[1064,1076,1094,1095,1067]}","{""name"":""not_defined"",""type"":""unknown"",""image_quality"":{""good"":true,""frontal"":true,""good_illumination"":true}}"
9.png,66060342,"{""caption"":"""",""public_domain"":""no"",""image_url"":""""}",2245,543,"{""name"":""polygon"",""all_points_x"":[2825,2815,2817,2828],""all_points_y"":[1029,1067,1067,1031]}","{""name"":""not_defined"",""type"":""unknown"",""image_quality"":{""good"":true,""frontal"":true,""good_illumination"":true}}"
9.png,66060342,"{""caption"":"""",""public_domain"":""no"",""image_url"":""""}",2245,544,"{""name"":""polygon"",""all_points_x"":[2990,2982,2980,2988,3000,3010,3027,3028,3025,3003,2996],""all_points_y"":[977,972,974,984,1021,1049,1097,1095,1079,1017,988]}","{""name"":""not_defined"",""type"":""unknown"",""image_quality"":{""good"":true,""frontal"":true,""good_illumination"":true}}"
9.png,66060342,"{""caption"":"""",""public_domain"":""no"",""image_url"":""""}",2245,545,"{""name"":""polygon"",""all_points_x"":[2680,2678,2686,2697,2714,2716,2687],""all_points_y"":[1078,1086,1106,1148,1207,1207,1096]}","{""name"":""not_defined"",""type"":""unknown"",""image_quality"":{""good"":true,""frontal"":true,""good_illumination"":true}}"
9.png,66060342,"{""caption"":"""",""public_domain"":""no"",""image_url"":""""}",2245,546,"{""name"":""polygon"",""all_points_x"":[2734,2731,2731,2731,2730,2734,2736,2735],""all_points_y"":[1095,1094,1128,1160,1230,1229,1165,1125]}","{""name"":""not_defined"",""type"":""unknown"",""image_quality"":{""good"":true,""frontal"":true,""good_illumination"":true}}"
9.png,66060342,"{""caption"":"""",""public_domain"":""no"",""image_url"":""""}",2245,547,"{""name"":""polygon"",""all_points_x"":[2758,2761,2776,2782,2801,2833,2852,2852,2789,2775],""all_points_y"":[1140,1145,1148,1151,1161,1176,1186,1182,1150,1143]}","{""name"":""not_defined"",""type"":""unknown"",""image_quality"":{""good"":true,""frontal"":true,""good_illumination"":true}}"
9.png,66060342,"{""caption"":"""",""public_domain"":""no"",""image_url"":""""}",2245,548,"{""name"":""polygon"",""all_points_x"":[2620,2617,2622,2627,2629,2623],""all_points_y"":[1042,1042,1090,1112,1111,1083]}","{""name"":""not_defined"",""type"":""unknown"",""image_quality"":{""good"":true,""frontal"":true,""good_illumination"":true}}"
9.png,66060342,"{""caption"":"""",""public_domain"":""no"",""image_url"":""""}",2245,549,"{""name"":""polygon"",""all_points_x"":[2555,2552,2554,2553,2555,2555,2558,2558,2555],""all_points_y"":[1128,1128,1173,1193,1227,1254,1254,1199,1184]}","{""name"":""not_defined"",""type"":""unknown"",""image_quality"":{""good"":true,""frontal"":true,""good_illumination"":true}}"
9.png,66060342,"{""caption"":"""",""public_domain"":""no"",""image_url"":""""}",2245,550,"{""name"":""polygon"",""all_points_x"":[2483,2482,2489,2495,2506,2513,2514,2506],""all_points_y"":[1074,1079,1081,1086,1097,1098,1094,1092]}","{""name"":""not_defined"",""type"":""unknown"",""image_quality"":{""good"":true,""frontal"":true,""good_illumination"":true}}"
9.png,66060342,"{""caption"":"""",""public_domain"":""no"",""image_url"":""""}",2245,551,"{""name"":""polygon"",""all_points_x"":[2378,2376,2379,2384,2404,2405,2385],""all_points_y"":[1152,1157,1159,1158,1172,1168,1156]}","{""name"":""not_defined"",""type"":""unknown"",""image_quality"":{""good"":true,""frontal"":true,""good_illumination"":true}}"
9.png,66060342,"{""caption"":"""",""public_domain"":""no"",""image_url"":""""}",2245,552,"{""name"":""polygon"",""all_points_x"":[2620,2617,2638,2648,2650],""all_points_y"":[1240,1242,1292,1311,1310]}","{""name"":""not_defined"",""type"":""unknown"",""image_quality"":{""good"":true,""frontal"":true,""good_illumination"":true}}"
9.png,66060342,"{""caption"":"""",""public_domain"":""no"",""image_url"":""""}",2245,553,"{""name"":""polygon"",""all_points_x"":[2583,2583,2599,2625,2627],""all_points_y"":[1346,1349,1343,1335,1331]}","{""name"":""not_defined"",""type"":""unknown"",""image_quality"":{""good"":true,""frontal"":true,""good_illumination"":true}}"
9.png,66060342,"{""caption"":"""",""public_domain"":""no"",""image_url"":""""}",2245,554,"{""name"":""polygon"",""all_points_x"":[2630,2627,2631,2643,2649,2652],""all_points_y"":[1341,1341,1348,1365,1372,1371]}","{""name"":""not_defined"",""type"":""unknown"",""image_quality"":{""good"":true,""frontal"":true,""good_illumination"":true}}"
9.png,66060342,"{""caption"":"""",""public_domain"":""no"",""image_url"":""""}",2245,555,"{""name"":""polygon"",""all_points_x"":[2649,2647,2652,2656,2662,2664],""all_points_y"":[1326,1329,1336,1348,1356,1356]}","{""name"":""not_defined"",""type"":""unknown"",""image_quality"":{""good"":true,""frontal"":true,""good_illumination"":true}}"
9.png,66060342,"{""caption"":"""",""public_domain"":""no"",""image_url"":""""}",2245,556,"{""name"":""polygon"",""all_points_x"":[2669,2667,2671,2679,2679],""all_points_y"":[1367,1368,1377,1384,1384]}","{""name"":""not_defined"",""type"":""unknown"",""image_quality"":{""good"":true,""frontal"":true,""good_illumination"":true}}"
9.png,66060342,"{""caption"":"""",""public_domain"":""no"",""image_url"":""""}",2245,557,"{""name"":""polygon"",""all_points_x"":[2782,2778,2785,2790,2804,2824,2838,2843,2848,2862,2865,2870,2870,2859,2846,2837,2834,2825,2801,2798,2791],""all_points_y"":[1202,1205,1209,1211,1215,1221,1228,1228,1231,1239,1241,1243,1242,1234,1226,1226,1222,1217,1212,1211,1210]}","{""name"":""not_defined"",""type"":""unknown"",""image_quality"":{""good"":true,""frontal"":true,""good_illumination"":true}}"
9.png,66060342,"{""caption"":"""",""public_domain"":""no"",""image_url"":""""}",2245,558,"{""name"":""polygon"",""all_points_x"":[2651,2649,2656,2662,2665,2675,2679,2662,2662],""all_points_y"":[1239,1240,1258,1281,1292,1328,1328,1268,1262]}","{""name"":""not_defined"",""type"":""unknown"",""image_quality"":{""good"":true,""frontal"":true,""good_illumination"":true}}"
9.png,66060342,"{""caption"":"""",""public_domain"":""no"",""image_url"":""""}",2245,559,"{""name"":""polygon"",""all_points_x"":[2412,2414,2425,2440,2449,2452,2454,2443,2427],""all_points_y"":[1299,1308,1328,1355,1374,1373,1372,1349,1323]}","{""name"":""not_defined"",""type"":""unknown"",""image_quality"":{""good"":true,""frontal"":true,""good_illumination"":true}}"
9.png,66060342,"{""caption"":"""",""public_domain"":""no"",""image_url"":""""}",2245,560,"{""name"":""polygon"",""all_points_x"":[2521,2518,2517,2518,2519,2529,2533,2524,2521],""all_points_y"":[1325,1325,1362,1392,1396,1443,1442,1396,1376]}","{""name"":""not_defined"",""type"":""unknown"",""image_quality"":{""good"":true,""frontal"":true,""good_illumination"":true}}"
9.png,66060342,"{""caption"":"""",""public_domain"":""no"",""image_url"":""""}",2245,561,"{""name"":""polygon"",""all_points_x"":[2804,2805,2814,2824,2853,2890,2916,2916,2903,2879,2850,2825],""all_points_y"":[1368,1375,1372,1370,1366,1363,1358,1355,1357,1362,1363,1368]}","{""name"":""not_defined"",""type"":""unknown"",""image_quality"":{""good"":true,""frontal"":true,""good_illumination"":true}}"
9.png,66060342,"{""caption"":"""",""public_domain"":""no"",""image_url"":""""}",2245,562,"{""name"":""polygon"",""all_points_x"":[2707,2704,2713,2717,2733,2734,2737,2734,2721],""all_points_y"":[1265,1266,1277,1284,1321,1326,1326,1314,1283]}","{""name"":""not_defined"",""type"":""unknown"",""image_quality"":{""good"":true,""frontal"":true,""good_illumination"":true}}"
9.png,66060342,"{""caption"":"""",""public_domain"":""no"",""image_url"":""""}",2245,563,"{""name"":""polygon"",""all_points_x"":[2686,2685,2689,2701,2711,2724,2734,2745,2746,2709,2698,2692],""all_points_y"":[1284,1286,1296,1306,1315,1329,1340,1352,1348,1305,1298,1294]}","{""name"":""not_defined"",""type"":""unknown"",""image_quality"":{""good"":true,""frontal"":true,""good_illumination"":true}}"
9.png,66060342,"{""caption"":"""",""public_domain"":""no"",""image_url"":""""}",2245,564,"{""name"":""polygon"",""all_points_x"":[2684,2680,2685,2695,2706,2712,2716],""all_points_y"":[1338,1340,1349,1370,1390,1402,1402]}","{""name"":""not_defined"",""type"":""unknown"",""image_quality"":{""good"":true,""frontal"":true,""good_illumination"":true}}"
9.png,66060342,"{""caption"":"""",""public_domain"":""no"",""image_url"":""""}",2245,565,"{""name"":""polygon"",""all_points_x"":[2859,2854,2861,2864,2868,2872,2877,2867,2866],""all_points_y"":[1289,1293,1303,1323,1345,1362,1360,1330,1312]}","{""name"":""not_defined"",""type"":""unknown"",""image_quality"":{""good"":true,""frontal"":true,""good_illumination"":true}}"
9.png,66060342,"{""caption"":"""",""public_domain"":""no"",""image_url"":""""}",2245,566,"{""name"":""polygon"",""all_points_x"":[2876,2879,2877,2874],""all_points_y"":[1377,1376,1367,1367]}","{""name"":""not_defined"",""type"":""unknown"",""image_quality"":{""good"":true,""frontal"":true,""good_illumination"":true}}"
9.png,66060342,"{""caption"":"""",""public_domain"":""no"",""image_url"":""""}",2245,567,"{""name"":""polygon"",""all_points_x"":[2851,2848,2855,2860,2872,2878,2879],""all_points_y"":[1383,1385,1398,1409,1431,1441,1439]}","{""name"":""not_defined"",""type"":""unknown"",""image_quality"":{""good"":true,""frontal"":true,""good_illumination"":true}}"
9.png,66060342,"{""caption"":"""",""public_domain"":""no"",""image_url"":""""}",2245,568,"{""name"":""polygon"",""all_points_x"":[2922,2919,2936,2939,2939],""all_points_y"":[1291,1292,1341,1340,1333]}","{""name"":""not_defined"",""type"":""unknown"",""image_quality"":{""good"":true,""frontal"":true,""good_illumination"":true}}"
9.png,66060342,"{""caption"":"""",""public_domain"":""no"",""image_url"":""""}",2245,569,"{""name"":""polygon"",""all_points_x"":[2956,2953,2968,3039,3042,3041,3025],""all_points_y"":[1229,1234,1256,1349,1348,1343,1323]}","{""name"":""not_defined"",""type"":""unknown"",""image_quality"":{""good"":true,""frontal"":true,""good_illumination"":true}}"
9.png,66060342,"{""caption"":"""",""public_domain"":""no"",""image_url"":""""}",2245,570,"{""name"":""polygon"",""all_points_x"":[2996,2993,3007,3010,3008,3002],""all_points_y"":[1202,1205,1227,1226,1221,1215]}","{""name"":""not_defined"",""type"":""unknown"",""image_quality"":{""good"":true,""frontal"":true,""good_illumination"":true}}"
9.png,66060342,"{""caption"":"""",""public_domain"":""no"",""image_url"":""""}",2245,571,"{""name"":""polygon"",""all_points_x"":[3045,3042,3047,3066,3069,3069,3061,3047],""all_points_y"":[1215,1217,1227,1260,1259,1256,1247,1221]}","{""name"":""not_defined"",""type"":""unknown"",""image_quality"":{""good"":true,""frontal"":true,""good_illumination"":true}}"
9.png,66060342,"{""caption"":"""",""public_domain"":""no"",""image_url"":""""}",2245,572,"{""name"":""polygon"",""all_points_x"":[3083,3079,3082,3101,3122,3146,3149,3148,3147,3131,3104,3096,3092],""all_points_y"":[1229,1229,1236,1254,1274,1299,1302,1299,1297,1280,1250,1244,1242]}","{""name"":""not_defined"",""type"":""unknown"",""image_quality"":{""good"":true,""frontal"":true,""good_illumination"":true}}"
9.png,66060342,"{""caption"":"""",""public_domain"":""no"",""image_url"":""""}",2245,573,"{""name"":""polygon"",""all_points_x"":[3047,3045,3052,3062,3069,3074,3087,3103,3114,3116,3109,3102,3091,3075,3072,3058],""all_points_y"":[1245,1247,1251,1261,1268,1276,1299,1328,1352,1350,1334,1316,1298,1271,1265,1254]}","{""name"":""not_defined"",""type"":""unknown"",""image_quality"":{""good"":true,""frontal"":true,""good_illumination"":true}}"
9.png,66060342,"{""caption"":"""",""public_domain"":""no"",""image_url"":""""}",2245,574,"{""name"":""polygon"",""all_points_x"":[2708,2705,2738,2740],""all_points_y"":[1324,1326,1369,1368]}","{""name"":""not_defined"",""type"":""unknown"",""image_quality"":{""good"":true,""frontal"":true,""good_illumination"":true}}"
9.png,66060342,"{""caption"":"""",""public_domain"":""no"",""image_url"":""""}",2245,575,"{""name"":""polygon"",""all_points_x"":[2769,2765,2789,2800,2803],""all_points_y"":[1385,1387,1431,1449,1449]}","{""name"":""not_defined"",""type"":""unknown"",""image_quality"":{""good"":true,""frontal"":true,""good_illumination"":true}}"
9.png,66060342,"{""caption"":"""",""public_domain"":""no"",""image_url"":""""}",2245,576,"{""name"":""polygon"",""all_points_x"":[2904,2900,2869,2832,2803,2808,2832,2867],""all_points_y"":[1580,1582,1519,1437,1378,1378,1431,1506]}","{""name"":""not_defined"",""type"":""unknown"",""image_quality"":{""good"":true,""frontal"":true,""good_illumination"":true}}"
9.png,66060342,"{""caption"":"""",""public_domain"":""no"",""image_url"":""""}",2245,577,"{""name"":""polygon"",""all_points_x"":[2903,2901,2892,2880,2859,2846,2820,2822,2834,2859,2872,2890],""all_points_y"":[1555,1556,1526,1493,1447,1428,1394,1393,1410,1443,1467,1509]}","{""name"":""not_defined"",""type"":""unknown"",""image_quality"":{""good"":true,""frontal"":true,""good_illumination"":true}}"
9.png,66060342,"{""caption"":"""",""public_domain"":""no"",""image_url"":""""}",2245,578,"{""name"":""polygon"",""all_points_x"":[2729,2727,2740,2773,2820,2826,2831,2818,2801],""all_points_y"":[1446,1447,1467,1515,1587,1599,1599,1578,1550]}","{""name"":""not_defined"",""type"":""unknown"",""image_quality"":{""good"":true,""frontal"":true,""good_illumination"":true}}"
9.png,66060342,"{""caption"":"""",""public_domain"":""no"",""image_url"":""""}",2245,579,"{""name"":""polygon"",""all_points_x"":[2759,2755,2780,2815,2840,2862,2862,2830,2806,2773],""all_points_y"":[1475,1478,1522,1570,1598,1620,1618,1579,1554,1501]}","{""name"":""not_defined"",""type"":""unknown"",""image_quality"":{""good"":true,""frontal"":true,""good_illumination"":true}}"
9.png,66060342,"{""caption"":"""",""public_domain"":""no"",""image_url"":""""}",2245,580,"{""name"":""polygon"",""all_points_x"":[2556,2551,2550,2553,2566,2575,2578,2596,2601,2604,2603,2583,2577,2570,2553],""all_points_y"":[1420,1420,1464,1479,1524,1562,1577,1617,1628,1629,1614,1575,1544,1523,1465]}","{""name"":""not_defined"",""type"":""unknown"",""image_quality"":{""good"":true,""frontal"":true,""good_illumination"":true}}"
9.png,66060342,"{""caption"":"""",""public_domain"":""no"",""image_url"":""""}",2245,581,"{""name"":""polygon"",""all_points_x"":[2635,2632,2620,2612,2607,2592,2594,2608,2615,2620,2628],""all_points_y"":[1607,1609,1497,1436,1400,1359,1358,1392,1436,1468,1542]}","{""name"":""not_defined"",""type"":""unknown"",""image_quality"":{""good"":true,""frontal"":true,""good_illumination"":true}}"
9.png,66060342,"{""caption"":"""",""public_domain"":""no"",""image_url"":""""}",2245,582,"{""name"":""polygon"",""all_points_x"":[2649,2646,2640,2632,2627,2628,2643],""all_points_y"":[1604,1604,1563,1516,1484,1481,1551]}","{""name"":""not_defined"",""type"":""unknown"",""image_quality"":{""good"":true,""frontal"":true,""good_illumination"":true}}"
9.png,66060342,"{""caption"":"""",""public_domain"":""no"",""image_url"":""""}",2245,583,"{""name"":""polygon"",""all_points_x"":[2579,2581,2572,2551,2539,2535,2551,2565],""all_points_y"":[1605,1605,1586,1546,1509,1508,1555,1582]}","{""name"":""not_defined"",""type"":""unknown"",""image_quality"":{""good"":true,""frontal"":true,""good_illumination"":true}}"
9.png,66060342,"{""caption"":"""",""public_domain"":""no"",""image_url"":""""}",2245,584,"{""name"":""polygon"",""all_points_x"":[2489,2489,2519,2533,2583,2615,2660,2661,2603,2562,2521],""all_points_y"":[1506,1510,1562,1584,1654,1694,1748,1745,1671,1617,1557]}","{""name"":""not_defined"",""type"":""unknown"",""image_quality"":{""good"":true,""frontal"":true,""good_illumination"":true}}"
9.png,66060342,"{""caption"":"""",""public_domain"":""no"",""image_url"":""""}",2245,585,"{""name"":""polygon"",""all_points_x"":[2593,2628,2624,2594,2581,2570,2571],""all_points_y"":[1553,1597,1599,1558,1533,1507,1506]}","{""name"":""not_defined"",""type"":""unknown"",""image_quality"":{""good"":true,""frontal"":true,""good_illumination"":true}}"
9.png,66060342,"{""caption"":"""",""public_domain"":""no"",""image_url"":""""}",2245,586,"{""name"":""polygon"",""all_points_x"":[2457,2460,2453,2441,2418,2415,2430,2444,2448],""all_points_y"":[1476,1476,1443,1387,1318,1321,1368,1414,1441]}","{""name"":""not_defined"",""type"":""unknown"",""image_quality"":{""good"":true,""frontal"":true,""good_illumination"":true}}"
9.png,66060342,"{""caption"":"""",""public_domain"":""no"",""image_url"":""""}",2245,587,"{""name"":""polygon"",""all_points_x"":[2410,2407,2395,2381,2365,2364,2353,2358,2371],""all_points_y"":[1433,1436,1407,1368,1327,1318,1291,1290,1331]}","{""name"":""not_defined"",""type"":""unknown"",""image_quality"":{""good"":true,""frontal"":true,""good_illumination"":true}}"
9.png,66060342,"{""caption"":"""",""public_domain"":""no"",""image_url"":""""}",2245,588,"{""name"":""polygon"",""all_points_x"":[2299,2297,2303,2321,2337,2350,2370,2372,2349,2339],""all_points_y"":[1255,1255,1268,1304,1331,1355,1396,1393,1342,1331]}","{""name"":""not_defined"",""type"":""unknown"",""image_quality"":{""good"":true,""frontal"":true,""good_illumination"":true}}"
9.png,66060342,"{""caption"":"""",""public_domain"":""no"",""image_url"":""""}",2245,589,"{""name"":""polygon"",""all_points_x"":[2257,2255,2276,2276,2286,2304,2304,2286,2280,2272],""all_points_y"":[1330,1332,1349,1355,1362,1377,1374,1355,1354,1343]}","{""name"":""not_defined"",""type"":""unknown"",""image_quality"":{""good"":true,""frontal"":true,""good_illumination"":true}}"
9.png,66060342,"{""caption"":"""",""public_domain"":""no"",""image_url"":""""}",2245,590,"{""name"":""polygon"",""all_points_x"":[2263,2260,2276,2279],""all_points_y"":[1361,1362,1383,1380]}","{""name"":""not_defined"",""type"":""unknown"",""image_quality"":{""good"":true,""frontal"":true,""good_illumination"":true}}"
9.png,66060342,"{""caption"":"""",""public_domain"":""no"",""image_url"":""""}",2245,591,"{""name"":""polygon"",""all_points_x"":[2286,2281,2252,2244,2229,2229,2229,2231,2242,2264],""all_points_y"":[1418,1420,1380,1370,1352,1348,1346,1346,1361,1388]}","{""name"":""not_defined"",""type"":""unknown"",""image_quality"":{""good"":true,""frontal"":true,""good_illumination"":true}}"
9.png,66060342,"{""caption"":"""",""public_domain"":""no"",""image_url"":""""}",2245,592,"{""name"":""polygon"",""all_points_x"":[2276,2273,2250,2224,2223,2213,2218,2230],""all_points_y"":[1436,1441,1412,1383,1379,1355,1355,1382]}","{""name"":""not_defined"",""type"":""unknown"",""image_quality"":{""good"":true,""frontal"":true,""good_illumination"":true}}"
9.png,66060342,"{""caption"":"""",""public_domain"":""no"",""image_url"":""""}",2245,593,"{""name"":""polygon"",""all_points_x"":[2425,2426,2433,2430],""all_points_y"":[1460,1460,1508,1509]}","{""name"":""not_defined"",""type"":""unknown"",""image_quality"":{""good"":true,""frontal"":true,""good_illumination"":true}}"
9.png,66060342,"{""caption"":"""",""public_domain"":""no"",""image_url"":""""}",2245,594,"{""name"":""polygon"",""all_points_x"":[2399,2396,2400,2428,2435,2440,2444,2444,2438,2427,2423],""all_points_y"":[1431,1432,1439,1460,1466,1470,1471,1467,1460,1454,1451]}","{""name"":""not_defined"",""type"":""unknown"",""image_quality"":{""good"":true,""frontal"":true,""good_illumination"":true}}"
9.png,66060342,"{""caption"":"""",""public_domain"":""no"",""image_url"":""""}",2245,595,"{""name"":""polygon"",""all_points_x"":[2412,2413,2401,2398],""all_points_y"":[1485,1484,1448,1452]}","{""name"":""not_defined"",""type"":""unknown"",""image_quality"":{""good"":true,""frontal"":true,""good_illumination"":true}}"
9.png,66060342,"{""caption"":"""",""public_domain"":""no"",""image_url"":""""}",2245,596,"{""name"":""polygon"",""all_points_x"":[2187,2184,2208,2213,2213,2205],""all_points_y"":[1441,1445,1455,1455,1451,1449]}","{""name"":""not_defined"",""type"":""unknown"",""image_quality"":{""good"":true,""frontal"":true,""good_illumination"":true}}"
9.png,66060342,"{""caption"":"""",""public_domain"":""no"",""image_url"":""""}",2245,597,"{""name"":""polygon"",""all_points_x"":[2232,2233,2244,2248,2260,2264,2247,2239],""all_points_y"":[1458,1463,1464,1467,1478,1476,1463,1462]}","{""name"":""not_defined"",""type"":""unknown"",""image_quality"":{""good"":true,""frontal"":true,""good_illumination"":true}}"
9.png,66060342,"{""caption"":"""",""public_domain"":""no"",""image_url"":""""}",2245,598,"{""name"":""polygon"",""all_points_x"":[2242,2242,2245,2245],""all_points_y"":[1452,1458,1459,1452]}","{""name"":""not_defined"",""type"":""unknown"",""image_quality"":{""good"":true,""frontal"":true,""good_illumination"":true}}"
9.png,66060342,"{""caption"":"""",""public_domain"":""no"",""image_url"":""""}",2245,599,"{""name"":""polygon"",""all_points_x"":[2244,2246,2245,2244],""all_points_y"":[1481,1482,1467,1468]}","{""name"":""not_defined"",""type"":""unknown"",""image_quality"":{""good"":true,""frontal"":true,""good_illumination"":true}}"
9.png,66060342,"{""caption"":"""",""public_domain"":""no"",""image_url"":""""}",2245,600,"{""name"":""polygon"",""all_points_x"":[2173,2170,2177,2183,2193,2197,2198,2188,2180],""all_points_y"":[1407,1412,1419,1422,1424,1425,1422,1420,1415]}","{""name"":""not_defined"",""type"":""unknown"",""image_quality"":{""good"":true,""frontal"":true,""good_illumination"":true}}"
9.png,66060342,"{""caption"":"""",""public_domain"":""no"",""image_url"":""""}",2245,601,"{""name"":""polygon"",""all_points_x"":[2164,2160,2175,2188,2201,2208,2211,2192,2188,2187,2178,2173],""all_points_y"":[1456,1460,1472,1486,1503,1509,1510,1487,1480,1476,1469,1464]}","{""name"":""not_defined"",""type"":""unknown"",""image_quality"":{""good"":true,""frontal"":true,""good_illumination"":true}}"
9.png,66060342,"{""caption"":"""",""public_domain"":""no"",""image_url"":""""}",2245,602,"{""name"":""polygon"",""all_points_x"":[2146,2143,2155,2162,2178,2183,2171],""all_points_y"":[1540,1545,1556,1561,1572,1568,1563]}","{""name"":""not_defined"",""type"":""unknown"",""image_quality"":{""good"":true,""frontal"":true,""good_illumination"":true}}"
9.png,66060342,"{""caption"":"""",""public_domain"":""no"",""image_url"":""""}",2245,603,"{""name"":""polygon"",""all_points_x"":[2138,2136,2145,2155,2161,2168,2177,2180,2171,2162],""all_points_y"":[1570,1575,1583,1595,1600,1604,1615,1614,1600,1596]}","{""name"":""not_defined"",""type"":""unknown"",""image_quality"":{""good"":true,""frontal"":true,""good_illumination"":true}}"
9.png,66060342,"{""caption"":"""",""public_domain"":""no"",""image_url"":""""}",2245,604,"{""name"":""polygon"",""all_points_x"":[2145,2145,2156,2197,2218,2230,2234,2206,2190],""all_points_y"":[1615,1619,1626,1656,1669,1678,1676,1653,1646]}","{""name"":""not_defined"",""type"":""unknown"",""image_quality"":{""good"":true,""frontal"":true,""good_illumination"":true}}"
9.png,66060342,"{""caption"":"""",""public_domain"":""no"",""image_url"":""""}",2245,605,"{""name"":""polygon"",""all_points_x"":[1793,1790,1807,1821,1830,1858,1861,1835,1826],""all_points_y"":[1677,1677,1714,1741,1756,1801,1800,1757,1741]}","{""name"":""not_defined"",""type"":""unknown"",""image_quality"":{""good"":true,""frontal"":true,""good_illumination"":true}}"
9.png,66060342,"{""caption"":"""",""public_domain"":""no"",""image_url"":""""}",2245,606,"{""name"":""polygon"",""all_points_x"":[2001,2000,2016,2023,2046,2077,2077,2054,2029,2024,2013],""all_points_y"":[1756,1760,1769,1773,1778,1788,1785,1777,1770,1770,1766]}","{""name"":""not_defined"",""type"":""unknown"",""image_quality"":{""good"":true,""frontal"":true,""good_illumination"":true}}"
9.png,66060342,"{""caption"":"""",""public_domain"":""no"",""image_url"":""""}",2245,607,"{""name"":""polygon"",""all_points_x"":[2049,2044,2053,2077,2080],""all_points_y"":[1741,1743,1752,1786,1783]}","{""name"":""not_defined"",""type"":""unknown"",""image_quality"":{""good"":true,""frontal"":true,""good_illumination"":true}}"
9.png,66060342,"{""caption"":"""",""public_domain"":""no"",""image_url"":""""}",2245,608,"{""name"":""polygon"",""all_points_x"":[2047,2044,2066,2081,2096,2119,2121,2090,2085,2082],""all_points_y"":[1665,1667,1701,1719,1735,1761,1760,1724,1720,1713]}","{""name"":""not_defined"",""type"":""unknown"",""image_quality"":{""good"":true,""frontal"":true,""good_illumination"":true}}"
9.png,66060342,"{""caption"":"""",""public_domain"":""no"",""image_url"":""""}",2245,609,"{""name"":""polygon"",""all_points_x"":[2069,2067,2086,2089,2099,2120,2120,2100,2084],""all_points_y"":[1639,1644,1654,1656,1659,1666,1662,1655,1647]}","{""name"":""not_defined"",""type"":""unknown"",""image_quality"":{""good"":true,""frontal"":true,""good_illumination"":true}}"
9.png,66060342,"{""caption"":"""",""public_domain"":""no"",""image_url"":""""}",2245,610,"{""name"":""polygon"",""all_points_x"":[1559,1555,1560,1602,1605],""all_points_y"":[1755,1753,1765,1839,1838]}","{""name"":""not_defined"",""type"":""unknown"",""image_quality"":{""good"":true,""frontal"":true,""good_illumination"":true}}"
9.png,66060342,"{""caption"":"""",""public_domain"":""no"",""image_url"":""""}",2245,611,"{""name"":""polygon"",""all_points_x"":[1651,1649,1657,1656],""all_points_y"":[1815,1896,1902,1815]}","{""name"":""not_defined"",""type"":""unknown"",""image_quality"":{""good"":true,""frontal"":true,""good_illumination"":true}}"
9.png,66060342,"{""caption"":"""",""public_domain"":""no"",""image_url"":""""}",2245,612,"{""name"":""polygon"",""all_points_x"":[1664,1659,1662,1667],""all_points_y"":[1825,1909,1909,1825]}","{""name"":""not_defined"",""type"":""unknown"",""image_quality"":{""good"":true,""frontal"":true,""good_illumination"":true}}"
9.png,66060342,"{""caption"":"""",""public_domain"":""no"",""image_url"":""""}",2245,613,"{""name"":""polygon"",""all_points_x"":[1568,1567,1575,1579,1590,1590,1582],""all_points_y"":[1820,1824,1832,1839,1848,1844,1838]}","{""name"":""not_defined"",""type"":""unknown"",""image_quality"":{""good"":true,""frontal"":true,""good_illumination"":true}}"
9.png,66060342,"{""caption"":"""",""public_domain"":""no"",""image_url"":""""}",2245,614,"{""name"":""polygon"",""all_points_x"":[1512,1508,1515,1521,1524,1528,1521,1518],""all_points_y"":[1621,1621,1644,1658,1660,1661,1649,1641]}","{""name"":""not_defined"",""type"":""unknown"",""image_quality"":{""good"":true,""frontal"":true,""good_illumination"":true}}"
9.png,66060342,"{""caption"":"""",""public_domain"":""no"",""image_url"":""""}",2245,615,"{""name"":""polygon"",""all_points_x"":[1528,1520,1533,1543,1552,1576,1577,1560],""all_points_y"":[1684,1686,1694,1703,1709,1726,1724,1713]}","{""name"":""not_defined"",""type"":""unknown"",""image_quality"":{""good"":true,""frontal"":true,""good_illumination"":true}}"
9.png,66060342,"{""caption"":"""",""public_domain"":""no"",""image_url"":""""}",2245,616,"{""name"":""polygon"",""all_points_x"":[2069,2063,2069,2084,2099,2118,2125,2135,2138,2130,2120,2096],""all_points_y"":[1557,1556,1569,1595,1612,1640,1648,1662,1661,1646,1635,1602]}","{""name"":""not_defined"",""type"":""unknown"",""image_quality"":{""good"":true,""frontal"":true,""good_illumination"":true}}"
9.png,66060342,"{""caption"":"""",""public_domain"":""no"",""image_url"":""""}",2245,617,"{""name"":""polygon"",""all_points_x"":[2122,2116,2140,2172,2181,2193,2195,2181,2167],""all_points_y"":[1600,1602,1627,1674,1688,1699,1697,1677,1656]}","{""name"":""not_defined"",""type"":""unknown"",""image_quality"":{""good"":true,""frontal"":true,""good_illumination"":true}}"
9.png,66060342,"{""caption"":"""",""public_domain"":""no"",""image_url"":""""}",2245,618,"{""name"":""polygon"",""all_points_x"":[1803,1712,1710,1805],""all_points_y"":[1988,2050,2056,1992]}","{""name"":""not_defined"",""type"":""unknown"",""image_quality"":{""good"":true,""frontal"":true,""good_illumination"":true}}"
9.png,66060342,"{""caption"":"""",""public_domain"":""no"",""image_url"":""""}",2245,619,"{""name"":""polygon"",""all_points_x"":[1738,1736,1736,1738,1741],""all_points_y"":[2053,2081,2124,2123,2052]}","{""name"":""not_defined"",""type"":""unknown"",""image_quality"":{""good"":true,""frontal"":true,""good_illumination"":true}}"
9.png,66060342,"{""caption"":"""",""public_domain"":""no"",""image_url"":""""}",2245,620,"{""name"":""polygon"",""all_points_x"":[1790,1775,1770,1756,1758,1775,1777,1778,1792],""all_points_y"":[2045,2079,2090,2137,2138,2092,2086,2079,2049]}","{""name"":""not_defined"",""type"":""unknown"",""image_quality"":{""good"":true,""frontal"":true,""good_illumination"":true}}"
9.png,66060342,"{""caption"":"""",""public_domain"":""no"",""image_url"":""""}",2245,621,"{""name"":""polygon"",""all_points_x"":[1840,1837,1842,1847,1850,1855,1862,1871,1872,1866,1860,1854,1844],""all_points_y"":[2053,2055,2076,2081,2092,2096,2107,2130,2128,2109,2097,2091,2068]}","{""name"":""not_defined"",""type"":""unknown"",""image_quality"":{""good"":true,""frontal"":true,""good_illumination"":true}}"
9.png,66060342,"{""caption"":"""",""public_domain"":""no"",""image_url"":""""}",2245,622,"{""name"":""polygon"",""all_points_x"":[1879,1879,1873,1870,1873,1877,1878,1882,1882],""all_points_y"":[2066,2110,2134,2179,2176,2156,2131,2117,2066]}","{""name"":""not_defined"",""type"":""unknown"",""image_quality"":{""good"":true,""frontal"":true,""good_illumination"":true}}"
9.png,66060342,"{""caption"":"""",""public_domain"":""no"",""image_url"":""""}",2245,623,"{""name"":""polygon"",""all_points_x"":[1725,1723,1729,1728,1731,1732,1735,1735,1729],""all_points_y"":[2070,2070,2101,2111,2139,2168,2169,2138,2087]}","{""name"":""not_defined"",""type"":""unknown"",""image_quality"":{""good"":true,""frontal"":true,""good_illumination"":true}}"
9.png,66060342,"{""caption"":"""",""public_domain"":""no"",""image_url"":""""}",2245,624,"{""name"":""polygon"",""all_points_x"":[1566,1558,1561,1568],""all_points_y"":[2026,2071,2071,2029]}","{""name"":""not_defined"",""type"":""unknown"",""image_quality"":{""good"":true,""frontal"":true,""good_illumination"":true}}"
9.png,66060342,"{""caption"":"""",""public_domain"":""no"",""image_url"":""""}",2245,625,"{""name"":""polygon"",""all_points_x"":[1699,1695,1688,1686,1689,1693,1697,1703],""all_points_y"":[2055,2153,2219,2314,2314,2242,2196,2050]}","{""name"":""not_defined"",""type"":""unknown"",""image_quality"":{""good"":true,""frontal"":true,""good_illumination"":true}}"
9.png,66060342,"{""caption"":"""",""public_domain"":""no"",""image_url"":""""}",2245,626,"{""name"":""polygon"",""all_points_x"":[1560,1557,1563,1569,1573,1581,1585,1572,1570],""all_points_y"":[2257,2260,2276,2291,2303,2341,2342,2291,2282]}","{""name"":""not_defined"",""type"":""unknown"",""image_quality"":{""good"":true,""frontal"":true,""good_illumination"":true}}"
9.png,66060342,"{""caption"":"""",""public_domain"":""no"",""image_url"":""""}",2245,627,"{""name"":""polygon"",""all_points_x"":[1916,1846,1850,1918],""all_points_y"":[2202,2277,2280,2203]}","{""name"":""not_defined"",""type"":""unknown"",""image_quality"":{""good"":true,""frontal"":true,""good_illumination"":true}}"
9.png,66060342,"{""caption"":"""",""public_domain"":""no"",""image_url"":""""}",2245,628,"{""name"":""polygon"",""all_points_x"":[2103,2099,2100,2103,2101,2105,2106,2107,2104],""all_points_y"":[2180,2180,2203,2227,2271,2270,2233,2227,2212]}","{""name"":""not_defined"",""type"":""unknown"",""image_quality"":{""good"":true,""frontal"":true,""good_illumination"":true}}"
9.png,66060342,"{""caption"":"""",""public_domain"":""no"",""image_url"":""""}",2245,629,"{""name"":""polygon"",""all_points_x"":[2113,2109,2107,2109,2107,2107,2110,2111,2113,2110,2110],""all_points_y"":[2188,2186,2208,2227,2244,2259,2259,2239,2230,2217,2203]}","{""name"":""not_defined"",""type"":""unknown"",""image_quality"":{""good"":true,""frontal"":true,""good_illumination"":true}}"
9.png,66060342,"{""caption"":"""",""public_domain"":""no"",""image_url"":""""}",2245,630,"{""name"":""polygon"",""all_points_x"":[2137,2123,2116,2119,2126,2139],""all_points_y"":[2208,2245,2282,2284,2245,2209]}","{""name"":""not_defined"",""type"":""unknown"",""image_quality"":{""good"":true,""frontal"":true,""good_illumination"":true}}"
9.png,66060342,"{""caption"":"""",""public_domain"":""no"",""image_url"":""""}",2245,631,"{""name"":""polygon"",""all_points_x"":[2271,2245,2229,2197,2200,2233,2274],""all_points_y"":[2035,2133,2202,2344,2344,2211,2039]}","{""name"":""not_defined"",""type"":""unknown"",""image_quality"":{""good"":true,""frontal"":true,""good_illumination"":true}}"
9.png,66060342,"{""caption"":"""",""public_domain"":""no"",""image_url"":""""}",2245,632,"{""name"":""polygon"",""all_points_x"":[2103,2102,2104,2108],""all_points_y"":[2311,2422,2422,2312]}","{""name"":""not_defined"",""type"":""unknown"",""image_quality"":{""good"":true,""frontal"":true,""good_illumination"":true}}"
9.png,66060342,"{""caption"":"""",""public_domain"":""no"",""image_url"":""""}",2245,633,"{""name"":""polygon"",""all_points_x"":[2063,2068,2070,2075,2076,2072,2066],""all_points_y"":[2355,2420,2430,2440,2440,2421,2354]}","{""name"":""not_defined"",""type"":""unknown"",""image_quality"":{""good"":true,""frontal"":true,""good_illumination"":true}}"
9.png,66060342,"{""caption"":"""",""public_domain"":""no"",""image_url"":""""}",2245,634,"{""name"":""polygon"",""all_points_x"":[1994,1992,2033,2039],""all_points_y"":[2395,2398,2465,2469]}","{""name"":""not_defined"",""type"":""unknown"",""image_quality"":{""good"":true,""frontal"":true,""good_illumination"":true}}"
9.png,66060342,"{""caption"":"""",""public_domain"":""no"",""image_url"":""""}",2245,635,"{""name"":""polygon"",""all_points_x"":[1983,1982,2027,2056,2059,2012],""all_points_y"":[2432,2435,2466,2488,2485,2452]}","{""name"":""not_defined"",""type"":""unknown"",""image_quality"":{""good"":true,""frontal"":true,""good_illumination"":true}}"
9.png,66060342,"{""caption"":"""",""public_domain"":""no"",""image_url"":""""}",2245,636,"{""name"":""polygon"",""all_points_x"":[1891,1889,1903,1905],""all_points_y"":[2298,2301,2334,2332]}","{""name"":""not_defined"",""type"":""unknown"",""image_quality"":{""good"":true,""frontal"":true,""good_illumination"":true}}"
9.png,66060342,"{""caption"":"""",""public_domain"":""no"",""image_url"":""""}",2245,637,"{""name"":""polygon"",""all_points_x"":[1899,1896,1911,1938,1941,1910],""all_points_y"":[2235,2239,2264,2304,2302,2256]}","{""name"":""not_defined"",""type"":""unknown"",""image_quality"":{""good"":true,""frontal"":true,""good_illumination"":true}}"
9.png,66060342,"{""caption"":"""",""public_domain"":""no"",""image_url"":""""}",2245,638,"{""name"":""polygon"",""all_points_x"":[1936,1923,1924,1938],""all_points_y"":[2214,2262,2261,2215]}","{""name"":""not_defined"",""type"":""unknown"",""image_quality"":{""good"":true,""frontal"":true,""good_illumination"":true}}"
9.png,66060342,"{""caption"":"""",""public_domain"":""no"",""image_url"":""""}",2245,639,"{""name"":""polygon"",""all_points_x"":[1950,1943,1945,1953],""all_points_y"":[2230,2258,2258,2232]}","{""name"":""not_defined"",""type"":""unknown"",""image_quality"":{""good"":true,""frontal"":true,""good_illumination"":true}}"
9.png,66060342,"{""caption"":"""",""public_domain"":""no"",""image_url"":""""}",2245,640,"{""name"":""polygon"",""all_points_x"":[1834,1832,1832,1834,1837],""all_points_y"":[2170,2185,2233,2233,2170]}","{""name"":""not_defined"",""type"":""unknown"",""image_quality"":{""good"":true,""frontal"":true,""good_illumination"":true}}"
9.png,66060342,"{""caption"":"""",""public_domain"":""no"",""image_url"":""""}",2245,641,"{""name"":""polygon"",""all_points_x"":[1829,1769,1741,1743,1833],""all_points_y"":[2294,2365,2400,2402,2297]}","{""name"":""not_defined"",""type"":""unknown"",""image_quality"":{""good"":true,""frontal"":true,""good_illumination"":true}}"
9.png,66060342,"{""caption"":"""",""public_domain"":""no"",""image_url"":""""}",2245,642,"{""name"":""polygon"",""all_points_x"":[1813,1812,1816,1816],""all_points_y"":[2343,2438,2430,2339]}","{""name"":""not_defined"",""type"":""unknown"",""image_quality"":{""good"":true,""frontal"":true,""good_illumination"":true}}"
9.png,66060342,"{""caption"":"""",""public_domain"":""no"",""image_url"":""""}",2245,643,"{""name"":""polygon"",""all_points_x"":[1922,1911,1911,1923],""all_points_y"":[2328,2341,2345,2330]}","{""name"":""not_defined"",""type"":""unknown"",""image_quality"":{""good"":true,""frontal"":true,""good_illumination"":true}}"
9.png,66060342,"{""caption"":"""",""public_domain"":""no"",""image_url"":""""}",2245,644,"{""name"":""polygon"",""all_points_x"":[1921,1918,1906,1907],""all_points_y"":[2369,2370,2341,2341]}","{""name"":""not_defined"",""type"":""unknown"",""image_quality"":{""good"":true,""frontal"":true,""good_illumination"":true}}"
9.png,66060342,"{""caption"":"""",""public_domain"":""no"",""image_url"":""""}",2245,645,"{""name"":""polygon"",""all_points_x"":[1903,1869,1872,1906],""all_points_y"":[2347,2385,2388,2351]}","{""name"":""not_defined"",""type"":""unknown"",""image_quality"":{""good"":true,""frontal"":true,""good_illumination"":true}}"
9.png,66060342,"{""caption"":"""",""public_domain"":""no"",""image_url"":""""}",2245,646,"{""name"":""polygon"",""all_points_x"":[1862,1838,1827,1800,1803,1822,1844,1871,1869],""all_points_y"":[2390,2415,2428,2472,2471,2440,2413,2387,2384]}","{""name"":""not_defined"",""type"":""unknown"",""image_quality"":{""good"":true,""frontal"":true,""good_illumination"":true}}"
9.png,66060342,"{""caption"":"""",""public_domain"":""no"",""image_url"":""""}",2245,647,"{""name"":""polygon"",""all_points_x"":[1899,1861,1857,1834,1835,1864,1869,1900],""all_points_y"":[2446,2473,2479,2494,2496,2477,2470,2450]}","{""name"":""not_defined"",""type"":""unknown"",""image_quality"":{""good"":true,""frontal"":true,""good_illumination"":true}}"
9.png,66060342,"{""caption"":"""",""public_domain"":""no"",""image_url"":""""}",2245,648,"{""name"":""polygon"",""all_points_x"":[1803,1733,1743,1807],""all_points_y"":[2499,2557,2553,2501]}","{""name"":""not_defined"",""type"":""unknown"",""image_quality"":{""good"":true,""frontal"":true,""good_illumination"":true}}"
9.png,66060342,"{""caption"":"""",""public_domain"":""no"",""image_url"":""""}",2245,649,"{""name"":""polygon"",""all_points_x"":[1749,1709,1718,1752],""all_points_y"":[2427,2571,2564,2428]}","{""name"":""not_defined"",""type"":""unknown"",""image_quality"":{""good"":true,""frontal"":true,""good_illumination"":true}}"
9.png,66060342,"{""caption"":"""",""public_domain"":""no"",""image_url"":""""}",2245,650,"{""name"":""polygon"",""all_points_x"":[1735,1740,1743,1743,1741,1738],""all_points_y"":[2544,2545,2508,2474,2476,2516]}","{""name"":""not_defined"",""type"":""unknown"",""image_quality"":{""good"":true,""frontal"":true,""good_illumination"":true}}"
9.png,66060342,"{""caption"":"""",""public_domain"":""no"",""image_url"":""""}",2245,651,"{""name"":""polygon"",""all_points_x"":[1698,1699,1711,1726,1738,1735,1710],""all_points_y"":[2574,2575,2540,2496,2462,2463,2537]}","{""name"":""not_defined"",""type"":""unknown"",""image_quality"":{""good"":true,""frontal"":true,""good_illumination"":true}}"
9.png,66060342,"{""caption"":"""",""public_domain"":""no"",""image_url"":""""}",2245,652,"{""name"":""polygon"",""all_points_x"":[1665,1661,1670,1674],""all_points_y"":[2377,2380,2413,2413]}","{""name"":""not_defined"",""type"":""unknown"",""image_quality"":{""good"":true,""frontal"":true,""good_illumination"":true}}"
9.png,66060342,"{""caption"":"""",""public_domain"":""no"",""image_url"":""""}",2245,653,"{""name"":""polygon"",""all_points_x"":[1299,1296,1309,1326,1330,1320],""all_points_y"":[1961,1961,2019,2096,2094,2045]}","{""name"":""not_defined"",""type"":""unknown"",""image_quality"":{""good"":true,""frontal"":true,""good_illumination"":true}}"
9.png,66060342,"{""caption"":"""",""public_domain"":""no"",""image_url"":""""}",2245,654,"{""name"":""polygon"",""all_points_x"":[1112,1121,1125,1132,1125,1116],""all_points_y"":[2079,2195,2265,2267,2151,2079]}","{""name"":""not_defined"",""type"":""unknown"",""image_quality"":{""good"":true,""frontal"":true,""good_illumination"":true}}"
9.png,66060342,"{""caption"":"""",""public_domain"":""no"",""image_url"":""""}",2245,655,"{""name"":""polygon"",""all_points_x"":[778,781,788,784],""all_points_y"":[2610,2610,2556,2552]}","{""name"":""not_defined"",""type"":""unknown"",""image_quality"":{""good"":true,""frontal"":true,""good_illumination"":true}}"
9.png,66060342,"{""caption"":"""",""public_domain"":""no"",""image_url"":""""}",2245,656,"{""name"":""polygon"",""all_points_x"":[807,804,794,782,785,797],""all_points_y"":[2602,2603,2570,2541,2536,2573]}","{""name"":""not_defined"",""type"":""unknown"",""image_quality"":{""good"":true,""frontal"":true,""good_illumination"":true}}"
9.png,66060342,"{""caption"":"""",""public_domain"":""no"",""image_url"":""""}",2245,657,"{""name"":""polygon"",""all_points_x"":[1174,1179,1188,1196,1212,1205,1184,1182,1179],""all_points_y"":[2353,2353,2388,2408,2453,2456,2393,2380,2366]}","{""name"":""not_defined"",""type"":""unknown"",""image_quality"":{""good"":true,""frontal"":true,""good_illumination"":true}}"
9.png,66060342,"{""caption"":"""",""public_domain"":""no"",""image_url"":""""}",2245,658,"{""name"":""polygon"",""all_points_x"":[1246,1242,1261,1282,1284],""all_points_y"":[2440,2442,2484,2533,2529]}","{""name"":""not_defined"",""type"":""unknown"",""image_quality"":{""good"":true,""frontal"":true,""good_illumination"":true}}"
9.png,66060342,"{""caption"":"""",""public_domain"":""no"",""image_url"":""""}",2245,659,"{""name"":""polygon"",""all_points_x"":[1290,1270,1269,1273,1290,1293],""all_points_y"":[2509,2583,2586,2586,2524,2512]}","{""name"":""not_defined"",""type"":""unknown"",""image_quality"":{""good"":true,""frontal"":true,""good_illumination"":true}}"
9.png,66060342,"{""caption"":"""",""public_domain"":""no"",""image_url"":""""}",2245,660,"{""name"":""polygon"",""all_points_x"":[1231,1249,1278,1281,1257,1242,1237],""all_points_y"":[2442,2485,2538,2537,2490,2462,2440]}","{""name"":""not_defined"",""type"":""unknown"",""image_quality"":{""good"":true,""frontal"":true,""good_illumination"":true}}"
9.png,66060342,"{""caption"":"""",""public_domain"":""no"",""image_url"":""""}",2245,661,"{""name"":""polygon"",""all_points_x"":[1070,1066,1079,1081],""all_points_y"":[2491,2493,2546,2544]}","{""name"":""not_defined"",""type"":""unknown"",""image_quality"":{""good"":true,""frontal"":true,""good_illumination"":true}}"
9.png,66060342,"{""caption"":"""",""public_domain"":""no"",""image_url"":""""}",2245,662,"{""name"":""polygon"",""all_points_x"":[796,789,787,790,799],""all_points_y"":[2470,2511,2533,2533,2470]}","{""name"":""not_defined"",""type"":""unknown"",""image_quality"":{""good"":true,""frontal"":true,""good_illumination"":true}}"
9.png,66060342,"{""caption"":"""",""public_domain"":""no"",""image_url"":""""}",2245,663,"{""name"":""polygon"",""all_points_x"":[832,828,861,864],""all_points_y"":[2024,2024,2067,2063]}","{""name"":""not_defined"",""type"":""unknown"",""image_quality"":{""good"":true,""frontal"":true,""good_illumination"":true}}"
9.png,66060342,"{""caption"":"""",""public_domain"":""no"",""image_url"":""""}",2245,664,"{""name"":""polygon"",""all_points_x"":[814,819,853,849],""all_points_y"":[2022,2021,2064,2064]}","{""name"":""not_defined"",""type"":""unknown"",""image_quality"":{""good"":true,""frontal"":true,""good_illumination"":true}}"
9.png,66060342,"{""caption"":"""",""public_domain"":""no"",""image_url"":""""}",2245,665,"{""name"":""polygon"",""all_points_x"":[1069,1064,1088,1115,1182,1188,1113],""all_points_y"":[1995,1998,2031,2069,2162,2158,2057]}","{""name"":""not_defined"",""type"":""unknown"",""image_quality"":{""good"":true,""frontal"":true,""good_illumination"":true}}"
9.png,66060342,"{""caption"":"""",""public_domain"":""no"",""image_url"":""""}",2245,666,"{""name"":""polygon"",""all_points_x"":[1225,1221,1209,1197,1204,1216,1230,1229],""all_points_y"":[2024,2066,2134,2175,2174,2123,2053,2025]}","{""name"":""not_defined"",""type"":""unknown"",""image_quality"":{""good"":true,""frontal"":true,""good_illumination"":true}}"
9.png,66060342,"{""caption"":"""",""public_domain"":""no"",""image_url"":""""}",2245,667,"{""name"":""polygon"",""all_points_x"":[45,34,37,45,48],""all_points_y"":[2298,2328,2327,2310,2299]}","{""name"":""not_defined"",""type"":""unknown"",""image_quality"":{""good"":true,""frontal"":true,""good_illumination"":true}}"
9.png,66060342,"{""caption"":"""",""public_domain"":""no"",""image_url"":""""}",2245,668,"{""name"":""polygon"",""all_points_x"":[26,13,6,3,5,9,19,26],""all_points_y"":[2568,2603,2615,2634,2634,2615,2596,2571]}","{""name"":""not_defined"",""type"":""unknown"",""image_quality"":{""good"":true,""frontal"":true,""good_illumination"":true}}"
9.png,66060342,"{""caption"":"""",""public_domain"":""no"",""image_url"":""""}",2245,669,"{""name"":""polygon"",""all_points_x"":[78,72,53,56,74,79],""all_points_y"":[2608,2612,2645,2645,2613,2610]}","{""name"":""not_defined"",""type"":""unknown"",""image_quality"":{""good"":true,""frontal"":true,""good_illumination"":true}}"
9.png,66060342,"{""caption"":"""",""public_domain"":""no"",""image_url"":""""}",2245,670,"{""name"":""polygon"",""all_points_x"":[998,995,1005,1016,1022,1041,1048,1032,1023,1016],""all_points_y"":[2386,2387,2410,2430,2446,2491,2486,2453,2445,2425]}","{""name"":""not_defined"",""type"":""unknown"",""image_quality"":{""good"":true,""frontal"":true,""good_illumination"":true}}"
9.png,66060342,"{""caption"":"""",""public_domain"":""no"",""image_url"":""""}",2245,671,"{""name"":""polygon"",""all_points_x"":[1098,1094,1102,1107,1109],""all_points_y"":[2578,2578,2607,2630,2630]}","{""name"":""not_defined"",""type"":""unknown"",""image_quality"":{""good"":true,""frontal"":true,""good_illumination"":true}}"
9.png,66060342,"{""caption"":"""",""public_domain"":""no"",""image_url"":""""}",2245,672,"{""name"":""polygon"",""all_points_x"":[1926,1922,1925,1942,1960,1962,1942,1926],""all_points_y"":[2594,2594,2616,2709,2808,2808,2677,2603]}","{""name"":""not_defined"",""type"":""unknown"",""image_quality"":{""good"":true,""frontal"":true,""good_illumination"":true}}"
9.png,66060342,"{""caption"":"""",""public_domain"":""no"",""image_url"":""""}",2245,673,"{""name"":""polygon"",""all_points_x"":[1968,1962,1981,1984],""all_points_y"":[2584,2585,2654,2654]}","{""name"":""not_defined"",""type"":""unknown"",""image_quality"":{""good"":true,""frontal"":true,""good_illumination"":true}}"
9.png,66060342,"{""caption"":"""",""public_domain"":""no"",""image_url"":""""}",2245,674,"{""name"":""polygon"",""all_points_x"":[1970,1917,1906,1854,1829,1778,1770,1735,1738,1779,1783,1842,1916,1931,1972],""all_points_y"":[2571,2588,2595,2608,2615,2627,2632,2640,2643,2632,2628,2615,2593,2590,2580]}","{""name"":""not_defined"",""type"":""unknown"",""image_quality"":{""good"":true,""frontal"":true,""good_illumination"":true}}"
9.png,66060342,"{""caption"":"""",""public_domain"":""no"",""image_url"":""""}",2245,675,"{""name"":""polygon"",""all_points_x"":[1975,1919,1900,1856,1800,1748,1751,1791,1880,1891,1975],""all_points_y"":[2544,2556,2562,2572,2589,2603,2607,2596,2572,2568,2550]}","{""name"":""not_defined"",""type"":""unknown"",""image_quality"":{""good"":true,""frontal"":true,""good_illumination"":true}}"
9.png,66060342,"{""caption"":"""",""public_domain"":""no"",""image_url"":""""}",2245,676,"{""name"":""polygon"",""all_points_x"":[1918,1887,1893,1921],""all_points_y"":[2528,2592,2584,2531]}","{""name"":""not_defined"",""type"":""unknown"",""image_quality"":{""good"":true,""frontal"":true,""good_illumination"":true}}"
9.png,66060342,"{""caption"":"""",""public_domain"":""no"",""image_url"":""""}",2245,677,"{""name"":""polygon"",""all_points_x"":[1946,1943,1953,1956],""all_points_y"":[2509,2509,2546,2546]}","{""name"":""not_defined"",""type"":""unknown"",""image_quality"":{""good"":true,""frontal"":true,""good_illumination"":true}}"
9.png,66060342,"{""caption"":"""",""public_domain"":""no"",""image_url"":""""}",2245,678,"{""name"":""polygon"",""all_points_x"":[1844,1839,1879,1882],""all_points_y"":[2675,2678,2788,2783]}","{""name"":""not_defined"",""type"":""unknown"",""image_quality"":{""good"":true,""frontal"":true,""good_illumination"":true}}"
9.png,66060342,"{""caption"":"""",""public_domain"":""no"",""image_url"":""""}",2245,679,"{""name"":""polygon"",""all_points_x"":[1990,1985,1990,1998,2022,2028,2032,2017,2004,1993,1988],""all_points_y"":[2520,2518,2576,2613,2702,2725,2723,2659,2619,2567,2526]}","{""name"":""not_defined"",""type"":""unknown"",""image_quality"":{""good"":true,""frontal"":true,""good_illumination"":true}}"
9.png,66060342,"{""caption"":"""",""public_domain"":""no"",""image_url"":""""}",2245,680,"{""name"":""polygon"",""all_points_x"":[2054,2057,2053,2047,2044],""all_points_y"":[2822,2822,2802,2779,2780]}","{""name"":""not_defined"",""type"":""unknown"",""image_quality"":{""good"":true,""frontal"":true,""good_illumination"":true}}"
9.png,66060342,"{""caption"":"""",""public_domain"":""no"",""image_url"":""""}",2245,681,"{""name"":""polygon"",""all_points_x"":[2008,2006,1992,1973,1977],""all_points_y"":[2828,2830,2793,2747,2748]}","{""name"":""not_defined"",""type"":""unknown"",""image_quality"":{""good"":true,""frontal"":true,""good_illumination"":true}}"
9.png,66060342,"{""caption"":"""",""public_domain"":""no"",""image_url"":""""}",2245,682,"{""name"":""polygon"",""all_points_x"":[1798,1797,1673,1675,1768],""all_points_y"":[2665,2672,2658,2653,2663]}","{""name"":""not_defined"",""type"":""unknown"",""image_quality"":{""good"":true,""frontal"":true,""good_illumination"":true}}"
9.png,66060342,"{""caption"":"""",""public_domain"":""no"",""image_url"":""""}",2245,683,"{""name"":""polygon"",""all_points_x"":[1751,1776,1774,1745,1745],""all_points_y"":[2675,2674,2671,2673,2676]}","{""name"":""not_defined"",""type"":""unknown"",""image_quality"":{""good"":true,""frontal"":true,""good_illumination"":true}}"
9.png,66060342,"{""caption"":"""",""public_domain"":""no"",""image_url"":""""}",2245,684,"{""name"":""polygon"",""all_points_x"":[2716,2713,2717,2722,2721,2724,2727,2722,2719],""all_points_y"":[2568,2571,2581,2613,2659,2660,2617,2594,2584]}","{""name"":""not_defined"",""type"":""unknown"",""image_quality"":{""good"":true,""frontal"":true,""good_illumination"":true}}"
9.png,66060342,"{""caption"":"""",""public_domain"":""no"",""image_url"":""""}",2245,685,"{""name"":""polygon"",""all_points_x"":[2792,2790,2805,2813,2815,2806],""all_points_y"":[2597,2598,2620,2628,2628,2618]}","{""name"":""not_defined"",""type"":""unknown"",""image_quality"":{""good"":true,""frontal"":true,""good_illumination"":true}}"
9.png,66060342,"{""caption"":"""",""public_domain"":""no"",""image_url"":""""}",2245,686,"{""name"":""polygon"",""all_points_x"":[2809,2807,2810,2819,2820,2813],""all_points_y"":[2595,2596,2605,2618,2618,2607]}","{""name"":""not_defined"",""type"":""unknown"",""image_quality"":{""good"":true,""frontal"":true,""good_illumination"":true}}"
9.png,66060342,"{""caption"":"""",""public_domain"":""no"",""image_url"":""""}",2245,687,"{""name"":""polygon"",""all_points_x"":[2665,2647,2633,2615,2586,2558,2559,2583,2605,2612,2636,2668],""all_points_y"":[2371,2391,2410,2433,2483,2545,2545,2498,2460,2443,2413,2375]}","{""name"":""not_defined"",""type"":""unknown"",""image_quality"":{""good"":true,""frontal"":true,""good_illumination"":true}}"
9.png,66060342,"{""caption"":"""",""public_domain"":""no"",""image_url"":""""}",2245,688,"{""name"":""polygon"",""all_points_x"":[2605,2558,2566,2580,2598,2609],""all_points_y"":[2375,2544,2526,2486,2428,2372]}","{""name"":""not_defined"",""type"":""unknown"",""image_quality"":{""good"":true,""frontal"":true,""good_illumination"":true}}"
9.png,66060342,"{""caption"":"""",""public_domain"":""no"",""image_url"":""""}",2245,689,"{""name"":""polygon"",""all_points_x"":[2341,2339,2343,2349,2358,2362,2365,2362,2353,2349],""all_points_y"":[2480,2481,2511,2556,2584,2615,2614,2580,2555,2538]}","{""name"":""not_defined"",""type"":""unknown"",""image_quality"":{""good"":true,""frontal"":true,""good_illumination"":true}}"
9.png,66060342,"{""caption"":"""",""public_domain"":""no"",""image_url"":""""}",2245,690,"{""name"":""polygon"",""all_points_x"":[2464,2417,2419,2464],""all_points_y"":[2528,2556,2558,2533]}","{""name"":""not_defined"",""type"":""unknown"",""image_quality"":{""good"":true,""frontal"":true,""good_illumination"":true}}"
9.png,66060342,"{""caption"":"""",""public_domain"":""no"",""image_url"":""""}",2245,691,"{""name"":""polygon"",""all_points_x"":[2468,2433,2422,2434,2463,2472],""all_points_y"":[2556,2551,2558,2558,2564,2561]}","{""name"":""not_defined"",""type"":""unknown"",""image_quality"":{""good"":true,""frontal"":true,""good_illumination"":true}}"
9.png,66060342,"{""caption"":"""",""public_domain"":""no"",""image_url"":""""}",2245,692,"{""name"":""polygon"",""all_points_x"":[2615,2572,2576,2617],""all_points_y"":[2502,2540,2543,2506]}","{""name"":""not_defined"",""type"":""unknown"",""image_quality"":{""good"":true,""frontal"":true,""good_illumination"":true}}"
9.png,66060342,"{""caption"":"""",""public_domain"":""no"",""image_url"":""""}",2245,693,"{""name"":""polygon"",""all_points_x"":[2778,2757,2748,2740,2722,2716,2707,2696,2699,2712,2717,2724,2730,2746,2780],""all_points_y"":[2354,2383,2400,2417,2457,2484,2516,2548,2550,2509,2492,2463,2450,2413,2356]}","{""name"":""not_defined"",""type"":""unknown"",""image_quality"":{""good"":true,""frontal"":true,""good_illumination"":true}}"
9.png,66060342,"{""caption"":"""",""public_domain"":""no"",""image_url"":""""}",2245,694,"{""name"":""polygon"",""all_points_x"":[2817,2818,2814,2799,2771,2746,2749,2758,2788,2806],""all_points_y"":[2466,2469,2469,2462,2439,2417,2415,2425,2451,2462]}","{""name"":""not_defined"",""type"":""unknown"",""image_quality"":{""good"":true,""frontal"":true,""good_illumination"":true}}"
9.png,66060342,"{""caption"":"""",""public_domain"":""no"",""image_url"":""""}",2245,695,"{""name"":""polygon"",""all_points_x"":[2483,2479,2486,2494,2506,2508,2508,2496,2489],""all_points_y"":[2371,2371,2416,2457,2527,2526,2510,2451,2417]}","{""name"":""not_defined"",""type"":""unknown"",""image_quality"":{""good"":true,""frontal"":true,""good_illumination"":true}}"
9.png,66060342,"{""caption"":"""",""public_domain"":""no"",""image_url"":""""}",2245,696,"{""name"":""polygon"",""all_points_x"":[2546,2543,2548,2555,2568,2570,2561],""all_points_y"":[2423,2423,2440,2455,2479,2477,2460]}","{""name"":""not_defined"",""type"":""unknown"",""image_quality"":{""good"":true,""frontal"":true,""good_illumination"":true}}"
9.png,66060342,"{""caption"":"""",""public_domain"":""no"",""image_url"":""""}",2245,697,"{""name"":""polygon"",""all_points_x"":[2585,2583,2569,2558,2549,2528,2443,2444,2463,2516,2535,2549,2565,2567],""all_points_y"":[2363,2364,2358,2346,2339,2331,2283,2281,2290,2318,2329,2338,2349,2352]}","{""name"":""not_defined"",""type"":""unknown"",""image_quality"":{""good"":true,""frontal"":true,""good_illumination"":true}}"
9.png,66060342,"{""caption"":"""",""public_domain"":""no"",""image_url"":""""}",2245,698,"{""name"":""polygon"",""all_points_x"":[2532,2528,2495,2499,2512],""all_points_y"":[2388,2388,2313,2313,2343]}","{""name"":""not_defined"",""type"":""unknown"",""image_quality"":{""good"":true,""frontal"":true,""good_illumination"":true}}"
9.png,66060342,"{""caption"":"""",""public_domain"":""no"",""image_url"":""""}",2245,699,"{""name"":""polygon"",""all_points_x"":[2512,2512,2506,2475,2458,2456,2477,2490,2502],""all_points_y"":[2247,2250,2259,2272,2284,2281,2269,2262,2258]}","{""name"":""not_defined"",""type"":""unknown"",""image_quality"":{""good"":true,""frontal"":true,""good_illumination"":true}}"
9.png,66060342,"{""caption"":"""",""public_domain"":""no"",""image_url"":""""}",2245,700,"{""name"":""polygon"",""all_points_x"":[2453,2451,2435,2423,2427,2440],""all_points_y"":[2345,2347,2318,2287,2286,2321]}","{""name"":""not_defined"",""type"":""unknown"",""image_quality"":{""good"":true,""frontal"":true,""good_illumination"":true}}"
9.png,66060342,"{""caption"":"""",""public_domain"":""no"",""image_url"":""""}",2245,701,"{""name"":""polygon"",""all_points_x"":[2399,2398,2416,2436,2445,2449,2430,2413],""all_points_y"":[2264,2267,2306,2339,2348,2349,2324,2293]}","{""name"":""not_defined"",""type"":""unknown"",""image_quality"":{""good"":true,""frontal"":true,""good_illumination"":true}}"
9.png,66060342,"{""caption"":"""",""public_domain"":""no"",""image_url"":""""}",2245,702,"{""name"":""polygon"",""all_points_x"":[2360,2366,2377,2387,2392,2383,2372,2362],""all_points_y"":[2482,2486,2406,2359,2313,2330,2410,2470]}","{""name"":""not_defined"",""type"":""unknown"",""image_quality"":{""good"":true,""frontal"":true,""good_illumination"":true}}"
9.png,66060342,"{""caption"":"""",""public_domain"":""no"",""image_url"":""""}",2245,703,"{""name"":""polygon"",""all_points_x"":[2388,2385,2403,2420,2446,2449,2427,2410],""all_points_y"":[2281,2283,2318,2349,2401,2401,2353,2319]}","{""name"":""not_defined"",""type"":""unknown"",""image_quality"":{""good"":true,""frontal"":true,""good_illumination"":true}}"
9.png,66060342,"{""caption"":"""",""public_domain"":""no"",""image_url"":""""}",2245,704,"{""name"":""polygon"",""all_points_x"":[2386,2389,2393,2390],""all_points_y"":[2311,2292,2299,2314]}","{""name"":""not_defined"",""type"":""unknown"",""image_quality"":{""good"":true,""frontal"":true,""good_illumination"":true}}"
9.png,66060342,"{""caption"":"""",""public_domain"":""no"",""image_url"":""""}",2245,705,"{""name"":""polygon"",""all_points_x"":[2400,2399,2368,2374],""all_points_y"":[2339,2340,2294,2291]}","{""name"":""not_defined"",""type"":""unknown"",""image_quality"":{""good"":true,""frontal"":true,""good_illumination"":true}}"
9.png,66060342,"{""caption"":"""",""public_domain"":""no"",""image_url"":""""}",2245,706,"{""name"":""polygon"",""all_points_x"":[2395,2399,2395,2395,2388,2376,2376,2385,2390,2393],""all_points_y"":[2390,2390,2360,2348,2330,2313,2321,2334,2344,2363]}","{""name"":""not_defined"",""type"":""unknown"",""image_quality"":{""good"":true,""frontal"":true,""good_illumination"":true}}"
9.png,66060342,"{""caption"":"""",""public_domain"":""no"",""image_url"":""""}",2245,707,"{""name"":""polygon"",""all_points_x"":[2234,2231,2207,2209],""all_points_y"":[2355,2358,2314,2311]}","{""name"":""not_defined"",""type"":""unknown"",""image_quality"":{""good"":true,""frontal"":true,""good_illumination"":true}}"
9.png,66060342,"{""caption"":"""",""public_domain"":""no"",""image_url"":""""}",2245,708,"{""name"":""polygon"",""all_points_x"":[2190,2188,2189,2200,2207,2210,2201,2195],""all_points_y"":[2405,2400,2442,2487,2518,2519,2474,2447]}","{""name"":""not_defined"",""type"":""unknown"",""image_quality"":{""good"":true,""frontal"":true,""good_illumination"":true}}"
9.png,66060342,"{""caption"":"""",""public_domain"":""no"",""image_url"":""""}",2245,709,"{""name"":""polygon"",""all_points_x"":[2082,2078,2082,2097,2115,2119,2107,2095],""all_points_y"":[2373,2372,2402,2446,2496,2494,2452,2421]}","{""name"":""not_defined"",""type"":""unknown"",""image_quality"":{""good"":true,""frontal"":true,""good_illumination"":true}}"
9.png,66060342,"{""caption"":"""",""public_domain"":""no"",""image_url"":""""}",2245,710,"{""name"":""polygon"",""all_points_x"":[2314,2309,2316,2329,2349,2357,2357,2346,2333,2326],""all_points_y"":[2497,2498,2517,2546,2587,2601,2595,2575,2547,2531]}","{""name"":""not_defined"",""type"":""unknown"",""image_quality"":{""good"":true,""frontal"":true,""good_illumination"":true}}"
9.png,66060342,"{""caption"":"""",""public_domain"":""no"",""image_url"":""""}",2245,711,"{""name"":""polygon"",""all_points_x"":[2245,2244,2254,2264,2291,2292,2284,2272,2264,2257],""all_points_y"":[2489,2494,2500,2504,2530,2529,2517,2511,2502,2499]}","{""name"":""not_defined"",""type"":""unknown"",""image_quality"":{""good"":true,""frontal"":true,""good_illumination"":true}}"
9.png,66060342,"{""caption"":"""",""public_domain"":""no"",""image_url"":""""}",2245,712,"{""name"":""polygon"",""all_points_x"":[1925,1926,1920,1906,1893,1879,1875,1894,1914],""all_points_y"":[2485,2486,2500,2522,2544,2565,2565,2540,2508]}","{""name"":""not_defined"",""type"":""unknown"",""image_quality"":{""good"":true,""frontal"":true,""good_illumination"":true}}"
9.png,66060342,"{""caption"":"""",""public_domain"":""no"",""image_url"":""""}",2245,713,"{""name"":""polygon"",""all_points_x"":[1980,1975,1980,1989,1993,1983],""all_points_y"":[2446,2446,2470,2498,2498,2463]}","{""name"":""not_defined"",""type"":""unknown"",""image_quality"":{""good"":true,""frontal"":true,""good_illumination"":true}}"
9.png,66060342,"{""caption"":"""",""public_domain"":""no"",""image_url"":""""}",2245,714,"{""name"":""polygon"",""all_points_x"":[1985,1985,1995,2012,2019,2036,2037,2022,2002],""all_points_y"":[2505,2502,2499,2499,2499,2498,2500,2502,2502]}","{""name"":""not_defined"",""type"":""unknown"",""image_quality"":{""good"":true,""frontal"":true,""good_illumination"":true}}"
9.png,66060342,"{""caption"":"""",""public_domain"":""no"",""image_url"":""""}",2245,715,"{""name"":""polygon"",""all_points_x"":[1862,1851,1855,1875,1872],""all_points_y"":[2585,2606,2605,2573,2573]}","{""name"":""not_defined"",""type"":""unknown"",""image_quality"":{""good"":true,""frontal"":true,""good_illumination"":true}}"
9.png,66060342,"{""caption"":"""",""public_domain"":""no"",""image_url"":""""}",2245,716,"{""name"":""polygon"",""all_points_x"":[2134,2132,2134,2137,2136,2143,2153,2165,2188,2192,2190,2168,2157,2147,2140],""all_points_y"":[2364,2361,2382,2413,2438,2467,2505,2545,2607,2603,2597,2534,2506,2459,2434]}","{""name"":""not_defined"",""type"":""unknown"",""image_quality"":{""good"":true,""frontal"":true,""good_illumination"":true}}"
9.png,66060342,"{""caption"":"""",""public_domain"":""no"",""image_url"":""""}",2245,717,"{""name"":""polygon"",""all_points_x"":[2230,2231,2295,2295,2260,2240],""all_points_y"":[2489,2496,2554,2551,2515,2501]}","{""name"":""not_defined"",""type"":""unknown"",""image_quality"":{""good"":true,""frontal"":true,""good_illumination"":true}}"
9.png,66060342,"{""caption"":"""",""public_domain"":""no"",""image_url"":""""}",2245,718,"{""name"":""polygon"",""all_points_x"":[2367,2364,2368,2371],""all_points_y"":[2622,2621,2658,2658]}","{""name"":""not_defined"",""type"":""unknown"",""image_quality"":{""good"":true,""frontal"":true,""good_illumination"":true}}"
9.png,66060342,"{""caption"":"""",""public_domain"":""no"",""image_url"":""""}",2245,719,"{""name"":""polygon"",""all_points_x"":[2579,2576,2578,2580,2584,2581],""all_points_y"":[2568,2566,2603,2627,2625,2595]}","{""name"":""not_defined"",""type"":""unknown"",""image_quality"":{""good"":true,""frontal"":true,""good_illumination"":true}}"
9.png,66060342,"{""caption"":"""",""public_domain"":""no"",""image_url"":""""}",2245,720,"{""name"":""polygon"",""all_points_x"":[2682,2677,2698,2701],""all_points_y"":[2381,2383,2410,2408]}","{""name"":""not_defined"",""type"":""unknown"",""image_quality"":{""good"":true,""frontal"":true,""good_illumination"":true}}"
9.png,66060342,"{""caption"":"""",""public_domain"":""no"",""image_url"":""""}",2245,721,"{""name"":""polygon"",""all_points_x"":[2704,2699,2722,2739,2742,2718,2714],""all_points_y"":[2365,2368,2393,2410,2408,2384,2381]}","{""name"":""not_defined"",""type"":""unknown"",""image_quality"":{""good"":true,""frontal"":true,""good_illumination"":true}}"
9.png,66060342,"{""caption"":"""",""public_domain"":""no"",""image_url"":""""}",2245,722,"{""name"":""polygon"",""all_points_x"":[2815,2810,2828,2832,2823],""all_points_y"":[2375,2373,2454,2449,2412]}","{""name"":""not_defined"",""type"":""unknown"",""image_quality"":{""good"":true,""frontal"":true,""good_illumination"":true}}"
9.png,66060342,"{""caption"":"""",""public_domain"":""no"",""image_url"":""""}",2245,723,"{""name"":""polygon"",""all_points_x"":[2157,2158,2178,2209,2219,2215,2201,2157],""all_points_y"":[2350,2349,2375,2420,2434,2433,2413,2352]}","{""name"":""not_defined"",""type"":""unknown"",""image_quality"":{""good"":true,""frontal"":true,""good_illumination"":true}}"
9.png,66060342,"{""caption"":"""",""public_domain"":""no"",""image_url"":""""}",2245,724,"{""name"":""polygon"",""all_points_x"":[2188,2184,2217,2260,2264,2247,2219,2201],""all_points_y"":[2504,2507,2534,2576,2573,2553,2530,2517]}","{""name"":""not_defined"",""type"":""unknown"",""image_quality"":{""good"":true,""frontal"":true,""good_illumination"":true}}"
9.png,66060342,"{""caption"":"""",""public_domain"":""no"",""image_url"":""""}",2245,725,"{""name"":""polygon"",""all_points_x"":[2113,2108,2130,2133],""all_points_y"":[2544,2541,2601,2599]}","{""name"":""not_defined"",""type"":""unknown"",""image_quality"":{""good"":true,""frontal"":true,""good_illumination"":true}}"
9.png,66060342,"{""caption"":"""",""public_domain"":""no"",""image_url"":""""}",2245,726,"{""name"":""polygon"",""all_points_x"":[2129,2125,2135,2138,2145,2138],""all_points_y"":[2499,2501,2559,2605,2605,2553]}","{""name"":""not_defined"",""type"":""unknown"",""image_quality"":{""good"":true,""frontal"":true,""good_illumination"":true}}"
9.png,66060342,"{""caption"":"""",""public_domain"":""no"",""image_url"":""""}",2245,727,"{""name"":""polygon"",""all_points_x"":[2279,2277,2304,2307],""all_points_y"":[2586,2593,2618,2615]}","{""name"":""not_defined"",""type"":""unknown"",""image_quality"":{""good"":true,""frontal"":true,""good_illumination"":true}}"
9.png,66060342,"{""caption"":"""",""public_domain"":""no"",""image_url"":""""}",2245,728,"{""name"":""polygon"",""all_points_x"":[2319,2315,2298,2296,2295,2299,2301,2310],""all_points_y"":[2606,2608,2559,2549,2530,2538,2554,2586]}","{""name"":""not_defined"",""type"":""unknown"",""image_quality"":{""good"":true,""frontal"":true,""good_illumination"":true}}"
9.png,66060342,"{""caption"":"""",""public_domain"":""no"",""image_url"":""""}",2245,729,"{""name"":""polygon"",""all_points_x"":[2201,2203,2191,2183,2170,2160,2151,2127,2121,2113,2128,2156,2171,2198],""all_points_y"":[2736,2738,2758,2777,2799,2818,2837,2902,2924,2925,2890,2820,2793,2739]}","{""name"":""not_defined"",""type"":""unknown"",""image_quality"":{""good"":true,""frontal"":true,""good_illumination"":true}}"
9.png,66060342,"{""caption"":"""",""public_domain"":""no"",""image_url"":""""}",2245,730,"{""name"":""polygon"",""all_points_x"":[2193,2192,2220,2250,2275,2277,2259,2241,2212],""all_points_y"":[2951,2953,2953,2955,2963,2962,2956,2951,2949]}","{""name"":""not_defined"",""type"":""unknown"",""image_quality"":{""good"":true,""frontal"":true,""good_illumination"":true}}"
9.png,66060342,"{""caption"":"""",""public_domain"":""no"",""image_url"":""""}",2245,731,"{""name"":""polygon"",""all_points_x"":[2081,2077,2081,2085,2089,2098,2103,2108,2112,2104,2098,2090,2086],""all_points_y"":[2660,2659,2693,2716,2739,2793,2829,2879,2877,2803,2772,2722,2704]}","{""name"":""not_defined"",""type"":""unknown"",""image_quality"":{""good"":true,""frontal"":true,""good_illumination"":true}}"
9.png,66060342,"{""caption"":"""",""public_domain"":""no"",""image_url"":""""}",2245,732,"{""name"":""polygon"",""all_points_x"":[2112,2108,2106,2109],""all_points_y"":[2951,2951,2886,2887]}","{""name"":""not_defined"",""type"":""unknown"",""image_quality"":{""good"":true,""frontal"":true,""good_illumination"":true}}"
9.png,66060342,"{""caption"":"""",""public_domain"":""no"",""image_url"":""""}",2245,733,"{""name"":""polygon"",""all_points_x"":[2198,2192,2183,2186],""all_points_y"":[2809,2811,2783,2778]}","{""name"":""not_defined"",""type"":""unknown"",""image_quality"":{""good"":true,""frontal"":true,""good_illumination"":true}}"
9.png,66060342,"{""caption"":"""",""public_domain"":""no"",""image_url"":""""}",2245,734,"{""name"":""polygon"",""all_points_x"":[2162,2165,2166,2166,2165,2167,2163,2162],""all_points_y"":[2918,2919,2899,2877,2864,2809,2819,2862]}","{""name"":""not_defined"",""type"":""unknown"",""image_quality"":{""good"":true,""frontal"":true,""good_illumination"":true}}"
9.png,66060342,"{""caption"":"""",""public_domain"":""no"",""image_url"":""""}",2245,735,"{""name"":""polygon"",""all_points_x"":[2154,2150,2138,2134,2144,2154],""all_points_y"":[2687,2685,2763,2802,2790,2705]}","{""name"":""not_defined"",""type"":""unknown"",""image_quality"":{""good"":true,""frontal"":true,""good_illumination"":true}}"
9.png,66060342,"{""caption"":"""",""public_domain"":""no"",""image_url"":""""}",2245,736,"{""name"":""polygon"",""all_points_x"":[2168,2163,2163,2163,2165,2166],""all_points_y"":[2707,2709,2742,2799,2798,2745]}","{""name"":""not_defined"",""type"":""unknown"",""image_quality"":{""good"":true,""frontal"":true,""good_illumination"":true}}"
9.png,66060342,"{""caption"":"""",""public_domain"":""no"",""image_url"":""""}",2245,737,"{""name"":""polygon"",""all_points_x"":[2154,2150,2155,2156],""all_points_y"":[2755,2756,2816,2814]}","{""name"":""not_defined"",""type"":""unknown"",""image_quality"":{""good"":true,""frontal"":true,""good_illumination"":true}}"
9.png,66060342,"{""caption"":"""",""public_domain"":""no"",""image_url"":""""}",2245,738,"{""name"":""polygon"",""all_points_x"":[2139,2144,2153,2152],""all_points_y"":[2796,2794,2810,2814]}","{""name"":""not_defined"",""type"":""unknown"",""image_quality"":{""good"":true,""frontal"":true,""good_illumination"":true}}"
9.png,66060342,"{""caption"":"""",""public_domain"":""no"",""image_url"":""""}",2245,739,"{""name"":""polygon"",""all_points_x"":[2133,2124,2118,2123,2129,2139,2140,2137],""all_points_y"":[2810,2864,2906,2901,2854,2811,2791,2793]}","{""name"":""not_defined"",""type"":""unknown"",""image_quality"":{""good"":true,""frontal"":true,""good_illumination"":true}}"
9.png,66060342,"{""caption"":"""",""public_domain"":""no"",""image_url"":""""}",2245,740,"{""name"":""polygon"",""all_points_x"":[2104,2124,2123,2102],""all_points_y"":[2753,2782,2784,2753]}","{""name"":""not_defined"",""type"":""unknown"",""image_quality"":{""good"":true,""frontal"":true,""good_illumination"":true}}"
9.png,66060342,"{""caption"":"""",""public_domain"":""no"",""image_url"":""""}",2245,741,"{""name"":""polygon"",""all_points_x"":[2157,2160,2158,2155,2157],""all_points_y"":[2921,2921,2831,2835,2880]}","{""name"":""not_defined"",""type"":""unknown"",""image_quality"":{""good"":true,""frontal"":true,""good_illumination"":true}}"
9.png,66060342,"{""caption"":"""",""public_domain"":""no"",""image_url"":""""}",2245,742,"{""name"":""polygon"",""all_points_x"":[2526,2519,2527,2529,2524],""all_points_y"":[2447,2447,2494,2492,2465]}","{""name"":""not_defined"",""type"":""unknown"",""image_quality"":{""good"":true,""frontal"":true,""good_illumination"":true}}"
9.png,66060342,"{""caption"":"""",""public_domain"":""no"",""image_url"":""""}",2245,743,"{""name"":""polygon"",""all_points_x"":[2577,2568,2558,2556,2548,2551,2558,2559,2562,2570,2571],""all_points_y"":[2344,2342,2275,2263,2177,2182,2234,2260,2274,2316,2333]}","{""name"":""not_defined"",""type"":""unknown"",""image_quality"":{""good"":true,""frontal"":true,""good_illumination"":true}}"
9.png,66060342,"{""caption"":"""",""public_domain"":""no"",""image_url"":""""}",2245,744,"{""name"":""polygon"",""all_points_x"":[2591,2590,2572,2559,2548,2543,2536,2539,2546,2553,2559,2566,2576],""all_points_y"":[2282,2286,2253,2211,2169,2133,2081,2079,2138,2170,2191,2217,2245]}","{""name"":""not_defined"",""type"":""unknown"",""image_quality"":{""good"":true,""frontal"":true,""good_illumination"":true}}"
9.png,66060342,"{""caption"":"""",""public_domain"":""no"",""image_url"":""""}",2245,745,"{""name"":""polygon"",""all_points_x"":[2646,2641,2638,2635,2627,2618,2608,2600,2583,2586,2602,2617,2622,2630,2642],""all_points_y"":[1863,1863,1907,1926,1970,2019,2062,2083,2146,2147,2089,2045,2013,1975,1907]}","{""name"":""not_defined"",""type"":""unknown"",""image_quality"":{""good"":true,""frontal"":true,""good_illumination"":true}}"
9.png,66060342,"{""caption"":"""",""public_domain"":""no"",""image_url"":""""}",2245,746,"{""name"":""polygon"",""all_points_x"":[2463,2460,2460,2461,2464,2464,2463],""all_points_y"":[1959,1959,2004,2114,2113,2038,1980]}","{""name"":""not_defined"",""type"":""unknown"",""image_quality"":{""good"":true,""frontal"":true,""good_illumination"":true}}"
9.png,66060342,"{""caption"":"""",""public_domain"":""no"",""image_url"":""""}",2245,747,"{""name"":""polygon"",""all_points_x"":[2464,2460,2469,2486,2514,2525,2528,2518,2505,2492,2479,2472,2468],""all_points_y"":[1923,1922,1951,1986,2031,2067,2067,2027,2007,1990,1964,1951,1940]}","{""name"":""not_defined"",""type"":""unknown"",""image_quality"":{""good"":true,""frontal"":true,""good_illumination"":true}}"
9.png,66060342,"{""caption"":"""",""public_domain"":""no"",""image_url"":""""}",2245,748,"{""name"":""polygon"",""all_points_x"":[2386,2382,2395,2402,2403],""all_points_y"":[1963,1966,2008,2030,2026]}","{""name"":""not_defined"",""type"":""unknown"",""image_quality"":{""good"":true,""frontal"":true,""good_illumination"":true}}"
9.png,66060342,"{""caption"":"""",""public_domain"":""no"",""image_url"":""""}",2245,749,"{""name"":""polygon"",""all_points_x"":[2365,2361,2376,2389,2400,2402,2403,2400,2380],""all_points_y"":[1963,1963,2002,2024,2045,2045,2045,2036,1998]}","{""name"":""not_defined"",""type"":""unknown"",""image_quality"":{""good"":true,""frontal"":true,""good_illumination"":true}}"
9.png,66060342,"{""caption"":"""",""public_domain"":""no"",""image_url"":""""}",2245,750,"{""name"":""polygon"",""all_points_x"":[2235,2232,2257,2273,2304,2333,2333,2301,2268],""all_points_y"":[1813,1817,1838,1852,1878,1898,1893,1869,1842]}","{""name"":""not_defined"",""type"":""unknown"",""image_quality"":{""good"":true,""frontal"":true,""good_illumination"":true}}"
9.png,66060342,"{""caption"":"""",""public_domain"":""no"",""image_url"":""""}",2245,751,"{""name"":""polygon"",""all_points_x"":[2313,2311,2327,2343,2368,2383,2400,2417,2427,2430,2401,2394,2375,2363,2345,2327],""all_points_y"":[1866,1867,1885,1898,1918,1928,1935,1947,1953,1951,1931,1926,1919,1907,1894,1880]}","{""name"":""not_defined"",""type"":""unknown"",""image_quality"":{""good"":true,""frontal"":true,""good_illumination"":true}}"
9.png,66060342,"{""caption"":"""",""public_domain"":""no"",""image_url"":""""}",2245,752,"{""name"":""polygon"",""all_points_x"":[2294,2291,2297,2313,2337,2357,2364,2369,2357,2341,2324],""all_points_y"":[1946,1946,1963,1997,2037,2067,2073,2076,2063,2039,2009]}","{""name"":""not_defined"",""type"":""unknown"",""image_quality"":{""good"":true,""frontal"":true,""good_illumination"":true}}"
9.png,66060342,"{""caption"":"""",""public_domain"":""no"",""image_url"":""""}",2245,753,"{""name"":""polygon"",""all_points_x"":[2269,2267,2285,2307,2323,2348,2358,2386,2386,2358,2331],""all_points_y"":[1970,1971,1995,2023,2040,2067,2075,2094,2092,2070,2045]}","{""name"":""not_defined"",""type"":""unknown"",""image_quality"":{""good"":true,""frontal"":true,""good_illumination"":true}}"
9.png,66060342,"{""caption"":"""",""public_domain"":""no"",""image_url"":""""}",2245,754,"{""name"":""polygon"",""all_points_x"":[2278,2274,2270,2270,2269,2269,2271,2274,2272,2274,2274,2274],""all_points_y"":[2064,2062,2112,2133,2168,2232,2241,2240,2217,2187,2143,2126]}","{""name"":""not_defined"",""type"":""unknown"",""image_quality"":{""good"":true,""frontal"":true,""good_illumination"":true}}"
9.png,66060342,"{""caption"":"""",""public_domain"":""no"",""image_url"":""""}",2245,755,"{""name"":""polygon"",""all_points_x"":[2144,2143,2180,2207,2208],""all_points_y"":[1987,1992,1993,1995,1992]}","{""name"":""not_defined"",""type"":""unknown"",""image_quality"":{""good"":true,""frontal"":true,""good_illumination"":true}}"
9.png,66060342,"{""caption"":"""",""public_domain"":""no"",""image_url"":""""}",2245,756,"{""name"":""polygon"",""all_points_x"":[2192,2188,2201,2220,2251,2252,2239,2213],""all_points_y"":[1880,1882,1889,1899,1916,1913,1902,1891]}","{""name"":""not_defined"",""type"":""unknown"",""image_quality"":{""good"":true,""frontal"":true,""good_illumination"":true}}"
9.png,66060342,"{""caption"":"""",""public_domain"":""no"",""image_url"":""""}",2245,757,"{""name"":""polygon"",""all_points_x"":[2148,2146,2161,2172,2201,2212,2213,2203,2165],""all_points_y"":[2002,2005,2022,2032,2055,2062,2059,2052,2021]}","{""name"":""not_defined"",""type"":""unknown"",""image_quality"":{""good"":true,""frontal"":true,""good_illumination"":true}}"
9.png,66060342,"{""caption"":"""",""public_domain"":""no"",""image_url"":""""}",2245,758,"{""name"":""polygon"",""all_points_x"":[2207,2206,2220,2232,2244,2265,2270,2270,2234],""all_points_y"":[1820,1824,1830,1838,1844,1854,1854,1852,1834]}","{""name"":""not_defined"",""type"":""unknown"",""image_quality"":{""good"":true,""frontal"":true,""good_illumination"":true}}"
9.png,66060342,"{""caption"":"""",""public_domain"":""no"",""image_url"":""""}",2245,759,"{""name"":""polygon"",""all_points_x"":[2246,2252,2255,2249,2245],""all_points_y"":[1863,1908,1908,1849,1847]}","{""name"":""not_defined"",""type"":""unknown"",""image_quality"":{""good"":true,""frontal"":true,""good_illumination"":true}}"
9.png,66060342,"{""caption"":"""",""public_domain"":""no"",""image_url"":""""}",2245,760,"{""name"":""polygon"",""all_points_x"":[2238,2243,2294,2304,2302],""all_points_y"":[1684,1682,1719,1726,1730]}","{""name"":""not_defined"",""type"":""unknown"",""image_quality"":{""good"":true,""frontal"":true,""good_illumination"":true}}"
9.png,66060342,"{""caption"":"""",""public_domain"":""no"",""image_url"":""""}",2245,761,"{""name"":""polygon"",""all_points_x"":[2296,2297,2299,2301,2306,2307,2305,2297],""all_points_y"":[1740,1728,1729,1745,1756,1763,1763,1744]}","{""name"":""not_defined"",""type"":""unknown"",""image_quality"":{""good"":true,""frontal"":true,""good_illumination"":true}}"
9.png,66060342,"{""caption"":"""",""public_domain"":""no"",""image_url"":""""}",2245,762,"{""name"":""polygon"",""all_points_x"":[2461,2457,2449,2444,2442,2420,2408,2400,2404,2424,2428,2447,2452,2460,2463],""all_points_y"":[1610,1621,1641,1655,1664,1714,1742,1763,1763,1718,1704,1661,1635,1620,1611]}","{""name"":""not_defined"",""type"":""unknown"",""image_quality"":{""good"":true,""frontal"":true,""good_illumination"":true}}"
9.png,66060342,"{""caption"":"""",""public_domain"":""no"",""image_url"":""""}",2245,763,"{""name"":""polygon"",""all_points_x"":[2376,2373,2374,2376,2377,2380,2383,2388,2383,2381,2376],""all_points_y"":[1772,1772,1812,1838,1866,1900,1920,1920,1886,1847,1806]}","{""name"":""not_defined"",""type"":""unknown"",""image_quality"":{""good"":true,""frontal"":true,""good_illumination"":true}}"
9.png,66060342,"{""caption"":"""",""public_domain"":""no"",""image_url"":""""}",2245,764,"{""name"":""polygon"",""all_points_x"":[2529,2531,2524,2507,2501,2480,2475,2473,2499,2506,2509],""all_points_y"":[1845,1845,1822,1775,1750,1700,1688,1694,1755,1784,1797]}","{""name"":""not_defined"",""type"":""unknown"",""image_quality"":{""good"":true,""frontal"":true,""good_illumination"":true}}"
9.png,66060342,"{""caption"":"""",""public_domain"":""no"",""image_url"":""""}",2245,765,"{""name"":""polygon"",""all_points_x"":[2344,2341,2366,2375,2372],""all_points_y"":[1794,1797,1841,1856,1843]}","{""name"":""not_defined"",""type"":""unknown"",""image_quality"":{""good"":true,""frontal"":true,""good_illumination"":true}}"
9.png,66060342,"{""caption"":"""",""public_domain"":""no"",""image_url"":""""}",2245,766,"{""name"":""polygon"",""all_points_x"":[2403,2401,2413,2425,2428,2431,2422],""all_points_y"":[1782,1784,1808,1826,1832,1832,1814]}","{""name"":""not_defined"",""type"":""unknown"",""image_quality"":{""good"":true,""frontal"":true,""good_illumination"":true}}"
9.png,66060342,"{""caption"":"""",""public_domain"":""no"",""image_url"":""""}",2245,767,"{""name"":""polygon"",""all_points_x"":[2602,2598,2607,2613,2620,2625,2627,2621,2607,2605],""all_points_y"":[1763,1763,1807,1839,1877,1893,1894,1854,1787,1782]}","{""name"":""not_defined"",""type"":""unknown"",""image_quality"":{""good"":true,""frontal"":true,""good_illumination"":true}}"
9.png,66060342,"{""caption"":"""",""public_domain"":""no"",""image_url"":""""}",2245,768,"{""name"":""polygon"",""all_points_x"":[2415,2418,2405,2397,2395],""all_points_y"":[1836,1836,1798,1782,1785]}","{""name"":""not_defined"",""type"":""unknown"",""image_quality"":{""good"":true,""frontal"":true,""good_illumination"":true}}"
9.png,66060342,"{""caption"":"""",""public_domain"":""no"",""image_url"":""""}",2245,769,"{""name"":""polygon"",""all_points_x"":[2388,2379,2380,2395,2391],""all_points_y"":[1790,1813,1817,1782,1782]}","{""name"":""not_defined"",""type"":""unknown"",""image_quality"":{""good"":true,""frontal"":true,""good_illumination"":true}}"
9.png,66060342,"{""caption"":"""",""public_domain"":""no"",""image_url"":""""}",2245,770,"{""name"":""polygon"",""all_points_x"":[2441,2446,2444,2436,2420,2419,2435],""all_points_y"":[1778,1782,1773,1759,1731,1733,1765]}","{""name"":""not_defined"",""type"":""unknown"",""image_quality"":{""good"":true,""frontal"":true,""good_illumination"":true}}"
9.png,66060342,"{""caption"":"""",""public_domain"":""no"",""image_url"":""""}",2245,771,"{""name"":""polygon"",""all_points_x"":[2502,2497,2472,2459,2455,2435,2423,2423,2426,2435,2450,2464],""all_points_y"":[1832,1832,1798,1784,1777,1743,1726,1723,1723,1741,1766,1787]}","{""name"":""not_defined"",""type"":""unknown"",""image_quality"":{""good"":true,""frontal"":true,""good_illumination"":true}}"
9.png,66060342,"{""caption"":"""",""public_domain"":""no"",""image_url"":""""}",2245,772,"{""name"":""polygon"",""all_points_x"":[2295,2292,2311,2314],""all_points_y"":[1693,1693,1741,1742]}","{""name"":""not_defined"",""type"":""unknown"",""image_quality"":{""good"":true,""frontal"":true,""good_illumination"":true}}"
9.png,66060342,"{""caption"":"""",""public_domain"":""no"",""image_url"":""""}",2245,773,"{""name"":""polygon"",""all_points_x"":[2323,2320,2336,2348,2370,2376,2363,2346],""all_points_y"":[1611,1614,1632,1644,1667,1667,1650,1636]}","{""name"":""not_defined"",""type"":""unknown"",""image_quality"":{""good"":true,""frontal"":true,""good_illumination"":true}}"
9.png,66060342,"{""caption"":"""",""public_domain"":""no"",""image_url"":""""}",2245,774,"{""name"":""polygon"",""all_points_x"":[2382,2378,2394,2408,2425,2427,2418,2408],""all_points_y"":[1610,1615,1642,1666,1693,1691,1669,1656]}","{""name"":""not_defined"",""type"":""unknown"",""image_quality"":{""good"":true,""frontal"":true,""good_illumination"":true}}"
9.png,66060342,"{""caption"":"""",""public_domain"":""no"",""image_url"":""""}",2245,775,"{""name"":""polygon"",""all_points_x"":[2424,2422,2437,2438],""all_points_y"":[1634,1634,1671,1667]}","{""name"":""not_defined"",""type"":""unknown"",""image_quality"":{""good"":true,""frontal"":true,""good_illumination"":true}}"
9.png,66060342,"{""caption"":"""",""public_domain"":""no"",""image_url"":""""}",2245,776,"{""name"":""polygon"",""all_points_x"":[2445,2458,2489,2504,2506,2489,2477,2443,2442],""all_points_y"":[1686,1715,1778,1807,1807,1773,1750,1677,1678]}","{""name"":""not_defined"",""type"":""unknown"",""image_quality"":{""good"":true,""frontal"":true,""good_illumination"":true}}"
9.png,66060342,"{""caption"":"""",""public_domain"":""no"",""image_url"":""""}",2245,777,"{""name"":""polygon"",""all_points_x"":[2502,2498,2502,2508,2527,2539,2558,2565,2586,2588,2575,2563,2556,2537,2523,2513],""all_points_y"":[1559,1556,1581,1608,1654,1685,1719,1731,1758,1758,1738,1721,1709,1671,1630,1609]}","{""name"":""not_defined"",""type"":""unknown"",""image_quality"":{""good"":true,""frontal"":true,""good_illumination"":true}}"
9.png,66060342,"{""caption"":"""",""public_domain"":""no"",""image_url"":""""}",2245,778,"{""name"":""polygon"",""all_points_x"":[2523,2518,2527,2548,2553,2539],""all_points_y"":[1600,1603,1614,1646,1647,1625]}","{""name"":""not_defined"",""type"":""unknown"",""image_quality"":{""good"":true,""frontal"":true,""good_illumination"":true}}"
9.png,66060342,"{""caption"":"""",""public_domain"":""no"",""image_url"":""""}",2245,779,"{""name"":""polygon"",""all_points_x"":[2565,2558,2565,2577,2589,2603,2610,2610,2601,2583,2577,2567],""all_points_y"":[1661,1663,1672,1688,1698,1715,1723,1720,1709,1688,1681,1667]}","{""name"":""not_defined"",""type"":""unknown"",""image_quality"":{""good"":true,""frontal"":true,""good_illumination"":true}}"
9.png,66060342,"{""caption"":"""",""public_domain"":""no"",""image_url"":""""}",2245,780,"{""name"":""polygon"",""all_points_x"":[2577,2573,2563,2556,2539,2535,2531,2533,2541,2555,2564],""all_points_y"":[1725,1726,1708,1701,1667,1661,1647,1647,1666,1689,1703]}","{""name"":""not_defined"",""type"":""unknown"",""image_quality"":{""good"":true,""frontal"":true,""good_illumination"":true}}"
9.png,66060342,"{""caption"":"""",""public_domain"":""no"",""image_url"":""""}",2245,781,"{""name"":""polygon"",""all_points_x"":[2511,2507,2521,2531,2539,2543,2546,2535,2531,2522],""all_points_y"":[1661,1659,1700,1725,1740,1746,1745,1723,1715,1698]}","{""name"":""not_defined"",""type"":""unknown"",""image_quality"":{""good"":true,""frontal"":true,""good_illumination"":true}}"
9.png,66060342,"{""caption"":"""",""public_domain"":""no"",""image_url"":""""}",2245,782,"{""name"":""polygon"",""all_points_x"":[2555,2552,2552,2555,2567,2570,2571,2581,2595,2602,2620,2620,2610,2600,2596,2578,2574,2571,2561,2556],""all_points_y"":[1770,1770,1788,1795,1823,1832,1839,1849,1859,1869,1884,1882,1871,1859,1854,1841,1834,1824,1804,1788]}","{""name"":""not_defined"",""type"":""unknown"",""image_quality"":{""good"":true,""frontal"":true,""good_illumination"":true}}"
9.png,66060342,"{""caption"":"""",""public_domain"":""no"",""image_url"":""""}",2245,783,"{""name"":""polygon"",""all_points_x"":[2452,2452,2423,2423,2441],""all_points_y"":[1807,1811,1814,1813,1810]}","{""name"":""not_defined"",""type"":""unknown"",""image_quality"":{""good"":true,""frontal"":true,""good_illumination"":true}}"
9.png,66060342,"{""caption"":"""",""public_domain"":""no"",""image_url"":""""}",2245,784,"{""name"":""polygon"",""all_points_x"":[2389,2385,2430,2433,2426],""all_points_y"":[1603,1607,1689,1682,1675]}","{""name"":""not_defined"",""type"":""unknown"",""image_quality"":{""good"":true,""frontal"":true,""good_illumination"":true}}"
9.png,66060342,"{""caption"":"""",""public_domain"":""no"",""image_url"":""""}",2245,785,"{""name"":""polygon"",""all_points_x"":[2753,2749,2758,2759,2769,2769,2767,2768,2769,2775,2773,2778,2776,2776,2770],""all_points_y"":[1681,1684,1716,1726,1762,1783,1852,1899,1925,1925,1889,1823,1774,1758,1744]}","{""name"":""not_defined"",""type"":""unknown"",""image_quality"":{""good"":true,""frontal"":true,""good_illumination"":true}}"
9.png,66060342,"{""caption"":"""",""public_domain"":""no"",""image_url"":""""}",2245,786,"{""name"":""polygon"",""all_points_x"":[2691,2688,2696,2699,2702,2707,2709,2711,2706,2706,2695],""all_points_y"":[1844,1843,1889,1919,1946,1963,1969,1970,1946,1935,1867]}","{""name"":""not_defined"",""type"":""unknown"",""image_quality"":{""good"":true,""frontal"":true,""good_illumination"":true}}"
9.png,66060342,"{""caption"":"""",""public_domain"":""no"",""image_url"":""""}",2245,787,"{""name"":""polygon"",""all_points_x"":[2477,2476,2494,2506,2506],""all_points_y"":[1886,1889,1892,1893,1891]}","{""name"":""not_defined"",""type"":""unknown"",""image_quality"":{""good"":true,""frontal"":true,""good_illumination"":true}}"
9.png,66060342,"{""caption"":"""",""public_domain"":""no"",""image_url"":""""}",2245,788,"{""name"":""polygon"",""all_points_x"":[2528,2526,2544,2560,2572,2572],""all_points_y"":[1893,1894,1897,1899,1901,1898]}","{""name"":""not_defined"",""type"":""unknown"",""image_quality"":{""good"":true,""frontal"":true,""good_illumination"":true}}"
9.png,66060342,"{""caption"":"""",""public_domain"":""no"",""image_url"":""""}",2245,789,"{""name"":""polygon"",""all_points_x"":[2323,2321,2362,2366,2347],""all_points_y"":[2155,2158,2189,2187,2172]}","{""name"":""not_defined"",""type"":""unknown"",""image_quality"":{""good"":true,""frontal"":true,""good_illumination"":true}}"
9.png,66060342,"{""caption"":"""",""public_domain"":""no"",""image_url"":""""}",2245,790,"{""name"":""polygon"",""all_points_x"":[2439,2435,2442,2459,2476,2489,2508,2517,2520,2520,2502,2497,2482,2477,2463,2447],""all_points_y"":[2114,2115,2129,2156,2183,2199,2218,2227,2227,2225,2209,2202,2183,2174,2155,2132]}","{""name"":""not_defined"",""type"":""unknown"",""image_quality"":{""good"":true,""frontal"":true,""good_illumination"":true}}"
9.png,66060342,"{""caption"":"""",""public_domain"":""no"",""image_url"":""""}",2245,791,"{""name"":""polygon"",""all_points_x"":[2519,2492,2487,2489,2501,2521],""all_points_y"":[2161,2180,2185,2188,2176,2164]}","{""name"":""not_defined"",""type"":""unknown"",""image_quality"":{""good"":true,""frontal"":true,""good_illumination"":true}}"
9.png,66060342,"{""caption"":"""",""public_domain"":""no"",""image_url"":""""}",2245,792,"{""name"":""polygon"",""all_points_x"":[2205,2200,2213,2216],""all_points_y"":[1940,1939,1996,1995]}","{""name"":""not_defined"",""type"":""unknown"",""image_quality"":{""good"":true,""frontal"":true,""good_illumination"":true}}"
9.png,66060342,"{""caption"":"""",""public_domain"":""no"",""image_url"":""""}",2245,793,"{""name"":""polygon"",""all_points_x"":[2232,2225,2248,2250,2239],""all_points_y"":[2045,2044,2110,2108,2071]}","{""name"":""not_defined"",""type"":""unknown"",""image_quality"":{""good"":true,""frontal"":true,""good_illumination"":true}}"
9.png,66060342,"{""caption"":"""",""public_domain"":""no"",""image_url"":""""}",2245,794,"{""name"":""polygon"",""all_points_x"":[2304,2301,2355,2360,2361,2350],""all_points_y"":[2183,2187,2258,2260,2259,2245]}","{""name"":""not_defined"",""type"":""unknown"",""image_quality"":{""good"":true,""frontal"":true,""good_illumination"":true}}"
9.png,66060342,"{""caption"":"""",""public_domain"":""no"",""image_url"":""""}",2245,795,"{""name"":""polygon"",""all_points_x"":[2660,2629,2631,2662],""all_points_y"":[2167,2214,2215,2170]}","{""name"":""not_defined"",""type"":""unknown"",""image_quality"":{""good"":true,""frontal"":true,""good_illumination"":true}}"
9.png,66060342,"{""caption"":"""",""public_domain"":""no"",""image_url"":""""}",2245,796,"{""name"":""polygon"",""all_points_x"":[2655,2627,2628,2652,2654,2657],""all_points_y"":[2150,2212,2214,2166,2164,2151]}","{""name"":""not_defined"",""type"":""unknown"",""image_quality"":{""good"":true,""frontal"":true,""good_illumination"":true}}"
9.png,66060342,"{""caption"":"""",""public_domain"":""no"",""image_url"":""""}",2245,797,"{""name"":""polygon"",""all_points_x"":[2627,2623,2637,2642],""all_points_y"":[2096,2099,2181,2175]}","{""name"":""not_defined"",""type"":""unknown"",""image_quality"":{""good"":true,""frontal"":true,""good_illumination"":true}}"
9.png,66060342,"{""caption"":"""",""public_domain"":""no"",""image_url"":""""}",2245,798,"{""name"":""polygon"",""all_points_x"":[2671,2670,2676,2685,2692,2700,2702,2701,2696,2691,2689],""all_points_y"":[2196,2197,2207,2215,2237,2256,2258,2247,2236,2225,2217]}","{""name"":""not_defined"",""type"":""unknown"",""image_quality"":{""good"":true,""frontal"":true,""good_illumination"":true}}"
9.png,66060342,"{""caption"":"""",""public_domain"":""no"",""image_url"":""""}",2245,799,"{""name"":""polygon"",""all_points_x"":[2691,2687,2704,2706],""all_points_y"":[1951,1951,2030,2028]}","{""name"":""not_defined"",""type"":""unknown"",""image_quality"":{""good"":true,""frontal"":true,""good_illumination"":true}}"
9.png,66060342,"{""caption"":"""",""public_domain"":""no"",""image_url"":""""}",2245,800,"{""name"":""polygon"",""all_points_x"":[2734,2731,2733,2736],""all_points_y"":[2084,2084,2133,2133]}","{""name"":""not_defined"",""type"":""unknown"",""image_quality"":{""good"":true,""frontal"":true,""good_illumination"":true}}"
9.png,66060342,"{""caption"":"""",""public_domain"":""no"",""image_url"":""""}",2245,801,"{""name"":""polygon"",""all_points_x"":[2670,2667,2675,2680,2684,2686,2684,2679],""all_points_y"":[2107,2107,2176,2197,2208,2209,2196,2184]}","{""name"":""not_defined"",""type"":""unknown"",""image_quality"":{""good"":true,""frontal"":true,""good_illumination"":true}}"
9.png,66060342,"{""caption"":"""",""public_domain"":""no"",""image_url"":""""}",2245,802,"{""name"":""polygon"",""all_points_x"":[2435,2431,2425,2427],""all_points_y"":[2009,2008,2057,2057]}","{""name"":""not_defined"",""type"":""unknown"",""image_quality"":{""good"":true,""frontal"":true,""good_illumination"":true}}"
9.png,66060342,"{""caption"":"""",""public_domain"":""no"",""image_url"":""""}",2245,803,"{""name"":""polygon"",""all_points_x"":[2482,2480,2492,2512,2522,2533,2535,2527,2520,2514,2508],""all_points_y"":[1948,1950,1976,2017,2036,2071,2070,2045,2023,2011,1997]}","{""name"":""not_defined"",""type"":""unknown"",""image_quality"":{""good"":true,""frontal"":true,""good_illumination"":true}}"
9.png,66060342,"{""caption"":"""",""public_domain"":""no"",""image_url"":""""}",2245,804,"{""name"":""polygon"",""all_points_x"":[2660,2656,2660,2670,2673],""all_points_y"":[1951,1952,1969,2004,2005]}","{""name"":""not_defined"",""type"":""unknown"",""image_quality"":{""good"":true,""frontal"":true,""good_illumination"":true}}"
9.png,66060342,"{""caption"":"""",""public_domain"":""no"",""image_url"":""""}",2245,805,"{""name"":""polygon"",""all_points_x"":[2115,2113,2124,2149,2166,2166,2133],""all_points_y"":[1924,1929,1930,1935,1942,1938,1929]}","{""name"":""not_defined"",""type"":""unknown"",""image_quality"":{""good"":true,""frontal"":true,""good_illumination"":true}}"
9.png,66060342,"{""caption"":"""",""public_domain"":""no"",""image_url"":""""}",2245,806,"{""name"":""polygon"",""all_points_x"":[2840,2836,2847,2862,2874,2922,2934,2933,2924,2881,2867],""all_points_y"":[1682,1685,1705,1732,1751,1829,1845,1839,1829,1755,1733]}","{""name"":""not_defined"",""type"":""unknown"",""image_quality"":{""good"":true,""frontal"":true,""good_illumination"":true}}"
9.png,66060342,"{""caption"":"""",""public_domain"":""no"",""image_url"":""""}",2245,807,"{""name"":""polygon"",""all_points_x"":[2991,2954,2931,2922,2927,2947,2959,2988,2998],""all_points_y"":[1785,1849,1888,1901,1901,1874,1845,1798,1788]}","{""name"":""not_defined"",""type"":""unknown"",""image_quality"":{""good"":true,""frontal"":true,""good_illumination"":true}}"
9.png,66060342,"{""caption"":"""",""public_domain"":""no"",""image_url"":""""}",2245,808,"{""name"":""polygon"",""all_points_x"":[2888,2897,2924,2921],""all_points_y"":[1961,1956,1905,1905]}","{""name"":""not_defined"",""type"":""unknown"",""image_quality"":{""good"":true,""frontal"":true,""good_illumination"":true}}"
9.png,66060342,"{""caption"":"""",""public_domain"":""no"",""image_url"":""""}",2245,809,"{""name"":""polygon"",""all_points_x"":[2930,2927,2925,2924,2926],""all_points_y"":[1635,1636,1691,1728,1728]}","{""name"":""not_defined"",""type"":""unknown"",""image_quality"":{""good"":true,""frontal"":true,""good_illumination"":true}}"
9.png,66060342,"{""caption"":"""",""public_domain"":""no"",""image_url"":""""}",2245,810,"{""name"":""polygon"",""all_points_x"":[2901,2899,2909,2934,2936,2926],""all_points_y"":[1718,1721,1725,1738,1737,1729]}","{""name"":""not_defined"",""type"":""unknown"",""image_quality"":{""good"":true,""frontal"":true,""good_illumination"":true}}"
9.png,66060342,"{""caption"":"""",""public_domain"":""no"",""image_url"":""""}",2245,811,"{""name"":""polygon"",""all_points_x"":[3037,3035,3048,3065,3080,3085,3089,3075,3065,3049],""all_points_y"":[1809,1810,1859,1909,1945,1951,1952,1929,1902,1857]}","{""name"":""not_defined"",""type"":""unknown"",""image_quality"":{""good"":true,""frontal"":true,""good_illumination"":true}}"
9.png,66060342,"{""caption"":"""",""public_domain"":""no"",""image_url"":""""}",2245,812,"{""name"":""polygon"",""all_points_x"":[3074,3076,3079,3082,3089,3092,3085,3081,3074],""all_points_y"":[1718,1778,1805,1851,1882,1882,1851,1793,1719]}","{""name"":""not_defined"",""type"":""unknown"",""image_quality"":{""good"":true,""frontal"":true,""good_illumination"":true}}"
9.png,66060342,"{""caption"":"""",""public_domain"":""no"",""image_url"":""""}",2245,813,"{""name"":""polygon"",""all_points_x"":[3090,3087,3092,3099,3116,3125,3124,3118,3100,3092],""all_points_y"":[1654,1654,1709,1740,1787,1802,1793,1781,1730,1680]}","{""name"":""not_defined"",""type"":""unknown"",""image_quality"":{""good"":true,""frontal"":true,""good_illumination"":true}}"
9.png,66060342,"{""caption"":"""",""public_domain"":""no"",""image_url"":""""}",2245,814,"{""name"":""polygon"",""all_points_x"":[2852,2847,2847,2837,2841,2847,2853],""all_points_y"":[1788,1788,1837,1931,1932,1903,1817]}","{""name"":""not_defined"",""type"":""unknown"",""image_quality"":{""good"":true,""frontal"":true,""good_illumination"":true}}"
9.png,66060342,"{""caption"":"""",""public_domain"":""no"",""image_url"":""""}",2245,815,"{""name"":""polygon"",""all_points_x"":[2924,2927,2932,2929,2927,2924],""all_points_y"":[1743,1827,1832,1816,1738,1736]}","{""name"":""not_defined"",""type"":""unknown"",""image_quality"":{""good"":true,""frontal"":true,""good_illumination"":true}}"
9.png,66060342,"{""caption"":"""",""public_domain"":""no"",""image_url"":""""}",2245,816,"{""name"":""polygon"",""all_points_x"":[3034,3029,3059,3062],""all_points_y"":[1671,1668,1744,1743]}","{""name"":""not_defined"",""type"":""unknown"",""image_quality"":{""good"":true,""frontal"":true,""good_illumination"":true}}"
9.png,66060342,"{""caption"":"""",""public_domain"":""no"",""image_url"":""""}",2245,817,"{""name"":""polygon"",""all_points_x"":[3041,3037,3061,3063,3052,3049],""all_points_y"":[1616,1619,1667,1667,1641,1632]}","{""name"":""not_defined"",""type"":""unknown"",""image_quality"":{""good"":true,""frontal"":true,""good_illumination"":true}}"
9.png,66060342,"{""caption"":"""",""public_domain"":""no"",""image_url"":""""}",2245,818,"{""name"":""polygon"",""all_points_x"":[2782,2780,2818,2840,2924,2895,2923,2872,2846,2795],""all_points_y"":[1477,1480,1547,1582,1709,1665,1704,1622,1585,1499]}","{""name"":""not_defined"",""type"":""unknown"",""image_quality"":{""good"":true,""frontal"":true,""good_illumination"":true}}"
9.png,66060342,"{""caption"":"""",""public_domain"":""no"",""image_url"":""""}",2245,819,"{""name"":""polygon"",""all_points_x"":[2942,2939,2931,2928,2924,2924,2933,2936,2929,2927,2933],""all_points_y"":[1953,1953,2009,2059,2113,2136,2167,2166,2133,2110,2023]}","{""name"":""not_defined"",""type"":""unknown"",""image_quality"":{""good"":true,""frontal"":true,""good_illumination"":true}}"
9.png,66060342,"{""caption"":"""",""public_domain"":""no"",""image_url"":""""}",2245,820,"{""name"":""polygon"",""all_points_x"":[2850,2843,2833,2840,2853],""all_points_y"":[2083,2082,2134,2135,2082]}","{""name"":""not_defined"",""type"":""unknown"",""image_quality"":{""good"":true,""frontal"":true,""good_illumination"":true}}"
9.png,66060342,"{""caption"":"""",""public_domain"":""no"",""image_url"":""""}",2245,821,"{""name"":""polygon"",""all_points_x"":[2916,2913,2914,2913,2916,2924,2931,2932,2928,2922,2919,2916],""all_points_y"":[2079,2078,2091,2101,2120,2161,2182,2179,2155,2141,2122,2105]}","{""name"":""not_defined"",""type"":""unknown"",""image_quality"":{""good"":true,""frontal"":true,""good_illumination"":true}}"
9.png,66060342,"{""caption"":"""",""public_domain"":""no"",""image_url"":""""}",2245,822,"{""name"":""polygon"",""all_points_x"":[2852,2847,2848,2846,2846,2848,2852],""all_points_y"":[2115,2115,2133,2157,2173,2173,2141]}","{""name"":""not_defined"",""type"":""unknown"",""image_quality"":{""good"":true,""frontal"":true,""good_illumination"":true}}"
9.png,66060342,"{""caption"":"""",""public_domain"":""no"",""image_url"":""""}",2245,823,"{""name"":""polygon"",""all_points_x"":[2801,2799,2841,2842],""all_points_y"":[2166,2172,2174,2170]}","{""name"":""not_defined"",""type"":""unknown"",""image_quality"":{""good"":true,""frontal"":true,""good_illumination"":true}}"
9.png,66060342,"{""caption"":"""",""public_domain"":""no"",""image_url"":""""}",2245,824,"{""name"":""polygon"",""all_points_x"":[2829,2825,2831,2840,2834],""all_points_y"":[2148,2166,2167,2135,2133]}","{""name"":""not_defined"",""type"":""unknown"",""image_quality"":{""good"":true,""frontal"":true,""good_illumination"":true}}"
9.png,66060342,"{""caption"":"""",""public_domain"":""no"",""image_url"":""""}",2245,825,"{""name"":""polygon"",""all_points_x"":[2783,2778,2781,2785,2785,2794,2796,2788,2788],""all_points_y"":[2187,2187,2228,2255,2267,2298,2296,2268,2258]}","{""name"":""not_defined"",""type"":""unknown"",""image_quality"":{""good"":true,""frontal"":true,""good_illumination"":true}}"
9.png,66060342,"{""caption"":"""",""public_domain"":""no"",""image_url"":""""}",2245,826,"{""name"":""polygon"",""all_points_x"":[2771,2769,2775,2782,2786,2790,2780],""all_points_y"":[2218,2218,2246,2283,2301,2299,2264]}","{""name"":""not_defined"",""type"":""unknown"",""image_quality"":{""good"":true,""frontal"":true,""good_illumination"":true}}"
9.png,66060342,"{""caption"":"""",""public_domain"":""no"",""image_url"":""""}",2245,827,"{""name"":""polygon"",""all_points_x"":[2759,2755,2761,2771,2783,2784,2777],""all_points_y"":[2227,2230,2247,2277,2311,2310,2283]}","{""name"":""not_defined"",""type"":""unknown"",""image_quality"":{""good"":true,""frontal"":true,""good_illumination"":true}}"
9.png,66060342,"{""caption"":"""",""public_domain"":""no"",""image_url"":""""}",2245,828,"{""name"":""polygon"",""all_points_x"":[2708,2701,2710,2715],""all_points_y"":[2134,2130,2169,2166]}","{""name"":""not_defined"",""type"":""unknown"",""image_quality"":{""good"":true,""frontal"":true,""good_illumination"":true}}"
9.png,66060342,"{""caption"":"""",""public_domain"":""no"",""image_url"":""""}",2245,829,"{""name"":""polygon"",""all_points_x"":[2807,2805,2800,2780,2783],""all_points_y"":[1751,1754,1743,1716,1713]}","{""name"":""not_defined"",""type"":""unknown"",""image_quality"":{""good"":true,""frontal"":true,""good_illumination"":true}}"
9.png,66060342,"{""caption"":"""",""public_domain"":""no"",""image_url"":""""}",2245,830,"{""name"":""polygon"",""all_points_x"":[2817,2813,2829,2832],""all_points_y"":[2227,2224,2276,2274]}","{""name"":""not_defined"",""type"":""unknown"",""image_quality"":{""good"":true,""frontal"":true,""good_illumination"":true}}"
9.png,66060342,"{""caption"":"""",""public_domain"":""no"",""image_url"":""""}",2245,831,"{""name"":""polygon"",""all_points_x"":[3082,3079,3084,3091,3095,3097,3100,3098,3089,3087],""all_points_y"":[2198,2197,2239,2279,2303,2309,2307,2287,2247,2235]}","{""name"":""not_defined"",""type"":""unknown"",""image_quality"":{""good"":true,""frontal"":true,""good_illumination"":true}}"
9.png,66060342,"{""caption"":"""",""public_domain"":""no"",""image_url"":""""}",2245,832,"{""name"":""polygon"",""all_points_x"":[2956,2951,2961,2969,2977,2985,2988,2983,2967],""all_points_y"":[2099,2101,2128,2159,2183,2214,2214,2185,2139]}","{""name"":""not_defined"",""type"":""unknown"",""image_quality"":{""good"":true,""frontal"":true,""good_illumination"":true}}"
9.png,66060342,"{""caption"":"""",""public_domain"":""no"",""image_url"":""""}",2245,833,"{""name"":""polygon"",""all_points_x"":[3136,3131,3121,3119,3111,3113,3125],""all_points_y"":[2253,2252,2295,2302,2352,2356,2289]}","{""name"":""not_defined"",""type"":""unknown"",""image_quality"":{""good"":true,""frontal"":true,""good_illumination"":true}}"
9.png,66060342,"{""caption"":"""",""public_domain"":""no"",""image_url"":""""}",2245,834,"{""name"":""polygon"",""all_points_x"":[2991,2985,2992,2997,3007,3011,3015,3010,2999,2998],""all_points_y"":[2230,2227,2255,2291,2358,2391,2391,2336,2276,2259]}","{""name"":""not_defined"",""type"":""unknown"",""image_quality"":{""good"":true,""frontal"":true,""good_illumination"":true}}"
9.png,66060342,"{""caption"":"""",""public_domain"":""no"",""image_url"":""""}",2245,835,"{""name"":""polygon"",""all_points_x"":[3066,3059,3053,3047,3050,3060,3068],""all_points_y"":[2316,2352,2386,2400,2400,2374,2318]}","{""name"":""not_defined"",""type"":""unknown"",""image_quality"":{""good"":true,""frontal"":true,""good_illumination"":true}}"
9.png,66060342,"{""caption"":"""",""public_domain"":""no"",""image_url"":""""}",2245,836,"{""name"":""polygon"",""all_points_x"":[3097,3107,3114,3123,3126,3114,3108,3102,3100],""all_points_y"":[2316,2358,2373,2393,2392,2364,2347,2324,2314]}","{""name"":""not_defined"",""type"":""unknown"",""image_quality"":{""good"":true,""frontal"":true,""good_illumination"":true}}"
9.png,66060342,"{""caption"":"""",""public_domain"":""no"",""image_url"":""""}",2245,837,"{""name"":""polygon"",""all_points_x"":[2877,2870,2875,2875,2877,2883,2885,2884,2882,2879,2877],""all_points_y"":[2302,2304,2347,2388,2430,2449,2447,2433,2399,2343,2324]}","{""name"":""not_defined"",""type"":""unknown"",""image_quality"":{""good"":true,""frontal"":true,""good_illumination"":true}}"
9.png,66060342,"{""caption"":"""",""public_domain"":""no"",""image_url"":""""}",2245,838,"{""name"":""polygon"",""all_points_x"":[2899,2896,2902,2912,2923,2926,2929,2925,2921,2909,2903],""all_points_y"":[2333,2333,2360,2406,2458,2465,2466,2446,2422,2370,2356]}","{""name"":""not_defined"",""type"":""unknown"",""image_quality"":{""good"":true,""frontal"":true,""good_illumination"":true}}"
9.png,66060342,"{""caption"":"""",""public_domain"":""no"",""image_url"":""""}",2245,839,"{""name"":""polygon"",""all_points_x"":[3290,3286,3275,3262,3247,3233,3227,3230,3260],""all_points_y"":[2214,2213,2232,2257,2282,2304,2314,2315,2264]}","{""name"":""not_defined"",""type"":""unknown"",""image_quality"":{""good"":true,""frontal"":true,""good_illumination"":true}}"
9.png,66060342,"{""caption"":"""",""public_domain"":""no"",""image_url"":""""}",2245,840,"{""name"":""polygon"",""all_points_x"":[2938,2936,2940,2946,2979,2986,2989,2981,2962,2947,2943],""all_points_y"":[2180,2181,2201,2212,2260,2271,2271,2258,2227,2207,2198]}","{""name"":""not_defined"",""type"":""unknown"",""image_quality"":{""good"":true,""frontal"":true,""good_illumination"":true}}"
9.png,66060342,"{""caption"":"""",""public_domain"":""no"",""image_url"":""""}",2245,841,"{""name"":""polygon"",""all_points_x"":[2918,2916,2921,2934,2942,2949,2951,2946,2940,2933],""all_points_y"":[2237,2239,2249,2275,2298,2321,2318,2297,2281,2267]}","{""name"":""not_defined"",""type"":""unknown"",""image_quality"":{""good"":true,""frontal"":true,""good_illumination"":true}}"
9.png,66060342,"{""caption"":"""",""public_domain"":""no"",""image_url"":""""}",2245,842,"{""name"":""polygon"",""all_points_x"":[2953,2957,2958,2956,2953,2951,2956],""all_points_y"":[2386,2389,2356,2341,2321,2323,2358]}","{""name"":""not_defined"",""type"":""unknown"",""image_quality"":{""good"":true,""frontal"":true,""good_illumination"":true}}"
9.png,66060342,"{""caption"":"""",""public_domain"":""no"",""image_url"":""""}",2245,843,"{""name"":""polygon"",""all_points_x"":[2979,2981,2981,2973,2970,2968,2961,2959,2965,2972],""all_points_y"":[2452,2452,2446,2423,2407,2397,2358,2364,2398,2429]}","{""name"":""not_defined"",""type"":""unknown"",""image_quality"":{""good"":true,""frontal"":true,""good_illumination"":true}}"
9.png,66060342,"{""caption"":"""",""public_domain"":""no"",""image_url"":""""}",2245,844,"{""name"":""polygon"",""all_points_x"":[3024,3020,3021,3016,3014,3016,3023,3025,3027],""all_points_y"":[2465,2467,2450,2420,2404,2406,2437,2455,2464]}","{""name"":""not_defined"",""type"":""unknown"",""image_quality"":{""good"":true,""frontal"":true,""good_illumination"":true}}"
9.png,66060342,"{""caption"":"""",""public_domain"":""no"",""image_url"":""""}",2245,845,"{""name"":""polygon"",""all_points_x"":[3042,3034,3025,3021,3022,3029,3045],""all_points_y"":[2415,2452,2485,2504,2504,2484,2422]}","{""name"":""not_defined"",""type"":""unknown"",""image_quality"":{""good"":true,""frontal"":true,""good_illumination"":true}}"
9.png,66060342,"{""caption"":"""",""public_domain"":""no"",""image_url"":""""}",2245,846,"{""name"":""polygon"",""all_points_x"":[2916,2916,2910,2894,2889,2890,2903],""all_points_y"":[2507,2507,2496,2444,2421,2418,2465]}","{""name"":""not_defined"",""type"":""unknown"",""image_quality"":{""good"":true,""frontal"":true,""good_illumination"":true}}"
9.png,66060342,"{""caption"":"""",""public_domain"":""no"",""image_url"":""""}",2245,847,"{""name"":""polygon"",""all_points_x"":[2953,2957,2940,2928,2929],""all_points_y"":[2528,2526,2479,2449,2459]}","{""name"":""not_defined"",""type"":""unknown"",""image_quality"":{""good"":true,""frontal"":true,""good_illumination"":true}}"
9.png,66060342,"{""caption"":"""",""public_domain"":""no"",""image_url"":""""}",2245,848,"{""name"":""polygon"",""all_points_x"":[2995,2995,3027,3056,3069,3072,3050,3026],""all_points_y"":[2389,2397,2406,2410,2418,2412,2403,2397]}","{""name"":""not_defined"",""type"":""unknown"",""image_quality"":{""good"":true,""frontal"":true,""good_illumination"":true}}"
9.png,66060342,"{""caption"":"""",""public_domain"":""no"",""image_url"":""""}",2245,849,"{""name"":""polygon"",""all_points_x"":[3105,3100,3097,3098,3100,3104,3104,3111,3107],""all_points_y"":[2374,2423,2465,2471,2471,2449,2419,2365,2363]}","{""name"":""not_defined"",""type"":""unknown"",""image_quality"":{""good"":true,""frontal"":true,""good_illumination"":true}}"
9.png,66060342,"{""caption"":"""",""public_domain"":""no"",""image_url"":""""}",2245,850,"{""name"":""polygon"",""all_points_x"":[3147,3129,3122,3103,3108,3131,3147,3152],""all_points_y"":[2323,2383,2405,2468,2470,2384,2342,2323]}","{""name"":""not_defined"",""type"":""unknown"",""image_quality"":{""good"":true,""frontal"":true,""good_illumination"":true}}"
9.png,66060342,"{""caption"":"""",""public_domain"":""no"",""image_url"":""""}",2245,851,"{""name"":""polygon"",""all_points_x"":[3160,3156,3149,3144,3144,3151,3153],""all_points_y"":[2358,2357,2396,2440,2452,2449,2406]}","{""name"":""not_defined"",""type"":""unknown"",""image_quality"":{""good"":true,""frontal"":true,""good_illumination"":true}}"
9.png,66060342,"{""caption"":"""",""public_domain"":""no"",""image_url"":""""}",2245,852,"{""name"":""polygon"",""all_points_x"":[3293,3270,3256,3233,3210,3211,3247,3273,3295],""all_points_y"":[2264,2282,2295,2316,2338,2339,2306,2283,2265]}","{""name"":""not_defined"",""type"":""unknown"",""image_quality"":{""good"":true,""frontal"":true,""good_illumination"":true}}"
9.png,66060342,"{""caption"":"""",""public_domain"":""no"",""image_url"":""""}",2245,853,"{""name"":""polygon"",""all_points_x"":[3273,3270,3247,3231,3237,3249],""all_points_y"":[2343,2345,2330,2322,2316,2328]}","{""name"":""not_defined"",""type"":""unknown"",""image_quality"":{""good"":true,""frontal"":true,""good_illumination"":true}}"
9.png,66060342,"{""caption"":"""",""public_domain"":""no"",""image_url"":""""}",2245,854,"{""name"":""polygon"",""all_points_x"":[3206,3203,3210,3214],""all_points_y"":[2323,2323,2353,2352]}","{""name"":""not_defined"",""type"":""unknown"",""image_quality"":{""good"":true,""frontal"":true,""good_illumination"":true}}"
9.png,66060342,"{""caption"":"""",""public_domain"":""no"",""image_url"":""""}",2245,855,"{""name"":""polygon"",""all_points_x"":[3213,3214,3218,3223,3226,3224,3221,3216],""all_points_y"":[2362,2371,2376,2395,2396,2383,2373,2361]}","{""name"":""not_defined"",""type"":""unknown"",""image_quality"":{""good"":true,""frontal"":true,""good_illumination"":true}}"
9.png,66060342,"{""caption"":"""",""public_domain"":""no"",""image_url"":""""}",2245,856,"{""name"":""polygon"",""all_points_x"":[2646,2640,2633,2637,2645,2649,2650],""all_points_y"":[2841,2866,2891,2891,2860,2848,2842]}","{""name"":""not_defined"",""type"":""unknown"",""image_quality"":{""good"":true,""frontal"":true,""good_illumination"":true}}"
9.png,66060342,"{""caption"":"""",""public_domain"":""no"",""image_url"":""""}",2245,857,"{""name"":""polygon"",""all_points_x"":[2537,2501,2506,2538],""all_points_y"":[3074,3127,3130,3084]}","{""name"":""not_defined"",""type"":""unknown"",""image_quality"":{""good"":true,""frontal"":true,""good_illumination"":true}}"
9.png,66060342,"{""caption"":"""",""public_domain"":""no"",""image_url"":""""}",2245,858,"{""name"":""polygon"",""all_points_x"":[2522,2517,2501,2504],""all_points_y"":[3122,3122,3173,3173]}","{""name"":""not_defined"",""type"":""unknown"",""image_quality"":{""good"":true,""frontal"":true,""good_illumination"":true}}"
9.png,66060342,"{""caption"":"""",""public_domain"":""no"",""image_url"":""""}",2245,859,"{""name"":""polygon"",""all_points_x"":[3688,3667,3650,3615,3617,3654,3667,3684,3692],""all_points_y"":[2691,2738,2759,2817,2822,2763,2746,2712,2694]}","{""name"":""not_defined"",""type"":""unknown"",""image_quality"":{""good"":true,""frontal"":true,""good_illumination"":true}}"
9.png,66060342,"{""caption"":"""",""public_domain"":""no"",""image_url"":""""}",2245,860,"{""name"":""polygon"",""all_points_x"":[3624,3626,3621,3618,3615,3618,3618,3616,3612,3613,3613,3616],""all_points_y"":[2914,2902,2884,2855,2828,2791,2780,2778,2804,2822,2848,2877]}","{""name"":""not_defined"",""type"":""unknown"",""image_quality"":{""good"":true,""frontal"":true,""good_illumination"":true}}"
9.png,66060342,"{""caption"":"""",""public_domain"":""no"",""image_url"":""""}",2245,861,"{""name"":""polygon"",""all_points_x"":[3690,3692,3699,3702,3704,3714,3724,3730,3745,3740,3728,3723,3705,3699,3695],""all_points_y"":[2906,2911,2897,2881,2861,2829,2806,2781,2734,2732,2777,2793,2850,2870,2892]}","{""name"":""not_defined"",""type"":""unknown"",""image_quality"":{""good"":true,""frontal"":true,""good_illumination"":true}}"
9.png,66060342,"{""caption"":"""",""public_domain"":""no"",""image_url"":""""}",2245,862,"{""name"":""polygon"",""all_points_x"":[3582,3584,3601,3611,3610,3604,3591,3587],""all_points_y"":[2865,2870,2849,2828,2827,2835,2855,2860]}","{""name"":""not_defined"",""type"":""unknown"",""image_quality"":{""good"":true,""frontal"":true,""good_illumination"":true}}"
9.png,66060342,"{""caption"":"""",""public_domain"":""no"",""image_url"":""""}",2245,863,"{""name"":""polygon"",""all_points_x"":[3645,3649,3649,3651,3654,3655,3652],""all_points_y"":[2854,2851,2838,2827,2797,2764,2766]}","{""name"":""not_defined"",""type"":""unknown"",""image_quality"":{""good"":true,""frontal"":true,""good_illumination"":true}}"
9.png,66060342,"{""caption"":"""",""public_domain"":""no"",""image_url"":""""}",2245,864,"{""name"":""polygon"",""all_points_x"":[3777,3757,3746,3735,3719,3705,3704,3719,3729,3743,3766,3777,3781],""all_points_y"":[2765,2799,2813,2830,2859,2879,2883,2862,2848,2823,2794,2775,2764]}","{""name"":""not_defined"",""type"":""unknown"",""image_quality"":{""good"":true,""frontal"":true,""good_illumination"":true}}"
9.png,66060342,"{""caption"":"""",""public_domain"":""no"",""image_url"":""""}",2245,865,"{""name"":""polygon"",""all_points_x"":[3621,3605,3596,3574,3578,3581,3599,3605,3626],""all_points_y"":[2732,2771,2788,2822,2824,2824,2788,2778,2734]}","{""name"":""not_defined"",""type"":""unknown"",""image_quality"":{""good"":true,""frontal"":true,""good_illumination"":true}}"
9.png,66060342,"{""caption"":"""",""public_domain"":""no"",""image_url"":""""}",2245,866,"{""name"":""polygon"",""all_points_x"":[3529,3532,3542,3546,3549,3546,3542],""all_points_y"":[2985,2987,2940,2926,2886,2887,2929]}","{""name"":""not_defined"",""type"":""unknown"",""image_quality"":{""good"":true,""frontal"":true,""good_illumination"":true}}"
9.png,66060342,"{""caption"":"""",""public_domain"":""no"",""image_url"":""""}",2245,867,"{""name"":""polygon"",""all_points_x"":[3505,3507,3539,3557,3574,3574,3547],""all_points_y"":[2897,2902,2872,2851,2830,2827,2858]}","{""name"":""not_defined"",""type"":""unknown"",""image_quality"":{""good"":true,""frontal"":true,""good_illumination"":true}}"
9.png,66060342,"{""caption"":"""",""public_domain"":""no"",""image_url"":""""}",2245,868,"{""name"":""polygon"",""all_points_x"":[3467,3471,3486,3497,3529,3538,3533,3513,3488],""all_points_y"":[3029,3030,3001,2968,2899,2877,2878,2922,2981]}","{""name"":""not_defined"",""type"":""unknown"",""image_quality"":{""good"":true,""frontal"":true,""good_illumination"":true}}"
9.png,66060342,"{""caption"":"""",""public_domain"":""no"",""image_url"":""""}",2245,869,"{""name"":""polygon"",""all_points_x"":[3604,3518,3520,3605],""all_points_y"":[2973,3083,3085,2977]}","{""name"":""not_defined"",""type"":""unknown"",""image_quality"":{""good"":true,""frontal"":true,""good_illumination"":true}}"
9.png,66060342,"{""caption"":"""",""public_domain"":""no"",""image_url"":""""}",2245,870,"{""name"":""polygon"",""all_points_x"":[3559,3512,3517,3559],""all_points_y"":[2820,2884,2880,2828]}","{""name"":""not_defined"",""type"":""unknown"",""image_quality"":{""good"":true,""frontal"":true,""good_illumination"":true}}"
9.png,66060342,"{""caption"":"""",""public_domain"":""no"",""image_url"":""""}",2245,871,"{""name"":""polygon"",""all_points_x"":[3516,3513,3519,3532,3533,3527],""all_points_y"":[2981,2977,2964,2914,2915,2944]}","{""name"":""not_defined"",""type"":""unknown"",""image_quality"":{""good"":true,""frontal"":true,""good_illumination"":true}}"
9.png,66060342,"{""caption"":"""",""public_domain"":""no"",""image_url"":""""}",2245,872,"{""name"":""polygon"",""all_points_x"":[3573,3555,3561,3574],""all_points_y"":[2764,2845,2840,2766]}","{""name"":""not_defined"",""type"":""unknown"",""image_quality"":{""good"":true,""frontal"":true,""good_illumination"":true}}"
9.png,66060342,"{""caption"":"""",""public_domain"":""no"",""image_url"":""""}",2245,873,"{""name"":""polygon"",""all_points_x"":[3774,3707,3710,3776],""all_points_y"":[2808,2908,2912,2811]}","{""name"":""not_defined"",""type"":""unknown"",""image_quality"":{""good"":true,""frontal"":true,""good_illumination"":true}}"
9.png,66060342,"{""caption"":"""",""public_domain"":""no"",""image_url"":""""}",2245,874,"{""name"":""polygon"",""all_points_x"":[3749,3735,3730,3749,3751],""all_points_y"":[2825,2864,2866,2817,2816]}","{""name"":""not_defined"",""type"":""unknown"",""image_quality"":{""good"":true,""frontal"":true,""good_illumination"":true}}"
9.png,66060342,"{""caption"":"""",""public_domain"":""no"",""image_url"":""""}",2245,875,"{""name"":""polygon"",""all_points_x"":[3469,3448,3433,3417,3417,3440,3472],""all_points_y"":[2739,2776,2791,2803,2808,2791,2741]}","{""name"":""not_defined"",""type"":""unknown"",""image_quality"":{""good"":true,""frontal"":true,""good_illumination"":true}}"
9.png,66060342,"{""caption"":"""",""public_domain"":""no"",""image_url"":""""}",2245,876,"{""name"":""polygon"",""all_points_x"":[3577,3575,3561,3549,3552,3561],""all_points_y"":[2968,2971,2949,2927,2923,2944]}","{""name"":""not_defined"",""type"":""unknown"",""image_quality"":{""good"":true,""frontal"":true,""good_illumination"":true}}"
9.png,66060342,"{""caption"":"""",""public_domain"":""no"",""image_url"":""""}",2245,877,"{""name"":""polygon"",""all_points_x"":[3625,3606,3589,3567,3555,3544,3546,3557,3564,3573,3589,3607,3624],""all_points_y"":[2552,2578,2612,2663,2692,2701,2702,2693,2683,2657,2628,2581,2558]}","{""name"":""not_defined"",""type"":""unknown"",""image_quality"":{""good"":true,""frontal"":true,""good_illumination"":true}}"
9.png,66060342,"{""caption"":"""",""public_domain"":""no"",""image_url"":""""}",2245,878,"{""name"":""polygon"",""all_points_x"":[3571,3519,3520,3572,3583,3580],""all_points_y"":[2635,2702,2706,2640,2628,2623]}","{""name"":""not_defined"",""type"":""unknown"",""image_quality"":{""good"":true,""frontal"":true,""good_illumination"":true}}"
9.png,66060342,"{""caption"":"""",""public_domain"":""no"",""image_url"":""""}",2245,879,"{""name"":""polygon"",""all_points_x"":[3564,3555,3552,3561],""all_points_y"":[2876,2926,2921,2879]}","{""name"":""not_defined"",""type"":""unknown"",""image_quality"":{""good"":true,""frontal"":true,""good_illumination"":true}}"
9.png,66060342,"{""caption"":"""",""public_domain"":""no"",""image_url"":""""}",2245,880,"{""name"":""polygon"",""all_points_x"":[3536,3527,3521,3517,3512,3510,3513,3517,3514,3519,3522,3526,3531,3539],""all_points_y"":[2274,2328,2354,2414,2488,2505,2532,2528,2506,2467,2391,2347,2324,2274]}","{""name"":""not_defined"",""type"":""unknown"",""image_quality"":{""good"":true,""frontal"":true,""good_illumination"":true}}"
9.png,66060342,"{""caption"":"""",""public_domain"":""no"",""image_url"":""""}",2245,881,"{""name"":""polygon"",""all_points_x"":[3455,3440,3429,3408,3374,3379,3386,3420,3436,3459],""all_points_y"":[2267,2296,2314,2388,2502,2504,2497,2375,2312,2271]}","{""name"":""not_defined"",""type"":""unknown"",""image_quality"":{""good"":true,""frontal"":true,""good_illumination"":true}}"
9.png,66060342,"{""caption"":"""",""public_domain"":""no"",""image_url"":""""}",2245,882,"{""name"":""polygon"",""all_points_x"":[3884,3817,3605,3571,3573,3627,3738,3868,3885],""all_points_y"":[2289,2318,2402,2407,2421,2405,2360,2304,2294]}","{""name"":""not_defined"",""type"":""unknown"",""image_quality"":{""good"":true,""frontal"":true,""good_illumination"":true}}"
9.png,66060342,"{""caption"":"""",""public_domain"":""no"",""image_url"":""""}",2245,883,"{""name"":""polygon"",""all_points_x"":[3604,3574,3549,3552,3579,3606],""all_points_y"":[2271,2327,2393,2395,2327,2276]}","{""name"":""not_defined"",""type"":""unknown"",""image_quality"":{""good"":true,""frontal"":true,""good_illumination"":true}}"
9.png,66060342,"{""caption"":"""",""public_domain"":""no"",""image_url"":""""}",2245,884,"{""name"":""polygon"",""all_points_x"":[3589,3559,3516,3520,3571,3580,3596],""all_points_y"":[2573,2617,2685,2685,2612,2590,2574]}","{""name"":""not_defined"",""type"":""unknown"",""image_quality"":{""good"":true,""frontal"":true,""good_illumination"":true}}"
9.png,66060342,"{""caption"":"""",""public_domain"":""no"",""image_url"":""""}",2245,885,"{""name"":""polygon"",""all_points_x"":[3699,3669,3664,3667,3676,3703],""all_points_y"":[2490,2571,2585,2586,2565,2494]}","{""name"":""not_defined"",""type"":""unknown"",""image_quality"":{""good"":true,""frontal"":true,""good_illumination"":true}}"
9.png,66060342,"{""caption"":"""",""public_domain"":""no"",""image_url"":""""}",2245,886,"{""name"":""polygon"",""all_points_x"":[3573,3566,3563,3571,3579],""all_points_y"":[2373,2405,2403,2348,2333]}","{""name"":""not_defined"",""type"":""unknown"",""image_quality"":{""good"":true,""frontal"":true,""good_illumination"":true}}"
9.png,66060342,"{""caption"":"""",""public_domain"":""no"",""image_url"":""""}",2245,887,"{""name"":""polygon"",""all_points_x"":[3557,3545,3532,3541,3563],""all_points_y"":[2420,2492,2544,2530,2421]}","{""name"":""not_defined"",""type"":""unknown"",""image_quality"":{""good"":true,""frontal"":true,""good_illumination"":true}}"
9.png,66060342,"{""caption"":"""",""public_domain"":""no"",""image_url"":""""}",2245,888,"{""name"":""polygon"",""all_points_x"":[3495,3491,3499,3510,3512],""all_points_y"":[2358,2358,2407,2469,2460]}","{""name"":""not_defined"",""type"":""unknown"",""image_quality"":{""good"":true,""frontal"":true,""good_illumination"":true}}"
9.png,66060342,"{""caption"":"""",""public_domain"":""no"",""image_url"":""""}",2245,889,"{""name"":""polygon"",""all_points_x"":[3625,3621,3620,3611,3606,3603,3599,3604,3611,3618,3623,3623],""all_points_y"":[2125,2133,2187,2247,2294,2311,2335,2335,2283,2230,2200,2170]}","{""name"":""not_defined"",""type"":""unknown"",""image_quality"":{""good"":true,""frontal"":true,""good_illumination"":true}}"
9.png,66060342,"{""caption"":"""",""public_domain"":""no"",""image_url"":""""}",2245,890,"{""name"":""polygon"",""all_points_x"":[3618,3569,3548,3543,3548,3567,3578,3588,3606,3624],""all_points_y"":[2124,2258,2318,2329,2330,2282,2262,2225,2170,2127]}","{""name"":""not_defined"",""type"":""unknown"",""image_quality"":{""good"":true,""frontal"":true,""good_illumination"":true}}"
9.png,66060342,"{""caption"":"""",""public_domain"":""no"",""image_url"":""""}",2245,891,"{""name"":""polygon"",""all_points_x"":[3594,3546,3550,3595],""all_points_y"":[2155,2232,2233,2161]}","{""name"":""not_defined"",""type"":""unknown"",""image_quality"":{""good"":true,""frontal"":true,""good_illumination"":true}}"
9.png,66060342,"{""caption"":"""",""public_domain"":""no"",""image_url"":""""}",2245,892,"{""name"":""polygon"",""all_points_x"":[3635,3609,3611,3640],""all_points_y"":[2335,2395,2395,2336]}","{""name"":""not_defined"",""type"":""unknown"",""image_quality"":{""good"":true,""frontal"":true,""good_illumination"":true}}"
9.png,66060342,"{""caption"":"""",""public_domain"":""no"",""image_url"":""""}",2245,893,"{""name"":""polygon"",""all_points_x"":[3700,3686,3688,3704],""all_points_y"":[2321,2365,2365,2321]}","{""name"":""not_defined"",""type"":""unknown"",""image_quality"":{""good"":true,""frontal"":true,""good_illumination"":true}}"
9.png,66060342,"{""caption"":"""",""public_domain"":""no"",""image_url"":""""}",2245,894,"{""name"":""polygon"",""all_points_x"":[3672,3667,3667,3668,3668],""all_points_y"":[2406,2416,2390,2389,2407]}","{""name"":""not_defined"",""type"":""unknown"",""image_quality"":{""good"":true,""frontal"":true,""good_illumination"":true}}"
9.png,66060342,"{""caption"":"""",""public_domain"":""no"",""image_url"":""""}",2245,895,"{""name"":""polygon"",""all_points_x"":[3700,3687,3677,3671,3674,3687,3694,3706,3701],""all_points_y"":[2236,2296,2344,2371,2371,2316,2272,2230,2229]}","{""name"":""not_defined"",""type"":""unknown"",""image_quality"":{""good"":true,""frontal"":true,""good_illumination"":true}}"
9.png,66060342,"{""caption"":"""",""public_domain"":""no"",""image_url"":""""}",2245,896,"{""name"":""polygon"",""all_points_x"":[3843,3775,3777,3845],""all_points_y"":[2119,2216,2217,2121]}","{""name"":""not_defined"",""type"":""unknown"",""image_quality"":{""good"":true,""frontal"":true,""good_illumination"":true}}"
9.png,66060342,"{""caption"":"""",""public_domain"":""no"",""image_url"":""""}",2245,897,"{""name"":""polygon"",""all_points_x"":[3704,3699,3691,3690,3694,3699,3707],""all_points_y"":[1831,1844,1882,1893,1893,1860,1832]}","{""name"":""not_defined"",""type"":""unknown"",""image_quality"":{""good"":true,""frontal"":true,""good_illumination"":true}}"
9.png,66060342,"{""caption"":"""",""public_domain"":""no"",""image_url"":""""}",2245,898,"{""name"":""polygon"",""all_points_x"":[3570,3559,3550,3552,3561,3574],""all_points_y"":[1928,1982,2028,2028,1988,1929]}","{""name"":""not_defined"",""type"":""unknown"",""image_quality"":{""good"":true,""frontal"":true,""good_illumination"":true}}"
9.png,66060342,"{""caption"":"""",""public_domain"":""no"",""image_url"":""""}",2245,899,"{""name"":""polygon"",""all_points_x"":[3405,3405,3410,3412,3413,3416,3419,3425,3423,3418,3416,3410],""all_points_y"":[1892,1928,1970,1996,2019,2077,2079,2072,2027,2005,1986,1890]}","{""name"":""not_defined"",""type"":""unknown"",""image_quality"":{""good"":true,""frontal"":true,""good_illumination"":true}}"
9.png,66060342,"{""caption"":"""",""public_domain"":""no"",""image_url"":""""}",2245,900,"{""name"":""polygon"",""all_points_x"":[3310,3304,3296,3288,3260,3277,3298],""all_points_y"":[1808,1809,1865,1921,2111,2109,1901]}","{""name"":""not_defined"",""type"":""unknown"",""image_quality"":{""good"":true,""frontal"":true,""good_illumination"":true}}"
9.png,66060342,"{""caption"":"""",""public_domain"":""no"",""image_url"":""""}",2245,901,"{""name"":""polygon"",""all_points_x"":[3594,3552,3552,3596],""all_points_y"":[1706,1766,1769,1711]}","{""name"":""not_defined"",""type"":""unknown"",""image_quality"":{""good"":true,""frontal"":true,""good_illumination"":true}}"
9.png,66060342,"{""caption"":"""",""public_domain"":""no"",""image_url"":""""}",2245,902,"{""name"":""polygon"",""all_points_x"":[3621,3596,3598,3624],""all_points_y"":[1710,1803,1803,1713]}","{""name"":""not_defined"",""type"":""unknown"",""image_quality"":{""good"":true,""frontal"":true,""good_illumination"":true}}"
9.png,66060342,"{""caption"":"""",""public_domain"":""no"",""image_url"":""""}",2245,903,"{""name"":""polygon"",""all_points_x"":[3774,3752,3743,3717,3719,3749,3757,3776],""all_points_y"":[1677,1730,1746,1798,1798,1743,1727,1679]}","{""name"":""not_defined"",""type"":""unknown"",""image_quality"":{""good"":true,""frontal"":true,""good_illumination"":true}}"
9.png,66060342,"{""caption"":"""",""public_domain"":""no"",""image_url"":""""}",2245,904,"{""name"":""polygon"",""all_points_x"":[3786,3783,3773,3777,3779],""all_points_y"":[1688,1687,1781,1782,1753]}","{""name"":""not_defined"",""type"":""unknown"",""image_quality"":{""good"":true,""frontal"":true,""good_illumination"":true}}"
9.png,66060342,"{""caption"":"""",""public_domain"":""no"",""image_url"":""""}",2245,905,"{""name"":""polygon"",""all_points_x"":[3319,3310,3299,3292,3291,3294,3297,3299,3302,3306,3311,3320],""all_points_y"":[1592,1624,1662,1709,1726,1723,1697,1686,1664,1655,1634,1595]}","{""name"":""not_defined"",""type"":""unknown"",""image_quality"":{""good"":true,""frontal"":true,""good_illumination"":true}}"
9.png,66060342,"{""caption"":"""",""public_domain"":""no"",""image_url"":""""}",2245,906,"{""name"":""polygon"",""all_points_x"":[3473,3465,3462,3465,3471,3477],""all_points_y"":[1581,1652,1676,1676,1635,1581]}","{""name"":""not_defined"",""type"":""unknown"",""image_quality"":{""good"":true,""frontal"":true,""good_illumination"":true}}"
9.png,66060342,"{""caption"":"""",""public_domain"":""no"",""image_url"":""""}",2245,907,"{""name"":""polygon"",""all_points_x"":[3461,3450,3453,3463,3469,3465],""all_points_y"":[1595,1632,1634,1602,1580,1580]}","{""name"":""not_defined"",""type"":""unknown"",""image_quality"":{""good"":true,""frontal"":true,""good_illumination"":true}}"
9.png,66060342,"{""caption"":"""",""public_domain"":""no"",""image_url"":""""}",2245,908,"{""name"":""polygon"",""all_points_x"":[3606,3602,3595,3598],""all_points_y"":[1604,1607,1525,1525]}","{""name"":""not_defined"",""type"":""unknown"",""image_quality"":{""good"":true,""frontal"":true,""good_illumination"":true}}"
9.png,66060342,"{""caption"":"""",""public_domain"":""no"",""image_url"":""""}",2245,909,"{""name"":""polygon"",""all_points_x"":[3524,3521,3567,3584,3606,3623,3623,3576],""all_points_y"":[1454,1457,1496,1512,1532,1546,1543,1498]}","{""name"":""not_defined"",""type"":""unknown"",""image_quality"":{""good"":true,""frontal"":true,""good_illumination"":true}}"
9.png,66060342,"{""caption"":"""",""public_domain"":""no"",""image_url"":""""}",2245,910,"{""name"":""polygon"",""all_points_x"":[3422,3363,3338,3280,3263,3273,3313,3364,3424],""all_points_y"":[1457,1516,1541,1606,1627,1621,1575,1521,1460]}","{""name"":""not_defined"",""type"":""unknown"",""image_quality"":{""good"":true,""frontal"":true,""good_illumination"":true}}"
9.png,66060342,"{""caption"":"""",""public_domain"":""no"",""image_url"":""""}",2245,911,"{""name"":""polygon"",""all_points_x"":[3345,3253,3253,3348],""all_points_y"":[1504,1587,1590,1505]}","{""name"":""not_defined"",""type"":""unknown"",""image_quality"":{""good"":true,""frontal"":true,""good_illumination"":true}}"
9.png,66060342,"{""caption"":"""",""public_domain"":""no"",""image_url"":""""}",2245,912,"{""name"":""polygon"",""all_points_x"":[3259,3254,3246,3237,3238,3252],""all_points_y"":[1618,1615,1577,1546,1541,1593]}","{""name"":""not_defined"",""type"":""unknown"",""image_quality"":{""good"":true,""frontal"":true,""good_illumination"":true}}"
9.png,66060342,"{""caption"":"""",""public_domain"":""no"",""image_url"":""""}",2245,913,"{""name"":""polygon"",""all_points_x"":[3238,3247,3248,3242],""all_points_y"":[1599,1592,1595,1602]}","{""name"":""not_defined"",""type"":""unknown"",""image_quality"":{""good"":true,""frontal"":true,""good_illumination"":true}}"
9.png,66060342,"{""caption"":"""",""public_domain"":""no"",""image_url"":""""}",2245,914,"{""name"":""polygon"",""all_points_x"":[3228,3230,3238,3235],""all_points_y"":[1571,1572,1548,1546]}","{""name"":""not_defined"",""type"":""unknown"",""image_quality"":{""good"":true,""frontal"":true,""good_illumination"":true}}"
9.png,66060342,"{""caption"":"""",""public_domain"":""no"",""image_url"":""""}",2245,915,"{""name"":""polygon"",""all_points_x"":[3313,3312,3306,3301,3285,3280,3278,3278,3271,3255,3257,3275,3280,3282,3290,3294,3304,3315,3317],""all_points_y"":[1274,1289,1311,1326,1376,1387,1394,1407,1420,1472,1475,1416,1409,1390,1368,1362,1329,1291,1276]}","{""name"":""not_defined"",""type"":""unknown"",""image_quality"":{""good"":true,""frontal"":true,""good_illumination"":true}}"
9.png,66060342,"{""caption"":"""",""public_domain"":""no"",""image_url"":""""}",2245,916,"{""name"":""polygon"",""all_points_x"":[3403,3406,3411,3412,3411,3409,3410],""all_points_y"":[1443,1444,1412,1380,1347,1349,1383]}","{""name"":""not_defined"",""type"":""unknown"",""image_quality"":{""good"":true,""frontal"":true,""good_illumination"":true}}"
9.png,66060342,"{""caption"":"""",""public_domain"":""no"",""image_url"":""""}",2245,917,"{""name"":""polygon"",""all_points_x"":[3361,3359,3376,3378,3371],""all_points_y"":[1415,1413,1365,1365,1392]}","{""name"":""not_defined"",""type"":""unknown"",""image_quality"":{""good"":true,""frontal"":true,""good_illumination"":true}}"
9.png,66060342,"{""caption"":"""",""public_domain"":""no"",""image_url"":""""}",2245,918,"{""name"":""polygon"",""all_points_x"":[3379,3361,3346,3334,3337,3351,3366,3378,3381],""all_points_y"":[1264,1318,1356,1395,1394,1355,1312,1279,1266]}","{""name"":""not_defined"",""type"":""unknown"",""image_quality"":{""good"":true,""frontal"":true,""good_illumination"":true}}"
9.png,66060342,"{""caption"":"""",""public_domain"":""no"",""image_url"":""""}",2245,919,"{""name"":""polygon"",""all_points_x"":[3252,3238,3240,3255],""all_points_y"":[1481,1533,1537,1486]}","{""name"":""not_defined"",""type"":""unknown"",""image_quality"":{""good"":true,""frontal"":true,""good_illumination"":true}}"
9.png,66060342,"{""caption"":"""",""public_domain"":""no"",""image_url"":""""}",2245,920,"{""name"":""polygon"",""all_points_x"":[3704,3700,3716,3727,3742,3742,3719],""all_points_y"":[1432,1432,1456,1476,1506,1503,1456]}","{""name"":""not_defined"",""type"":""unknown"",""image_quality"":{""good"":true,""frontal"":true,""good_illumination"":true}}"
9.png,66060342,"{""caption"":"""",""public_domain"":""no"",""image_url"":""""}",2245,921,"{""name"":""polygon"",""all_points_x"":[3713,3709,3711,3717],""all_points_y"":[1343,1437,1440,1345]}","{""name"":""not_defined"",""type"":""unknown"",""image_quality"":{""good"":true,""frontal"":true,""good_illumination"":true}}"
9.png,66060342,"{""caption"":"""",""public_domain"":""no"",""image_url"":""""}",2245,922,"{""name"":""polygon"",""all_points_x"":[3593,3589,3593,3596],""all_points_y"":[1491,1493,1513,1513]}","{""name"":""not_defined"",""type"":""unknown"",""image_quality"":{""good"":true,""frontal"":true,""good_illumination"":true}}"
9.png,66060342,"{""caption"":"""",""public_domain"":""no"",""image_url"":""""}",2245,923,"{""name"":""polygon"",""all_points_x"":[3780,3775,3779,3778,3780,3783],""all_points_y"":[1535,1540,1590,1616,1614,1587]}","{""name"":""not_defined"",""type"":""unknown"",""image_quality"":{""good"":true,""frontal"":true,""good_illumination"":true}}"
9.png,66060342,"{""caption"":"""",""public_domain"":""no"",""image_url"":""""}",2245,924,"{""name"":""polygon"",""all_points_x"":[3709,3713,3712,3709],""all_points_y"":[1473,1471,1452,1447]}","{""name"":""not_defined"",""type"":""unknown"",""image_quality"":{""good"":true,""frontal"":true,""good_illumination"":true}}"
9.png,66060342,"{""caption"":"""",""public_domain"":""no"",""image_url"":""""}",2245,925,"{""name"":""polygon"",""all_points_x"":[3640,3636,3643,3646],""all_points_y"":[1431,1432,1462,1462]}","{""name"":""not_defined"",""type"":""unknown"",""image_quality"":{""good"":true,""frontal"":true,""good_illumination"":true}}"
9.png,66060342,"{""caption"":"""",""public_domain"":""no"",""image_url"":""""}",2245,926,"{""name"":""polygon"",""all_points_x"":[3749,3747,3739,3737,3737,3737,3744],""all_points_y"":[1508,1506,1535,1543,1551,1551,1530]}","{""name"":""not_defined"",""type"":""unknown"",""image_quality"":{""good"":true,""frontal"":true,""good_illumination"":true}}"
9.png,66060342,"{""caption"":"""",""public_domain"":""no"",""image_url"":""""}",2245,927,"{""name"":""polygon"",""all_points_x"":[3741,3727,3730,3745],""all_points_y"":[1625,1669,1669,1626]}","{""name"":""not_defined"",""type"":""unknown"",""image_quality"":{""good"":true,""frontal"":true,""good_illumination"":true}}"
9.png,66060342,"{""caption"":"""",""public_domain"":""no"",""image_url"":""""}",2245,928,"{""name"":""polygon"",""all_points_x"":[3229,3226,3217,3206,3210,3223],""all_points_y"":[1671,1677,1651,1577,1575,1644]}","{""name"":""not_defined"",""type"":""unknown"",""image_quality"":{""good"":true,""frontal"":true,""good_illumination"":true}}"
9.png,66060342,"{""caption"":"""",""public_domain"":""no"",""image_url"":""""}",2245,929,"{""name"":""polygon"",""all_points_x"":[3270,3267,3265,3268,3270,3273,3273,3268],""all_points_y"":[1659,1659,1681,1695,1708,1708,1698,1688]}","{""name"":""not_defined"",""type"":""unknown"",""image_quality"":{""good"":true,""frontal"":true,""good_illumination"":true}}"
9.png,66060342,"{""caption"":"""",""public_domain"":""no"",""image_url"":""""}",2245,930,"{""name"":""polygon"",""all_points_x"":[3621,3599,3601,3625],""all_points_y"":[1670,1700,1703,1671]}","{""name"":""not_defined"",""type"":""unknown"",""image_quality"":{""good"":true,""frontal"":true,""good_illumination"":true}}"
9.png,66060342,"{""caption"":"""",""public_domain"":""no"",""image_url"":""""}",2245,931,"{""name"":""polygon"",""all_points_x"":[3591,3589,3591,3594,3603,3609,3611,3604,3596],""all_points_y"":[1660,1659,1686,1696,1720,1738,1737,1718,1696]}","{""name"":""not_defined"",""type"":""unknown"",""image_quality"":{""good"":true,""frontal"":true,""good_illumination"":true}}"
9.png,66060342,"{""caption"":"""",""public_domain"":""no"",""image_url"":""""}",2245,932,"{""name"":""polygon"",""all_points_x"":[3349,3344,3348,3351],""all_points_y"":[1688,1688,1721,1713]}","{""name"":""not_defined"",""type"":""unknown"",""image_quality"":{""good"":true,""frontal"":true,""good_illumination"":true}}"
9.png,66060342,"{""caption"":"""",""public_domain"":""no"",""image_url"":""""}",2245,933,"{""name"":""polygon"",""all_points_x"":[3351,3349,3348,3349,3351,3352],""all_points_y"":[1738,1746,1819,1855,1852,1808]}","{""name"":""not_defined"",""type"":""unknown"",""image_quality"":{""good"":true,""frontal"":true,""good_illumination"":true}}"
9.png,66060342,"{""caption"":"""",""public_domain"":""no"",""image_url"":""""}",2245,934,"{""name"":""polygon"",""all_points_x"":[3473,3470,3465,3462,3461,3458,3449,3441,3444,3455,3465],""all_points_y"":[1804,1805,1783,1775,1765,1750,1723,1690,1688,1726,1771]}","{""name"":""not_defined"",""type"":""unknown"",""image_quality"":{""good"":true,""frontal"":true,""good_illumination"":true}}"
9.png,66060342,"{""caption"":"""",""public_domain"":""no"",""image_url"":""""}",2245,935,"{""name"":""polygon"",""all_points_x"":[3791,3793,3803,3808,3804,3799],""all_points_y"":[1759,1763,1721,1697,1697,1720]}","{""name"":""not_defined"",""type"":""unknown"",""image_quality"":{""good"":true,""frontal"":true,""good_illumination"":true}}"
9.png,66060342,"{""caption"":"""",""public_domain"":""no"",""image_url"":""""}",2245,936,"{""name"":""polygon"",""all_points_x"":[3870,3863,3864,3866,3864,3861,3860,3865,3867,3870,3870,3868],""all_points_y"":[1593,1598,1622,1649,1684,1750,1807,1808,1727,1667,1647,1630]}","{""name"":""not_defined"",""type"":""unknown"",""image_quality"":{""good"":true,""frontal"":true,""good_illumination"":true}}"
9.png,66060342,"{""caption"":"""",""public_domain"":""no"",""image_url"":""""}",2245,937,"{""name"":""polygon"",""all_points_x"":[3881,3878,3888,3903,3920,3945,3989,3994,3960,3944,3927,3914,3893],""all_points_y"":[1640,1644,1664,1684,1709,1740,1795,1794,1751,1735,1711,1693,1663]}","{""name"":""not_defined"",""type"":""unknown"",""image_quality"":{""good"":true,""frontal"":true,""good_illumination"":true}}"
9.png,66060342,"{""caption"":"""",""public_domain"":""no"",""image_url"":""""}",2245,938,"{""name"":""polygon"",""all_points_x"":[3873,3872,3880,3894,3914,3939,3937,3922,3904,3885],""all_points_y"":[1690,1694,1699,1710,1725,1737,1733,1725,1714,1701]}","{""name"":""not_defined"",""type"":""unknown"",""image_quality"":{""good"":true,""frontal"":true,""good_illumination"":true}}"
9.png,66060342,"{""caption"":"""",""public_domain"":""no"",""image_url"":""""}",2245,939,"{""name"":""polygon"",""all_points_x"":[3966,3944,3950,3964],""all_points_y"":[1741,1735,1739,1744]}","{""name"":""not_defined"",""type"":""unknown"",""image_quality"":{""good"":true,""frontal"":true,""good_illumination"":true}}"
9.png,66060342,"{""caption"":"""",""public_domain"":""no"",""image_url"":""""}",2245,940,"{""name"":""polygon"",""all_points_x"":[3975,3971,3966,3966,3972],""all_points_y"":[1721,1719,1756,1758,1733]}","{""name"":""not_defined"",""type"":""unknown"",""image_quality"":{""good"":true,""frontal"":true,""good_illumination"":true}}"
9.png,66060342,"{""caption"":"""",""public_domain"":""no"",""image_url"":""""}",2245,941,"{""name"":""polygon"",""all_points_x"":[3901,3900,3900,3904,3909,3918,3919,3912,3908,3906],""all_points_y"":[1518,1519,1550,1590,1633,1676,1676,1631,1604,1581]}","{""name"":""not_defined"",""type"":""unknown"",""image_quality"":{""good"":true,""frontal"":true,""good_illumination"":true}}"
9.png,66060342,"{""caption"":"""",""public_domain"":""no"",""image_url"":""""}",2245,942,"{""name"":""polygon"",""all_points_x"":[3887,3873,3875,3884,3890],""all_points_y"":[1585,1647,1647,1617,1585]}","{""name"":""not_defined"",""type"":""unknown"",""image_quality"":{""good"":true,""frontal"":true,""good_illumination"":true}}"
9.png,66060342,"{""caption"":"""",""public_domain"":""no"",""image_url"":""""}",2245,943,"{""name"":""polygon"",""all_points_x"":[3489,3470,3472,3492],""all_points_y"":[1615,1647,1649,1617]}","{""name"":""not_defined"",""type"":""unknown"",""image_quality"":{""good"":true,""frontal"":true,""good_illumination"":true}}"
9.png,66060342,"{""caption"":"""",""public_domain"":""no"",""image_url"":""""}",2245,944,"{""name"":""polygon"",""all_points_x"":[3195,3191,3195,3200,3205,3209,3201,3198],""all_points_y"":[1474,1474,1506,1537,1562,1561,1519,1496]}","{""name"":""not_defined"",""type"":""unknown"",""image_quality"":{""good"":true,""frontal"":true,""good_illumination"":true}}"
9.png,66060342,"{""caption"":"""",""public_domain"":""no"",""image_url"":""""}",2245,945,"{""name"":""polygon"",""all_points_x"":[3843,3840,3843,3848,3851,3855,3848],""all_points_y"":[1412,1412,1429,1446,1454,1454,1436]}","{""name"":""not_defined"",""type"":""unknown"",""image_quality"":{""good"":true,""frontal"":true,""good_illumination"":true}}"
9.png,66060342,"{""caption"":"""",""public_domain"":""no"",""image_url"":""""}",2245,946,"{""name"":""polygon"",""all_points_x"":[4090,4063,4049,4033,4035,4066,4092],""all_points_y"":[1419,1489,1521,1557,1557,1491,1420]}","{""name"":""not_defined"",""type"":""unknown"",""image_quality"":{""good"":true,""frontal"":true,""good_illumination"":true}}"
9.png,66060342,"{""caption"":"""",""public_domain"":""no"",""image_url"":""""}",2245,947,"{""name"":""polygon"",""all_points_x"":[3959,3944,3937,3925,3927,3945,3961],""all_points_y"":[1461,1484,1497,1509,1510,1492,1462]}","{""name"":""not_defined"",""type"":""unknown"",""image_quality"":{""good"":true,""frontal"":true,""good_illumination"":true}}"
9.png,66060342,"{""caption"":"""",""public_domain"":""no"",""image_url"":""""}",2245,948,"{""name"":""polygon"",""all_points_x"":[3799,3789,3784,3783,3781,3783,3787,3802],""all_points_y"":[1572,1596,1614,1620,1632,1632,1619,1572]}","{""name"":""not_defined"",""type"":""unknown"",""image_quality"":{""good"":true,""frontal"":true,""good_illumination"":true}}"
9.png,66060342,"{""caption"":"""",""public_domain"":""no"",""image_url"":""""}",2245,949,"{""name"":""polygon"",""all_points_x"":[3830,3823,3818,3815,3813,3812,3816,3816,3821,3826,3832],""all_points_y"":[1561,1585,1600,1615,1629,1639,1638,1622,1601,1591,1562]}","{""name"":""not_defined"",""type"":""unknown"",""image_quality"":{""good"":true,""frontal"":true,""good_illumination"":true}}"
9.png,66060342,"{""caption"":"""",""public_domain"":""no"",""image_url"":""""}",2245,950,"{""name"":""polygon"",""all_points_x"":[3447,3440,3433,3430,3427,3430,3433,3436,3448],""all_points_y"":[1499,1513,1526,1535,1556,1556,1536,1525,1501]}","{""name"":""not_defined"",""type"":""unknown"",""image_quality"":{""good"":true,""frontal"":true,""good_illumination"":true}}"
9.png,66060342,"{""caption"":"""",""public_domain"":""no"",""image_url"":""""}",2245,951,"{""name"":""polygon"",""all_points_x"":[3413,3390,3373,3348,3319,3295,3277,3247,3220,3223,3267,3321,3346,3354,3379,3416],""all_points_y"":[1004,1036,1057,1086,1119,1148,1174,1212,1249,1252,1191,1126,1094,1083,1056,1007]}","{""name"":""not_defined"",""type"":""unknown"",""image_quality"":{""good"":true,""frontal"":true,""good_illumination"":true}}"
9.png,66060342,"{""caption"":"""",""public_domain"":""no"",""image_url"":""""}",2245,952,"{""name"":""polygon"",""all_points_x"":[3823,3820,3822,3821,3827,3825],""all_points_y"":[1150,1204,1242,1249,1249,1147]}","{""name"":""not_defined"",""type"":""unknown"",""image_quality"":{""good"":true,""frontal"":true,""good_illumination"":true}}"
9.png,66060342,"{""caption"":"""",""public_domain"":""no"",""image_url"":""""}",2245,953,"{""name"":""polygon"",""all_points_x"":[3920,3914,3916,3916,3914,3910,3916,3920,3921],""all_points_y"":[1009,1009,1036,1067,1127,1194,1189,1131,1046]}","{""name"":""not_defined"",""type"":""unknown"",""image_quality"":{""good"":true,""frontal"":true,""good_illumination"":true}}"
9.png,66060342,"{""caption"":"""",""public_domain"":""no"",""image_url"":""""}",2245,954,"{""name"":""polygon"",""all_points_x"":[3834,3830,3825,3824,3826,3828],""all_points_y"":[1028,1030,1083,1111,1111,1073]}","{""name"":""not_defined"",""type"":""unknown"",""image_quality"":{""good"":true,""frontal"":true,""good_illumination"":true}}"
9.png,66060342,"{""caption"":"""",""public_domain"":""no"",""image_url"":""""}",2245,955,"{""name"":""polygon"",""all_points_x"":[1286,1284,1297,1313,1317,1300],""all_points_y"":[1032,1033,1078,1146,1145,1078]}","{""name"":""not_defined"",""type"":""unknown"",""image_quality"":{""good"":true,""frontal"":true,""good_illumination"":true}}"
9.png,66060342,"{""caption"":"""",""public_domain"":""no"",""image_url"":""""}",2245,956,"{""name"":""polygon"",""all_points_x"":[1557,1554,1556,1558,1560,1560,1562,1562,1560],""all_points_y"":[1159,1159,1191,1217,1235,1251,1251,1227,1215]}","{""name"":""not_defined"",""type"":""unknown"",""image_quality"":{""good"":true,""frontal"":true,""good_illumination"":true}}"
9.png,66060342,"{""caption"":"""",""public_domain"":""no"",""image_url"":""""}",2245,957,"{""name"":""polygon"",""all_points_x"":[1226,1224,1232,1241,1241],""all_points_y"":[1055,1056,1066,1074,1071]}","{""name"":""not_defined"",""type"":""unknown"",""image_quality"":{""good"":true,""frontal"":true,""good_illumination"":true}}"
9.png,66060342,"{""caption"":"""",""public_domain"":""no"",""image_url"":""""}",2245,958,"{""name"":""polygon"",""all_points_x"":[1247,1245,1250,1263,1271,1276,1280,1280,1282,1282,1276,1269],""all_points_y"":[1076,1078,1083,1100,1111,1122,1130,1147,1147,1131,1113,1101]}","{""name"":""not_defined"",""type"":""unknown"",""image_quality"":{""good"":true,""frontal"":true,""good_illumination"":true}}"
9.png,66060342,"{""caption"":"""",""public_domain"":""no"",""image_url"":""""}",2245,959,"{""name"":""polygon"",""all_points_x"":[1311,1308,1321,1334,1345,1355,1362,1365,1356,1343],""all_points_y"":[1011,1013,1050,1079,1111,1140,1156,1155,1133,1094]}","{""name"":""not_defined"",""type"":""unknown"",""image_quality"":{""good"":true,""frontal"":true,""good_illumination"":true}}"
9.png,66060342,"{""caption"":"""",""public_domain"":""no"",""image_url"":""""}",2245,960,"{""name"":""polygon"",""all_points_x"":[1320,1317,1324,1330,1333],""all_points_y"":[1126,1126,1165,1197,1197]}","{""name"":""not_defined"",""type"":""unknown"",""image_quality"":{""good"":true,""frontal"":true,""good_illumination"":true}}"
9.png,66060342,"{""caption"":"""",""public_domain"":""no"",""image_url"":""""}",2245,961,"{""name"":""polygon"",""all_points_x"":[1336,1338,1346,1358,1354],""all_points_y"":[1106,1106,1130,1154,1155]}","{""name"":""not_defined"",""type"":""unknown"",""image_quality"":{""good"":true,""frontal"":true,""good_illumination"":true}}"
9.png,66060342,"{""caption"":"""",""public_domain"":""no"",""image_url"":""""}",2245,962,"{""name"":""polygon"",""all_points_x"":[1415,1411,1414,1421,1425,1428,1425,1421],""all_points_y"":[1254,1253,1284,1334,1371,1369,1327,1310]}","{""name"":""not_defined"",""type"":""unknown"",""image_quality"":{""good"":true,""frontal"":true,""good_illumination"":true}}"
9.png,66060342,"{""caption"":"""",""public_domain"":""no"",""image_url"":""""}",2245,963,"{""name"":""polygon"",""all_points_x"":[1457,1455,1454,1451,1453,1454,1453,1453,1456,1458,1456,1455],""all_points_y"":[1184,1183,1221,1237,1272,1311,1322,1363,1363,1317,1301,1277]}","{""name"":""not_defined"",""type"":""unknown"",""image_quality"":{""good"":true,""frontal"":true,""good_illumination"":true}}"
9.png,66060342,"{""caption"":"""",""public_domain"":""no"",""image_url"":""""}",2245,964,"{""name"":""polygon"",""all_points_x"":[1580,1577,1573,1570,1566,1567,1575,1584],""all_points_y"":[1191,1211,1223,1241,1250,1253,1240,1191]}","{""name"":""not_defined"",""type"":""unknown"",""image_quality"":{""good"":true,""frontal"":true,""good_illumination"":true}}"
9.png,66060342,"{""caption"":"""",""public_domain"":""no"",""image_url"":""""}",2245,965,"{""name"":""polygon"",""all_points_x"":[1368,1363,1372,1375],""all_points_y"":[1265,1265,1295,1290]}","{""name"":""not_defined"",""type"":""unknown"",""image_quality"":{""good"":true,""frontal"":true,""good_illumination"":true}}"
9.png,66060342,"{""caption"":"""",""public_domain"":""no"",""image_url"":""""}",2245,966,"{""name"":""polygon"",""all_points_x"":[1385,1380,1389,1393],""all_points_y"":[1316,1316,1339,1334]}","{""name"":""not_defined"",""type"":""unknown"",""image_quality"":{""good"":true,""frontal"":true,""good_illumination"":true}}"
9.png,66060342,"{""caption"":"""",""public_domain"":""no"",""image_url"":""""}",2245,967,"{""name"":""polygon"",""all_points_x"":[1289,1285,1296,1303,1306],""all_points_y"":[1338,1341,1371,1395,1395]}","{""name"":""not_defined"",""type"":""unknown"",""image_quality"":{""good"":true,""frontal"":true,""good_illumination"":true}}"
9.png,66060342,"{""caption"":"""",""public_domain"":""no"",""image_url"":""""}",2245,968,"{""name"":""polygon"",""all_points_x"":[1219,1215,1222,1226,1229,1232,1228],""all_points_y"":[1262,1264,1286,1304,1315,1315,1299]}","{""name"":""not_defined"",""type"":""unknown"",""image_quality"":{""good"":true,""frontal"":true,""good_illumination"":true}}"
9.png,66060342,"{""caption"":"""",""public_domain"":""no"",""image_url"":""""}",2245,969,"{""name"":""polygon"",""all_points_x"":[1241,1239,1239,1235,1234,1231,1229,1231,1233,1237],""all_points_y"":[1318,1318,1339,1359,1369,1375,1391,1392,1373,1365]}","{""name"":""not_defined"",""type"":""unknown"",""image_quality"":{""good"":true,""frontal"":true,""good_illumination"":true}}"
9.png,66060342,"{""caption"":"""",""public_domain"":""no"",""image_url"":""""}",2245,970,"{""name"":""polygon"",""all_points_x"":[1225,1213,1197,1170,1138,1128,1131,1190,1219,1228],""all_points_y"":[1325,1337,1350,1368,1390,1397,1399,1359,1339,1326]}","{""name"":""not_defined"",""type"":""unknown"",""image_quality"":{""good"":true,""frontal"":true,""good_illumination"":true}}"
9.png,66060342,"{""caption"":"""",""public_domain"":""no"",""image_url"":""""}",2245,971,"{""name"":""polygon"",""all_points_x"":[1203,1209,1176,1133,1135],""all_points_y"":[1358,1350,1370,1399,1399]}","{""name"":""not_defined"",""type"":""unknown"",""image_quality"":{""good"":true,""frontal"":true,""good_illumination"":true}}"
9.png,66060342,"{""caption"":"""",""public_domain"":""no"",""image_url"":""""}",2245,972,"{""name"":""polygon"",""all_points_x"":[805,794,795,810],""all_points_y"":[1039,1115,1115,1041]}","{""name"":""not_defined"",""type"":""unknown"",""image_quality"":{""good"":true,""frontal"":true,""good_illumination"":true}}"
9.png,66060342,"{""caption"":"""",""public_domain"":""no"",""image_url"":""""}",2245,973,"{""name"":""polygon"",""all_points_x"":[781,779,775,772,775,780,784],""all_points_y"":[1195,1217,1244,1261,1261,1230,1197]}","{""name"":""not_defined"",""type"":""unknown"",""image_quality"":{""good"":true,""frontal"":true,""good_illumination"":true}}"
9.png,66060342,"{""caption"":"""",""public_domain"":""no"",""image_url"":""""}",2245,974,"{""name"":""polygon"",""all_points_x"":[849,847,813,786,787],""all_points_y"":[1285,1287,1256,1232,1229]}","{""name"":""not_defined"",""type"":""unknown"",""image_quality"":{""good"":true,""frontal"":true,""good_illumination"":true}}"
9.png,66060342,"{""caption"":"""",""public_domain"":""no"",""image_url"":""""}",2245,975,"{""name"":""polygon"",""all_points_x"":[1188,1182,1180,1178,1183],""all_points_y"":[1487,1484,1540,1567,1568]}","{""name"":""not_defined"",""type"":""unknown"",""image_quality"":{""good"":true,""frontal"":true,""good_illumination"":true}}"
9.png,66060342,"{""caption"":"""",""public_domain"":""no"",""image_url"":""""}",2245,976,"{""name"":""polygon"",""all_points_x"":[1354,1350,1362,1369,1371],""all_points_y"":[1470,1470,1516,1538,1540]}","{""name"":""not_defined"",""type"":""unknown"",""image_quality"":{""good"":true,""frontal"":true,""good_illumination"":true}}"
9.png,66060342,"{""caption"":"""",""public_domain"":""no"",""image_url"":""""}",2245,977,"{""name"":""polygon"",""all_points_x"":[1349,1353,1375,1372],""all_points_y"":[1524,1523,1545,1547]}","{""name"":""not_defined"",""type"":""unknown"",""image_quality"":{""good"":true,""frontal"":true,""good_illumination"":true}}"
9.png,66060342,"{""caption"":"""",""public_domain"":""no"",""image_url"":""""}",2245,978,"{""name"":""polygon"",""all_points_x"":[1534,1531,1534,1543,1545,1547,1544],""all_points_y"":[1392,1392,1426,1476,1499,1499,1458]}","{""name"":""not_defined"",""type"":""unknown"",""image_quality"":{""good"":true,""frontal"":true,""good_illumination"":true}}"
9.png,66060342,"{""caption"":"""",""public_domain"":""no"",""image_url"":""""}",2245,979,"{""name"":""polygon"",""all_points_x"":[1477,1476,1493,1514,1534,1535,1520],""all_points_y"":[1466,1469,1494,1529,1561,1560,1528]}","{""name"":""not_defined"",""type"":""unknown"",""image_quality"":{""good"":true,""frontal"":true,""good_illumination"":true}}"
9.png,66060342,"{""caption"":"""",""public_domain"":""no"",""image_url"":""""}",2245,980,"{""name"":""polygon"",""all_points_x"":[1479,1476,1477,1481,1483],""all_points_y"":[1420,1421,1446,1467,1467]}","{""name"":""not_defined"",""type"":""unknown"",""image_quality"":{""good"":true,""frontal"":true,""good_illumination"":true}}"
9.png,66060342,"{""caption"":"""",""public_domain"":""no"",""image_url"":""""}",2245,981,"{""name"":""polygon"",""all_points_x"":[1596,1556,1558,1599],""all_points_y"":[1483,1521,1523,1484]}","{""name"":""not_defined"",""type"":""unknown"",""image_quality"":{""good"":true,""frontal"":true,""good_illumination"":true}}"
9.png,66060342,"{""caption"":"""",""public_domain"":""no"",""image_url"":""""}",2245,982,"{""name"":""polygon"",""all_points_x"":[1605,1560,1560,1610,1677,1677],""all_points_y"":[1529,1525,1527,1533,1542,1539]}","{""name"":""not_defined"",""type"":""unknown"",""image_quality"":{""good"":true,""frontal"":true,""good_illumination"":true}}"
9.png,66060342,"{""caption"":"""",""public_domain"":""no"",""image_url"":""""}",2245,983,"{""name"":""polygon"",""all_points_x"":[1078,1073,1096,1100],""all_points_y"":[1645,1646,1686,1680]}","{""name"":""not_defined"",""type"":""unknown"",""image_quality"":{""good"":true,""frontal"":true,""good_illumination"":true}}"
9.png,66060342,"{""caption"":"""",""public_domain"":""no"",""image_url"":""""}",2245,984,"{""name"":""polygon"",""all_points_x"":[905,901,911,917,919],""all_points_y"":[1737,1737,1760,1776,1774]}","{""name"":""not_defined"",""type"":""unknown"",""image_quality"":{""good"":true,""frontal"":true,""good_illumination"":true}}"
9.png,66060342,"{""caption"":"""",""public_domain"":""no"",""image_url"":""""}",2245,985,"{""name"":""polygon"",""all_points_x"":[872,869,885,899,901],""all_points_y"":[1539,1541,1575,1602,1601]}","{""name"":""not_defined"",""type"":""unknown"",""image_quality"":{""good"":true,""frontal"":true,""good_illumination"":true}}"
9.png,66060342,"{""caption"":"""",""public_domain"":""no"",""image_url"":""""}",2245,986,"{""name"":""polygon"",""all_points_x"":[842,842,877,878],""all_points_y"":[1548,1549,1566,1562]}","{""name"":""not_defined"",""type"":""unknown"",""image_quality"":{""good"":true,""frontal"":true,""good_illumination"":true}}"
9.png,66060342,"{""caption"":"""",""public_domain"":""no"",""image_url"":""""}",2245,987,"{""name"":""polygon"",""all_points_x"":[804,802,831,833],""all_points_y"":[1561,1564,1603,1600]}","{""name"":""not_defined"",""type"":""unknown"",""image_quality"":{""good"":true,""frontal"":true,""good_illumination"":true}}"
9.png,66060342,"{""caption"":"""",""public_domain"":""no"",""image_url"":""""}",2245,988,"{""name"":""polygon"",""all_points_x"":[805,801,816,836,839],""all_points_y"":[1594,1596,1610,1629,1625]}","{""name"":""not_defined"",""type"":""unknown"",""image_quality"":{""good"":true,""frontal"":true,""good_illumination"":true}}"
9.png,66060342,"{""caption"":"""",""public_domain"":""no"",""image_url"":""""}",2245,989,"{""name"":""polygon"",""all_points_x"":[712,709,707,709],""all_points_y"":[1651,1650,1696,1695]}","{""name"":""not_defined"",""type"":""unknown"",""image_quality"":{""good"":true,""frontal"":true,""good_illumination"":true}}"
9.png,66060342,"{""caption"":"""",""public_domain"":""no"",""image_url"":""""}",2245,990,"{""name"":""polygon"",""all_points_x"":[946,943,957,961],""all_points_y"":[1723,1725,1746,1746]}","{""name"":""not_defined"",""type"":""unknown"",""image_quality"":{""good"":true,""frontal"":true,""good_illumination"":true}}"
9.png,66060342,"{""caption"":"""",""public_domain"":""no"",""image_url"":""""}",2245,991,"{""name"":""polygon"",""all_points_x"":[1089,1086,1094,1096],""all_points_y"":[1866,1869,1890,1891]}","{""name"":""not_defined"",""type"":""unknown"",""image_quality"":{""good"":true,""frontal"":true,""good_illumination"":true}}"
9.png,66060342,"{""caption"":"""",""public_domain"":""no"",""image_url"":""""}",2245,992,"{""name"":""polygon"",""all_points_x"":[1161,1157,1170,1183,1203,1205,1184,1173],""all_points_y"":[1877,1878,1895,1908,1922,1920,1906,1896]}","{""name"":""not_defined"",""type"":""unknown"",""image_quality"":{""good"":true,""frontal"":true,""good_illumination"":true}}"
9.png,66060342,"{""caption"":"""",""public_domain"":""no"",""image_url"":""""}",2245,993,"{""name"":""polygon"",""all_points_x"":[1229,1224,1232,1235],""all_points_y"":[1770,1770,1796,1796]}","{""name"":""not_defined"",""type"":""unknown"",""image_quality"":{""good"":true,""frontal"":true,""good_illumination"":true}}"
9.png,66060342,"{""caption"":"""",""public_domain"":""no"",""image_url"":""""}",2245,994,"{""name"":""polygon"",""all_points_x"":[1239,1236,1241,1246,1248,1249],""all_points_y"":[1808,1807,1826,1854,1853,1852]}","{""name"":""not_defined"",""type"":""unknown"",""image_quality"":{""good"":true,""frontal"":true,""good_illumination"":true}}"
9.png,66060342,"{""caption"":"""",""public_domain"":""no"",""image_url"":""""}",2245,995,"{""name"":""polygon"",""all_points_x"":[759,758,766,772,781,781,772],""all_points_y"":[1991,1994,2000,2007,2017,2016,2003]}","{""name"":""not_defined"",""type"":""unknown"",""image_quality"":{""good"":true,""frontal"":true,""good_illumination"":true}}"
9.png,66060342,"{""caption"":"""",""public_domain"":""no"",""image_url"":""""}",2245,996,"{""name"":""polygon"",""all_points_x"":[934,930,950,959,962],""all_points_y"":[2073,2074,2099,2110,2110]}","{""name"":""not_defined"",""type"":""unknown"",""image_quality"":{""good"":true,""frontal"":true,""good_illumination"":true}}"
9.png,66060342,"{""caption"":"""",""public_domain"":""no"",""image_url"":""""}",2245,997,"{""name"":""polygon"",""all_points_x"":[1060,1055,1066,1068],""all_points_y"":[2022,2022,2056,2054]}","{""name"":""not_defined"",""type"":""unknown"",""image_quality"":{""good"":true,""frontal"":true,""good_illumination"":true}}"
9.png,66060342,"{""caption"":"""",""public_domain"":""no"",""image_url"":""""}",2245,998,"{""name"":""polygon"",""all_points_x"":[1248,1254,1230,1226],""all_points_y"":[2129,2132,2076,2079]}","{""name"":""not_defined"",""type"":""unknown"",""image_quality"":{""good"":true,""frontal"":true,""good_illumination"":true}}"
9.png,66060342,"{""caption"":"""",""public_domain"":""no"",""image_url"":""""}",2245,999,"{""name"":""polygon"",""all_points_x"":[1143,1135,1137,1143,1146,1151,1151,1145],""all_points_y"":[2246,2250,2275,2294,2308,2307,2295,2281]}","{""name"":""not_defined"",""type"":""unknown"",""image_quality"":{""good"":true,""frontal"":true,""good_illumination"":true}}"
9.png,66060342,"{""caption"":"""",""public_domain"":""no"",""image_url"":""""}",2245,1000,"{""name"":""polygon"",""all_points_x"":[695,691,703,717,722],""all_points_y"":[2124,2124,2141,2165,2160]}","{""name"":""not_defined"",""type"":""unknown"",""image_quality"":{""good"":true,""frontal"":true,""good_illumination"":true}}"
9.png,66060342,"{""caption"":"""",""public_domain"":""no"",""image_url"":""""}",2245,1001,"{""name"":""polygon"",""all_points_x"":[1104,1099,1104,1107,1109],""all_points_y"":[2652,2650,2665,2676,2671]}","{""name"":""not_defined"",""type"":""unknown"",""image_quality"":{""good"":true,""frontal"":true,""good_illumination"":true}}"
9.png,66060342,"{""caption"":"""",""public_domain"":""no"",""image_url"":""""}",2245,1002,"{""name"":""polygon"",""all_points_x"":[1225,1222,1235,1262,1262,1238],""all_points_y"":[2718,2723,2719,2717,2713,2715]}","{""name"":""not_defined"",""type"":""unknown"",""image_quality"":{""good"":true,""frontal"":true,""good_illumination"":true}}"
9.png,66060342,"{""caption"":"""",""public_domain"":""no"",""image_url"":""""}",2245,1003,"{""name"":""polygon"",""all_points_x"":[1262,1265,1265,1267,1268,1265,1263],""all_points_y"":[2683,2724,2754,2752,2699,2672,2673]}","{""name"":""not_defined"",""type"":""unknown"",""image_quality"":{""good"":true,""frontal"":true,""good_illumination"":true}}"
9.png,66060342,"{""caption"":"""",""public_domain"":""no"",""image_url"":""""}",2245,1004,"{""name"":""polygon"",""all_points_x"":[1274,1272,1271,1277,1291,1310,1312,1289,1277,1274],""all_points_y"":[2610,2610,2643,2659,2676,2694,2691,2670,2650,2642]}","{""name"":""not_defined"",""type"":""unknown"",""image_quality"":{""good"":true,""frontal"":true,""good_illumination"":true}}"
9.png,66060342,"{""caption"":"""",""public_domain"":""no"",""image_url"":""""}",2245,1005,"{""name"":""polygon"",""all_points_x"":[1165,1161,1165,1168,1170],""all_points_y"":[2648,2650,2665,2678,2678]}","{""name"":""not_defined"",""type"":""unknown"",""image_quality"":{""good"":true,""frontal"":true,""good_illumination"":true}}"
9.png,66060342,"{""caption"":"""",""public_domain"":""no"",""image_url"":""""}",2245,1006,"{""name"":""polygon"",""all_points_x"":[1144,1142,1142,1148,1151,1146],""all_points_y"":[2509,2509,2541,2565,2564,2540]}","{""name"":""not_defined"",""type"":""unknown"",""image_quality"":{""good"":true,""frontal"":true,""good_illumination"":true}}"
9.png,66060342,"{""caption"":"""",""public_domain"":""no"",""image_url"":""""}",2245,1007,"{""name"":""polygon"",""all_points_x"":[1792,1733,1699,1688,1687,1749,1799],""all_points_y"":[2544,2598,2627,2636,2640,2591,2546]}","{""name"":""not_defined"",""type"":""unknown"",""image_quality"":{""good"":true,""frontal"":true,""good_illumination"":true}}"
9.png,66060342,"{""caption"":"""",""public_domain"":""no"",""image_url"":""""}",2245,1008,"{""name"":""polygon"",""all_points_x"":[1637,1649,1651,1626,1623],""all_points_y"":[2640,2638,2640,2648,2646]}","{""name"":""not_defined"",""type"":""unknown"",""image_quality"":{""good"":true,""frontal"":true,""good_illumination"":true}}"
9.png,66060342,"{""caption"":"""",""public_domain"":""no"",""image_url"":""""}",2245,1009,"{""name"":""polygon"",""all_points_x"":[1889,1891,1892,1890],""all_points_y"":[2621,2621,2603,2602]}","{""name"":""not_defined"",""type"":""unknown"",""image_quality"":{""good"":true,""frontal"":true,""good_illumination"":true}}"
9.png,66060342,"{""caption"":"""",""public_domain"":""no"",""image_url"":""""}",2245,1010,"{""name"":""polygon"",""all_points_x"":[1891,1892,1894,1893,1889],""all_points_y"":[2580,2569,2568,2588,2588]}","{""name"":""not_defined"",""type"":""unknown"",""image_quality"":{""good"":true,""frontal"":true,""good_illumination"":true}}"
9.png,66060342,"{""caption"":"""",""public_domain"":""no"",""image_url"":""""}",2245,1011,"{""name"":""polygon"",""all_points_x"":[2326,2343,2346,2330,2324,2323],""all_points_y"":[2232,2257,2256,2230,2220,2220]}","{""name"":""not_defined"",""type"":""unknown"",""image_quality"":{""good"":true,""frontal"":true,""good_illumination"":true}}"
9.png,66060342,"{""caption"":"""",""public_domain"":""no"",""image_url"":""""}",2245,1012,"{""name"":""polygon"",""all_points_x"":[2228,2232,2223,2215,2212,2220],""all_points_y"":[2587,2588,2554,2532,2532,2563]}","{""name"":""not_defined"",""type"":""unknown"",""image_quality"":{""good"":true,""frontal"":true,""good_illumination"":true}}"
9.png,66060342,"{""caption"":"""",""public_domain"":""no"",""image_url"":""""}",2245,1013,"{""name"":""polygon"",""all_points_x"":[3358,3294,3293,3359],""all_points_y"":[2381,2401,2404,2386]}","{""name"":""not_defined"",""type"":""unknown"",""image_quality"":{""good"":true,""frontal"":true,""good_illumination"":true}}"
9.png,66060342,"{""caption"":"""",""public_domain"":""no"",""image_url"":""""}",2245,1014,"{""name"":""polygon"",""all_points_x"":[3425,3419,3420,3424,3426,3432,3427],""all_points_y"":[2101,2102,2160,2200,2201,2191,2152]}","{""name"":""not_defined"",""type"":""unknown"",""image_quality"":{""good"":true,""frontal"":true,""good_illumination"":true}}"
9.png,66060342,"{""caption"":"""",""public_domain"":""no"",""image_url"":""""}",2245,1015,"{""name"":""polygon"",""all_points_x"":[3485,3452,3453,3489],""all_points_y"":[2060,2121,2123,2062]}","{""name"":""not_defined"",""type"":""unknown"",""image_quality"":{""good"":true,""frontal"":true,""good_illumination"":true}}"
9.png,66060342,"{""caption"":"""",""public_domain"":""no"",""image_url"":""""}",2245,1016,"{""name"":""polygon"",""all_points_x"":[3239,3233,3226,3220,3204,3212,3229],""all_points_y"":[1874,1872,1938,2016,2145,2144,1972]}","{""name"":""not_defined"",""type"":""unknown"",""image_quality"":{""good"":true,""frontal"":true,""good_illumination"":true}}"
9.png,66060342,"{""caption"":"""",""public_domain"":""no"",""image_url"":""""}",2245,1017,"{""name"":""polygon"",""all_points_x"":[3232,3238,3235,3229,3229,3231],""all_points_y"":[2015,2117,2114,2026,1971,1967]}","{""name"":""not_defined"",""type"":""unknown"",""image_quality"":{""good"":true,""frontal"":true,""good_illumination"":true}}"
9.png,66060342,"{""caption"":"""",""public_domain"":""no"",""image_url"":""""}",2245,1018,"{""name"":""polygon"",""all_points_x"":[3103,3103,3127,3138,3155,3164,3186,3188,3151],""all_points_y"":[2078,2081,2089,2093,2100,2100,2106,2105,2095]}","{""name"":""not_defined"",""type"":""unknown"",""image_quality"":{""good"":true,""frontal"":true,""good_illumination"":true}}"
9.png,66060342,"{""caption"":"""",""public_domain"":""no"",""image_url"":""""}",2245,1019,"{""name"":""polygon"",""all_points_x"":[3092,3107,3120,3148,3150,3128,3116,3097],""all_points_y"":[2083,2107,2126,2155,2152,2130,2115,2082]}","{""name"":""not_defined"",""type"":""unknown"",""image_quality"":{""good"":true,""frontal"":true,""good_illumination"":true}}"
9.png,66060342,"{""caption"":"""",""public_domain"":""no"",""image_url"":""""}",2245,1020,"{""name"":""polygon"",""all_points_x"":[2884,2866,2858,2851,2852,2867,2886],""all_points_y"":[2108,2138,2149,2156,2158,2141,2110]}","{""name"":""not_defined"",""type"":""unknown"",""image_quality"":{""good"":true,""frontal"":true,""good_illumination"":true}}"
9.png,66060342,"{""caption"":"""",""public_domain"":""no"",""image_url"":""""}",2245,1021,"{""name"":""polygon"",""all_points_x"":[3203,3201,3202,3205,3206,3209,3217,3219,3212,3209],""all_points_y"":[1848,1845,1872,1891,1912,1945,1979,1978,1947,1915]}","{""name"":""not_defined"",""type"":""unknown"",""image_quality"":{""good"":true,""frontal"":true,""good_illumination"":true}}"
9.png,66060342,"{""caption"":"""",""public_domain"":""no"",""image_url"":""""}",2245,1022,"{""name"":""polygon"",""all_points_x"":[3144,3138,3138,3138,3140,3141,3149,3145,3144],""all_points_y"":[1665,1665,1698,1749,1815,1880,1885,1774,1735]}","{""name"":""not_defined"",""type"":""unknown"",""image_quality"":{""good"":true,""frontal"":true,""good_illumination"":true}}"
9.png,66060342,"{""caption"":"""",""public_domain"":""no"",""image_url"":""""}",2245,1023,"{""name"":""polygon"",""all_points_x"":[2902,2899,2901,2906,2902],""all_points_y"":[1594,1651,1651,1580,1578]}","{""name"":""not_defined"",""type"":""unknown"",""image_quality"":{""good"":true,""frontal"":true,""good_illumination"":true}}"
9.png,66060342,"{""caption"":"""",""public_domain"":""no"",""image_url"":""""}",2245,1024,"{""name"":""polygon"",""all_points_x"":[2989,2984,2992,2997],""all_points_y"":[1563,1566,1584,1581]}","{""name"":""not_defined"",""type"":""unknown"",""image_quality"":{""good"":true,""frontal"":true,""good_illumination"":true}}"
9.png,66060342,"{""caption"":"""",""public_domain"":""no"",""image_url"":""""}",2245,1025,"{""name"":""polygon"",""all_points_x"":[3119,3114,3126,3138,3158,3170,3172,3139],""all_points_y"":[1464,1462,1490,1519,1559,1581,1577,1512]}","{""name"":""not_defined"",""type"":""unknown"",""image_quality"":{""good"":true,""frontal"":true,""good_illumination"":true}}"
9.png,66060342,"{""caption"":"""",""public_domain"":""no"",""image_url"":""""}",2245,1026,"{""name"":""polygon"",""all_points_x"":[3185,3179,3177,3181,3188],""all_points_y"":[1468,1516,1529,1531,1467]}","{""name"":""not_defined"",""type"":""unknown"",""image_quality"":{""good"":true,""frontal"":true,""good_illumination"":true}}"
9.png,66060342,"{""caption"":"""",""public_domain"":""no"",""image_url"":""""}",2245,1027,"{""name"":""polygon"",""all_points_x"":[3183,3170,3172,3185],""all_points_y"":[1557,1594,1594,1560]}","{""name"":""not_defined"",""type"":""unknown"",""image_quality"":{""good"":true,""frontal"":true,""good_illumination"":true}}"
9.png,66060342,"{""caption"":"""",""public_domain"":""no"",""image_url"":""""}",2245,1028,"{""name"":""polygon"",""all_points_x"":[3189,3192,3194,3191],""all_points_y"":[1551,1552,1512,1512]}","{""name"":""not_defined"",""type"":""unknown"",""image_quality"":{""good"":true,""frontal"":true,""good_illumination"":true}}"
9.png,66060342,"{""caption"":"""",""public_domain"":""no"",""image_url"":""""}",2245,1029,"{""name"":""polygon"",""all_points_x"":[3013,3008,3030,3042,3056,3067,3071,3058,3045,3030],""all_points_y"":[1229,1232,1273,1294,1313,1328,1331,1299,1287,1262]}","{""name"":""not_defined"",""type"":""unknown"",""image_quality"":{""good"":true,""frontal"":true,""good_illumination"":true}}"
9.png,66060342,"{""caption"":"""",""public_domain"":""no"",""image_url"":""""}",2245,1030,"{""name"":""polygon"",""all_points_x"":[3036,3034,3045,3059],""all_points_y"":[1246,1248,1287,1301]}","{""name"":""not_defined"",""type"":""unknown"",""image_quality"":{""good"":true,""frontal"":true,""good_illumination"":true}}"
9.png,66060342,"{""caption"":"""",""public_domain"":""no"",""image_url"":""""}",2245,1031,"{""name"":""polygon"",""all_points_x"":[3121,3118,3151,3174,3177],""all_points_y"":[1151,1152,1261,1334,1331]}","{""name"":""not_defined"",""type"":""unknown"",""image_quality"":{""good"":true,""frontal"":true,""good_illumination"":true}}"
9.png,66060342,"{""caption"":"""",""public_domain"":""no"",""image_url"":""""}",2245,1032,"{""name"":""polygon"",""all_points_x"":[3181,3184,3164,3145,3142],""all_points_y"":[1379,1378,1308,1247,1247]}","{""name"":""not_defined"",""type"":""unknown"",""image_quality"":{""good"":true,""frontal"":true,""good_illumination"":true}}"
9.png,66060342,"{""caption"":"""",""public_domain"":""no"",""image_url"":""""}",2245,1033,"{""name"":""polygon"",""all_points_x"":[3005,3054,3051,3003],""all_points_y"":[1283,1346,1348,1286]}","{""name"":""not_defined"",""type"":""unknown"",""image_quality"":{""good"":true,""frontal"":true,""good_illumination"":true}}"
9.png,66060342,"{""caption"":"""",""public_domain"":""no"",""image_url"":""""}",2245,1034,"{""name"":""polygon"",""all_points_x"":[2960,2958,2992,3003,3029,3030,3030,3015],""all_points_y"":[1216,1218,1250,1259,1278,1280,1276,1265]}","{""name"":""not_defined"",""type"":""unknown"",""image_quality"":{""good"":true,""frontal"":true,""good_illumination"":true}}"
9.png,66060342,"{""caption"":"""",""public_domain"":""no"",""image_url"":""""}",2245,1035,"{""name"":""polygon"",""all_points_x"":[3426,3393,3372,3350,3354,3391,3427],""all_points_y"":[1016,1066,1100,1135,1137,1080,1022]}","{""name"":""not_defined"",""type"":""unknown"",""image_quality"":{""good"":true,""frontal"":true,""good_illumination"":true}}"
9.png,66060342,"{""caption"":"""",""public_domain"":""no"",""image_url"":""""}",2245,1036,"{""name"":""polygon"",""all_points_x"":[3183,3178,3184,3196,3201,3187],""all_points_y"":[963,964,990,1033,1033,985]}","{""name"":""not_defined"",""type"":""unknown"",""image_quality"":{""good"":true,""frontal"":true,""good_illumination"":true}}"
9.png,66060342,"{""caption"":"""",""public_domain"":""no"",""image_url"":""""}",2245,1037,"{""name"":""polygon"",""all_points_x"":[3150,3149,3153,3156,3161,3155],""all_points_y"":[991,1005,1060,1083,1087,1050]}","{""name"":""not_defined"",""type"":""unknown"",""image_quality"":{""good"":true,""frontal"":true,""good_illumination"":true}}"
9.png,66060342,"{""caption"":"""",""public_domain"":""no"",""image_url"":""""}",2245,1038,"{""name"":""polygon"",""all_points_x"":[3153,3150,3146,3143,3146],""all_points_y"":[1206,1208,1157,1096,1099]}","{""name"":""not_defined"",""type"":""unknown"",""image_quality"":{""good"":true,""frontal"":true,""good_illumination"":true}}"
9.png,66060342,"{""caption"":"""",""public_domain"":""no"",""image_url"":""""}",2245,1039,"{""name"":""polygon"",""all_points_x"":[3120,3118,3128,3138,3154,3156,3140,3127],""all_points_y"":[1065,1072,1081,1091,1103,1100,1089,1077]}","{""name"":""not_defined"",""type"":""unknown"",""image_quality"":{""good"":true,""frontal"":true,""good_illumination"":true}}"
9.png,66060342,"{""caption"":"""",""public_domain"":""no"",""image_url"":""""}",2245,1040,"{""name"":""polygon"",""all_points_x"":[3142,3143,3147,3146,3146,3147,3147,3148,3147,3144,3146],""all_points_y"":[1055,1091,1094,1048,1017,1008,971,947,946,969,1005]}","{""name"":""not_defined"",""type"":""unknown"",""image_quality"":{""good"":true,""frontal"":true,""good_illumination"":true}}"
9.png,66060342,"{""caption"":"""",""public_domain"":""no"",""image_url"":""""}",2245,1041,"{""name"":""polygon"",""all_points_x"":[3170,3149,3149,3177,3176],""all_points_y"":[970,987,992,970,968]}","{""name"":""not_defined"",""type"":""unknown"",""image_quality"":{""good"":true,""frontal"":true,""good_illumination"":true}}"
9.png,66060342,"{""caption"":"""",""public_domain"":""no"",""image_url"":""""}",2245,1042,"{""name"":""polygon"",""all_points_x"":[3321,3318,3326,3329],""all_points_y"":[1007,1010,1028,1028]}","{""name"":""not_defined"",""type"":""unknown"",""image_quality"":{""good"":true,""frontal"":true,""good_illumination"":true}}"
9.png,66060342,"{""caption"":"""",""public_domain"":""no"",""image_url"":""""}",2245,1043,"{""name"":""polygon"",""all_points_x"":[3530,3500,3471,3471,3525,3528,3535],""all_points_y"":[1136,1165,1197,1201,1145,1143,1135]}","{""name"":""not_defined"",""type"":""unknown"",""image_quality"":{""good"":true,""frontal"":true,""good_illumination"":true}}"
9.png,66060342,"{""caption"":"""",""public_domain"":""no"",""image_url"":""""}",2245,1044,"{""name"":""polygon"",""all_points_x"":[3138,3130,3133,3143],""all_points_y"":[942,988,988,940]}","{""name"":""not_defined"",""type"":""unknown"",""image_quality"":{""good"":true,""frontal"":true,""good_illumination"":true}}"
9.png,66060342,"{""caption"":"""",""public_domain"":""no"",""image_url"":""""}",2245,1045,"{""name"":""polygon"",""all_points_x"":[3324,3322,3318,3315,3309,3312],""all_points_y"":[815,815,851,860,912,912]}","{""name"":""not_defined"",""type"":""unknown"",""image_quality"":{""good"":true,""frontal"":true,""good_illumination"":true}}"
9.png,66060342,"{""caption"":"""",""public_domain"":""no"",""image_url"":""""}",2245,1046,"{""name"":""polygon"",""all_points_x"":[3329,3327,3320,3315,3318],""all_points_y"":[820,818,866,905,908]}","{""name"":""not_defined"",""type"":""unknown"",""image_quality"":{""good"":true,""frontal"":true,""good_illumination"":true}}"
9.png,66060342,"{""caption"":"""",""public_domain"":""no"",""image_url"":""""}",2245,1047,"{""name"":""polygon"",""all_points_x"":[3431,3430,3448,3471,3473],""all_points_y"":[788,790,814,847,845]}","{""name"":""not_defined"",""type"":""unknown"",""image_quality"":{""good"":true,""frontal"":true,""good_illumination"":true}}"
9.png,66060342,"{""caption"":"""",""public_domain"":""no"",""image_url"":""""}",2245,1048,"{""name"":""polygon"",""all_points_x"":[3293,3292,3309,3329,3353,3379,3379,3345,3335,3307],""all_points_y"":[719,722,729,735,738,743,740,733,733,725]}","{""name"":""not_defined"",""type"":""unknown"",""image_quality"":{""good"":true,""frontal"":true,""good_illumination"":true}}"
9.png,66060342,"{""caption"":"""",""public_domain"":""no"",""image_url"":""""}",2245,1049,"{""name"":""polygon"",""all_points_x"":[3370,3369,3387,3403,3429,3440,3446,3446],""all_points_y"":[690,693,701,709,721,727,728,726]}","{""name"":""not_defined"",""type"":""unknown"",""image_quality"":{""good"":true,""frontal"":true,""good_illumination"":true}}"
9.png,66060342,"{""caption"":"""",""public_domain"":""no"",""image_url"":""""}",2245,1050,"{""name"":""polygon"",""all_points_x"":[3430,3430,3478,3480,3465],""all_points_y"":[743,748,750,748,745]}","{""name"":""not_defined"",""type"":""unknown"",""image_quality"":{""good"":true,""frontal"":true,""good_illumination"":true}}"
9.png,66060342,"{""caption"":"""",""public_domain"":""no"",""image_url"":""""}",2245,1051,"{""name"":""polygon"",""all_points_x"":[3342,3340,3338,3342,3346],""all_points_y"":[645,673,688,688,645]}","{""name"":""not_defined"",""type"":""unknown"",""image_quality"":{""good"":true,""frontal"":true,""good_illumination"":true}}"
9.png,66060342,"{""caption"":"""",""public_domain"":""no"",""image_url"":""""}",2245,1052,"{""name"":""polygon"",""all_points_x"":[3353,3352,3388,3418,3438,3435],""all_points_y"":[511,514,519,522,522,515]}","{""name"":""not_defined"",""type"":""unknown"",""image_quality"":{""good"":true,""frontal"":true,""good_illumination"":true}}"
9.png,66060342,"{""caption"":"""",""public_domain"":""no"",""image_url"":""""}",2245,1053,"{""name"":""polygon"",""all_points_x"":[3101,3097,3100,3105,3108,3102],""all_points_y"":[444,444,478,511,511,466]}","{""name"":""not_defined"",""type"":""unknown"",""image_quality"":{""good"":true,""frontal"":true,""good_illumination"":true}}"
9.png,66060342,"{""caption"":"""",""public_domain"":""no"",""image_url"":""""}",2245,1054,"{""name"":""polygon"",""all_points_x"":[3183,3178,3185,3188],""all_points_y"":[79,80,127,129]}","{""name"":""not_defined"",""type"":""unknown"",""image_quality"":{""good"":true,""frontal"":true,""good_illumination"":true}}"
9.png,66060342,"{""caption"":"""",""public_domain"":""no"",""image_url"":""""}",2245,1055,"{""name"":""polygon"",""all_points_x"":[3221,3218,3228,3236,3237],""all_points_y"":[107,110,123,135,133]}","{""name"":""not_defined"",""type"":""unknown"",""image_quality"":{""good"":true,""frontal"":true,""good_illumination"":true}}"
9.png,66060342,"{""caption"":"""",""public_domain"":""no"",""image_url"":""""}",2245,1056,"{""name"":""polygon"",""all_points_x"":[3214,3211,3223,3234,3242,3249,3250,3242,3235,3220],""all_points_y"":[47,50,71,92,107,126,125,101,86,62]}","{""name"":""not_defined"",""type"":""unknown"",""image_quality"":{""good"":true,""frontal"":true,""good_illumination"":true}}"
9.png,66060342,"{""caption"":"""",""public_domain"":""no"",""image_url"":""""}",2245,1057,"{""name"":""polygon"",""all_points_x"":[3309,3305,3302,3301,3303,3307,3307,3313],""all_points_y"":[57,73,100,112,112,86,79,62]}","{""name"":""not_defined"",""type"":""unknown"",""image_quality"":{""good"":true,""frontal"":true,""good_illumination"":true}}"
9.png,66060342,"{""caption"":"""",""public_domain"":""no"",""image_url"":""""}",2245,1058,"{""name"":""polygon"",""all_points_x"":[3311,3309,3315,3324,3329,3331],""all_points_y"":[13,14,27,45,61,60]}","{""name"":""not_defined"",""type"":""unknown"",""image_quality"":{""good"":true,""frontal"":true,""good_illumination"":true}}"
9.png,66060342,"{""caption"":"""",""public_domain"":""no"",""image_url"":""""}",2245,1059,"{""name"":""polygon"",""all_points_x"":[3266,3266,3273,3283,3291,3292],""all_points_y"":[21,21,31,42,49,47]}","{""name"":""not_defined"",""type"":""unknown"",""image_quality"":{""good"":true,""frontal"":true,""good_illumination"":true}}"
9.png,66060342,"{""caption"":"""",""public_domain"":""no"",""image_url"":""""}",2245,1060,"{""name"":""polygon"",""all_points_x"":[3494,3459,3460,3496],""all_points_y"":[14,64,65,18]}","{""name"":""not_defined"",""type"":""unknown"",""image_quality"":{""good"":true,""frontal"":true,""good_illumination"":true}}"
9.png,66060342,"{""caption"":"""",""public_domain"":""no"",""image_url"":""""}",2245,1061,"{""name"":""polygon"",""all_points_x"":[3394,3390,3404,3422,3445,3458,3494,3496,3491,3454,3429,3407],""all_points_y"":[170,170,192,213,235,248,274,274,268,238,213,191]}","{""name"":""not_defined"",""type"":""unknown"",""image_quality"":{""good"":true,""frontal"":true,""good_illumination"":true}}"
9.png,66060342,"{""caption"":"""",""public_domain"":""no"",""image_url"":""""}",2245,1062,"{""name"":""polygon"",""all_points_x"":[3301,3296,3296,3289,3289,3285,3285,3290,3293,3290,3290,3292,3293,3296],""all_points_y"":[203,203,229,254,276,293,309,332,331,312,296,281,253,241]}","{""name"":""not_defined"",""type"":""unknown"",""image_quality"":{""good"":true,""frontal"":true,""good_illumination"":true}}"
9.png,66060342,"{""caption"":"""",""public_domain"":""no"",""image_url"":""""}",2245,1063,"{""name"":""polygon"",""all_points_x"":[3344,3341,3345,3350,3357,3361,3354],""all_points_y"":[225,226,252,276,303,300,269]}","{""name"":""not_defined"",""type"":""unknown"",""image_quality"":{""good"":true,""frontal"":true,""good_illumination"":true}}"
9.png,66060342,"{""caption"":"""",""public_domain"":""no"",""image_url"":""""}",2245,1064,"{""name"":""polygon"",""all_points_x"":[3436,3433,3464,3478,3478,3463],""all_points_y"":[258,261,294,304,300,287]}","{""name"":""not_defined"",""type"":""unknown"",""image_quality"":{""good"":true,""frontal"":true,""good_illumination"":true}}"
9.png,66060342,"{""caption"":"""",""public_domain"":""no"",""image_url"":""""}",2245,1065,"{""name"":""polygon"",""all_points_x"":[3484,3462,3442,3429,3414,3399,3367,3374,3408,3450,3483,3485],""all_points_y"":[352,365,380,391,402,412,436,441,408,378,357,355]}","{""name"":""not_defined"",""type"":""unknown"",""image_quality"":{""good"":true,""frontal"":true,""good_illumination"":true}}"
9.png,66060342,"{""caption"":"""",""public_domain"":""no"",""image_url"":""""}",2245,1066,"{""name"":""polygon"",""all_points_x"":[3641,3637,3669,3696,3708,3730,3734,3706,3686],""all_points_y"":[97,97,131,164,172,198,194,165,149]}","{""name"":""not_defined"",""type"":""unknown"",""image_quality"":{""good"":true,""frontal"":true,""good_illumination"":true}}"
9.png,66060342,"{""caption"":"""",""public_domain"":""no"",""image_url"":""""}",2245,1067,"{""name"":""polygon"",""all_points_x"":[3800,3795,3801,3810,3814],""all_points_y"":[177,175,186,203,203]}","{""name"":""not_defined"",""type"":""unknown"",""image_quality"":{""good"":true,""frontal"":true,""good_illumination"":true}}"
9.png,66060342,"{""caption"":"""",""public_domain"":""no"",""image_url"":""""}",2245,1068,"{""name"":""polygon"",""all_points_x"":[3785,3788,3829,3893,3891],""all_points_y"":[207,204,204,202,205]}","{""name"":""not_defined"",""type"":""unknown"",""image_quality"":{""good"":true,""frontal"":true,""good_illumination"":true}}"
9.png,66060342,"{""caption"":"""",""public_domain"":""no"",""image_url"":""""}",2245,1069,"{""name"":""polygon"",""all_points_x"":[3837,3842,3823,3816,3807,3804,3816],""all_points_y"":[151,152,98,80,71,72,86]}","{""name"":""not_defined"",""type"":""unknown"",""image_quality"":{""good"":true,""frontal"":true,""good_illumination"":true}}"
9.png,66060342,"{""caption"":"""",""public_domain"":""no"",""image_url"":""""}",2245,1070,"{""name"":""polygon"",""all_points_x"":[3790,3790,3801,3810,3816,3825,3825,3813],""all_points_y"":[89,91,99,107,112,116,115,109]}","{""name"":""not_defined"",""type"":""unknown"",""image_quality"":{""good"":true,""frontal"":true,""good_illumination"":true}}"
9.png,66060342,"{""caption"":"""",""public_domain"":""no"",""image_url"":""""}",2245,1071,"{""name"":""polygon"",""all_points_x"":[3831,3878,3881,3836],""all_points_y"":[0,73,73,0]}","{""name"":""not_defined"",""type"":""unknown"",""image_quality"":{""good"":true,""frontal"":true,""good_illumination"":true}}"
9.png,66060342,"{""caption"":"""",""public_domain"":""no"",""image_url"":""""}",2245,1072,"{""name"":""polygon"",""all_points_x"":[3868,3893,3896,3872],""all_points_y"":[1,37,35,0]}","{""name"":""not_defined"",""type"":""unknown"",""image_quality"":{""good"":true,""frontal"":true,""good_illumination"":true}}"
9.png,66060342,"{""caption"":"""",""public_domain"":""no"",""image_url"":""""}",2245,1073,"{""name"":""polygon"",""all_points_x"":[3896,3892,3908,3920,3987,3992],""all_points_y"":[3,5,22,40,147,146]}","{""name"":""not_defined"",""type"":""unknown"",""image_quality"":{""good"":true,""frontal"":true,""good_illumination"":true}}"
9.png,66060342,"{""caption"":"""",""public_domain"":""no"",""image_url"":""""}",2245,1074,"{""name"":""polygon"",""all_points_x"":[3586,3526,3526,3584],""all_points_y"":[291,327,331,294]}","{""name"":""not_defined"",""type"":""unknown"",""image_quality"":{""good"":true,""frontal"":true,""good_illumination"":true}}"
9.png,66060342,"{""caption"":"""",""public_domain"":""no"",""image_url"":""""}",2245,1075,"{""name"":""polygon"",""all_points_x"":[3435,3480,3482,3436],""all_points_y"":[242,279,275,239]}","{""name"":""not_defined"",""type"":""unknown"",""image_quality"":{""good"":true,""frontal"":true,""good_illumination"":true}}"
9.png,66060342,"{""caption"":"""",""public_domain"":""no"",""image_url"":""""}",2245,1076,"{""name"":""polygon"",""all_points_x"":[3443,3413,3411,3446,3462,3463],""all_points_y"":[198,186,190,205,213,209]}","{""name"":""not_defined"",""type"":""unknown"",""image_quality"":{""good"":true,""frontal"":true,""good_illumination"":true}}"
9.png,66060342,"{""caption"":"""",""public_domain"":""no"",""image_url"":""""}",2245,1077,"{""name"":""polygon"",""all_points_x"":[3610,3607,3621,3636,3643,3656,3671,3706,3710,3701,3677,3660],""all_points_y"":[184,187,194,203,207,214,224,249,250,242,224,214]}","{""name"":""not_defined"",""type"":""unknown"",""image_quality"":{""good"":true,""frontal"":true,""good_illumination"":true}}"
9.png,66060342,"{""caption"":"""",""public_domain"":""no"",""image_url"":""""}",2245,1078,"{""name"":""polygon"",""all_points_x"":[3634,3632,3640,3656,3667,3671],""all_points_y"":[231,231,240,258,268,268]}","{""name"":""not_defined"",""type"":""unknown"",""image_quality"":{""good"":true,""frontal"":true,""good_illumination"":true}}"
9.png,66060342,"{""caption"":"""",""public_domain"":""no"",""image_url"":""""}",2245,1079,"{""name"":""polygon"",""all_points_x"":[3524,3519,3530,3534,3539,3543,3533],""all_points_y"":[415,417,452,482,503,506,450]}","{""name"":""not_defined"",""type"":""unknown"",""image_quality"":{""good"":true,""frontal"":true,""good_illumination"":true}}"
9.png,66060342,"{""caption"":"""",""public_domain"":""no"",""image_url"":""""}",2245,1080,"{""name"":""polygon"",""all_points_x"":[3561,3557,3548,3539,3537,3549],""all_points_y"":[491,493,484,475,471,483]}","{""name"":""not_defined"",""type"":""unknown"",""image_quality"":{""good"":true,""frontal"":true,""good_illumination"":true}}"
9.png,66060342,"{""caption"":"""",""public_domain"":""no"",""image_url"":""""}",2245,1081,"{""name"":""polygon"",""all_points_x"":[3452,3450,3471,3504,3530,3575,3595,3598,3565,3482,3467],""all_points_y"":[438,443,461,482,503,539,551,549,526,461,455]}","{""name"":""not_defined"",""type"":""unknown"",""image_quality"":{""good"":true,""frontal"":true,""good_illumination"":true}}"
9.png,66060342,"{""caption"":"""",""public_domain"":""no"",""image_url"":""""}",2245,1082,"{""name"":""polygon"",""all_points_x"":[3402,3397,3406,3429,3448,3452],""all_points_y"":[454,451,467,502,536,535]}","{""name"":""not_defined"",""type"":""unknown"",""image_quality"":{""good"":true,""frontal"":true,""good_illumination"":true}}"
9.png,66060342,"{""caption"":"""",""public_domain"":""no"",""image_url"":""""}",2245,1083,"{""name"":""polygon"",""all_points_x"":[3186,3181,3190,3199,3199],""all_points_y"":[413,417,428,439,436]}","{""name"":""not_defined"",""type"":""unknown"",""image_quality"":{""good"":true,""frontal"":true,""good_illumination"":true}}"
9.png,66060342,"{""caption"":"""",""public_domain"":""no"",""image_url"":""""}",2245,1084,"{""name"":""polygon"",""all_points_x"":[3248,3245,3257,3259],""all_points_y"":[529,533,569,569]}","{""name"":""not_defined"",""type"":""unknown"",""image_quality"":{""good"":true,""frontal"":true,""good_illumination"":true}}"
9.png,66060342,"{""caption"":"""",""public_domain"":""no"",""image_url"":""""}",2245,1085,"{""name"":""polygon"",""all_points_x"":[3658,3655,3677,3723,3728],""all_points_y"":[703,705,734,794,795]}","{""name"":""not_defined"",""type"":""unknown"",""image_quality"":{""good"":true,""frontal"":true,""good_illumination"":true}}"
9.png,66060342,"{""caption"":"""",""public_domain"":""no"",""image_url"":""""}",2245,1086,"{""name"":""polygon"",""all_points_x"":[3778,3775,3774,3771,3770,3771,3777],""all_points_y"":[609,612,653,701,704,705,660]}","{""name"":""not_defined"",""type"":""unknown"",""image_quality"":{""good"":true,""frontal"":true,""good_illumination"":true}}"
9.png,66060342,"{""caption"":"""",""public_domain"":""no"",""image_url"":""""}",2245,1087,"{""name"":""polygon"",""all_points_x"":[3802,3799,3780,3771,3753,3734,3732,3736,3763,3779],""all_points_y"":[769,772,727,706,670,633,628,626,682,722]}","{""name"":""not_defined"",""type"":""unknown"",""image_quality"":{""good"":true,""frontal"":true,""good_illumination"":true}}"
9.png,66060342,"{""caption"":"""",""public_domain"":""no"",""image_url"":""""}",2245,1088,"{""name"":""polygon"",""all_points_x"":[3781,3785,3776,3762,3758,3774],""all_points_y"":[779,781,734,691,692,742]}","{""name"":""not_defined"",""type"":""unknown"",""image_quality"":{""good"":true,""frontal"":true,""good_illumination"":true}}"
9.png,66060342,"{""caption"":"""",""public_domain"":""no"",""image_url"":""""}",2245,1089,"{""name"":""polygon"",""all_points_x"":[3767,3769,3760,3757,3754],""all_points_y"":[776,775,717,706,710]}","{""name"":""not_defined"",""type"":""unknown"",""image_quality"":{""good"":true,""frontal"":true,""good_illumination"":true}}"
9.png,66060342,"{""caption"":"""",""public_domain"":""no"",""image_url"":""""}",2245,1090,"{""name"":""polygon"",""all_points_x"":[3673,3669,3691,3705,3709,3690],""all_points_y"":[649,651,690,716,716,678]}","{""name"":""not_defined"",""type"":""unknown"",""image_quality"":{""good"":true,""frontal"":true,""good_illumination"":true}}"
9.png,66060342,"{""caption"":"""",""public_domain"":""no"",""image_url"":""""}",2245,1091,"{""name"":""polygon"",""all_points_x"":[3032,3029,3040,3054,3069,3070,3065,3053],""all_points_y"":[763,764,781,793,809,806,801,789]}","{""name"":""not_defined"",""type"":""unknown"",""image_quality"":{""good"":true,""frontal"":true,""good_illumination"":true}}"
9.png,66060342,"{""caption"":"""",""public_domain"":""no"",""image_url"":""""}",2245,1092,"{""name"":""polygon"",""all_points_x"":[3083,3080,3098,3105,3111,3112],""all_points_y"":[761,761,791,804,813,811]}","{""name"":""not_defined"",""type"":""unknown"",""image_quality"":{""good"":true,""frontal"":true,""good_illumination"":true}}"
9.png,66060342,"{""caption"":"""",""public_domain"":""no"",""image_url"":""""}",2245,1093,"{""name"":""polygon"",""all_points_x"":[3111,3107,3112,3117,3121,3125,3126,3119],""all_points_y"":[774,774,797,825,850,868,868,830]}","{""name"":""not_defined"",""type"":""unknown"",""image_quality"":{""good"":true,""frontal"":true,""good_illumination"":true}}"
9.png,66060342,"{""caption"":"""",""public_domain"":""no"",""image_url"":""""}",2245,1094,"{""name"":""polygon"",""all_points_x"":[2903,2901,2904,2911,2919,2921,2921,2914,2906],""all_points_y"":[711,713,723,735,749,749,741,733,719]}","{""name"":""not_defined"",""type"":""unknown"",""image_quality"":{""good"":true,""frontal"":true,""good_illumination"":true}}"
9.png,66060342,"{""caption"":"""",""public_domain"":""no"",""image_url"":""""}",2245,1095,"{""name"":""polygon"",""all_points_x"":[3213,3210,3215,3221,3227,3243,3252,3258,3256,3247,3230],""all_points_y"":[729,730,733,737,743,751,756,758,756,752,741]}","{""name"":""not_defined"",""type"":""unknown"",""image_quality"":{""good"":true,""frontal"":true,""good_illumination"":true}}"
9.png,66060342,"{""caption"":"""",""public_domain"":""no"",""image_url"":""""}",2245,1096,"{""name"":""polygon"",""all_points_x"":[3526,3528,3529,3529,3526],""all_points_y"":[556,556,531,504,503]}","{""name"":""not_defined"",""type"":""unknown"",""image_quality"":{""good"":true,""frontal"":true,""good_illumination"":true}}"
9.png,66060342,"{""caption"":"""",""public_domain"":""no"",""image_url"":""""}",2245,1097,"{""name"":""polygon"",""all_points_x"":[3557,3561,3553,3547,3544,3542],""all_points_y"":[572,570,544,523,516,515]}","{""name"":""not_defined"",""type"":""unknown"",""image_quality"":{""good"":true,""frontal"":true,""good_illumination"":true}}"
9.png,66060342,"{""caption"":"""",""public_domain"":""no"",""image_url"":""""}",2245,1098,"{""name"":""polygon"",""all_points_x"":[3453,3452,3474,3482,3492,3504,3508,3498,3488,3464],""all_points_y"":[411,413,424,427,434,447,448,435,426,414]}","{""name"":""not_defined"",""type"":""unknown"",""image_quality"":{""good"":true,""frontal"":true,""good_illumination"":true}}"
9.png,66060342,"{""caption"":"""",""public_domain"":""no"",""image_url"":""""}",2245,1099,"{""name"":""polygon"",""all_points_x"":[3388,3386,3399,3408,3425,3433,3434,3419,3395],""all_points_y"":[331,335,344,351,360,365,362,354,337]}","{""name"":""not_defined"",""type"":""unknown"",""image_quality"":{""good"":true,""frontal"":true,""good_illumination"":true}}"
9.png,66060342,"{""caption"":"""",""public_domain"":""no"",""image_url"":""""}",2245,1100,"{""name"":""polygon"",""all_points_x"":[3495,3493,3475,3457,3452,3453],""all_points_y"":[415,417,401,385,380,380]}","{""name"":""not_defined"",""type"":""unknown"",""image_quality"":{""good"":true,""frontal"":true,""good_illumination"":true}}"
9.png,66060342,"{""caption"":"""",""public_domain"":""no"",""image_url"":""""}",2245,1101,"{""name"":""polygon"",""all_points_x"":[3559,3557,3581,3600,3601],""all_points_y"":[423,427,462,494,488]}","{""name"":""not_defined"",""type"":""unknown"",""image_quality"":{""good"":true,""frontal"":true,""good_illumination"":true}}"
9.png,66060342,"{""caption"":"""",""public_domain"":""no"",""image_url"":""""}",2245,1102,"{""name"":""polygon"",""all_points_x"":[3577,3575,3589,3604,3605],""all_points_y"":[474,475,504,529,527]}","{""name"":""not_defined"",""type"":""unknown"",""image_quality"":{""good"":true,""frontal"":true,""good_illumination"":true}}"
9.png,66060342,"{""caption"":"""",""public_domain"":""no"",""image_url"":""""}",2245,1103,"{""name"":""polygon"",""all_points_x"":[3562,3566,3582,3594,3592],""all_points_y"":[473,470,498,519,520]}","{""name"":""not_defined"",""type"":""unknown"",""image_quality"":{""good"":true,""frontal"":true,""good_illumination"":true}}"
9.png,66060342,"{""caption"":"""",""public_domain"":""no"",""image_url"":""""}",2245,1104,"{""name"":""polygon"",""all_points_x"":[3293,3288,3289,3291,3288,3292,3293],""all_points_y"":[583,581,596,607,615,616,606]}","{""name"":""not_defined"",""type"":""unknown"",""image_quality"":{""good"":true,""frontal"":true,""good_illumination"":true}}"
9.png,66060342,"{""caption"":"""",""public_domain"":""no"",""image_url"":""""}",2245,1105,"{""name"":""polygon"",""all_points_x"":[3583,3582,3594,3610,3624,3625],""all_points_y"":[404,406,422,436,449,449]}","{""name"":""not_defined"",""type"":""unknown"",""image_quality"":{""good"":true,""frontal"":true,""good_illumination"":true}}"
9.png,66060342,"{""caption"":"""",""public_domain"":""no"",""image_url"":""""}",2245,1106,"{""name"":""polygon"",""all_points_x"":[3629,3628,3637,3657,3659,3639],""all_points_y"":[423,424,434,454,453,434]}","{""name"":""not_defined"",""type"":""unknown"",""image_quality"":{""good"":true,""frontal"":true,""good_illumination"":true}}"
9.png,66060342,"{""caption"":"""",""public_domain"":""no"",""image_url"":""""}",2245,1107,"{""name"":""polygon"",""all_points_x"":[3888,3873,3865,3861,3843,3847,3861,3883,3892],""all_points_y"":[388,438,463,475,527,529,486,414,387]}","{""name"":""not_defined"",""type"":""unknown"",""image_quality"":{""good"":true,""frontal"":true,""good_illumination"":true}}"
9.png,66060342,"{""caption"":"""",""public_domain"":""no"",""image_url"":""""}",2245,1108,"{""name"":""polygon"",""all_points_x"":[3766,3761,3767,3780,3790,3797,3799,3787,3785,3783],""all_points_y"":[488,491,500,521,533,544,540,521,519,516]}","{""name"":""not_defined"",""type"":""unknown"",""image_quality"":{""good"":true,""frontal"":true,""good_illumination"":true}}"
9.png,66060342,"{""caption"":"""",""public_domain"":""no"",""image_url"":""""}",2245,1109,"{""name"":""polygon"",""all_points_x"":[3781,3777,3787,3790],""all_points_y"":[494,497,519,519]}","{""name"":""not_defined"",""type"":""unknown"",""image_quality"":{""good"":true,""frontal"":true,""good_illumination"":true}}"
9.png,66060342,"{""caption"":"""",""public_domain"":""no"",""image_url"":""""}",2245,1110,"{""name"":""polygon"",""all_points_x"":[3691,3689,3715,3720,3721],""all_points_y"":[510,511,534,540,537]}","{""name"":""not_defined"",""type"":""unknown"",""image_quality"":{""good"":true,""frontal"":true,""good_illumination"":true}}"
9.png,66060342,"{""caption"":"""",""public_domain"":""no"",""image_url"":""""}",2245,1111,"{""name"":""polygon"",""all_points_x"":[3662,3659,3667,3689,3701,3705,3705,3698],""all_points_y"":[638,638,656,700,725,727,723,711]}","{""name"":""not_defined"",""type"":""unknown"",""image_quality"":{""good"":true,""frontal"":true,""good_illumination"":true}}"
9.png,66060342,"{""caption"":"""",""public_domain"":""no"",""image_url"":""""}",2245,1112,"{""name"":""polygon"",""all_points_x"":[3653,3651,3659,3674,3689,3700,3707,3719,3722,3721,3713],""all_points_y"":[731,731,739,755,771,781,788,798,800,799,793]}","{""name"":""not_defined"",""type"":""unknown"",""image_quality"":{""good"":true,""frontal"":true,""good_illumination"":true}}"
9.png,66060342,"{""caption"":"""",""public_domain"":""no"",""image_url"":""""}",2245,1113,"{""name"":""polygon"",""all_points_x"":[3668,3662,3682,3697,3704],""all_points_y"":[585,587,619,645,648]}","{""name"":""not_defined"",""type"":""unknown"",""image_quality"":{""good"":true,""frontal"":true,""good_illumination"":true}}"
9.png,66060342,"{""caption"":"""",""public_domain"":""no"",""image_url"":""""}",2245,1114,"{""name"":""polygon"",""all_points_x"":[3650,3648,3657,3672,3682,3693,3690,3682,3677],""all_points_y"":[585,586,595,616,631,640,635,624,616]}","{""name"":""not_defined"",""type"":""unknown"",""image_quality"":{""good"":true,""frontal"":true,""good_illumination"":true}}"
9.png,66060342,"{""caption"":"""",""public_domain"":""no"",""image_url"":""""}",2245,1115,"{""name"":""polygon"",""all_points_x"":[3709,3706,3712,3719,3729,3738,3747,3753,3754,3746,3738,3735,3724],""all_points_y"":[655,657,661,671,686,700,713,718,717,708,697,689,676]}","{""name"":""not_defined"",""type"":""unknown"",""image_quality"":{""good"":true,""frontal"":true,""good_illumination"":true}}"
9.png,66060342,"{""caption"":"""",""public_domain"":""no"",""image_url"":""""}",2245,1116,"{""name"":""polygon"",""all_points_x"":[3683,3680,3690,3695,3698,3705,3710,3715,3721,3721,3717,3712,3701,3698],""all_points_y"":[596,600,613,622,630,642,653,657,664,664,656,649,629,622]}","{""name"":""not_defined"",""type"":""unknown"",""image_quality"":{""good"":true,""frontal"":true,""good_illumination"":true}}"
9.png,66060342,"{""caption"":"""",""public_domain"":""no"",""image_url"":""""}",2245,1117,"{""name"":""polygon"",""all_points_x"":[3745,3741,3751,3763,3766],""all_points_y"":[615,619,634,650,648]}","{""name"":""not_defined"",""type"":""unknown"",""image_quality"":{""good"":true,""frontal"":true,""good_illumination"":true}}"
9.png,66060342,"{""caption"":"""",""public_domain"":""no"",""image_url"":""""}",2245,1118,"{""name"":""polygon"",""all_points_x"":[3805,3808,3796,3786,3782,3782],""all_points_y"":[749,743,722,708,700,706]}","{""name"":""not_defined"",""type"":""unknown"",""image_quality"":{""good"":true,""frontal"":true,""good_illumination"":true}}"
9.png,66060342,"{""caption"":"""",""public_domain"":""no"",""image_url"":""""}",2245,1119,"{""name"":""polygon"",""all_points_x"":[3783,3778,3789,3798,3809,3810,3799,3794],""all_points_y"":[670,671,688,702,715,711,698,691]}","{""name"":""not_defined"",""type"":""unknown"",""image_quality"":{""good"":true,""frontal"":true,""good_illumination"":true}}"
9.png,66060342,"{""caption"":"""",""public_domain"":""no"",""image_url"":""""}",2245,1120,"{""name"":""polygon"",""all_points_x"":[3894,3890,3892,3892,3897,3899,3896],""all_points_y"":[700,700,720,727,735,729,723]}","{""name"":""not_defined"",""type"":""unknown"",""image_quality"":{""good"":true,""frontal"":true,""good_illumination"":true}}"
9.png,66060342,"{""caption"":"""",""public_domain"":""no"",""image_url"":""""}",2245,1121,"{""name"":""polygon"",""all_points_x"":[3824,3824,3800,3799],""all_points_y"":[577,572,531,534]}","{""name"":""not_defined"",""type"":""unknown"",""image_quality"":{""good"":true,""frontal"":true,""good_illumination"":true}}"
9.png,66060342,"{""caption"":"""",""public_domain"":""no"",""image_url"":""""}",2245,1122,"{""name"":""polygon"",""all_points_x"":[3839,3831,3834,3842],""all_points_y"":[544,573,574,545]}","{""name"":""not_defined"",""type"":""unknown"",""image_quality"":{""good"":true,""frontal"":true,""good_illumination"":true}}"
9.png,66060342,"{""caption"":"""",""public_domain"":""no"",""image_url"":""""}",2245,1123,"{""name"":""polygon"",""all_points_x"":[4031,4022,4013,3994,3987,3975,3972,3975,4000,4016,4027,4033],""all_points_y"":[475,500,533,580,598,631,641,641,575,533,495,478]}","{""name"":""not_defined"",""type"":""unknown"",""image_quality"":{""good"":true,""frontal"":true,""good_illumination"":true}}"
9.png,66060342,"{""caption"":"""",""public_domain"":""no"",""image_url"":""""}",2245,1124,"{""name"":""polygon"",""all_points_x"":[4083,4005,4005,4082],""all_points_y"":[571,621,626,574]}","{""name"":""not_defined"",""type"":""unknown"",""image_quality"":{""good"":true,""frontal"":true,""good_illumination"":true}}"
9.png,66060342,"{""caption"":"""",""public_domain"":""no"",""image_url"":""""}",2245,1125,"{""name"":""polygon"",""all_points_x"":[4001,4007,4005,3996,3998],""all_points_y"":[595,616,618,588,586]}","{""name"":""not_defined"",""type"":""unknown"",""image_quality"":{""good"":true,""frontal"":true,""good_illumination"":true}}"
9.png,66060342,"{""caption"":"""",""public_domain"":""no"",""image_url"":""""}",2245,1126,"{""name"":""polygon"",""all_points_x"":[4078,4071,4074,4081],""all_points_y"":[479,578,574,479]}","{""name"":""not_defined"",""type"":""unknown"",""image_quality"":{""good"":true,""frontal"":true,""good_illumination"":true}}"
9.png,66060342,"{""caption"":"""",""public_domain"":""no"",""image_url"":""""}",2245,1127,"{""name"":""polygon"",""all_points_x"":[4094,4084,4086,4096],""all_points_y"":[343,408,411,342]}","{""name"":""not_defined"",""type"":""unknown"",""image_quality"":{""good"":true,""frontal"":true,""good_illumination"":true}}"
9.png,66060342,"{""caption"":"""",""public_domain"":""no"",""image_url"":""""}",2245,1128,"{""name"":""polygon"",""all_points_x"":[4108,4088,4091,4109],""all_points_y"":[391,412,414,393]}","{""name"":""not_defined"",""type"":""unknown"",""image_quality"":{""good"":true,""frontal"":true,""good_illumination"":true}}"
9.png,66060342,"{""caption"":"""",""public_domain"":""no"",""image_url"":""""}",2245,1129,"{""name"":""polygon"",""all_points_x"":[4141,4140,4139,4140,4143,4143,4145],""all_points_y"":[485,507,516,526,525,512,486]}","{""name"":""not_defined"",""type"":""unknown"",""image_quality"":{""good"":true,""frontal"":true,""good_illumination"":true}}"
9.png,66060342,"{""caption"":"""",""public_domain"":""no"",""image_url"":""""}",2245,1130,"{""name"":""polygon"",""all_points_x"":[4115,4086,4088,4115],""all_points_y"":[550,566,570,553]}","{""name"":""not_defined"",""type"":""unknown"",""image_quality"":{""good"":true,""frontal"":true,""good_illumination"":true}}"
9.png,66060342,"{""caption"":"""",""public_domain"":""no"",""image_url"":""""}",2245,1131,"{""name"":""polygon"",""all_points_x"":[3909,3905,3917,3940,3948,3954,3958,3959,3964,3959,3953],""all_points_y"":[373,378,398,434,452,461,464,472,472,464,455]}","{""name"":""not_defined"",""type"":""unknown"",""image_quality"":{""good"":true,""frontal"":true,""good_illumination"":true}}"
9.png,66060342,"{""caption"":"""",""public_domain"":""no"",""image_url"":""""}",2245,1132,"{""name"":""polygon"",""all_points_x"":[3998,3995,4006,4018,4021],""all_points_y"":[396,397,412,432,430]}","{""name"":""not_defined"",""type"":""unknown"",""image_quality"":{""good"":true,""frontal"":true,""good_illumination"":true}}"
9.png,66060342,"{""caption"":"""",""public_domain"":""no"",""image_url"":""""}",2245,1133,"{""name"":""polygon"",""all_points_x"":[4049,4040,4043,4053],""all_points_y"":[429,456,457,429]}","{""name"":""not_defined"",""type"":""unknown"",""image_quality"":{""good"":true,""frontal"":true,""good_illumination"":true}}"
9.png,66060342,"{""caption"":"""",""public_domain"":""no"",""image_url"":""""}",2245,1134,"{""name"":""polygon"",""all_points_x"":[4011,3973,3975,4013],""all_points_y"":[517,569,571,517]}","{""name"":""not_defined"",""type"":""unknown"",""image_quality"":{""good"":true,""frontal"":true,""good_illumination"":true}}"
9.png,66060342,"{""caption"":"""",""public_domain"":""no"",""image_url"":""""}",2245,1135,"{""name"":""polygon"",""all_points_x"":[3951,3948,3957,3965,3969,3980,3986,3987,3983,3975,3970],""all_points_y"":[527,530,544,558,566,585,596,595,583,571,563]}","{""name"":""not_defined"",""type"":""unknown"",""image_quality"":{""good"":true,""frontal"":true,""good_illumination"":true}}"
9.png,66060342,"{""caption"":"""",""public_domain"":""no"",""image_url"":""""}",2245,1136,"{""name"":""polygon"",""all_points_x"":[3964,3943,3945,3966],""all_points_y"":[580,613,614,583]}","{""name"":""not_defined"",""type"":""unknown"",""image_quality"":{""good"":true,""frontal"":true,""good_illumination"":true}}"
9.png,66060342,"{""caption"":"""",""public_domain"":""no"",""image_url"":""""}",2245,1137,"{""name"":""polygon"",""all_points_x"":[3960,3958,3965,3970,3973,3977,3981,3982,3979,3976],""all_points_y"":[563,566,578,588,593,594,601,601,594,590]}","{""name"":""not_defined"",""type"":""unknown"",""image_quality"":{""good"":true,""frontal"":true,""good_illumination"":true}}"
9.png,66060342,"{""caption"":"""",""public_domain"":""no"",""image_url"":""""}",2245,1138,"{""name"":""polygon"",""all_points_x"":[3998,3962,3954,3953,4001],""all_points_y"":[624,651,655,659,629]}","{""name"":""not_defined"",""type"":""unknown"",""image_quality"":{""good"":true,""frontal"":true,""good_illumination"":true}}"
9.png,66060342,"{""caption"":"""",""public_domain"":""no"",""image_url"":""""}",2245,1139,"{""name"":""polygon"",""all_points_x"":[4010,4014,4003,3992,3990],""all_points_y"":[649,648,622,602,605]}","{""name"":""not_defined"",""type"":""unknown"",""image_quality"":{""good"":true,""frontal"":true,""good_illumination"":true}}"
9.png,66060342,"{""caption"":"""",""public_domain"":""no"",""image_url"":""""}",2245,1140,"{""name"":""polygon"",""all_points_x"":[4020,4017,4045,4040,4024],""all_points_y"":[653,649,739,737,666]}","{""name"":""not_defined"",""type"":""unknown"",""image_quality"":{""good"":true,""frontal"":true,""good_illumination"":true}}"
9.png,66060342,"{""caption"":"""",""public_domain"":""no"",""image_url"":""""}",2245,1141,"{""name"":""polygon"",""all_points_x"":[4069,4071,4024,4025],""all_points_y"":[725,723,663,662]}","{""name"":""not_defined"",""type"":""unknown"",""image_quality"":{""good"":true,""frontal"":true,""good_illumination"":true}}"
9.png,66060342,"{""caption"":"""",""public_domain"":""no"",""image_url"":""""}",2245,1142,"{""name"":""polygon"",""all_points_x"":[4050,4053,4057,4073,4070,4057],""all_points_y"":[717,715,721,735,738,725]}","{""name"":""not_defined"",""type"":""unknown"",""image_quality"":{""good"":true,""frontal"":true,""good_illumination"":true}}"
9.png,66060342,"{""caption"":"""",""public_domain"":""no"",""image_url"":""""}",2245,1143,"{""name"":""polygon"",""all_points_x"":[4085,4083,4093,4107,4109],""all_points_y"":[648,648,676,710,710]}","{""name"":""not_defined"",""type"":""unknown"",""image_quality"":{""good"":true,""frontal"":true,""good_illumination"":true}}"
9.png,66060342,"{""caption"":"""",""public_domain"":""no"",""image_url"":""""}",2245,1144,"{""name"":""polygon"",""all_points_x"":[4172,4167,4182,4210,4212,4211],""all_points_y"":[655,657,674,712,712,707]}","{""name"":""not_defined"",""type"":""unknown"",""image_quality"":{""good"":true,""frontal"":true,""good_illumination"":true}}"
9.png,66060342,"{""caption"":"""",""public_domain"":""no"",""image_url"":""""}",2245,1145,"{""name"":""polygon"",""all_points_x"":[3832,3831,3830,3831,3835,3834],""all_points_y"":[758,789,822,824,777,757]}","{""name"":""not_defined"",""type"":""unknown"",""image_quality"":{""good"":true,""frontal"":true,""good_illumination"":true}}"
9.png,66060342,"{""caption"":"""",""public_domain"":""no"",""image_url"":""""}",2245,1146,"{""name"":""polygon"",""all_points_x"":[3999,3995,4028,4031],""all_points_y"":[731,732,790,789]}","{""name"":""not_defined"",""type"":""unknown"",""image_quality"":{""good"":true,""frontal"":true,""good_illumination"":true}}"
9.png,66060342,"{""caption"":"""",""public_domain"":""no"",""image_url"":""""}",2245,1147,"{""name"":""polygon"",""all_points_x"":[4004,4004,4027,4024],""all_points_y"":[765,763,792,791]}","{""name"":""not_defined"",""type"":""unknown"",""image_quality"":{""good"":true,""frontal"":true,""good_illumination"":true}}"
9.png,66060342,"{""caption"":"""",""public_domain"":""no"",""image_url"":""""}",2245,1148,"{""name"":""polygon"",""all_points_x"":[4224,4218,4247,4250],""all_points_y"":[618,623,666,666]}","{""name"":""not_defined"",""type"":""unknown"",""image_quality"":{""good"":true,""frontal"":true,""good_illumination"":true}}"
9.png,66060342,"{""caption"":"""",""public_domain"":""no"",""image_url"":""""}",2245,1149,"{""name"":""polygon"",""all_points_x"":[4362,4359,4366,4375,4381,4384,4381,4373],""all_points_y"":[482,483,500,531,556,556,544,514]}","{""name"":""not_defined"",""type"":""unknown"",""image_quality"":{""good"":true,""frontal"":true,""good_illumination"":true}}"
9.png,66060342,"{""caption"":"""",""public_domain"":""no"",""image_url"":""""}",2245,1150,"{""name"":""polygon"",""all_points_x"":[4381,4383,4386,4391,4385],""all_points_y"":[560,582,637,637,559]}","{""name"":""not_defined"",""type"":""unknown"",""image_quality"":{""good"":true,""frontal"":true,""good_illumination"":true}}"
9.png,66060342,"{""caption"":"""",""public_domain"":""no"",""image_url"":""""}",2245,1151,"{""name"":""polygon"",""all_points_x"":[4325,4322,4322,4323,4326,4325,4326,4327],""all_points_y"":[489,502,515,529,530,505,499,490]}","{""name"":""not_defined"",""type"":""unknown"",""image_quality"":{""good"":true,""frontal"":true,""good_illumination"":true}}"
9.png,66060342,"{""caption"":"""",""public_domain"":""no"",""image_url"":""""}",2245,1152,"{""name"":""polygon"",""all_points_x"":[4247,4243,4250,4258,4267,4272,4281,4286,4287,4276,4272],""all_points_y"":[493,495,510,545,583,598,627,634,631,597,590]}","{""name"":""not_defined"",""type"":""unknown"",""image_quality"":{""good"":true,""frontal"":true,""good_illumination"":true}}"
9.png,66060342,"{""caption"":"""",""public_domain"":""no"",""image_url"":""""}",2245,1153,"{""name"":""polygon"",""all_points_x"":[3847,3846,3869,3871],""all_points_y"":[403,406,437,436]}","{""name"":""not_defined"",""type"":""unknown"",""image_quality"":{""good"":true,""frontal"":true,""good_illumination"":true}}"
9.png,66060342,"{""caption"":"""",""public_domain"":""no"",""image_url"":""""}",2245,1154,"{""name"":""polygon"",""all_points_x"":[3893,3894,3873,3872],""all_points_y"":[475,471,455,459]}","{""name"":""not_defined"",""type"":""unknown"",""image_quality"":{""good"":true,""frontal"":true,""good_illumination"":true}}"
9.png,66060342,"{""caption"":"""",""public_domain"":""no"",""image_url"":""""}",2245,1155,"{""name"":""polygon"",""all_points_x"":[3916,3913,3921,3929,3936,3938],""all_points_y"":[449,450,473,493,505,505]}","{""name"":""not_defined"",""type"":""unknown"",""image_quality"":{""good"":true,""frontal"":true,""good_illumination"":true}}"
9.png,66060342,"{""caption"":"""",""public_domain"":""no"",""image_url"":""""}",2245,1156,"{""name"":""polygon"",""all_points_x"":[4531,4529,4534,4538,4541],""all_points_y"":[622,622,689,729,728]}","{""name"":""not_defined"",""type"":""unknown"",""image_quality"":{""good"":true,""frontal"":true,""good_illumination"":true}}"
9.png,66060342,"{""caption"":"""",""public_domain"":""no"",""image_url"":""""}",2245,1157,"{""name"":""polygon"",""all_points_x"":[4342,4340,4337,4341],""all_points_y"":[499,499,531,532]}","{""name"":""not_defined"",""type"":""unknown"",""image_quality"":{""good"":true,""frontal"":true,""good_illumination"":true}}"
9.png,66060342,"{""caption"":"""",""public_domain"":""no"",""image_url"":""""}",2245,1158,"{""name"":""polygon"",""all_points_x"":[4668,4663,4670,4680,4701,4702,4699],""all_points_y"":[150,157,169,192,246,244,231]}","{""name"":""not_defined"",""type"":""unknown"",""image_quality"":{""good"":true,""frontal"":true,""good_illumination"":true}}"
9.png,66060342,"{""caption"":"""",""public_domain"":""no"",""image_url"":""""}",2245,1159,"{""name"":""polygon"",""all_points_x"":[4787,4784,4786,4793,4801,4802,4795,4791],""all_points_y"":[218,218,243,276,304,304,272,250]}","{""name"":""not_defined"",""type"":""unknown"",""image_quality"":{""good"":true,""frontal"":true,""good_illumination"":true}}"
9.png,66060342,"{""caption"":"""",""public_domain"":""no"",""image_url"":""""}",2245,1160,"{""name"":""polygon"",""all_points_x"":[4628,4623,4637,4647,4649],""all_points_y"":[0,1,34,57,57]}","{""name"":""not_defined"",""type"":""unknown"",""image_quality"":{""good"":true,""frontal"":true,""good_illumination"":true}}"
9.png,66060342,"{""caption"":"""",""public_domain"":""no"",""image_url"":""""}",2245,1161,"{""name"":""polygon"",""all_points_x"":[4713,4716,4708,4704],""all_points_y"":[35,37,1,1]}","{""name"":""not_defined"",""type"":""unknown"",""image_quality"":{""good"":true,""frontal"":true,""good_illumination"":true}}"
9.png,66060342,"{""caption"":"""",""public_domain"":""no"",""image_url"":""""}",2245,1162,"{""name"":""polygon"",""all_points_x"":[4749,4744,4752,4756,4758,4756],""all_points_y"":[79,78,106,127,128,109]}","{""name"":""not_defined"",""type"":""unknown"",""image_quality"":{""good"":true,""frontal"":true,""good_illumination"":true}}"
9.png,66060342,"{""caption"":"""",""public_domain"":""no"",""image_url"":""""}",2245,1163,"{""name"":""polygon"",""all_points_x"":[4700,4702,4694,4675,4674,4688],""all_points_y"":[209,209,196,159,163,192]}","{""name"":""not_defined"",""type"":""unknown"",""image_quality"":{""good"":true,""frontal"":true,""good_illumination"":true}}"
9.png,66060342,"{""caption"":"""",""public_domain"":""no"",""image_url"":""""}",2245,1164,"{""name"":""polygon"",""all_points_x"":[4897,4893,4901,4905,4915,4918],""all_points_y"":[163,167,187,201,230,231]}","{""name"":""not_defined"",""type"":""unknown"",""image_quality"":{""good"":true,""frontal"":true,""good_illumination"":true}}"
9.png,66060342,"{""caption"":"""",""public_domain"":""no"",""image_url"":""""}",2245,1165,"{""name"":""polygon"",""all_points_x"":[4953,4942,4927,4920,4922,4949,4957],""all_points_y"":[205,245,293,319,320,230,205]}","{""name"":""not_defined"",""type"":""unknown"",""image_quality"":{""good"":true,""frontal"":true,""good_illumination"":true}}"
9.png,66060342,"{""caption"":"""",""public_domain"":""no"",""image_url"":""""}",2245,1166,"{""name"":""polygon"",""all_points_x"":[4965,4963,4960,4957,4960,4954,4949,4941,4939,4940,4948,4955,4962,4961],""all_points_y"":[64,63,80,91,100,125,148,187,200,202,166,129,100,93]}","{""name"":""not_defined"",""type"":""unknown"",""image_quality"":{""good"":true,""frontal"":true,""good_illumination"":true}}"
9.png,66060342,"{""caption"":"""",""public_domain"":""no"",""image_url"":""""}",2245,1167,"{""name"":""polygon"",""all_points_x"":[4992,4990,4985,4984,4986],""all_points_y"":[64,65,96,124,125]}","{""name"":""not_defined"",""type"":""unknown"",""image_quality"":{""good"":true,""frontal"":true,""good_illumination"":true}}"
9.png,66060342,"{""caption"":"""",""public_domain"":""no"",""image_url"":""""}",2245,1168,"{""name"":""polygon"",""all_points_x"":[4946,4941,4938,4927,4927,4942,4944,4949],""all_points_y"":[60,70,82,102,104,80,72,61]}","{""name"":""not_defined"",""type"":""unknown"",""image_quality"":{""good"":true,""frontal"":true,""good_illumination"":true}}"
9.png,66060342,"{""caption"":"""",""public_domain"":""no"",""image_url"":""""}",2245,1169,"{""name"":""polygon"",""all_points_x"":[4832,4830,4834,4836,4842,4847,4850,4842,4838],""all_points_y"":[88,87,118,128,165,189,189,134,115]}","{""name"":""not_defined"",""type"":""unknown"",""image_quality"":{""good"":true,""frontal"":true,""good_illumination"":true}}"
9.png,66060342,"{""caption"":"""",""public_domain"":""no"",""image_url"":""""}",2245,1170,"{""name"":""polygon"",""all_points_x"":[4820,4817,4825,4828,4831,4835,4839,4834,4832,4830],""all_points_y"":[191,192,216,228,246,265,263,241,232,222]}","{""name"":""not_defined"",""type"":""unknown"",""image_quality"":{""good"":true,""frontal"":true,""good_illumination"":true}}"
9.png,66060342,"{""caption"":"""",""public_domain"":""no"",""image_url"":""""}",2245,1171,"{""name"":""polygon"",""all_points_x"":[4811,4809,4814,4820,4824,4825,4822],""all_points_y"":[207,210,226,244,253,250,241]}","{""name"":""not_defined"",""type"":""unknown"",""image_quality"":{""good"":true,""frontal"":true,""good_illumination"":true}}"
9.png,66060342,"{""caption"":"""",""public_domain"":""no"",""image_url"":""""}",2245,1172,"{""name"":""polygon"",""all_points_x"":[4860,4853,4847,4849,4860,4864],""all_points_y"":[263,283,295,296,270,265]}","{""name"":""not_defined"",""type"":""unknown"",""image_quality"":{""good"":true,""frontal"":true,""good_illumination"":true}}"
9.png,66060342,"{""caption"":"""",""public_domain"":""no"",""image_url"":""""}",2245,1173,"{""name"":""polygon"",""all_points_x"":[4595,4591,4602,4604],""all_points_y"":[133,133,150,148]}","{""name"":""not_defined"",""type"":""unknown"",""image_quality"":{""good"":true,""frontal"":true,""good_illumination"":true}}"
9.png,66060342,"{""caption"":"""",""public_domain"":""no"",""image_url"":""""}",2245,1174,"{""name"":""polygon"",""all_points_x"":[4847,4845,4843,4843,4839,4839,4839,4840,4847,4852,4854,4849,4844,4842],""all_points_y"":[217,217,239,244,258,267,278,287,309,320,321,302,284,263]}","{""name"":""not_defined"",""type"":""unknown"",""image_quality"":{""good"":true,""frontal"":true,""good_illumination"":true}}"
9.png,66060342,"{""caption"":"""",""public_domain"":""no"",""image_url"":""""}",2245,1175,"{""name"":""polygon"",""all_points_x"":[4898,4882,4873,4874,4901],""all_points_y"":[293,337,372,374,295]}","{""name"":""not_defined"",""type"":""unknown"",""image_quality"":{""good"":true,""frontal"":true,""good_illumination"":true}}"
9.png,66060342,"{""caption"":"""",""public_domain"":""no"",""image_url"":""""}",2245,1176,"{""name"":""polygon"",""all_points_x"":[4457,4454,4458,4462,4464],""all_points_y"":[302,302,331,348,348]}","{""name"":""not_defined"",""type"":""unknown"",""image_quality"":{""good"":true,""frontal"":true,""good_illumination"":true}}"
9.png,66060342,"{""caption"":"""",""public_domain"":""no"",""image_url"":""""}",2245,1177,"{""name"":""polygon"",""all_points_x"":[4718,4713,4726,4732,4734],""all_points_y"":[203,206,230,241,241]}","{""name"":""not_defined"",""type"":""unknown"",""image_quality"":{""good"":true,""frontal"":true,""good_illumination"":true}}"
9.png,66060342,"{""caption"":"""",""public_domain"":""no"",""image_url"":""""}",2245,1178,"{""name"":""polygon"",""all_points_x"":[4900,4898,4891,4891,4893],""all_points_y"":[525,523,543,549,550]}","{""name"":""not_defined"",""type"":""unknown"",""image_quality"":{""good"":true,""frontal"":true,""good_illumination"":true}}"
9.png,66060342,"{""caption"":"""",""public_domain"":""no"",""image_url"":""""}",2245,1179,"{""name"":""polygon"",""all_points_x"":[4912,4907,4913,4917,4920,4923,4924,4924],""all_points_y"":[515,516,530,538,553,562,562,556]}","{""name"":""not_defined"",""type"":""unknown"",""image_quality"":{""good"":true,""frontal"":true,""good_illumination"":true}}"
9.png,66060342,"{""caption"":"""",""public_domain"":""no"",""image_url"":""""}",2245,1180,"{""name"":""polygon"",""all_points_x"":[4600,4594,4592,4591,4589,4589,4582,4587,4594,4596],""all_points_y"":[746,745,774,793,802,820,852,852,812,782]}","{""name"":""not_defined"",""type"":""unknown"",""image_quality"":{""good"":true,""frontal"":true,""good_illumination"":true}}"
9.png,66060342,"{""caption"":"""",""public_domain"":""no"",""image_url"":""""}",2245,1181,"{""name"":""polygon"",""all_points_x"":[4075,4074,4092,4103,4109,4120,4122,4110],""all_points_y"":[691,693,717,732,737,755,753,733]}","{""name"":""not_defined"",""type"":""unknown"",""image_quality"":{""good"":true,""frontal"":true,""good_illumination"":true}}"
9.png,66060342,"{""caption"":"""",""public_domain"":""no"",""image_url"":""""}",2245,1182,"{""name"":""polygon"",""all_points_x"":[4113,4110,4118,4126,4137,4140,4133],""all_points_y"":[717,718,737,752,775,775,757]}","{""name"":""not_defined"",""type"":""unknown"",""image_quality"":{""good"":true,""frontal"":true,""good_illumination"":true}}"
9.png,66060342,"{""caption"":"""",""public_domain"":""no"",""image_url"":""""}",2245,1183,"{""name"":""polygon"",""all_points_x"":[4143,4140,4146,4147,4151,4148],""all_points_y"":[706,708,724,737,736,719]}","{""name"":""not_defined"",""type"":""unknown"",""image_quality"":{""good"":true,""frontal"":true,""good_illumination"":true}}"
9.png,66060342,"{""caption"":"""",""public_domain"":""no"",""image_url"":""""}",2245,1184,"{""name"":""polygon"",""all_points_x"":[4008,4025,4023,4003,4004],""all_points_y"":[588,605,608,586,583]}","{""name"":""not_defined"",""type"":""unknown"",""image_quality"":{""good"":true,""frontal"":true,""good_illumination"":true}}"
9.png,66060342,"{""caption"":"""",""public_domain"":""no"",""image_url"":""""}",2245,1185,"{""name"":""polygon"",""all_points_x"":[3559,3547,3548,3562],""all_points_y"":[336,371,372,337]}","{""name"":""not_defined"",""type"":""unknown"",""image_quality"":{""good"":true,""frontal"":true,""good_illumination"":true}}"
9.png,66060342,"{""caption"":"""",""public_domain"":""no"",""image_url"":""""}",2245,1186,"{""name"":""polygon"",""all_points_x"":[3639,3634,3641,3654,3662,3672,3672],""all_points_y"":[310,313,317,326,333,340,337]}","{""name"":""not_defined"",""type"":""unknown"",""image_quality"":{""good"":true,""frontal"":true,""good_illumination"":true}}"
9.png,66060342,"{""caption"":"""",""public_domain"":""no"",""image_url"":""""}",2245,1187,"{""name"":""polygon"",""all_points_x"":[3742,3738,3750,3761,3770,3773,3776,3777,3773],""all_points_y"":[251,253,272,290,302,307,310,310,303]}","{""name"":""not_defined"",""type"":""unknown"",""image_quality"":{""good"":true,""frontal"":true,""good_illumination"":true}}"
9.png,66060342,"{""caption"":"""",""public_domain"":""no"",""image_url"":""""}",2245,1188,"{""name"":""polygon"",""all_points_x"":[3835,3832,3841,3849,3855,3865,3875,3878],""all_points_y"":[243,244,261,277,296,316,341,339]}","{""name"":""not_defined"",""type"":""unknown"",""image_quality"":{""good"":true,""frontal"":true,""good_illumination"":true}}"
9.png,66060342,"{""caption"":"""",""public_domain"":""no"",""image_url"":""""}",2245,1189,"{""name"":""polygon"",""all_points_x"":[3992,3979,3983,3992,3996],""all_points_y"":[34,92,101,73,37]}","{""name"":""not_defined"",""type"":""unknown"",""image_quality"":{""good"":true,""frontal"":true,""good_illumination"":true}}"
9.png,66060342,"{""caption"":"""",""public_domain"":""no"",""image_url"":""""}",2245,1190,"{""name"":""polygon"",""all_points_x"":[3959,3951,3928,3929,3957,3962],""all_points_y"":[124,137,161,163,139,125]}","{""name"":""not_defined"",""type"":""unknown"",""image_quality"":{""good"":true,""frontal"":true,""good_illumination"":true}}"
9.png,66060342,"{""caption"":"""",""public_domain"":""no"",""image_url"":""""}",2245,1191,"{""name"":""polygon"",""all_points_x"":[3865,3864,3886,3899,3899],""all_points_y"":[85,87,95,98,96]}","{""name"":""not_defined"",""type"":""unknown"",""image_quality"":{""good"":true,""frontal"":true,""good_illumination"":true}}"
9.png,66060342,"{""caption"":"""",""public_domain"":""no"",""image_url"":""""}",2245,1192,"{""name"":""polygon"",""all_points_x"":[4267,4255,4256,4268],""all_points_y"":[157,178,180,161]}","{""name"":""not_defined"",""type"":""unknown"",""image_quality"":{""good"":true,""frontal"":true,""good_illumination"":true}}"
9.png,66060342,"{""caption"":"""",""public_domain"":""no"",""image_url"":""""}",2245,1193,"{""name"":""polygon"",""all_points_x"":[4284,4281,4273,4268,4271],""all_points_y"":[211,213,195,183,183]}","{""name"":""not_defined"",""type"":""unknown"",""image_quality"":{""good"":true,""frontal"":true,""good_illumination"":true}}"
9.png,66060342,"{""caption"":"""",""public_domain"":""no"",""image_url"":""""}",2245,1194,"{""name"":""polygon"",""all_points_x"":[3718,3722,3744,3741],""all_points_y"":[23,24,75,74]}","{""name"":""not_defined"",""type"":""unknown"",""image_quality"":{""good"":true,""frontal"":true,""good_illumination"":true}}"
9.png,66060342,"{""caption"":"""",""public_domain"":""no"",""image_url"":""""}",2245,1195,"{""name"":""polygon"",""all_points_x"":[3699,3698,3712,3720,3733,3739,3742,3743,3727],""all_points_y"":[63,65,70,74,79,83,85,83,73]}","{""name"":""not_defined"",""type"":""unknown"",""image_quality"":{""good"":true,""frontal"":true,""good_illumination"":true}}"
9.png,66060342,"{""caption"":"""",""public_domain"":""no"",""image_url"":""""}",2245,1196,"{""name"":""polygon"",""all_points_x"":[3474,3473,3490,3500,3505,3520,3520,3519],""all_points_y"":[89,91,105,117,122,133,131,128]}","{""name"":""not_defined"",""type"":""unknown"",""image_quality"":{""good"":true,""frontal"":true,""good_illumination"":true}}"
9.png,66060342,"{""caption"":"""",""public_domain"":""no"",""image_url"":""""}",2245,1197,"{""name"":""polygon"",""all_points_x"":[3210,3195,3197,3213],""all_points_y"":[319,350,350,322]}","{""name"":""not_defined"",""type"":""unknown"",""image_quality"":{""good"":true,""frontal"":true,""good_illumination"":true}}"
9.png,66060342,"{""caption"":"""",""public_domain"":""no"",""image_url"":""""}",2245,1198,"{""name"":""polygon"",""all_points_x"":[3839,3835,3843,3853,3854,3849],""all_points_y"":[737,739,777,810,810,777]}","{""name"":""not_defined"",""type"":""unknown"",""image_quality"":{""good"":true,""frontal"":true,""good_illumination"":true}}"
9.png,66060342,"{""caption"":"""",""public_domain"":""no"",""image_url"":""""}",2245,1199,"{""name"":""polygon"",""all_points_x"":[3877,3876,3882,3894,3895],""all_points_y"":[754,756,763,776,775]}","{""name"":""not_defined"",""type"":""unknown"",""image_quality"":{""good"":true,""frontal"":true,""good_illumination"":true}}"
9.png,66060342,"{""caption"":"""",""public_domain"":""no"",""image_url"":""""}",2245,1200,"{""name"":""polygon"",""all_points_x"":[3906,3882,3879,3881,3898,3908],""all_points_y"":[826,864,869,872,843,827]}","{""name"":""not_defined"",""type"":""unknown"",""image_quality"":{""good"":true,""frontal"":true,""good_illumination"":true}}"
9.png,66060342,"{""caption"":"""",""public_domain"":""no"",""image_url"":""""}",2245,1201,"{""name"":""polygon"",""all_points_x"":[3938,3940,3923,3917,3905,3902],""all_points_y"":[864,863,842,835,817,818]}","{""name"":""not_defined"",""type"":""unknown"",""image_quality"":{""good"":true,""frontal"":true,""good_illumination"":true}}"
9.png,66060342,"{""caption"":"""",""public_domain"":""no"",""image_url"":""""}",2245,1202,"{""name"":""polygon"",""all_points_x"":[3922,3913,3915,3923],""all_points_y"":[793,812,812,794]}","{""name"":""not_defined"",""type"":""unknown"",""image_quality"":{""good"":true,""frontal"":true,""good_illumination"":true}}"
9.png,66060342,"{""caption"":"""",""public_domain"":""no"",""image_url"":""""}",2245,1203,"{""name"":""polygon"",""all_points_x"":[3512,3507,3501,3496,3489,3484,3479,3473,3467,3464,3467,3473,3484,3496,3498,3509,3515],""all_points_y"":[656,683,694,719,763,789,823,859,889,904,904,880,817,739,730,683,657]}","{""name"":""not_defined"",""type"":""unknown"",""image_quality"":{""good"":true,""frontal"":true,""good_illumination"":true}}"
9.png,66060342,"{""caption"":"""",""public_domain"":""no"",""image_url"":""""}",2245,1204,"{""name"":""polygon"",""all_points_x"":[3507,3502,3501,3500,3501,3507,3503],""all_points_y"":[754,755,778,797,830,830,793]}","{""name"":""not_defined"",""type"":""unknown"",""image_quality"":{""good"":true,""frontal"":true,""good_illumination"":true}}"
9.png,66060342,"{""caption"":"""",""public_domain"":""no"",""image_url"":""""}",2245,1205,"{""name"":""polygon"",""all_points_x"":[3569,3563,3577,3580],""all_points_y"":[748,748,767,764]}","{""name"":""not_defined"",""type"":""unknown"",""image_quality"":{""good"":true,""frontal"":true,""good_illumination"":true}}"
9.png,66060342,"{""caption"":"""",""public_domain"":""no"",""image_url"":""""}",2245,1206,"{""name"":""polygon"",""all_points_x"":[3604,3601,3618,3635,3652,3659,3668,3669,3660,3649,3640],""all_points_y"":[806,807,829,853,880,887,892,891,885,868,853]}","{""name"":""not_defined"",""type"":""unknown"",""image_quality"":{""good"":true,""frontal"":true,""good_illumination"":true}}"
9.png,66060342,"{""caption"":"""",""public_domain"":""no"",""image_url"":""""}",2245,1207,"{""name"":""polygon"",""all_points_x"":[3628,3626,3638,3654,3677,3680],""all_points_y"":[799,800,821,842,877,878]}","{""name"":""not_defined"",""type"":""unknown"",""image_quality"":{""good"":true,""frontal"":true,""good_illumination"":true}}"
9.png,66060342,"{""caption"":"""",""public_domain"":""no"",""image_url"":""""}",2245,1208,"{""name"":""polygon"",""all_points_x"":[3607,3603,3613,3640,3640],""all_points_y"":[734,741,746,760,756]}","{""name"":""not_defined"",""type"":""unknown"",""image_quality"":{""good"":true,""frontal"":true,""good_illumination"":true}}"
9.png,66060342,"{""caption"":"""",""public_domain"":""no"",""image_url"":""""}",2245,1209,"{""name"":""polygon"",""all_points_x"":[3623,3638,3648,3649,3645],""all_points_y"":[723,749,763,762,752]}","{""name"":""not_defined"",""type"":""unknown"",""image_quality"":{""good"":true,""frontal"":true,""good_illumination"":true}}"
9.png,66060342,"{""caption"":"""",""public_domain"":""no"",""image_url"":""""}",2245,1210,"{""name"":""polygon"",""all_points_x"":[3520,3520,3534,3539,3545,3545,3538],""all_points_y"":[705,708,722,727,730,728,723]}","{""name"":""not_defined"",""type"":""unknown"",""image_quality"":{""good"":true,""frontal"":true,""good_illumination"":true}}"
9.png,66060342,"{""caption"":"""",""public_domain"":""no"",""image_url"":""""}",2245,1211,"{""name"":""polygon"",""all_points_x"":[3674,3598,3605,3679],""all_points_y"":[965,1063,1063,966]}","{""name"":""not_defined"",""type"":""unknown"",""image_quality"":{""good"":true,""frontal"":true,""good_illumination"":true}}"
9.png,66060342,"{""caption"":"""",""public_domain"":""no"",""image_url"":""""}",2245,1212,"{""name"":""polygon"",""all_points_x"":[3779,3689,3686,3778],""all_points_y"":[963,987,993,967]}","{""name"":""not_defined"",""type"":""unknown"",""image_quality"":{""good"":true,""frontal"":true,""good_illumination"":true}}"
9.png,66060342,"{""caption"":"""",""public_domain"":""no"",""image_url"":""""}",2245,1213,"{""name"":""polygon"",""all_points_x"":[3730,3730,3734,3727,3724,3719,3714,3720],""all_points_y"":[1047,1047,1049,1024,1004,986,987,1004]}","{""name"":""not_defined"",""type"":""unknown"",""image_quality"":{""good"":true,""frontal"":true,""good_illumination"":true}}"
9.png,66060342,"{""caption"":"""",""public_domain"":""no"",""image_url"":""""}",2245,1214,"{""name"":""polygon"",""all_points_x"":[3668,3666,3672,3676,3686,3694,3698,3690],""all_points_y"":[1012,1014,1029,1046,1065,1083,1081,1068]}","{""name"":""not_defined"",""type"":""unknown"",""image_quality"":{""good"":true,""frontal"":true,""good_illumination"":true}}"
9.png,66060342,"{""caption"":"""",""public_domain"":""no"",""image_url"":""""}",2245,1215,"{""name"":""polygon"",""all_points_x"":[3665,3669,3657,3646,3644,3652],""all_points_y"":[1082,1081,1042,1013,1015,1039]}","{""name"":""not_defined"",""type"":""unknown"",""image_quality"":{""good"":true,""frontal"":true,""good_illumination"":true}}"
9.png,66060342,"{""caption"":"""",""public_domain"":""no"",""image_url"":""""}",2245,1216,"{""name"":""polygon"",""all_points_x"":[3773,3769,3767,3766,3761,3764,3769],""all_points_y"":[847,846,893,930,966,965,930]}","{""name"":""not_defined"",""type"":""unknown"",""image_quality"":{""good"":true,""frontal"":true,""good_illumination"":true}}"
9.png,66060342,"{""caption"":"""",""public_domain"":""no"",""image_url"":""""}",2245,1217,"{""name"":""polygon"",""all_points_x"":[3781,3772,3772,3785],""all_points_y"":[843,886,890,845]}","{""name"":""not_defined"",""type"":""unknown"",""image_quality"":{""good"":true,""frontal"":true,""good_illumination"":true}}"
9.png,66060342,"{""caption"":"""",""public_domain"":""no"",""image_url"":""""}",2245,1218,"{""name"":""polygon"",""all_points_x"":[3908,3865,3834,3823,3792,3792,3830,3843,3906],""all_points_y"":[912,927,939,945,954,956,946,937,915]}","{""name"":""not_defined"",""type"":""unknown"",""image_quality"":{""good"":true,""frontal"":true,""good_illumination"":true}}"
9.png,66060342,"{""caption"":"""",""public_domain"":""no"",""image_url"":""""}",2245,1219,"{""name"":""polygon"",""all_points_x"":[3731,3710,3704,3692,3698,3713,3727,3736],""all_points_y"":[890,920,924,939,939,921,910,888]}","{""name"":""not_defined"",""type"":""unknown"",""image_quality"":{""good"":true,""frontal"":true,""good_illumination"":true}}"
9.png,66060342,"{""caption"":"""",""public_domain"":""no"",""image_url"":""""}",2245,1220,"{""name"":""polygon"",""all_points_x"":[3587,3584,3599,3613,3618],""all_points_y"":[860,862,890,913,912]}","{""name"":""not_defined"",""type"":""unknown"",""image_quality"":{""good"":true,""frontal"":true,""good_illumination"":true}}"
9.png,66060342,"{""caption"":"""",""public_domain"":""no"",""image_url"":""""}",2245,1221,"{""name"":""polygon"",""all_points_x"":[3955,3951,3956,3958,3964],""all_points_y"":[974,975,1035,1058,1057]}","{""name"":""not_defined"",""type"":""unknown"",""image_quality"":{""good"":true,""frontal"":true,""good_illumination"":true}}"
9.png,66060342,"{""caption"":"""",""public_domain"":""no"",""image_url"":""""}",2245,1222,"{""name"":""polygon"",""all_points_x"":[3953,3950,3948,3953,3956],""all_points_y"":[1140,1203,1229,1222,1140]}","{""name"":""not_defined"",""type"":""unknown"",""image_quality"":{""good"":true,""frontal"":true,""good_illumination"":true}}"
9.png,66060342,"{""caption"":"""",""public_domain"":""no"",""image_url"":""""}",2245,1223,"{""name"":""polygon"",""all_points_x"":[3964,3960,3959,3957,3954,3958,3963],""all_points_y"":[1142,1140,1173,1199,1228,1228,1175]}","{""name"":""not_defined"",""type"":""unknown"",""image_quality"":{""good"":true,""frontal"":true,""good_illumination"":true}}"
9.png,66060342,"{""caption"":"""",""public_domain"":""no"",""image_url"":""""}",2245,1224,"{""name"":""polygon"",""all_points_x"":[3472,3468,3478,3489,3491],""all_points_y"":[1031,1032,1073,1118,1117]}","{""name"":""not_defined"",""type"":""unknown"",""image_quality"":{""good"":true,""frontal"":true,""good_illumination"":true}}"
9.png,66060342,"{""caption"":"""",""public_domain"":""no"",""image_url"":""""}",2245,1225,"{""name"":""polygon"",""all_points_x"":[3484,3482,3505,3531,3533,3512],""all_points_y"":[1005,1007,1021,1032,1028,1020]}","{""name"":""not_defined"",""type"":""unknown"",""image_quality"":{""good"":true,""frontal"":true,""good_illumination"":true}}"
9.png,66060342,"{""caption"":"""",""public_domain"":""no"",""image_url"":""""}",2245,1226,"{""name"":""polygon"",""all_points_x"":[3525,3520,3541,3549,3576,3592,3595],""all_points_y"":[932,934,975,992,1039,1062,1063]}","{""name"":""not_defined"",""type"":""unknown"",""image_quality"":{""good"":true,""frontal"":true,""good_illumination"":true}}"
9.png,66060342,"{""caption"":"""",""public_domain"":""no"",""image_url"":""""}",2245,1227,"{""name"":""polygon"",""all_points_x"":[3724,3711,3704,3699,3704,3726],""all_points_y"":[875,894,910,923,920,879]}","{""name"":""not_defined"",""type"":""unknown"",""image_quality"":{""good"":true,""frontal"":true,""good_illumination"":true}}"
9.png,66060342,"{""caption"":"""",""public_domain"":""no"",""image_url"":""""}",2245,1228,"{""name"":""polygon"",""all_points_x"":[3501,3496,3499,3504],""all_points_y"":[838,889,889,839]}","{""name"":""not_defined"",""type"":""unknown"",""image_quality"":{""good"":true,""frontal"":true,""good_illumination"":true}}"
9.png,66060342,"{""caption"":"""",""public_domain"":""no"",""image_url"":""""}",2245,1229,"{""name"":""polygon"",""all_points_x"":[3289,3284,3295,3297],""all_points_y"":[498,501,515,514]}","{""name"":""not_defined"",""type"":""unknown"",""image_quality"":{""good"":true,""frontal"":true,""good_illumination"":true}}"
9.png,66060342,"{""caption"":"""",""public_domain"":""no"",""image_url"":""""}",2245,1230,"{""name"":""polygon"",""all_points_x"":[3315,3315,3299,3282,3282,3309],""all_points_y"":[113,117,119,128,127,114]}","{""name"":""not_defined"",""type"":""unknown"",""image_quality"":{""good"":true,""frontal"":true,""good_illumination"":true}}"
9.png,66060342,"{""caption"":"""",""public_domain"":""no"",""image_url"":""""}",2245,1231,"{""name"":""polygon"",""all_points_x"":[3369,3367,3386,3405,3409],""all_points_y"":[116,118,132,146,143]}","{""name"":""not_defined"",""type"":""unknown"",""image_quality"":{""good"":true,""frontal"":true,""good_illumination"":true}}"
9.png,66060342,"{""caption"":"""",""public_domain"":""no"",""image_url"":""""}",2245,1232,"{""name"":""polygon"",""all_points_x"":[3467,3473,3476,3468,3464,3463,3466],""all_points_y"":[233,252,253,217,203,203,225]}","{""name"":""not_defined"",""type"":""unknown"",""image_quality"":{""good"":true,""frontal"":true,""good_illumination"":true}}"
9.png,66060342,"{""caption"":"""",""public_domain"":""no"",""image_url"":""""}",2245,1233,"{""name"":""polygon"",""all_points_x"":[3675,3667,3630,3628,3669],""all_points_y"":[110,104,89,94,110]}","{""name"":""not_defined"",""type"":""unknown"",""image_quality"":{""good"":true,""frontal"":true,""good_illumination"":true}}"
9.png,66060342,"{""caption"":"""",""public_domain"":""no"",""image_url"":""""}",2245,1234,"{""name"":""polygon"",""all_points_x"":[5338,5323,5325,5339],""all_points_y"":[154,189,191,160]}","{""name"":""not_defined"",""type"":""unknown"",""image_quality"":{""good"":true,""frontal"":true,""good_illumination"":true}}"
9.png,66060342,"{""caption"":"""",""public_domain"":""no"",""image_url"":""""}",2245,1235,"{""name"":""polygon"",""all_points_x"":[5303,5277,5265,5267,5299,5305],""all_points_y"":[226,274,295,296,244,228]}","{""name"":""not_defined"",""type"":""unknown"",""image_quality"":{""good"":true,""frontal"":true,""good_illumination"":true}}"
9.png,66060342,"{""caption"":"""",""public_domain"":""no"",""image_url"":""""}",2245,1236,"{""name"":""polygon"",""all_points_x"":[5307,5304,5311,5316,5318,5316,5314],""all_points_y"":[263,263,282,330,332,293,278]}","{""name"":""not_defined"",""type"":""unknown"",""image_quality"":{""good"":true,""frontal"":true,""good_illumination"":true}}"
9.png,66060342,"{""caption"":"""",""public_domain"":""no"",""image_url"":""""}",2245,1237,"{""name"":""polygon"",""all_points_x"":[4726,4721,4727,4741,4746,4747],""all_points_y"":[104,104,120,146,155,155]}","{""name"":""not_defined"",""type"":""unknown"",""image_quality"":{""good"":true,""frontal"":true,""good_illumination"":true}}"
9.png,66060342,"{""caption"":"""",""public_domain"":""no"",""image_url"":""""}",2245,1238,"{""name"":""polygon"",""all_points_x"":[4815,4812,4815,4818],""all_points_y"":[425,426,456,456]}","{""name"":""not_defined"",""type"":""unknown"",""image_quality"":{""good"":true,""frontal"":true,""good_illumination"":true}}"
9.png,66060342,"{""caption"":"""",""public_domain"":""no"",""image_url"":""""}",2245,1239,"{""name"":""polygon"",""all_points_x"":[4958,4957,4952,4949,4944,4940,4935,4920,4917,4918,4932,4942,4944],""all_points_y"":[538,536,563,579,605,619,625,653,661,663,635,622,620]}","{""name"":""not_defined"",""type"":""unknown"",""image_quality"":{""good"":true,""frontal"":true,""good_illumination"":true}}"
9.png,66060342,"{""caption"":"""",""public_domain"":""no"",""image_url"":""""}",2245,1240,"{""name"":""polygon"",""all_points_x"":[5191,5188,5187,5181,5178,5175,5174,5177,5180,5182],""all_points_y"":[597,598,619,649,665,707,731,731,684,655]}","{""name"":""not_defined"",""type"":""unknown"",""image_quality"":{""good"":true,""frontal"":true,""good_illumination"":true}}"
9.png,66060342,"{""caption"":"""",""public_domain"":""no"",""image_url"":""""}",2245,1241,"{""name"":""polygon"",""all_points_x"":[5171,5165,5161,5157,5160,5166,5173],""all_points_y"":[641,654,661,677,677,657,644]}","{""name"":""not_defined"",""type"":""unknown"",""image_quality"":{""good"":true,""frontal"":true,""good_illumination"":true}}"
9.png,66060342,"{""caption"":"""",""public_domain"":""no"",""image_url"":""""}",2245,1242,"{""name"":""polygon"",""all_points_x"":[5170,5166,5161,5156,5152,5148,5148,5154],""all_points_y"":[586,585,597,604,608,622,623,611]}","{""name"":""not_defined"",""type"":""unknown"",""image_quality"":{""good"":true,""frontal"":true,""good_illumination"":true}}"
9.png,66060342,"{""caption"":"""",""public_domain"":""no"",""image_url"":""""}",2245,1243,"{""name"":""polygon"",""all_points_x"":[5146,5139,5136,5139,5144],""all_points_y"":[650,667,687,686,664]}","{""name"":""not_defined"",""type"":""unknown"",""image_quality"":{""good"":true,""frontal"":true,""good_illumination"":true}}"
9.png,66060342,"{""caption"":"""",""public_domain"":""no"",""image_url"":""""}",2245,1244,"{""name"":""polygon"",""all_points_x"":[5112,5102,5092,5085,5073,5010,5011,5064,5082,5087,5092,5106,5113],""all_points_y"":[654,664,670,678,685,729,734,694,683,679,672,666,656]}","{""name"":""not_defined"",""type"":""unknown"",""image_quality"":{""good"":true,""frontal"":true,""good_illumination"":true}}"
9.png,66060342,"{""caption"":"""",""public_domain"":""no"",""image_url"":""""}",2245,1245,"{""name"":""polygon"",""all_points_x"":[5032,5000,5001,5033],""all_points_y"":[601,627,630,604]}","{""name"":""not_defined"",""type"":""unknown"",""image_quality"":{""good"":true,""frontal"":true,""good_illumination"":true}}"
9.png,66060342,"{""caption"":"""",""public_domain"":""no"",""image_url"":""""}",2245,1246,"{""name"":""polygon"",""all_points_x"":[5131,5122,5098,5084,5087,5107,5125,5132],""all_points_y"":[648,655,691,712,712,686,657,652]}","{""name"":""not_defined"",""type"":""unknown"",""image_quality"":{""good"":true,""frontal"":true,""good_illumination"":true}}"
9.png,66060342,"{""caption"":"""",""public_domain"":""no"",""image_url"":""""}",2245,1247,"{""name"":""polygon"",""all_points_x"":[5289,5284,5291,5292],""all_points_y"":[550,552,567,567]}","{""name"":""not_defined"",""type"":""unknown"",""image_quality"":{""good"":true,""frontal"":true,""good_illumination"":true}}"
9.png,66060342,"{""caption"":"""",""public_domain"":""no"",""image_url"":""""}",2245,1248,"{""name"":""polygon"",""all_points_x"":[4916,4864,4843,4843,4879,4903,4909,4919],""all_points_y"":[814,851,868,869,844,826,823,816]}","{""name"":""not_defined"",""type"":""unknown"",""image_quality"":{""good"":true,""frontal"":true,""good_illumination"":true}}"
9.png,66060342,"{""caption"":"""",""public_domain"":""no"",""image_url"":""""}",2245,1249,"{""name"":""polygon"",""all_points_x"":[4956,4928,4916,4905,4879,4860,4857,4871,4905,4918,4931,4957],""all_points_y"":[862,873,884,891,901,906,909,906,897,885,876,867]}","{""name"":""not_defined"",""type"":""unknown"",""image_quality"":{""good"":true,""frontal"":true,""good_illumination"":true}}"
9.png,66060342,"{""caption"":"""",""public_domain"":""no"",""image_url"":""""}",2245,1250,"{""name"":""polygon"",""all_points_x"":[4907,4894,4877,4853,4853,4893,4910],""all_points_y"":[873,882,893,902,905,888,875]}","{""name"":""not_defined"",""type"":""unknown"",""image_quality"":{""good"":true,""frontal"":true,""good_illumination"":true}}"
9.png,66060342,"{""caption"":"""",""public_domain"":""no"",""image_url"":""""}",2245,1251,"{""name"":""polygon"",""all_points_x"":[4857,4875,4877,4855,4843,4842],""all_points_y"":[873,847,845,885,902,902]}","{""name"":""not_defined"",""type"":""unknown"",""image_quality"":{""good"":true,""frontal"":true,""good_illumination"":true}}"
9.png,66060342,"{""caption"":"""",""public_domain"":""no"",""image_url"":""""}",2245,1252,"{""name"":""polygon"",""all_points_x"":[4835,4778,4778,4813,4836],""all_points_y"":[873,913,916,893,877]}","{""name"":""not_defined"",""type"":""unknown"",""image_quality"":{""good"":true,""frontal"":true,""good_illumination"":true}}"
9.png,66060342,"{""caption"":"""",""public_domain"":""no"",""image_url"":""""}",2245,1253,"{""name"":""polygon"",""all_points_x"":[4828,4814,4814,4831],""all_points_y"":[919,927,931,922]}","{""name"":""not_defined"",""type"":""unknown"",""image_quality"":{""good"":true,""frontal"":true,""good_illumination"":true}}"
9.png,66060342,"{""caption"":"""",""public_domain"":""no"",""image_url"":""""}",2245,1254,"{""name"":""polygon"",""all_points_x"":[4751,4730,4731,4754],""all_points_y"":[968,981,984,973]}","{""name"":""not_defined"",""type"":""unknown"",""image_quality"":{""good"":true,""frontal"":true,""good_illumination"":true}}"
9.png,66060342,"{""caption"":"""",""public_domain"":""no"",""image_url"":""""}",2245,1255,"{""name"":""polygon"",""all_points_x"":[4754,4750,4754,4757],""all_points_y"":[775,775,802,799]}","{""name"":""not_defined"",""type"":""unknown"",""image_quality"":{""good"":true,""frontal"":true,""good_illumination"":true}}"
9.png,66060342,"{""caption"":"""",""public_domain"":""no"",""image_url"":""""}",2245,1256,"{""name"":""polygon"",""all_points_x"":[4822,4797,4761,4739,4729,4732,4760,4791,4824,4833,4833],""all_points_y"":[753,772,798,817,826,827,804,776,754,752,748]}","{""name"":""not_defined"",""type"":""unknown"",""image_quality"":{""good"":true,""frontal"":true,""good_illumination"":true}}"
9.png,66060342,"{""caption"":"""",""public_domain"":""no"",""image_url"":""""}",2245,1257,"{""name"":""polygon"",""all_points_x"":[4824,4784,4766,4765,4806,4825],""all_points_y"":[777,816,835,839,798,780]}","{""name"":""not_defined"",""type"":""unknown"",""image_quality"":{""good"":true,""frontal"":true,""good_illumination"":true}}"
9.png,66060342,"{""caption"":"""",""public_domain"":""no"",""image_url"":""""}",2245,1258,"{""name"":""polygon"",""all_points_x"":[4765,4768,4759,4755],""all_points_y"":[863,863,806,810]}","{""name"":""not_defined"",""type"":""unknown"",""image_quality"":{""good"":true,""frontal"":true,""good_illumination"":true}}"
9.png,66060342,"{""caption"":"""",""public_domain"":""no"",""image_url"":""""}",2245,1259,"{""name"":""polygon"",""all_points_x"":[4834,4822,4804,4805,4836],""all_points_y"":[816,827,851,852,816]}","{""name"":""not_defined"",""type"":""unknown"",""image_quality"":{""good"":true,""frontal"":true,""good_illumination"":true}}"
9.png,66060342,"{""caption"":"""",""public_domain"":""no"",""image_url"":""""}",2245,1260,"{""name"":""polygon"",""all_points_x"":[4809,4814,4836,4832],""all_points_y"":[914,913,879,879]}","{""name"":""not_defined"",""type"":""unknown"",""image_quality"":{""good"":true,""frontal"":true,""good_illumination"":true}}"
9.png,66060342,"{""caption"":"""",""public_domain"":""no"",""image_url"":""""}",2245,1261,"{""name"":""polygon"",""all_points_x"":[4855,4838,4843,4857],""all_points_y"":[833,868,867,834]}","{""name"":""not_defined"",""type"":""unknown"",""image_quality"":{""good"":true,""frontal"":true,""good_illumination"":true}}"
9.png,66060342,"{""caption"":"""",""public_domain"":""no"",""image_url"":""""}",2245,1262,"{""name"":""polygon"",""all_points_x"":[4836,4828,4830,4845,4849],""all_points_y"":[854,862,867,850,842]}","{""name"":""not_defined"",""type"":""unknown"",""image_quality"":{""good"":true,""frontal"":true,""good_illumination"":true}}"
9.png,66060342,"{""caption"":"""",""public_domain"":""no"",""image_url"":""""}",2245,1263,"{""name"":""polygon"",""all_points_x"":[4982,4957,4927,4891,4894,4962,4984],""all_points_y"":[908,938,972,1016,1022,937,914]}","{""name"":""not_defined"",""type"":""unknown"",""image_quality"":{""good"":true,""frontal"":true,""good_illumination"":true}}"
9.png,66060342,"{""caption"":"""",""public_domain"":""no"",""image_url"":""""}",2245,1264,"{""name"":""polygon"",""all_points_x"":[4738,4721,4702,4672,4676,4720,4739],""all_points_y"":[929,941,954,973,974,947,932]}","{""name"":""not_defined"",""type"":""unknown"",""image_quality"":{""good"":true,""frontal"":true,""good_illumination"":true}}"
9.png,66060342,"{""caption"":"""",""public_domain"":""no"",""image_url"":""""}",2245,1265,"{""name"":""polygon"",""all_points_x"":[4651,4621,4622,4651],""all_points_y"":[988,1007,1008,991]}","{""name"":""not_defined"",""type"":""unknown"",""image_quality"":{""good"":true,""frontal"":true,""good_illumination"":true}}"
9.png,66060342,"{""caption"":"""",""public_domain"":""no"",""image_url"":""""}",2245,1266,"{""name"":""polygon"",""all_points_x"":[4877,4857,4859,4877],""all_points_y"":[924,934,937,928]}","{""name"":""not_defined"",""type"":""unknown"",""image_quality"":{""good"":true,""frontal"":true,""good_illumination"":true}}"
9.png,66060342,"{""caption"":"""",""public_domain"":""no"",""image_url"":""""}",2245,1267,"{""name"":""polygon"",""all_points_x"":[4956,4932,4894,4898,4958],""all_points_y"":[958,985,1024,1024,960]}","{""name"":""not_defined"",""type"":""unknown"",""image_quality"":{""good"":true,""frontal"":true,""good_illumination"":true}}"
9.png,66060342,"{""caption"":"""",""public_domain"":""no"",""image_url"":""""}",2245,1268,"{""name"":""polygon"",""all_points_x"":[4682,4679,4676,4680,4687,4691,4680],""all_points_y"":[819,825,824,805,793,793,810]}","{""name"":""not_defined"",""type"":""unknown"",""image_quality"":{""good"":true,""frontal"":true,""good_illumination"":true}}"
9.png,66060342,"{""caption"":"""",""public_domain"":""no"",""image_url"":""""}",2245,1269,"{""name"":""polygon"",""all_points_x"":[5246,5149,5117,5032,5033,5130,5201,5247],""all_points_y"":[923,982,998,1043,1046,995,956,926]}","{""name"":""not_defined"",""type"":""unknown"",""image_quality"":{""good"":true,""frontal"":true,""good_illumination"":true}}"
9.png,66060342,"{""caption"":"""",""public_domain"":""no"",""image_url"":""""}",2245,1270,"{""name"":""polygon"",""all_points_x"":[5332,5292,5292,5327,5334],""all_points_y"":[772,792,796,781,775]}","{""name"":""not_defined"",""type"":""unknown"",""image_quality"":{""good"":true,""frontal"":true,""good_illumination"":true}}"
9.png,66060342,"{""caption"":"""",""public_domain"":""no"",""image_url"":""""}",2245,1271,"{""name"":""polygon"",""all_points_x"":[5067,5047,5028,4998,4994,4996,5022,5031,5067],""all_points_y"":[853,877,902,960,966,967,920,908,857]}","{""name"":""not_defined"",""type"":""unknown"",""image_quality"":{""good"":true,""frontal"":true,""good_illumination"":true}}"
9.png,66060342,"{""caption"":"""",""public_domain"":""no"",""image_url"":""""}",2245,1272,"{""name"":""polygon"",""all_points_x"":[5196,5196,5170,5125,5118,5114,5126,5164],""all_points_y"":[814,818,838,883,889,886,879,839]}","{""name"":""not_defined"",""type"":""unknown"",""image_quality"":{""good"":true,""frontal"":true,""good_illumination"":true}}"
9.png,66060342,"{""caption"":"""",""public_domain"":""no"",""image_url"":""""}",2245,1273,"{""name"":""polygon"",""all_points_x"":[5211,5199,5181,5165,5146,5129,5124,5118,5121,5137,5168,5184,5197,5214],""all_points_y"":[849,871,891,913,950,974,983,994,994,966,916,892,878,850]}","{""name"":""not_defined"",""type"":""unknown"",""image_quality"":{""good"":true,""frontal"":true,""good_illumination"":true}}"
9.png,66060342,"{""caption"":"""",""public_domain"":""no"",""image_url"":""""}",2245,1274,"{""name"":""polygon"",""all_points_x"":[5258,5235,5215,5192,5185,5187,5192,5218,5259],""all_points_y"":[787,816,836,867,880,880,869,839,790]}","{""name"":""not_defined"",""type"":""unknown"",""image_quality"":{""good"":true,""frontal"":true,""good_illumination"":true}}"
9.png,66060342,"{""caption"":"""",""public_domain"":""no"",""image_url"":""""}",2245,1275,"{""name"":""polygon"",""all_points_x"":[5077,5078,5059,5050,5035,5020,5001,5000,5021,5032,5048],""all_points_y"":[887,891,906,914,935,949,970,968,941,932,912]}","{""name"":""not_defined"",""type"":""unknown"",""image_quality"":{""good"":true,""frontal"":true,""good_illumination"":true}}"
9.png,66060342,"{""caption"":"""",""public_domain"":""no"",""image_url"":""""}",2245,1276,"{""name"":""polygon"",""all_points_x"":[5019,5006,4994,4983,4979,4991,4998,5022],""all_points_y"":[876,917,954,983,995,974,954,879]}","{""name"":""not_defined"",""type"":""unknown"",""image_quality"":{""good"":true,""frontal"":true,""good_illumination"":true}}"
9.png,66060342,"{""caption"":"""",""public_domain"":""no"",""image_url"":""""}",2245,1277,"{""name"":""polygon"",""all_points_x"":[4956,4929,4933,4962],""all_points_y"":[1035,1121,1119,1031]}","{""name"":""not_defined"",""type"":""unknown"",""image_quality"":{""good"":true,""frontal"":true,""good_illumination"":true}}"
9.png,66060342,"{""caption"":"""",""public_domain"":""no"",""image_url"":""""}",2245,1278,"{""name"":""polygon"",""all_points_x"":[4977,4998,4994,4969,4962,4966],""all_points_y"":[1009,972,972,1015,1036,1038]}","{""name"":""not_defined"",""type"":""unknown"",""image_quality"":{""good"":true,""frontal"":true,""good_illumination"":true}}"
9.png,66060342,"{""caption"":"""",""public_domain"":""no"",""image_url"":""""}",2245,1279,"{""name"":""polygon"",""all_points_x"":[4897,4892,4918,4963,4963],""all_points_y"":[1136,1142,1132,1117,1114]}","{""name"":""not_defined"",""type"":""unknown"",""image_quality"":{""good"":true,""frontal"":true,""good_illumination"":true}}"
9.png,66060342,"{""caption"":"""",""public_domain"":""no"",""image_url"":""""}",2245,1280,"{""name"":""polygon"",""all_points_x"":[4918,4892,4895,4929,4925],""all_points_y"":[1150,1237,1237,1131,1131]}","{""name"":""not_defined"",""type"":""unknown"",""image_quality"":{""good"":true,""frontal"":true,""good_illumination"":true}}"
9.png,66060342,"{""caption"":"""",""public_domain"":""no"",""image_url"":""""}",2245,1281,"{""name"":""polygon"",""all_points_x"":[5208,5126,5128,5209],""all_points_y"":[1013,1113,1114,1018]}","{""name"":""not_defined"",""type"":""unknown"",""image_quality"":{""good"":true,""frontal"":true,""good_illumination"":true}}"
9.png,66060342,"{""caption"":"""",""public_domain"":""no"",""image_url"":""""}",2245,1282,"{""name"":""polygon"",""all_points_x"":[5205,5156,5126,5102,5105,5133,5173,5210],""all_points_y"":[1046,1144,1204,1249,1249,1199,1118,1046]}","{""name"":""not_defined"",""type"":""unknown"",""image_quality"":{""good"":true,""frontal"":true,""good_illumination"":true}}"
9.png,66060342,"{""caption"":"""",""public_domain"":""no"",""image_url"":""""}",2245,1283,"{""name"":""polygon"",""all_points_x"":[5154,5141,5131,5132,5143,5158],""all_points_y"":[914,943,961,966,951,919]}","{""name"":""not_defined"",""type"":""unknown"",""image_quality"":{""good"":true,""frontal"":true,""good_illumination"":true}}"
9.png,66060342,"{""caption"":"""",""public_domain"":""no"",""image_url"":""""}",2245,1284,"{""name"":""polygon"",""all_points_x"":[5355,5307,5286,5288,5316,5353],""all_points_y"":[864,914,931,934,910,873]}","{""name"":""not_defined"",""type"":""unknown"",""image_quality"":{""good"":true,""frontal"":true,""good_illumination"":true}}"
9.png,66060342,"{""caption"":"""",""public_domain"":""no"",""image_url"":""""}",2245,1285,"{""name"":""polygon"",""all_points_x"":[5373,5308,5310,5375],""all_points_y"":[768,845,846,772]}","{""name"":""not_defined"",""type"":""unknown"",""image_quality"":{""good"":true,""frontal"":true,""good_illumination"":true}}"
9.png,66060342,"{""caption"":"""",""public_domain"":""no"",""image_url"":""""}",2245,1286,"{""name"":""polygon"",""all_points_x"":[5344,5309,5311,5348],""all_points_y"":[972,1017,1018,972]}","{""name"":""not_defined"",""type"":""unknown"",""image_quality"":{""good"":true,""frontal"":true,""good_illumination"":true}}"
9.png,66060342,"{""caption"":"""",""public_domain"":""no"",""image_url"":""""}",2245,1287,"{""name"":""polygon"",""all_points_x"":[5336,5338,5367,5371],""all_points_y"":[965,969,966,962]}","{""name"":""not_defined"",""type"":""unknown"",""image_quality"":{""good"":true,""frontal"":true,""good_illumination"":true}}"
9.png,66060342,"{""caption"":"""",""public_domain"":""no"",""image_url"":""""}",2245,1288,"{""name"":""polygon"",""all_points_x"":[5374,5318,5326,5373],""all_points_y"":[1010,1050,1049,1013]}","{""name"":""not_defined"",""type"":""unknown"",""image_quality"":{""good"":true,""frontal"":true,""good_illumination"":true}}"
9.png,66060342,"{""caption"":"""",""public_domain"":""no"",""image_url"":""""}",2245,1289,"{""name"":""polygon"",""all_points_x"":[5374,5364,5366,5373],""all_points_y"":[1026,1033,1035,1030]}","{""name"":""not_defined"",""type"":""unknown"",""image_quality"":{""good"":true,""frontal"":true,""good_illumination"":true}}"
9.png,66060342,"{""caption"":"""",""public_domain"":""no"",""image_url"":""""}",2245,1290,"{""name"":""polygon"",""all_points_x"":[5071,5043,5040,5043,5073],""all_points_y"":[1126,1232,1255,1256,1130]}","{""name"":""not_defined"",""type"":""unknown"",""image_quality"":{""good"":true,""frontal"":true,""good_illumination"":true}}"
9.png,66060342,"{""caption"":"""",""public_domain"":""no"",""image_url"":""""}",2245,1291,"{""name"":""polygon"",""all_points_x"":[5063,5051,5054,5068],""all_points_y"":[966,1025,1028,966]}","{""name"":""not_defined"",""type"":""unknown"",""image_quality"":{""good"":true,""frontal"":true,""good_illumination"":true}}"
9.png,66060342,"{""caption"":"""",""public_domain"":""no"",""image_url"":""""}",2245,1292,"{""name"":""polygon"",""all_points_x"":[5285,5268,5269,5286],""all_points_y"":[1073,1099,1102,1076]}","{""name"":""not_defined"",""type"":""unknown"",""image_quality"":{""good"":true,""frontal"":true,""good_illumination"":true}}"
9.png,66060342,"{""caption"":"""",""public_domain"":""no"",""image_url"":""""}",2245,1293,"{""name"":""polygon"",""all_points_x"":[4890,4886,4890,4892,4913,4917,4902],""all_points_y"":[1046,1045,1062,1072,1111,1109,1076]}","{""name"":""not_defined"",""type"":""unknown"",""image_quality"":{""good"":true,""frontal"":true,""good_illumination"":true}}"
9.png,66060342,"{""caption"":"""",""public_domain"":""no"",""image_url"":""""}",2245,1294,"{""name"":""polygon"",""all_points_x"":[4998,4995,4994,4996,5000,5009,5012,5006,5000],""all_points_y"":[1259,1252,1273,1315,1337,1390,1390,1351,1316]}","{""name"":""not_defined"",""type"":""unknown"",""image_quality"":{""good"":true,""frontal"":true,""good_illumination"":true}}"
9.png,66060342,"{""caption"":"""",""public_domain"":""no"",""image_url"":""""}",2245,1295,"{""name"":""polygon"",""all_points_x"":[5077,5083,5084,5080,5078,5074],""all_points_y"":[1225,1315,1331,1332,1278,1224]}","{""name"":""not_defined"",""type"":""unknown"",""image_quality"":{""good"":true,""frontal"":true,""good_illumination"":true}}"
9.png,66060342,"{""caption"":"""",""public_domain"":""no"",""image_url"":""""}",2245,1296,"{""name"":""polygon"",""all_points_x"":[5097,5098,5083,5083],""all_points_y"":[1281,1284,1282,1280]}","{""name"":""not_defined"",""type"":""unknown"",""image_quality"":{""good"":true,""frontal"":true,""good_illumination"":true}}"
9.png,66060342,"{""caption"":"""",""public_domain"":""no"",""image_url"":""""}",2245,1297,"{""name"":""polygon"",""all_points_x"":[5050,5050,5067,5067],""all_points_y"":[1277,1280,1282,1279]}","{""name"":""not_defined"",""type"":""unknown"",""image_quality"":{""good"":true,""frontal"":true,""good_illumination"":true}}"
9.png,66060342,"{""caption"":"""",""public_domain"":""no"",""image_url"":""""}",2245,1298,"{""name"":""polygon"",""all_points_x"":[5192,5178,5169,5151,5142,5146,5157,5173,5193],""all_points_y"":[1221,1240,1252,1272,1285,1288,1269,1252,1226]}","{""name"":""not_defined"",""type"":""unknown"",""image_quality"":{""good"":true,""frontal"":true,""good_illumination"":true}}"
9.png,66060342,"{""caption"":"""",""public_domain"":""no"",""image_url"":""""}",2245,1299,"{""name"":""polygon"",""all_points_x"":[5162,5166,5159,5156],""all_points_y"":[1333,1332,1269,1273]}","{""name"":""not_defined"",""type"":""unknown"",""image_quality"":{""good"":true,""frontal"":true,""good_illumination"":true}}"
9.png,66060342,"{""caption"":"""",""public_domain"":""no"",""image_url"":""""}",2245,1300,"{""name"":""polygon"",""all_points_x"":[5123,5125,5124,5122],""all_points_y"":[1250,1251,1219,1222]}","{""name"":""not_defined"",""type"":""unknown"",""image_quality"":{""good"":true,""frontal"":true,""good_illumination"":true}}"
9.png,66060342,"{""caption"":"""",""public_domain"":""no"",""image_url"":""""}",2245,1301,"{""name"":""polygon"",""all_points_x"":[5252,5249,5248,5246,5243,5246],""all_points_y"":[1244,1243,1286,1321,1373,1374]}","{""name"":""not_defined"",""type"":""unknown"",""image_quality"":{""good"":true,""frontal"":true,""good_illumination"":true}}"
9.png,66060342,"{""caption"":"""",""public_domain"":""no"",""image_url"":""""}",2245,1302,"{""name"":""polygon"",""all_points_x"":[5214,5210,5211,5206,5202,5204,5214],""all_points_y"":[1249,1248,1266,1295,1314,1315,1266]}","{""name"":""not_defined"",""type"":""unknown"",""image_quality"":{""good"":true,""frontal"":true,""good_illumination"":true}}"
9.png,66060342,"{""caption"":"""",""public_domain"":""no"",""image_url"":""""}",2245,1303,"{""name"":""polygon"",""all_points_x"":[5199,5194,5198,5200],""all_points_y"":[1336,1363,1362,1333]}","{""name"":""not_defined"",""type"":""unknown"",""image_quality"":{""good"":true,""frontal"":true,""good_illumination"":true}}"
9.png,66060342,"{""caption"":"""",""public_domain"":""no"",""image_url"":""""}",2245,1304,"{""name"":""polygon"",""all_points_x"":[5214,5211,5204,5201,5208],""all_points_y"":[1296,1321,1354,1351,1300]}","{""name"":""not_defined"",""type"":""unknown"",""image_quality"":{""good"":true,""frontal"":true,""good_illumination"":true}}"
9.png,66060342,"{""caption"":"""",""public_domain"":""no"",""image_url"":""""}",2245,1305,"{""name"":""polygon"",""all_points_x"":[5230,5226,5228,5228,5231,5234,5232],""all_points_y"":[1264,1265,1311,1330,1345,1344,1332]}","{""name"":""not_defined"",""type"":""unknown"",""image_quality"":{""good"":true,""frontal"":true,""good_illumination"":true}}"
9.png,66060342,"{""caption"":"""",""public_domain"":""no"",""image_url"":""""}",2245,1306,"{""name"":""polygon"",""all_points_x"":[5015,5014,5001,4991,4988,4984,4980,4979,4983,4993],""all_points_y"":[1128,1128,1172,1211,1220,1259,1313,1339,1339,1221]}","{""name"":""not_defined"",""type"":""unknown"",""image_quality"":{""good"":true,""frontal"":true,""good_illumination"":true}}"
9.png,66060342,"{""caption"":"""",""public_domain"":""no"",""image_url"":""""}",2245,1307,"{""name"":""polygon"",""all_points_x"":[4977,4952,4938,4909,4916,4954,4980],""all_points_y"":[1139,1226,1277,1377,1363,1238,1142]}","{""name"":""not_defined"",""type"":""unknown"",""image_quality"":{""good"":true,""frontal"":true,""good_illumination"":true}}"
9.png,66060342,"{""caption"":"""",""public_domain"":""no"",""image_url"":""""}",2245,1308,"{""name"":""polygon"",""all_points_x"":[4964,4951,4953,4968],""all_points_y"":[1259,1313,1313,1261]}","{""name"":""not_defined"",""type"":""unknown"",""image_quality"":{""good"":true,""frontal"":true,""good_illumination"":true}}"
9.png,66060342,"{""caption"":"""",""public_domain"":""no"",""image_url"":""""}",2245,1309,"{""name"":""polygon"",""all_points_x"":[4943,4946,4949,4944],""all_points_y"":[1310,1308,1278,1277]}","{""name"":""not_defined"",""type"":""unknown"",""image_quality"":{""good"":true,""frontal"":true,""good_illumination"":true}}"
9.png,66060342,"{""caption"":"""",""public_domain"":""no"",""image_url"":""""}",2245,1310,"{""name"":""polygon"",""all_points_x"":[4977,4980,4981,4981],""all_points_y"":[1384,1438,1438,1382]}","{""name"":""not_defined"",""type"":""unknown"",""image_quality"":{""good"":true,""frontal"":true,""good_illumination"":true}}"
9.png,66060342,"{""caption"":"""",""public_domain"":""no"",""image_url"":""""}",2245,1311,"{""name"":""polygon"",""all_points_x"":[4987,4984,4988,4992,4994],""all_points_y"":[1382,1382,1423,1445,1445]}","{""name"":""not_defined"",""type"":""unknown"",""image_quality"":{""good"":true,""frontal"":true,""good_illumination"":true}}"
9.png,66060342,"{""caption"":"""",""public_domain"":""no"",""image_url"":""""}",2245,1312,"{""name"":""polygon"",""all_points_x"":[5027,5030,5023,5021],""all_points_y"":[1185,1185,1148,1148]}","{""name"":""not_defined"",""type"":""unknown"",""image_quality"":{""good"":true,""frontal"":true,""good_illumination"":true}}"
9.png,66060342,"{""caption"":"""",""public_domain"":""no"",""image_url"":""""}",2245,1313,"{""name"":""polygon"",""all_points_x"":[4576,4570,4565,4559,4557,4562],""all_points_y"":[980,980,1039,1102,1124,1126]}","{""name"":""not_defined"",""type"":""unknown"",""image_quality"":{""good"":true,""frontal"":true,""good_illumination"":true}}"
9.png,66060342,"{""caption"":"""",""public_domain"":""no"",""image_url"":""""}",2245,1314,"{""name"":""polygon"",""all_points_x"":[4963,4932,4912,4915,4932,4964],""all_points_y"":[818,846,868,868,850,822]}","{""name"":""not_defined"",""type"":""unknown"",""image_quality"":{""good"":true,""frontal"":true,""good_illumination"":true}}"
9.png,66060342,"{""caption"":"""",""public_domain"":""no"",""image_url"":""""}",2245,1315,"{""name"":""polygon"",""all_points_x"":[4661,4657,4663,4664],""all_points_y"":[845,870,868,843]}","{""name"":""not_defined"",""type"":""unknown"",""image_quality"":{""good"":true,""frontal"":true,""good_illumination"":true}}"
9.png,66060342,"{""caption"":"""",""public_domain"":""no"",""image_url"":""""}",2245,1316,"{""name"":""polygon"",""all_points_x"":[4685,4654,4649,4652,4688],""all_points_y"":[851,877,880,882,851]}","{""name"":""not_defined"",""type"":""unknown"",""image_quality"":{""good"":true,""frontal"":true,""good_illumination"":true}}"
9.png,66060342,"{""caption"":"""",""public_domain"":""no"",""image_url"":""""}",2245,1317,"{""name"":""polygon"",""all_points_x"":[4570,4520,4530,4569],""all_points_y"":[911,954,953,919]}","{""name"":""not_defined"",""type"":""unknown"",""image_quality"":{""good"":true,""frontal"":true,""good_illumination"":true}}"
9.png,66060342,"{""caption"":"""",""public_domain"":""no"",""image_url"":""""}",2245,1318,"{""name"":""polygon"",""all_points_x"":[4511,4507,4505,4498,4492,4486,4479,4464,4449,4452,4477,4490,4494,4494,4506],""all_points_y"":[921,927,943,964,989,1011,1034,1081,1153,1154,1057,1009,1002,988,954]}","{""name"":""not_defined"",""type"":""unknown"",""image_quality"":{""good"":true,""frontal"":true,""good_illumination"":true}}"
9.png,66060342,"{""caption"":"""",""public_domain"":""no"",""image_url"":""""}",2245,1319,"{""name"":""polygon"",""all_points_x"":[4522,4522,4517,4514,4508,4497,4497,4510,4515,4523,4526],""all_points_y"":[933,940,951,955,968,989,991,972,956,942,931]}","{""name"":""not_defined"",""type"":""unknown"",""image_quality"":{""good"":true,""frontal"":true,""good_illumination"":true}}"
9.png,66060342,"{""caption"":"""",""public_domain"":""no"",""image_url"":""""}",2245,1320,"{""name"":""polygon"",""all_points_x"":[4539,4533,4510,4514],""all_points_y"":[1207,1210,1150,1148]}","{""name"":""not_defined"",""type"":""unknown"",""image_quality"":{""good"":true,""frontal"":true,""good_illumination"":true}}"
9.png,66060342,"{""caption"":"""",""public_domain"":""no"",""image_url"":""""}",2245,1321,"{""name"":""polygon"",""all_points_x"":[4507,4503,4477,4479],""all_points_y"":[1122,1128,1058,1051]}","{""name"":""not_defined"",""type"":""unknown"",""image_quality"":{""good"":true,""frontal"":true,""good_illumination"":true}}"
9.png,66060342,"{""caption"":"""",""public_domain"":""no"",""image_url"":""""}",2245,1322,"{""name"":""polygon"",""all_points_x"":[4420,4416,4438,4467,4471,4435],""all_points_y"":[891,894,953,1033,1029,935]}","{""name"":""not_defined"",""type"":""unknown"",""image_quality"":{""good"":true,""frontal"":true,""good_illumination"":true}}"
9.png,66060342,"{""caption"":"""",""public_domain"":""no"",""image_url"":""""}",2245,1323,"{""name"":""polygon"",""all_points_x"":[4442,4438,4451,4455],""all_points_y"":[903,904,973,974]}","{""name"":""not_defined"",""type"":""unknown"",""image_quality"":{""good"":true,""frontal"":true,""good_illumination"":true}}"
9.png,66060342,"{""caption"":"""",""public_domain"":""no"",""image_url"":""""}",2245,1324,"{""name"":""polygon"",""all_points_x"":[4477,4474,4471,4463,4464,4475,4479],""all_points_y"":[895,922,946,968,968,945,895]}","{""name"":""not_defined"",""type"":""unknown"",""image_quality"":{""good"":true,""frontal"":true,""good_illumination"":true}}"
9.png,66060342,"{""caption"":"""",""public_domain"":""no"",""image_url"":""""}",2245,1325,"{""name"":""polygon"",""all_points_x"":[4417,4415,4420,4426,4426,4423],""all_points_y"":[932,899,909,965,1003,1003]}","{""name"":""not_defined"",""type"":""unknown"",""image_quality"":{""good"":true,""frontal"":true,""good_illumination"":true}}"
9.png,66060342,"{""caption"":"""",""public_domain"":""no"",""image_url"":""""}",2245,1326,"{""name"":""polygon"",""all_points_x"":[4125,4125,4156,4193,4193],""all_points_y"":[788,793,795,797,794]}","{""name"":""not_defined"",""type"":""unknown"",""image_quality"":{""good"":true,""frontal"":true,""good_illumination"":true}}"
9.png,66060342,"{""caption"":"""",""public_domain"":""no"",""image_url"":""""}",2245,1327,"{""name"":""polygon"",""all_points_x"":[4214,4200,4189,4192,4215],""all_points_y"":[761,783,809,809,764]}","{""name"":""not_defined"",""type"":""unknown"",""image_quality"":{""good"":true,""frontal"":true,""good_illumination"":true}}"
9.png,66060342,"{""caption"":"""",""public_domain"":""no"",""image_url"":""""}",2245,1328,"{""name"":""polygon"",""all_points_x"":[4211,4255,4289,4345,4345,4286,4199,4201],""all_points_y"":[795,798,801,807,809,804,797,793]}","{""name"":""not_defined"",""type"":""unknown"",""image_quality"":{""good"":true,""frontal"":true,""good_illumination"":true}}"
9.png,66060342,"{""caption"":"""",""public_domain"":""no"",""image_url"":""""}",2245,1329,"{""name"":""polygon"",""all_points_x"":[4148,4147,4194,4251,4260,4260],""all_points_y"":[810,813,815,814,813,811]}","{""name"":""not_defined"",""type"":""unknown"",""image_quality"":{""good"":true,""frontal"":true,""good_illumination"":true}}"
9.png,66060342,"{""caption"":"""",""public_domain"":""no"",""image_url"":""""}",2245,1330,"{""name"":""polygon"",""all_points_x"":[4270,4299,4318,4296,4247,4198,4185,4184,4188,4237],""all_points_y"":[817,808,808,812,827,847,851,847,843,827]}","{""name"":""not_defined"",""type"":""unknown"",""image_quality"":{""good"":true,""frontal"":true,""good_illumination"":true}}"
9.png,66060342,"{""caption"":"""",""public_domain"":""no"",""image_url"":""""}",2245,1331,"{""name"":""polygon"",""all_points_x"":[4229,4217,4222,4249,4293,4291,4240],""all_points_y"":[853,839,838,873,928,932,869]}","{""name"":""not_defined"",""type"":""unknown"",""image_quality"":{""good"":true,""frontal"":true,""good_illumination"":true}}"
9.png,66060342,"{""caption"":"""",""public_domain"":""no"",""image_url"":""""}",2245,1332,"{""name"":""polygon"",""all_points_x"":[4323,4231,4239,4327],""all_points_y"":[911,980,977,912]}","{""name"":""not_defined"",""type"":""unknown"",""image_quality"":{""good"":true,""frontal"":true,""good_illumination"":true}}"
9.png,66060342,"{""caption"":"""",""public_domain"":""no"",""image_url"":""""}",2245,1333,"{""name"":""polygon"",""all_points_x"":[4332,4327,4296,4299],""all_points_y"":[969,971,936,934]}","{""name"":""not_defined"",""type"":""unknown"",""image_quality"":{""good"":true,""frontal"":true,""good_illumination"":true}}"
9.png,66060342,"{""caption"":"""",""public_domain"":""no"",""image_url"":""""}",2245,1334,"{""name"":""polygon"",""all_points_x"":[4264,4274,4277,4269],""all_points_y"":[917,945,943,916]}","{""name"":""not_defined"",""type"":""unknown"",""image_quality"":{""good"":true,""frontal"":true,""good_illumination"":true}}"
9.png,66060342,"{""caption"":"""",""public_domain"":""no"",""image_url"":""""}",2245,1335,"{""name"":""polygon"",""all_points_x"":[4845,4841,4844,4847],""all_points_y"":[581,582,631,632]}","{""name"":""not_defined"",""type"":""unknown"",""image_quality"":{""good"":true,""frontal"":true,""good_illumination"":true}}"
9.png,66060342,"{""caption"":"""",""public_domain"":""no"",""image_url"":""""}",2245,1336,"{""name"":""polygon"",""all_points_x"":[4222,4216,4223,4225,4232,4238,4230],""all_points_y"":[1026,1023,1090,1136,1226,1225,1143]}","{""name"":""not_defined"",""type"":""unknown"",""image_quality"":{""good"":true,""frontal"":true,""good_illumination"":true}}"
9.png,66060342,"{""caption"":"""",""public_domain"":""no"",""image_url"":""""}",2245,1337,"{""name"":""polygon"",""all_points_x"":[4207,4196,4200,4210],""all_points_y"":[1029,1129,1131,1029]}","{""name"":""not_defined"",""type"":""unknown"",""image_quality"":{""good"":true,""frontal"":true,""good_illumination"":true}}"
9.png,66060342,"{""caption"":"""",""public_domain"":""no"",""image_url"":""""}",2245,1338,"{""name"":""polygon"",""all_points_x"":[4210,4213,4210,4206],""all_points_y"":[1134,1133,1068,1086]}","{""name"":""not_defined"",""type"":""unknown"",""image_quality"":{""good"":true,""frontal"":true,""good_illumination"":true}}"
9.png,66060342,"{""caption"":"""",""public_domain"":""no"",""image_url"":""""}",2245,1339,"{""name"":""polygon"",""all_points_x"":[4193,4186,4190,4199],""all_points_y"":[1139,1203,1204,1139]}","{""name"":""not_defined"",""type"":""unknown"",""image_quality"":{""good"":true,""frontal"":true,""good_illumination"":true}}"
9.png,66060342,"{""caption"":"""",""public_domain"":""no"",""image_url"":""""}",2245,1340,"{""name"":""polygon"",""all_points_x"":[4214,4218,4214,4208,4204,4200,4208,4212],""all_points_y"":[1214,1213,1189,1163,1133,1135,1173,1198]}","{""name"":""not_defined"",""type"":""unknown"",""image_quality"":{""good"":true,""frontal"":true,""good_illumination"":true}}"
9.png,66060342,"{""caption"":"""",""public_domain"":""no"",""image_url"":""""}",2245,1341,"{""name"":""polygon"",""all_points_x"":[4287,4289,4280,4278],""all_points_y"":[973,975,950,951]}","{""name"":""not_defined"",""type"":""unknown"",""image_quality"":{""good"":true,""frontal"":true,""good_illumination"":true}}"
9.png,66060342,"{""caption"":"""",""public_domain"":""no"",""image_url"":""""}",2245,1342,"{""name"":""polygon"",""all_points_x"":[4219,4137,4140,4222],""all_points_y"":[992,1061,1062,993]}","{""name"":""not_defined"",""type"":""unknown"",""image_quality"":{""good"":true,""frontal"":true,""good_illumination"":true}}"
9.png,66060342,"{""caption"":"""",""public_domain"":""no"",""image_url"":""""}",2245,1343,"{""name"":""polygon"",""all_points_x"":[4091,4094,4151,4211,4213],""all_points_y"":[1058,1063,1031,998,994]}","{""name"":""not_defined"",""type"":""unknown"",""image_quality"":{""good"":true,""frontal"":true,""good_illumination"":true}}"
9.png,66060342,"{""caption"":"""",""public_domain"":""no"",""image_url"":""""}",2245,1344,"{""name"":""polygon"",""all_points_x"":[4274,4224,4225,4274],""all_points_y"":[963,987,988,966]}","{""name"":""not_defined"",""type"":""unknown"",""image_quality"":{""good"":true,""frontal"":true,""good_illumination"":true}}"
9.png,66060342,"{""caption"":"""",""public_domain"":""no"",""image_url"":""""}",2245,1345,"{""name"":""polygon"",""all_points_x"":[4076,4067,4055,4055,4059,4061,4075,4080],""all_points_y"":[908,969,1037,1085,1090,1030,957,907]}","{""name"":""not_defined"",""type"":""unknown"",""image_quality"":{""good"":true,""frontal"":true,""good_illumination"":true}}"
9.png,66060342,"{""caption"":"""",""public_domain"":""no"",""image_url"":""""}",2245,1346,"{""name"":""polygon"",""all_points_x"":[4043,4039,4044,4051,4062,4067,4073,4083,4087,4073,4062],""all_points_y"":[1003,1003,1035,1070,1132,1184,1226,1277,1277,1188,1096]}","{""name"":""not_defined"",""type"":""unknown"",""image_quality"":{""good"":true,""frontal"":true,""good_illumination"":true}}"
9.png,66060342,"{""caption"":"""",""public_domain"":""no"",""image_url"":""""}",2245,1347,"{""name"":""polygon"",""all_points_x"":[4080,4063,4063,4073,4084],""all_points_y"":[1027,1089,1093,1066,1028]}","{""name"":""not_defined"",""type"":""unknown"",""image_quality"":{""good"":true,""frontal"":true,""good_illumination"":true}}"
9.png,66060342,"{""caption"":"""",""public_domain"":""no"",""image_url"":""""}",2245,1348,"{""name"":""polygon"",""all_points_x"":[4124,4084,4077,4078,4126],""all_points_y"":[1072,1184,1201,1211,1079]}","{""name"":""not_defined"",""type"":""unknown"",""image_quality"":{""good"":true,""frontal"":true,""good_illumination"":true}}"
9.png,66060342,"{""caption"":"""",""public_domain"":""no"",""image_url"":""""}",2245,1349,"{""name"":""polygon"",""all_points_x"":[4103,4091,4073,4072,4102,4120,4118],""all_points_y"":[1088,1102,1116,1120,1095,1082,1077]}","{""name"":""not_defined"",""type"":""unknown"",""image_quality"":{""good"":true,""frontal"":true,""good_illumination"":true}}"
9.png,66060342,"{""caption"":"""",""public_domain"":""no"",""image_url"":""""}",2245,1350,"{""name"":""polygon"",""all_points_x"":[4132,4125,4131,4136],""all_points_y"":[1099,1197,1201,1098]}","{""name"":""not_defined"",""type"":""unknown"",""image_quality"":{""good"":true,""frontal"":true,""good_illumination"":true}}"
9.png,66060342,"{""caption"":"""",""public_domain"":""no"",""image_url"":""""}",2245,1351,"{""name"":""polygon"",""all_points_x"":[4657,4647,4641,4635,4628,4630,4649,4661],""all_points_y"":[1232,1269,1295,1342,1387,1387,1288,1233]}","{""name"":""not_defined"",""type"":""unknown"",""image_quality"":{""good"":true,""frontal"":true,""good_illumination"":true}}"
9.png,66060342,"{""caption"":"""",""public_domain"":""no"",""image_url"":""""}",2245,1352,"{""name"":""polygon"",""all_points_x"":[4354,4349,4384,4440,4441],""all_points_y"":[1261,1266,1322,1406,1402]}","{""name"":""not_defined"",""type"":""unknown"",""image_quality"":{""good"":true,""frontal"":true,""good_illumination"":true}}"
9.png,66060342,"{""caption"":"""",""public_domain"":""no"",""image_url"":""""}",2245,1353,"{""name"":""polygon"",""all_points_x"":[4680,4668,4659,4650,4638,4642,4658,4682],""all_points_y"":[1266,1296,1327,1362,1410,1413,1345,1269]}","{""name"":""not_defined"",""type"":""unknown"",""image_quality"":{""good"":true,""frontal"":true,""good_illumination"":true}}"
9.png,66060342,"{""caption"":"""",""public_domain"":""no"",""image_url"":""""}",2245,1354,"{""name"":""polygon"",""all_points_x"":[4668,4668,4672,4670],""all_points_y"":[1238,1275,1273,1237]}","{""name"":""not_defined"",""type"":""unknown"",""image_quality"":{""good"":true,""frontal"":true,""good_illumination"":true}}"
9.png,66060342,"{""caption"":"""",""public_domain"":""no"",""image_url"":""""}",2245,1355,"{""name"":""polygon"",""all_points_x"":[4765,4757,4761,4770],""all_points_y"":[1192,1241,1240,1193]}","{""name"":""not_defined"",""type"":""unknown"",""image_quality"":{""good"":true,""frontal"":true,""good_illumination"":true}}"
9.png,66060342,"{""caption"":"""",""public_domain"":""no"",""image_url"":""""}",2245,1356,"{""name"":""polygon"",""all_points_x"":[4769,4764,4762,4768],""all_points_y"":[1228,1244,1243,1215]}","{""name"":""not_defined"",""type"":""unknown"",""image_quality"":{""good"":true,""frontal"":true,""good_illumination"":true}}"
9.png,66060342,"{""caption"":"""",""public_domain"":""no"",""image_url"":""""}",2245,1357,"{""name"":""polygon"",""all_points_x"":[4636,4634,4635,4639],""all_points_y"":[805,806,833,831]}","{""name"":""not_defined"",""type"":""unknown"",""image_quality"":{""good"":true,""frontal"":true,""good_illumination"":true}}"
9.png,66060342,"{""caption"":"""",""public_domain"":""no"",""image_url"":""""}",2245,1358,"{""name"":""polygon"",""all_points_x"":[4921,4910,4913,4924],""all_points_y"":[1191,1256,1257,1191]}","{""name"":""not_defined"",""type"":""unknown"",""image_quality"":{""good"":true,""frontal"":true,""good_illumination"":true}}"
9.png,66060342,"{""caption"":"""",""public_domain"":""no"",""image_url"":""""}",2245,1359,"{""name"":""polygon"",""all_points_x"":[4882,4880,4891,4894],""all_points_y"":[1155,1155,1177,1176]}","{""name"":""not_defined"",""type"":""unknown"",""image_quality"":{""good"":true,""frontal"":true,""good_illumination"":true}}"
9.png,66060342,"{""caption"":"""",""public_domain"":""no"",""image_url"":""""}",2245,1360,"{""name"":""polygon"",""all_points_x"":[4995,4990,4992,4998],""all_points_y"":[1113,1147,1146,1115]}","{""name"":""not_defined"",""type"":""unknown"",""image_quality"":{""good"":true,""frontal"":true,""good_illumination"":true}}"
9.png,66060342,"{""caption"":"""",""public_domain"":""no"",""image_url"":""""}",2245,1361,"{""name"":""polygon"",""all_points_x"":[4768,4764,4767,4772],""all_points_y"":[12,57,57,13]}","{""name"":""not_defined"",""type"":""unknown"",""image_quality"":{""good"":true,""frontal"":true,""good_illumination"":true}}"
9.png,66060342,"{""caption"":"""",""public_domain"":""no"",""image_url"":""""}",2245,1362,"{""name"":""polygon"",""all_points_x"":[4872,4871,4890,4892],""all_points_y"":[1269,1270,1359,1359]}","{""name"":""not_defined"",""type"":""unknown"",""image_quality"":{""good"":true,""frontal"":true,""good_illumination"":true}}"
9.png,66060342,"{""caption"":"""",""public_domain"":""no"",""image_url"":""""}",2245,1363,"{""name"":""polygon"",""all_points_x"":[4830,4810,4795,4782,4773,4778,4787,4810,4834],""all_points_y"":[1262,1317,1359,1392,1437,1436,1392,1334,1266]}","{""name"":""not_defined"",""type"":""unknown"",""image_quality"":{""good"":true,""frontal"":true,""good_illumination"":true}}"
9.png,66060342,"{""caption"":"""",""public_domain"":""no"",""image_url"":""""}",2245,1364,"{""name"":""polygon"",""all_points_x"":[4727,4723,4728,4743,4758,4775,4773,4761],""all_points_y"":[1233,1233,1247,1267,1287,1298,1293,1282]}","{""name"":""not_defined"",""type"":""unknown"",""image_quality"":{""good"":true,""frontal"":true,""good_illumination"":true}}"
9.png,66060342,"{""caption"":"""",""public_domain"":""no"",""image_url"":""""}",2245,1365,"{""name"":""polygon"",""all_points_x"":[4754,4749,4741,4736,4732,4736,4750,4758],""all_points_y"":[1295,1321,1367,1396,1401,1402,1350,1295]}","{""name"":""not_defined"",""type"":""unknown"",""image_quality"":{""good"":true,""frontal"":true,""good_illumination"":true}}"
9.png,66060342,"{""caption"":"""",""public_domain"":""no"",""image_url"":""""}",2245,1366,"{""name"":""polygon"",""all_points_x"":[4746,4727,4730,4751],""all_points_y"":[1300,1400,1401,1302]}","{""name"":""not_defined"",""type"":""unknown"",""image_quality"":{""good"":true,""frontal"":true,""good_illumination"":true}}"
9.png,66060342,"{""caption"":"""",""public_domain"":""no"",""image_url"":""""}",2245,1367,"{""name"":""polygon"",""all_points_x"":[4826,4821,4808,4802,4807],""all_points_y"":[1209,1206,1250,1274,1271]}","{""name"":""not_defined"",""type"":""unknown"",""image_quality"":{""good"":true,""frontal"":true,""good_illumination"":true}}"
9.png,66060342,"{""caption"":"""",""public_domain"":""no"",""image_url"":""""}",2245,1368,"{""name"":""polygon"",""all_points_x"":[4795,4794,4788,4788,4792,4795,4797],""all_points_y"":[1301,1316,1334,1365,1362,1332,1302]}","{""name"":""not_defined"",""type"":""unknown"",""image_quality"":{""good"":true,""frontal"":true,""good_illumination"":true}}"
9.png,66060342,"{""caption"":"""",""public_domain"":""no"",""image_url"":""""}",2245,1369,"{""name"":""polygon"",""all_points_x"":[4853,4851,4853,4858,4868,4875,4882,4886,4872],""all_points_y"":[1289,1289,1308,1327,1369,1403,1427,1426,1374]}","{""name"":""not_defined"",""type"":""unknown"",""image_quality"":{""good"":true,""frontal"":true,""good_illumination"":true}}"
9.png,66060342,"{""caption"":"""",""public_domain"":""no"",""image_url"":""""}",2245,1370,"{""name"":""polygon"",""all_points_x"":[4708,4706,4707,4711,4715,4717,4719,4719,4716,4712,4709],""all_points_y"":[1315,1318,1341,1358,1366,1376,1376,1371,1363,1350,1332]}","{""name"":""not_defined"",""type"":""unknown"",""image_quality"":{""good"":true,""frontal"":true,""good_illumination"":true}}"
9.png,66060342,"{""caption"":"""",""public_domain"":""no"",""image_url"":""""}",2245,1371,"{""name"":""polygon"",""all_points_x"":[4753,4750,4760,4764,4766],""all_points_y"":[1395,1397,1420,1432,1431]}","{""name"":""not_defined"",""type"":""unknown"",""image_quality"":{""good"":true,""frontal"":true,""good_illumination"":true}}"
9.png,66060342,"{""caption"":"""",""public_domain"":""no"",""image_url"":""""}",2245,1372,"{""name"":""polygon"",""all_points_x"":[4790,4795,4799,4804,4808,4804,4798],""all_points_y"":[1441,1444,1417,1376,1349,1351,1380]}","{""name"":""not_defined"",""type"":""unknown"",""image_quality"":{""good"":true,""frontal"":true,""good_illumination"":true}}"
9.png,66060342,"{""caption"":"""",""public_domain"":""no"",""image_url"":""""}",2245,1373,"{""name"":""polygon"",""all_points_x"":[4697,4694,4701,4708,4715,4719,4729,4732,4734,4731,4712],""all_points_y"":[1405,1405,1435,1468,1497,1518,1555,1557,1556,1552,1468]}","{""name"":""not_defined"",""type"":""unknown"",""image_quality"":{""good"":true,""frontal"":true,""good_illumination"":true}}"
9.png,66060342,"{""caption"":"""",""public_domain"":""no"",""image_url"":""""}",2245,1374,"{""name"":""polygon"",""all_points_x"":[4680,4678,4686,4690,4695,4700,4701,4703,4702],""all_points_y"":[1381,1381,1415,1445,1474,1497,1517,1519,1494]}","{""name"":""not_defined"",""type"":""unknown"",""image_quality"":{""good"":true,""frontal"":true,""good_illumination"":true}}"
9.png,66060342,"{""caption"":"""",""public_domain"":""no"",""image_url"":""""}",2245,1375,"{""name"":""polygon"",""all_points_x"":[4841,4839,4845,4854,4857],""all_points_y"":[1374,1375,1386,1410,1411]}","{""name"":""not_defined"",""type"":""unknown"",""image_quality"":{""good"":true,""frontal"":true,""good_illumination"":true}}"
9.png,66060342,"{""caption"":"""",""public_domain"":""no"",""image_url"":""""}",2245,1376,"{""name"":""polygon"",""all_points_x"":[4663,4659,4660,4657,4649,4645,4646,4645,4643,4642,4645,4647,4649,4650,4648,4650,4652,4657,4661],""all_points_y"":[1386,1386,1396,1408,1435,1459,1472,1491,1513,1522,1522,1498,1486,1471,1462,1453,1432,1415,1398]}","{""name"":""not_defined"",""type"":""unknown"",""image_quality"":{""good"":true,""frontal"":true,""good_illumination"":true}}"
9.png,66060342,"{""caption"":"""",""public_domain"":""no"",""image_url"":""""}",2245,1377,"{""name"":""polygon"",""all_points_x"":[4616,4614,4618,4622,4641,4643,4623],""all_points_y"":[1434,1435,1455,1464,1501,1497,1457]}","{""name"":""not_defined"",""type"":""unknown"",""image_quality"":{""good"":true,""frontal"":true,""good_illumination"":true}}"
9.png,66060342,"{""caption"":"""",""public_domain"":""no"",""image_url"":""""}",2245,1378,"{""name"":""polygon"",""all_points_x"":[4652,4655,4651,4647,4648],""all_points_y"":[1511,1519,1520,1511,1506]}","{""name"":""not_defined"",""type"":""unknown"",""image_quality"":{""good"":true,""frontal"":true,""good_illumination"":true}}"
9.png,66060342,"{""caption"":"""",""public_domain"":""no"",""image_url"":""""}",2245,1379,"{""name"":""polygon"",""all_points_x"":[4672,4674,4673,4663,4661],""all_points_y"":[1560,1560,1556,1538,1540]}","{""name"":""not_defined"",""type"":""unknown"",""image_quality"":{""good"":true,""frontal"":true,""good_illumination"":true}}"
9.png,66060342,"{""caption"":"""",""public_domain"":""no"",""image_url"":""""}",2245,1380,"{""name"":""polygon"",""all_points_x"":[5048,5046,5077,5095,5096],""all_points_y"":[1520,1522,1531,1536,1534]}","{""name"":""not_defined"",""type"":""unknown"",""image_quality"":{""good"":true,""frontal"":true,""good_illumination"":true}}"
9.png,66060342,"{""caption"":"""",""public_domain"":""no"",""image_url"":""""}",2245,1381,"{""name"":""polygon"",""all_points_x"":[4569,4533,4479,4427,4396,4397,4433,4494,4546,4574],""all_points_y"":[1388,1415,1468,1520,1557,1561,1521,1457,1410,1390]}","{""name"":""not_defined"",""type"":""unknown"",""image_quality"":{""good"":true,""frontal"":true,""good_illumination"":true}}"
9.png,66060342,"{""caption"":"""",""public_domain"":""no"",""image_url"":""""}",2245,1382,"{""name"":""polygon"",""all_points_x"":[4598,4595,4586,4586,4588,4593],""all_points_y"":[1383,1382,1453,1466,1467,1431]}","{""name"":""not_defined"",""type"":""unknown"",""image_quality"":{""good"":true,""frontal"":true,""good_illumination"":true}}"
9.png,66060342,"{""caption"":"""",""public_domain"":""no"",""image_url"":""""}",2245,1383,"{""name"":""polygon"",""all_points_x"":[4518,4520,4514,4509],""all_points_y"":[1503,1498,1459,1459]}","{""name"":""not_defined"",""type"":""unknown"",""image_quality"":{""good"":true,""frontal"":true,""good_illumination"":true}}"
9.png,66060342,"{""caption"":"""",""public_domain"":""no"",""image_url"":""""}",2245,1384,"{""name"":""polygon"",""all_points_x"":[4576,4574,4571,4571,4568,4565,4569,4572,4575,4575],""all_points_y"":[1489,1489,1516,1541,1564,1603,1604,1557,1551,1527]}","{""name"":""not_defined"",""type"":""unknown"",""image_quality"":{""good"":true,""frontal"":true,""good_illumination"":true}}"
9.png,66060342,"{""caption"":"""",""public_domain"":""no"",""image_url"":""""}",2245,1385,"{""name"":""polygon"",""all_points_x"":[4597,4594,4597,4600,4602,4605],""all_points_y"":[1523,1525,1555,1596,1642,1637]}","{""name"":""not_defined"",""type"":""unknown"",""image_quality"":{""good"":true,""frontal"":true,""good_illumination"":true}}"
9.png,66060342,"{""caption"":"""",""public_domain"":""no"",""image_url"":""""}",2245,1386,"{""name"":""polygon"",""all_points_x"":[4643,4639,4639,4638,4639,4641,4642,4645,4644],""all_points_y"":[1540,1540,1577,1606,1642,1687,1715,1715,1661]}","{""name"":""not_defined"",""type"":""unknown"",""image_quality"":{""good"":true,""frontal"":true,""good_illumination"":true}}"
9.png,66060342,"{""caption"":"""",""public_domain"":""no"",""image_url"":""""}",2245,1387,"{""name"":""polygon"",""all_points_x"":[4674,4654,4650,4653,4666,4677],""all_points_y"":[1638,1695,1705,1705,1671,1639]}","{""name"":""not_defined"",""type"":""unknown"",""image_quality"":{""good"":true,""frontal"":true,""good_illumination"":true}}"
9.png,66060342,"{""caption"":"""",""public_domain"":""no"",""image_url"":""""}",2245,1388,"{""name"":""polygon"",""all_points_x"":[4720,4700,4701,4720],""all_points_y"":[1682,1719,1722,1686]}","{""name"":""not_defined"",""type"":""unknown"",""image_quality"":{""good"":true,""frontal"":true,""good_illumination"":true}}"
9.png,66060342,"{""caption"":"""",""public_domain"":""no"",""image_url"":""""}",2245,1389,"{""name"":""polygon"",""all_points_x"":[4740,4727,4718,4710,4703,4704,4719,4744],""all_points_y"":[1680,1700,1715,1733,1745,1746,1720,1679]}","{""name"":""not_defined"",""type"":""unknown"",""image_quality"":{""good"":true,""frontal"":true,""good_illumination"":true}}"
9.png,66060342,"{""caption"":"""",""public_domain"":""no"",""image_url"":""""}",2245,1390,"{""name"":""polygon"",""all_points_x"":[4772,4764,4767,4776],""all_points_y"":[1548,1584,1586,1549]}","{""name"":""not_defined"",""type"":""unknown"",""image_quality"":{""good"":true,""frontal"":true,""good_illumination"":true}}"
9.png,66060342,"{""caption"":"""",""public_domain"":""no"",""image_url"":""""}",2245,1391,"{""name"":""polygon"",""all_points_x"":[4805,4791,4793,4807],""all_points_y"":[1529,1551,1552,1530]}","{""name"":""not_defined"",""type"":""unknown"",""image_quality"":{""good"":true,""frontal"":true,""good_illumination"":true}}"
9.png,66060342,"{""caption"":"""",""public_domain"":""no"",""image_url"":""""}",2245,1392,"{""name"":""polygon"",""all_points_x"":[4786,4771,4773,4787],""all_points_y"":[1566,1594,1596,1568]}","{""name"":""not_defined"",""type"":""unknown"",""image_quality"":{""good"":true,""frontal"":true,""good_illumination"":true}}"
9.png,66060342,"{""caption"":"""",""public_domain"":""no"",""image_url"":""""}",2245,1393,"{""name"":""polygon"",""all_points_x"":[4872,4868,4875,4884,4886,4880],""all_points_y"":[1320,1319,1343,1377,1377,1349]}","{""name"":""not_defined"",""type"":""unknown"",""image_quality"":{""good"":true,""frontal"":true,""good_illumination"":true}}"
9.png,66060342,"{""caption"":"""",""public_domain"":""no"",""image_url"":""""}",2245,1394,"{""name"":""polygon"",""all_points_x"":[4615,4602,4605,4617],""all_points_y"":[1284,1341,1341,1286]}","{""name"":""not_defined"",""type"":""unknown"",""image_quality"":{""good"":true,""frontal"":true,""good_illumination"":true}}"
9.png,66060342,"{""caption"":"""",""public_domain"":""no"",""image_url"":""""}",2245,1395,"{""name"":""polygon"",""all_points_x"":[4816,4819,4819,4818,4816,4814],""all_points_y"":[1355,1322,1323,1368,1384,1377]}","{""name"":""not_defined"",""type"":""unknown"",""image_quality"":{""good"":true,""frontal"":true,""good_illumination"":true}}"
9.png,66060342,"{""caption"":"""",""public_domain"":""no"",""image_url"":""""}",2245,1396,"{""name"":""polygon"",""all_points_x"":[4842,4840,4890,4891],""all_points_y"":[1420,1423,1448,1447]}","{""name"":""not_defined"",""type"":""unknown"",""image_quality"":{""good"":true,""frontal"":true,""good_illumination"":true}}"
9.png,66060342,"{""caption"":"""",""public_domain"":""no"",""image_url"":""""}",2245,1397,"{""name"":""polygon"",""all_points_x"":[5096,5094,5130,5133],""all_points_y"":[1589,1590,1682,1683]}","{""name"":""not_defined"",""type"":""unknown"",""image_quality"":{""good"":true,""frontal"":true,""good_illumination"":true}}"
9.png,66060342,"{""caption"":"""",""public_domain"":""no"",""image_url"":""""}",2245,1398,"{""name"":""polygon"",""all_points_x"":[5145,5148,5143,5140],""all_points_y"":[1676,1674,1575,1574]}","{""name"":""not_defined"",""type"":""unknown"",""image_quality"":{""good"":true,""frontal"":true,""good_illumination"":true}}"
9.png,66060342,"{""caption"":"""",""public_domain"":""no"",""image_url"":""""}",2245,1399,"{""name"":""polygon"",""all_points_x"":[5296,5256,5247,5248,5300],""all_points_y"":[1612,1685,1701,1705,1613]}","{""name"":""not_defined"",""type"":""unknown"",""image_quality"":{""good"":true,""frontal"":true,""good_illumination"":true}}"
9.png,66060342,"{""caption"":"""",""public_domain"":""no"",""image_url"":""""}",2245,1400,"{""name"":""polygon"",""all_points_x"":[4721,4729,4731,4720,4709,4698,4697,4711],""all_points_y"":[1732,1713,1715,1742,1763,1796,1794,1750]}","{""name"":""not_defined"",""type"":""unknown"",""image_quality"":{""good"":true,""frontal"":true,""good_illumination"":true}}"
9.png,66060342,"{""caption"":"""",""public_domain"":""no"",""image_url"":""""}",2245,1401,"{""name"":""polygon"",""all_points_x"":[4606,4602,4529,4517,4519,4582],""all_points_y"":[1906,1903,2036,2059,2061,1948]}","{""name"":""not_defined"",""type"":""unknown"",""image_quality"":{""good"":true,""frontal"":true,""good_illumination"":true}}"
9.png,66060342,"{""caption"":"""",""public_domain"":""no"",""image_url"":""""}",2245,1402,"{""name"":""polygon"",""all_points_x"":[4837,4802,4773,4758,4760,4837],""all_points_y"":[1945,1976,2003,2017,2017,1948]}","{""name"":""not_defined"",""type"":""unknown"",""image_quality"":{""good"":true,""frontal"":true,""good_illumination"":true}}"
9.png,66060342,"{""caption"":"""",""public_domain"":""no"",""image_url"":""""}",2245,1403,"{""name"":""polygon"",""all_points_x"":[5182,5177,5170,5156,5148,5126,5117,5121,5137,5143,5150,5167],""all_points_y"":[1945,1942,1996,2048,2080,2152,2185,2189,2133,2117,2085,2030]}","{""name"":""not_defined"",""type"":""unknown"",""image_quality"":{""good"":true,""frontal"":true,""good_illumination"":true}}"
9.png,66060342,"{""caption"":"""",""public_domain"":""no"",""image_url"":""""}",2245,1404,"{""name"":""polygon"",""all_points_x"":[5184,5182,5210,5240,5244,5241],""all_points_y"":[2013,2016,2037,2054,2053,2051]}","{""name"":""not_defined"",""type"":""unknown"",""image_quality"":{""good"":true,""frontal"":true,""good_illumination"":true}}"
9.png,66060342,"{""caption"":"""",""public_domain"":""no"",""image_url"":""""}",2245,1405,"{""name"":""polygon"",""all_points_x"":[5193,5178,5171,5170,5193],""all_points_y"":[1974,2002,2019,2022,1976]}","{""name"":""not_defined"",""type"":""unknown"",""image_quality"":{""good"":true,""frontal"":true,""good_illumination"":true}}"
9.png,66060342,"{""caption"":"""",""public_domain"":""no"",""image_url"":""""}",2245,1406,"{""name"":""polygon"",""all_points_x"":[5200,5199,5186,5181,5170,5170,5183],""all_points_y"":[1977,1976,2001,2010,2027,2029,2012]}","{""name"":""not_defined"",""type"":""unknown"",""image_quality"":{""good"":true,""frontal"":true,""good_illumination"":true}}"
9.png,66060342,"{""caption"":"""",""public_domain"":""no"",""image_url"":""""}",2245,1407,"{""name"":""polygon"",""all_points_x"":[5152,5155,5158,5155],""all_points_y"":[2148,2147,2080,2079]}","{""name"":""not_defined"",""type"":""unknown"",""image_quality"":{""good"":true,""frontal"":true,""good_illumination"":true}}"
9.png,66060342,"{""caption"":"""",""public_domain"":""no"",""image_url"":""""}",2245,1408,"{""name"":""polygon"",""all_points_x"":[5117,5066,5071,5107,5121],""all_points_y"":[2070,2170,2174,2106,2073]}","{""name"":""not_defined"",""type"":""unknown"",""image_quality"":{""good"":true,""frontal"":true,""good_illumination"":true}}"
9.png,66060342,"{""caption"":"""",""public_domain"":""no"",""image_url"":""""}",2245,1409,"{""name"":""polygon"",""all_points_x"":[4790,4784,4804,4806],""all_points_y"":[1890,1891,1972,1968]}","{""name"":""not_defined"",""type"":""unknown"",""image_quality"":{""good"":true,""frontal"":true,""good_illumination"":true}}"
9.png,66060342,"{""caption"":"""",""public_domain"":""no"",""image_url"":""""}",2245,1410,"{""name"":""polygon"",""all_points_x"":[4809,4813,4816,4808,4807],""all_points_y"":[1989,2005,2005,1976,1978]}","{""name"":""not_defined"",""type"":""unknown"",""image_quality"":{""good"":true,""frontal"":true,""good_illumination"":true}}"
9.png,66060342,"{""caption"":"""",""public_domain"":""no"",""image_url"":""""}",2245,1411,"{""name"":""polygon"",""all_points_x"":[4756,4755,4756,4753,4756,4760],""all_points_y"":[1809,1888,1937,1975,1971,1808]}","{""name"":""not_defined"",""type"":""unknown"",""image_quality"":{""good"":true,""frontal"":true,""good_illumination"":true}}"
9.png,66060342,"{""caption"":"""",""public_domain"":""no"",""image_url"":""""}",2245,1412,"{""name"":""polygon"",""all_points_x"":[4680,4653,4634,4631,4619,4608,4610,4622,4634,4682],""all_points_y"":[1789,1836,1876,1880,1890,1903,1905,1890,1881,1792]}","{""name"":""not_defined"",""type"":""unknown"",""image_quality"":{""good"":true,""frontal"":true,""good_illumination"":true}}"
9.png,66060342,"{""caption"":"""",""public_domain"":""no"",""image_url"":""""}",2245,1413,"{""name"":""polygon"",""all_points_x"":[4634,4642,4645,4629,4616,4611,4586,4582],""all_points_y"":[1895,1875,1875,1914,1947,1960,2015,2011]}","{""name"":""not_defined"",""type"":""unknown"",""image_quality"":{""good"":true,""frontal"":true,""good_illumination"":true}}"
9.png,66060342,"{""caption"":"""",""public_domain"":""no"",""image_url"":""""}",2245,1414,"{""name"":""polygon"",""all_points_x"":[4799,4797,4790,4786,4787,4797,4801],""all_points_y"":[1767,1792,1821,1842,1842,1802,1768]}","{""name"":""not_defined"",""type"":""unknown"",""image_quality"":{""good"":true,""frontal"":true,""good_illumination"":true}}"
9.png,66060342,"{""caption"":"""",""public_domain"":""no"",""image_url"":""""}",2245,1415,"{""name"":""polygon"",""all_points_x"":[4781,4779,4777,4780,4780,4783,4784,4784,4780],""all_points_y"":[1752,1750,1758,1784,1811,1840,1838,1781,1760]}","{""name"":""not_defined"",""type"":""unknown"",""image_quality"":{""good"":true,""frontal"":true,""good_illumination"":true}}"
9.png,66060342,"{""caption"":"""",""public_domain"":""no"",""image_url"":""""}",2245,1416,"{""name"":""polygon"",""all_points_x"":[4772,4772,4773,4775,4777,4774,4773],""all_points_y"":[1780,1821,1850,1862,1861,1812,1779]}","{""name"":""not_defined"",""type"":""unknown"",""image_quality"":{""good"":true,""frontal"":true,""good_illumination"":true}}"
9.png,66060342,"{""caption"":"""",""public_domain"":""no"",""image_url"":""""}",2245,1417,"{""name"":""polygon"",""all_points_x"":[4814,4804,4806,4817],""all_points_y"":[1817,1871,1872,1815]}","{""name"":""not_defined"",""type"":""unknown"",""image_quality"":{""good"":true,""frontal"":true,""good_illumination"":true}}"
9.png,66060342,"{""caption"":"""",""public_domain"":""no"",""image_url"":""""}",2245,1418,"{""name"":""polygon"",""all_points_x"":[4628,4619,4615,4609,4605,4600,4601,4612,4621],""all_points_y"":[1566,1586,1603,1630,1650,1680,1681,1624,1586]}","{""name"":""not_defined"",""type"":""unknown"",""image_quality"":{""good"":true,""frontal"":true,""good_illumination"":true}}"
9.png,66060342,"{""caption"":"""",""public_domain"":""no"",""image_url"":""""}",2245,1419,"{""name"":""polygon"",""all_points_x"":[4733,4735,4726,4718,4715,4726],""all_points_y"":[1500,1499,1447,1406,1410,1462]}","{""name"":""not_defined"",""type"":""unknown"",""image_quality"":{""good"":true,""frontal"":true,""good_illumination"":true}}"
9.png,66060342,"{""caption"":"""",""public_domain"":""no"",""image_url"":""""}",2245,1420,"{""name"":""polygon"",""all_points_x"":[5098,5094,5103,5114,5117,5121,5116],""all_points_y"":[1438,1440,1468,1500,1508,1508,1493]}","{""name"":""not_defined"",""type"":""unknown"",""image_quality"":{""good"":true,""frontal"":true,""good_illumination"":true}}"
9.png,66060342,"{""caption"":"""",""public_domain"":""no"",""image_url"":""""}",2245,1421,"{""name"":""polygon"",""all_points_x"":[5152,5145,5143,5144,5149,5154],""all_points_y"":[1422,1451,1478,1478,1443,1426]}","{""name"":""not_defined"",""type"":""unknown"",""image_quality"":{""good"":true,""frontal"":true,""good_illumination"":true}}"
9.png,66060342,"{""caption"":"""",""public_domain"":""no"",""image_url"":""""}",2245,1422,"{""name"":""polygon"",""all_points_x"":[5044,5044,5055,5106,5113,5130,5132,5110],""all_points_y"":[1549,1554,1554,1555,1555,1560,1558,1552]}","{""name"":""not_defined"",""type"":""unknown"",""image_quality"":{""good"":true,""frontal"":true,""good_illumination"":true}}"
9.png,66060342,"{""caption"":"""",""public_domain"":""no"",""image_url"":""""}",2245,1423,"{""name"":""polygon"",""all_points_x"":[5119,5115,5120,5127,5130,5125],""all_points_y"":[1413,1412,1450,1500,1501,1466]}","{""name"":""not_defined"",""type"":""unknown"",""image_quality"":{""good"":true,""frontal"":true,""good_illumination"":true}}"
9.png,66060342,"{""caption"":"""",""public_domain"":""no"",""image_url"":""""}",2245,1424,"{""name"":""polygon"",""all_points_x"":[5187,5182,5188,5189],""all_points_y"":[1445,1481,1480,1445]}","{""name"":""not_defined"",""type"":""unknown"",""image_quality"":{""good"":true,""frontal"":true,""good_illumination"":true}}"
9.png,66060342,"{""caption"":"""",""public_domain"":""no"",""image_url"":""""}",2245,1425,"{""name"":""polygon"",""all_points_x"":[4596,4587,4583,4581,4577,4579,4590,4598],""all_points_y"":[1705,1744,1769,1809,1843,1843,1754,1705]}","{""name"":""not_defined"",""type"":""unknown"",""image_quality"":{""good"":true,""frontal"":true,""good_illumination"":true}}"
9.png,66060342,"{""caption"":"""",""public_domain"":""no"",""image_url"":""""}",2245,1426,"{""name"":""polygon"",""all_points_x"":[4601,4606,4598,4593],""all_points_y"":[1742,1745,1640,1641]}","{""name"":""not_defined"",""type"":""unknown"",""image_quality"":{""good"":true,""frontal"":true,""good_illumination"":true}}"
9.png,66060342,"{""caption"":"""",""public_domain"":""no"",""image_url"":""""}",2245,1427,"{""name"":""polygon"",""all_points_x"":[4611,4616,4608,4606],""all_points_y"":[1722,1718,1668,1671]}","{""name"":""not_defined"",""type"":""unknown"",""image_quality"":{""good"":true,""frontal"":true,""good_illumination"":true}}"
9.png,66060342,"{""caption"":"""",""public_domain"":""no"",""image_url"":""""}",2245,1428,"{""name"":""polygon"",""all_points_x"":[4632,4612,4605,4595,4597,4615,4634],""all_points_y"":[1719,1757,1776,1794,1795,1760,1720]}","{""name"":""not_defined"",""type"":""unknown"",""image_quality"":{""good"":true,""frontal"":true,""good_illumination"":true}}"
9.png,66060342,"{""caption"":"""",""public_domain"":""no"",""image_url"":""""}",2245,1429,"{""name"":""polygon"",""all_points_x"":[4559,4549,4545,4549,4561],""all_points_y"":[1650,1701,1724,1723,1649]}","{""name"":""not_defined"",""type"":""unknown"",""image_quality"":{""good"":true,""frontal"":true,""good_illumination"":true}}"
9.png,66060342,"{""caption"":"""",""public_domain"":""no"",""image_url"":""""}",2245,1430,"{""name"":""polygon"",""all_points_x"":[4563,4560,4564,4566],""all_points_y"":[1684,1683,1637,1637]}","{""name"":""not_defined"",""type"":""unknown"",""image_quality"":{""good"":true,""frontal"":true,""good_illumination"":true}}"
9.png,66060342,"{""caption"":"""",""public_domain"":""no"",""image_url"":""""}",2245,1431,"{""name"":""polygon"",""all_points_x"":[4433,4422,4419,4417,4415,4419,4427,4436],""all_points_y"":[1580,1676,1723,1737,1743,1743,1676,1578]}","{""name"":""not_defined"",""type"":""unknown"",""image_quality"":{""good"":true,""frontal"":true,""good_illumination"":true}}"
9.png,66060342,"{""caption"":"""",""public_domain"":""no"",""image_url"":""""}",2245,1432,"{""name"":""polygon"",""all_points_x"":[4477,4474,4469,4472],""all_points_y"":[1585,1585,1651,1652]}","{""name"":""not_defined"",""type"":""unknown"",""image_quality"":{""good"":true,""frontal"":true,""good_illumination"":true}}"
9.png,66060342,"{""caption"":"""",""public_domain"":""no"",""image_url"":""""}",2245,1433,"{""name"":""polygon"",""all_points_x"":[4508,4511,4487,4479,4477,4496],""all_points_y"":[1690,1689,1622,1593,1596,1658]}","{""name"":""not_defined"",""type"":""unknown"",""image_quality"":{""good"":true,""frontal"":true,""good_illumination"":true}}"
9.png,66060342,"{""caption"":"""",""public_domain"":""no"",""image_url"":""""}",2245,1434,"{""name"":""polygon"",""all_points_x"":[4527,4524,4526,4530],""all_points_y"":[1670,1731,1730,1672]}","{""name"":""not_defined"",""type"":""unknown"",""image_quality"":{""good"":true,""frontal"":true,""good_illumination"":true}}"
9.png,66060342,"{""caption"":"""",""public_domain"":""no"",""image_url"":""""}",2245,1435,"{""name"":""polygon"",""all_points_x"":[4545,4521,4515,4508,4501,4498,4501,4508,4523,4547],""all_points_y"":[1633,1667,1682,1707,1740,1752,1750,1718,1668,1633]}","{""name"":""not_defined"",""type"":""unknown"",""image_quality"":{""good"":true,""frontal"":true,""good_illumination"":true}}"
9.png,66060342,"{""caption"":"""",""public_domain"":""no"",""image_url"":""""}",2245,1436,"{""name"":""polygon"",""all_points_x"":[4515,4509,4501,4503,4518],""all_points_y"":[1732,1747,1773,1774,1731]}","{""name"":""not_defined"",""type"":""unknown"",""image_quality"":{""good"":true,""frontal"":true,""good_illumination"":true}}"
9.png,66060342,"{""caption"":"""",""public_domain"":""no"",""image_url"":""""}",2245,1437,"{""name"":""polygon"",""all_points_x"":[4530,4519,4506,4508,4530],""all_points_y"":[1760,1775,1790,1791,1763]}","{""name"":""not_defined"",""type"":""unknown"",""image_quality"":{""good"":true,""frontal"":true,""good_illumination"":true}}"
9.png,66060342,"{""caption"":"""",""public_domain"":""no"",""image_url"":""""}",2245,1438,"{""name"":""polygon"",""all_points_x"":[4572,4570,4565,4563,4564],""all_points_y"":[1740,1739,1782,1819,1821]}","{""name"":""not_defined"",""type"":""unknown"",""image_quality"":{""good"":true,""frontal"":true,""good_illumination"":true}}"
9.png,66060342,"{""caption"":"""",""public_domain"":""no"",""image_url"":""""}",2245,1439,"{""name"":""polygon"",""all_points_x"":[4553,4535,4535,4562,4561],""all_points_y"":[1815,1832,1835,1809,1806]}","{""name"":""not_defined"",""type"":""unknown"",""image_quality"":{""good"":true,""frontal"":true,""good_illumination"":true}}"
9.png,66060342,"{""caption"":"""",""public_domain"":""no"",""image_url"":""""}",2245,1440,"{""name"":""polygon"",""all_points_x"":[4448,4433,4426,4418,4420,4451],""all_points_y"":[1802,1847,1868,1895,1898,1804]}","{""name"":""not_defined"",""type"":""unknown"",""image_quality"":{""good"":true,""frontal"":true,""good_illumination"":true}}"
9.png,66060342,"{""caption"":"""",""public_domain"":""no"",""image_url"":""""}",2245,1441,"{""name"":""polygon"",""all_points_x"":[4485,4478,4476,4473,4477,4481,4488],""all_points_y"":[1653,1694,1717,1744,1744,1693,1654]}","{""name"":""not_defined"",""type"":""unknown"",""image_quality"":{""good"":true,""frontal"":true,""good_illumination"":true}}"
9.png,66060342,"{""caption"":"""",""public_domain"":""no"",""image_url"":""""}",2245,1442,"{""name"":""polygon"",""all_points_x"":[4403,4400,4409,4411,4413],""all_points_y"":[1635,1635,1688,1700,1700]}","{""name"":""not_defined"",""type"":""unknown"",""image_quality"":{""good"":true,""frontal"":true,""good_illumination"":true}}"
9.png,66060342,"{""caption"":"""",""public_domain"":""no"",""image_url"":""""}",2245,1443,"{""name"":""polygon"",""all_points_x"":[4403,4393,4389,4392,4405],""all_points_y"":[1484,1540,1572,1574,1483]}","{""name"":""not_defined"",""type"":""unknown"",""image_quality"":{""good"":true,""frontal"":true,""good_illumination"":true}}"
9.png,66060342,"{""caption"":"""",""public_domain"":""no"",""image_url"":""""}",2245,1444,"{""name"":""polygon"",""all_points_x"":[4313,4308,4314,4317,4323,4327,4334,4347,4351,4340,4332,4329,4324,4321,4317],""all_points_y"":[1360,1360,1440,1482,1523,1563,1600,1677,1678,1613,1561,1534,1506,1485,1446]}","{""name"":""not_defined"",""type"":""unknown"",""image_quality"":{""good"":true,""frontal"":true,""good_illumination"":true}}"
9.png,66060342,"{""caption"":"""",""public_domain"":""no"",""image_url"":""""}",2245,1445,"{""name"":""polygon"",""all_points_x"":[4300,4304,4310,4311,4309],""all_points_y"":[1600,1600,1498,1446,1445]}","{""name"":""not_defined"",""type"":""unknown"",""image_quality"":{""good"":true,""frontal"":true,""good_illumination"":true}}"
9.png,66060342,"{""caption"":"""",""public_domain"":""no"",""image_url"":""""}",2245,1446,"{""name"":""polygon"",""all_points_x"":[4390,4381,4371,4346,4346,4381,4393],""all_points_y"":[1501,1508,1515,1532,1538,1513,1503]}","{""name"":""not_defined"",""type"":""unknown"",""image_quality"":{""good"":true,""frontal"":true,""good_illumination"":true}}"
9.png,66060342,"{""caption"":"""",""public_domain"":""no"",""image_url"":""""}",2245,1447,"{""name"":""polygon"",""all_points_x"":[4396,4393,4440,4443],""all_points_y"":[1370,1374,1423,1423]}","{""name"":""not_defined"",""type"":""unknown"",""image_quality"":{""good"":true,""frontal"":true,""good_illumination"":true}}"
9.png,66060342,"{""caption"":"""",""public_domain"":""no"",""image_url"":""""}",2245,1448,"{""name"":""polygon"",""all_points_x"":[4166,4161,4183,4199,4200,4181],""all_points_y"":[1333,1332,1376,1402,1398,1365]}","{""name"":""not_defined"",""type"":""unknown"",""image_quality"":{""good"":true,""frontal"":true,""good_illumination"":true}}"
9.png,66060342,"{""caption"":"""",""public_domain"":""no"",""image_url"":""""}",2245,1449,"{""name"":""polygon"",""all_points_x"":[4229,4227,4229,4233],""all_points_y"":[1463,1504,1505,1466]}","{""name"":""not_defined"",""type"":""unknown"",""image_quality"":{""good"":true,""frontal"":true,""good_illumination"":true}}"
9.png,66060342,"{""caption"":"""",""public_domain"":""no"",""image_url"":""""}",2245,1450,"{""name"":""polygon"",""all_points_x"":[4265,4246,4239,4241,4251,4268],""all_points_y"":[1467,1522,1550,1549,1519,1467]}","{""name"":""not_defined"",""type"":""unknown"",""image_quality"":{""good"":true,""frontal"":true,""good_illumination"":true}}"
9.png,66060342,"{""caption"":"""",""public_domain"":""no"",""image_url"":""""}",2245,1451,"{""name"":""polygon"",""all_points_x"":[4299,4281,4279,4281,4289,4301],""all_points_y"":[1493,1520,1526,1526,1514,1492]}","{""name"":""not_defined"",""type"":""unknown"",""image_quality"":{""good"":true,""frontal"":true,""good_illumination"":true}}"
9.png,66060342,"{""caption"":"""",""public_domain"":""no"",""image_url"":""""}",2245,1452,"{""name"":""polygon"",""all_points_x"":[4295,4280,4284,4295,4299],""all_points_y"":[1462,1514,1514,1476,1461]}","{""name"":""not_defined"",""type"":""unknown"",""image_quality"":{""good"":true,""frontal"":true,""good_illumination"":true}}"
9.png,66060342,"{""caption"":"""",""public_domain"":""no"",""image_url"":""""}",2245,1453,"{""name"":""polygon"",""all_points_x"":[4318,4313,4322,4325],""all_points_y"":[1117,1118,1154,1154]}","{""name"":""not_defined"",""type"":""unknown"",""image_quality"":{""good"":true,""frontal"":true,""good_illumination"":true}}"
9.png,66060342,"{""caption"":"""",""public_domain"":""no"",""image_url"":""""}",2245,1454,"{""name"":""polygon"",""all_points_x"":[4427,4419,4431,4435],""all_points_y"":[1080,1085,1109,1107]}","{""name"":""not_defined"",""type"":""unknown"",""image_quality"":{""good"":true,""frontal"":true,""good_illumination"":true}}"
9.png,66060342,"{""caption"":"""",""public_domain"":""no"",""image_url"":""""}",2245,1455,"{""name"":""polygon"",""all_points_x"":[4462,4466,4455,4453],""all_points_y"":[1178,1178,1152,1156]}","{""name"":""not_defined"",""type"":""unknown"",""image_quality"":{""good"":true,""frontal"":true,""good_illumination"":true}}"
9.png,66060342,"{""caption"":"""",""public_domain"":""no"",""image_url"":""""}",2245,1456,"{""name"":""polygon"",""all_points_x"":[4660,4657,4661,4663],""all_points_y"":[1126,1194,1194,1125]}","{""name"":""not_defined"",""type"":""unknown"",""image_quality"":{""good"":true,""frontal"":true,""good_illumination"":true}}"
9.png,66060342,"{""caption"":"""",""public_domain"":""no"",""image_url"":""""}",2245,1457,"{""name"":""polygon"",""all_points_x"":[4248,4245,4253,4261,4263,4258],""all_points_y"":[1032,1032,1077,1096,1098,1075]}","{""name"":""not_defined"",""type"":""unknown"",""image_quality"":{""good"":true,""frontal"":true,""good_illumination"":true}}"
9.png,66060342,"{""caption"":"""",""public_domain"":""no"",""image_url"":""""}",2245,1458,"{""name"":""polygon"",""all_points_x"":[4029,4023,4030,4045,4052,4059,4065,4045,4037,4031],""all_points_y"":[1053,1054,1118,1214,1269,1308,1307,1187,1131,1099]}","{""name"":""not_defined"",""type"":""unknown"",""image_quality"":{""good"":true,""frontal"":true,""good_illumination"":true}}"
9.png,66060342,"{""caption"":"""",""public_domain"":""no"",""image_url"":""""}",2245,1459,"{""name"":""polygon"",""all_points_x"":[4019,4016,4022,4033,4047,4048,4035,4024],""all_points_y"":[1100,1102,1151,1203,1253,1247,1194,1146]}","{""name"":""not_defined"",""type"":""unknown"",""image_quality"":{""good"":true,""frontal"":true,""good_illumination"":true}}"
9.png,66060342,"{""caption"":"""",""public_domain"":""no"",""image_url"":""""}",2245,1460,"{""name"":""polygon"",""all_points_x"":[4161,4195,4197,4157,4156],""all_points_y"":[1061,1113,1110,1049,1051]}","{""name"":""not_defined"",""type"":""unknown"",""image_quality"":{""good"":true,""frontal"":true,""good_illumination"":true}}"
9.png,66060342,"{""caption"":"""",""public_domain"":""no"",""image_url"":""""}",2245,1461,"{""name"":""polygon"",""all_points_x"":[3961,3961,3998,4016,4027,4055,4069,4068,4032,4016],""all_points_y"":[1375,1382,1356,1347,1345,1322,1311,1306,1337,1344]}","{""name"":""not_defined"",""type"":""unknown"",""image_quality"":{""good"":true,""frontal"":true,""good_illumination"":true}}"
9.png,66060342,"{""caption"":"""",""public_domain"":""no"",""image_url"":""""}",2245,1462,"{""name"":""polygon"",""all_points_x"":[4072,4075,4066,4063],""all_points_y"":[1359,1366,1315,1318]}","{""name"":""not_defined"",""type"":""unknown"",""image_quality"":{""good"":true,""frontal"":true,""good_illumination"":true}}"
9.png,66060342,"{""caption"":"""",""public_domain"":""no"",""image_url"":""""}",2245,1463,"{""name"":""polygon"",""all_points_x"":[4137,4122,4125,4140],""all_points_y"":[1317,1351,1352,1315]}","{""name"":""not_defined"",""type"":""unknown"",""image_quality"":{""good"":true,""frontal"":true,""good_illumination"":true}}"
9.png,66060342,"{""caption"":"""",""public_domain"":""no"",""image_url"":""""}",2245,1464,"{""name"":""polygon"",""all_points_x"":[4121,4073,4073,4126],""all_points_y"":[1274,1307,1311,1274]}","{""name"":""not_defined"",""type"":""unknown"",""image_quality"":{""good"":true,""frontal"":true,""good_illumination"":true}}"
9.png,66060342,"{""caption"":"""",""public_domain"":""no"",""image_url"":""""}",2245,1465,"{""name"":""polygon"",""all_points_x"":[4125,4113,4115,4127],""all_points_y"":[1397,1451,1455,1397]}","{""name"":""not_defined"",""type"":""unknown"",""image_quality"":{""good"":true,""frontal"":true,""good_illumination"":true}}"
9.png,66060342,"{""caption"":"""",""public_domain"":""no"",""image_url"":""""}",2245,1466,"{""name"":""polygon"",""all_points_x"":[4129,4124,4125,4129,4130,4131],""all_points_y"":[1449,1486,1514,1511,1476,1451]}","{""name"":""not_defined"",""type"":""unknown"",""image_quality"":{""good"":true,""frontal"":true,""good_illumination"":true}}"
9.png,66060342,"{""caption"":"""",""public_domain"":""no"",""image_url"":""""}",2245,1467,"{""name"":""polygon"",""all_points_x"":[4141,4135,4135,4144,4152,4160,4158],""all_points_y"":[1480,1453,1451,1478,1502,1529,1531]}","{""name"":""not_defined"",""type"":""unknown"",""image_quality"":{""good"":true,""frontal"":true,""good_illumination"":true}}"
9.png,66060342,"{""caption"":"""",""public_domain"":""no"",""image_url"":""""}",2245,1468,"{""name"":""polygon"",""all_points_x"":[4143,4141,4148,4153,4155,4149],""all_points_y"":[1380,1381,1427,1462,1460,1417]}","{""name"":""not_defined"",""type"":""unknown"",""image_quality"":{""good"":true,""frontal"":true,""good_illumination"":true}}"
9.png,66060342,"{""caption"":"""",""public_domain"":""no"",""image_url"":""""}",2245,1469,"{""name"":""polygon"",""all_points_x"":[4158,4162,4160,4152,4147,4144,4147,4153],""all_points_y"":[1434,1458,1460,1419,1391,1378,1379,1414]}","{""name"":""not_defined"",""type"":""unknown"",""image_quality"":{""good"":true,""frontal"":true,""good_illumination"":true}}"
9.png,66060342,"{""caption"":"""",""public_domain"":""no"",""image_url"":""""}",2245,1470,"{""name"":""polygon"",""all_points_x"":[4083,4085,4090,4094,4089],""all_points_y"":[1503,1510,1497,1457,1456]}","{""name"":""not_defined"",""type"":""unknown"",""image_quality"":{""good"":true,""frontal"":true,""good_illumination"":true}}"
9.png,66060342,"{""caption"":"""",""public_domain"":""no"",""image_url"":""""}",2245,1471,"{""name"":""polygon"",""all_points_x"":[4096,4094,4095,4096,4099],""all_points_y"":[1505,1505,1482,1474,1474]}","{""name"":""not_defined"",""type"":""unknown"",""image_quality"":{""good"":true,""frontal"":true,""good_illumination"":true}}"
9.png,66060342,"{""caption"":"""",""public_domain"":""no"",""image_url"":""""}",2245,1472,"{""name"":""polygon"",""all_points_x"":[3826,3821,3825,3826,3830,3828],""all_points_y"":[1474,1480,1511,1532,1532,1497]}","{""name"":""not_defined"",""type"":""unknown"",""image_quality"":{""good"":true,""frontal"":true,""good_illumination"":true}}"
9.png,66060342,"{""caption"":"""",""public_domain"":""no"",""image_url"":""""}",2245,1473,"{""name"":""polygon"",""all_points_x"":[3746,3749,3753,3756,3755],""all_points_y"":[1786,1784,1763,1741,1741]}","{""name"":""not_defined"",""type"":""unknown"",""image_quality"":{""good"":true,""frontal"":true,""good_illumination"":true}}"
9.png,66060342,"{""caption"":"""",""public_domain"":""no"",""image_url"":""""}",2245,1474,"{""name"":""polygon"",""all_points_x"":[3761,3760,3761,3760,3761,3764],""all_points_y"":[1733,1734,1743,1765,1768,1747]}","{""name"":""not_defined"",""type"":""unknown"",""image_quality"":{""good"":true,""frontal"":true,""good_illumination"":true}}"
9.png,66060342,"{""caption"":"""",""public_domain"":""no"",""image_url"":""""}",2245,1475,"{""name"":""polygon"",""all_points_x"":[3959,3964,3964,3957,3944,3942],""all_points_y"":[1774,1764,1765,1795,1849,1845]}","{""name"":""not_defined"",""type"":""unknown"",""image_quality"":{""good"":true,""frontal"":true,""good_illumination"":true}}"
9.png,66060342,"{""caption"":"""",""public_domain"":""no"",""image_url"":""""}",2245,1476,"{""name"":""polygon"",""all_points_x"":[4025,4002,4004,4027],""all_points_y"":[1782,1853,1852,1783]}","{""name"":""not_defined"",""type"":""unknown"",""image_quality"":{""good"":true,""frontal"":true,""good_illumination"":true}}"
9.png,66060342,"{""caption"":"""",""public_domain"":""no"",""image_url"":""""}",2245,1477,"{""name"":""polygon"",""all_points_x"":[4087,4083,4083,4085],""all_points_y"":[1679,1684,1734,1734]}","{""name"":""not_defined"",""type"":""unknown"",""image_quality"":{""good"":true,""frontal"":true,""good_illumination"":true}}"
9.png,66060342,"{""caption"":"""",""public_domain"":""no"",""image_url"":""""}",2245,1478,"{""name"":""polygon"",""all_points_x"":[4095,4095,4091,4094,4095,4098],""all_points_y"":[1727,1691,1691,1735,1764,1763]}","{""name"":""not_defined"",""type"":""unknown"",""image_quality"":{""good"":true,""frontal"":true,""good_illumination"":true}}"
9.png,66060342,"{""caption"":"""",""public_domain"":""no"",""image_url"":""""}",2245,1479,"{""name"":""polygon"",""all_points_x"":[4099,4096,4099,4102],""all_points_y"":[1779,1780,1804,1803]}","{""name"":""not_defined"",""type"":""unknown"",""image_quality"":{""good"":true,""frontal"":true,""good_illumination"":true}}"
9.png,66060342,"{""caption"":"""",""public_domain"":""no"",""image_url"":""""}",2245,1480,"{""name"":""polygon"",""all_points_x"":[4115,4112,4112,4114],""all_points_y"":[1707,1707,1760,1759]}","{""name"":""not_defined"",""type"":""unknown"",""image_quality"":{""good"":true,""frontal"":true,""good_illumination"":true}}"
9.png,66060342,"{""caption"":"""",""public_domain"":""no"",""image_url"":""""}",2245,1481,"{""name"":""polygon"",""all_points_x"":[4141,4133,4135,4143],""all_points_y"":[1670,1742,1742,1686]}","{""name"":""not_defined"",""type"":""unknown"",""image_quality"":{""good"":true,""frontal"":true,""good_illumination"":true}}"
9.png,66060342,"{""caption"":"""",""public_domain"":""no"",""image_url"":""""}",2245,1482,"{""name"":""polygon"",""all_points_x"":[4158,4148,4148,4151,4154],""all_points_y"":[1645,1678,1695,1695,1675]}","{""name"":""not_defined"",""type"":""unknown"",""image_quality"":{""good"":true,""frontal"":true,""good_illumination"":true}}"
9.png,66060342,"{""caption"":"""",""public_domain"":""no"",""image_url"":""""}",2245,1483,"{""name"":""polygon"",""all_points_x"":[4231,4228,4230,4233],""all_points_y"":[1607,1607,1673,1674]}","{""name"":""not_defined"",""type"":""unknown"",""image_quality"":{""good"":true,""frontal"":true,""good_illumination"":true}}"
9.png,66060342,"{""caption"":"""",""public_domain"":""no"",""image_url"":""""}",2245,1484,"{""name"":""polygon"",""all_points_x"":[4160,4159,4205,4203],""all_points_y"":[1670,1673,1690,1686]}","{""name"":""not_defined"",""type"":""unknown"",""image_quality"":{""good"":true,""frontal"":true,""good_illumination"":true}}"
9.png,66060342,"{""caption"":"""",""public_domain"":""no"",""image_url"":""""}",2245,1485,"{""name"":""polygon"",""all_points_x"":[4388,4374,4365,4362,4364,4377,4390],""all_points_y"":[1603,1677,1736,1756,1757,1683,1603]}","{""name"":""not_defined"",""type"":""unknown"",""image_quality"":{""good"":true,""frontal"":true,""good_illumination"":true}}"
9.png,66060342,"{""caption"":"""",""public_domain"":""no"",""image_url"":""""}",2245,1486,"{""name"":""polygon"",""all_points_x"":[4330,4329,4358,4379,4408,4410,4377,4353],""all_points_y"":[1742,1743,1759,1772,1795,1794,1767,1752]}","{""name"":""not_defined"",""type"":""unknown"",""image_quality"":{""good"":true,""frontal"":true,""good_illumination"":true}}"
9.png,66060342,"{""caption"":"""",""public_domain"":""no"",""image_url"":""""}",2245,1487,"{""name"":""polygon"",""all_points_x"":[4383,4379,4380,4385],""all_points_y"":[1694,1694,1768,1770]}","{""name"":""not_defined"",""type"":""unknown"",""image_quality"":{""good"":true,""frontal"":true,""good_illumination"":true}}"
9.png,66060342,"{""caption"":"""",""public_domain"":""no"",""image_url"":""""}",2245,1488,"{""name"":""polygon"",""all_points_x"":[4381,4381,4383,4385],""all_points_y"":[1797,1777,1778,1797]}","{""name"":""not_defined"",""type"":""unknown"",""image_quality"":{""good"":true,""frontal"":true,""good_illumination"":true}}"
9.png,66060342,"{""caption"":"""",""public_domain"":""no"",""image_url"":""""}",2245,1489,"{""name"":""polygon"",""all_points_x"":[4415,4414,4415,4418],""all_points_y"":[1754,1789,1789,1750]}","{""name"":""not_defined"",""type"":""unknown"",""image_quality"":{""good"":true,""frontal"":true,""good_illumination"":true}}"
9.png,66060342,"{""caption"":"""",""public_domain"":""no"",""image_url"":""""}",2245,1490,"{""name"":""polygon"",""all_points_x"":[4460,4456,4462,4463,4467],""all_points_y"":[1683,1686,1709,1737,1734]}","{""name"":""not_defined"",""type"":""unknown"",""image_quality"":{""good"":true,""frontal"":true,""good_illumination"":true}}"
9.png,66060342,"{""caption"":"""",""public_domain"":""no"",""image_url"":""""}",2245,1491,"{""name"":""polygon"",""all_points_x"":[4453,4453,4455,4459,4456],""all_points_y"":[1705,1688,1688,1740,1738]}","{""name"":""not_defined"",""type"":""unknown"",""image_quality"":{""good"":true,""frontal"":true,""good_illumination"":true}}"
9.png,66060342,"{""caption"":"""",""public_domain"":""no"",""image_url"":""""}",2245,1492,"{""name"":""polygon"",""all_points_x"":[4433,4430,4428,4431,4433],""all_points_y"":[1728,1693,1694,1741,1740]}","{""name"":""not_defined"",""type"":""unknown"",""image_quality"":{""good"":true,""frontal"":true,""good_illumination"":true}}"
9.png,66060342,"{""caption"":"""",""public_domain"":""no"",""image_url"":""""}",2245,1493,"{""name"":""polygon"",""all_points_x"":[4448,4453,4458,4455,4451,4446],""all_points_y"":[1829,1854,1876,1876,1849,1832]}","{""name"":""not_defined"",""type"":""unknown"",""image_quality"":{""good"":true,""frontal"":true,""good_illumination"":true}}"
9.png,66060342,"{""caption"":"""",""public_domain"":""no"",""image_url"":""""}",2245,1494,"{""name"":""polygon"",""all_points_x"":[4464,4431,4433,4468],""all_points_y"":[1894,1950,1953,1895]}","{""name"":""not_defined"",""type"":""unknown"",""image_quality"":{""good"":true,""frontal"":true,""good_illumination"":true}}"
9.png,66060342,"{""caption"":"""",""public_domain"":""no"",""image_url"":""""}",2245,1495,"{""name"":""polygon"",""all_points_x"":[4310,4304,4309,4311,4314,4311],""all_points_y"":[1864,1865,1916,1927,1925,1894]}","{""name"":""not_defined"",""type"":""unknown"",""image_quality"":{""good"":true,""frontal"":true,""good_illumination"":true}}"
9.png,66060342,"{""caption"":"""",""public_domain"":""no"",""image_url"":""""}",2245,1496,"{""name"":""polygon"",""all_points_x"":[4271,4252,4254,4275],""all_points_y"":[1861,1925,1928,1864]}","{""name"":""not_defined"",""type"":""unknown"",""image_quality"":{""good"":true,""frontal"":true,""good_illumination"":true}}"
9.png,66060342,"{""caption"":"""",""public_domain"":""no"",""image_url"":""""}",2245,1497,"{""name"":""polygon"",""all_points_x"":[4169,4148,4104,4113,4157,4173],""all_points_y"":[1884,1913,1999,1998,1912,1884]}","{""name"":""not_defined"",""type"":""unknown"",""image_quality"":{""good"":true,""frontal"":true,""good_illumination"":true}}"
9.png,66060342,"{""caption"":"""",""public_domain"":""no"",""image_url"":""""}",2245,1498,"{""name"":""polygon"",""all_points_x"":[4128,4118,4112,4111,4113,4115,4131],""all_points_y"":[1832,1887,1919,1944,1945,1912,1832]}","{""name"":""not_defined"",""type"":""unknown"",""image_quality"":{""good"":true,""frontal"":true,""good_illumination"":true}}"
9.png,66060342,"{""caption"":"""",""public_domain"":""no"",""image_url"":""""}",2245,1499,"{""name"":""polygon"",""all_points_x"":[4225,4195,4172,4174,4200,4228],""all_points_y"":[1782,1813,1847,1848,1813,1786]}","{""name"":""not_defined"",""type"":""unknown"",""image_quality"":{""good"":true,""frontal"":true,""good_illumination"":true}}"
9.png,66060342,"{""caption"":"""",""public_domain"":""no"",""image_url"":""""}",2245,1500,"{""name"":""polygon"",""all_points_x"":[4178,4177,4180,4182,4181,4181],""all_points_y"":[1757,1783,1812,1812,1779,1754]}","{""name"":""not_defined"",""type"":""unknown"",""image_quality"":{""good"":true,""frontal"":true,""good_illumination"":true}}"
9.png,66060342,"{""caption"":"""",""public_domain"":""no"",""image_url"":""""}",2245,1501,"{""name"":""polygon"",""all_points_x"":[4006,4006,4007,4005,4009,4010,4009],""all_points_y"":[1619,1659,1712,1732,1731,1703,1620]}","{""name"":""not_defined"",""type"":""unknown"",""image_quality"":{""good"":true,""frontal"":true,""good_illumination"":true}}"
9.png,66060342,"{""caption"":"""",""public_domain"":""no"",""image_url"":""""}",2245,1502,"{""name"":""polygon"",""all_points_x"":[4039,4040,4060,4063,4061],""all_points_y"":[1570,1572,1518,1505,1505]}","{""name"":""not_defined"",""type"":""unknown"",""image_quality"":{""good"":true,""frontal"":true,""good_illumination"":true}}"
9.png,66060342,"{""caption"":"""",""public_domain"":""no"",""image_url"":""""}",2245,1503,"{""name"":""polygon"",""all_points_x"":[4025,4022,4045,4047],""all_points_y"":[1470,1473,1520,1519]}","{""name"":""not_defined"",""type"":""unknown"",""image_quality"":{""good"":true,""frontal"":true,""good_illumination"":true}}"
9.png,66060342,"{""caption"":"""",""public_domain"":""no"",""image_url"":""""}",2245,1504,"{""name"":""polygon"",""all_points_x"":[4013,4011,4024,4031,4033,4026,4021],""all_points_y"":[1466,1468,1510,1541,1540,1504,1488]}","{""name"":""not_defined"",""type"":""unknown"",""image_quality"":{""good"":true,""frontal"":true,""good_illumination"":true}}"
9.png,66060342,"{""caption"":"""",""public_domain"":""no"",""image_url"":""""}",2245,1505,"{""name"":""polygon"",""all_points_x"":[3994,3990,3992,3994,3996],""all_points_y"":[1474,1475,1532,1574,1574]}","{""name"":""not_defined"",""type"":""unknown"",""image_quality"":{""good"":true,""frontal"":true,""good_illumination"":true}}"
9.png,66060342,"{""caption"":"""",""public_domain"":""no"",""image_url"":""""}",2245,1506,"{""name"":""polygon"",""all_points_x"":[4010,4014,4016,4011,4010,4007],""all_points_y"":[1506,1486,1487,1526,1548,1544]}","{""name"":""not_defined"",""type"":""unknown"",""image_quality"":{""good"":true,""frontal"":true,""good_illumination"":true}}"
9.png,66060342,"{""caption"":"""",""public_domain"":""no"",""image_url"":""""}",2245,1507,"{""name"":""polygon"",""all_points_x"":[3950,3955,3957,3953],""all_points_y"":[1393,1442,1442,1391]}","{""name"":""not_defined"",""type"":""unknown"",""image_quality"":{""good"":true,""frontal"":true,""good_illumination"":true}}"
9.png,66060342,"{""caption"":"""",""public_domain"":""no"",""image_url"":""""}",2245,1508,"{""name"":""polygon"",""all_points_x"":[3971,3969,3972,3975,3972,3973],""all_points_y"":[1393,1419,1443,1443,1418,1396]}","{""name"":""not_defined"",""type"":""unknown"",""image_quality"":{""good"":true,""frontal"":true,""good_illumination"":true}}"
9.png,66060342,"{""caption"":"""",""public_domain"":""no"",""image_url"":""""}",2245,1509,"{""name"":""polygon"",""all_points_x"":[4054,4059,4061,4069,4071,4070,4062,4062,4056],""all_points_y"":[1341,1360,1375,1411,1408,1397,1367,1356,1340]}","{""name"":""not_defined"",""type"":""unknown"",""image_quality"":{""good"":true,""frontal"":true,""good_illumination"":true}}"
9.png,66060342,"{""caption"":"""",""public_domain"":""no"",""image_url"":""""}",2245,1510,"{""name"":""polygon"",""all_points_x"":[3896,3895,3892,3888,3890,3898,3899],""all_points_y"":[1306,1306,1337,1370,1370,1336,1304]}","{""name"":""not_defined"",""type"":""unknown"",""image_quality"":{""good"":true,""frontal"":true,""good_illumination"":true}}"
9.png,66060342,"{""caption"":"""",""public_domain"":""no"",""image_url"":""""}",2245,1511,"{""name"":""polygon"",""all_points_x"":[3851,3849,3879,3899,3901],""all_points_y"":[1135,1137,1187,1218,1216]}","{""name"":""not_defined"",""type"":""unknown"",""image_quality"":{""good"":true,""frontal"":true,""good_illumination"":true}}"
9.png,66060342,"{""caption"":"""",""public_domain"":""no"",""image_url"":""""}",2245,1512,"{""name"":""polygon"",""all_points_x"":[3882,3879,3908,3908],""all_points_y"":[1139,1141,1177,1173]}","{""name"":""not_defined"",""type"":""unknown"",""image_quality"":{""good"":true,""frontal"":true,""good_illumination"":true}}"
9.png,66060342,"{""caption"":"""",""public_domain"":""no"",""image_url"":""""}",2245,1513,"{""name"":""polygon"",""all_points_x"":[3974,3984,3988,3977],""all_points_y"":[1152,1237,1232,1151]}","{""name"":""not_defined"",""type"":""unknown"",""image_quality"":{""good"":true,""frontal"":true,""good_illumination"":true}}"
9.png,66060342,"{""caption"":"""",""public_domain"":""no"",""image_url"":""""}",2245,1514,"{""name"":""polygon"",""all_points_x"":[4046,4035,4036,4051,4050],""all_points_y"":[1084,1113,1120,1080,1077]}","{""name"":""not_defined"",""type"":""unknown"",""image_quality"":{""good"":true,""frontal"":true,""good_illumination"":true}}"
9.png,66060342,"{""caption"":"""",""public_domain"":""no"",""image_url"":""""}",2245,1515,"{""name"":""polygon"",""all_points_x"":[3965,3964,4000,4002],""all_points_y"":[1001,1002,1076,1074]}","{""name"":""not_defined"",""type"":""unknown"",""image_quality"":{""good"":true,""frontal"":true,""good_illumination"":true}}"
9.png,66060342,"{""caption"":"""",""public_domain"":""no"",""image_url"":""""}",2245,1516,"{""name"":""polygon"",""all_points_x"":[3908,3905,3928,3931],""all_points_y"":[941,943,988,983]}","{""name"":""not_defined"",""type"":""unknown"",""image_quality"":{""good"":true,""frontal"":true,""good_illumination"":true}}"
9.png,66060342,"{""caption"":"""",""public_domain"":""no"",""image_url"":""""}",2245,1517,"{""name"":""polygon"",""all_points_x"":[3937,3911,3912,3940],""all_points_y"":[898,942,943,899]}","{""name"":""not_defined"",""type"":""unknown"",""image_quality"":{""good"":true,""frontal"":true,""good_illumination"":true}}"
9.png,66060342,"{""caption"":"""",""public_domain"":""no"",""image_url"":""""}",2245,1518,"{""name"":""polygon"",""all_points_x"":[3894,3906,3906,3895],""all_points_y"":[962,949,950,964]}","{""name"":""not_defined"",""type"":""unknown"",""image_quality"":{""good"":true,""frontal"":true,""good_illumination"":true}}"
9.png,66060342,"{""caption"":"""",""public_domain"":""no"",""image_url"":""""}",2245,1519,"{""name"":""polygon"",""all_points_x"":[3865,3861,3879,3892,3895],""all_points_y"":[829,831,879,913,912]}","{""name"":""not_defined"",""type"":""unknown"",""image_quality"":{""good"":true,""frontal"":true,""good_illumination"":true}}"
9.png,66060342,"{""caption"":"""",""public_domain"":""no"",""image_url"":""""}",2245,1520,"{""name"":""polygon"",""all_points_x"":[3761,3758,3765,3769],""all_points_y"":[1166,1167,1203,1205]}","{""name"":""not_defined"",""type"":""unknown"",""image_quality"":{""good"":true,""frontal"":true,""good_illumination"":true}}"
9.png,66060342,"{""caption"":"""",""public_domain"":""no"",""image_url"":""""}",2245,1521,"{""name"":""polygon"",""all_points_x"":[3741,3739,3782,3813,3815],""all_points_y"":[1183,1185,1222,1247,1243]}","{""name"":""not_defined"",""type"":""unknown"",""image_quality"":{""good"":true,""frontal"":true,""good_illumination"":true}}"
9.png,66060342,"{""caption"":"""",""public_domain"":""no"",""image_url"":""""}",2245,1522,"{""name"":""polygon"",""all_points_x"":[3860,3858,3880,3882],""all_points_y"":[1186,1191,1220,1218]}","{""name"":""not_defined"",""type"":""unknown"",""image_quality"":{""good"":true,""frontal"":true,""good_illumination"":true}}"
9.png,66060342,"{""caption"":"""",""public_domain"":""no"",""image_url"":""""}",2245,1523,"{""name"":""polygon"",""all_points_x"":[3879,3876,3897,3900],""all_points_y"":[1081,1081,1144,1144]}","{""name"":""not_defined"",""type"":""unknown"",""image_quality"":{""good"":true,""frontal"":true,""good_illumination"":true}}"
9.png,66060342,"{""caption"":"""",""public_domain"":""no"",""image_url"":""""}",2245,1524,"{""name"":""polygon"",""all_points_x"":[3767,3767,3756,3738,3728,3708,3706,3724,3734],""all_points_y"":[1154,1157,1166,1176,1186,1224,1222,1186,1175]}","{""name"":""not_defined"",""type"":""unknown"",""image_quality"":{""good"":true,""frontal"":true,""good_illumination"":true}}"
9.png,66060342,"{""caption"":"""",""public_domain"":""no"",""image_url"":""""}",2245,1525,"{""name"":""polygon"",""all_points_x"":[3771,3767,3776,3784,3793,3801,3803,3786,3782],""all_points_y"":[1044,1043,1068,1079,1092,1106,1105,1077,1070]}","{""name"":""not_defined"",""type"":""unknown"",""image_quality"":{""good"":true,""frontal"":true,""good_illumination"":true}}"
9.png,66060342,"{""caption"":"""",""public_domain"":""no"",""image_url"":""""}",2245,1526,"{""name"":""polygon"",""all_points_x"":[3752,3761,3763,3756],""all_points_y"":[904,945,940,904]}","{""name"":""not_defined"",""type"":""unknown"",""image_quality"":{""good"":true,""frontal"":true,""good_illumination"":true}}"
9.png,66060342,"{""caption"":"""",""public_domain"":""no"",""image_url"":""""}",2245,1527,"{""name"":""polygon"",""all_points_x"":[3674,3671,3683,3685],""all_points_y"":[778,778,809,806]}","{""name"":""not_defined"",""type"":""unknown"",""image_quality"":{""good"":true,""frontal"":true,""good_illumination"":true}}"
9.png,66060342,"{""caption"":"""",""public_domain"":""no"",""image_url"":""""}",2245,1528,"{""name"":""polygon"",""all_points_x"":[3642,3639,3645,3646,3648,3647],""all_points_y"":[1508,1508,1544,1551,1551,1530]}","{""name"":""not_defined"",""type"":""unknown"",""image_quality"":{""good"":true,""frontal"":true,""good_illumination"":true}}"
9.png,66060342,"{""caption"":"""",""public_domain"":""no"",""image_url"":""""}",2245,1529,"{""name"":""polygon"",""all_points_x"":[3702,3700,3696,3693,3695,3698],""all_points_y"":[1691,1691,1715,1757,1757,1720]}","{""name"":""not_defined"",""type"":""unknown"",""image_quality"":{""good"":true,""frontal"":true,""good_illumination"":true}}"
9.png,66060342,"{""caption"":"""",""public_domain"":""no"",""image_url"":""""}",2245,1530,"{""name"":""polygon"",""all_points_x"":[4449,4443,4443,4446,4451,4446],""all_points_y"":[1389,1388,1412,1427,1427,1412]}","{""name"":""not_defined"",""type"":""unknown"",""image_quality"":{""good"":true,""frontal"":true,""good_illumination"":true}}"
9.png,66060342,"{""caption"":"""",""public_domain"":""no"",""image_url"":""""}",2245,1531,"{""name"":""polygon"",""all_points_x"":[4409,4405,4404,4408],""all_points_y"":[1842,1842,1875,1875]}","{""name"":""not_defined"",""type"":""unknown"",""image_quality"":{""good"":true,""frontal"":true,""good_illumination"":true}}"
9.png,66060342,"{""caption"":"""",""public_domain"":""no"",""image_url"":""""}",2245,1532,"{""name"":""polygon"",""all_points_x"":[4466,4462,4466,4468],""all_points_y"":[1809,1809,1843,1843]}","{""name"":""not_defined"",""type"":""unknown"",""image_quality"":{""good"":true,""frontal"":true,""good_illumination"":true}}"
9.png,66060342,"{""caption"":"""",""public_domain"":""no"",""image_url"":""""}",2245,1533,"{""name"":""polygon"",""all_points_x"":[4550,4527,4513,4518,4552],""all_points_y"":[1746,1783,1809,1808,1748]}","{""name"":""not_defined"",""type"":""unknown"",""image_quality"":{""good"":true,""frontal"":true,""good_illumination"":true}}"
9.png,66060342,"{""caption"":"""",""public_domain"":""no"",""image_url"":""""}",2245,1534,"{""name"":""polygon"",""all_points_x"":[4420,4386,4386,4420],""all_points_y"":[1617,1641,1644,1621]}","{""name"":""not_defined"",""type"":""unknown"",""image_quality"":{""good"":true,""frontal"":true,""good_illumination"":true}}"
9.png,66060342,"{""caption"":"""",""public_domain"":""no"",""image_url"":""""}",2245,1535,"{""name"":""polygon"",""all_points_x"":[4370,4360,4362,4373],""all_points_y"":[1657,1701,1701,1655]}","{""name"":""not_defined"",""type"":""unknown"",""image_quality"":{""good"":true,""frontal"":true,""good_illumination"":true}}"
9.png,66060342,"{""caption"":"""",""public_domain"":""no"",""image_url"":""""}",2245,1536,"{""name"":""polygon"",""all_points_x"":[4782,4770,4761,4762,4784],""all_points_y"":[1607,1624,1642,1643,1608]}","{""name"":""not_defined"",""type"":""unknown"",""image_quality"":{""good"":true,""frontal"":true,""good_illumination"":true}}"
9.png,66060342,"{""caption"":"""",""public_domain"":""no"",""image_url"":""""}",2245,1537,"{""name"":""polygon"",""all_points_x"":[4840,4839,4816,4819],""all_points_y"":[816,816,854,856]}","{""name"":""not_defined"",""type"":""unknown"",""image_quality"":{""good"":true,""frontal"":true,""good_illumination"":true}}"
9.png,66060342,"{""caption"":"""",""public_domain"":""no"",""image_url"":""""}",2245,1538,"{""name"":""polygon"",""all_points_x"":[4793,4765,4766,4794],""all_points_y"":[800,823,827,802]}","{""name"":""not_defined"",""type"":""unknown"",""image_quality"":{""good"":true,""frontal"":true,""good_illumination"":true}}"
9.png,66060342,"{""caption"":"""",""public_domain"":""no"",""image_url"":""""}",2245,1539,"{""name"":""polygon"",""all_points_x"":[4882,4877,4877,4880,4881,4884],""all_points_y"":[586,601,620,620,598,589]}","{""name"":""not_defined"",""type"":""unknown"",""image_quality"":{""good"":true,""frontal"":true,""good_illumination"":true}}"
9.png,66060342,"{""caption"":"""",""public_domain"":""no"",""image_url"":""""}",2245,1540,"{""name"":""polygon"",""all_points_x"":[5304,5300,5288,5290,5306],""all_points_y"":[3107,3115,3159,3161,3106]}","{""name"":""not_defined"",""type"":""unknown"",""image_quality"":{""good"":true,""frontal"":true,""good_illumination"":true}}"
9.png,66060342,"{""caption"":"""",""public_domain"":""no"",""image_url"":""""}",2245,1541,"{""name"":""polygon"",""all_points_x"":[5278,5270,5272,5282],""all_points_y"":[3188,3229,3230,3189]}","{""name"":""not_defined"",""type"":""unknown"",""image_quality"":{""good"":true,""frontal"":true,""good_illumination"":true}}"
9.png,66060342,"{""caption"":"""",""public_domain"":""no"",""image_url"":""""}",2245,1542,"{""name"":""polygon"",""all_points_x"":[5267,5225,5217,5219,5271],""all_points_y"":[3174,3234,3245,3247,3176]}","{""name"":""not_defined"",""type"":""unknown"",""image_quality"":{""good"":true,""frontal"":true,""good_illumination"":true}}"
9.png,66060342,"{""caption"":"""",""public_domain"":""no"",""image_url"":""""}",2245,1543,"{""name"":""polygon"",""all_points_x"":[5199,5202,5217,5215],""all_points_y"":[3275,3275,3248,3246]}","{""name"":""not_defined"",""type"":""unknown"",""image_quality"":{""good"":true,""frontal"":true,""good_illumination"":true}}"
9.png,66060342,"{""caption"":"""",""public_domain"":""no"",""image_url"":""""}",2245,1544,"{""name"":""polygon"",""all_points_x"":[5264,5254,5258,5268],""all_points_y"":[3249,3289,3289,3250]}","{""name"":""not_defined"",""type"":""unknown"",""image_quality"":{""good"":true,""frontal"":true,""good_illumination"":true}}"
9.png,66060342,"{""caption"":"""",""public_domain"":""no"",""image_url"":""""}",2245,1545,"{""name"":""polygon"",""all_points_x"":[5261,5216,5218,5264],""all_points_y"":[3154,3232,3233,3154]}","{""name"":""not_defined"",""type"":""unknown"",""image_quality"":{""good"":true,""frontal"":true,""good_illumination"":true}}"
9.png,66060342,"{""caption"":"""",""public_domain"":""no"",""image_url"":""""}",2245,1546,"{""name"":""polygon"",""all_points_x"":[5322,5286,5288,5327],""all_points_y"":[3399,3442,3444,3401]}","{""name"":""not_defined"",""type"":""unknown"",""image_quality"":{""good"":true,""frontal"":true,""good_illumination"":true}}"
9.png,66060342,"{""caption"":"""",""public_domain"":""no"",""image_url"":""""}",2245,1547,"{""name"":""polygon"",""all_points_x"":[5182,5177,5182,5185],""all_points_y"":[3219,3218,3278,3278]}","{""name"":""not_defined"",""type"":""unknown"",""image_quality"":{""good"":true,""frontal"":true,""good_illumination"":true}}"
9.png,66060342,"{""caption"":"""",""public_domain"":""no"",""image_url"":""""}",2245,1548,"{""name"":""polygon"",""all_points_x"":[4905,4809,4791,4790,4772,4773,4795,4906],""all_points_y"":[3474,3501,3507,3509,3564,3565,3511,3477]}","{""name"":""not_defined"",""type"":""unknown"",""image_quality"":{""good"":true,""frontal"":true,""good_illumination"":true}}"
9.png,66060342,"{""caption"":"""",""public_domain"":""no"",""image_url"":""""}",2245,1549,"{""name"":""polygon"",""all_points_x"":[4979,4967,4969,4983],""all_points_y"":[3531,3571,3571,3531]}","{""name"":""not_defined"",""type"":""unknown"",""image_quality"":{""good"":true,""frontal"":true,""good_illumination"":true}}"
9.png,66060342,"{""caption"":"""",""public_domain"":""no"",""image_url"":""""}",2245,1550,"{""name"":""polygon"",""all_points_x"":[5373,5318,5318,5374],""all_points_y"":[3534,3572,3576,3536]}","{""name"":""not_defined"",""type"":""unknown"",""image_quality"":{""good"":true,""frontal"":true,""good_illumination"":true}}"
9.png,66060342,"{""caption"":"""",""public_domain"":""no"",""image_url"":""""}",2245,1551,"{""name"":""polygon"",""all_points_x"":[5368,5340,5340,5373],""all_points_y"":[3340,3371,3373,3343]}","{""name"":""not_defined"",""type"":""unknown"",""image_quality"":{""good"":true,""frontal"":true,""good_illumination"":true}}"
9.png,66060342,"{""caption"":"""",""public_domain"":""no"",""image_url"":""""}",2245,1552,"{""name"":""polygon"",""all_points_x"":[5096,5065,5059,5059,5099],""all_points_y"":[3007,3036,3044,3048,3010]}","{""name"":""not_defined"",""type"":""unknown"",""image_quality"":{""good"":true,""frontal"":true,""good_illumination"":true}}"
9.png,66060342,"{""caption"":"""",""public_domain"":""no"",""image_url"":""""}",2245,1553,"{""name"":""polygon"",""all_points_x"":[5039,5008,5009,5042],""all_points_y"":[3065,3096,3103,3068]}","{""name"":""not_defined"",""type"":""unknown"",""image_quality"":{""good"":true,""frontal"":true,""good_illumination"":true}}"
9.png,66060342,"{""caption"":"""",""public_domain"":""no"",""image_url"":""""}",2245,1554,"{""name"":""polygon"",""all_points_x"":[5184,5178,5181,5187],""all_points_y"":[3002,3028,3030,3001]}","{""name"":""not_defined"",""type"":""unknown"",""image_quality"":{""good"":true,""frontal"":true,""good_illumination"":true}}"
9.png,66060342,"{""caption"":"""",""public_domain"":""no"",""image_url"":""""}",2245,1555,"{""name"":""polygon"",""all_points_x"":[5216,5209,5211,5218],""all_points_y"":[3178,3196,3197,3177]}","{""name"":""not_defined"",""type"":""unknown"",""image_quality"":{""good"":true,""frontal"":true,""good_illumination"":true}}"
9.png,66060342,"{""caption"":"""",""public_domain"":""no"",""image_url"":""""}",2245,1556,"{""name"":""polygon"",""all_points_x"":[5239,5232,5234,5241],""all_points_y"":[3048,3080,3080,3049]}","{""name"":""not_defined"",""type"":""unknown"",""image_quality"":{""good"":true,""frontal"":true,""good_illumination"":true}}"
9.png,66060342,"{""caption"":"""",""public_domain"":""no"",""image_url"":""""}",2245,1557,"{""name"":""polygon"",""all_points_x"":[4137,4092,4055,4036,4033,4040,4116,4146],""all_points_y"":[2827,2895,2947,2970,2975,2975,2865,2823]}","{""name"":""not_defined"",""type"":""unknown"",""image_quality"":{""good"":true,""frontal"":true,""good_illumination"":true}}"
9.png,66060342,"{""caption"":"""",""public_domain"":""no"",""image_url"":""""}",2245,1558,"{""name"":""polygon"",""all_points_x"":[4184,4152,4137,4124,4126,4187],""all_points_y"":[2768,2838,2871,2908,2909,2768]}","{""name"":""not_defined"",""type"":""unknown"",""image_quality"":{""good"":true,""frontal"":true,""good_illumination"":true}}"
9.png,66060342,"{""caption"":"""",""public_domain"":""no"",""image_url"":""""}",2245,1559,"{""name"":""polygon"",""all_points_x"":[4307,4154,4154,4307],""all_points_y"":[2823,2850,2854,2827]}","{""name"":""not_defined"",""type"":""unknown"",""image_quality"":{""good"":true,""frontal"":true,""good_illumination"":true}}"
9.png,66060342,"{""caption"":"""",""public_domain"":""no"",""image_url"":""""}",2245,1560,"{""name"":""polygon"",""all_points_x"":[4399,4345,4303,4306,4403],""all_points_y"":[2751,2778,2799,2802,2753]}","{""name"":""not_defined"",""type"":""unknown"",""image_quality"":{""good"":true,""frontal"":true,""good_illumination"":true}}"
9.png,66060342,"{""caption"":"""",""public_domain"":""no"",""image_url"":""""}",2245,1561,"{""name"":""polygon"",""all_points_x"":[4349,4351,4374,4395,4394],""all_points_y"":[2793,2794,2777,2764,2763]}","{""name"":""not_defined"",""type"":""unknown"",""image_quality"":{""good"":true,""frontal"":true,""good_illumination"":true}}"
9.png,66060342,"{""caption"":"""",""public_domain"":""no"",""image_url"":""""}",2245,1562,"{""name"":""polygon"",""all_points_x"":[4437,4350,4347,4437],""all_points_y"":[2799,2819,2823,2802]}","{""name"":""not_defined"",""type"":""unknown"",""image_quality"":{""good"":true,""frontal"":true,""good_illumination"":true}}"
9.png,66060342,"{""caption"":"""",""public_domain"":""no"",""image_url"":""""}",2245,1563,"{""name"":""polygon"",""all_points_x"":[4451,4448,4434,4435,4448,4452],""all_points_y"":[2690,2702,2719,2720,2708,2692]}","{""name"":""not_defined"",""type"":""unknown"",""image_quality"":{""good"":true,""frontal"":true,""good_illumination"":true}}"
9.png,66060342,"{""caption"":"""",""public_domain"":""no"",""image_url"":""""}",2245,1564,"{""name"":""polygon"",""all_points_x"":[4522,4484,4484,4524],""all_points_y"":[2621,2656,2659,2622]}","{""name"":""not_defined"",""type"":""unknown"",""image_quality"":{""good"":true,""frontal"":true,""good_illumination"":true}}"
9.png,66060342,"{""caption"":"""",""public_domain"":""no"",""image_url"":""""}",2245,1565,"{""name"":""polygon"",""all_points_x"":[4626,4586,4560,4544,4476,4479,4535,4590,4627],""all_points_y"":[2535,2552,2572,2584,2624,2628,2593,2555,2540]}","{""name"":""not_defined"",""type"":""unknown"",""image_quality"":{""good"":true,""frontal"":true,""good_illumination"":true}}"
9.png,66060342,"{""caption"":"""",""public_domain"":""no"",""image_url"":""""}",2245,1566,"{""name"":""polygon"",""all_points_x"":[4576,4535,4518,4502,4453,4419,4422,4478,4506,4581],""all_points_y"":[2488,2527,2543,2560,2617,2650,2651,2593,2560,2489]}","{""name"":""not_defined"",""type"":""unknown"",""image_quality"":{""good"":true,""frontal"":true,""good_illumination"":true}}"
9.png,66060342,"{""caption"":"""",""public_domain"":""no"",""image_url"":""""}",2245,1567,"{""name"":""polygon"",""all_points_x"":[4583,4541,4527,4497,4494,4524,4547,4585],""all_points_y"":[2505,2535,2547,2572,2575,2555,2533,2508]}","{""name"":""not_defined"",""type"":""unknown"",""image_quality"":{""good"":true,""frontal"":true,""good_illumination"":true}}"
9.png,66060342,"{""caption"":"""",""public_domain"":""no"",""image_url"":""""}",2245,1568,"{""name"":""polygon"",""all_points_x"":[4326,4312,4305,4290,4286,4286,4289,4312,4326],""all_points_y"":[2664,2670,2676,2693,2698,2699,2699,2672,2665]}","{""name"":""not_defined"",""type"":""unknown"",""image_quality"":{""good"":true,""frontal"":true,""good_illumination"":true}}"
9.png,66060342,"{""caption"":"""",""public_domain"":""no"",""image_url"":""""}",2245,1569,"{""name"":""polygon"",""all_points_x"":[4274,4260,4237,4211,4205,4179,4180,4208,4216,4276],""all_points_y"":[2712,2730,2758,2795,2797,2828,2831,2799,2794,2713]}","{""name"":""not_defined"",""type"":""unknown"",""image_quality"":{""good"":true,""frontal"":true,""good_illumination"":true}}"
9.png,66060342,"{""caption"":"""",""public_domain"":""no"",""image_url"":""""}",2245,1570,"{""name"":""polygon"",""all_points_x"":[4121,4095,4088,4073,4071,4024,4009,3984,3983,4010,4026,4072,4079,4127],""all_points_y"":[2761,2774,2782,2791,2796,2827,2842,2851,2853,2844,2831,2802,2791,2762]}","{""name"":""not_defined"",""type"":""unknown"",""image_quality"":{""good"":true,""frontal"":true,""good_illumination"":true}}"
9.png,66060342,"{""caption"":"""",""public_domain"":""no"",""image_url"":""""}",2245,1571,"{""name"":""polygon"",""all_points_x"":[3980,3972,3966,3944,3954,3976,3984],""all_points_y"":[2764,2812,2834,2919,2907,2816,2764]}","{""name"":""not_defined"",""type"":""unknown"",""image_quality"":{""good"":true,""frontal"":true,""good_illumination"":true}}"
9.png,66060342,"{""caption"":"""",""public_domain"":""no"",""image_url"":""""}",2245,1572,"{""name"":""polygon"",""all_points_x"":[4380,4291,4300,4383],""all_points_y"":[2488,2570,2572,2490]}","{""name"":""not_defined"",""type"":""unknown"",""image_quality"":{""good"":true,""frontal"":true,""good_illumination"":true}}"
9.png,66060342,"{""caption"":"""",""public_domain"":""no"",""image_url"":""""}",2245,1573,"{""name"":""polygon"",""all_points_x"":[4364,4311,4315,4365],""all_points_y"":[2492,2537,2538,2493]}","{""name"":""not_defined"",""type"":""unknown"",""image_quality"":{""good"":true,""frontal"":true,""good_illumination"":true}}"
9.png,66060342,"{""caption"":"""",""public_domain"":""no"",""image_url"":""""}",2245,1574,"{""name"":""polygon"",""all_points_x"":[4336,4264,4252,4230,4167,4168,4256,4341],""all_points_y"":[2478,2526,2536,2553,2604,2606,2537,2479]}","{""name"":""not_defined"",""type"":""unknown"",""image_quality"":{""good"":true,""frontal"":true,""good_illumination"":true}}"
9.png,66060342,"{""caption"":"""",""public_domain"":""no"",""image_url"":""""}",2245,1575,"{""name"":""polygon"",""all_points_x"":[4582,4552,4516,4516,4585],""all_points_y"":[2449,2468,2490,2493,2451]}","{""name"":""not_defined"",""type"":""unknown"",""image_quality"":{""good"":true,""frontal"":true,""good_illumination"":true}}"
9.png,66060342,"{""caption"":"""",""public_domain"":""no"",""image_url"":""""}",2245,1576,"{""name"":""polygon"",""all_points_x"":[4563,4563,4554,4530,4506,4483,4472,4445,4442,4479,4485,4529,4565],""all_points_y"":[2596,2595,2601,2611,2623,2630,2641,2652,2657,2640,2633,2615,2598]}","{""name"":""not_defined"",""type"":""unknown"",""image_quality"":{""good"":true,""frontal"":true,""good_illumination"":true}}"
9.png,66060342,"{""caption"":"""",""public_domain"":""no"",""image_url"":""""}",2245,1577,"{""name"":""polygon"",""all_points_x"":[4537,4526,4529,4539],""all_points_y"":[2371,2478,2479,2368]}","{""name"":""not_defined"",""type"":""unknown"",""image_quality"":{""good"":true,""frontal"":true,""good_illumination"":true}}"
9.png,66060342,"{""caption"":"""",""public_domain"":""no"",""image_url"":""""}",2245,1578,"{""name"":""polygon"",""all_points_x"":[4194,4143,4143,4195],""all_points_y"":[2556,2594,2596,2560]}","{""name"":""not_defined"",""type"":""unknown"",""image_quality"":{""good"":true,""frontal"":true,""good_illumination"":true}}"
9.png,66060342,"{""caption"":"""",""public_domain"":""no"",""image_url"":""""}",2245,1579,"{""name"":""polygon"",""all_points_x"":[4137,4138,4163,4178,4206,4238,4236,4196,4168],""all_points_y"":[2592,2594,2573,2563,2549,2523,2520,2551,2566]}","{""name"":""not_defined"",""type"":""unknown"",""image_quality"":{""good"":true,""frontal"":true,""good_illumination"":true}}"
9.png,66060342,"{""caption"":"""",""public_domain"":""no"",""image_url"":""""}",2245,1580,"{""name"":""polygon"",""all_points_x"":[4345,4298,4285,4259,4259,4299,4345],""all_points_y"":[2401,2466,2482,2501,2505,2473,2406]}","{""name"":""not_defined"",""type"":""unknown"",""image_quality"":{""good"":true,""frontal"":true,""good_illumination"":true}}"
9.png,66060342,"{""caption"":"""",""public_domain"":""no"",""image_url"":""""}",2245,1581,"{""name"":""polygon"",""all_points_x"":[4391,4351,4337,4337,4358,4395],""all_points_y"":[2488,2555,2581,2583,2549,2488]}","{""name"":""not_defined"",""type"":""unknown"",""image_quality"":{""good"":true,""frontal"":true,""good_illumination"":true}}"
9.png,66060342,"{""caption"":"""",""public_domain"":""no"",""image_url"":""""}",2245,1582,"{""name"":""polygon"",""all_points_x"":[3504,3455,3455,3508],""all_points_y"":[3276,3330,3331,3278]}","{""name"":""not_defined"",""type"":""unknown"",""image_quality"":{""good"":true,""frontal"":true,""good_illumination"":true}}"
9.png,66060342,"{""caption"":"""",""public_domain"":""no"",""image_url"":""""}",2245,1583,"{""name"":""polygon"",""all_points_x"":[3490,3460,3460,3493],""all_points_y"":[3271,3300,3302,3273]}","{""name"":""not_defined"",""type"":""unknown"",""image_quality"":{""good"":true,""frontal"":true,""good_illumination"":true}}"
9.png,66060342,"{""caption"":"""",""public_domain"":""no"",""image_url"":""""}",2245,1584,"{""name"":""polygon"",""all_points_x"":[3581,3571,3540,3541,3572,3582],""all_points_y"":[3098,3109,3163,3165,3111,3099]}","{""name"":""not_defined"",""type"":""unknown"",""image_quality"":{""good"":true,""frontal"":true,""good_illumination"":true}}"
9.png,66060342,"{""caption"":"""",""public_domain"":""no"",""image_url"":""""}",2245,1585,"{""name"":""polygon"",""all_points_x"":[3615,3598,3597,3599,3607,3617],""all_points_y"":[3053,3131,3150,3150,3100,3051]}","{""name"":""not_defined"",""type"":""unknown"",""image_quality"":{""good"":true,""frontal"":true,""good_illumination"":true}}"
9.png,66060342,"{""caption"":"""",""public_domain"":""no"",""image_url"":""""}",2245,1586,"{""name"":""polygon"",""all_points_x"":[3802,3765,3732,3720,3679,3682,3716,3803],""all_points_y"":[2872,2914,2951,2966,3018,3018,2973,2875]}","{""name"":""not_defined"",""type"":""unknown"",""image_quality"":{""good"":true,""frontal"":true,""good_illumination"":true}}"
9.png,66060342,"{""caption"":"""",""public_domain"":""no"",""image_url"":""""}",2245,1587,"{""name"":""polygon"",""all_points_x"":[3807,3775,3761,3745,3737,3735,3738,3742,3747,3762,3802,3808],""all_points_y"":[2765,2810,2842,2879,2912,2929,2932,2902,2890,2846,2775,2766]}","{""name"":""not_defined"",""type"":""unknown"",""image_quality"":{""good"":true,""frontal"":true,""good_illumination"":true}}"
9.png,66060342,"{""caption"":"""",""public_domain"":""no"",""image_url"":""""}",2245,1588,"{""name"":""polygon"",""all_points_x"":[3854,3850,3855,3859],""all_points_y"":[2777,2778,2841,2839]}","{""name"":""not_defined"",""type"":""unknown"",""image_quality"":{""good"":true,""frontal"":true,""good_illumination"":true}}"
9.png,66060342,"{""caption"":"""",""public_domain"":""no"",""image_url"":""""}",2245,1589,"{""name"":""polygon"",""all_points_x"":[3795,3784,3763,3708,3709,3795],""all_points_y"":[2894,2905,2930,2987,2989,2898]}","{""name"":""not_defined"",""type"":""unknown"",""image_quality"":{""good"":true,""frontal"":true,""good_illumination"":true}}"
9.png,66060342,"{""caption"":"""",""public_domain"":""no"",""image_url"":""""}",2245,1590,"{""name"":""polygon"",""all_points_x"":[3817,3749,3737,3735,3820],""all_points_y"":[2886,2952,2962,2967,2887]}","{""name"":""not_defined"",""type"":""unknown"",""image_quality"":{""good"":true,""frontal"":true,""good_illumination"":true}}"
9.png,66060342,"{""caption"":"""",""public_domain"":""no"",""image_url"":""""}",2245,1591,"{""name"":""polygon"",""all_points_x"":[3851,3821,3824,3854],""all_points_y"":[2886,2976,2976,2888]}","{""name"":""not_defined"",""type"":""unknown"",""image_quality"":{""good"":true,""frontal"":true,""good_illumination"":true}}"
9.png,66060342,"{""caption"":"""",""public_domain"":""no"",""image_url"":""""}",2245,1592,"{""name"":""polygon"",""all_points_x"":[3871,3866,3886,3888],""all_points_y"":[2769,2774,2787,2786]}","{""name"":""not_defined"",""type"":""unknown"",""image_quality"":{""good"":true,""frontal"":true,""good_illumination"":true}}"
9.png,66060342,"{""caption"":"""",""public_domain"":""no"",""image_url"":""""}",2245,1593,"{""name"":""polygon"",""all_points_x"":[4012,3920,3871,3853,3786,3789,3845,3897,4015],""all_points_y"":[2565,2618,2647,2659,2701,2703,2669,2638,2569]}","{""name"":""not_defined"",""type"":""unknown"",""image_quality"":{""good"":true,""frontal"":true,""good_illumination"":true}}"
9.png,66060342,"{""caption"":"""",""public_domain"":""no"",""image_url"":""""}",2245,1594,"{""name"":""polygon"",""all_points_x"":[4011,3795,3795,3829,4010],""all_points_y"":[2534,2621,2630,2619,2543]}","{""name"":""not_defined"",""type"":""unknown"",""image_quality"":{""good"":true,""frontal"":true,""good_illumination"":true}}"
9.png,66060342,"{""caption"":"""",""public_domain"":""no"",""image_url"":""""}",2245,1595,"{""name"":""polygon"",""all_points_x"":[3865,3823,3807,3808,3869],""all_points_y"":[2483,2575,2612,2613,2484]}","{""name"":""not_defined"",""type"":""unknown"",""image_quality"":{""good"":true,""frontal"":true,""good_illumination"":true}}"
9.png,66060342,"{""caption"":"""",""public_domain"":""no"",""image_url"":""""}",2245,1596,"{""name"":""polygon"",""all_points_x"":[3894,3889,3862,3858,3860,3868],""all_points_y"":[2543,2545,2515,2508,2508,2520]}","{""name"":""not_defined"",""type"":""unknown"",""image_quality"":{""good"":true,""frontal"":true,""good_illumination"":true}}"
9.png,66060342,"{""caption"":"""",""public_domain"":""no"",""image_url"":""""}",2245,1597,"{""name"":""polygon"",""all_points_x"":[3923,3900,3903,3925],""all_points_y"":[2489,2573,2573,2490]}","{""name"":""not_defined"",""type"":""unknown"",""image_quality"":{""good"":true,""frontal"":true,""good_illumination"":true}}"
9.png,66060342,"{""caption"":"""",""public_domain"":""no"",""image_url"":""""}",2245,1598,"{""name"":""polygon"",""all_points_x"":[3773,3739,3743,3778],""all_points_y"":[2525,2590,2593,2525]}","{""name"":""not_defined"",""type"":""unknown"",""image_quality"":{""good"":true,""frontal"":true,""good_illumination"":true}}"
9.png,66060342,"{""caption"":"""",""public_domain"":""no"",""image_url"":""""}",2245,1599,"{""name"":""polygon"",""all_points_x"":[3713,3692,3693,3717],""all_points_y"":[2627,2651,2654,2631]}","{""name"":""not_defined"",""type"":""unknown"",""image_quality"":{""good"":true,""frontal"":true,""good_illumination"":true}}"
9.png,66060342,"{""caption"":"""",""public_domain"":""no"",""image_url"":""""}",2245,1600,"{""name"":""polygon"",""all_points_x"":[3699,3696,3708,3709],""all_points_y"":[2673,2672,2646,2646]}","{""name"":""not_defined"",""type"":""unknown"",""image_quality"":{""good"":true,""frontal"":true,""good_illumination"":true}}"
9.png,66060342,"{""caption"":"""",""public_domain"":""no"",""image_url"":""""}",2245,1601,"{""name"":""polygon"",""all_points_x"":[3766,3754,3757,3768],""all_points_y"":[2478,2520,2520,2482]}","{""name"":""not_defined"",""type"":""unknown"",""image_quality"":{""good"":true,""frontal"":true,""good_illumination"":true}}"
9.png,66060342,"{""caption"":"""",""public_domain"":""no"",""image_url"":""""}",2245,1602,"{""name"":""polygon"",""all_points_x"":[3953,3930,3932,3957],""all_points_y"":[2434,2548,2549,2437]}","{""name"":""not_defined"",""type"":""unknown"",""image_quality"":{""good"":true,""frontal"":true,""good_illumination"":true}}"
9.png,66060342,"{""caption"":"""",""public_domain"":""no"",""image_url"":""""}",2245,1603,"{""name"":""polygon"",""all_points_x"":[3559,3535,3536,3562],""all_points_y"":[2572,2601,2604,2575]}","{""name"":""not_defined"",""type"":""unknown"",""image_quality"":{""good"":true,""frontal"":true,""good_illumination"":true}}"
9.png,66060342,"{""caption"":"""",""public_domain"":""no"",""image_url"":""""}",2245,1604,"{""name"":""polygon"",""all_points_x"":[4115,4054,4054,4122],""all_points_y"":[2489,2514,2520,2491]}","{""name"":""not_defined"",""type"":""unknown"",""image_quality"":{""good"":true,""frontal"":true,""good_illumination"":true}}"
9.png,66060342,"{""caption"":"""",""public_domain"":""no"",""image_url"":""""}",2245,1605,"{""name"":""polygon"",""all_points_x"":[4083,4077,4073,4058,4048,4050,4070,4085],""all_points_y"":[2277,2307,2326,2389,2422,2422,2359,2281]}","{""name"":""not_defined"",""type"":""unknown"",""image_quality"":{""good"":true,""frontal"":true,""good_illumination"":true}}"
9.png,66060342,"{""caption"":"""",""public_domain"":""no"",""image_url"":""""}",2245,1606,"{""name"":""polygon"",""all_points_x"":[4097,4094,4097,4099],""all_points_y"":[2166,2167,2203,2202]}","{""name"":""not_defined"",""type"":""unknown"",""image_quality"":{""good"":true,""frontal"":true,""good_illumination"":true}}"
9.png,66060342,"{""caption"":"""",""public_domain"":""no"",""image_url"":""""}",2245,1607,"{""name"":""polygon"",""all_points_x"":[4079,4062,4044,4025,4017,4007,4001,4003,4013,4021,4046,4079],""all_points_y"":[2230,2247,2265,2282,2293,2308,2313,2315,2305,2289,2266,2234]}","{""name"":""not_defined"",""type"":""unknown"",""image_quality"":{""good"":true,""frontal"":true,""good_illumination"":true}}"
9.png,66060342,"{""caption"":"""",""public_domain"":""no"",""image_url"":""""}",2245,1608,"{""name"":""polygon"",""all_points_x"":[4050,4066,4065,4039,3996,3996],""all_points_y"":[2247,2237,2241,2262,2296,2293]}","{""name"":""not_defined"",""type"":""unknown"",""image_quality"":{""good"":true,""frontal"":true,""good_illumination"":true}}"
9.png,66060342,"{""caption"":"""",""public_domain"":""no"",""image_url"":""""}",2245,1609,"{""name"":""polygon"",""all_points_x"":[4102,4076,4053,4040,4013,4013,4058,4092,4102],""all_points_y"":[2248,2267,2287,2294,2312,2314,2284,2258,2250]}","{""name"":""not_defined"",""type"":""unknown"",""image_quality"":{""good"":true,""frontal"":true,""good_illumination"":true}}"
9.png,66060342,"{""caption"":"""",""public_domain"":""no"",""image_url"":""""}",2245,1610,"{""name"":""polygon"",""all_points_x"":[4105,4101,4120,4129,4131,4117],""all_points_y"":[2285,2287,2329,2348,2347,2314]}","{""name"":""not_defined"",""type"":""unknown"",""image_quality"":{""good"":true,""frontal"":true,""good_illumination"":true}}"
9.png,66060342,"{""caption"":"""",""public_domain"":""no"",""image_url"":""""}",2245,1611,"{""name"":""polygon"",""all_points_x"":[4176,4159,4162,4179],""all_points_y"":[2227,2291,2291,2228]}","{""name"":""not_defined"",""type"":""unknown"",""image_quality"":{""good"":true,""frontal"":true,""good_illumination"":true}}"
9.png,66060342,"{""caption"":"""",""public_domain"":""no"",""image_url"":""""}",2245,1612,"{""name"":""polygon"",""all_points_x"":[4198,4176,4178,4198],""all_points_y"":[2283,2316,2318,2285]}","{""name"":""not_defined"",""type"":""unknown"",""image_quality"":{""good"":true,""frontal"":true,""good_illumination"":true}}"
9.png,66060342,"{""caption"":"""",""public_domain"":""no"",""image_url"":""""}",2245,1613,"{""name"":""polygon"",""all_points_x"":[4292,4263,4228,4218,4219,4229,4291],""all_points_y"":[2251,2283,2323,2326,2332,2326,2254]}","{""name"":""not_defined"",""type"":""unknown"",""image_quality"":{""good"":true,""frontal"":true,""good_illumination"":true}}"
9.png,66060342,"{""caption"":"""",""public_domain"":""no"",""image_url"":""""}",2245,1614,"{""name"":""polygon"",""all_points_x"":[4263,4266,4278,4275],""all_points_y"":[2314,2314,2274,2274]}","{""name"":""not_defined"",""type"":""unknown"",""image_quality"":{""good"":true,""frontal"":true,""good_illumination"":true}}"
9.png,66060342,"{""caption"":"""",""public_domain"":""no"",""image_url"":""""}",2245,1615,"{""name"":""polygon"",""all_points_x"":[4333,4319,4302,4283,4287,4327,4336],""all_points_y"":[2191,2211,2236,2268,2268,2206,2195]}","{""name"":""not_defined"",""type"":""unknown"",""image_quality"":{""good"":true,""frontal"":true,""good_illumination"":true}}"
9.png,66060342,"{""caption"":"""",""public_domain"":""no"",""image_url"":""""}",2245,1616,"{""name"":""polygon"",""all_points_x"":[4142,4140,4154,4163,4174,4194,4195,4189,4162,4154],""all_points_y"":[2084,2087,2096,2102,2109,2117,2114,2112,2098,2094]}","{""name"":""not_defined"",""type"":""unknown"",""image_quality"":{""good"":true,""frontal"":true,""good_illumination"":true}}"
9.png,66060342,"{""caption"":"""",""public_domain"":""no"",""image_url"":""""}",2245,1617,"{""name"":""polygon"",""all_points_x"":[4082,4050,4014,3985,3988,4033,4054,4085],""all_points_y"":[2096,2152,2225,2278,2280,2193,2152,2098]}","{""name"":""not_defined"",""type"":""unknown"",""image_quality"":{""good"":true,""frontal"":true,""good_illumination"":true}}"
9.png,66060342,"{""caption"":"""",""public_domain"":""no"",""image_url"":""""}",2245,1618,"{""name"":""polygon"",""all_points_x"":[4039,4035,4037,4039],""all_points_y"":[2092,2091,2120,2117]}","{""name"":""not_defined"",""type"":""unknown"",""image_quality"":{""good"":true,""frontal"":true,""good_illumination"":true}}"
9.png,66060342,"{""caption"":"""",""public_domain"":""no"",""image_url"":""""}",2245,1619,"{""name"":""polygon"",""all_points_x"":[4056,4029,4018,4018,4036,4057],""all_points_y"":[2092,2132,2150,2152,2124,2094]}","{""name"":""not_defined"",""type"":""unknown"",""image_quality"":{""good"":true,""frontal"":true,""good_illumination"":true}}"
9.png,66060342,"{""caption"":"""",""public_domain"":""no"",""image_url"":""""}",2245,1620,"{""name"":""polygon"",""all_points_x"":[4366,4343,4336,4339,4346,4368],""all_points_y"":[2128,2165,2184,2184,2165,2131]}","{""name"":""not_defined"",""type"":""unknown"",""image_quality"":{""good"":true,""frontal"":true,""good_illumination"":true}}"
9.png,66060342,"{""caption"":"""",""public_domain"":""no"",""image_url"":""""}",2245,1621,"{""name"":""polygon"",""all_points_x"":[4359,4334,4336,4361],""all_points_y"":[2157,2192,2192,2158]}","{""name"":""not_defined"",""type"":""unknown"",""image_quality"":{""good"":true,""frontal"":true,""good_illumination"":true}}"
9.png,66060342,"{""caption"":"""",""public_domain"":""no"",""image_url"":""""}",2245,1622,"{""name"":""polygon"",""all_points_x"":[4369,4367,4358,4348,4336,4324,4318,4316,4330,4356],""all_points_y"":[2159,2157,2174,2191,2207,2219,2224,2226,2218,2183]}","{""name"":""not_defined"",""type"":""unknown"",""image_quality"":{""good"":true,""frontal"":true,""good_illumination"":true}}"
9.png,66060342,"{""caption"":"""",""public_domain"":""no"",""image_url"":""""}",2245,1623,"{""name"":""polygon"",""all_points_x"":[4225,4213,4204,4189,4193,4214,4228],""all_points_y"":[2029,2080,2111,2149,2148,2097,2038]}","{""name"":""not_defined"",""type"":""unknown"",""image_quality"":{""good"":true,""frontal"":true,""good_illumination"":true}}"
9.png,66060342,"{""caption"":"""",""public_domain"":""no"",""image_url"":""""}",2245,1624,"{""name"":""polygon"",""all_points_x"":[4039,4032,4005,4003,4003,4021,4039],""all_points_y"":[1855,1861,1896,1899,1902,1882,1857]}","{""name"":""not_defined"",""type"":""unknown"",""image_quality"":{""good"":true,""frontal"":true,""good_illumination"":true}}"
9.png,66060342,"{""caption"":"""",""public_domain"":""no"",""image_url"":""""}",2245,1625,"{""name"":""polygon"",""all_points_x"":[3772,3756,3760,3774],""all_points_y"":[2085,2155,2158,2087]}","{""name"":""not_defined"",""type"":""unknown"",""image_quality"":{""good"":true,""frontal"":true,""good_illumination"":true}}"
9.png,66060342,"{""caption"":"""",""public_domain"":""no"",""image_url"":""""}",2245,1626,"{""name"":""polygon"",""all_points_x"":[3753,3741,3744,3756],""all_points_y"":[2178,2232,2232,2183]}","{""name"":""not_defined"",""type"":""unknown"",""image_quality"":{""good"":true,""frontal"":true,""good_illumination"":true}}"
9.png,66060342,"{""caption"":"""",""public_domain"":""no"",""image_url"":""""}",2245,1627,"{""name"":""polygon"",""all_points_x"":[3747,3730,3733,3750],""all_points_y"":[2178,2232,2232,2178]}","{""name"":""not_defined"",""type"":""unknown"",""image_quality"":{""good"":true,""frontal"":true,""good_illumination"":true}}"
9.png,66060342,"{""caption"":"""",""public_domain"":""no"",""image_url"":""""}",2245,1628,"{""name"":""polygon"",""all_points_x"":[3671,3670,3664,3660,3663,3671,3674],""all_points_y"":[2163,2192,2232,2270,2270,2200,2163]}","{""name"":""not_defined"",""type"":""unknown"",""image_quality"":{""good"":true,""frontal"":true,""good_illumination"":true}}"
9.png,66060342,"{""caption"":"""",""public_domain"":""no"",""image_url"":""""}",2245,1629,"{""name"":""polygon"",""all_points_x"":[3692,3690,3691,3696,3698],""all_points_y"":[2102,2102,2151,2203,2202]}","{""name"":""not_defined"",""type"":""unknown"",""image_quality"":{""good"":true,""frontal"":true,""good_illumination"":true}}"
9.png,66060342,"{""caption"":"""",""public_domain"":""no"",""image_url"":""""}",2245,1630,"{""name"":""polygon"",""all_points_x"":[3686,3656,3658,3690],""all_points_y"":[1983,2046,2048,1984]}","{""name"":""not_defined"",""type"":""unknown"",""image_quality"":{""good"":true,""frontal"":true,""good_illumination"":true}}"
9.png,66060342,"{""caption"":"""",""public_domain"":""no"",""image_url"":""""}",2245,1631,"{""name"":""polygon"",""all_points_x"":[3728,3726,3746,3756,3773,3775,3758,3751],""all_points_y"":[1931,1935,1967,1977,1999,1999,1975,1970]}","{""name"":""not_defined"",""type"":""unknown"",""image_quality"":{""good"":true,""frontal"":true,""good_illumination"":true}}"
9.png,66060342,"{""caption"":"""",""public_domain"":""no"",""image_url"":""""}",2245,1632,"{""name"":""polygon"",""all_points_x"":[3830,3829,3827,3827,3830,3833,3831,3833],""all_points_y"":[1879,1895,1898,1952,1951,1943,1892,1879]}","{""name"":""not_defined"",""type"":""unknown"",""image_quality"":{""good"":true,""frontal"":true,""good_illumination"":true}}"
9.png,66060342,"{""caption"":"""",""public_domain"":""no"",""image_url"":""""}",2245,1633,"{""name"":""polygon"",""all_points_x"":[3953,3906,3883,3883,3957],""all_points_y"":[1880,1927,1949,1951,1882]}","{""name"":""not_defined"",""type"":""unknown"",""image_quality"":{""good"":true,""frontal"":true,""good_illumination"":true}}"
9.png,66060342,"{""caption"":"""",""public_domain"":""no"",""image_url"":""""}",2245,1634,"{""name"":""polygon"",""all_points_x"":[4051,4009,4016,4053],""all_points_y"":[1863,1909,1905,1867]}","{""name"":""not_defined"",""type"":""unknown"",""image_quality"":{""good"":true,""frontal"":true,""good_illumination"":true}}"
9.png,66060342,"{""caption"":"""",""public_domain"":""no"",""image_url"":""""}",2245,1635,"{""name"":""polygon"",""all_points_x"":[4120,4109,4103,4106,4122],""all_points_y"":[1837,1901,1943,1946,1838]}","{""name"":""not_defined"",""type"":""unknown"",""image_quality"":{""good"":true,""frontal"":true,""good_illumination"":true}}"
9.png,66060342,"{""caption"":"""",""public_domain"":""no"",""image_url"":""""}",2245,1636,"{""name"":""polygon"",""all_points_x"":[4189,4187,4188,4188,4184,4192,4193,4189,4191],""all_points_y"":[1979,1979,2013,2028,2032,2051,2049,2032,2027]}","{""name"":""not_defined"",""type"":""unknown"",""image_quality"":{""good"":true,""frontal"":true,""good_illumination"":true}}"
9.png,66060342,"{""caption"":"""",""public_domain"":""no"",""image_url"":""""}",2245,1637,"{""name"":""polygon"",""all_points_x"":[4202,4203,4205,4204],""all_points_y"":[1980,2047,2047,1981]}","{""name"":""not_defined"",""type"":""unknown"",""image_quality"":{""good"":true,""frontal"":true,""good_illumination"":true}}"
9.png,66060342,"{""caption"":"""",""public_domain"":""no"",""image_url"":""""}",2245,1638,"{""name"":""polygon"",""all_points_x"":[4027,4025,4039,4063,4064],""all_points_y"":[1958,1962,1967,1977,1975]}","{""name"":""not_defined"",""type"":""unknown"",""image_quality"":{""good"":true,""frontal"":true,""good_illumination"":true}}"
9.png,66060342,"{""caption"":"""",""public_domain"":""no"",""image_url"":""""}",2245,1639,"{""name"":""polygon"",""all_points_x"":[4200,4181,4168,4158,4148,4150,4161,4177,4201],""all_points_y"":[1932,1951,1965,1974,1986,1988,1973,1962,1937]}","{""name"":""not_defined"",""type"":""unknown"",""image_quality"":{""good"":true,""frontal"":true,""good_illumination"":true}}"
9.png,66060342,"{""caption"":"""",""public_domain"":""no"",""image_url"":""""}",2245,1640,"{""name"":""polygon"",""all_points_x"":[4027,4020,4017,4009,4007,4010,4015,4023],""all_points_y"":[2083,2106,2126,2148,2162,2162,2144,2121]}","{""name"":""not_defined"",""type"":""unknown"",""image_quality"":{""good"":true,""frontal"":true,""good_illumination"":true}}"
9.png,66060342,"{""caption"":"""",""public_domain"":""no"",""image_url"":""""}",2245,1641,"{""name"":""polygon"",""all_points_x"":[4037,4039,4042,4040,4038],""all_points_y"":[2133,2170,2166,2124,2124]}","{""name"":""not_defined"",""type"":""unknown"",""image_quality"":{""good"":true,""frontal"":true,""good_illumination"":true}}"
9.png,66060342,"{""caption"":"""",""public_domain"":""no"",""image_url"":""""}",2245,1642,"{""name"":""polygon"",""all_points_x"":[3947,3933,3924,3910,3883,3885,3917,3949],""all_points_y"":[2232,2263,2281,2302,2337,2340,2297,2237]}","{""name"":""not_defined"",""type"":""unknown"",""image_quality"":{""good"":true,""frontal"":true,""good_illumination"":true}}"
9.png,66060342,"{""caption"":"""",""public_domain"":""no"",""image_url"":""""}",2245,1643,"{""name"":""polygon"",""all_points_x"":[3967,3938,3938,3955,3969],""all_points_y"":[2196,2237,2240,2218,2198]}","{""name"":""not_defined"",""type"":""unknown"",""image_quality"":{""good"":true,""frontal"":true,""good_illumination"":true}}"
9.png,66060342,"{""caption"":"""",""public_domain"":""no"",""image_url"":""""}",2245,1644,"{""name"":""polygon"",""all_points_x"":[3952,3931,3904,3894,3895,3915,3935,3950,3955],""all_points_y"":[2197,2245,2295,2314,2314,2283,2244,2214,2197]}","{""name"":""not_defined"",""type"":""unknown"",""image_quality"":{""good"":true,""frontal"":true,""good_illumination"":true}}"
9.png,66060342,"{""caption"":"""",""public_domain"":""no"",""image_url"":""""}",2245,1645,"{""name"":""polygon"",""all_points_x"":[3884,3874,3861,3851,3844,3835,3825,3829,3838,3842,3849,3854,3865,3882,3887],""all_points_y"":[2192,2205,2219,2232,2258,2275,2305,2305,2274,2270,2255,2232,2219,2202,2192]}","{""name"":""not_defined"",""type"":""unknown"",""image_quality"":{""good"":true,""frontal"":true,""good_illumination"":true}}"
9.png,66060342,"{""caption"":"""",""public_domain"":""no"",""image_url"":""""}",2245,1646,"{""name"":""polygon"",""all_points_x"":[4351,4320,4323,4355],""all_points_y"":[2282,2373,2373,2283]}","{""name"":""not_defined"",""type"":""unknown"",""image_quality"":{""good"":true,""frontal"":true,""good_illumination"":true}}"
9.png,66060342,"{""caption"":"""",""public_domain"":""no"",""image_url"":""""}",2245,1647,"{""name"":""polygon"",""all_points_x"":[4062,4047,4032,4035,4063],""all_points_y"":[2311,2345,2384,2384,2315]}","{""name"":""not_defined"",""type"":""unknown"",""image_quality"":{""good"":true,""frontal"":true,""good_illumination"":true}}"
9.png,66060342,"{""caption"":"""",""public_domain"":""no"",""image_url"":""""}",2245,1648,"{""name"":""polygon"",""all_points_x"":[3945,3924,3923,3946],""all_points_y"":[2338,2341,2343,2341]}","{""name"":""not_defined"",""type"":""unknown"",""image_quality"":{""good"":true,""frontal"":true,""good_illumination"":true}}"
9.png,66060342,"{""caption"":"""",""public_domain"":""no"",""image_url"":""""}",2245,1649,"{""name"":""polygon"",""all_points_x"":[3948,3920,3915,3917,3950],""all_points_y"":[2280,2337,2348,2351,2281]}","{""name"":""not_defined"",""type"":""unknown"",""image_quality"":{""good"":true,""frontal"":true,""good_illumination"":true}}"
9.png,66060342,"{""caption"":"""",""public_domain"":""no"",""image_url"":""""}",2245,1650,"{""name"":""polygon"",""all_points_x"":[3911,3877,3878,3916,3916],""all_points_y"":[2341,2348,2349,2341,2339]}","{""name"":""not_defined"",""type"":""unknown"",""image_quality"":{""good"":true,""frontal"":true,""good_illumination"":true}}"
9.png,66060342,"{""caption"":"""",""public_domain"":""no"",""image_url"":""""}",2245,1651,"{""name"":""polygon"",""all_points_x"":[4014,4011,4020,4021],""all_points_y"":[2347,2345,2370,2367]}","{""name"":""not_defined"",""type"":""unknown"",""image_quality"":{""good"":true,""frontal"":true,""good_illumination"":true}}"
9.png,66060342,"{""caption"":"""",""public_domain"":""no"",""image_url"":""""}",2245,1652,"{""name"":""polygon"",""all_points_x"":[4054,4058,4059,4054,4051,4049],""all_points_y"":[2306,2289,2287,2318,2333,2333]}","{""name"":""not_defined"",""type"":""unknown"",""image_quality"":{""good"":true,""frontal"":true,""good_illumination"":true}}"
9.png,66060342,"{""caption"":"""",""public_domain"":""no"",""image_url"":""""}",2245,1653,"{""name"":""polygon"",""all_points_x"":[4375,4339,4321,4295,4296,4331,4375],""all_points_y"":[2267,2282,2292,2309,2310,2289,2270]}","{""name"":""not_defined"",""type"":""unknown"",""image_quality"":{""good"":true,""frontal"":true,""good_illumination"":true}}"
9.png,66060342,"{""caption"":"""",""public_domain"":""no"",""image_url"":""""}",2245,1654,"{""name"":""polygon"",""all_points_x"":[4373,4330,4330,4374],""all_points_y"":[2254,2284,2285,2255]}","{""name"":""not_defined"",""type"":""unknown"",""image_quality"":{""good"":true,""frontal"":true,""good_illumination"":true}}"
9.png,66060342,"{""caption"":"""",""public_domain"":""no"",""image_url"":""""}",2245,1655,"{""name"":""polygon"",""all_points_x"":[4252,4234,4237,4258],""all_points_y"":[2378,2434,2434,2377]}","{""name"":""not_defined"",""type"":""unknown"",""image_quality"":{""good"":true,""frontal"":true,""good_illumination"":true}}"
9.png,66060342,"{""caption"":"""",""public_domain"":""no"",""image_url"":""""}",2245,1656,"{""name"":""polygon"",""all_points_x"":[4408,4405,4399,4399,4403,4404,4409,4413,4405,4403,4404],""all_points_y"":[2473,2473,2497,2514,2549,2553,2574,2574,2546,2505,2490]}","{""name"":""not_defined"",""type"":""unknown"",""image_quality"":{""good"":true,""frontal"":true,""good_illumination"":true}}"
9.png,66060342,"{""caption"":"""",""public_domain"":""no"",""image_url"":""""}",2245,1657,"{""name"":""polygon"",""all_points_x"":[4315,4293,4282,4285,4296,4316],""all_points_y"":[2432,2459,2478,2478,2458,2437]}","{""name"":""not_defined"",""type"":""unknown"",""image_quality"":{""good"":true,""frontal"":true,""good_illumination"":true}}"
9.png,66060342,"{""caption"":"""",""public_domain"":""no"",""image_url"":""""}",2245,1658,"{""name"":""polygon"",""all_points_x"":[4264,4267,4285,4280],""all_points_y"":[2514,2515,2488,2487]}","{""name"":""not_defined"",""type"":""unknown"",""image_quality"":{""good"":true,""frontal"":true,""good_illumination"":true}}"
9.png,66060342,"{""caption"":"""",""public_domain"":""no"",""image_url"":""""}",2245,1659,"{""name"":""polygon"",""all_points_x"":[4407,4348,4347,4402],""all_points_y"":[2445,2472,2475,2451]}","{""name"":""not_defined"",""type"":""unknown"",""image_quality"":{""good"":true,""frontal"":true,""good_illumination"":true}}"
9.png,66060342,"{""caption"":"""",""public_domain"":""no"",""image_url"":""""}",2245,1660,"{""name"":""polygon"",""all_points_x"":[4488,4475,4473,4459,4460,4466,4476,4479],""all_points_y"":[2309,2332,2346,2367,2369,2363,2348,2330]}","{""name"":""not_defined"",""type"":""unknown"",""image_quality"":{""good"":true,""frontal"":true,""good_illumination"":true}}"
9.png,66060342,"{""caption"":"""",""public_domain"":""no"",""image_url"":""""}",2245,1661,"{""name"":""polygon"",""all_points_x"":[4720,4663,4653,4657,4668,4721],""all_points_y"":[2252,2291,2304,2304,2293,2254]}","{""name"":""not_defined"",""type"":""unknown"",""image_quality"":{""good"":true,""frontal"":true,""good_illumination"":true}}"
9.png,66060342,"{""caption"":"""",""public_domain"":""no"",""image_url"":""""}",2245,1662,"{""name"":""polygon"",""all_points_x"":[4732,4676,4678,4730],""all_points_y"":[2265,2304,2306,2270]}","{""name"":""not_defined"",""type"":""unknown"",""image_quality"":{""good"":true,""frontal"":true,""good_illumination"":true}}"
9.png,66060342,"{""caption"":"""",""public_domain"":""no"",""image_url"":""""}",2245,1663,"{""name"":""polygon"",""all_points_x"":[4641,4620,4623,4644],""all_points_y"":[2318,2333,2333,2321]}","{""name"":""not_defined"",""type"":""unknown"",""image_quality"":{""good"":true,""frontal"":true,""good_illumination"":true}}"
9.png,66060342,"{""caption"":"""",""public_domain"":""no"",""image_url"":""""}",2245,1664,"{""name"":""polygon"",""all_points_x"":[4807,4767,4769,4809],""all_points_y"":[2290,2315,2318,2292]}","{""name"":""not_defined"",""type"":""unknown"",""image_quality"":{""good"":true,""frontal"":true,""good_illumination"":true}}"
9.png,66060342,"{""caption"":"""",""public_domain"":""no"",""image_url"":""""}",2245,1665,"{""name"":""polygon"",""all_points_x"":[4716,4717,4729,4726],""all_points_y"":[2315,2315,2283,2282]}","{""name"":""not_defined"",""type"":""unknown"",""image_quality"":{""good"":true,""frontal"":true,""good_illumination"":true}}"
9.png,66060342,"{""caption"":"""",""public_domain"":""no"",""image_url"":""""}",2245,1666,"{""name"":""polygon"",""all_points_x"":[4710,4712,4715,4712],""all_points_y"":[2317,2318,2285,2285]}","{""name"":""not_defined"",""type"":""unknown"",""image_quality"":{""good"":true,""frontal"":true,""good_illumination"":true}}"
9.png,66060342,"{""caption"":"""",""public_domain"":""no"",""image_url"":""""}",2245,1667,"{""name"":""polygon"",""all_points_x"":[4778,4745,4721,4720,4755,4779],""all_points_y"":[2458,2475,2489,2492,2473,2462]}","{""name"":""not_defined"",""type"":""unknown"",""image_quality"":{""good"":true,""frontal"":true,""good_illumination"":true}}"
9.png,66060342,"{""caption"":"""",""public_domain"":""no"",""image_url"":""""}",2245,1668,"{""name"":""polygon"",""all_points_x"":[4673,4674,4656,4650,4642,4630,4631,4650,4659,4675],""all_points_y"":[2485,2485,2508,2516,2531,2553,2554,2522,2507,2485]}","{""name"":""not_defined"",""type"":""unknown"",""image_quality"":{""good"":true,""frontal"":true,""good_illumination"":true}}"
9.png,66060342,"{""caption"":"""",""public_domain"":""no"",""image_url"":""""}",2245,1669,"{""name"":""polygon"",""all_points_x"":[4651,4645,4639,4630,4625,4620,4608,4611,4623,4634,4643,4649,4656],""all_points_y"":[2491,2508,2515,2538,2556,2572,2611,2613,2570,2534,2514,2508,2490]}","{""name"":""not_defined"",""type"":""unknown"",""image_quality"":{""good"":true,""frontal"":true,""good_illumination"":true}}"
9.png,66060342,"{""caption"":"""",""public_domain"":""no"",""image_url"":""""}",2245,1670,"{""name"":""polygon"",""all_points_x"":[4716,4698,4678,4679,4699,4717],""all_points_y"":[2535,2541,2540,2542,2542,2537]}","{""name"":""not_defined"",""type"":""unknown"",""image_quality"":{""good"":true,""frontal"":true,""good_illumination"":true}}"
9.png,66060342,"{""caption"":"""",""public_domain"":""no"",""image_url"":""""}",2245,1671,"{""name"":""polygon"",""all_points_x"":[4692,4671,4653,4634,4615,4616,4635,4665,4694],""all_points_y"":[2555,2570,2582,2595,2614,2615,2598,2578,2559]}","{""name"":""not_defined"",""type"":""unknown"",""image_quality"":{""good"":true,""frontal"":true,""good_illumination"":true}}"
9.png,66060342,"{""caption"":"""",""public_domain"":""no"",""image_url"":""""}",2245,1672,"{""name"":""polygon"",""all_points_x"":[4758,4740,4740,4760],""all_points_y"":[2570,2583,2585,2572]}","{""name"":""not_defined"",""type"":""unknown"",""image_quality"":{""good"":true,""frontal"":true,""good_illumination"":true}}"
9.png,66060342,"{""caption"":"""",""public_domain"":""no"",""image_url"":""""}",2245,1673,"{""name"":""polygon"",""all_points_x"":[4663,4635,4637,4666],""all_points_y"":[2387,2410,2413,2389]}","{""name"":""not_defined"",""type"":""unknown"",""image_quality"":{""good"":true,""frontal"":true,""good_illumination"":true}}"
9.png,66060342,"{""caption"":"""",""public_domain"":""no"",""image_url"":""""}",2245,1674,"{""name"":""polygon"",""all_points_x"":[4432,4430,4416,4414,4417,4420],""all_points_y"":[2450,2450,2494,2505,2505,2488]}","{""name"":""not_defined"",""type"":""unknown"",""image_quality"":{""good"":true,""frontal"":true,""good_illumination"":true}}"
9.png,66060342,"{""caption"":"""",""public_domain"":""no"",""image_url"":""""}",2245,1675,"{""name"":""polygon"",""all_points_x"":[4414,4414,4416,4416],""all_points_y"":[2514,2556,2556,2514]}","{""name"":""not_defined"",""type"":""unknown"",""image_quality"":{""good"":true,""frontal"":true,""good_illumination"":true}}"
9.png,66060342,"{""caption"":"""",""public_domain"":""no"",""image_url"":""""}",2245,1676,"{""name"":""polygon"",""all_points_x"":[4570,4544,4544,4570],""all_points_y"":[2474,2488,2490,2477]}","{""name"":""not_defined"",""type"":""unknown"",""image_quality"":{""good"":true,""frontal"":true,""good_illumination"":true}}"
9.png,66060342,"{""caption"":"""",""public_domain"":""no"",""image_url"":""""}",2245,1677,"{""name"":""polygon"",""all_points_x"":[4609,4557,4557,4612],""all_points_y"":[2581,2630,2633,2582]}","{""name"":""not_defined"",""type"":""unknown"",""image_quality"":{""good"":true,""frontal"":true,""good_illumination"":true}}"
9.png,66060342,"{""caption"":"""",""public_domain"":""no"",""image_url"":""""}",2245,1678,"{""name"":""polygon"",""all_points_x"":[4550,4514,4511,4512,4552],""all_points_y"":[2670,2683,2686,2687,2674]}","{""name"":""not_defined"",""type"":""unknown"",""image_quality"":{""good"":true,""frontal"":true,""good_illumination"":true}}"
9.png,66060342,"{""caption"":"""",""public_domain"":""no"",""image_url"":""""}",2245,1679,"{""name"":""polygon"",""all_points_x"":[4589,4611,4609,4568,4542,4538],""all_points_y"":[2615,2597,2603,2638,2662,2661]}","{""name"":""not_defined"",""type"":""unknown"",""image_quality"":{""good"":true,""frontal"":true,""good_illumination"":true}}"
9.png,66060342,"{""caption"":"""",""public_domain"":""no"",""image_url"":""""}",2245,1680,"{""name"":""polygon"",""all_points_x"":[4466,4444,4445,4466],""all_points_y"":[2711,2722,2726,2713]}","{""name"":""not_defined"",""type"":""unknown"",""image_quality"":{""good"":true,""frontal"":true,""good_illumination"":true}}"
9.png,66060342,"{""caption"":"""",""public_domain"":""no"",""image_url"":""""}",2245,1681,"{""name"":""polygon"",""all_points_x"":[4379,4358,4348,4350,4362,4381],""all_points_y"":[2739,2757,2773,2773,2757,2741]}","{""name"":""not_defined"",""type"":""unknown"",""image_quality"":{""good"":true,""frontal"":true,""good_illumination"":true}}"
9.png,66060342,"{""caption"":"""",""public_domain"":""no"",""image_url"":""""}",2245,1682,"{""name"":""polygon"",""all_points_x"":[4375,4330,4328,4374],""all_points_y"":[2726,2744,2749,2730]}","{""name"":""not_defined"",""type"":""unknown"",""image_quality"":{""good"":true,""frontal"":true,""good_illumination"":true}}"
9.png,66060342,"{""caption"":"""",""public_domain"":""no"",""image_url"":""""}",2245,1683,"{""name"":""polygon"",""all_points_x"":[4401,4364,4346,4344,4345,4382,4403],""all_points_y"":[2601,2622,2630,2630,2634,2615,2603]}","{""name"":""not_defined"",""type"":""unknown"",""image_quality"":{""good"":true,""frontal"":true,""good_illumination"":true}}"
9.png,66060342,"{""caption"":"""",""public_domain"":""no"",""image_url"":""""}",2245,1684,"{""name"":""polygon"",""all_points_x"":[4487,4460,4464,4489],""all_points_y"":[2535,2560,2562,2538]}","{""name"":""not_defined"",""type"":""unknown"",""image_quality"":{""good"":true,""frontal"":true,""good_illumination"":true}}"
9.png,66060342,"{""caption"":"""",""public_domain"":""no"",""image_url"":""""}",2245,1685,"{""name"":""polygon"",""all_points_x"":[4478,4493,4501,4525,4525,4503,4492],""all_points_y"":[2483,2478,2471,2462,2465,2474,2481]}","{""name"":""not_defined"",""type"":""unknown"",""image_quality"":{""good"":true,""frontal"":true,""good_illumination"":true}}"
9.png,66060342,"{""caption"":"""",""public_domain"":""no"",""image_url"":""""}",2245,1686,"{""name"":""polygon"",""all_points_x"":[4509,4494,4496,4512],""all_points_y"":[2364,2376,2378,2368]}","{""name"":""not_defined"",""type"":""unknown"",""image_quality"":{""good"":true,""frontal"":true,""good_illumination"":true}}"
9.png,66060342,"{""caption"":"""",""public_domain"":""no"",""image_url"":""""}",2245,1687,"{""name"":""polygon"",""all_points_x"":[4598,4588,4575,4576,4596,4600],""all_points_y"":[2371,2402,2433,2434,2393,2373]}","{""name"":""not_defined"",""type"":""unknown"",""image_quality"":{""good"":true,""frontal"":true,""good_illumination"":true}}"
9.png,66060342,"{""caption"":"""",""public_domain"":""no"",""image_url"":""""}",2245,1688,"{""name"":""polygon"",""all_points_x"":[4705,4703,4706,4708],""all_points_y"":[2188,2226,2230,2188]}","{""name"":""not_defined"",""type"":""unknown"",""image_quality"":{""good"":true,""frontal"":true,""good_illumination"":true}}"
9.png,66060342,"{""caption"":"""",""public_domain"":""no"",""image_url"":""""}",2245,1689,"{""name"":""polygon"",""all_points_x"":[4701,4702,4704,4704,4702],""all_points_y"":[2277,2270,2269,2281,2282]}","{""name"":""not_defined"",""type"":""unknown"",""image_quality"":{""good"":true,""frontal"":true,""good_illumination"":true}}"
9.png,66060342,"{""caption"":"""",""public_domain"":""no"",""image_url"":""""}",2245,1690,"{""name"":""polygon"",""all_points_x"":[4663,4663,4691,4691],""all_points_y"":[2233,2237,2240,2237]}","{""name"":""not_defined"",""type"":""unknown"",""image_quality"":{""good"":true,""frontal"":true,""good_illumination"":true}}"
9.png,66060342,"{""caption"":"""",""public_domain"":""no"",""image_url"":""""}",2245,1691,"{""name"":""polygon"",""all_points_x"":[4749,4746,4715,4690,4691],""all_points_y"":[2248,2251,2243,2236,2233]}","{""name"":""not_defined"",""type"":""unknown"",""image_quality"":{""good"":true,""frontal"":true,""good_illumination"":true}}"
9.png,66060342,"{""caption"":"""",""public_domain"":""no"",""image_url"":""""}",2245,1692,"{""name"":""polygon"",""all_points_x"":[4542,4531,4526,4530,4534,4546],""all_points_y"":[2085,2125,2151,2151,2122,2086]}","{""name"":""not_defined"",""type"":""unknown"",""image_quality"":{""good"":true,""frontal"":true,""good_illumination"":true}}"
9.png,66060342,"{""caption"":"""",""public_domain"":""no"",""image_url"":""""}",2245,1693,"{""name"":""polygon"",""all_points_x"":[4551,4541,4546,4554],""all_points_y"":[2109,2129,2133,2110]}","{""name"":""not_defined"",""type"":""unknown"",""image_quality"":{""good"":true,""frontal"":true,""good_illumination"":true}}"
9.png,66060342,"{""caption"":"""",""public_domain"":""no"",""image_url"":""""}",2245,1694,"{""name"":""polygon"",""all_points_x"":[4432,4429,4430,4431,4433],""all_points_y"":[2149,2149,2181,2201,2201]}","{""name"":""not_defined"",""type"":""unknown"",""image_quality"":{""good"":true,""frontal"":true,""good_illumination"":true}}"
9.png,66060342,"{""caption"":"""",""public_domain"":""no"",""image_url"":""""}",2245,1695,"{""name"":""polygon"",""all_points_x"":[4322,4323,4311,4308],""all_points_y"":[2156,2155,2109,2110]}","{""name"":""not_defined"",""type"":""unknown"",""image_quality"":{""good"":true,""frontal"":true,""good_illumination"":true}}"
9.png,66060342,"{""caption"":"""",""public_domain"":""no"",""image_url"":""""}",2245,1696,"{""name"":""polygon"",""all_points_x"":[4330,4308,4284,4286,4329],""all_points_y"":[2244,2269,2297,2298,2249]}","{""name"":""not_defined"",""type"":""unknown"",""image_quality"":{""good"":true,""frontal"":true,""good_illumination"":true}}"
9.png,66060342,"{""caption"":"""",""public_domain"":""no"",""image_url"":""""}",2245,1697,"{""name"":""polygon"",""all_points_x"":[4486,4436,4415,4416,4488],""all_points_y"":[2368,2399,2413,2415,2371]}","{""name"":""not_defined"",""type"":""unknown"",""image_quality"":{""good"":true,""frontal"":true,""good_illumination"":true}}"
9.png,66060342,"{""caption"":"""",""public_domain"":""no"",""image_url"":""""}",2245,1698,"{""name"":""polygon"",""all_points_x"":[4416,4403,4387,4362,4363,4397,4420],""all_points_y"":[2603,2620,2634,2652,2653,2631,2605]}","{""name"":""not_defined"",""type"":""unknown"",""image_quality"":{""good"":true,""frontal"":true,""good_illumination"":true}}"
9.png,66060342,"{""caption"":"""",""public_domain"":""no"",""image_url"":""""}",2245,1699,"{""name"":""polygon"",""all_points_x"":[4280,4280,4296,4299],""all_points_y"":[2682,2684,2683,2680]}","{""name"":""not_defined"",""type"":""unknown"",""image_quality"":{""good"":true,""frontal"":true,""good_illumination"":true}}"
9.png,66060342,"{""caption"":"""",""public_domain"":""no"",""image_url"":""""}",2245,1700,"{""name"":""polygon"",""all_points_x"":[4347,4310,4308,4343],""all_points_y"":[2670,2678,2682,2675]}","{""name"":""not_defined"",""type"":""unknown"",""image_quality"":{""good"":true,""frontal"":true,""good_illumination"":true}}"
9.png,66060342,"{""caption"":"""",""public_domain"":""no"",""image_url"":""""}",2245,1701,"{""name"":""polygon"",""all_points_x"":[3955,3954,3958,3958,3955],""all_points_y"":[2586,2568,2567,2596,2595]}","{""name"":""not_defined"",""type"":""unknown"",""image_quality"":{""good"":true,""frontal"":true,""good_illumination"":true}}"
9.png,66060342,"{""caption"":"""",""public_domain"":""no"",""image_url"":""""}",2245,1702,"{""name"":""polygon"",""all_points_x"":[3956,3959,3960,3956],""all_points_y"":[2619,2622,2605,2606]}","{""name"":""not_defined"",""type"":""unknown"",""image_quality"":{""good"":true,""frontal"":true,""good_illumination"":true}}"
9.png,66060342,"{""caption"":"""",""public_domain"":""no"",""image_url"":""""}",2245,1703,"{""name"":""polygon"",""all_points_x"":[3939,3940,3939,3942,3943,3941],""all_points_y"":[2639,2667,2692,2691,2673,2640]}","{""name"":""not_defined"",""type"":""unknown"",""image_quality"":{""good"":true,""frontal"":true,""good_illumination"":true}}"
9.png,66060342,"{""caption"":"""",""public_domain"":""no"",""image_url"":""""}",2245,1704,"{""name"":""polygon"",""all_points_x"":[3663,3651,3654,3665],""all_points_y"":[2538,2565,2566,2537]}","{""name"":""not_defined"",""type"":""unknown"",""image_quality"":{""good"":true,""frontal"":true,""good_illumination"":true}}"
9.png,66060342,"{""caption"":"""",""public_domain"":""no"",""image_url"":""""}",2245,1705,"{""name"":""polygon"",""all_points_x"":[3678,3668,3671,3681],""all_points_y"":[2511,2566,2565,2512]}","{""name"":""not_defined"",""type"":""unknown"",""image_quality"":{""good"":true,""frontal"":true,""good_illumination"":true}}"
9.png,66060342,"{""caption"":"""",""public_domain"":""no"",""image_url"":""""}",2245,1706,"{""name"":""polygon"",""all_points_x"":[4046,4044,4042,4045,4048],""all_points_y"":[2210,2177,2182,2231,2230]}","{""name"":""not_defined"",""type"":""unknown"",""image_quality"":{""good"":true,""frontal"":true,""good_illumination"":true}}"
9.png,66060342,"{""caption"":"""",""public_domain"":""no"",""image_url"":""""}",2245,1707,"{""name"":""polygon"",""all_points_x"":[3570,3567,3569,3572],""all_points_y"":[2016,2017,2095,2098]}","{""name"":""not_defined"",""type"":""unknown"",""image_quality"":{""good"":true,""frontal"":true,""good_illumination"":true}}"
9.png,66060342,"{""caption"":"""",""public_domain"":""no"",""image_url"":""""}",2245,1708,"{""name"":""polygon"",""all_points_x"":[3588,3569,3570,3586],""all_points_y"":[2087,2098,2102,2089]}","{""name"":""not_defined"",""type"":""unknown"",""image_quality"":{""good"":true,""frontal"":true,""good_illumination"":true}}"
9.png,66060342,"{""caption"":"""",""public_domain"":""no"",""image_url"":""""}",2245,1709,"{""name"":""polygon"",""all_points_x"":[3580,3579,3574,3576,3582,3581],""all_points_y"":[1994,2029,2064,2064,2025,1995]}","{""name"":""not_defined"",""type"":""unknown"",""image_quality"":{""good"":true,""frontal"":true,""good_illumination"":true}}"
9.png,66060342,"{""caption"":"""",""public_domain"":""no"",""image_url"":""""}",2245,1710,"{""name"":""polygon"",""all_points_x"":[3678,3669,3671,3680],""all_points_y"":[1964,1990,1991,1965]}","{""name"":""not_defined"",""type"":""unknown"",""image_quality"":{""good"":true,""frontal"":true,""good_illumination"":true}}"
9.png,66060342,"{""caption"":"""",""public_domain"":""no"",""image_url"":""""}",2245,1711,"{""name"":""polygon"",""all_points_x"":[3708,3705,3726,3737,3759,3761,3728],""all_points_y"":[1961,1964,1981,1986,1997,1994,1978]}","{""name"":""not_defined"",""type"":""unknown"",""image_quality"":{""good"":true,""frontal"":true,""good_illumination"":true}}"
9.png,66060342,"{""caption"":"""",""public_domain"":""no"",""image_url"":""""}",2245,1712,"{""name"":""polygon"",""all_points_x"":[3747,3756,3758,3748,3744,3738,3735],""all_points_y"":[2022,1998,1999,2024,2042,2068,2065]}","{""name"":""not_defined"",""type"":""unknown"",""image_quality"":{""good"":true,""frontal"":true,""good_illumination"":true}}"
9.png,66060342,"{""caption"":"""",""public_domain"":""no"",""image_url"":""""}",2245,1713,"{""name"":""polygon"",""all_points_x"":[3828,3808,3804,3805,3813,3829],""all_points_y"":[2100,2127,2143,2144,2124,2103]}","{""name"":""not_defined"",""type"":""unknown"",""image_quality"":{""good"":true,""frontal"":true,""good_illumination"":true}}"
9.png,66060342,"{""caption"":"""",""public_domain"":""no"",""image_url"":""""}",2245,1714,"{""name"":""polygon"",""all_points_x"":[3797,3790,3788,3790,3792,3790,3798],""all_points_y"":[2120,2143,2163,2175,2174,2162,2122]}","{""name"":""not_defined"",""type"":""unknown"",""image_quality"":{""good"":true,""frontal"":true,""good_illumination"":true}}"
9.png,66060342,"{""caption"":"""",""public_domain"":""no"",""image_url"":""""}",2245,1715,"{""name"":""polygon"",""all_points_x"":[3931,3913,3916,3935],""all_points_y"":[2218,2262,2263,2217]}","{""name"":""not_defined"",""type"":""unknown"",""image_quality"":{""good"":true,""frontal"":true,""good_illumination"":true}}"
9.png,66060342,"{""caption"":"""",""public_domain"":""no"",""image_url"":""""}",2245,1716,"{""name"":""polygon"",""all_points_x"":[3566,3563,3556,3559,3565],""all_points_y"":[2565,2564,2613,2613,2589]}","{""name"":""not_defined"",""type"":""unknown"",""image_quality"":{""good"":true,""frontal"":true,""good_illumination"":true}}"
9.png,66060342,"{""caption"":"""",""public_domain"":""no"",""image_url"":""""}",2245,1717,"{""name"":""polygon"",""all_points_x"":[3454,3451,3459,3473,3474,3473,3466],""all_points_y"":[2537,2538,2586,2652,2651,2634,2599]}","{""name"":""not_defined"",""type"":""unknown"",""image_quality"":{""good"":true,""frontal"":true,""good_illumination"":true}}"
9.png,66060342,"{""caption"":"""",""public_domain"":""no"",""image_url"":""""}",2245,1718,"{""name"":""polygon"",""all_points_x"":[3490,3460,3462,3494],""all_points_y"":[2329,2418,2419,2332]}","{""name"":""not_defined"",""type"":""unknown"",""image_quality"":{""good"":true,""frontal"":true,""good_illumination"":true}}"
9.png,66060342,"{""caption"":"""",""public_domain"":""no"",""image_url"":""""}",2245,1719,"{""name"":""polygon"",""all_points_x"":[3404,3401,3417,3421],""all_points_y"":[2578,2578,2639,2638]}","{""name"":""not_defined"",""type"":""unknown"",""image_quality"":{""good"":true,""frontal"":true,""good_illumination"":true}}"
9.png,66060342,"{""caption"":"""",""public_domain"":""no"",""image_url"":""""}",2245,1720,"{""name"":""polygon"",""all_points_x"":[3911,3854,3794,3730,3697,3698,3797,3912],""all_points_y"":[2965,3024,3082,3136,3168,3169,3085,2970]}","{""name"":""not_defined"",""type"":""unknown"",""image_quality"":{""good"":true,""frontal"":true,""good_illumination"":true}}"
9.png,66060342,"{""caption"":"""",""public_domain"":""no"",""image_url"":""""}",2245,1721,"{""name"":""polygon"",""all_points_x"":[3814,3756,3757,3816],""all_points_y"":[3128,3183,3184,3130]}","{""name"":""not_defined"",""type"":""unknown"",""image_quality"":{""good"":true,""frontal"":true,""good_illumination"":true}}"
9.png,66060342,"{""caption"":"""",""public_domain"":""no"",""image_url"":""""}",2245,1722,"{""name"":""polygon"",""all_points_x"":[3752,3762,3764,3756,3745,3744],""all_points_y"":[3157,3121,3121,3157,3183,3181]}","{""name"":""not_defined"",""type"":""unknown"",""image_quality"":{""good"":true,""frontal"":true,""good_illumination"":true}}"
9.png,66060342,"{""caption"":"""",""public_domain"":""no"",""image_url"":""""}",2245,1723,"{""name"":""polygon"",""all_points_x"":[3799,3758,3727,3701,3680,3683,3719,3734,3802],""all_points_y"":[3028,3072,3109,3152,3181,3183,3129,3106,3029]}","{""name"":""not_defined"",""type"":""unknown"",""image_quality"":{""good"":true,""frontal"":true,""good_illumination"":true}}"
9.png,66060342,"{""caption"":"""",""public_domain"":""no"",""image_url"":""""}",2245,1724,"{""name"":""polygon"",""all_points_x"":[3808,3758,3730,3694,3696,3752,3810],""all_points_y"":[2942,2999,3028,3071,3074,3010,2944]}","{""name"":""not_defined"",""type"":""unknown"",""image_quality"":{""good"":true,""frontal"":true,""good_illumination"":true}}"
9.png,66060342,"{""caption"":"""",""public_domain"":""no"",""image_url"":""""}",2245,1725,"{""name"":""polygon"",""all_points_x"":[3541,3545,3547,3543,3545,3543],""all_points_y"":[3109,3057,3057,3109,3145,3149]}","{""name"":""not_defined"",""type"":""unknown"",""image_quality"":{""good"":true,""frontal"":true,""good_illumination"":true}}"
9.png,66060342,"{""caption"":"""",""public_domain"":""no"",""image_url"":""""}",2245,1726,"{""name"":""polygon"",""all_points_x"":[3623,3576,3577,3626],""all_points_y"":[3145,3197,3198,3145]}","{""name"":""not_defined"",""type"":""unknown"",""image_quality"":{""good"":true,""frontal"":true,""good_illumination"":true}}"
9.png,66060342,"{""caption"":"""",""public_domain"":""no"",""image_url"":""""}",2245,1727,"{""name"":""polygon"",""all_points_x"":[3708,3660,3653,3656,3686,3711],""all_points_y"":[3076,3179,3198,3199,3131,3077]}","{""name"":""not_defined"",""type"":""unknown"",""image_quality"":{""good"":true,""frontal"":true,""good_illumination"":true}}"
9.png,66060342,"{""caption"":"""",""public_domain"":""no"",""image_url"":""""}",2245,1728,"{""name"":""polygon"",""all_points_x"":[3686,3679,3680,3690],""all_points_y"":[3083,3131,3131,3081]}","{""name"":""not_defined"",""type"":""unknown"",""image_quality"":{""good"":true,""frontal"":true,""good_illumination"":true}}"
9.png,66060342,"{""caption"":"""",""public_domain"":""no"",""image_url"":""""}",2245,1729,"{""name"":""polygon"",""all_points_x"":[3675,3677,3679,3678,3677,3675],""all_points_y"":[3215,3155,3153,3217,3240,3239]}","{""name"":""not_defined"",""type"":""unknown"",""image_quality"":{""good"":true,""frontal"":true,""good_illumination"":true}}"
9.png,66060342,"{""caption"":"""",""public_domain"":""no"",""image_url"":""""}",2245,1730,"{""name"":""polygon"",""all_points_x"":[3666,3657,3634,3635,3660,3668],""all_points_y"":[3196,3204,3240,3241,3204,3199]}","{""name"":""not_defined"",""type"":""unknown"",""image_quality"":{""good"":true,""frontal"":true,""good_illumination"":true}}"
9.png,66060342,"{""caption"":"""",""public_domain"":""no"",""image_url"":""""}",2245,1731,"{""name"":""polygon"",""all_points_x"":[3477,3480,3494,3491],""all_points_y"":[3213,3213,3128,3127]}","{""name"":""not_defined"",""type"":""unknown"",""image_quality"":{""good"":true,""frontal"":true,""good_illumination"":true}}"
9.png,66060342,"{""caption"":"""",""public_domain"":""no"",""image_url"":""""}",2245,1732,"{""name"":""polygon"",""all_points_x"":[3933,3931,3985,3986],""all_points_y"":[3237,3239,3255,3253]}","{""name"":""not_defined"",""type"":""unknown"",""image_quality"":{""good"":true,""frontal"":true,""good_illumination"":true}}"
9.png,66060342,"{""caption"":"""",""public_domain"":""no"",""image_url"":""""}",2245,1733,"{""name"":""polygon"",""all_points_x"":[4005,3973,3975,4009],""all_points_y"":[3009,3047,3048,3012]}","{""name"":""not_defined"",""type"":""unknown"",""image_quality"":{""good"":true,""frontal"":true,""good_illumination"":true}}"
9.png,66060342,"{""caption"":"""",""public_domain"":""no"",""image_url"":""""}",2245,1734,"{""name"":""polygon"",""all_points_x"":[3958,3953,3957,3957,3958,3961,3960],""all_points_y"":[2771,2771,2796,2847,2846,2829,2803]}","{""name"":""not_defined"",""type"":""unknown"",""image_quality"":{""good"":true,""frontal"":true,""good_illumination"":true}}"
9.png,66060342,"{""caption"":"""",""public_domain"":""no"",""image_url"":""""}",2245,1735,"{""name"":""polygon"",""all_points_x"":[3902,3886,3888,3907],""all_points_y"":[2660,2737,2738,2659]}","{""name"":""not_defined"",""type"":""unknown"",""image_quality"":{""good"":true,""frontal"":true,""good_illumination"":true}}"
9.png,66060342,"{""caption"":"""",""public_domain"":""no"",""image_url"":""""}",2245,1736,"{""name"":""polygon"",""all_points_x"":[3940,3935,3924,3918,3921,3929],""all_points_y"":[2437,2435,2499,2535,2535,2488]}","{""name"":""not_defined"",""type"":""unknown"",""image_quality"":{""good"":true,""frontal"":true,""good_illumination"":true}}"
9.png,66060342,"{""caption"":"""",""public_domain"":""no"",""image_url"":""""}",2245,1737,"{""name"":""polygon"",""all_points_x"":[3834,3831,3835,3834,3838,3837],""all_points_y"":[2382,2382,2414,2434,2434,2407]}","{""name"":""not_defined"",""type"":""unknown"",""image_quality"":{""good"":true,""frontal"":true,""good_illumination"":true}}"
9.png,66060342,"{""caption"":"""",""public_domain"":""no"",""image_url"":""""}",2245,1738,"{""name"":""polygon"",""all_points_x"":[3782,3782,3784,3785],""all_points_y"":[2289,2324,2324,2290]}","{""name"":""not_defined"",""type"":""unknown"",""image_quality"":{""good"":true,""frontal"":true,""good_illumination"":true}}"
9.png,66060342,"{""caption"":"""",""public_domain"":""no"",""image_url"":""""}",2245,1739,"{""name"":""polygon"",""all_points_x"":[3794,3791,3789,3792],""all_points_y"":[2296,2296,2323,2323]}","{""name"":""not_defined"",""type"":""unknown"",""image_quality"":{""good"":true,""frontal"":true,""good_illumination"":true}}"
9.png,66060342,"{""caption"":"""",""public_domain"":""no"",""image_url"":""""}",2245,1740,"{""name"":""polygon"",""all_points_x"":[3617,3622,3621,3615,3608,3605,3612,3616],""all_points_y"":[2325,2326,2359,2371,2396,2396,2367,2364]}","{""name"":""not_defined"",""type"":""unknown"",""image_quality"":{""good"":true,""frontal"":true,""good_illumination"":true}}"
9.png,66060342,"{""caption"":"""",""public_domain"":""no"",""image_url"":""""}",2245,1741,"{""name"":""polygon"",""all_points_x"":[3717,3704,3704,3705,3708,3719],""all_points_y"":[2270,2307,2317,2318,2306,2273]}","{""name"":""not_defined"",""type"":""unknown"",""image_quality"":{""good"":true,""frontal"":true,""good_illumination"":true}}"
9.png,66060342,"{""caption"":"""",""public_domain"":""no"",""image_url"":""""}",2245,1742,"{""name"":""polygon"",""all_points_x"":[3552,3538,3540,3554],""all_points_y"":[1925,1966,1968,1925]}","{""name"":""not_defined"",""type"":""unknown"",""image_quality"":{""good"":true,""frontal"":true,""good_illumination"":true}}"
9.png,66060342,"{""caption"":"""",""public_domain"":""no"",""image_url"":""""}",2245,1743,"{""name"":""polygon"",""all_points_x"":[3539,3535,3530,3531],""all_points_y"":[1934,1933,2012,2012]}","{""name"":""not_defined"",""type"":""unknown"",""image_quality"":{""good"":true,""frontal"":true,""good_illumination"":true}}"
9.png,66060342,"{""caption"":"""",""public_domain"":""no"",""image_url"":""""}",2245,1744,"{""name"":""polygon"",""all_points_x"":[3542,3535,3537,3545],""all_points_y"":[2072,2107,2107,2073]}","{""name"":""not_defined"",""type"":""unknown"",""image_quality"":{""good"":true,""frontal"":true,""good_illumination"":true}}"
9.png,66060342,"{""caption"":"""",""public_domain"":""no"",""image_url"":""""}",2245,1745,"{""name"":""polygon"",""all_points_x"":[3550,3568,3565,3544,3546],""all_points_y"":[2103,2191,2192,2090,2088]}","{""name"":""not_defined"",""type"":""unknown"",""image_quality"":{""good"":true,""frontal"":true,""good_illumination"":true}}"
9.png,66060342,"{""caption"":"""",""public_domain"":""no"",""image_url"":""""}",2245,1746,"{""name"":""polygon"",""all_points_x"":[3329,3327,3330,3333],""all_points_y"":[2045,2046,2099,2098]}","{""name"":""not_defined"",""type"":""unknown"",""image_quality"":{""good"":true,""frontal"":true,""good_illumination"":true}}"
9.png,66060342,"{""caption"":"""",""public_domain"":""no"",""image_url"":""""}",2245,1747,"{""name"":""polygon"",""all_points_x"":[3338,3334,3339,3343],""all_points_y"":[2191,2191,2252,2252]}","{""name"":""not_defined"",""type"":""unknown"",""image_quality"":{""good"":true,""frontal"":true,""good_illumination"":true}}"
9.png,66060342,"{""caption"":"""",""public_domain"":""no"",""image_url"":""""}",2245,1748,"{""name"":""polygon"",""all_points_x"":[3530,3522,3524,3534],""all_points_y"":[2132,2173,2172,2133]}","{""name"":""not_defined"",""type"":""unknown"",""image_quality"":{""good"":true,""frontal"":true,""good_illumination"":true}}"
9.png,66060342,"{""caption"":"""",""public_domain"":""no"",""image_url"":""""}",2245,1749,"{""name"":""polygon"",""all_points_x"":[3623,3607,3609,3627],""all_points_y"":[2452,2488,2488,2455]}","{""name"":""not_defined"",""type"":""unknown"",""image_quality"":{""good"":true,""frontal"":true,""good_illumination"":true}}"
9.png,66060342,"{""caption"":"""",""public_domain"":""no"",""image_url"":""""}",2245,1750,"{""name"":""polygon"",""all_points_x"":[3795,3778,3779,3800],""all_points_y"":[2537,2564,2566,2538]}","{""name"":""not_defined"",""type"":""unknown"",""image_quality"":{""good"":true,""frontal"":true,""good_illumination"":true}}"
9.png,66060342,"{""caption"":"""",""public_domain"":""no"",""image_url"":""""}",2245,1751,"{""name"":""polygon"",""all_points_x"":[3600,3596,3603,3605],""all_points_y"":[2462,2462,2490,2489]}","{""name"":""not_defined"",""type"":""unknown"",""image_quality"":{""good"":true,""frontal"":true,""good_illumination"":true}}"
9.png,66060342,"{""caption"":"""",""public_domain"":""no"",""image_url"":""""}",2245,1752,"{""name"":""polygon"",""all_points_x"":[3937,3944,3946,3935,3933],""all_points_y"":[2592,2572,2573,2609,2609]}","{""name"":""not_defined"",""type"":""unknown"",""image_quality"":{""good"":true,""frontal"":true,""good_illumination"":true}}"
9.png,66060342,"{""caption"":"""",""public_domain"":""no"",""image_url"":""""}",2245,1753,"{""name"":""polygon"",""all_points_x"":[3423,3424,3424,3427,3429,3426,3426,3424],""all_points_y"":[2582,2570,2561,2549,2549,2570,2611,2613]}","{""name"":""not_defined"",""type"":""unknown"",""image_quality"":{""good"":true,""frontal"":true,""good_illumination"":true}}"
9.png,66060342,"{""caption"":"""",""public_domain"":""no"",""image_url"":""""}",2245,1754,"{""name"":""polygon"",""all_points_x"":[3540,3536,3530,3531,3537,3540,3535,3534,3533],""all_points_y"":[2555,2555,2582,2596,2633,2632,2605,2591,2583]}","{""name"":""not_defined"",""type"":""unknown"",""image_quality"":{""good"":true,""frontal"":true,""good_illumination"":true}}"
9.png,66060342,"{""caption"":"""",""public_domain"":""no"",""image_url"":""""}",2245,1755,"{""name"":""polygon"",""all_points_x"":[3463,3442,3444,3464],""all_points_y"":[2730,2778,2778,2731]}","{""name"":""not_defined"",""type"":""unknown"",""image_quality"":{""good"":true,""frontal"":true,""good_illumination"":true}}"
9.png,66060342,"{""caption"":"""",""public_domain"":""no"",""image_url"":""""}",2245,1756,"{""name"":""polygon"",""all_points_x"":[3490,3453,3451,3491],""all_points_y"":[2277,2286,2289,2278]}","{""name"":""not_defined"",""type"":""unknown"",""image_quality"":{""good"":true,""frontal"":true,""good_illumination"":true}}"
9.png,66060342,"{""caption"":"""",""public_domain"":""no"",""image_url"":""""}",2245,1757,"{""name"":""polygon"",""all_points_x"":[3317,3280,3248,3224,3227,3253,3299,3320],""all_points_y"":[2121,2178,2228,2275,2276,2225,2156,2124]}","{""name"":""not_defined"",""type"":""unknown"",""image_quality"":{""good"":true,""frontal"":true,""good_illumination"":true}}"
9.png,66060342,"{""caption"":"""",""public_domain"":""no"",""image_url"":""""}",2245,1758,"{""name"":""polygon"",""all_points_x"":[3328,3300,3300,3329],""all_points_y"":[2124,2155,2157,2127]}","{""name"":""not_defined"",""type"":""unknown"",""image_quality"":{""good"":true,""frontal"":true,""good_illumination"":true}}"
9.png,66060342,"{""caption"":"""",""public_domain"":""no"",""image_url"":""""}",2245,1759,"{""name"":""polygon"",""all_points_x"":[3176,3176,3185,3191,3202,3206,3213,3247,3276,3285,3285,3259,3236,3217,3211,3196],""all_points_y"":[2114,2116,2117,2120,2122,2121,2121,2123,2126,2125,2123,2122,2120,2120,2118,2118]}","{""name"":""not_defined"",""type"":""unknown"",""image_quality"":{""good"":true,""frontal"":true,""good_illumination"":true}}"
9.png,66060342,"{""caption"":"""",""public_domain"":""no"",""image_url"":""""}",2245,1760,"{""name"":""polygon"",""all_points_x"":[3351,3302,3303,3345,3354],""all_points_y"":[1949,1984,1988,1957,1952]}","{""name"":""not_defined"",""type"":""unknown"",""image_quality"":{""good"":true,""frontal"":true,""good_illumination"":true}}"
9.png,66060342,"{""caption"":"""",""public_domain"":""no"",""image_url"":""""}",2245,1761,"{""name"":""polygon"",""all_points_x"":[3413,3409,3421,3425,3426,3426],""all_points_y"":[1711,1711,1746,1766,1768,1752]}","{""name"":""not_defined"",""type"":""unknown"",""image_quality"":{""good"":true,""frontal"":true,""good_illumination"":true}}"
9.png,66060342,"{""caption"":"""",""public_domain"":""no"",""image_url"":""""}",2245,1762,"{""name"":""polygon"",""all_points_x"":[3522,3519,3531,3550,3559,3567,3569,3563,3551,3548],""all_points_y"":[1780,1783,1796,1820,1839,1858,1858,1841,1816,1813]}","{""name"":""not_defined"",""type"":""unknown"",""image_quality"":{""good"":true,""frontal"":true,""good_illumination"":true}}"
9.png,66060342,"{""caption"":"""",""public_domain"":""no"",""image_url"":""""}",2245,1763,"{""name"":""polygon"",""all_points_x"":[3672,3668,3680,3686,3687,3682],""all_points_y"":[1657,1659,1705,1721,1720,1697]}","{""name"":""not_defined"",""type"":""unknown"",""image_quality"":{""good"":true,""frontal"":true,""good_illumination"":true}}"
9.png,66060342,"{""caption"":"""",""public_domain"":""no"",""image_url"":""""}",2245,1764,"{""name"":""polygon"",""all_points_x"":[3720,3721,3743,3749,3748],""all_points_y"":[1716,1717,1655,1630,1629]}","{""name"":""not_defined"",""type"":""unknown"",""image_quality"":{""good"":true,""frontal"":true,""good_illumination"":true}}"
9.png,66060342,"{""caption"":"""",""public_domain"":""no"",""image_url"":""""}",2245,1765,"{""name"":""polygon"",""all_points_x"":[3883,3880,3883,3887],""all_points_y"":[1717,1717,1775,1776]}","{""name"":""not_defined"",""type"":""unknown"",""image_quality"":{""good"":true,""frontal"":true,""good_illumination"":true}}"
9.png,66060342,"{""caption"":"""",""public_domain"":""no"",""image_url"":""""}",2245,1766,"{""name"":""polygon"",""all_points_x"":[3224,3221,3227,3232,3248,3256,3258,3247,3234,3228],""all_points_y"":[1587,1587,1621,1636,1653,1661,1658,1646,1633,1608]}","{""name"":""not_defined"",""type"":""unknown"",""image_quality"":{""good"":true,""frontal"":true,""good_illumination"":true}}"
9.png,66060342,"{""caption"":"""",""public_domain"":""no"",""image_url"":""""}",2245,1767,"{""name"":""polygon"",""all_points_x"":[3240,3236,3250,3251],""all_points_y"":[1420,1420,1490,1485]}","{""name"":""not_defined"",""type"":""unknown"",""image_quality"":{""good"":true,""frontal"":true,""good_illumination"":true}}"
9.png,66060342,"{""caption"":"""",""public_domain"":""no"",""image_url"":""""}",2245,1768,"{""name"":""polygon"",""all_points_x"":[3254,3251,3257,3261],""all_points_y"":[1417,1419,1456,1450]}","{""name"":""not_defined"",""type"":""unknown"",""image_quality"":{""good"":true,""frontal"":true,""good_illumination"":true}}"
9.png,66060342,"{""caption"":"""",""public_domain"":""no"",""image_url"":""""}",2245,1769,"{""name"":""polygon"",""all_points_x"":[3479,3478,3490,3495,3501,3505,3496,3494],""all_points_y"":[1266,1267,1289,1311,1329,1329,1307,1297]}","{""name"":""not_defined"",""type"":""unknown"",""image_quality"":{""good"":true,""frontal"":true,""good_illumination"":true}}"
9.png,66060342,"{""caption"":"""",""public_domain"":""no"",""image_url"":""""}",2245,1770,"{""name"":""polygon"",""all_points_x"":[3507,3507,3521,3533,3553,3577,3576,3545,3530],""all_points_y"":[1295,1299,1298,1297,1298,1298,1293,1295,1293]}","{""name"":""not_defined"",""type"":""unknown"",""image_quality"":{""good"":true,""frontal"":true,""good_illumination"":true}}"
9.png,66060342,"{""caption"":"""",""public_domain"":""no"",""image_url"":""""}",2245,1771,"{""name"":""polygon"",""all_points_x"":[3737,3739,3732,3731],""all_points_y"":[1212,1212,1183,1184]}","{""name"":""not_defined"",""type"":""unknown"",""image_quality"":{""good"":true,""frontal"":true,""good_illumination"":true}}"
9.png,66060342,"{""caption"":"""",""public_domain"":""no"",""image_url"":""""}",2245,1772,"{""name"":""polygon"",""all_points_x"":[3790,3789,3809,3818,3819,3804],""all_points_y"":[1190,1191,1226,1237,1234,1211]}","{""name"":""not_defined"",""type"":""unknown"",""image_quality"":{""good"":true,""frontal"":true,""good_illumination"":true}}"
9.png,66060342,"{""caption"":"""",""public_domain"":""no"",""image_url"":""""}",2245,1773,"{""name"":""polygon"",""all_points_x"":[3321,3333,3335,3323],""all_points_y"":[1145,1217,1218,1138]}","{""name"":""not_defined"",""type"":""unknown"",""image_quality"":{""good"":true,""frontal"":true,""good_illumination"":true}}"
9.png,66060342,"{""caption"":"""",""public_domain"":""no"",""image_url"":""""}",2245,1774,"{""name"":""polygon"",""all_points_x"":[3364,3314,3317,3367],""all_points_y"":[1283,1318,1323,1284]}","{""name"":""not_defined"",""type"":""unknown"",""image_quality"":{""good"":true,""frontal"":true,""good_illumination"":true}}"
9.png,66060342,"{""caption"":"""",""public_domain"":""no"",""image_url"":""""}",2245,1775,"{""name"":""polygon"",""all_points_x"":[3311,3270,3270,3315],""all_points_y"":[1590,1627,1630,1592]}","{""name"":""not_defined"",""type"":""unknown"",""image_quality"":{""good"":true,""frontal"":true,""good_illumination"":true}}"
9.png,66060342,"{""caption"":"""",""public_domain"":""no"",""image_url"":""""}",2245,1776,"{""name"":""polygon"",""all_points_x"":[3253,3256,3258,3256],""all_points_y"":[1915,1913,1869,1869]}","{""name"":""not_defined"",""type"":""unknown"",""image_quality"":{""good"":true,""frontal"":true,""good_illumination"":true}}"
9.png,66060342,"{""caption"":"""",""public_domain"":""no"",""image_url"":""""}",2245,1777,"{""name"":""polygon"",""all_points_x"":[3084,3081,3105,3107],""all_points_y"":[1493,1495,1540,1537]}","{""name"":""not_defined"",""type"":""unknown"",""image_quality"":{""good"":true,""frontal"":true,""good_illumination"":true}}"
9.png,66060342,"{""caption"":"""",""public_domain"":""no"",""image_url"":""""}",2245,1778,"{""name"":""polygon"",""all_points_x"":[3343,3338,3351,3352],""all_points_y"":[1232,1231,1270,1269]}","{""name"":""not_defined"",""type"":""unknown"",""image_quality"":{""good"":true,""frontal"":true,""good_illumination"":true}}"
9.png,66060342,"{""caption"":"""",""public_domain"":""no"",""image_url"":""""}",2245,1779,"{""name"":""polygon"",""all_points_x"":[3271,3265,3265,3268],""all_points_y"":[1532,1532,1565,1564]}","{""name"":""not_defined"",""type"":""unknown"",""image_quality"":{""good"":true,""frontal"":true,""good_illumination"":true}}"
9.png,66060342,"{""caption"":"""",""public_domain"":""no"",""image_url"":""""}",2245,1780,"{""name"":""polygon"",""all_points_x"":[2731,2729,2729,2732],""all_points_y"":[2194,2193,2254,2254]}","{""name"":""not_defined"",""type"":""unknown"",""image_quality"":{""good"":true,""frontal"":true,""good_illumination"":true}}"
9.png,66060342,"{""caption"":"""",""public_domain"":""no"",""image_url"":""""}",2245,1781,"{""name"":""polygon"",""all_points_x"":[2987,2984,2987,2991,2995],""all_points_y"":[2005,2006,2053,2084,2087]}","{""name"":""not_defined"",""type"":""unknown"",""image_quality"":{""good"":true,""frontal"":true,""good_illumination"":true}}"
9.png,66060342,"{""caption"":"""",""public_domain"":""no"",""image_url"":""""}",2245,1782,"{""name"":""polygon"",""all_points_x"":[2962,2959,2995,3019,3019],""all_points_y"":[2071,2073,2090,2099,2097]}","{""name"":""not_defined"",""type"":""unknown"",""image_quality"":{""good"":true,""frontal"":true,""good_illumination"":true}}"
9.png,66060342,"{""caption"":"""",""public_domain"":""no"",""image_url"":""""}",2245,1783,"{""name"":""polygon"",""all_points_x"":[2978,2989,2993,2981],""all_points_y"":[2087,2131,2129,2087]}","{""name"":""not_defined"",""type"":""unknown"",""image_quality"":{""good"":true,""frontal"":true,""good_illumination"":true}}"
9.png,66060342,"{""caption"":"""",""public_domain"":""no"",""image_url"":""""}",2245,1784,"{""name"":""polygon"",""all_points_x"":[2987,2984,3016,3018],""all_points_y"":[1980,1982,2032,2031]}","{""name"":""not_defined"",""type"":""unknown"",""image_quality"":{""good"":true,""frontal"":true,""good_illumination"":true}}"
9.png,66060342,"{""caption"":"""",""public_domain"":""no"",""image_url"":""""}",2245,1785,"{""name"":""polygon"",""all_points_x"":[3099,3102,3084,3082],""all_points_y"":[1831,1830,1788,1792]}","{""name"":""not_defined"",""type"":""unknown"",""image_quality"":{""good"":true,""frontal"":true,""good_illumination"":true}}"
9.png,66060342,"{""caption"":"""",""public_domain"":""no"",""image_url"":""""}",2245,1786,"{""name"":""polygon"",""all_points_x"":[3096,3101,3105,3099],""all_points_y"":[1453,1500,1503,1457]}","{""name"":""not_defined"",""type"":""unknown"",""image_quality"":{""good"":true,""frontal"":true,""good_illumination"":true}}"
9.png,66060342,"{""caption"":"""",""public_domain"":""no"",""image_url"":""""}",2245,1787,"{""name"":""polygon"",""all_points_x"":[3372,3356,3358,3374],""all_points_y"":[1356,1366,1369,1360]}","{""name"":""not_defined"",""type"":""unknown"",""image_quality"":{""good"":true,""frontal"":true,""good_illumination"":true}}"
9.png,66060342,"{""caption"":"""",""public_domain"":""no"",""image_url"":""""}",2245,1788,"{""name"":""polygon"",""all_points_x"":[3024,3022,3068,3088,3107,3110],""all_points_y"":[849,851,878,890,902,901]}","{""name"":""not_defined"",""type"":""unknown"",""image_quality"":{""good"":true,""frontal"":true,""good_illumination"":true}}"
9.png,66060342,"{""caption"":"""",""public_domain"":""no"",""image_url"":""""}",2245,1789,"{""name"":""polygon"",""all_points_x"":[2996,2993,3017,3027,3028],""all_points_y"":[865,867,891,899,897]}","{""name"":""not_defined"",""type"":""unknown"",""image_quality"":{""good"":true,""frontal"":true,""good_illumination"":true}}"
9.png,66060342,"{""caption"":"""",""public_domain"":""no"",""image_url"":""""}",2245,1790,"{""name"":""polygon"",""all_points_x"":[2618,2616,2630,2640,2641,2625],""all_points_y"":[1263,1265,1293,1313,1310,1273]}","{""name"":""not_defined"",""type"":""unknown"",""image_quality"":{""good"":true,""frontal"":true,""good_illumination"":true}}"
9.png,66060342,"{""caption"":"""",""public_domain"":""no"",""image_url"":""""}",2245,1791,"{""name"":""polygon"",""all_points_x"":[2621,2617,2630,2632],""all_points_y"":[1380,1379,1434,1433]}","{""name"":""not_defined"",""type"":""unknown"",""image_quality"":{""good"":true,""frontal"":true,""good_illumination"":true}}"
9.png,66060342,"{""caption"":"""",""public_domain"":""no"",""image_url"":""""}",2245,1792,"{""name"":""polygon"",""all_points_x"":[2483,2486,2478,2469,2467,2480],""all_points_y"":[1434,1433,1422,1406,1414,1434]}","{""name"":""not_defined"",""type"":""unknown"",""image_quality"":{""good"":true,""frontal"":true,""good_illumination"":true}}"
9.png,66060342,"{""caption"":"""",""public_domain"":""no"",""image_url"":""""}",2245,1793,"{""name"":""polygon"",""all_points_x"":[2480,2478,2481,2488,2496,2505,2505,2500,2494,2485],""all_points_y"":[1374,1376,1395,1415,1428,1436,1434,1427,1422,1401]}","{""name"":""not_defined"",""type"":""unknown"",""image_quality"":{""good"":true,""frontal"":true,""good_illumination"":true}}"
9.png,66060342,"{""caption"":"""",""public_domain"":""no"",""image_url"":""""}",2245,1794,"{""name"":""polygon"",""all_points_x"":[2478,2474,2494,2496],""all_points_y"":[1548,1549,1589,1587]}","{""name"":""not_defined"",""type"":""unknown"",""image_quality"":{""good"":true,""frontal"":true,""good_illumination"":true}}"
9.png,66060342,"{""caption"":"""",""public_domain"":""no"",""image_url"":""""}",2245,1795,"{""name"":""polygon"",""all_points_x"":[2444,2441,2445,2448],""all_points_y"":[1522,1522,1571,1571]}","{""name"":""not_defined"",""type"":""unknown"",""image_quality"":{""good"":true,""frontal"":true,""good_illumination"":true}}"
9.png,66060342,"{""caption"":"""",""public_domain"":""no"",""image_url"":""""}",2245,1796,"{""name"":""polygon"",""all_points_x"":[2329,2327,2348,2349],""all_points_y"":[1658,1661,1696,1695]}","{""name"":""not_defined"",""type"":""unknown"",""image_quality"":{""good"":true,""frontal"":true,""good_illumination"":true}}"
9.png,66060342,"{""caption"":"""",""public_domain"":""no"",""image_url"":""""}",2245,1797,"{""name"":""polygon"",""all_points_x"":[2314,2310,2341,2359,2362],""all_points_y"":[1446,1449,1510,1548,1548]}","{""name"":""not_defined"",""type"":""unknown"",""image_quality"":{""good"":true,""frontal"":true,""good_illumination"":true}}"
9.png,66060342,"{""caption"":"""",""public_domain"":""no"",""image_url"":""""}",2245,1798,"{""name"":""polygon"",""all_points_x"":[2405,2404,2381,2346,2346,2362],""all_points_y"":[1594,1597,1563,1512,1507,1530]}","{""name"":""not_defined"",""type"":""unknown"",""image_quality"":{""good"":true,""frontal"":true,""good_illumination"":true}}"
9.png,66060342,"{""caption"":"""",""public_domain"":""no"",""image_url"":""""}",2245,1799,"{""name"":""polygon"",""all_points_x"":[2307,2303,2337,2351,2355,2323],""all_points_y"":[1472,1474,1537,1563,1566,1501]}","{""name"":""not_defined"",""type"":""unknown"",""image_quality"":{""good"":true,""frontal"":true,""good_illumination"":true}}"
9.png,66060342,"{""caption"":"""",""public_domain"":""no"",""image_url"":""""}",2245,1800,"{""name"":""polygon"",""all_points_x"":[2353,2351,2362,2363],""all_points_y"":[1453,1453,1502,1501]}","{""name"":""not_defined"",""type"":""unknown"",""image_quality"":{""good"":true,""frontal"":true,""good_illumination"":true}}"
9.png,66060342,"{""caption"":"""",""public_domain"":""no"",""image_url"":""""}",2245,1801,"{""name"":""polygon"",""all_points_x"":[2444,2441,2463,2467],""all_points_y"":[2151,2152,2213,2211]}","{""name"":""not_defined"",""type"":""unknown"",""image_quality"":{""good"":true,""frontal"":true,""good_illumination"":true}}"
9.png,66060342,"{""caption"":"""",""public_domain"":""no"",""image_url"":""""}",2245,1802,"{""name"":""polygon"",""all_points_x"":[2435,2445,2455,2457,2452,2440],""all_points_y"":[2140,2185,2214,2212,2185,2142]}","{""name"":""not_defined"",""type"":""unknown"",""image_quality"":{""good"":true,""frontal"":true,""good_illumination"":true}}"
9.png,66060342,"{""caption"":"""",""public_domain"":""no"",""image_url"":""""}",2245,1803,"{""name"":""polygon"",""all_points_x"":[2769,2767,2801,2802],""all_points_y"":[2463,2464,2516,2515]}","{""name"":""not_defined"",""type"":""unknown"",""image_quality"":{""good"":true,""frontal"":true,""good_illumination"":true}}"
9.png,66060342,"{""caption"":"""",""public_domain"":""no"",""image_url"":""""}",2245,1804,"{""name"":""polygon"",""all_points_x"":[2858,2847,2850,2861],""all_points_y"":[2374,2406,2406,2377]}","{""name"":""not_defined"",""type"":""unknown"",""image_quality"":{""good"":true,""frontal"":true,""good_illumination"":true}}"
9.png,66060342,"{""caption"":"""",""public_domain"":""no"",""image_url"":""""}",2245,1805,"{""name"":""polygon"",""all_points_x"":[3309,3294,3296,3311],""all_points_y"":[2226,2261,2262,2225]}","{""name"":""not_defined"",""type"":""unknown"",""image_quality"":{""good"":true,""frontal"":true,""good_illumination"":true}}"
9.png,66060342,"{""caption"":"""",""public_domain"":""no"",""image_url"":""""}",2245,1806,"{""name"":""polygon"",""all_points_x"":[3280,3282,3285,3293,3291,3282],""all_points_y"":[2322,2322,2298,2271,2271,2299]}","{""name"":""not_defined"",""type"":""unknown"",""image_quality"":{""good"":true,""frontal"":true,""good_illumination"":true}}"
9.png,66060342,"{""caption"":"""",""public_domain"":""no"",""image_url"":""""}",2245,1807,"{""name"":""polygon"",""all_points_x"":[3386,3384,3395,3397],""all_points_y"":[1648,1649,1711,1709]}","{""name"":""not_defined"",""type"":""unknown"",""image_quality"":{""good"":true,""frontal"":true,""good_illumination"":true}}"
9.png,66060342,"{""caption"":"""",""public_domain"":""no"",""image_url"":""""}",2245,1808,"{""name"":""polygon"",""all_points_x"":[3265,3265,3265,3267,3267],""all_points_y"":[1603,1587,1582,1582,1603]}","{""name"":""not_defined"",""type"":""unknown"",""image_quality"":{""good"":true,""frontal"":true,""good_illumination"":true}}"
9.png,66060342,"{""caption"":"""",""public_domain"":""no"",""image_url"":""""}",2245,1809,"{""name"":""polygon"",""all_points_x"":[3392,3370,3373,3391],""all_points_y"":[1388,1416,1419,1394]}","{""name"":""not_defined"",""type"":""unknown"",""image_quality"":{""good"":true,""frontal"":true,""good_illumination"":true}}"
9.png,66060342,"{""caption"":"""",""public_domain"":""no"",""image_url"":""""}",2245,1810,"{""name"":""polygon"",""all_points_x"":[3392,3403,3404,3383,3381],""all_points_y"":[1414,1403,1405,1431,1430]}","{""name"":""not_defined"",""type"":""unknown"",""image_quality"":{""good"":true,""frontal"":true,""good_illumination"":true}}"
9.png,66060342,"{""caption"":"""",""public_domain"":""no"",""image_url"":""""}",2245,1811,"{""name"":""polygon"",""all_points_x"":[2909,2905,2902,2905],""all_points_y"":[1319,1318,1355,1355]}","{""name"":""not_defined"",""type"":""unknown"",""image_quality"":{""good"":true,""frontal"":true,""good_illumination"":true}}"
9.png,66060342,"{""caption"":"""",""public_domain"":""no"",""image_url"":""""}",2245,1812,"{""name"":""polygon"",""all_points_x"":[2889,2897,2899,2890,2887],""all_points_y"":[1376,1404,1403,1366,1367]}","{""name"":""not_defined"",""type"":""unknown"",""image_quality"":{""good"":true,""frontal"":true,""good_illumination"":true}}"
9.png,66060342,"{""caption"":"""",""public_domain"":""no"",""image_url"":""""}",2245,1813,"{""name"":""polygon"",""all_points_x"":[2953,2950,2958,2960],""all_points_y"":[1388,1389,1413,1412]}","{""name"":""not_defined"",""type"":""unknown"",""image_quality"":{""good"":true,""frontal"":true,""good_illumination"":true}}"
9.png,66060342,"{""caption"":"""",""public_domain"":""no"",""image_url"":""""}",2245,1814,"{""name"":""polygon"",""all_points_x"":[3263,3265,3252,3248],""all_points_y"":[1506,1505,1467,1468]}","{""name"":""not_defined"",""type"":""unknown"",""image_quality"":{""good"":true,""frontal"":true,""good_illumination"":true}}"
9.png,66060342,"{""caption"":"""",""public_domain"":""no"",""image_url"":""""}",2245,1815,"{""name"":""polygon"",""all_points_x"":[3389,3384,3395,3400],""all_points_y"":[1360,1362,1396,1397]}","{""name"":""not_defined"",""type"":""unknown"",""image_quality"":{""good"":true,""frontal"":true,""good_illumination"":true}}"
9.png,66060342,"{""caption"":"""",""public_domain"":""no"",""image_url"":""""}",2245,1816,"{""name"":""polygon"",""all_points_x"":[3373,3369,3376,3377],""all_points_y"":[1032,1033,1049,1047]}","{""name"":""not_defined"",""type"":""unknown"",""image_quality"":{""good"":true,""frontal"":true,""good_illumination"":true}}"
9.png,66060342,"{""caption"":"""",""public_domain"":""no"",""image_url"":""""}",2245,1817,"{""name"":""polygon"",""all_points_x"":[3397,3405,3407,3403,3393,3392],""all_points_y"":[1096,1120,1118,1095,1081,1083]}","{""name"":""not_defined"",""type"":""unknown"",""image_quality"":{""good"":true,""frontal"":true,""good_illumination"":true}}"
9.png,66060342,"{""caption"":"""",""public_domain"":""no"",""image_url"":""""}",2245,1818,"{""name"":""polygon"",""all_points_x"":[3048,3036,3038,3053],""all_points_y"":[2040,2076,2077,2040]}","{""name"":""not_defined"",""type"":""unknown"",""image_quality"":{""good"":true,""frontal"":true,""good_illumination"":true}}"
9.png,66060342,"{""caption"":"""",""public_domain"":""no"",""image_url"":""""}",2245,1819,"{""name"":""polygon"",""all_points_x"":[2340,2337,2363,2377,2386,2397,2398,2378],""all_points_y"":[1948,1950,1958,1961,1961,1962,1960,1960]}","{""name"":""not_defined"",""type"":""unknown"",""image_quality"":{""good"":true,""frontal"":true,""good_illumination"":true}}"
9.png,66060342,"{""caption"":"""",""public_domain"":""no"",""image_url"":""""}",2245,1820,"{""name"":""polygon"",""all_points_x"":[2414,2410,2412,2418],""all_points_y"":[2449,2494,2495,2451]}","{""name"":""not_defined"",""type"":""unknown"",""image_quality"":{""good"":true,""frontal"":true,""good_illumination"":true}}"
9.png,66060342,"{""caption"":"""",""public_domain"":""no"",""image_url"":""""}",2245,1821,"{""name"":""polygon"",""all_points_x"":[2607,2604,2607,2608],""all_points_y"":[2560,2560,2605,2605]}","{""name"":""not_defined"",""type"":""unknown"",""image_quality"":{""good"":true,""frontal"":true,""good_illumination"":true}}"
9.png,66060342,"{""caption"":"""",""public_domain"":""no"",""image_url"":""""}",2245,1822,"{""name"":""polygon"",""all_points_x"":[2727,2724,2731,2735,2739],""all_points_y"":[1697,1697,1729,1756,1757]}","{""name"":""not_defined"",""type"":""unknown"",""image_quality"":{""good"":true,""frontal"":true,""good_illumination"":true}}"
9.png,66060342,"{""caption"":"""",""public_domain"":""no"",""image_url"":""""}",2245,1823,"{""name"":""polygon"",""all_points_x"":[2847,2847,2843,2852,2858,2871,2882,2897,2897,2882,2859],""all_points_y"":[1527,1527,1530,1539,1547,1557,1571,1583,1581,1567,1545]}","{""name"":""not_defined"",""type"":""unknown"",""image_quality"":{""good"":true,""frontal"":true,""good_illumination"":true}}"
9.png,66060342,"{""caption"":"""",""public_domain"":""no"",""image_url"":""""}",2245,1824,"{""name"":""polygon"",""all_points_x"":[2750,2749,2734,2713,2716,2729],""all_points_y"":[2854,2856,2847,2831,2827,2841]}","{""name"":""not_defined"",""type"":""unknown"",""image_quality"":{""good"":true,""frontal"":true,""good_illumination"":true}}"
9.png,66060342,"{""caption"":"""",""public_domain"":""no"",""image_url"":""""}",2245,1825,"{""name"":""polygon"",""all_points_x"":[2538,2537,2518,2499,2481,2466,2468,2496,2519,2540],""all_points_y"":[3091,3089,3145,3192,3234,3278,3278,3208,3148,3091]}","{""name"":""not_defined"",""type"":""unknown"",""image_quality"":{""good"":true,""frontal"":true,""good_illumination"":true}}"
9.png,66060342,"{""caption"":"""",""public_domain"":""no"",""image_url"":""""}",2245,1826,"{""name"":""polygon"",""all_points_x"":[2254,2251,2256,2267,2269,2259,2256],""all_points_y"":[2977,2977,3021,3056,3056,3018,3003]}","{""name"":""not_defined"",""type"":""unknown"",""image_quality"":{""good"":true,""frontal"":true,""good_illumination"":true}}"
9.png,66060342,"{""caption"":"""",""public_domain"":""no"",""image_url"":""""}",2245,1827,"{""name"":""polygon"",""all_points_x"":[2277,2278,2284,2287,2287,2283,2282],""all_points_y"":[3027,3029,2986,2913,2890,2890,2955]}","{""name"":""not_defined"",""type"":""unknown"",""image_quality"":{""good"":true,""frontal"":true,""good_illumination"":true}}"
9.png,66060342,"{""caption"":"""",""public_domain"":""no"",""image_url"":""""}",2245,1828,"{""name"":""polygon"",""all_points_x"":[2525,2520,2525,2532,2535,2527],""all_points_y"":[3003,3004,3040,3065,3065,3037]}","{""name"":""not_defined"",""type"":""unknown"",""image_quality"":{""good"":true,""frontal"":true,""good_illumination"":true}}"
9.png,66060342,"{""caption"":"""",""public_domain"":""no"",""image_url"":""""}",2245,1829,"{""name"":""polygon"",""all_points_x"":[2091,2079,2081,2095],""all_points_y"":[3493,3543,3542,3496]}","{""name"":""not_defined"",""type"":""unknown"",""image_quality"":{""good"":true,""frontal"":true,""good_illumination"":true}}"
9.png,66060342,"{""caption"":"""",""public_domain"":""no"",""image_url"":""""}",2245,1830,"{""name"":""polygon"",""all_points_x"":[1424,1427,1433,1436,1444,1450,1447,1433],""all_points_y"":[3061,3061,3039,3014,2997,2979,2977,3018]}","{""name"":""not_defined"",""type"":""unknown"",""image_quality"":{""good"":true,""frontal"":true,""good_illumination"":true}}"
9.png,66060342,"{""caption"":"""",""public_domain"":""no"",""image_url"":""""}",2245,1831,"{""name"":""polygon"",""all_points_x"":[1261,1240,1243,1265],""all_points_y"":[2621,2704,2705,2622]}","{""name"":""not_defined"",""type"":""unknown"",""image_quality"":{""good"":true,""frontal"":true,""good_illumination"":true}}"
9.png,66060342,"{""caption"":"""",""public_domain"":""no"",""image_url"":""""}",2245,1832,"{""name"":""polygon"",""all_points_x"":[1791,1756,1711,1712,1783,1794],""all_points_y"":[2521,2548,2577,2579,2533,2522]}","{""name"":""not_defined"",""type"":""unknown"",""image_quality"":{""good"":true,""frontal"":true,""good_illumination"":true}}"
9.png,66060342,"{""caption"":"""",""public_domain"":""no"",""image_url"":""""}",2245,1833,"{""name"":""polygon"",""all_points_x"":[1453,1451,1467,1474,1477,1471],""all_points_y"":[1935,1934,1994,2018,2018,1987]}","{""name"":""not_defined"",""type"":""unknown"",""image_quality"":{""good"":true,""frontal"":true,""good_illumination"":true}}"
9.png,66060342,"{""caption"":"""",""public_domain"":""no"",""image_url"":""""}",2245,1834,"{""name"":""polygon"",""all_points_x"":[1842,1839,1880,1899,1901],""all_points_y"":[596,598,668,697,696]}","{""name"":""not_defined"",""type"":""unknown"",""image_quality"":{""good"":true,""frontal"":true,""good_illumination"":true}}"
9.png,66060342,"{""caption"":"""",""public_domain"":""no"",""image_url"":""""}",2245,1835,"{""name"":""polygon"",""all_points_x"":[1900,1896,1924,1942,1947],""all_points_y"":[820,821,878,920,917]}","{""name"":""not_defined"",""type"":""unknown"",""image_quality"":{""good"":true,""frontal"":true,""good_illumination"":true}}"
9.png,66060342,"{""caption"":"""",""public_domain"":""no"",""image_url"":""""}",2245,1836,"{""name"":""polygon"",""all_points_x"":[2011,1972,1971,2011],""all_points_y"":[775,787,789,781]}","{""name"":""not_defined"",""type"":""unknown"",""image_quality"":{""good"":true,""frontal"":true,""good_illumination"":true}}"
9.png,66060342,"{""caption"":"""",""public_domain"":""no"",""image_url"":""""}",2245,1837,"{""name"":""polygon"",""all_points_x"":[2116,2112,2126,2136,2140,2129],""all_points_y"":[1086,1090,1122,1159,1157,1115]}","{""name"":""not_defined"",""type"":""unknown"",""image_quality"":{""good"":true,""frontal"":true,""good_illumination"":true}}"
9.png,66060342,"{""caption"":"""",""public_domain"":""no"",""image_url"":""""}",2245,1838,"{""name"":""polygon"",""all_points_x"":[1719,1716,1723,1724,1728],""all_points_y"":[1002,1001,1053,1094,1095]}","{""name"":""not_defined"",""type"":""unknown"",""image_quality"":{""good"":true,""frontal"":true,""good_illumination"":true}}"
9.png,66060342,"{""caption"":"""",""public_domain"":""no"",""image_url"":""""}",2245,1839,"{""name"":""polygon"",""all_points_x"":[1712,1711,1729,1761,1761,1730],""all_points_y"":[1087,1089,1101,1115,1112,1095]}","{""name"":""not_defined"",""type"":""unknown"",""image_quality"":{""good"":true,""frontal"":true,""good_illumination"":true}}"
9.png,66060342,"{""caption"":"""",""public_domain"":""no"",""image_url"":""""}",2245,1840,"{""name"":""polygon"",""all_points_x"":[1726,1727,1730,1729,1725],""all_points_y"":[1117,1151,1151,1103,1099]}","{""name"":""not_defined"",""type"":""unknown"",""image_quality"":{""good"":true,""frontal"":true,""good_illumination"":true}}"
9.png,66060342,"{""caption"":"""",""public_domain"":""no"",""image_url"":""""}",2245,1841,"{""name"":""polygon"",""all_points_x"":[1939,1868,1867,1938],""all_points_y"":[1435,1449,1453,1439]}","{""name"":""not_defined"",""type"":""unknown"",""image_quality"":{""good"":true,""frontal"":true,""good_illumination"":true}}"
9.png,66060342,"{""caption"":"""",""public_domain"":""no"",""image_url"":""""}",2245,1842,"{""name"":""polygon"",""all_points_x"":[1722,1719,1728,1731],""all_points_y"":[1527,1528,1589,1589]}","{""name"":""not_defined"",""type"":""unknown"",""image_quality"":{""good"":true,""frontal"":true,""good_illumination"":true}}"
9.png,66060342,"{""caption"":"""",""public_domain"":""no"",""image_url"":""""}",2245,1843,"{""name"":""polygon"",""all_points_x"":[1765,1719,1719,1767],""all_points_y"":[1594,1609,1611,1596]}","{""name"":""not_defined"",""type"":""unknown"",""image_quality"":{""good"":true,""frontal"":true,""good_illumination"":true}}"
9.png,66060342,"{""caption"":"""",""public_domain"":""no"",""image_url"":""""}",2245,1844,"{""name"":""polygon"",""all_points_x"":[1649,1645,1652,1653],""all_points_y"":[1577,1576,1619,1619]}","{""name"":""not_defined"",""type"":""unknown"",""image_quality"":{""good"":true,""frontal"":true,""good_illumination"":true}}"
9.png,66060342,"{""caption"":"""",""public_domain"":""no"",""image_url"":""""}",2245,1845,"{""name"":""polygon"",""all_points_x"":[1645,1642,1648,1656,1659],""all_points_y"":[1442,1444,1473,1500,1499]}","{""name"":""not_defined"",""type"":""unknown"",""image_quality"":{""good"":true,""frontal"":true,""good_illumination"":true}}"
9.png,66060342,"{""caption"":"""",""public_domain"":""no"",""image_url"":""""}",2245,1846,"{""name"":""polygon"",""all_points_x"":[1868,1865,1869,1872],""all_points_y"":[1239,1281,1281,1241]}","{""name"":""not_defined"",""type"":""unknown"",""image_quality"":{""good"":true,""frontal"":true,""good_illumination"":true}}"
9.png,66060342,"{""caption"":"""",""public_domain"":""no"",""image_url"":""""}",2245,1847,"{""name"":""polygon"",""all_points_x"":[1591,1588,1606,1609],""all_points_y"":[1045,1045,1081,1080]}","{""name"":""not_defined"",""type"":""unknown"",""image_quality"":{""good"":true,""frontal"":true,""good_illumination"":true}}"
9.png,66060342,"{""caption"":"""",""public_domain"":""no"",""image_url"":""""}",2245,1848,"{""name"":""polygon"",""all_points_x"":[1667,1662,1676,1687,1691],""all_points_y"":[975,977,999,1017,1015]}","{""name"":""not_defined"",""type"":""unknown"",""image_quality"":{""good"":true,""frontal"":true,""good_illumination"":true}}"
9.png,66060342,"{""caption"":"""",""public_domain"":""no"",""image_url"":""""}",2245,1849,"{""name"":""polygon"",""all_points_x"":[3716,3713,3731,3732],""all_points_y"":[116,119,130,128]}","{""name"":""not_defined"",""type"":""unknown"",""image_quality"":{""good"":true,""frontal"":true,""good_illumination"":true}}"
9.png,66060342,"{""caption"":"""",""public_domain"":""no"",""image_url"":""""}",2245,1850,"{""name"":""polygon"",""all_points_x"":[3742,3713,3720,3744],""all_points_y"":[124,142,143,127]}","{""name"":""not_defined"",""type"":""unknown"",""image_quality"":{""good"":true,""frontal"":true,""good_illumination"":true}}"
9.png,66060342,"{""caption"":"""",""public_domain"":""no"",""image_url"":""""}",2245,1851,"{""name"":""polygon"",""all_points_x"":[3761,3758,3737,3739],""all_points_y"":[146,147,134,132]}","{""name"":""not_defined"",""type"":""unknown"",""image_quality"":{""good"":true,""frontal"":true,""good_illumination"":true}}"
9.png,66060342,"{""caption"":"""",""public_domain"":""no"",""image_url"":""""}",2245,1852,"{""name"":""polygon"",""all_points_x"":[3501,3500,3528,3530],""all_points_y"":[77,79,102,101]}","{""name"":""not_defined"",""type"":""unknown"",""image_quality"":{""good"":true,""frontal"":true,""good_illumination"":true}}"
9.png,66060342,"{""caption"":"""",""public_domain"":""no"",""image_url"":""""}",2245,1853,"{""name"":""polygon"",""all_points_x"":[3635,3635,3685,3686],""all_points_y"":[167,169,186,183]}","{""name"":""not_defined"",""type"":""unknown"",""image_quality"":{""good"":true,""frontal"":true,""good_illumination"":true}}"
9.png,66060342,"{""caption"":"""",""public_domain"":""no"",""image_url"":""""}",2245,1854,"{""name"":""polygon"",""all_points_x"":[3564,3560,3583,3586],""all_points_y"":[346,350,369,363]}","{""name"":""not_defined"",""type"":""unknown"",""image_quality"":{""good"":true,""frontal"":true,""good_illumination"":true}}"
9.png,66060342,"{""caption"":"""",""public_domain"":""no"",""image_url"":""""}",2245,1855,"{""name"":""polygon"",""all_points_x"":[3802,3798,3805,3808],""all_points_y"":[225,226,263,263]}","{""name"":""not_defined"",""type"":""unknown"",""image_quality"":{""good"":true,""frontal"":true,""good_illumination"":true}}"
9.png,66060342,"{""caption"":"""",""public_domain"":""no"",""image_url"":""""}",2245,1856,"{""name"":""polygon"",""all_points_x"":[3535,3533,3555,3572,3579,3579],""all_points_y"":[220,222,237,248,251,251]}","{""name"":""not_defined"",""type"":""unknown"",""image_quality"":{""good"":true,""frontal"":true,""good_illumination"":true}}"
9.png,66060342,"{""caption"":"""",""public_domain"":""no"",""image_url"":""""}",2245,1857,"{""name"":""polygon"",""all_points_x"":[3527,3507,3509,3529],""all_points_y"":[850,886,888,856]}","{""name"":""not_defined"",""type"":""unknown"",""image_quality"":{""good"":true,""frontal"":true,""good_illumination"":true}}"
9.png,66060342,"{""caption"":"""",""public_domain"":""no"",""image_url"":""""}",2245,1858,"{""name"":""polygon"",""all_points_x"":[3560,3557,3584,3605,3605],""all_points_y"":[888,890,902,910,908]}","{""name"":""not_defined"",""type"":""unknown"",""image_quality"":{""good"":true,""frontal"":true,""good_illumination"":true}}"
9.png,66060342,"{""caption"":"""",""public_domain"":""no"",""image_url"":""""}",2245,1859,"{""name"":""polygon"",""all_points_x"":[3561,3560,3583,3597,3596],""all_points_y"":[883,885,889,891,890]}","{""name"":""not_defined"",""type"":""unknown"",""image_quality"":{""good"":true,""frontal"":true,""good_illumination"":true}}"
9.png,66060342,"{""caption"":"""",""public_domain"":""no"",""image_url"":""""}",2245,1860,"{""name"":""polygon"",""all_points_x"":[3572,3571,3612,3614],""all_points_y"":[950,954,975,971]}","{""name"":""not_defined"",""type"":""unknown"",""image_quality"":{""good"":true,""frontal"":true,""good_illumination"":true}}"
9.png,66060342,"{""caption"":"""",""public_domain"":""no"",""image_url"":""""}",2245,1861,"{""name"":""polygon"",""all_points_x"":[3872,3869,3889,3893,3894],""all_points_y"":[779,780,805,808,806]}","{""name"":""not_defined"",""type"":""unknown"",""image_quality"":{""good"":true,""frontal"":true,""good_illumination"":true}}"
9.png,66060342,"{""caption"":"""",""public_domain"":""no"",""image_url"":""""}",2245,1862,"{""name"":""polygon"",""all_points_x"":[3689,3686,3691,3693],""all_points_y"":[529,530,542,541]}","{""name"":""not_defined"",""type"":""unknown"",""image_quality"":{""good"":true,""frontal"":true,""good_illumination"":true}}"
9.png,66060342,"{""caption"":"""",""public_domain"":""no"",""image_url"":""""}",2245,1863,"{""name"":""polygon"",""all_points_x"":[3712,3709,3728,3730],""all_points_y"":[577,579,619,617]}","{""name"":""not_defined"",""type"":""unknown"",""image_quality"":{""good"":true,""frontal"":true,""good_illumination"":true}}"
9.png,66060342,"{""caption"":"""",""public_domain"":""no"",""image_url"":""""}",2245,1864,"{""name"":""polygon"",""all_points_x"":[3817,3814,3826,3842,3853,3853,3839],""all_points_y"":[593,596,608,624,633,631,614]}","{""name"":""not_defined"",""type"":""unknown"",""image_quality"":{""good"":true,""frontal"":true,""good_illumination"":true}}"
9.png,66060342,"{""caption"":"""",""public_domain"":""no"",""image_url"":""""}",2245,1865,"{""name"":""polygon"",""all_points_x"":[3898,3896,3910,3912],""all_points_y"":[572,572,598,598]}","{""name"":""not_defined"",""type"":""unknown"",""image_quality"":{""good"":true,""frontal"":true,""good_illumination"":true}}"
9.png,66060342,"{""caption"":"""",""public_domain"":""no"",""image_url"":""""}",2245,1866,"{""name"":""polygon"",""all_points_x"":[3906,3903,3917,3920],""all_points_y"":[571,573,597,596]}","{""name"":""not_defined"",""type"":""unknown"",""image_quality"":{""good"":true,""frontal"":true,""good_illumination"":true}}"
9.png,66060342,"{""caption"":"""",""public_domain"":""no"",""image_url"":""""}",2245,1867,"{""name"":""polygon"",""all_points_x"":[3226,3224,3226,3229],""all_points_y"":[962,961,1006,1008]}","{""name"":""not_defined"",""type"":""unknown"",""image_quality"":{""good"":true,""frontal"":true,""good_illumination"":true}}"
9.png,66060342,"{""caption"":"""",""public_domain"":""no"",""image_url"":""""}",2245,1868,"{""name"":""polygon"",""all_points_x"":[3209,3205,3224,3225],""all_points_y"":[956,956,987,986]}","{""name"":""not_defined"",""type"":""unknown"",""image_quality"":{""good"":true,""frontal"":true,""good_illumination"":true}}"
9.png,66060342,"{""caption"":"""",""public_domain"":""no"",""image_url"":""""}",2245,1869,"{""name"":""polygon"",""all_points_x"":[3564,3561,3553,3556],""all_points_y"":[1578,1576,1615,1618]}","{""name"":""not_defined"",""type"":""unknown"",""image_quality"":{""good"":true,""frontal"":true,""good_illumination"":true}}"
9.png,66060342,"{""caption"":"""",""public_domain"":""no"",""image_url"":""""}",2245,1870,"{""name"":""polygon"",""all_points_x"":[3576,3573,3573,3576],""all_points_y"":[1591,1590,1649,1649]}","{""name"":""not_defined"",""type"":""unknown"",""image_quality"":{""good"":true,""frontal"":true,""good_illumination"":true}}"
9.png,66060342,"{""caption"":"""",""public_domain"":""no"",""image_url"":""""}",2245,1871,"{""name"":""polygon"",""all_points_x"":[3763,3758,3761,3765],""all_points_y"":[1624,1671,1671,1624]}","{""name"":""not_defined"",""type"":""unknown"",""image_quality"":{""good"":true,""frontal"":true,""good_illumination"":true}}"
9.png,66060342,"{""caption"":"""",""public_domain"":""no"",""image_url"":""""}",2245,1872,"{""name"":""polygon"",""all_points_x"":[4080,4069,4072,4079,4083],""all_points_y"":[1660,1693,1694,1680,1659]}","{""name"":""not_defined"",""type"":""unknown"",""image_quality"":{""good"":true,""frontal"":true,""good_illumination"":true}}"
9.png,66060342,"{""caption"":"""",""public_domain"":""no"",""image_url"":""""}",2245,1873,"{""name"":""polygon"",""all_points_x"":[3990,3993,3986,3983],""all_points_y"":[1757,1758,1693,1694]}","{""name"":""not_defined"",""type"":""unknown"",""image_quality"":{""good"":true,""frontal"":true,""good_illumination"":true}}"
9.png,66060342,"{""caption"":"""",""public_domain"":""no"",""image_url"":""""}",2245,1874,"{""name"":""polygon"",""all_points_x"":[4028,4010,4009,4025],""all_points_y"":[1805,1849,1844,1801]}","{""name"":""not_defined"",""type"":""unknown"",""image_quality"":{""good"":true,""frontal"":true,""good_illumination"":true}}"
9.png,66060342,"{""caption"":"""",""public_domain"":""no"",""image_url"":""""}",2245,1875,"{""name"":""polygon"",""all_points_x"":[3943,3901,3901,3946],""all_points_y"":[2127,2172,2175,2128]}","{""name"":""not_defined"",""type"":""unknown"",""image_quality"":{""good"":true,""frontal"":true,""good_illumination"":true}}"
9.png,66060342,"{""caption"":"""",""public_domain"":""no"",""image_url"":""""}",2245,1876,"{""name"":""polygon"",""all_points_x"":[4229,4228,4229,4232],""all_points_y"":[1940,1969,1969,1942]}","{""name"":""not_defined"",""type"":""unknown"",""image_quality"":{""good"":true,""frontal"":true,""good_illumination"":true}}"
9.png,66060342,"{""caption"":"""",""public_domain"":""no"",""image_url"":""""}",2245,1877,"{""name"":""polygon"",""all_points_x"":[4243,4243,4247,4246],""all_points_y"":[1608,1645,1642,1608]}","{""name"":""not_defined"",""type"":""unknown"",""image_quality"":{""good"":true,""frontal"":true,""good_illumination"":true}}"
9.png,66060342,"{""caption"":"""",""public_domain"":""no"",""image_url"":""""}",2245,1878,"{""name"":""polygon"",""all_points_x"":[4341,4334,4338,4343],""all_points_y"":[1420,1421,1471,1473]}","{""name"":""not_defined"",""type"":""unknown"",""image_quality"":{""good"":true,""frontal"":true,""good_illumination"":true}}"
9.png,66060342,"{""caption"":"""",""public_domain"":""no"",""image_url"":""""}",2245,1879,"{""name"":""polygon"",""all_points_x"":[4329,4321,4322,4336,4334],""all_points_y"":[1451,1463,1466,1448,1446]}","{""name"":""not_defined"",""type"":""unknown"",""image_quality"":{""good"":true,""frontal"":true,""good_illumination"":true}}"
9.png,66060342,"{""caption"":"""",""public_domain"":""no"",""image_url"":""""}",2245,1880,"{""name"":""polygon"",""all_points_x"":[4463,4456,4459,4463,4467],""all_points_y"":[1385,1433,1434,1417,1388]}","{""name"":""not_defined"",""type"":""unknown"",""image_quality"":{""good"":true,""frontal"":true,""good_illumination"":true}}"
9.png,66060342,"{""caption"":"""",""public_domain"":""no"",""image_url"":""""}",2245,1881,"{""name"":""polygon"",""all_points_x"":[4108,4103,4108,4114,4117,4110,4107],""all_points_y"":[1162,1162,1199,1221,1220,1191,1172]}","{""name"":""not_defined"",""type"":""unknown"",""image_quality"":{""good"":true,""frontal"":true,""good_illumination"":true}}"
9.png,66060342,"{""caption"":"""",""public_domain"":""no"",""image_url"":""""}",2245,1882,"{""name"":""polygon"",""all_points_x"":[4317,4308,4312,4321],""all_points_y"":[681,739,740,677]}","{""name"":""not_defined"",""type"":""unknown"",""image_quality"":{""good"":true,""frontal"":true,""good_illumination"":true}}"
9.png,66060342,"{""caption"":"""",""public_domain"":""no"",""image_url"":""""}",2245,1883,"{""name"":""polygon"",""all_points_x"":[4293,4291,4293,4304,4307,4297],""all_points_y"":[646,649,664,705,704,665]}","{""name"":""not_defined"",""type"":""unknown"",""image_quality"":{""good"":true,""frontal"":true,""good_illumination"":true}}"
9.png,66060342,"{""caption"":"""",""public_domain"":""no"",""image_url"":""""}",2245,1884,"{""name"":""polygon"",""all_points_x"":[4067,4037,4037,4073],""all_points_y"":[440,482,485,439]}","{""name"":""not_defined"",""type"":""unknown"",""image_quality"":{""good"":true,""frontal"":true,""good_illumination"":true}}"
9.png,66060342,"{""caption"":"""",""public_domain"":""no"",""image_url"":""""}",2245,1885,"{""name"":""polygon"",""all_points_x"":[4133,4129,4130,4133],""all_points_y"":[1397,1398,1434,1435]}","{""name"":""not_defined"",""type"":""unknown"",""image_quality"":{""good"":true,""frontal"":true,""good_illumination"":true}}"
9.png,66060342,"{""caption"":"""",""public_domain"":""no"",""image_url"":""""}",2245,1886,"{""name"":""polygon"",""all_points_x"":[4139,4136,4141,4146],""all_points_y"":[1395,1396,1444,1445]}","{""name"":""not_defined"",""type"":""unknown"",""image_quality"":{""good"":true,""frontal"":true,""good_illumination"":true}}"
9.png,66060342,"{""caption"":"""",""public_domain"":""no"",""image_url"":""""}",2245,1887,"{""name"":""polygon"",""all_points_x"":[3982,3986,3980,3976],""all_points_y"":[1758,1758,1715,1716]}","{""name"":""not_defined"",""type"":""unknown"",""image_quality"":{""good"":true,""frontal"":true,""good_illumination"":true}}"
9.png,66060342,"{""caption"":"""",""public_domain"":""no"",""image_url"":""""}",2245,1888,"{""name"":""polygon"",""all_points_x"":[4385,4382,4393,4397,4399,4396],""all_points_y"":[1449,1451,1486,1500,1499,1480]}","{""name"":""not_defined"",""type"":""unknown"",""image_quality"":{""good"":true,""frontal"":true,""good_illumination"":true}}"
9.png,66060342,"{""caption"":"""",""public_domain"":""no"",""image_url"":""""}",2245,1889,"{""name"":""polygon"",""all_points_x"":[4189,4187,4188,4188,4190],""all_points_y"":[1273,1273,1302,1320,1322]}","{""name"":""not_defined"",""type"":""unknown"",""image_quality"":{""good"":true,""frontal"":true,""good_illumination"":true}}"
9.png,66060342,"{""caption"":"""",""public_domain"":""no"",""image_url"":""""}",2245,1890,"{""name"":""polygon"",""all_points_x"":[4275,4272,4284,4287],""all_points_y"":[1262,1265,1308,1307]}","{""name"":""not_defined"",""type"":""unknown"",""image_quality"":{""good"":true,""frontal"":true,""good_illumination"":true}}"
9.png,66060342,"{""caption"":"""",""public_domain"":""no"",""image_url"":""""}",2245,1891,"{""name"":""polygon"",""all_points_x"":[5158,5073,5074,5159],""all_points_y"":[508,571,575,511]}","{""name"":""not_defined"",""type"":""unknown"",""image_quality"":{""good"":true,""frontal"":true,""good_illumination"":true}}"
9.png,66060342,"{""caption"":"""",""public_domain"":""no"",""image_url"":""""}",2245,1892,"{""name"":""polygon"",""all_points_x"":[4962,4898,4897,4947,4965],""all_points_y"":[884,912,915,895,886]}","{""name"":""not_defined"",""type"":""unknown"",""image_quality"":{""good"":true,""frontal"":true,""good_illumination"":true}}"
9.png,66060342,"{""caption"":"""",""public_domain"":""no"",""image_url"":""""}",2245,1893,"{""name"":""polygon"",""all_points_x"":[5176,5155,5157,5180],""all_points_y"":[2120,2178,2180,2118]}","{""name"":""not_defined"",""type"":""unknown"",""image_quality"":{""good"":true,""frontal"":true,""good_illumination"":true}}"
9.png,66060342,"{""caption"":"""",""public_domain"":""no"",""image_url"":""""}",2245,1894,"{""name"":""polygon"",""all_points_x"":[4376,4342,4343,4374],""all_points_y"":[2602,2622,2624,2608]}","{""name"":""not_defined"",""type"":""unknown"",""image_quality"":{""good"":true,""frontal"":true,""good_illumination"":true}}"
9.png,66060342,"{""caption"":"""",""public_domain"":""no"",""image_url"":""""}",2245,1895,"{""name"":""polygon"",""all_points_x"":[4431,4397,4400,4435],""all_points_y"":[2550,2593,2593,2551]}","{""name"":""not_defined"",""type"":""unknown"",""image_quality"":{""good"":true,""frontal"":true,""good_illumination"":true}}"
9.png,66060342,"{""caption"":"""",""public_domain"":""no"",""image_url"":""""}",2245,1896,"{""name"":""polygon"",""all_points_x"":[4280,4256,4258,4284],""all_points_y"":[2393,2442,2444,2393]}","{""name"":""not_defined"",""type"":""unknown"",""image_quality"":{""good"":true,""frontal"":true,""good_illumination"":true}}"
9.png,66060342,"{""caption"":"""",""public_domain"":""no"",""image_url"":""""}",2245,1897,"{""name"":""polygon"",""all_points_x"":[4356,4320,4322,4345,4358],""all_points_y"":[2423,2451,2455,2438,2425]}","{""name"":""not_defined"",""type"":""unknown"",""image_quality"":{""good"":true,""frontal"":true,""good_illumination"":true}}"
9.png,66060342,"{""caption"":"""",""public_domain"":""no"",""image_url"":""""}",2245,1898,"{""name"":""polygon"",""all_points_x"":[4250,4248,4273,4274],""all_points_y"":[761,762,798,796]}","{""name"":""not_defined"",""type"":""unknown"",""image_quality"":{""good"":true,""frontal"":true,""good_illumination"":true}}"
9.png,66060342,"{""caption"":"""",""public_domain"":""no"",""image_url"":""""}",2245,1899,"{""name"":""polygon"",""all_points_x"":[4218,4214,4224,4228],""all_points_y"":[374,375,428,428]}","{""name"":""not_defined"",""type"":""unknown"",""image_quality"":{""good"":true,""frontal"":true,""good_illumination"":true}}"
9.png,66060342,"{""caption"":"""",""public_domain"":""no"",""image_url"":""""}",2245,1900,"{""name"":""polygon"",""all_points_x"":[4351,4349,4359,4362,4377,4377,4363],""all_points_y"":[319,322,340,346,356,353,343]}","{""name"":""not_defined"",""type"":""unknown"",""image_quality"":{""good"":true,""frontal"":true,""good_illumination"":true}}"
9.png,66060342,"{""caption"":"""",""public_domain"":""no"",""image_url"":""""}",2245,1901,"{""name"":""polygon"",""all_points_x"":[3486,3483,3475,3478,3490,3490],""all_points_y"":[1485,1526,1563,1564,1502,1484]}","{""name"":""not_defined"",""type"":""unknown"",""image_quality"":{""good"":true,""frontal"":true,""good_illumination"":true}}"
9.png,66060342,"{""caption"":"""",""public_domain"":""no"",""image_url"":""""}",2245,1902,"{""name"":""polygon"",""all_points_x"":[3479,3485,3486,3483],""all_points_y"":[2414,2415,2369,2369]}","{""name"":""not_defined"",""type"":""unknown"",""image_quality"":{""good"":true,""frontal"":true,""good_illumination"":true}}"
9.png,66060342,"{""caption"":"""",""public_domain"":""no"",""image_url"":""""}",2245,1903,"{""name"":""polygon"",""all_points_x"":[3025,3023,3038,3040],""all_points_y"":[2131,2133,2180,2180]}","{""name"":""not_defined"",""type"":""unknown"",""image_quality"":{""good"":true,""frontal"":true,""good_illumination"":true}}"
9.png,66060342,"{""caption"":"""",""public_domain"":""no"",""image_url"":""""}",2245,1904,"{""name"":""polygon"",""all_points_x"":[2237,2235,2235,2233,2236],""all_points_y"":[3020,3020,3046,3065,3065]}","{""name"":""not_defined"",""type"":""unknown"",""image_quality"":{""good"":true,""frontal"":true,""good_illumination"":true}}"
9.png,66060342,"{""caption"":"""",""public_domain"":""no"",""image_url"":""""}",2245,1905,"{""name"":""polygon"",""all_points_x"":[623,620,640,647,653,680,682,653,644],""all_points_y"":[1810,1812,1829,1834,1841,1867,1864,1836,1828]}","{""name"":""not_defined"",""type"":""unknown"",""image_quality"":{""good"":true,""frontal"":true,""good_illumination"":true}}"
9.png,66060342,"{""caption"":"""",""public_domain"":""no"",""image_url"":""""}",2245,1906,"{""name"":""polygon"",""all_points_x"":[651,649,657,660],""all_points_y"":[1712,1716,1743,1742]}","{""name"":""not_defined"",""type"":""unknown"",""image_quality"":{""good"":true,""frontal"":true,""good_illumination"":true}}"
9.png,66060342,"{""caption"":"""",""public_domain"":""no"",""image_url"":""""}",2245,1907,"{""name"":""polygon"",""all_points_x"":[777,777,787,795,805,805,787],""all_points_y"":[1613,1616,1613,1613,1611,1610,1611]}","{""name"":""not_defined"",""type"":""unknown"",""image_quality"":{""good"":true,""frontal"":true,""good_illumination"":true}}"
9.png,66060342,"{""caption"":"""",""public_domain"":""no"",""image_url"":""""}",2245,1908,"{""name"":""polygon"",""all_points_x"":[248,231,233,251],""all_points_y"":[1556,1629,1629,1557]}","{""name"":""not_defined"",""type"":""unknown"",""image_quality"":{""good"":true,""frontal"":true,""good_illumination"":true}}"
9.png,66060342,"{""caption"":"""",""public_domain"":""no"",""image_url"":""""}",2245,1909,"{""name"":""polygon"",""all_points_x"":[820,820,838,866,870],""all_points_y"":[996,999,1013,1034,1031]}","{""name"":""not_defined"",""type"":""unknown"",""image_quality"":{""good"":true,""frontal"":true,""good_illumination"":true}}"
9.png,66060342,"{""caption"":"""",""public_domain"":""no"",""image_url"":""""}",2245,1910,"{""name"":""polygon"",""all_points_x"":[1127,1124,1146,1151,1153,1143],""all_points_y"":[719,721,747,749,746,737]}","{""name"":""not_defined"",""type"":""unknown"",""image_quality"":{""good"":true,""frontal"":true,""good_illumination"":true}}"
9.png,66060342,"{""caption"":"""",""public_domain"":""no"",""image_url"":""""}",2245,1911,"{""name"":""polygon"",""all_points_x"":[1632,1629,1638,1640],""all_points_y"":[948,949,990,990]}","{""name"":""not_defined"",""type"":""unknown"",""image_quality"":{""good"":true,""frontal"":true,""good_illumination"":true}}"
9.png,66060342,"{""caption"":"""",""public_domain"":""no"",""image_url"":""""}",2245,1912,"{""name"":""polygon"",""all_points_x"":[1576,1574,1590,1592],""all_points_y"":[1059,1059,1100,1101]}","{""name"":""not_defined"",""type"":""unknown"",""image_quality"":{""good"":true,""frontal"":true,""good_illumination"":true}}"
9.png,66060342,"{""caption"":"""",""public_domain"":""no"",""image_url"":""""}",2245,1913,"{""name"":""polygon"",""all_points_x"":[1571,1567,1590,1592],""all_points_y"":[1157,1161,1198,1198]}","{""name"":""not_defined"",""type"":""unknown"",""image_quality"":{""good"":true,""frontal"":true,""good_illumination"":true}}"
9.png,66060342,"{""caption"":"""",""public_domain"":""no"",""image_url"":""""}",2245,1914,"{""name"":""polygon"",""all_points_x"":[1343,1338,1352,1356],""all_points_y"":[1185,1187,1235,1230]}","{""name"":""not_defined"",""type"":""unknown"",""image_quality"":{""good"":true,""frontal"":true,""good_illumination"":true}}"
9.png,66060342,"{""caption"":"""",""public_domain"":""no"",""image_url"":""""}",2245,1915,"{""name"":""polygon"",""all_points_x"":[1713,1710,1709,1711],""all_points_y"":[676,674,748,748]}","{""name"":""not_defined"",""type"":""unknown"",""image_quality"":{""good"":true,""frontal"":true,""good_illumination"":true}}"
9.png,66060342,"{""caption"":"""",""public_domain"":""no"",""image_url"":""""}",2245,1916,"{""name"":""polygon"",""all_points_x"":[2181,2178,2201,2204],""all_points_y"":[888,888,940,941]}","{""name"":""not_defined"",""type"":""unknown"",""image_quality"":{""good"":true,""frontal"":true,""good_illumination"":true}}"
9.png,66060342,"{""caption"":"""",""public_domain"":""no"",""image_url"":""""}",2245,1917,"{""name"":""polygon"",""all_points_x"":[3905,3900,3927,3929],""all_points_y"":[806,809,833,827]}","{""name"":""not_defined"",""type"":""unknown"",""image_quality"":{""good"":true,""frontal"":true,""good_illumination"":true}}"
9.png,66060342,"{""caption"":"""",""public_domain"":""no"",""image_url"":""""}",2245,1918,"{""name"":""polygon"",""all_points_x"":[4009,4007,4039,4040,4040],""all_points_y"":[883,885,912,911,911]}","{""name"":""not_defined"",""type"":""unknown"",""image_quality"":{""good"":true,""frontal"":true,""good_illumination"":true}}"
9.png,66060342,"{""caption"":"""",""public_domain"":""no"",""image_url"":""""}",2245,1919,"{""name"":""polygon"",""all_points_x"":[4121,4103,4104,4122],""all_points_y"":[875,885,888,882]}","{""name"":""not_defined"",""type"":""unknown"",""image_quality"":{""good"":true,""frontal"":true,""good_illumination"":true}}"
9.png,66060342,"{""caption"":"""",""public_domain"":""no"",""image_url"":""""}",2245,1920,"{""name"":""polygon"",""all_points_x"":[4089,4084,4124,4128],""all_points_y"":[739,740,784,784]}","{""name"":""not_defined"",""type"":""unknown"",""image_quality"":{""good"":true,""frontal"":true,""good_illumination"":true}}"
9.png,66060342,"{""caption"":"""",""public_domain"":""no"",""image_url"":""""}",2245,1921,"{""name"":""polygon"",""all_points_x"":[4294,4290,4305,4307],""all_points_y"":[1953,1952,1984,1984]}","{""name"":""not_defined"",""type"":""unknown"",""image_quality"":{""good"":true,""frontal"":true,""good_illumination"":true}}"
9.png,66060342,"{""caption"":"""",""public_domain"":""no"",""image_url"":""""}",2245,1922,"{""name"":""polygon"",""all_points_x"":[4302,4300,4311,4314],""all_points_y"":[1954,1954,1989,1986]}","{""name"":""not_defined"",""type"":""unknown"",""image_quality"":{""good"":true,""frontal"":true,""good_illumination"":true}}"
9.png,66060342,"{""caption"":"""",""public_domain"":""no"",""image_url"":""""}",2245,1923,"{""name"":""polygon"",""all_points_x"":[4102,4095,4098,4105],""all_points_y"":[1535,1567,1571,1535]}","{""name"":""not_defined"",""type"":""unknown"",""image_quality"":{""good"":true,""frontal"":true,""good_illumination"":true}}"
9.png,66060342,"{""caption"":"""",""public_domain"":""no"",""image_url"":""""}",2245,1924,"{""name"":""polygon"",""all_points_x"":[4972,4959,4953,4953,4956,4958,4974],""all_points_y"":[1122,1172,1191,1213,1206,1187,1126]}","{""name"":""not_defined"",""type"":""unknown"",""image_quality"":{""good"":true,""frontal"":true,""good_illumination"":true}}"
9.png,66060342,"{""caption"":"""",""public_domain"":""no"",""image_url"":""""}",2245,1925,"{""name"":""polygon"",""all_points_x"":[4828,4822,4825,4830],""all_points_y"":[577,623,624,580]}","{""name"":""not_defined"",""type"":""unknown"",""image_quality"":{""good"":true,""frontal"":true,""good_illumination"":true}}"
9.png,66060342,"{""caption"":"""",""public_domain"":""no"",""image_url"":""""}",2245,1926,"{""name"":""polygon"",""all_points_x"":[4135,4127,4128,4137],""all_points_y"":[1908,1870,1863,1906]}","{""name"":""not_defined"",""type"":""unknown"",""image_quality"":{""good"":true,""frontal"":true,""good_illumination"":true}}"
9.png,66060342,"{""caption"":"""",""public_domain"":""no"",""image_url"":""""}",2245,1927,"{""name"":""polygon"",""all_points_x"":[2949,2952,2925,2925],""all_points_y"":[2470,2469,2430,2432]}","{""name"":""not_defined"",""type"":""unknown"",""image_quality"":{""good"":true,""frontal"":true,""good_illumination"":true}}"
9.png,66060342,"{""caption"":"""",""public_domain"":""no"",""image_url"":""""}",2245,1928,"{""name"":""polygon"",""all_points_x"":[3132,3128,3125,3128],""all_points_y"":[930,930,983,983]}","{""name"":""not_defined"",""type"":""unknown"",""image_quality"":{""good"":true,""frontal"":true,""good_illumination"":true}}"
9.png,66060342,"{""caption"":"""",""public_domain"":""no"",""image_url"":""""}",2245,1929,"{""name"":""polyline"",""all_points_x"":[876,872],""all_points_y"":[398,501]}","{""name"":""not_defined"",""type"":""unknown"",""image_quality"":{""good"":true,""frontal"":true,""good_illumination"":true}}"
9.png,66060342,"{""caption"":"""",""public_domain"":""no"",""image_url"":""""}",2245,1930,"{""name"":""polyline"",""all_points_x"":[951,912],""all_points_y"":[1743,1759]}","{""name"":""not_defined"",""type"":""unknown"",""image_quality"":{""good"":true,""frontal"":true,""good_illumination"":true}}"
9.png,66060342,"{""caption"":"""",""public_domain"":""no"",""image_url"":""""}",2245,1931,"{""name"":""polyline"",""all_points_x"":[782,806],""all_points_y"":[1974,2001]}","{""name"":""not_defined"",""type"":""unknown"",""image_quality"":{""good"":true,""frontal"":true,""good_illumination"":true}}"
9.png,66060342,"{""caption"":"""",""public_domain"":""no"",""image_url"":""""}",2245,1932,"{""name"":""polyline"",""all_points_x"":[1036,1055],""all_points_y"":[2261,2305]}","{""name"":""not_defined"",""type"":""unknown"",""image_quality"":{""good"":true,""frontal"":true,""good_illumination"":true}}"
9.png,66060342,"{""caption"":"""",""public_domain"":""no"",""image_url"":""""}",2245,1933,"{""name"":""polyline"",""all_points_x"":[937,993],""all_points_y"":[2261,2285]}","{""name"":""not_defined"",""type"":""unknown"",""image_quality"":{""good"":true,""frontal"":true,""good_illumination"":true}}"
9.png,66060342,"{""caption"":"""",""public_domain"":""no"",""image_url"":""""}",2245,1934,"{""name"":""polyline"",""all_points_x"":[1005,1045],""all_points_y"":[2344,2400]}","{""name"":""not_defined"",""type"":""unknown"",""image_quality"":{""good"":true,""frontal"":true,""good_illumination"":true}}"
9.png,66060342,"{""caption"":"""",""public_domain"":""no"",""image_url"":""""}",2245,1935,"{""name"":""polyline"",""all_points_x"":[862,891],""all_points_y"":[2388,2456]}","{""name"":""not_defined"",""type"":""unknown"",""image_quality"":{""good"":true,""frontal"":true,""good_illumination"":true}}"
9.png,66060342,"{""caption"":"""",""public_domain"":""no"",""image_url"":""""}",2245,1936,"{""name"":""polyline"",""all_points_x"":[846,858,889],""all_points_y"":[2424,2435,2456]}","{""name"":""not_defined"",""type"":""unknown"",""image_quality"":{""good"":true,""frontal"":true,""good_illumination"":true}}"
9.png,66060342,"{""caption"":"""",""public_domain"":""no"",""image_url"":""""}",2245,1937,"{""name"":""polyline"",""all_points_x"":[996,1016,1031],""all_points_y"":[2445,2461,2483]}","{""name"":""not_defined"",""type"":""unknown"",""image_quality"":{""good"":true,""frontal"":true,""good_illumination"":true}}"
9.png,66060342,"{""caption"":"""",""public_domain"":""no"",""image_url"":""""}",2245,1938,"{""name"":""polyline"",""all_points_x"":[263,268],""all_points_y"":[2636,2696]}","{""name"":""not_defined"",""type"":""unknown"",""image_quality"":{""good"":true,""frontal"":true,""good_illumination"":true}}"
9.png,66060342,"{""caption"":"""",""public_domain"":""no"",""image_url"":""""}",2245,1939,"{""name"":""polyline"",""all_points_x"":[336,361],""all_points_y"":[2540,2578]}","{""name"":""not_defined"",""type"":""unknown"",""image_quality"":{""good"":true,""frontal"":true,""good_illumination"":true}}"
9.png,66060342,"{""caption"":"""",""public_domain"":""no"",""image_url"":""""}",2245,1940,"{""name"":""polyline"",""all_points_x"":[334,354,362],""all_points_y"":[2549,2581,2600]}","{""name"":""not_defined"",""type"":""unknown"",""image_quality"":{""good"":true,""frontal"":true,""good_illumination"":true}}"
9.png,66060342,"{""caption"":"""",""public_domain"":""no"",""image_url"":""""}",2245,1941,"{""name"":""polyline"",""all_points_x"":[924,963],""all_points_y"":[2200,2241]}","{""name"":""not_defined"",""type"":""unknown"",""image_quality"":{""good"":true,""frontal"":true,""good_illumination"":true}}"
9.png,66060342,"{""caption"":"""",""public_domain"":""no"",""image_url"":""""}",2245,1942,"{""name"":""polyline"",""all_points_x"":[778,783],""all_points_y"":[2487,2532]}","{""name"":""not_defined"",""type"":""unknown"",""image_quality"":{""good"":true,""frontal"":true,""good_illumination"":true}}"
9.png,66060342,"{""caption"":"""",""public_domain"":""no"",""image_url"":""""}",2245,1943,"{""name"":""polyline"",""all_points_x"":[951,968],""all_points_y"":[2519,2583]}","{""name"":""not_defined"",""type"":""unknown"",""image_quality"":{""good"":true,""frontal"":true,""good_illumination"":true}}"
9.png,66060342,"{""caption"":"""",""public_domain"":""no"",""image_url"":""""}",2245,1944,"{""name"":""polyline"",""all_points_x"":[950,933],""all_points_y"":[2525,2593]}","{""name"":""not_defined"",""type"":""unknown"",""image_quality"":{""good"":true,""frontal"":true,""good_illumination"":true}}"
9.png,66060342,"{""caption"":"""",""public_domain"":""no"",""image_url"":""""}",2245,1945,"{""name"":""polyline"",""all_points_x"":[987,991,1002],""all_points_y"":[2549,2582,2617]}","{""name"":""not_defined"",""type"":""unknown"",""image_quality"":{""good"":true,""frontal"":true,""good_illumination"":true}}"
9.png,66060342,"{""caption"":"""",""public_domain"":""no"",""image_url"":""""}",2245,1946,"{""name"":""polyline"",""all_points_x"":[1129,1162],""all_points_y"":[2648,2725]}","{""name"":""not_defined"",""type"":""unknown"",""image_quality"":{""good"":true,""frontal"":true,""good_illumination"":true}}"
9.png,66060342,"{""caption"":"""",""public_domain"":""no"",""image_url"":""""}",2245,1947,"{""name"":""polyline"",""all_points_x"":[595,623],""all_points_y"":[2752,2794]}","{""name"":""not_defined"",""type"":""unknown"",""image_quality"":{""good"":true,""frontal"":true,""good_illumination"":true}}"
9.png,66060342,"{""caption"":"""",""public_domain"":""no"",""image_url"":""""}",2245,1948,"{""name"":""polyline"",""all_points_x"":[359,345],""all_points_y"":[3121,3180]}","{""name"":""not_defined"",""type"":""unknown"",""image_quality"":{""good"":true,""frontal"":true,""good_illumination"":true}}"
9.png,66060342,"{""caption"":"""",""public_domain"":""no"",""image_url"":""""}",2245,1949,"{""name"":""polyline"",""all_points_x"":[211,230],""all_points_y"":[2993,3044]}","{""name"":""not_defined"",""type"":""unknown"",""image_quality"":{""good"":true,""frontal"":true,""good_illumination"":true}}"
9.png,66060342,"{""caption"":"""",""public_domain"":""no"",""image_url"":""""}",2245,1950,"{""name"":""polyline"",""all_points_x"":[21,46],""all_points_y"":[3016,3065]}","{""name"":""not_defined"",""type"":""unknown"",""image_quality"":{""good"":true,""frontal"":true,""good_illumination"":true}}"
9.png,66060342,"{""caption"":"""",""public_domain"":""no"",""image_url"":""""}",2245,1951,"{""name"":""polyline"",""all_points_x"":[146,156],""all_points_y"":[3134,3178]}","{""name"":""not_defined"",""type"":""unknown"",""image_quality"":{""good"":true,""frontal"":true,""good_illumination"":true}}"
9.png,66060342,"{""caption"":"""",""public_domain"":""no"",""image_url"":""""}",2245,1952,"{""name"":""polyline"",""all_points_x"":[658,632],""all_points_y"":[3289,3341]}","{""name"":""not_defined"",""type"":""unknown"",""image_quality"":{""good"":true,""frontal"":true,""good_illumination"":true}}"
9.png,66060342,"{""caption"":"""",""public_domain"":""no"",""image_url"":""""}",2245,1953,"{""name"":""polyline"",""all_points_x"":[247,234],""all_points_y"":[3511,3577]}","{""name"":""not_defined"",""type"":""unknown"",""image_quality"":{""good"":true,""frontal"":true,""good_illumination"":true}}"
9.png,66060342,"{""caption"":"""",""public_domain"":""no"",""image_url"":""""}",2245,1954,"{""name"":""polygon"",""all_points_x"":[1,18,45,54,52,36,21,0],""all_points_y"":[3376,3374,3378,3382,3385,3383,3382,3382]}","{""name"":""not_defined"",""type"":""unknown"",""image_quality"":{""good"":true,""frontal"":true,""good_illumination"":true}}"
9.png,66060342,"{""caption"":"""",""public_domain"":""no"",""image_url"":""""}",2245,1955,"{""name"":""polyline"",""all_points_x"":[56,23],""all_points_y"":[3383,3448]}","{""name"":""not_defined"",""type"":""unknown"",""image_quality"":{""good"":true,""frontal"":true,""good_illumination"":true}}"
9.png,66060342,"{""caption"":"""",""public_domain"":""no"",""image_url"":""""}",2245,1956,"{""name"":""polyline"",""all_points_x"":[77,76],""all_points_y"":[3266,3311]}","{""name"":""not_defined"",""type"":""unknown"",""image_quality"":{""good"":true,""frontal"":true,""good_illumination"":true}}"
9.png,66060342,"{""caption"":"""",""public_domain"":""no"",""image_url"":""""}",2245,1957,"{""name"":""polyline"",""all_points_x"":[282,282],""all_points_y"":[3495,3538]}","{""name"":""not_defined"",""type"":""unknown"",""image_quality"":{""good"":true,""frontal"":true,""good_illumination"":true}}"
9.png,66060342,"{""caption"":"""",""public_domain"":""no"",""image_url"":""""}",2245,1958,"{""name"":""polyline"",""all_points_x"":[586,626],""all_points_y"":[3489,3526]}","{""name"":""not_defined"",""type"":""unknown"",""image_quality"":{""good"":true,""frontal"":true,""good_illumination"":true}}"
9.png,66060342,"{""caption"":"""",""public_domain"":""no"",""image_url"":""""}",2245,1959,"{""name"":""polyline"",""all_points_x"":[47,19],""all_points_y"":[3984,4080]}","{""name"":""not_defined"",""type"":""unknown"",""image_quality"":{""good"":true,""frontal"":true,""good_illumination"":true}}"
9.png,66060342,"{""caption"":"""",""public_domain"":""no"",""image_url"":""""}",2245,1960,"{""name"":""polyline"",""all_points_x"":[56,26],""all_points_y"":[4041,4088]}","{""name"":""not_defined"",""type"":""unknown"",""image_quality"":{""good"":true,""frontal"":true,""good_illumination"":true}}"
9.png,66060342,"{""caption"":"""",""public_domain"":""no"",""image_url"":""""}",2245,1961,"{""name"":""polyline"",""all_points_x"":[26,13],""all_points_y"":[4005,4082]}","{""name"":""not_defined"",""type"":""unknown"",""image_quality"":{""good"":true,""frontal"":true,""good_illumination"":true}}"
9.png,66060342,"{""caption"":"""",""public_domain"":""no"",""image_url"":""""}",2245,1962,"{""name"":""polyline"",""all_points_x"":[393,391],""all_points_y"":[4053,4094]}","{""name"":""not_defined"",""type"":""unknown"",""image_quality"":{""good"":true,""frontal"":true,""good_illumination"":true}}"
9.png,66060342,"{""caption"":"""",""public_domain"":""no"",""image_url"":""""}",2245,1963,"{""name"":""polyline"",""all_points_x"":[403,427],""all_points_y"":[3612,3672]}","{""name"":""not_defined"",""type"":""unknown"",""image_quality"":{""good"":true,""frontal"":true,""good_illumination"":true}}"
9.png,66060342,"{""caption"":"""",""public_domain"":""no"",""image_url"":""""}",2245,1964,"{""name"":""polyline"",""all_points_x"":[461,436],""all_points_y"":[3503,3563]}","{""name"":""not_defined"",""type"":""unknown"",""image_quality"":{""good"":true,""frontal"":true,""good_illumination"":true}}"
9.png,66060342,"{""caption"":"""",""public_domain"":""no"",""image_url"":""""}",2245,1965,"{""name"":""polyline"",""all_points_x"":[662,586],""all_points_y"":[3545,3612]}","{""name"":""not_defined"",""type"":""unknown"",""image_quality"":{""good"":true,""frontal"":true,""good_illumination"":true}}"
9.png,66060342,"{""caption"":"""",""public_domain"":""no"",""image_url"":""""}",2245,1966,"{""name"":""polyline"",""all_points_x"":[456,457],""all_points_y"":[3541,3594]}","{""name"":""not_defined"",""type"":""unknown"",""image_quality"":{""good"":true,""frontal"":true,""good_illumination"":true}}"
9.png,66060342,"{""caption"":"""",""public_domain"":""no"",""image_url"":""""}",2245,1967,"{""name"":""polyline"",""all_points_x"":[409,410],""all_points_y"":[3439,3513]}","{""name"":""not_defined"",""type"":""unknown"",""image_quality"":{""good"":true,""frontal"":true,""good_illumination"":true}}"
9.png,66060342,"{""caption"":"""",""public_domain"":""no"",""image_url"":""""}",2245,1968,"{""name"":""polyline"",""all_points_x"":[562,579],""all_points_y"":[3403,3458]}","{""name"":""not_defined"",""type"":""unknown"",""image_quality"":{""good"":true,""frontal"":true,""good_illumination"":true}}"
9.png,66060342,"{""caption"":"""",""public_domain"":""no"",""image_url"":""""}",2245,1969,"{""name"":""polyline"",""all_points_x"":[727,706],""all_points_y"":[3297,3336]}","{""name"":""not_defined"",""type"":""unknown"",""image_quality"":{""good"":true,""frontal"":true,""good_illumination"":true}}"
9.png,66060342,"{""caption"":"""",""public_domain"":""no"",""image_url"":""""}",2245,1970,"{""name"":""polyline"",""all_points_x"":[690,667],""all_points_y"":[3355,3410]}","{""name"":""not_defined"",""type"":""unknown"",""image_quality"":{""good"":true,""frontal"":true,""good_illumination"":true}}"
9.png,66060342,"{""caption"":"""",""public_domain"":""no"",""image_url"":""""}",2245,1971,"{""name"":""polyline"",""all_points_x"":[706,638],""all_points_y"":[3355,3441]}","{""name"":""not_defined"",""type"":""unknown"",""image_quality"":{""good"":true,""frontal"":true,""good_illumination"":true}}"
9.png,66060342,"{""caption"":"""",""public_domain"":""no"",""image_url"":""""}",2245,1972,"{""name"":""polyline"",""all_points_x"":[666,624],""all_points_y"":[3416,3468]}","{""name"":""not_defined"",""type"":""unknown"",""image_quality"":{""good"":true,""frontal"":true,""good_illumination"":true}}"
9.png,66060342,"{""caption"":"""",""public_domain"":""no"",""image_url"":""""}",2245,1973,"{""name"":""polyline"",""all_points_x"":[830,827],""all_points_y"":[3301,3376]}","{""name"":""not_defined"",""type"":""unknown"",""image_quality"":{""good"":true,""frontal"":true,""good_illumination"":true}}"
9.png,66060342,"{""caption"":"""",""public_domain"":""no"",""image_url"":""""}",2245,1974,"{""name"":""polyline"",""all_points_x"":[1033,1033],""all_points_y"":[3051,3128]}","{""name"":""not_defined"",""type"":""unknown"",""image_quality"":{""good"":true,""frontal"":true,""good_illumination"":true}}"
9.png,66060342,"{""caption"":"""",""public_domain"":""no"",""image_url"":""""}",2245,1975,"{""name"":""polyline"",""all_points_x"":[1043,1037],""all_points_y"":[3059,3126]}","{""name"":""not_defined"",""type"":""unknown"",""image_quality"":{""good"":true,""frontal"":true,""good_illumination"":true}}"
9.png,66060342,"{""caption"":"""",""public_domain"":""no"",""image_url"":""""}",2245,1976,"{""name"":""polyline"",""all_points_x"":[964,991,1011],""all_points_y"":[2956,2958,2966]}","{""name"":""not_defined"",""type"":""unknown"",""image_quality"":{""good"":true,""frontal"":true,""good_illumination"":true}}"
9.png,66060342,"{""caption"":"""",""public_domain"":""no"",""image_url"":""""}",2245,1977,"{""name"":""polyline"",""all_points_x"":[990,1013],""all_points_y"":[2453,2480]}","{""name"":""not_defined"",""type"":""unknown"",""image_quality"":{""good"":true,""frontal"":true,""good_illumination"":true}}"
9.png,66060342,"{""caption"":"""",""public_domain"":""no"",""image_url"":""""}",2245,1978,"{""name"":""polyline"",""all_points_x"":[794,815],""all_points_y"":[1910,1946]}","{""name"":""not_defined"",""type"":""unknown"",""image_quality"":{""good"":true,""frontal"":true,""good_illumination"":true}}"
9.png,66060342,"{""caption"":"""",""public_domain"":""no"",""image_url"":""""}",2245,1979,"{""name"":""polyline"",""all_points_x"":[1626,1645,1660],""all_points_y"":[775,809,840]}","{""name"":""not_defined"",""type"":""unknown"",""image_quality"":{""good"":true,""frontal"":true,""good_illumination"":true}}"
9.png,66060342,"{""caption"":"""",""public_domain"":""no"",""image_url"":""""}",2245,1980,"{""name"":""polyline"",""all_points_x"":[1666,1675,1686,1693],""all_points_y"":[1103,1122,1143,1164]}","{""name"":""not_defined"",""type"":""unknown"",""image_quality"":{""good"":true,""frontal"":true,""good_illumination"":true}}"
9.png,66060342,"{""caption"":"""",""public_domain"":""no"",""image_url"":""""}",2245,1981,"{""name"":""polyline"",""all_points_x"":[1234,1231],""all_points_y"":[1327,1372]}","{""name"":""not_defined"",""type"":""unknown"",""image_quality"":{""good"":true,""frontal"":true,""good_illumination"":true}}"
9.png,66060342,"{""caption"":"""",""public_domain"":""no"",""image_url"":""""}",2245,1982,"{""name"":""polyline"",""all_points_x"":[1426,1431],""all_points_y"":[1373,1408]}","{""name"":""not_defined"",""type"":""unknown"",""image_quality"":{""good"":true,""frontal"":true,""good_illumination"":true}}"
9.png,66060342,"{""caption"":"""",""public_domain"":""no"",""image_url"":""""}",2245,1983,"{""name"":""polyline"",""all_points_x"":[1454,1453],""all_points_y"":[1366,1402]}","{""name"":""not_defined"",""type"":""unknown"",""image_quality"":{""good"":true,""frontal"":true,""good_illumination"":true}}"
9.png,66060342,"{""caption"":"""",""public_domain"":""no"",""image_url"":""""}",2245,1984,"{""name"":""polyline"",""all_points_x"":[2181,2193,2208],""all_points_y"":[789,818,841]}","{""name"":""not_defined"",""type"":""unknown"",""image_quality"":{""good"":true,""frontal"":true,""good_illumination"":true}}"
9.png,66060342,"{""caption"":"""",""public_domain"":""no"",""image_url"":""""}",2245,1985,"{""name"":""polyline"",""all_points_x"":[1231,1234],""all_points_y"":[1317,1328]}","{""name"":""not_defined"",""type"":""unknown"",""image_quality"":{""good"":true,""frontal"":true,""good_illumination"":true}}"
9.png,66060342,"{""caption"":"""",""public_domain"":""no"",""image_url"":""""}",2245,1986,"{""name"":""polyline"",""all_points_x"":[1599,1565],""all_points_y"":[1165,1212]}","{""name"":""not_defined"",""type"":""unknown"",""image_quality"":{""good"":true,""frontal"":true,""good_illumination"":true}}"
9.png,66060342,"{""caption"":"""",""public_domain"":""no"",""image_url"":""""}",2245,1987,"{""name"":""polyline"",""all_points_x"":[1381,1427],""all_points_y"":[1954,1990]}","{""name"":""not_defined"",""type"":""unknown"",""image_quality"":{""good"":true,""frontal"":true,""good_illumination"":true}}"
9.png,66060342,"{""caption"":"""",""public_domain"":""no"",""image_url"":""""}",2245,1988,"{""name"":""polyline"",""all_points_x"":[1698,1666],""all_points_y"":[2059,2079]}","{""name"":""not_defined"",""type"":""unknown"",""image_quality"":{""good"":true,""frontal"":true,""good_illumination"":true}}"
9.png,66060342,"{""caption"":"""",""public_domain"":""no"",""image_url"":""""}",2245,1989,"{""name"":""polyline"",""all_points_x"":[1792,1818],""all_points_y"":[2199,2257]}","{""name"":""not_defined"",""type"":""unknown"",""image_quality"":{""good"":true,""frontal"":true,""good_illumination"":true}}"
9.png,66060342,"{""caption"":"""",""public_domain"":""no"",""image_url"":""""}",2245,1990,"{""name"":""polygon"",""all_points_x"":[1728,1723,1715,1719,1724,1731],""all_points_y"":[2258,2285,2340,2341,2315,2263]}","{""name"":""not_defined"",""type"":""unknown"",""image_quality"":{""good"":true,""frontal"":true,""good_illumination"":true}}"
9.png,66060342,"{""caption"":"""",""public_domain"":""no"",""image_url"":""""}",2245,1991,"{""name"":""polyline"",""all_points_x"":[1281,1308],""all_points_y"":[2314,2388]}","{""name"":""not_defined"",""type"":""unknown"",""image_quality"":{""good"":true,""frontal"":true,""good_illumination"":true}}"
9.png,66060342,"{""caption"":"""",""public_domain"":""no"",""image_url"":""""}",2245,1992,"{""name"":""polyline"",""all_points_x"":[1601,1615],""all_points_y"":[2398,2438]}","{""name"":""not_defined"",""type"":""unknown"",""image_quality"":{""good"":true,""frontal"":true,""good_illumination"":true}}"
9.png,66060342,"{""caption"":"""",""public_domain"":""no"",""image_url"":""""}",2245,1993,"{""name"":""polyline"",""all_points_x"":[1790,1757],""all_points_y"":[2320,2412]}","{""name"":""not_defined"",""type"":""unknown"",""image_quality"":{""good"":true,""frontal"":true,""good_illumination"":true}}"
9.png,66060342,"{""caption"":"""",""public_domain"":""no"",""image_url"":""""}",2245,1994,"{""name"":""polyline"",""all_points_x"":[2134,2160],""all_points_y"":[2296,2364]}","{""name"":""not_defined"",""type"":""unknown"",""image_quality"":{""good"":true,""frontal"":true,""good_illumination"":true}}"
9.png,66060342,"{""caption"":"""",""public_domain"":""no"",""image_url"":""""}",2245,1995,"{""name"":""polyline"",""all_points_x"":[2137,2166],""all_points_y"":[2275,2346]}","{""name"":""not_defined"",""type"":""unknown"",""image_quality"":{""good"":true,""frontal"":true,""good_illumination"":true}}"
9.png,66060342,"{""caption"":"""",""public_domain"":""no"",""image_url"":""""}",2245,1996,"{""name"":""polyline"",""all_points_x"":[1821,1794],""all_points_y"":[2322,2389]}","{""name"":""not_defined"",""type"":""unknown"",""image_quality"":{""good"":true,""frontal"":true,""good_illumination"":true}}"
9.png,66060342,"{""caption"":"""",""public_domain"":""no"",""image_url"":""""}",2245,1997,"{""name"":""polyline"",""all_points_x"":[1380,1349],""all_points_y"":[2665,2747]}","{""name"":""not_defined"",""type"":""unknown"",""image_quality"":{""good"":true,""frontal"":true,""good_illumination"":true}}"
9.png,66060342,"{""caption"":"""",""public_domain"":""no"",""image_url"":""""}",2245,1998,"{""name"":""polyline"",""all_points_x"":[1203,1219,1234],""all_points_y"":[2671,2691,2712]}","{""name"":""not_defined"",""type"":""unknown"",""image_quality"":{""good"":true,""frontal"":true,""good_illumination"":true}}"
9.png,66060342,"{""caption"":"""",""public_domain"":""no"",""image_url"":""""}",2245,1999,"{""name"":""polyline"",""all_points_x"":[1919,1923,1934],""all_points_y"":[2651,2672,2698]}","{""name"":""not_defined"",""type"":""unknown"",""image_quality"":{""good"":true,""frontal"":true,""good_illumination"":true}}"
9.png,66060342,"{""caption"":"""",""public_domain"":""no"",""image_url"":""""}",2245,2000,"{""name"":""polyline"",""all_points_x"":[1944,1974],""all_points_y"":[2680,2745]}","{""name"":""not_defined"",""type"":""unknown"",""image_quality"":{""good"":true,""frontal"":true,""good_illumination"":true}}"
9.png,66060342,"{""caption"":"""",""public_domain"":""no"",""image_url"":""""}",2245,2001,"{""name"":""polygon"",""all_points_x"":[1632,1654,1674,1699,1711,1715,1693,1661,1639,1631],""all_points_y"":[2656,2636,2616,2591,2582,2584,2605,2636,2658,2658]}","{""name"":""not_defined"",""type"":""unknown"",""image_quality"":{""good"":true,""frontal"":true,""good_illumination"":true}}"
9.png,66060342,"{""caption"":"""",""public_domain"":""no"",""image_url"":""""}",2245,2002,"{""name"":""polyline"",""all_points_x"":[1887,1873],""all_points_y"":[2593,2626]}","{""name"":""not_defined"",""type"":""unknown"",""image_quality"":{""good"":true,""frontal"":true,""good_illumination"":true}}"
9.png,66060342,"{""caption"":"""",""public_domain"":""no"",""image_url"":""""}",2245,2003,"{""name"":""polyline"",""all_points_x"":[2108,2115],""all_points_y"":[2336,2393]}","{""name"":""not_defined"",""type"":""unknown"",""image_quality"":{""good"":true,""frontal"":true,""good_illumination"":true}}"
9.png,66060342,"{""caption"":"""",""public_domain"":""no"",""image_url"":""""}",2245,2004,"{""name"":""polygon"",""all_points_x"":[1866,1869,1869,1872,1872,1875,1874,1873,1872,1871],""all_points_y"":[2286,2318,2353,2393,2416,2416,2384,2351,2314,2285]}","{""name"":""not_defined"",""type"":""unknown"",""image_quality"":{""good"":true,""frontal"":true,""good_illumination"":true}}"
9.png,66060342,"{""caption"":"""",""public_domain"":""no"",""image_url"":""""}",2245,2005,"{""name"":""polyline"",""all_points_x"":[2103,2115],""all_points_y"":[2549,2600]}","{""name"":""not_defined"",""type"":""unknown"",""image_quality"":{""good"":true,""frontal"":true,""good_illumination"":true}}"
9.png,66060342,"{""caption"":"""",""public_domain"":""no"",""image_url"":""""}",2245,2006,"{""name"":""polyline"",""all_points_x"":[2063,2088,2110,2128,2154],""all_points_y"":[2737,2765,2794,2818,2863]}","{""name"":""not_defined"",""type"":""unknown"",""image_quality"":{""good"":true,""frontal"":true,""good_illumination"":true}}"
9.png,66060342,"{""caption"":"""",""public_domain"":""no"",""image_url"":""""}",2245,2007,"{""name"":""polyline"",""all_points_x"":[2132,2128],""all_points_y"":[2846,2889]}","{""name"":""not_defined"",""type"":""unknown"",""image_quality"":{""good"":true,""frontal"":true,""good_illumination"":true}}"
9.png,66060342,"{""caption"":"""",""public_domain"":""no"",""image_url"":""""}",2245,2008,"{""name"":""polyline"",""all_points_x"":[1915,1923,1929],""all_points_y"":[2837,2871,2916]}","{""name"":""not_defined"",""type"":""unknown"",""image_quality"":{""good"":true,""frontal"":true,""good_illumination"":true}}"
9.png,66060342,"{""caption"":"""",""public_domain"":""no"",""image_url"":""""}",2245,2009,"{""name"":""polyline"",""all_points_x"":[1838,1881],""all_points_y"":[2772,2798]}","{""name"":""not_defined"",""type"":""unknown"",""image_quality"":{""good"":true,""frontal"":true,""good_illumination"":true}}"
9.png,66060342,"{""caption"":"""",""public_domain"":""no"",""image_url"":""""}",2245,2010,"{""name"":""polyline"",""all_points_x"":[1916,1924],""all_points_y"":[2546,2594]}","{""name"":""not_defined"",""type"":""unknown"",""image_quality"":{""good"":true,""frontal"":true,""good_illumination"":true}}"
9.png,66060342,"{""caption"":"""",""public_domain"":""no"",""image_url"":""""}",2245,2011,"{""name"":""polyline"",""all_points_x"":[1976,2011],""all_points_y"":[2547,2539]}","{""name"":""not_defined"",""type"":""unknown"",""image_quality"":{""good"":true,""frontal"":true,""good_illumination"":true}}"
9.png,66060342,"{""caption"":"""",""public_domain"":""no"",""image_url"":""""}",2245,2012,"{""name"":""polyline"",""all_points_x"":[2134,2163,2172],""all_points_y"":[2451,2551,2569]}","{""name"":""not_defined"",""type"":""unknown"",""image_quality"":{""good"":true,""frontal"":true,""good_illumination"":true}}"
9.png,66060342,"{""caption"":"""",""public_domain"":""no"",""image_url"":""""}",2245,2013,"{""name"":""polyline"",""all_points_x"":[2128,2134],""all_points_y"":[2395,2427]}","{""name"":""not_defined"",""type"":""unknown"",""image_quality"":{""good"":true,""frontal"":true,""good_illumination"":true}}"
9.png,66060342,"{""caption"":"""",""public_domain"":""no"",""image_url"":""""}",2245,2014,"{""name"":""polyline"",""all_points_x"":[1354,1362,1369],""all_points_y"":[2557,2590,2626]}","{""name"":""not_defined"",""type"":""unknown"",""image_quality"":{""good"":true,""frontal"":true,""good_illumination"":true}}"
9.png,66060342,"{""caption"":"""",""public_domain"":""no"",""image_url"":""""}",2245,2015,"{""name"":""polyline"",""all_points_x"":[1909,1923],""all_points_y"":[2933,3004]}","{""name"":""not_defined"",""type"":""unknown"",""image_quality"":{""good"":true,""frontal"":true,""good_illumination"":true}}"
9.png,66060342,"{""caption"":"""",""public_domain"":""no"",""image_url"":""""}",2245,2016,"{""name"":""polyline"",""all_points_x"":[1936,1959],""all_points_y"":[2958,3024]}","{""name"":""not_defined"",""type"":""unknown"",""image_quality"":{""good"":true,""frontal"":true,""good_illumination"":true}}"
9.png,66060342,"{""caption"":"""",""public_domain"":""no"",""image_url"":""""}",2245,2017,"{""name"":""polyline"",""all_points_x"":[1571,1553],""all_points_y"":[2886,2916]}","{""name"":""not_defined"",""type"":""unknown"",""image_quality"":{""good"":true,""frontal"":true,""good_illumination"":true}}"
9.png,66060342,"{""caption"":"""",""public_domain"":""no"",""image_url"":""""}",2245,2018,"{""name"":""polyline"",""all_points_x"":[1553,1530],""all_points_y"":[2998,3052]}","{""name"":""not_defined"",""type"":""unknown"",""image_quality"":{""good"":true,""frontal"":true,""good_illumination"":true}}"
9.png,66060342,"{""caption"":"""",""public_domain"":""no"",""image_url"":""""}",2245,2019,"{""name"":""polyline"",""all_points_x"":[1647,1631],""all_points_y"":[3419,3457]}","{""name"":""not_defined"",""type"":""unknown"",""image_quality"":{""good"":true,""frontal"":true,""good_illumination"":true}}"
9.png,66060342,"{""caption"":"""",""public_domain"":""no"",""image_url"":""""}",2245,2020,"{""name"":""polyline"",""all_points_x"":[1434,1492,1523],""all_points_y"":[3418,3367,3338]}","{""name"":""not_defined"",""type"":""unknown"",""image_quality"":{""good"":true,""frontal"":true,""good_illumination"":true}}"
9.png,66060342,"{""caption"":"""",""public_domain"":""no"",""image_url"":""""}",2245,2021,"{""name"":""polyline"",""all_points_x"":[1552,1527],""all_points_y"":[3195,3243]}","{""name"":""not_defined"",""type"":""unknown"",""image_quality"":{""good"":true,""frontal"":true,""good_illumination"":true}}"
9.png,66060342,"{""caption"":"""",""public_domain"":""no"",""image_url"":""""}",2245,2022,"{""name"":""polyline"",""all_points_x"":[1843,1838],""all_points_y"":[3220,3270]}","{""name"":""not_defined"",""type"":""unknown"",""image_quality"":{""good"":true,""frontal"":true,""good_illumination"":true}}"
9.png,66060342,"{""caption"":"""",""public_domain"":""no"",""image_url"":""""}",2245,2023,"{""name"":""polygon"",""all_points_x"":[1845,1849,1866,1892,1920,1944,1966,1961,1938],""all_points_y"":[3343,3348,3335,3314,3292,3272,3256,3251,3271]}","{""name"":""not_defined"",""type"":""unknown"",""image_quality"":{""good"":true,""frontal"":true,""good_illumination"":true}}"
9.png,66060342,"{""caption"":"""",""public_domain"":""no"",""image_url"":""""}",2245,2024,"{""name"":""polyline"",""all_points_x"":[1986,1988,1982],""all_points_y"":[3494,3539,3602]}","{""name"":""not_defined"",""type"":""unknown"",""image_quality"":{""good"":true,""frontal"":true,""good_illumination"":true}}"
9.png,66060342,"{""caption"":"""",""public_domain"":""no"",""image_url"":""""}",2245,2025,"{""name"":""polyline"",""all_points_x"":[1826,1905],""all_points_y"":[3520,3566]}","{""name"":""not_defined"",""type"":""unknown"",""image_quality"":{""good"":true,""frontal"":true,""good_illumination"":true}}"
9.png,66060342,"{""caption"":"""",""public_domain"":""no"",""image_url"":""""}",2245,2026,"{""name"":""polyline"",""all_points_x"":[1320,1301,1295],""all_points_y"":[3455,3513,3531]}","{""name"":""not_defined"",""type"":""unknown"",""image_quality"":{""good"":true,""frontal"":true,""good_illumination"":true}}"
9.png,66060342,"{""caption"":"""",""public_domain"":""no"",""image_url"":""""}",2245,2027,"{""name"":""polyline"",""all_points_x"":[1760,1761],""all_points_y"":[3785,3906]}","{""name"":""not_defined"",""type"":""unknown"",""image_quality"":{""good"":true,""frontal"":true,""good_illumination"":true}}"
9.png,66060342,"{""caption"":"""",""public_domain"":""no"",""image_url"":""""}",2245,2028,"{""name"":""polyline"",""all_points_x"":[1922,1878],""all_points_y"":[3699,3750]}","{""name"":""not_defined"",""type"":""unknown"",""image_quality"":{""good"":true,""frontal"":true,""good_illumination"":true}}"
9.png,66060342,"{""caption"":"""",""public_domain"":""no"",""image_url"":""""}",2245,2029,"{""name"":""polyline"",""all_points_x"":[1971,1980],""all_points_y"":[3389,3449]}","{""name"":""not_defined"",""type"":""unknown"",""image_quality"":{""good"":true,""frontal"":true,""good_illumination"":true}}"
9.png,66060342,"{""caption"":"""",""public_domain"":""no"",""image_url"":""""}",2245,2030,"{""name"":""polyline"",""all_points_x"":[1981,1985,1988],""all_points_y"":[3376,3414,3433]}","{""name"":""not_defined"",""type"":""unknown"",""image_quality"":{""good"":true,""frontal"":true,""good_illumination"":true}}"
9.png,66060342,"{""caption"":"""",""public_domain"":""no"",""image_url"":""""}",2245,2031,"{""name"":""polyline"",""all_points_x"":[1493,1523],""all_points_y"":[4050,4087]}","{""name"":""not_defined"",""type"":""unknown"",""image_quality"":{""good"":true,""frontal"":true,""good_illumination"":true}}"
9.png,66060342,"{""caption"":"""",""public_domain"":""no"",""image_url"":""""}",2245,2032,"{""name"":""polyline"",""all_points_x"":[1503,1530],""all_points_y"":[4051,4086]}","{""name"":""not_defined"",""type"":""unknown"",""image_quality"":{""good"":true,""frontal"":true,""good_illumination"":true}}"
9.png,66060342,"{""caption"":"""",""public_domain"":""no"",""image_url"":""""}",2245,2033,"{""name"":""polyline"",""all_points_x"":[1397,1380],""all_points_y"":[4061,4094]}","{""name"":""not_defined"",""type"":""unknown"",""image_quality"":{""good"":true,""frontal"":true,""good_illumination"":true}}"
9.png,66060342,"{""caption"":"""",""public_domain"":""no"",""image_url"":""""}",2245,2034,"{""name"":""polyline"",""all_points_x"":[2400,2353],""all_points_y"":[3943,4005]}","{""name"":""not_defined"",""type"":""unknown"",""image_quality"":{""good"":true,""frontal"":true,""good_illumination"":true}}"
9.png,66060342,"{""caption"":"""",""public_domain"":""no"",""image_url"":""""}",2245,2035,"{""name"":""polyline"",""all_points_x"":[2344,2345,2346,2352],""all_points_y"":[3563,3605,3647,3685]}","{""name"":""not_defined"",""type"":""unknown"",""image_quality"":{""good"":true,""frontal"":true,""good_illumination"":true}}"
9.png,66060342,"{""caption"":"""",""public_domain"":""no"",""image_url"":""""}",2245,2036,"{""name"":""polyline"",""all_points_x"":[2673,2621],""all_points_y"":[3316,3398]}","{""name"":""not_defined"",""type"":""unknown"",""image_quality"":{""good"":true,""frontal"":true,""good_illumination"":true}}"
9.png,66060342,"{""caption"":"""",""public_domain"":""no"",""image_url"":""""}",2245,2037,"{""name"":""polyline"",""all_points_x"":[2677,2586],""all_points_y"":[3298,3436]}","{""name"":""not_defined"",""type"":""unknown"",""image_quality"":{""good"":true,""frontal"":true,""good_illumination"":true}}"
9.png,66060342,"{""caption"":"""",""public_domain"":""no"",""image_url"":""""}",2245,2038,"{""name"":""polyline"",""all_points_x"":[2576,2565],""all_points_y"":[3185,3237]}","{""name"":""not_defined"",""type"":""unknown"",""image_quality"":{""good"":true,""frontal"":true,""good_illumination"":true}}"
9.png,66060342,"{""caption"":"""",""public_domain"":""no"",""image_url"":""""}",2245,2039,"{""name"":""polyline"",""all_points_x"":[2562,2546],""all_points_y"":[3182,3241]}","{""name"":""not_defined"",""type"":""unknown"",""image_quality"":{""good"":true,""frontal"":true,""good_illumination"":true}}"
9.png,66060342,"{""caption"":"""",""public_domain"":""no"",""image_url"":""""}",2245,2040,"{""name"":""polyline"",""all_points_x"":[2776,2772],""all_points_y"":[3257,3271]}","{""name"":""not_defined"",""type"":""unknown"",""image_quality"":{""good"":true,""frontal"":true,""good_illumination"":true}}"
9.png,66060342,"{""caption"":"""",""public_domain"":""no"",""image_url"":""""}",2245,2041,"{""name"":""polyline"",""all_points_x"":[2784,2779],""all_points_y"":[3261,3276]}","{""name"":""not_defined"",""type"":""unknown"",""image_quality"":{""good"":true,""frontal"":true,""good_illumination"":true}}"
9.png,66060342,"{""caption"":"""",""public_domain"":""no"",""image_url"":""""}",2245,2042,"{""name"":""polyline"",""all_points_x"":[2749,2823],""all_points_y"":[3277,3271]}","{""name"":""not_defined"",""type"":""unknown"",""image_quality"":{""good"":true,""frontal"":true,""good_illumination"":true}}"
9.png,66060342,"{""caption"":"""",""public_domain"":""no"",""image_url"":""""}",2245,2043,"{""name"":""polyline"",""all_points_x"":[2828,2786],""all_points_y"":[3290,3229]}","{""name"":""not_defined"",""type"":""unknown"",""image_quality"":{""good"":true,""frontal"":true,""good_illumination"":true}}"
9.png,66060342,"{""caption"":"""",""public_domain"":""no"",""image_url"":""""}",2245,2044,"{""name"":""polyline"",""all_points_x"":[2910,2907],""all_points_y"":[3111,3164]}","{""name"":""not_defined"",""type"":""unknown"",""image_quality"":{""good"":true,""frontal"":true,""good_illumination"":true}}"
9.png,66060342,"{""caption"":"""",""public_domain"":""no"",""image_url"":""""}",2245,2045,"{""name"":""polyline"",""all_points_x"":[2900,2875,2862],""all_points_y"":[3057,3123,3145]}","{""name"":""not_defined"",""type"":""unknown"",""image_quality"":{""good"":true,""frontal"":true,""good_illumination"":true}}"
9.png,66060342,"{""caption"":"""",""public_domain"":""no"",""image_url"":""""}",2245,2046,"{""name"":""polyline"",""all_points_x"":[2831,2785,2753],""all_points_y"":[3100,3211,3273]}","{""name"":""not_defined"",""type"":""unknown"",""image_quality"":{""good"":true,""frontal"":true,""good_illumination"":true}}"
9.png,66060342,"{""caption"":"""",""public_domain"":""no"",""image_url"":""""}",2245,2047,"{""name"":""polyline"",""all_points_x"":[2037,2056],""all_points_y"":[2975,3041]}","{""name"":""not_defined"",""type"":""unknown"",""image_quality"":{""good"":true,""frontal"":true,""good_illumination"":true}}"
9.png,66060342,"{""caption"":"""",""public_domain"":""no"",""image_url"":""""}",2245,2048,"{""name"":""polyline"",""all_points_x"":[2023,2042],""all_points_y"":[2995,3067]}","{""name"":""not_defined"",""type"":""unknown"",""image_quality"":{""good"":true,""frontal"":true,""good_illumination"":true}}"
9.png,66060342,"{""caption"":"""",""public_domain"":""no"",""image_url"":""""}",2245,2049,"{""name"":""polyline"",""all_points_x"":[2006,2018],""all_points_y"":[3003,3070]}","{""name"":""not_defined"",""type"":""unknown"",""image_quality"":{""good"":true,""frontal"":true,""good_illumination"":true}}"
9.png,66060342,"{""caption"":"""",""public_domain"":""no"",""image_url"":""""}",2245,2050,"{""name"":""polyline"",""all_points_x"":[2106,2088],""all_points_y"":[2964,3019]}","{""name"":""not_defined"",""type"":""unknown"",""image_quality"":{""good"":true,""frontal"":true,""good_illumination"":true}}"
9.png,66060342,"{""caption"":"""",""public_domain"":""no"",""image_url"":""""}",2245,2051,"{""name"":""polyline"",""all_points_x"":[2364,2382],""all_points_y"":[3158,3244]}","{""name"":""not_defined"",""type"":""unknown"",""image_quality"":{""good"":true,""frontal"":true,""good_illumination"":true}}"
9.png,66060342,"{""caption"":"""",""public_domain"":""no"",""image_url"":""""}",2245,2052,"{""name"":""polyline"",""all_points_x"":[2522,2537],""all_points_y"":[3147,3209]}","{""name"":""not_defined"",""type"":""unknown"",""image_quality"":{""good"":true,""frontal"":true,""good_illumination"":true}}"
9.png,66060342,"{""caption"":"""",""public_domain"":""no"",""image_url"":""""}",2245,2053,"{""name"":""polyline"",""all_points_x"":[2929,2923],""all_points_y"":[3037,3103]}","{""name"":""not_defined"",""type"":""unknown"",""image_quality"":{""good"":true,""frontal"":true,""good_illumination"":true}}"
9.png,66060342,"{""caption"":"""",""public_domain"":""no"",""image_url"":""""}",2245,2054,"{""name"":""polyline"",""all_points_x"":[3110,3109],""all_points_y"":[2771,2815]}","{""name"":""not_defined"",""type"":""unknown"",""image_quality"":{""good"":true,""frontal"":true,""good_illumination"":true}}"
9.png,66060342,"{""caption"":"""",""public_domain"":""no"",""image_url"":""""}",2245,2055,"{""name"":""polyline"",""all_points_x"":[3114,3115],""all_points_y"":[2773,2814]}","{""name"":""not_defined"",""type"":""unknown"",""image_quality"":{""good"":true,""frontal"":true,""good_illumination"":true}}"
9.png,66060342,"{""caption"":"""",""public_domain"":""no"",""image_url"":""""}",2245,2056,"{""name"":""polyline"",""all_points_x"":[3118,3122],""all_points_y"":[2765,2813]}","{""name"":""not_defined"",""type"":""unknown"",""image_quality"":{""good"":true,""frontal"":true,""good_illumination"":true}}"
9.png,66060342,"{""caption"":"""",""public_domain"":""no"",""image_url"":""""}",2245,2057,"{""name"":""polygon"",""all_points_x"":[2568,2583,2602,2617,2640,2651,2654,2634,2609,2585,2571],""all_points_y"":[2633,2658,2694,2720,2756,2776,2765,2733,2693,2651,2627]}","{""name"":""not_defined"",""type"":""unknown"",""image_quality"":{""good"":true,""frontal"":true,""good_illumination"":true}}"
9.png,66060342,"{""caption"":"""",""public_domain"":""no"",""image_url"":""""}",2245,2058,"{""name"":""polyline"",""all_points_x"":[2714,2734,2743],""all_points_y"":[2703,2743,2802]}","{""name"":""not_defined"",""type"":""unknown"",""image_quality"":{""good"":true,""frontal"":true,""good_illumination"":true}}"
9.png,66060342,"{""caption"":"""",""public_domain"":""no"",""image_url"":""""}",2245,2059,"{""name"":""polyline"",""all_points_x"":[2995,2981],""all_points_y"":[2777,2832]}","{""name"":""not_defined"",""type"":""unknown"",""image_quality"":{""good"":true,""frontal"":true,""good_illumination"":true}}"
9.png,66060342,"{""caption"":"""",""public_domain"":""no"",""image_url"":""""}",2245,2060,"{""name"":""polyline"",""all_points_x"":[2163,2197],""all_points_y"":[2517,2565]}","{""name"":""not_defined"",""type"":""unknown"",""image_quality"":{""good"":true,""frontal"":true,""good_illumination"":true}}"
9.png,66060342,"{""caption"":"""",""public_domain"":""no"",""image_url"":""""}",2245,2061,"{""name"":""polyline"",""all_points_x"":[2346,2356],""all_points_y"":[2470,2538]}","{""name"":""not_defined"",""type"":""unknown"",""image_quality"":{""good"":true,""frontal"":true,""good_illumination"":true}}"
9.png,66060342,"{""caption"":"""",""public_domain"":""no"",""image_url"":""""}",2245,2062,"{""name"":""polyline"",""all_points_x"":[2625,2594,2580],""all_points_y"":[2510,2533,2542]}","{""name"":""not_defined"",""type"":""unknown"",""image_quality"":{""good"":true,""frontal"":true,""good_illumination"":true}}"
9.png,66060342,"{""caption"":"""",""public_domain"":""no"",""image_url"":""""}",2245,2063,"{""name"":""polyline"",""all_points_x"":[2558,2534],""all_points_y"":[2557,2619]}","{""name"":""not_defined"",""type"":""unknown"",""image_quality"":{""good"":true,""frontal"":true,""good_illumination"":true}}"
9.png,66060342,"{""caption"":"""",""public_domain"":""no"",""image_url"":""""}",2245,2064,"{""name"":""polygon"",""all_points_x"":[2638,2646,2651,2666,2670,2677,2668,2658,2651,2643,2635,2628],""all_points_y"":[2183,2216,2247,2290,2296,2290,2265,2230,2199,2164,2119,2124]}","{""name"":""not_defined"",""type"":""unknown"",""image_quality"":{""good"":true,""frontal"":true,""good_illumination"":true}}"
9.png,66060342,"{""caption"":"""",""public_domain"":""no"",""image_url"":""""}",2245,2065,"{""name"":""polygon"",""all_points_x"":[2825,2819,2808,2800,2795,2803,2809,2818,2832],""all_points_y"":[2167,2191,2236,2275,2294,2296,2272,2232,2166]}","{""name"":""not_defined"",""type"":""unknown"",""image_quality"":{""good"":true,""frontal"":true,""good_illumination"":true}}"
9.png,66060342,"{""caption"":"""",""public_domain"":""no"",""image_url"":""""}",2245,2066,"{""name"":""polygon"",""all_points_x"":[2814,2841,2864,2868,2852,2834,2813],""all_points_y"":[2129,2138,2143,2150,2145,2140,2132]}","{""name"":""not_defined"",""type"":""unknown"",""image_quality"":{""good"":true,""frontal"":true,""good_illumination"":true}}"
9.png,66060342,"{""caption"":"""",""public_domain"":""no"",""image_url"":""""}",2245,2067,"{""name"":""polyline"",""all_points_x"":[2802,2811],""all_points_y"":[2180,2207]}","{""name"":""not_defined"",""type"":""unknown"",""image_quality"":{""good"":true,""frontal"":true,""good_illumination"":true}}"
9.png,66060342,"{""caption"":"""",""public_domain"":""no"",""image_url"":""""}",2245,2068,"{""name"":""polyline"",""all_points_x"":[2297,2298],""all_points_y"":[2205,2245]}","{""name"":""not_defined"",""type"":""unknown"",""image_quality"":{""good"":true,""frontal"":true,""good_illumination"":true}}"
9.png,66060342,"{""caption"":"""",""public_domain"":""no"",""image_url"":""""}",2245,2069,"{""name"":""polyline"",""all_points_x"":[2561,2573,2580,2592],""all_points_y"":[2164,2219,2246,2271]}","{""name"":""not_defined"",""type"":""unknown"",""image_quality"":{""good"":true,""frontal"":true,""good_illumination"":true}}"
9.png,66060342,"{""caption"":"""",""public_domain"":""no"",""image_url"":""""}",2245,2070,"{""name"":""polyline"",""all_points_x"":[2597,2626],""all_points_y"":[2268,2308]}","{""name"":""not_defined"",""type"":""unknown"",""image_quality"":{""good"":true,""frontal"":true,""good_illumination"":true}}"
9.png,66060342,"{""caption"":"""",""public_domain"":""no"",""image_url"":""""}",2245,2071,"{""name"":""polyline"",""all_points_x"":[2993,3012,3029],""all_points_y"":[2137,2202,2253]}","{""name"":""not_defined"",""type"":""unknown"",""image_quality"":{""good"":true,""frontal"":true,""good_illumination"":true}}"
9.png,66060342,"{""caption"":"""",""public_domain"":""no"",""image_url"":""""}",2245,2072,"{""name"":""polyline"",""all_points_x"":[2675,2698],""all_points_y"":[2019,2101]}","{""name"":""not_defined"",""type"":""unknown"",""image_quality"":{""good"":true,""frontal"":true,""good_illumination"":true}}"
9.png,66060342,"{""caption"":"""",""public_domain"":""no"",""image_url"":""""}",2245,2073,"{""name"":""polyline"",""all_points_x"":[3018,3032,3050],""all_points_y"":[1811,1843,1894]}","{""name"":""not_defined"",""type"":""unknown"",""image_quality"":{""good"":true,""frontal"":true,""good_illumination"":true}}"
9.png,66060342,"{""caption"":"""",""public_domain"":""no"",""image_url"":""""}",2245,2074,"{""name"":""polyline"",""all_points_x"":[2499,2524],""all_points_y"":[1701,1752]}","{""name"":""not_defined"",""type"":""unknown"",""image_quality"":{""good"":true,""frontal"":true,""good_illumination"":true}}"
9.png,66060342,"{""caption"":"""",""public_domain"":""no"",""image_url"":""""}",2245,2075,"{""name"":""polyline"",""all_points_x"":[2393,2448],""all_points_y"":[1510,1641]}","{""name"":""not_defined"",""type"":""unknown"",""image_quality"":{""good"":true,""frontal"":true,""good_illumination"":true}}"
9.png,66060342,"{""caption"":"""",""public_domain"":""no"",""image_url"":""""}",2245,2076,"{""name"":""polyline"",""all_points_x"":[2422,2466],""all_points_y"":[1596,1672]}","{""name"":""not_defined"",""type"":""unknown"",""image_quality"":{""good"":true,""frontal"":true,""good_illumination"":true}}"
9.png,66060342,"{""caption"":"""",""public_domain"":""no"",""image_url"":""""}",2245,2077,"{""name"":""polyline"",""all_points_x"":[2392,2391,2393,2397],""all_points_y"":[1467,1519,1553,1576]}","{""name"":""not_defined"",""type"":""unknown"",""image_quality"":{""good"":true,""frontal"":true,""good_illumination"":true}}"
9.png,66060342,"{""caption"":"""",""public_domain"":""no"",""image_url"":""""}",2245,2078,"{""name"":""polyline"",""all_points_x"":[2366,2371,2375,2378],""all_points_y"":[1432,1458,1482,1505]}","{""name"":""not_defined"",""type"":""unknown"",""image_quality"":{""good"":true,""frontal"":true,""good_illumination"":true}}"
9.png,66060342,"{""caption"":"""",""public_domain"":""no"",""image_url"":""""}",2245,2079,"{""name"":""polyline"",""all_points_x"":[2357,2361,2364,2366],""all_points_y"":[1440,1466,1475,1503]}","{""name"":""not_defined"",""type"":""unknown"",""image_quality"":{""good"":true,""frontal"":true,""good_illumination"":true}}"
9.png,66060342,"{""caption"":"""",""public_domain"":""no"",""image_url"":""""}",2245,2080,"{""name"":""polyline"",""all_points_x"":[2978,2992,2997],""all_points_y"":[1670,1714,1734]}","{""name"":""not_defined"",""type"":""unknown"",""image_quality"":{""good"":true,""frontal"":true,""good_illumination"":true}}"
9.png,66060342,"{""caption"":"""",""public_domain"":""no"",""image_url"":""""}",2245,2081,"{""name"":""polyline"",""all_points_x"":[3062,3082],""all_points_y"":[1745,1790]}","{""name"":""not_defined"",""type"":""unknown"",""image_quality"":{""good"":true,""frontal"":true,""good_illumination"":true}}"
9.png,66060342,"{""caption"":"""",""public_domain"":""no"",""image_url"":""""}",2245,2082,"{""name"":""polyline"",""all_points_x"":[2299,2294],""all_points_y"":[2273,2366]}","{""name"":""not_defined"",""type"":""unknown"",""image_quality"":{""good"":true,""frontal"":true,""good_illumination"":true}}"
9.png,66060342,"{""caption"":"""",""public_domain"":""no"",""image_url"":""""}",2245,2083,"{""name"":""polyline"",""all_points_x"":[3160,3130],""all_points_y"":[2317,2398]}","{""name"":""not_defined"",""type"":""unknown"",""image_quality"":{""good"":true,""frontal"":true,""good_illumination"":true}}"
9.png,66060342,"{""caption"":"""",""public_domain"":""no"",""image_url"":""""}",2245,2084,"{""name"":""polyline"",""all_points_x"":[3102,3128],""all_points_y"":[1732,1789]}","{""name"":""not_defined"",""type"":""unknown"",""image_quality"":{""good"":true,""frontal"":true,""good_illumination"":true}}"
9.png,66060342,"{""caption"":"""",""public_domain"":""no"",""image_url"":""""}",2245,2085,"{""name"":""polygon"",""all_points_x"":[2811,2828,2849,2857,2862,2852,2831,2817],""all_points_y"":[1476,1516,1559,1570,1565,1544,1502,1474]}","{""name"":""not_defined"",""type"":""unknown"",""image_quality"":{""good"":true,""frontal"":true,""good_illumination"":true}}"
9.png,66060342,"{""caption"":"""",""public_domain"":""no"",""image_url"":""""}",2245,2086,"{""name"":""polygon"",""all_points_x"":[3117,3121,3131,3141,3146,3136,3124,3120],""all_points_y"":[1156,1178,1215,1247,1246,1213,1167,1156]}","{""name"":""not_defined"",""type"":""unknown"",""image_quality"":{""good"":true,""frontal"":true,""good_illumination"":true}}"
9.png,66060342,"{""caption"":"""",""public_domain"":""no"",""image_url"":""""}",2245,2087,"{""name"":""polygon"",""all_points_x"":[2567,2574,2585,2598,2605,2597,2584,2570],""all_points_y"":[1163,1194,1231,1272,1270,1251,1207,1161]}","{""name"":""not_defined"",""type"":""unknown"",""image_quality"":{""good"":true,""frontal"":true,""good_illumination"":true}}"
9.png,66060342,"{""caption"":"""",""public_domain"":""no"",""image_url"":""""}",2245,2088,"{""name"":""polygon"",""all_points_x"":[2924,2940,2961,2983,2986,2971,2946,2927,2922,2918],""all_points_y"":[757,781,813,835,833,813,778,751,743,748]}","{""name"":""not_defined"",""type"":""unknown"",""image_quality"":{""good"":true,""frontal"":true,""good_illumination"":true}}"
9.png,66060342,"{""caption"":"""",""public_domain"":""no"",""image_url"":""""}",2245,2089,"{""name"":""polygon"",""all_points_x"":[2890,2905,2921,2913,2898,2886],""all_points_y"":[735,755,774,778,755,738]}","{""name"":""not_defined"",""type"":""unknown"",""image_quality"":{""good"":true,""frontal"":true,""good_illumination"":true}}"
9.png,66060342,"{""caption"":"""",""public_domain"":""no"",""image_url"":""""}",2245,2090,"{""name"":""polyline"",""all_points_x"":[2929,2944],""all_points_y"":[621,663]}","{""name"":""not_defined"",""type"":""unknown"",""image_quality"":{""good"":true,""frontal"":true,""good_illumination"":true}}"
9.png,66060342,"{""caption"":"""",""public_domain"":""no"",""image_url"":""""}",2245,2091,"{""name"":""polyline"",""all_points_x"":[2946,2957,2968],""all_points_y"":[579,603,634]}","{""name"":""not_defined"",""type"":""unknown"",""image_quality"":{""good"":true,""frontal"":true,""good_illumination"":true}}"
9.png,66060342,"{""caption"":"""",""public_domain"":""no"",""image_url"":""""}",2245,2092,"{""name"":""polyline"",""all_points_x"":[3154,3150],""all_points_y"":[829,905]}","{""name"":""not_defined"",""type"":""unknown"",""image_quality"":{""good"":true,""frontal"":true,""good_illumination"":true}}"
9.png,66060342,"{""caption"":"""",""public_domain"":""no"",""image_url"":""""}",2245,2093,"{""name"":""polyline"",""all_points_x"":[3093,3135],""all_points_y"":[865,895]}","{""name"":""not_defined"",""type"":""unknown"",""image_quality"":{""good"":true,""frontal"":true,""good_illumination"":true}}"
9.png,66060342,"{""caption"":"""",""public_domain"":""no"",""image_url"":""""}",2245,2094,"{""name"":""polyline"",""all_points_x"":[2988,3009,3021,3030],""all_points_y"":[928,965,983,990]}","{""name"":""not_defined"",""type"":""unknown"",""image_quality"":{""good"":true,""frontal"":true,""good_illumination"":true}}"
9.png,66060342,"{""caption"":"""",""public_domain"":""no"",""image_url"":""""}",2245,2095,"{""name"":""polyline"",""all_points_x"":[3132,3120,3113],""all_points_y"":[991,1037,1087]}","{""name"":""not_defined"",""type"":""unknown"",""image_quality"":{""good"":true,""frontal"":true,""good_illumination"":true}}"
9.png,66060342,"{""caption"":"""",""public_domain"":""no"",""image_url"":""""}",2245,2096,"{""name"":""polyline"",""all_points_x"":[2879,2889,2905],""all_points_y"":[1381,1418,1464]}","{""name"":""not_defined"",""type"":""unknown"",""image_quality"":{""good"":true,""frontal"":true,""good_illumination"":true}}"
9.png,66060342,"{""caption"":"""",""public_domain"":""no"",""image_url"":""""}",2245,2097,"{""name"":""polyline"",""all_points_x"":[2603,2627],""all_points_y"":[1682,1734]}","{""name"":""not_defined"",""type"":""unknown"",""image_quality"":{""good"":true,""frontal"":true,""good_illumination"":true}}"
9.png,66060342,"{""caption"":"""",""public_domain"":""no"",""image_url"":""""}",2245,2098,"{""name"":""polyline"",""all_points_x"":[2622,2612],""all_points_y"":[1761,1807]}","{""name"":""not_defined"",""type"":""unknown"",""image_quality"":{""good"":true,""frontal"":true,""good_illumination"":true}}"
9.png,66060342,"{""caption"":"""",""public_domain"":""no"",""image_url"":""""}",2245,2099,"{""name"":""polygon"",""all_points_x"":[2641,2650,2662,2670,2660,2649,2646,2642],""all_points_y"":[1946,1991,2032,2029,1993,1952,1931,1932]}","{""name"":""not_defined"",""type"":""unknown"",""image_quality"":{""good"":true,""frontal"":true,""good_illumination"":true}}"
9.png,66060342,"{""caption"":"""",""public_domain"":""no"",""image_url"":""""}",2245,2100,"{""name"":""polygon"",""all_points_x"":[2362,2384,2410,2440,2456,2467,2470,2455,2425,2389,2365],""all_points_y"":[2191,2205,2227,2248,2258,2267,2262,2250,2230,2203,2185]}","{""name"":""not_defined"",""type"":""unknown"",""image_quality"":{""good"":true,""frontal"":true,""good_illumination"":true}}"
9.png,66060342,"{""caption"":"""",""public_domain"":""no"",""image_url"":""""}",2245,2101,"{""name"":""polygon"",""all_points_x"":[2397,2389,2399,2401,2405],""all_points_y"":[2235,2293,2295,2273,2236]}","{""name"":""not_defined"",""type"":""unknown"",""image_quality"":{""good"":true,""frontal"":true,""good_illumination"":true}}"
9.png,66060342,"{""caption"":"""",""public_domain"":""no"",""image_url"":""""}",2245,2102,"{""name"":""polyline"",""all_points_x"":[2505,2582],""all_points_y"":[2185,2205]}","{""name"":""not_defined"",""type"":""unknown"",""image_quality"":{""good"":true,""frontal"":true,""good_illumination"":true}}"
9.png,66060342,"{""caption"":"""",""public_domain"":""no"",""image_url"":""""}",2245,2103,"{""name"":""polyline"",""all_points_x"":[2993,2996],""all_points_y"":[2092,2117]}","{""name"":""not_defined"",""type"":""unknown"",""image_quality"":{""good"":true,""frontal"":true,""good_illumination"":true}}"
9.png,66060342,"{""caption"":"""",""public_domain"":""no"",""image_url"":""""}",2245,2104,"{""name"":""polyline"",""all_points_x"":[3013,3036],""all_points_y"":[1999,2049]}","{""name"":""not_defined"",""type"":""unknown"",""image_quality"":{""good"":true,""frontal"":true,""good_illumination"":true}}"
9.png,66060342,"{""caption"":"""",""public_domain"":""no"",""image_url"":""""}",2245,2105,"{""name"":""polyline"",""all_points_x"":[2962,2939],""all_points_y"":[2571,2641]}","{""name"":""not_defined"",""type"":""unknown"",""image_quality"":{""good"":true,""frontal"":true,""good_illumination"":true}}"
9.png,66060342,"{""caption"":"""",""public_domain"":""no"",""image_url"":""""}",2245,2106,"{""name"":""polyline"",""all_points_x"":[3081,3064,3048],""all_points_y"":[3025,3061,3092]}","{""name"":""not_defined"",""type"":""unknown"",""image_quality"":{""good"":true,""frontal"":true,""good_illumination"":true}}"
9.png,66060342,"{""caption"":"""",""public_domain"":""no"",""image_url"":""""}",2245,2107,"{""name"":""polyline"",""all_points_x"":[2796,2820],""all_points_y"":[3032,3050]}","{""name"":""not_defined"",""type"":""unknown"",""image_quality"":{""good"":true,""frontal"":true,""good_illumination"":true}}"
9.png,66060342,"{""caption"":"""",""public_domain"":""no"",""image_url"":""""}",2245,2108,"{""name"":""polyline"",""all_points_x"":[2564,2542,2540],""all_points_y"":[3034,3077,3089]}","{""name"":""not_defined"",""type"":""unknown"",""image_quality"":{""good"":true,""frontal"":true,""good_illumination"":true}}"
9.png,66060342,"{""caption"":"""",""public_domain"":""no"",""image_url"":""""}",2245,2109,"{""name"":""polyline"",""all_points_x"":[2486,2474],""all_points_y"":[3018,3061]}","{""name"":""not_defined"",""type"":""unknown"",""image_quality"":{""good"":true,""frontal"":true,""good_illumination"":true}}"
9.png,66060342,"{""caption"":"""",""public_domain"":""no"",""image_url"":""""}",2245,2110,"{""name"":""polyline"",""all_points_x"":[2330,2250],""all_points_y"":[3340,3415]}","{""name"":""not_defined"",""type"":""unknown"",""image_quality"":{""good"":true,""frontal"":true,""good_illumination"":true}}"
9.png,66060342,"{""caption"":"""",""public_domain"":""no"",""image_url"":""""}",2245,2111,"{""name"":""polyline"",""all_points_x"":[3502,3521],""all_points_y"":[3113,3190]}","{""name"":""not_defined"",""type"":""unknown"",""image_quality"":{""good"":true,""frontal"":true,""good_illumination"":true}}"
9.png,66060342,"{""caption"":"""",""public_domain"":""no"",""image_url"":""""}",2245,2112,"{""name"":""polyline"",""all_points_x"":[3389,3494],""all_points_y"":[3137,3070]}","{""name"":""not_defined"",""type"":""unknown"",""image_quality"":{""good"":true,""frontal"":true,""good_illumination"":true}}"
9.png,66060342,"{""caption"":"""",""public_domain"":""no"",""image_url"":""""}",2245,2113,"{""name"":""polyline"",""all_points_x"":[3195,3157],""all_points_y"":[3009,3056]}","{""name"":""not_defined"",""type"":""unknown"",""image_quality"":{""good"":true,""frontal"":true,""good_illumination"":true}}"
9.png,66060342,"{""caption"":"""",""public_domain"":""no"",""image_url"":""""}",2245,2114,"{""name"":""polyline"",""all_points_x"":[3572,3564],""all_points_y"":[2837,2874]}","{""name"":""not_defined"",""type"":""unknown"",""image_quality"":{""good"":true,""frontal"":true,""good_illumination"":true}}"
9.png,66060342,"{""caption"":"""",""public_domain"":""no"",""image_url"":""""}",2245,2115,"{""name"":""polyline"",""all_points_x"":[3555,3549],""all_points_y"":[2857,2881]}","{""name"":""not_defined"",""type"":""unknown"",""image_quality"":{""good"":true,""frontal"":true,""good_illumination"":true}}"
9.png,66060342,"{""caption"":"""",""public_domain"":""no"",""image_url"":""""}",2245,2116,"{""name"":""polygon"",""all_points_x"":[3321,3326,3336,3352,3381,3390,3383],""all_points_y"":[2838,2844,2832,2813,2778,2766,2764]}","{""name"":""not_defined"",""type"":""unknown"",""image_quality"":{""good"":true,""frontal"":true,""good_illumination"":true}}"
9.png,66060342,"{""caption"":"""",""public_domain"":""no"",""image_url"":""""}",2245,2117,"{""name"":""polyline"",""all_points_x"":[3335,3318],""all_points_y"":[2758,2839]}","{""name"":""not_defined"",""type"":""unknown"",""image_quality"":{""good"":true,""frontal"":true,""good_illumination"":true}}"
9.png,66060342,"{""caption"":"""",""public_domain"":""no"",""image_url"":""""}",2245,2118,"{""name"":""polyline"",""all_points_x"":[3480,3449],""all_points_y"":[2750,2802]}","{""name"":""not_defined"",""type"":""unknown"",""image_quality"":{""good"":true,""frontal"":true,""good_illumination"":true}}"
9.png,66060342,"{""caption"":"""",""public_domain"":""no"",""image_url"":""""}",2245,2119,"{""name"":""polyline"",""all_points_x"":[3132,3132],""all_points_y"":[2684,2729]}","{""name"":""not_defined"",""type"":""unknown"",""image_quality"":{""good"":true,""frontal"":true,""good_illumination"":true}}"
9.png,66060342,"{""caption"":"""",""public_domain"":""no"",""image_url"":""""}",2245,2120,"{""name"":""polyline"",""all_points_x"":[2888,2923],""all_points_y"":[2385,2429]}","{""name"":""not_defined"",""type"":""unknown"",""image_quality"":{""good"":true,""frontal"":true,""good_illumination"":true}}"
9.png,66060342,"{""caption"":"""",""public_domain"":""no"",""image_url"":""""}",2245,2121,"{""name"":""polyline"",""all_points_x"":[3672,3634,3619],""all_points_y"":[2684,2746,2780]}","{""name"":""not_defined"",""type"":""unknown"",""image_quality"":{""good"":true,""frontal"":true,""good_illumination"":true}}"
9.png,66060342,"{""caption"":"""",""public_domain"":""no"",""image_url"":""""}",2245,2122,"{""name"":""polyline"",""all_points_x"":[3573,3570,3572],""all_points_y"":[2850,2921,2958]}","{""name"":""not_defined"",""type"":""unknown"",""image_quality"":{""good"":true,""frontal"":true,""good_illumination"":true}}"
9.png,66060342,"{""caption"":"""",""public_domain"":""no"",""image_url"":""""}",2245,2123,"{""name"":""polyline"",""all_points_x"":[3281,3322],""all_points_y"":[2347,2371]}","{""name"":""not_defined"",""type"":""unknown"",""image_quality"":{""good"":true,""frontal"":true,""good_illumination"":true}}"
9.png,66060342,"{""caption"":"""",""public_domain"":""no"",""image_url"":""""}",2245,2124,"{""name"":""polyline"",""all_points_x"":[3420,3419,3413,3405,3398],""all_points_y"":[2280,2311,2350,2377,2392]}","{""name"":""not_defined"",""type"":""unknown"",""image_quality"":{""good"":true,""frontal"":true,""good_illumination"":true}}"
9.png,66060342,"{""caption"":"""",""public_domain"":""no"",""image_url"":""""}",2245,2125,"{""name"":""polyline"",""all_points_x"":[3131,3132],""all_points_y"":[2436,2505]}","{""name"":""not_defined"",""type"":""unknown"",""image_quality"":{""good"":true,""frontal"":true,""good_illumination"":true}}"
9.png,66060342,"{""caption"":"""",""public_domain"":""no"",""image_url"":""""}",2245,2126,"{""name"":""polyline"",""all_points_x"":[3177,3190],""all_points_y"":[1388,1453]}","{""name"":""not_defined"",""type"":""unknown"",""image_quality"":{""good"":true,""frontal"":true,""good_illumination"":true}}"
9.png,66060342,"{""caption"":"""",""public_domain"":""no"",""image_url"":""""}",2245,2127,"{""name"":""polyline"",""all_points_x"":[3055,3092],""all_points_y"":[1329,1413]}","{""name"":""not_defined"",""type"":""unknown"",""image_quality"":{""good"":true,""frontal"":true,""good_illumination"":true}}"
9.png,66060342,"{""caption"":"""",""public_domain"":""no"",""image_url"":""""}",2245,2128,"{""name"":""polyline"",""all_points_x"":[3093,3120],""all_points_y"":[1029,1111]}","{""name"":""not_defined"",""type"":""unknown"",""image_quality"":{""good"":true,""frontal"":true,""good_illumination"":true}}"
9.png,66060342,"{""caption"":"""",""public_domain"":""no"",""image_url"":""""}",2245,2129,"{""name"":""polyline"",""all_points_x"":[3330,3344,3351,3364],""all_points_y"":[1170,1200,1238,1272]}","{""name"":""not_defined"",""type"":""unknown"",""image_quality"":{""good"":true,""frontal"":true,""good_illumination"":true}}"
9.png,66060342,"{""caption"":"""",""public_domain"":""no"",""image_url"":""""}",2245,2130,"{""name"":""polyline"",""all_points_x"":[3334,3386],""all_points_y"":[1368,1299]}","{""name"":""not_defined"",""type"":""unknown"",""image_quality"":{""good"":true,""frontal"":true,""good_illumination"":true}}"
9.png,66060342,"{""caption"":"""",""public_domain"":""no"",""image_url"":""""}",2245,2131,"{""name"":""polyline"",""all_points_x"":[3203,3221],""all_points_y"":[964,998]}","{""name"":""not_defined"",""type"":""unknown"",""image_quality"":{""good"":true,""frontal"":true,""good_illumination"":true}}"
9.png,66060342,"{""caption"":"""",""public_domain"":""no"",""image_url"":""""}",2245,2132,"{""name"":""polyline"",""all_points_x"":[3308,3318,3328],""all_points_y"":[806,838,882]}","{""name"":""not_defined"",""type"":""unknown"",""image_quality"":{""good"":true,""frontal"":true,""good_illumination"":true}}"
9.png,66060342,"{""caption"":"""",""public_domain"":""no"",""image_url"":""""}",2245,2133,"{""name"":""polyline"",""all_points_x"":[2949,2958],""all_points_y"":[953,1015]}","{""name"":""not_defined"",""type"":""unknown"",""image_quality"":{""good"":true,""frontal"":true,""good_illumination"":true}}"
9.png,66060342,"{""caption"":"""",""public_domain"":""no"",""image_url"":""""}",2245,2134,"{""name"":""polyline"",""all_points_x"":[3686,3713],""all_points_y"":[902,979]}","{""name"":""not_defined"",""type"":""unknown"",""image_quality"":{""good"":true,""frontal"":true,""good_illumination"":true}}"
9.png,66060342,"{""caption"":"""",""public_domain"":""no"",""image_url"":""""}",2245,2135,"{""name"":""polyline"",""all_points_x"":[3442,3414],""all_points_y"":[964,1005]}","{""name"":""not_defined"",""type"":""unknown"",""image_quality"":{""good"":true,""frontal"":true,""good_illumination"":true}}"
9.png,66060342,"{""caption"":"""",""public_domain"":""no"",""image_url"":""""}",2245,2136,"{""name"":""polyline"",""all_points_x"":[3910,4003],""all_points_y"":[795,881]}","{""name"":""not_defined"",""type"":""unknown"",""image_quality"":{""good"":true,""frontal"":true,""good_illumination"":true}}"
9.png,66060342,"{""caption"":"""",""public_domain"":""no"",""image_url"":""""}",2245,2137,"{""name"":""polyline"",""all_points_x"":[4043,4058],""all_points_y"":[742,798]}","{""name"":""not_defined"",""type"":""unknown"",""image_quality"":{""good"":true,""frontal"":true,""good_illumination"":true}}"
9.png,66060342,"{""caption"":"""",""public_domain"":""no"",""image_url"":""""}",2245,2138,"{""name"":""polyline"",""all_points_x"":[3553,3597,3633,3662,3687],""all_points_y"":[670,693,713,731,751]}","{""name"":""not_defined"",""type"":""unknown"",""image_quality"":{""good"":true,""frontal"":true,""good_illumination"":true}}"
9.png,66060342,"{""caption"":"""",""public_domain"":""no"",""image_url"":""""}",2245,2139,"{""name"":""polyline"",""all_points_x"":[3588,3651],""all_points_y"":[464,547]}","{""name"":""not_defined"",""type"":""unknown"",""image_quality"":{""good"":true,""frontal"":true,""good_illumination"":true}}"
9.png,66060342,"{""caption"":"""",""public_domain"":""no"",""image_url"":""""}",2245,2140,"{""name"":""polyline"",""all_points_x"":[3698,3776],""all_points_y"":[486,557]}","{""name"":""not_defined"",""type"":""unknown"",""image_quality"":{""good"":true,""frontal"":true,""good_illumination"":true}}"
9.png,66060342,"{""caption"":"""",""public_domain"":""no"",""image_url"":""""}",2245,2141,"{""name"":""polyline"",""all_points_x"":[3504,3532],""all_points_y"":[440,469]}","{""name"":""not_defined"",""type"":""unknown"",""image_quality"":{""good"":true,""frontal"":true,""good_illumination"":true}}"
9.png,66060342,"{""caption"":"""",""public_domain"":""no"",""image_url"":""""}",2245,2142,"{""name"":""polyline"",""all_points_x"":[3805,3826,3847],""all_points_y"":[531,570,608]}","{""name"":""not_defined"",""type"":""unknown"",""image_quality"":{""good"":true,""frontal"":true,""good_illumination"":true}}"
9.png,66060342,"{""caption"":"""",""public_domain"":""no"",""image_url"":""""}",2245,2143,"{""name"":""polyline"",""all_points_x"":[3377,3392],""all_points_y"":[396,452]}","{""name"":""not_defined"",""type"":""unknown"",""image_quality"":{""good"":true,""frontal"":true,""good_illumination"":true}}"
9.png,66060342,"{""caption"":"""",""public_domain"":""no"",""image_url"":""""}",2245,2144,"{""name"":""polyline"",""all_points_x"":[3683,3703,3719,3738,3762],""all_points_y"":[1,13,21,36,42]}","{""name"":""not_defined"",""type"":""unknown"",""image_quality"":{""good"":true,""frontal"":true,""good_illumination"":true}}"
9.png,66060342,"{""caption"":"""",""public_domain"":""no"",""image_url"":""""}",2245,2145,"{""name"":""polyline"",""all_points_x"":[3585,3628],""all_points_y"":[46,88]}","{""name"":""not_defined"",""type"":""unknown"",""image_quality"":{""good"":true,""frontal"":true,""good_illumination"":true}}"
9.png,66060342,"{""caption"":"""",""public_domain"":""no"",""image_url"":""""}",2245,2146,"{""name"":""polyline"",""all_points_x"":[3754,3776],""all_points_y"":[268,298]}","{""name"":""not_defined"",""type"":""unknown"",""image_quality"":{""good"":true,""frontal"":true,""good_illumination"":true}}"
9.png,66060342,"{""caption"":"""",""public_domain"":""no"",""image_url"":""""}",2245,2147,"{""name"":""polyline"",""all_points_x"":[3877,3882,3901],""all_points_y"":[445,454,477]}","{""name"":""not_defined"",""type"":""unknown"",""image_quality"":{""good"":true,""frontal"":true,""good_illumination"":true}}"
9.png,66060342,"{""caption"":"""",""public_domain"":""no"",""image_url"":""""}",2245,2148,"{""name"":""polyline"",""all_points_x"":[3810,3830,3840],""all_points_y"":[475,502,513]}","{""name"":""not_defined"",""type"":""unknown"",""image_quality"":{""good"":true,""frontal"":true,""good_illumination"":true}}"
9.png,66060342,"{""caption"":"""",""public_domain"":""no"",""image_url"":""""}",2245,2149,"{""name"":""polyline"",""all_points_x"":[3777,3780],""all_points_y"":[678,718]}","{""name"":""not_defined"",""type"":""unknown"",""image_quality"":{""good"":true,""frontal"":true,""good_illumination"":true}}"
9.png,66060342,"{""caption"":"""",""public_domain"":""no"",""image_url"":""""}",2245,2150,"{""name"":""polyline"",""all_points_x"":[3616,3637,3654],""all_points_y"":[808,833,861]}","{""name"":""not_defined"",""type"":""unknown"",""image_quality"":{""good"":true,""frontal"":true,""good_illumination"":true}}"
9.png,66060342,"{""caption"":"""",""public_domain"":""no"",""image_url"":""""}",2245,2151,"{""name"":""polyline"",""all_points_x"":[3847,3921],""all_points_y"":[942,942]}","{""name"":""not_defined"",""type"":""unknown"",""image_quality"":{""good"":true,""frontal"":true,""good_illumination"":true}}"
9.png,66060342,"{""caption"":"""",""public_domain"":""no"",""image_url"":""""}",2245,2152,"{""name"":""polyline"",""all_points_x"":[3931,3954],""all_points_y"":[989,1052]}","{""name"":""not_defined"",""type"":""unknown"",""image_quality"":{""good"":true,""frontal"":true,""good_illumination"":true}}"
9.png,66060342,"{""caption"":"""",""public_domain"":""no"",""image_url"":""""}",2245,2153,"{""name"":""polyline"",""all_points_x"":[4030,4025],""all_points_y"":[1125,1142]}","{""name"":""not_defined"",""type"":""unknown"",""image_quality"":{""good"":true,""frontal"":true,""good_illumination"":true}}"
9.png,66060342,"{""caption"":"""",""public_domain"":""no"",""image_url"":""""}",2245,2154,"{""name"":""polyline"",""all_points_x"":[4058,4042],""all_points_y"":[1122,1151]}","{""name"":""not_defined"",""type"":""unknown"",""image_quality"":{""good"":true,""frontal"":true,""good_illumination"":true}}"
9.png,66060342,"{""caption"":"""",""public_domain"":""no"",""image_url"":""""}",2245,2155,"{""name"":""polyline"",""all_points_x"":[3714,3713],""all_points_y"":[1183,1269]}","{""name"":""not_defined"",""type"":""unknown"",""image_quality"":{""good"":true,""frontal"":true,""good_illumination"":true}}"
9.png,66060342,"{""caption"":"""",""public_domain"":""no"",""image_url"":""""}",2245,2156,"{""name"":""polyline"",""all_points_x"":[3721,3716],""all_points_y"":[1183,1242]}","{""name"":""not_defined"",""type"":""unknown"",""image_quality"":{""good"":true,""frontal"":true,""good_illumination"":true}}"
9.png,66060342,"{""caption"":"""",""public_domain"":""no"",""image_url"":""""}",2245,2157,"{""name"":""polyline"",""all_points_x"":[3404,3426],""all_points_y"":[1027,1095]}","{""name"":""not_defined"",""type"":""unknown"",""image_quality"":{""good"":true,""frontal"":true,""good_illumination"":true}}"
9.png,66060342,"{""caption"":"""",""public_domain"":""no"",""image_url"":""""}",2245,2158,"{""name"":""polyline"",""all_points_x"":[3381,3388],""all_points_y"":[1055,1070]}","{""name"":""not_defined"",""type"":""unknown"",""image_quality"":{""good"":true,""frontal"":true,""good_illumination"":true}}"
9.png,66060342,"{""caption"":"""",""public_domain"":""no"",""image_url"":""""}",2245,2159,"{""name"":""polyline"",""all_points_x"":[3256,3273,3287],""all_points_y"":[1118,1138,1158]}","{""name"":""not_defined"",""type"":""unknown"",""image_quality"":{""good"":true,""frontal"":true,""good_illumination"":true}}"
9.png,66060342,"{""caption"":"""",""public_domain"":""no"",""image_url"":""""}",2245,2160,"{""name"":""polyline"",""all_points_x"":[3986,3967,3953],""all_points_y"":[2470,2513,2555]}","{""name"":""not_defined"",""type"":""unknown"",""image_quality"":{""good"":true,""frontal"":true,""good_illumination"":true}}"
9.png,66060342,"{""caption"":"""",""public_domain"":""no"",""image_url"":""""}",2245,2161,"{""name"":""polyline"",""all_points_x"":[3728,3705],""all_points_y"":[2886,2955]}","{""name"":""not_defined"",""type"":""unknown"",""image_quality"":{""good"":true,""frontal"":true,""good_illumination"":true}}"
9.png,66060342,"{""caption"":"""",""public_domain"":""no"",""image_url"":""""}",2245,2162,"{""name"":""polyline"",""all_points_x"":[3955,3943],""all_points_y"":[2459,2534]}","{""name"":""not_defined"",""type"":""unknown"",""image_quality"":{""good"":true,""frontal"":true,""good_illumination"":true}}"
9.png,66060342,"{""caption"":"""",""public_domain"":""no"",""image_url"":""""}",2245,2163,"{""name"":""polyline"",""all_points_x"":[4608,4577,4549],""all_points_y"":[1935,1991,2031]}","{""name"":""not_defined"",""type"":""unknown"",""image_quality"":{""good"":true,""frontal"":true,""good_illumination"":true}}"
9.png,66060342,"{""caption"":"""",""public_domain"":""no"",""image_url"":""""}",2245,2164,"{""name"":""polyline"",""all_points_x"":[4593,4571],""all_points_y"":[1936,1998]}","{""name"":""not_defined"",""type"":""unknown"",""image_quality"":{""good"":true,""frontal"":true,""good_illumination"":true}}"
9.png,66060342,"{""caption"":"""",""public_domain"":""no"",""image_url"":""""}",2245,2165,"{""name"":""polyline"",""all_points_x"":[4562,4558],""all_points_y"":[1823,1858]}","{""name"":""not_defined"",""type"":""unknown"",""image_quality"":{""good"":true,""frontal"":true,""good_illumination"":true}}"
9.png,66060342,"{""caption"":"""",""public_domain"":""no"",""image_url"":""""}",2245,2166,"{""name"":""polyline"",""all_points_x"":[4645,4634,4614,4604],""all_points_y"":[1824,1847,1882,1903]}","{""name"":""not_defined"",""type"":""unknown"",""image_quality"":{""good"":true,""frontal"":true,""good_illumination"":true}}"
9.png,66060342,"{""caption"":"""",""public_domain"":""no"",""image_url"":""""}",2245,2167,"{""name"":""polyline"",""all_points_x"":[3775,3758],""all_points_y"":[1518,1585]}","{""name"":""not_defined"",""type"":""unknown"",""image_quality"":{""good"":true,""frontal"":true,""good_illumination"":true}}"
9.png,66060342,"{""caption"":"""",""public_domain"":""no"",""image_url"":""""}",2245,2168,"{""name"":""polyline"",""all_points_x"":[4228,4230],""all_points_y"":[1557,1604]}","{""name"":""not_defined"",""type"":""unknown"",""image_quality"":{""good"":true,""frontal"":true,""good_illumination"":true}}"
9.png,66060342,"{""caption"":"""",""public_domain"":""no"",""image_url"":""""}",2245,2169,"{""name"":""polyline"",""all_points_x"":[4414,4399],""all_points_y"":[1519,1569]}","{""name"":""not_defined"",""type"":""unknown"",""image_quality"":{""good"":true,""frontal"":true,""good_illumination"":true}}"
9.png,66060342,"{""caption"":"""",""public_domain"":""no"",""image_url"":""""}",2245,2170,"{""name"":""polyline"",""all_points_x"":[4590,4595],""all_points_y"":[1553,1615]}","{""name"":""not_defined"",""type"":""unknown"",""image_quality"":{""good"":true,""frontal"":true,""good_illumination"":true}}"
9.png,66060342,"{""caption"":"""",""public_domain"":""no"",""image_url"":""""}",2245,2171,"{""name"":""polyline"",""all_points_x"":[4156,4166],""all_points_y"":[1465,1528]}","{""name"":""not_defined"",""type"":""unknown"",""image_quality"":{""good"":true,""frontal"":true,""good_illumination"":true}}"
9.png,66060342,"{""caption"":"""",""public_domain"":""no"",""image_url"":""""}",2245,2172,"{""name"":""polyline"",""all_points_x"":[4112,4112,4114],""all_points_y"":[1455,1483,1516]}","{""name"":""not_defined"",""type"":""unknown"",""image_quality"":{""good"":true,""frontal"":true,""good_illumination"":true}}"
9.png,66060342,"{""caption"":"""",""public_domain"":""no"",""image_url"":""""}",2245,2173,"{""name"":""polyline"",""all_points_x"":[4102,4088,4068],""all_points_y"":[1257,1284,1307]}","{""name"":""not_defined"",""type"":""unknown"",""image_quality"":{""good"":true,""frontal"":true,""good_illumination"":true}}"
9.png,66060342,"{""caption"":"""",""public_domain"":""no"",""image_url"":""""}",2245,2174,"{""name"":""polyline"",""all_points_x"":[4086,4093],""all_points_y"":[1279,1310]}","{""name"":""not_defined"",""type"":""unknown"",""image_quality"":{""good"":true,""frontal"":true,""good_illumination"":true}}"
9.png,66060342,"{""caption"":"""",""public_domain"":""no"",""image_url"":""""}",2245,2175,"{""name"":""polyline"",""all_points_x"":[4046,4055,4057,4079],""all_points_y"":[1183,1201,1209,1261]}","{""name"":""not_defined"",""type"":""unknown"",""image_quality"":{""good"":true,""frontal"":true,""good_illumination"":true}}"
9.png,66060342,"{""caption"":"""",""public_domain"":""no"",""image_url"":""""}",2245,2176,"{""name"":""polyline"",""all_points_x"":[3862,3883],""all_points_y"":[1237,1312]}","{""name"":""not_defined"",""type"":""unknown"",""image_quality"":{""good"":true,""frontal"":true,""good_illumination"":true}}"
9.png,66060342,"{""caption"":"""",""public_domain"":""no"",""image_url"":""""}",2245,2177,"{""name"":""polyline"",""all_points_x"":[4652,4653],""all_points_y"":[1071,1147]}","{""name"":""not_defined"",""type"":""unknown"",""image_quality"":{""good"":true,""frontal"":true,""good_illumination"":true}}"
9.png,66060342,"{""caption"":"""",""public_domain"":""no"",""image_url"":""""}",2245,2178,"{""name"":""polyline"",""all_points_x"":[3955,3973,3991],""all_points_y"":[960,984,1014]}","{""name"":""not_defined"",""type"":""unknown"",""image_quality"":{""good"":true,""frontal"":true,""good_illumination"":true}}"
9.png,66060342,"{""caption"":"""",""public_domain"":""no"",""image_url"":""""}",2245,2179,"{""name"":""polyline"",""all_points_x"":[3765,3787],""all_points_y"":[914,961]}","{""name"":""not_defined"",""type"":""unknown"",""image_quality"":{""good"":true,""frontal"":true,""good_illumination"":true}}"
9.png,66060342,"{""caption"":"""",""public_domain"":""no"",""image_url"":""""}",2245,2180,"{""name"":""polyline"",""all_points_x"":[3932,3885],""all_points_y"":[791,875]}","{""name"":""not_defined"",""type"":""unknown"",""image_quality"":{""good"":true,""frontal"":true,""good_illumination"":true}}"
9.png,66060342,"{""caption"":"""",""public_domain"":""no"",""image_url"":""""}",2245,2181,"{""name"":""polygon"",""all_points_x"":[4601,4608,4618,4654,4681,4715,4755,4781,4776,4741,4704,4670,4647,4609],""all_points_y"":[874,879,867,829,801,767,724,693,690,731,768,804,828,868]}","{""name"":""not_defined"",""type"":""unknown"",""image_quality"":{""good"":true,""frontal"":true,""good_illumination"":true}}"
9.png,66060342,"{""caption"":"""",""public_domain"":""no"",""image_url"":""""}",2245,2182,"{""name"":""polyline"",""all_points_x"":[4838,4787],""all_points_y"":[791,850]}","{""name"":""not_defined"",""type"":""unknown"",""image_quality"":{""good"":true,""frontal"":true,""good_illumination"":true}}"
9.png,66060342,"{""caption"":"""",""public_domain"":""no"",""image_url"":""""}",2245,2183,"{""name"":""polyline"",""all_points_x"":[4780,4812,4842],""all_points_y"":[829,858,881]}","{""name"":""not_defined"",""type"":""unknown"",""image_quality"":{""good"":true,""frontal"":true,""good_illumination"":true}}"
9.png,66060342,"{""caption"":"""",""public_domain"":""no"",""image_url"":""""}",2245,2184,"{""name"":""polyline"",""all_points_x"":[4251,4272,4301],""all_points_y"":[832,867,910]}","{""name"":""not_defined"",""type"":""unknown"",""image_quality"":{""good"":true,""frontal"":true,""good_illumination"":true}}"
9.png,66060342,"{""caption"":"""",""public_domain"":""no"",""image_url"":""""}",2245,2185,"{""name"":""polyline"",""all_points_x"":[3811,3836],""all_points_y"":[716,754]}","{""name"":""not_defined"",""type"":""unknown"",""image_quality"":{""good"":true,""frontal"":true,""good_illumination"":true}}"
9.png,66060342,"{""caption"":"""",""public_domain"":""no"",""image_url"":""""}",2245,2186,"{""name"":""polyline"",""all_points_x"":[3662,3706,3749],""all_points_y"":[144,144,144]}","{""name"":""not_defined"",""type"":""unknown"",""image_quality"":{""good"":true,""frontal"":true,""good_illumination"":true}}"
9.png,66060342,"{""caption"":"""",""public_domain"":""no"",""image_url"":""""}",2245,2187,"{""name"":""polyline"",""all_points_x"":[3852,3863,3879,3884],""all_points_y"":[194,235,288,318]}","{""name"":""not_defined"",""type"":""unknown"",""image_quality"":{""good"":true,""frontal"":true,""good_illumination"":true}}"
9.png,66060342,"{""caption"":"""",""public_domain"":""no"",""image_url"":""""}",2245,2188,"{""name"":""polyline"",""all_points_x"":[3903,3889],""all_points_y"":[345,386]}","{""name"":""not_defined"",""type"":""unknown"",""image_quality"":{""good"":true,""frontal"":true,""good_illumination"":true}}"
9.png,66060342,"{""caption"":"""",""public_domain"":""no"",""image_url"":""""}",2245,2189,"{""name"":""polyline"",""all_points_x"":[3877,3895],""all_points_y"":[344,397]}","{""name"":""not_defined"",""type"":""unknown"",""image_quality"":{""good"":true,""frontal"":true,""good_illumination"":true}}"
9.png,66060342,"{""caption"":"""",""public_domain"":""no"",""image_url"":""""}",2245,2190,"{""name"":""polyline"",""all_points_x"":[3886,3903],""all_points_y"":[312,396]}","{""name"":""not_defined"",""type"":""unknown"",""image_quality"":{""good"":true,""frontal"":true,""good_illumination"":true}}"
9.png,66060342,"{""caption"":"""",""public_domain"":""no"",""image_url"":""""}",2245,2191,"{""name"":""polyline"",""all_points_x"":[4274,4280],""all_points_y"":[509,591]}","{""name"":""not_defined"",""type"":""unknown"",""image_quality"":{""good"":true,""frontal"":true,""good_illumination"":true}}"
9.png,66060342,"{""caption"":"""",""public_domain"":""no"",""image_url"":""""}",2245,2192,"{""name"":""polyline"",""all_points_x"":[4267,4278],""all_points_y"":[516,600]}","{""name"":""not_defined"",""type"":""unknown"",""image_quality"":{""good"":true,""frontal"":true,""good_illumination"":true}}"
9.png,66060342,"{""caption"":"""",""public_domain"":""no"",""image_url"":""""}",2245,2193,"{""name"":""polyline"",""all_points_x"":[4031,4066],""all_points_y"":[792,853]}","{""name"":""not_defined"",""type"":""unknown"",""image_quality"":{""good"":true,""frontal"":true,""good_illumination"":true}}"
9.png,66060342,"{""caption"":"""",""public_domain"":""no"",""image_url"":""""}",2245,2194,"{""name"":""polyline"",""all_points_x"":[4026,4071],""all_points_y"":[794,844]}","{""name"":""not_defined"",""type"":""unknown"",""image_quality"":{""good"":true,""frontal"":true,""good_illumination"":true}}"
9.png,66060342,"{""caption"":"""",""public_domain"":""no"",""image_url"":""""}",2245,2195,"{""name"":""polyline"",""all_points_x"":[4863,4854,4839],""all_points_y"":[229,244,318]}","{""name"":""not_defined"",""type"":""unknown"",""image_quality"":{""good"":true,""frontal"":true,""good_illumination"":true}}"
9.png,66060342,"{""caption"":"""",""public_domain"":""no"",""image_url"":""""}",2245,2196,"{""name"":""polyline"",""all_points_x"":[5005,4953],""all_points_y"":[577,624]}","{""name"":""not_defined"",""type"":""unknown"",""image_quality"":{""good"":true,""frontal"":true,""good_illumination"":true}}"
9.png,66060342,"{""caption"":"""",""public_domain"":""no"",""image_url"":""""}",2245,2197,"{""name"":""polyline"",""all_points_x"":[4779,4798],""all_points_y"":[544,609]}","{""name"":""not_defined"",""type"":""unknown"",""image_quality"":{""good"":true,""frontal"":true,""good_illumination"":true}}"
9.png,66060342,"{""caption"":"""",""public_domain"":""no"",""image_url"":""""}",2245,2198,"{""name"":""polyline"",""all_points_x"":[5096,5068],""all_points_y"":[817,854]}","{""name"":""not_defined"",""type"":""unknown"",""image_quality"":{""good"":true,""frontal"":true,""good_illumination"":true}}"
9.png,66060342,"{""caption"":"""",""public_domain"":""no"",""image_url"":""""}",2245,2199,"{""name"":""polyline"",""all_points_x"":[4959,4997],""all_points_y"":[864,851]}","{""name"":""not_defined"",""type"":""unknown"",""image_quality"":{""good"":true,""frontal"":true,""good_illumination"":true}}"
9.png,66060342,"{""caption"":"""",""public_domain"":""no"",""image_url"":""""}",2245,2200,"{""name"":""polyline"",""all_points_x"":[5307,5270,5248,5190],""all_points_y"":[847,899,924,994]}","{""name"":""not_defined"",""type"":""unknown"",""image_quality"":{""good"":true,""frontal"":true,""good_illumination"":true}}"
9.png,66060342,"{""caption"":"""",""public_domain"":""no"",""image_url"":""""}",2245,2201,"{""name"":""polyline"",""all_points_x"":[4920,4896,4880],""all_points_y"":[766,806,839]}","{""name"":""not_defined"",""type"":""unknown"",""image_quality"":{""good"":true,""frontal"":true,""good_illumination"":true}}"
9.png,66060342,"{""caption"":"""",""public_domain"":""no"",""image_url"":""""}",2245,2202,"{""name"":""polyline"",""all_points_x"":[4918,4930,4944,4956],""all_points_y"":[916,946,978,1010]}","{""name"":""not_defined"",""type"":""unknown"",""image_quality"":{""good"":true,""frontal"":true,""good_illumination"":true}}"
9.png,66060342,"{""caption"":"""",""public_domain"":""no"",""image_url"":""""}",2245,2203,"{""name"":""polyline"",""all_points_x"":[4741,4696],""all_points_y"":[725,773]}","{""name"":""not_defined"",""type"":""unknown"",""image_quality"":{""good"":true,""frontal"":true,""good_illumination"":true}}"
9.png,66060342,"{""caption"":"""",""public_domain"":""no"",""image_url"":""""}",2245,2204,"{""name"":""polyline"",""all_points_x"":[4932,4960,4990],""all_points_y"":[1155,1134,1116]}","{""name"":""not_defined"",""type"":""unknown"",""image_quality"":{""good"":true,""frontal"":true,""good_illumination"":true}}"
9.png,66060342,"{""caption"":"""",""public_domain"":""no"",""image_url"":""""}",2245,2205,"{""name"":""polyline"",""all_points_x"":[5072,5076],""all_points_y"":[1167,1224]}","{""name"":""not_defined"",""type"":""unknown"",""image_quality"":{""good"":true,""frontal"":true,""good_illumination"":true}}"
9.png,66060342,"{""caption"":"""",""public_domain"":""no"",""image_url"":""""}",2245,2206,"{""name"":""polygon"",""all_points_x"":[4602,4611,4624,4635,4631,4622,4597],""all_points_y"":[1461,1474,1493,1508,1513,1499,1462]}","{""name"":""not_defined"",""type"":""unknown"",""image_quality"":{""good"":true,""frontal"":true,""good_illumination"":true}}"
9.png,66060342,"{""caption"":"""",""public_domain"":""no"",""image_url"":""""}",2245,2207,"{""name"":""polyline"",""all_points_x"":[4539,4571],""all_points_y"":[1812,1858]}","{""name"":""not_defined"",""type"":""unknown"",""image_quality"":{""good"":true,""frontal"":true,""good_illumination"":true}}"
9.png,66060342,"{""caption"":"""",""public_domain"":""no"",""image_url"":""""}",2245,2208,"{""name"":""polyline"",""all_points_x"":[4467,4465],""all_points_y"":[1606,1706]}","{""name"":""not_defined"",""type"":""unknown"",""image_quality"":{""good"":true,""frontal"":true,""good_illumination"":true}}"
9.png,66060342,"{""caption"":"""",""public_domain"":""no"",""image_url"":""""}",2245,2209,"{""name"":""polyline"",""all_points_x"":[5040,5013,4998,4994],""all_points_y"":[1468,1524,1546,1557]}","{""name"":""not_defined"",""type"":""unknown"",""image_quality"":{""good"":true,""frontal"":true,""good_illumination"":true}}"
9.png,66060342,"{""caption"":"""",""public_domain"":""no"",""image_url"":""""}",2245,2210,"{""name"":""polyline"",""all_points_x"":[4311,4299],""all_points_y"":[1419,1453]}","{""name"":""not_defined"",""type"":""unknown"",""image_quality"":{""good"":true,""frontal"":true,""good_illumination"":true}}"
9.png,66060342,"{""caption"":"""",""public_domain"":""no"",""image_url"":""""}",2245,2211,"{""name"":""polyline"",""all_points_x"":[4761,4769],""all_points_y"":[1745,1815]}","{""name"":""not_defined"",""type"":""unknown"",""image_quality"":{""good"":true,""frontal"":true,""good_illumination"":true}}"
9.png,66060342,"{""caption"":"""",""public_domain"":""no"",""image_url"":""""}",2245,2212,"{""name"":""polyline"",""all_points_x"":[4580,4582],""all_points_y"":[1651,1761]}","{""name"":""not_defined"",""type"":""unknown"",""image_quality"":{""good"":true,""frontal"":true,""good_illumination"":true}}"
9.png,66060342,"{""caption"":"""",""public_domain"":""no"",""image_url"":""""}",2245,2213,"{""name"":""polyline"",""all_points_x"":[4376,4412],""all_points_y"":[2788,2759]}","{""name"":""not_defined"",""type"":""unknown"",""image_quality"":{""good"":true,""frontal"":true,""good_illumination"":true}}"
9.png,66060342,"{""caption"":"""",""public_domain"":""no"",""image_url"":""""}",2245,2214,"{""name"":""polyline"",""all_points_x"":[4553,4525],""all_points_y"":[2449,2464]}","{""name"":""not_defined"",""type"":""unknown"",""image_quality"":{""good"":true,""frontal"":true,""good_illumination"":true}}"
9.png,66060342,"{""caption"":"""",""public_domain"":""no"",""image_url"":""""}",2245,2215,"{""name"":""polyline"",""all_points_x"":[4719,4786],""all_points_y"":[2536,2520]}","{""name"":""not_defined"",""type"":""unknown"",""image_quality"":{""good"":true,""frontal"":true,""good_illumination"":true}}"
9.png,66060342,"{""caption"":"""",""public_domain"":""no"",""image_url"":""""}",2245,2216,"{""name"":""polyline"",""all_points_x"":[4720,4772],""all_points_y"":[2502,2483]}","{""name"":""not_defined"",""type"":""unknown"",""image_quality"":{""good"":true,""frontal"":true,""good_illumination"":true}}"
9.png,66060342,"{""caption"":"""",""public_domain"":""no"",""image_url"":""""}",2245,2217,"{""name"":""polyline"",""all_points_x"":[4379,4362,4355],""all_points_y"":[2522,2548,2568]}","{""name"":""not_defined"",""type"":""unknown"",""image_quality"":{""good"":true,""frontal"":true,""good_illumination"":true}}"
9.png,66060342,"{""caption"":"""",""public_domain"":""no"",""image_url"":""""}",2245,2218,"{""name"":""polyline"",""all_points_x"":[4800,4804,4812,4819,4827],""all_points_y"":[1905,1937,1967,1997,2029]}","{""name"":""not_defined"",""type"":""unknown"",""image_quality"":{""good"":true,""frontal"":true,""good_illumination"":true}}"
9.png,66060342,"{""caption"":"""",""public_domain"":""no"",""image_url"":""""}",2245,2219,"{""name"":""polyline"",""all_points_x"":[4532,4529],""all_points_y"":[1619,1669]}","{""name"":""not_defined"",""type"":""unknown"",""image_quality"":{""good"":true,""frontal"":true,""good_illumination"":true}}"
9.png,66060342,"{""caption"":"""",""public_domain"":""no"",""image_url"":""""}",2245,2220,"{""name"":""polyline"",""all_points_x"":[4535,4545],""all_points_y"":[1628,1698]}","{""name"":""not_defined"",""type"":""unknown"",""image_quality"":{""good"":true,""frontal"":true,""good_illumination"":true}}"
9.png,66060342,"{""caption"":"""",""public_domain"":""no"",""image_url"":""""}",2245,2221,"{""name"":""polyline"",""all_points_x"":[4833,4818],""all_points_y"":[1218,1263]}","{""name"":""not_defined"",""type"":""unknown"",""image_quality"":{""good"":true,""frontal"":true,""good_illumination"":true}}"
9.png,66060342,"{""caption"":"""",""public_domain"":""no"",""image_url"":""""}",2245,2222,"{""name"":""polyline"",""all_points_x"":[4262,4283],""all_points_y"":[812,811]}","{""name"":""not_defined"",""type"":""unknown"",""image_quality"":{""good"":true,""frontal"":true,""good_illumination"":true}}"
9.png,66060342,"{""caption"":"""",""public_domain"":""no"",""image_url"":""""}",2245,2223,"{""name"":""polyline"",""all_points_x"":[4959,4933,4912],""all_points_y"":[831,859,873]}","{""name"":""not_defined"",""type"":""unknown"",""image_quality"":{""good"":true,""frontal"":true,""good_illumination"":true}}"
9.png,66060342,"{""caption"":"""",""public_domain"":""no"",""image_url"":""""}",2245,2224,"{""name"":""polyline"",""all_points_x"":[4807,4816],""all_points_y"":[569,618]}","{""name"":""not_defined"",""type"":""unknown"",""image_quality"":{""good"":true,""frontal"":true,""good_illumination"":true}}"
9.png,66060342,"{""caption"":"""",""public_domain"":""no"",""image_url"":""""}",2245,2225,"{""name"":""polyline"",""all_points_x"":[5304,5317],""all_points_y"":[514,570]}","{""name"":""not_defined"",""type"":""unknown"",""image_quality"":{""good"":true,""frontal"":true,""good_illumination"":true}}"
9.png,66060342,"{""caption"":"""",""public_domain"":""no"",""image_url"":""""}",2245,2226,"{""name"":""polyline"",""all_points_x"":[4849,4863],""all_points_y"":[195,268]}","{""name"":""not_defined"",""type"":""unknown"",""image_quality"":{""good"":true,""frontal"":true,""good_illumination"":true}}"
9.png,66060342,"{""caption"":"""",""public_domain"":""no"",""image_url"":""""}",2245,2227,"{""name"":""polyline"",""all_points_x"":[5285,5287,5281],""all_points_y"":[191,222,264]}","{""name"":""not_defined"",""type"":""unknown"",""image_quality"":{""good"":true,""frontal"":true,""good_illumination"":true}}"
9.png,66060342,"{""caption"":"""",""public_domain"":""no"",""image_url"":""""}",2245,2228,"{""name"":""polyline"",""all_points_x"":[5293,5293,5292],""all_points_y"":[179,214,231]}","{""name"":""not_defined"",""type"":""unknown"",""image_quality"":{""good"":true,""frontal"":true,""good_illumination"":true}}"
9.png,66060342,"{""caption"":"""",""public_domain"":""no"",""image_url"":""""}",2245,2229,"{""name"":""polyline"",""all_points_x"":[3192,3199],""all_points_y"":[173,249]}","{""name"":""not_defined"",""type"":""unknown"",""image_quality"":{""good"":true,""frontal"":true,""good_illumination"":true}}"
9.png,66060342,"{""caption"":"""",""public_domain"":""no"",""image_url"":""""}",2245,2230,"{""name"":""polyline"",""all_points_x"":[3013,3023],""all_points_y"":[1631,1663]}","{""name"":""not_defined"",""type"":""unknown"",""image_quality"":{""good"":true,""frontal"":true,""good_illumination"":true}}"
9.png,66060342,"{""caption"":"""",""public_domain"":""no"",""image_url"":""""}",2245,2231,"{""name"":""polyline"",""all_points_x"":[3005,3062],""all_points_y"":[1647,1697]}","{""name"":""not_defined"",""type"":""unknown"",""image_quality"":{""good"":true,""frontal"":true,""good_illumination"":true}}"
9.png,66060342,"{""caption"":"""",""public_domain"":""no"",""image_url"":""""}",2245,2232,"{""name"":""polyline"",""all_points_x"":[3240,3252],""all_points_y"":[1509,1582]}","{""name"":""not_defined"",""type"":""unknown"",""image_quality"":{""good"":true,""frontal"":true,""good_illumination"":true}}"
9.png,66060342,"{""caption"":"""",""public_domain"":""no"",""image_url"":""""}",2245,2233,"{""name"":""polyline"",""all_points_x"":[3253,3263],""all_points_y"":[1495,1563]}","{""name"":""not_defined"",""type"":""unknown"",""image_quality"":{""good"":true,""frontal"":true,""good_illumination"":true}}"
9.png,66060342,"{""caption"":"""",""public_domain"":""no"",""image_url"":""""}",2245,2234,"{""name"":""polyline"",""all_points_x"":[2773,2808],""all_points_y"":[1685,1745]}","{""name"":""not_defined"",""type"":""unknown"",""image_quality"":{""good"":true,""frontal"":true,""good_illumination"":true}}"
9.png,66060342,"{""caption"":"""",""public_domain"":""no"",""image_url"":""""}",2245,2235,"{""name"":""polyline"",""all_points_x"":[2873,2924],""all_points_y"":[1741,1820]}","{""name"":""not_defined"",""type"":""unknown"",""image_quality"":{""good"":true,""frontal"":true,""good_illumination"":true}}"
9.png,66060342,"{""caption"":"""",""public_domain"":""no"",""image_url"":""""}",2245,2236,"{""name"":""polyline"",""all_points_x"":[3649,3655,3655,3652],""all_points_y"":[1664,1690,1719,1737]}","{""name"":""not_defined"",""type"":""unknown"",""image_quality"":{""good"":true,""frontal"":true,""good_illumination"":true}}"
9.png,66060342,"{""caption"":"""",""public_domain"":""no"",""image_url"":""""}",2245,2237,"{""name"":""polyline"",""all_points_x"":[3412,3420],""all_points_y"":[3287,3342]}","{""name"":""not_defined"",""type"":""unknown"",""image_quality"":{""good"":true,""frontal"":true,""good_illumination"":true}}"
9.png,66060342,"{""caption"":"""",""public_domain"":""no"",""image_url"":""""}",2245,2238,"{""name"":""polyline"",""all_points_x"":[3501,3470],""all_points_y"":[3132,3182]}","{""name"":""not_defined"",""type"":""unknown"",""image_quality"":{""good"":true,""frontal"":true,""good_illumination"":true}}"
9.png,66060342,"{""caption"":"""",""public_domain"":""no"",""image_url"":""""}",2245,2239,"{""name"":""polyline"",""all_points_x"":[2172,2203,2250,2260],""all_points_y"":[2956,2958,2959,2962]}","{""name"":""not_defined"",""type"":""unknown"",""image_quality"":{""good"":true,""frontal"":true,""good_illumination"":true}}"
9.png,66060342,"{""caption"":"""",""public_domain"":""no"",""image_url"":""""}",2245,2240,"{""name"":""polyline"",""all_points_x"":[2249,2255,2265],""all_points_y"":[3000,3033,3073]}","{""name"":""not_defined"",""type"":""unknown"",""image_quality"":{""good"":true,""frontal"":true,""good_illumination"":true}}"
9.png,66060342,"{""caption"":"""",""public_domain"":""no"",""image_url"":""""}",2245,2241,"{""name"":""polyline"",""all_points_x"":[2398,2401],""all_points_y"":[2701,2737]}","{""name"":""not_defined"",""type"":""unknown"",""image_quality"":{""good"":true,""frontal"":true,""good_illumination"":true}}"
9.png,66060342,"{""caption"":"""",""public_domain"":""no"",""image_url"":""""}",2245,2242,"{""name"":""polyline"",""all_points_x"":[2030,2045],""all_points_y"":[2726,2778]}","{""name"":""not_defined"",""type"":""unknown"",""image_quality"":{""good"":true,""frontal"":true,""good_illumination"":true}}"
9.png,66060342,"{""caption"":"""",""public_domain"":""no"",""image_url"":""""}",2245,2243,"{""name"":""polyline"",""all_points_x"":[1143,1138],""all_points_y"":[3191,3250]}","{""name"":""not_defined"",""type"":""unknown"",""image_quality"":{""good"":true,""frontal"":true,""good_illumination"":true}}"
9.png,66060342,"{""caption"":"""",""public_domain"":""no"",""image_url"":""""}",2245,2244,"{""name"":""polyline"",""all_points_x"":[116,120],""all_points_y"":[3245,3271]}","{""name"":""not_defined"",""type"":""unknown"",""image_quality"":{""good"":true,""frontal"":true,""good_illumination"":true}}"
